symbol,entry_date,buy_price,net_pnl_pct,breakout_kind,retrace_state,last_event_kind,violations
688381.SH,20230913,27.878,-3.1863,BOS↓,no_retrace,BOS↓,NO_HIGH_BREAK;NO_RETRACE;NO_POI
301308.SZ,20231009,86.98,8.3273,BOS↑,retrace_fail,BOS↑,NO_RETRACE
000651.SZ,20231030,33.878,-3.6222,CHoCH↓,retrace_ok,CHoCH↓,NO_HIGH_BREAK;NO_POI
300138.SZ,20231103,13.83,0.7548,BOS↓,no_retrace,BOS↓,NO_HIGH_BREAK;NO_RETRACE;NO_POI
000651.SZ,20231109,33.67,-2.8346,CHoCH↓,retrace_ok,CHoCH↓,NO_HIGH_BREAK;NO_POI
300001.SZ,20231130,18.958,-3.3229,BOS↑,retrace_ok,BOS↑,CLEAN
000651.SZ,20231101,33.85,-3.4155,CHoCH↓,retrace_ok,CHoCH↓,NO_HIGH_BREAK;NO_POI
601975.SH,20231226,2.745,6.2067,BOS↓,retrace_fail,BOS↓,NO_HIGH_BREAK;NO_RETRACE;NO_POI
001323.SZ,20231228,29.72,-1.9246,BOS↓,retrace_ok,BOS↓,NO_HIGH_BREAK;NO_POI
600872.SH,20231229,26.306,-2.275,BOS↓,no_retrace,BOS↓,NO_HIGH_BREAK;NO_RETRACE;NO_POI
603688.SH,20231229,53.666,1.9342,CHoCH↑,no_retrace,CHoCH↑,NO_RETRACE;NO_POI
688420.SH,20231229,25.084,-2.5085,BOS↓,retrace_ok,BOS↓,NO_HIGH_BREAK;NO_POI
301115.SZ,20231218,17.919,-2.0989,CHoCH↓,retrace_ok,CHoCH↓,NO_HIGH_BREAK;NO_POI
603267.SH,20231228,47.1,-5.1197,CHoCH↓,retrace_ok,CHoCH↓,NO_HIGH_BREAK;NO_POI
603507.SH,20231229,14.461,-1.3586,CHoCH↓,retrace_ok,CHoCH↓,NO_HIGH_BREAK;NO_POI
605303.SH,20231212,11.89,0.5571,CHoCH↓,retrace_ok,CHoCH↓,NO_HIGH_BREAK;NO_POI
000651.SZ,20231215,33.25,-0.5799,CHoCH↑,retrace_ok,CHoCH↑,CLEAN
301115.SZ,20231220,17.87,-1.8339,BOS↓,no_retrace,BOS↓,NO_HIGH_BREAK;NO_RETRACE;NO_POI
300943.SZ,20231221,13.385,-3.032,CHoCH↓,retrace_ok,CHoCH↓,NO_HIGH_BREAK;NO_POI;NEW_LOW_ENTRY
600382.SH,20231227,4.43,5.9081,CHoCH↑,retrace_fail,CHoCH↑,NO_RETRACE;NO_POI;NEW_LOW_ENTRY
000950.SZ,20231229,4.95,-3.9641,BOS↓,retrace_ok,BOS↓,NO_HIGH_BREAK;NO_POI
300993.SZ,20231229,10.24,2.4363,BOS↓,retrace_fail,BOS↓,NO_HIGH_BREAK;NO_RETRACE;NO_POI
688013.SH,20231229,17.974,1.166,BOS↓,retrace_ok,BOS↓,NO_HIGH_BREAK;NO_POI
000526_SZ.SZ,20231208,0.0,12.2571,CHoCH↑,no_retrace,CHoCH↑,NO_RETRACE;NO_POI
600971_SH.SH,20231212,0.0,-4.3082,BOS↑,no_retrace,BOS↑,NO_RETRACE;NO_POI
300068.SZ,20231228,11.956,9.45,CHoCH↓,retrace_ok,CHoCH↓,NO_HIGH_BREAK;NO_POI
301367.SZ,20231229,60.031,-1.2232,BOS↑,retrace_fail,BOS↑,NO_RETRACE
000921.SZ,20240110,22.176,4.2581,BOS↓,retrace_fail,BOS↓,NO_HIGH_BREAK;NO_RETRACE;NO_POI
603515.SH,20240110,14.258,3.7931,CHoCH↑,retrace_fail,CHoCH↑,NO_RETRACE;NEW_LOW_ENTRY
002570.SZ,20240117,3.861,-4.2752,BOS↓,retrace_fail,BOS↓,NO_HIGH_BREAK;NO_RETRACE;NO_POI
301093.SZ,20240117,17.772,-7.6494,BOS↓,retrace_fail,BOS↓,NO_HIGH_BREAK;NO_RETRACE;NO_POI
301093.SZ,20240118,17.949,-8.6933,BOS↓,retrace_fail,BOS↓,NO_HIGH_BREAK;NO_RETRACE;NO_POI
301093.SZ,20240119,18.054,-9.3026,BOS↓,retrace_fail,BOS↓,NO_HIGH_BREAK;NO_RETRACE;NO_POI
000818.SZ,20240126,27.007,-2.9115,BOS↓,retrace_fail,BOS↓,NO_HIGH_BREAK;NO_RETRACE;NO_POI
600718.SH,20240126,8.108,-2.148,BOS↓,retrace_fail,BOS↓,NO_HIGH_BREAK;NO_RETRACE;NO_POI
000498.SZ,20240129,4.972,-0.6563,CHoCH↑,retrace_ok,CHoCH↑,CLEAN
300656.SZ,20240131,19.77,-7.8417,BOS↓,no_retrace,BOS↓,NO_HIGH_BREAK;NO_RETRACE;NO_POI;NEW_LOW_ENTRY
301152.SZ,20240131,27.849,-12.6218,CHoCH↓,no_retrace,CHoCH↓,NO_HIGH_BREAK;NO_RETRACE;NO_POI
000589.SZ,20240110,5.462,5.0452,BOS↓,retrace_ok,BOS↓,NO_HIGH_BREAK;NO_POI
002959.SZ,20240110,49.066,-1.442,CHoCH↑,retrace_ok,CHoCH↑,CLEAN
301267.SZ,20240116,30.348,-6.0638,BOS↓,retrace_ok,BOS↓,NO_HIGH_BREAK;NO_POI
603612.SH,20240116,13.772,-3.0797,BOS↓,retrace_ok,BOS↓,NO_HIGH_BREAK;NO_POI
002570.SZ,20240118,3.802,-2.8139,BOS↓,retrace_fail,BOS↓,NO_HIGH_BREAK;NO_RETRACE;NO_POI;NEW_LOW_ENTRY
603505.SH,20240125,17.66,-4.2218,CHoCH↓,retrace_fail,CHoCH↓,NO_HIGH_BREAK;NO_RETRACE;NO_POI
301093.SZ,20240126,16.941,-4.1244,BOS↓,retrace_fail,BOS↓,NO_HIGH_BREAK;NO_RETRACE;NO_POI
600718.SH,20240129,8.009,-13.0675,BOS↓,retrace_ok,BOS↓,NO_HIGH_BREAK;NO_POI
601969.SH,20240129,6.131,-9.8095,CHoCH↓,retrace_fail,CHoCH↓,NO_HIGH_BREAK;NO_RETRACE;NO_POI
603060.SH,20240129,7.739,-3.5138,BOS↓,retrace_fail,BOS↓,NO_HIGH_BREAK;NO_RETRACE;NO_POI
300200.SZ,20240131,6.009,-10.0206,BOS↓,no_retrace,BOS↓,NO_HIGH_BREAK;NO_RETRACE;NO_POI;NEW_LOW_ENTRY
301087.SZ,20240131,26.344,-6.5368,BOS↓,retrace_ok,BOS↓,NO_HIGH_BREAK;NO_POI;NEW_LOW_ENTRY
688018.SH,20240131,83.309,-5.3678,BOS↓,no_retrace,BOS↓,NO_HIGH_BREAK;NO_RETRACE;NO_POI;NEW_LOW_ENTRY
002624.SZ,20240102,11.045,-13.8728,CHoCH↓,no_retrace,CHoCH↓,NO_HIGH_BREAK;NO_RETRACE;NO_POI
603515.SH,20240102,14.822,-5.0602,CHoCH↑,no_retrace,CHoCH↑,NO_RETRACE
300993.SZ,20240103,10.44,0.0017,BOS↓,retrace_fail,BOS↓,NO_HIGH_BREAK;NO_RETRACE;NO_POI
688171.SH,20240105,15.657,-6.4065,BOS↓,retrace_ok,BOS↓,NO_HIGH_BREAK;NO_POI
002004.SZ,20240110,4.59,-2.3178,CHoCH↓,retrace_ok,CHoCH↓,NO_HIGH_BREAK;NO_POI
600219.SH,20240110,2.256,-11.9983,BOS↓,retrace_fail,BOS↓,NO_HIGH_BREAK;NO_RETRACE;NO_POI
688013.SH,20240110,18.002,-6.5313,BOS↓,retrace_ok,BOS↓,NO_HIGH_BREAK;NO_POI
002624.SZ,20240111,9.895,-3.8074,CHoCH↓,retrace_ok,CHoCH↓,NO_HIGH_BREAK;NO_POI
002930.SZ,20240111,18.351,-1.9575,BOS↓,retrace_fail,BOS↓,NO_HIGH_BREAK;NO_RETRACE;NO_POI
600351.SH,20240111,6.69,-1.2309,BOS↓,retrace_ok,BOS↓,NO_HIGH_BREAK;NO_POI;NEW_LOW_ENTRY
688093.SH,20240111,15.14,-2.3891,CHoCH↑,retrace_fail,CHoCH↑,NO_RETRACE
600703.SH,20240112,13.042,-1.6597,BOS↓,retrace_fail,BOS↓,NO_HIGH_BREAK;NO_RETRACE;NO_POI
688257.SH,20240112,8.433,-4.8923,BOS↓,retrace_fail,BOS↓,NO_HIGH_BREAK;NO_RETRACE;NO_POI
600487.SH,20240117,10.443,-4.2931,BOS↓,retrace_fail,BOS↓,NO_HIGH_BREAK;NO_RETRACE;NO_POI
603822.SH,20240117,26.312,-2.1077,CHoCH↑,retrace_fail,CHoCH↑,NO_RETRACE
603882.SH,20240126,53.539,12.6687,CHoCH↑,no_retrace,CHoCH↑,NO_RETRACE
002859.SZ,20240129,20.876,-3.7899,BOS↓,retrace_fail,BOS↓,NO_HIGH_BREAK;NO_RETRACE;NO_POI
300148.SZ,20240129,3.435,-5.783,BOS↓,retrace_ok,BOS↓,NO_HIGH_BREAK;NO_POI
603727.SH,20240129,11.549,-3.8327,CHoCH↓,retrace_fail,CHoCH↓,NO_HIGH_BREAK;NO_RETRACE;NO_POI
301265.SZ,20240130,9.229,-6.9422,BOS↓,retrace_ok,BOS↓,NO_HIGH_BREAK;NO_POI
001256.SZ,20240131,15.484,-6.6015,CHoCH↓,no_retrace,CHoCH↓,NO_HIGH_BREAK;NO_RETRACE;NO_POI
002148.SZ,20240131,5.049,-6.3099,BOS↓,retrace_ok,BOS↓,NO_HIGH_BREAK;NO_POI;NEW_LOW_ENTRY
600572.SH,20240131,4.038,-8.8383,BOS↓,retrace_ok,BOS↓,NO_HIGH_BREAK;NO_POI
300515.SZ,20240102,10.766,-0.5667,BOS↓,retrace_fail,BOS↓,NO_HIGH_BREAK;NO_RETRACE;NO_POI
688093.SH,20240102,16.7,-8.0492,CHoCH↑,no_retrace,CHoCH↑,NO_RETRACE
300097.SZ,20240104,8.861,-8.4106,CHoCH↓,no_retrace,CHoCH↓,NO_HIGH_BREAK;NO_RETRACE;NO_POI
603156.SH,20240104,16.535,7.0665,BOS↓,no_retrace,BOS↓,NO_HIGH_BREAK;NO_RETRACE;NO_POI
688093.SH,20240104,16.345,-9.5995,CHoCH↑,retrace_fail,CHoCH↑,NO_RETRACE
002385.SZ,20240105,5.655,-2.2659,BOS↓,retrace_ok,BOS↓,NO_HIGH_BREAK;NO_POI;NEW_LOW_ENTRY
600433.SH,20240105,3.406,-6.5504,BOS↓,retrace_fail,BOS↓,NO_HIGH_BREAK;NO_RETRACE;NO_POI
603156.SH,20240108,16.386,0.9989,BOS↓,no_retrace,BOS↓,NO_HIGH_BREAK;NO_RETRACE;NO_POI
603258.SH,20240108,22.26,-12.006,CHoCH↓,no_retrace,CHoCH↓,NO_HIGH_BREAK;NO_RETRACE;NO_POI
603888.SH,20240108,16.236,-4.4324,CHoCH↓,retrace_ok,CHoCH↓,NO_HIGH_BREAK;NO_POI
300943.SZ,20240110,13.375,0.5966,CHoCH↑,retrace_fail,CHoCH↑,NO_RETRACE
301201.SZ,20240110,23.406,-0.4318,BOS↓,retrace_ok,BOS↓,NO_HIGH_BREAK;NO_POI;NEW_LOW_ENTRY
000498.SZ,20240115,4.843,-1.1433,BOS↓,retrace_ok,BOS↓,NO_HIGH_BREAK;NO_POI
300699.SZ,20240115,24.415,-15.5158,CHoCH↓,retrace_fail,CHoCH↓,NO_HIGH_BREAK;NO_RETRACE;NO_POI
688326.SH,20240115,90.239,-1.9777,BOS↓,no_retrace,BOS↓,NO_HIGH_BREAK;NO_RETRACE;NO_POI;NEW_LOW_ENTRY
688819.SH,20240117,25.712,-6.869,CHoCH↓,retrace_fail,CHoCH↓,NO_HIGH_BREAK;NO_RETRACE;NO_POI
002555.SZ,20240119,15.707,-8.5328,CHoCH↓,no_retrace,CHoCH↓,NO_HIGH_BREAK;NO_RETRACE;NO_POI
600487.SH,20240122,10.334,-4.3172,BOS↓,retrace_ok,BOS↓,NO_HIGH_BREAK;NO_POI;NEW_LOW_ENTRY
000661.SZ,20240124,113.394,-2.0054,BOS↓,retrace_ok,BOS↓,NO_HIGH_BREAK;NO_POI;NEW_LOW_ENTRY
300126.SZ,20240130,6.019,-8.2385,CHoCH↓,no_retrace,CHoCH↓,NO_HIGH_BREAK;NO_RETRACE;NO_POI
002166.SZ,20240131,6.465,-4.6405,BOS↓,retrace_ok,BOS↓,NO_HIGH_BREAK;NO_POI;NEW_LOW_ENTRY
300888.SZ,20240131,31.956,-10.8532,CHoCH↓,retrace_ok,CHoCH↓,NO_HIGH_BREAK;NO_POI;NEW_LOW_ENTRY
601600.SH,20240131,5.623,-0.5276,CHoCH↑,retrace_ok,CHoCH↑,CLEAN
688508.SH,20240131,34.651,-4.3168,BOS↓,no_retrace,BOS↓,NO_HIGH_BREAK;NO_RETRACE;NO_POI;NEW_LOW_ENTRY
603977_SH.SH,20240109,0.0,-14.6161,BOS↑,retrace_ok,BOS↑,NO_POI
002004.SZ,20240104,4.73,-5.1924,CHoCH↓,retrace_fail,CHoCH↓,NO_HIGH_BREAK;NO_RETRACE;NO_POI
000534.SZ,20240105,12.435,-8.128,CHoCH↑,retrace_fail,CHoCH↑,NO_RETRACE
688420.SH,20240105,25.397,-8.8198,BOS↓,retrace_fail,BOS↓,NO_HIGH_BREAK;NO_RETRACE;NO_POI
688093.SH,20240109,15.48,-4.5996,CHoCH↑,retrace_fail,CHoCH↑,NO_RETRACE
002555.SZ,20240117,15.213,-5.8955,CHoCH↓,no_retrace,CHoCH↓,NO_HIGH_BREAK;NO_RETRACE;NO_POI
603727.SH,20240131,10.965,-10.6743,CHoCH↓,retrace_ok,CHoCH↓,NO_HIGH_BREAK;NO_POI
002640.SZ,20240102,3.703,-2.3567,CHoCH↓,retrace_ok,CHoCH↓,NO_HIGH_BREAK;NO_POI
600623.SH,20240110,5.9,-0.8113,CHoCH↓,retrace_fail,CHoCH↓,NO_HIGH_BREAK;NO_RETRACE;NO_POI
600803.SH,20240110,14.085,2.4344,CHoCH↑,retrace_ok,CHoCH↑,NO_POI
688349.SH,20240206,18.172,0.5238,BOS↓,retrace_ok,BOS↓,NO_HIGH_BREAK;NO_POI
002093.SZ,20240219,6.49,12.5788,BOS↓,no_retrace,BOS↓,NO_HIGH_BREAK;NO_RETRACE;NO_POI
300685.SZ,20240219,18.598,5.3305,CHoCH↑,retrace_ok,CHoCH↑,CLEAN
688068.SH,20240219,31.165,2.7463,BOS↓,no_retrace,BOS↓,NO_HIGH_BREAK;NO_RETRACE;NO_POI
688237.SH,20240223,21.536,4.4082,BOS↓,no_retrace,BOS↓,NO_HIGH_BREAK;NO_RETRACE;NO_POI
301353.SZ,20240227,14.879,-2.5242,BOS↓,retrace_fail,BOS↓,NO_HIGH_BREAK;NO_RETRACE;NO_POI
301225.SZ,20240228,20.454,-0.4749,CHoCH↑,no_retrace,CHoCH↑,NO_RETRACE
300835.SZ,20240201,21.894,-3.4389,CHoCH↓,retrace_ok,CHoCH↓,NO_HIGH_BREAK;NO_POI;NEW_LOW_ENTRY
002266.SZ,20240207,3.21,7.4661,BOS↓,retrace_fail,BOS↓,NO_HIGH_BREAK;NO_RETRACE;NO_POI
300054.SZ,20240207,18.52,9.4239,BOS↓,retrace_fail,BOS↓,NO_HIGH_BREAK;NO_RETRACE;NO_POI
300171.SZ,20240207,13.907,10.3431,BOS↓,retrace_ok,BOS↓,NO_HIGH_BREAK;NO_POI
300285.SZ,20240207,18.453,1.6283,BOS↓,retrace_fail,BOS↓,NO_HIGH_BREAK;NO_RETRACE;NO_POI
002008.SZ,20240208,18.09,0.174,BOS↓,retrace_fail,BOS↓,NO_HIGH_BREAK;NO_RETRACE;NO_POI
300910.SZ,20240208,30.637,-1.6818,BOS↓,retrace_fail,BOS↓,NO_HIGH_BREAK;NO_RETRACE;NO_POI
600109.SH,20240208,8.561,0.1131,CHoCH↑,no_retrace,CHoCH↑,NO_RETRACE
688596.SH,20240208,31.448,13.8809,BOS↓,retrace_fail,BOS↓,NO_HIGH_BREAK;NO_RETRACE;NO_POI
688646.SH,20240219,28.112,5.7879,BOS↓,retrace_fail,BOS↓,NO_HIGH_BREAK;NO_RETRACE;NO_POI
300143.SZ,20240220,6.265,0.2419,BOS↓,retrace_ok,BOS↓,NO_HIGH_BREAK;NO_POI
001228.SZ,20240221,22.196,9.0165,BOS↓,no_retrace,BOS↓,NO_HIGH_BREAK;NO_RETRACE;NO_POI
002885.SZ,20240221,12.176,10.2801,BOS↓,no_retrace,BOS↓,NO_HIGH_BREAK;NO_RETRACE;NO_POI
301085.SZ,20240221,41.75,19.1961,BOS↓,no_retrace,BOS↓,NO_HIGH_BREAK;NO_RETRACE;NO_POI
002093.SZ,20240222,6.67,9.5353,BOS↓,retrace_fail,BOS↓,NO_HIGH_BREAK;NO_RETRACE;NO_POI
603626.SH,20240222,5.287,11.3687,BOS↓,retrace_ok,BOS↓,NO_HIGH_BREAK;NO_POI
002312.SZ,20240223,6.93,-1.1487,CHoCH↑,retrace_ok,CHoCH↑,CLEAN
003004.SZ,20240223,19.119,20.2876,BOS↓,no_retrace,BOS↓,NO_HIGH_BREAK;NO_RETRACE;NO_POI
603111.SH,20240223,4.54,12.6103,BOS↓,retrace_fail,BOS↓,NO_HIGH_BREAK;NO_RETRACE;NO_POI
301366.SZ,20240226,16.773,11.349,BOS↓,retrace_ok,BOS↓,NO_HIGH_BREAK;NO_POI
002520.SZ,20240228,5.722,-6.5425,CHoCH↑,no_retrace,CHoCH↑,NO_RETRACE
300100.SZ,20240228,8.771,-0.2339,CHoCH↑,no_retrace,CHoCH↑,NO_RETRACE
301072.SZ,20240228,21.216,13.2575,BOS↓,retrace_fail,BOS↓,NO_HIGH_BREAK;NO_RETRACE;NO_POI
002098.SZ,20240229,4.999,9.9904,BOS↓,no_retrace,BOS↓,NO_HIGH_BREAK;NO_RETRACE;NO_POI
300597.SZ,20240229,6.782,11.2254,BOS↓,retrace_ok,BOS↓,NO_HIGH_BREAK;NO_POI
301248.SZ,20240229,12.089,18.5393,BOS↓,retrace_ok,BOS↓,NO_HIGH_BREAK;NO_POI
688244.SH,20240229,20.119,5.8818,CHoCH↑,retrace_fail,CHoCH↑,NO_RETRACE
002180.SZ,20240202,18.8,-4.6244,BOS↓,retrace_fail,BOS↓,NO_HIGH_BREAK;NO_RETRACE;NO_POI
300702.SZ,20240202,16.177,-4.5123,BOS↓,retrace_ok,BOS↓,NO_HIGH_BREAK;NO_POI;NEW_LOW_ENTRY
603990.SH,20240202,11.177,-19.5712,CHoCH↑,no_retrace,CHoCH↑,NO_RETRACE
688069.SH,20240202,11.798,-12.4038,CHoCH↓,retrace_ok,CHoCH↓,NO_HIGH_BREAK;NO_POI
688606.SH,20240202,58.004,-9.5947,BOS↓,retrace_ok,BOS↓,NO_HIGH_BREAK;NO_POI;NEW_LOW_ENTRY
000036.SZ,20240205,3.138,-11.794,CHoCH↓,no_retrace,CHoCH↓,NO_HIGH_BREAK;NO_RETRACE;NO_POI;NEW_LOW_ENTRY
300128.SZ,20240205,3.673,-13.5212,BOS↓,retrace_fail,BOS↓,NO_HIGH_BREAK;NO_RETRACE;NO_POI;NEW_LOW_ENTRY
000869.SZ,20240207,21.27,9.3268,BOS↓,retrace_ok,BOS↓,NO_HIGH_BREAK;NO_POI
002008.SZ,20240207,17.49,8.8099,BOS↓,no_retrace,BOS↓,NO_HIGH_BREAK;NO_RETRACE;NO_POI
002532.SZ,20240207,4.3,10.4622,BOS↓,retrace_fail,BOS↓,NO_HIGH_BREAK;NO_RETRACE;NO_POI
002635.SZ,20240207,11.504,11.1055,BOS↓,retrace_fail,BOS↓,NO_HIGH_BREAK;NO_RETRACE;NO_POI
300128.SZ,20240207,3.584,20.3522,BOS↓,retrace_fail,BOS↓,NO_HIGH_BREAK;NO_RETRACE;NO_POI
300997.SZ,20240207,10.502,21.5435,CHoCH↑,retrace_fail,CHoCH↑,NO_RETRACE
301071.SZ,20240207,24.897,9.6276,BOS↓,retrace_fail,BOS↓,NO_HIGH_BREAK;NO_RETRACE;NO_POI
600497.SH,20240207,4.341,6.4053,BOS↓,retrace_ok,BOS↓,NO_HIGH_BREAK;NO_POI
600884.SH,20240207,10.712,4.7077,BOS↓,retrace_fail,BOS↓,NO_HIGH_BREAK;NO_RETRACE;NO_POI
601969.SH,20240207,4.993,21.2073,BOS↓,no_retrace,BOS↓,NO_HIGH_BREAK;NO_RETRACE;NO_POI
688739.SH,20240207,26.509,3.5306,BOS↓,retrace_fail,BOS↓,NO_HIGH_BREAK;NO_RETRACE;NO_POI
300054.SZ,20240208,19.54,8.1808,CHoCH↑,no_retrace,CHoCH↑,NO_RETRACE
300285.SZ,20240208,19.595,-2.7736,CHoCH↑,no_retrace,CHoCH↑,NO_RETRACE
300463.SZ,20240208,11.843,6.9316,BOS↓,no_retrace,BOS↓,NO_HIGH_BREAK;NO_RETRACE;NO_POI
300997.SZ,20240208,11.008,15.9465,CHoCH↑,retrace_fail,CHoCH↑,NO_RETRACE
600120.SH,20240208,3.365,2.8623,CHoCH↓,retrace_fail,CHoCH↓,NO_HIGH_BREAK;NO_RETRACE;NO_POI
002635.SZ,20240219,12.038,10.3078,BOS↓,retrace_fail,BOS↓,NO_HIGH_BREAK;NO_RETRACE;NO_POI
300171.SZ,20240219,14.926,-0.5752,BOS↓,retrace_fail,BOS↓,NO_HIGH_BREAK;NO_RETRACE;NO_POI
300997.SZ,20240219,11.383,11.7517,CHoCH↑,retrace_fail,CHoCH↑,NO_RETRACE;NO_POI
600210.SH,20240219,3.75,0.0792,BOS↓,retrace_fail,BOS↓,NO_HIGH_BREAK;NO_RETRACE;NO_POI
603039.SH,20240219,31.869,2.6034,BOS↓,retrace_fail,BOS↓,NO_HIGH_BREAK;NO_RETRACE;NO_POI
688088.SH,20240219,27.934,-2.9683,BOS↓,no_retrace,BOS↓,NO_HIGH_BREAK;NO_RETRACE;NO_POI
688298.SH,20240219,32.848,-3.466,BOS↓,retrace_fail,BOS↓,NO_HIGH_BREAK;NO_RETRACE;NO_POI
600075.SH,20240220,3.792,2.7139,BOS↓,retrace_fail,BOS↓,NO_HIGH_BREAK;NO_RETRACE;NO_POI
301150.SZ,20240221,11.489,3.7442,CHoCH↑,no_retrace,CHoCH↑,NO_RETRACE;NO_POI
603096.SH,20240221,13.638,9.17,BOS↓,retrace_ok,BOS↓,NO_HIGH_BREAK;NO_POI
688232.SH,20240221,24.159,2.4755,BOS↓,retrace_fail,BOS↓,NO_HIGH_BREAK;NO_RETRACE;NO_POI
300903.SZ,20240222,5.93,31.2737,BOS↓,no_retrace,BOS↓,NO_HIGH_BREAK;NO_RETRACE;NO_POI
301225.SZ,20240222,17.634,15.6263,BOS↓,retrace_ok,BOS↓,NO_HIGH_BREAK;NO_POI
301270.SZ,20240222,28.756,6.0919,BOS↓,retrace_ok,BOS↓,NO_HIGH_BREAK;NO_POI
600645.SH,20240222,16.078,0.9807,BOS↓,retrace_ok,BOS↓,NO_HIGH_BREAK;NO_POI
603596.SH,20240222,26.814,0.7211,CHoCH↑,retrace_fail,CHoCH↑,NO_RETRACE
688593.SH,20240222,9.696,5.9818,BOS↓,no_retrace,BOS↓,NO_HIGH_BREAK;NO_RETRACE;NO_POI
001299.SZ,20240223,11.0,9.9431,BOS↓,no_retrace,BOS↓,NO_HIGH_BREAK;NO_RETRACE;NO_POI
002796.SZ,20240223,7.99,24.4566,BOS↓,no_retrace,BOS↓,NO_HIGH_BREAK;NO_RETRACE;NO_POI
300135.SZ,20240223,2.317,5.7779,BOS↓,retrace_ok,BOS↓,NO_HIGH_BREAK;NO_POI
300915.SZ,20240223,18.243,-1.0384,BOS↓,retrace_ok,BOS↓,NO_HIGH_BREAK;NO_POI
301322.SZ,20240223,23.164,1.6251,BOS↓,retrace_fail,BOS↓,NO_HIGH_BREAK;NO_RETRACE;NO_POI
603119.SH,20240223,12.631,10.9629,BOS↓,retrace_fail,BOS↓,NO_HIGH_BREAK;NO_RETRACE;NO_POI
688195.SH,20240223,16.941,9.4854,BOS↓,retrace_ok,BOS↓,NO_HIGH_BREAK;NO_POI
300597.SZ,20240226,7.249,2.8111,BOS↓,no_retrace,BOS↓,NO_HIGH_BREAK;NO_RETRACE;NO_POI
300786.SZ,20240226,12.038,7.3233,BOS↓,retrace_ok,BOS↓,NO_HIGH_BREAK;NO_POI
300801.SZ,20240226,13.115,2.431,BOS↓,retrace_fail,BOS↓,NO_HIGH_BREAK;NO_RETRACE;NO_POI
300828.SZ,20240226,10.714,11.337,BOS↓,no_retrace,BOS↓,NO_HIGH_BREAK;NO_RETRACE;NO_POI
301116.SZ,20240226,9.521,3.793,BOS↓,no_retrace,BOS↓,NO_HIGH_BREAK;NO_RETRACE;NO_POI
301225.SZ,20240226,18.272,2.5283,BOS↓,retrace_ok,BOS↓,NO_HIGH_BREAK;NO_POI
603028.SH,20240226,8.366,5.5648,BOS↓,retrace_ok,BOS↓,NO_HIGH_BREAK;NO_POI
603629.SH,20240226,15.961,10.9389,BOS↓,retrace_ok,BOS↓,NO_HIGH_BREAK;NO_POI
002796.SZ,20240227,8.81,6.9634,BOS↓,no_retrace,BOS↓,NO_HIGH_BREAK;NO_RETRACE;NO_POI
301085.SZ,20240227,48.532,-3.4325,BOS↓,retrace_fail,BOS↓,NO_HIGH_BREAK;NO_RETRACE;NO_POI
301125.SZ,20240227,7.034,17.01,BOS↓,retrace_ok,BOS↓,NO_HIGH_BREAK;NO_POI
301158.SZ,20240227,9.19,3.2037,BOS↓,no_retrace,BOS↓,NO_HIGH_BREAK;NO_RETRACE;NO_POI
688455.SH,20240227,10.019,-2.5793,BOS↓,retrace_ok,BOS↓,NO_HIGH_BREAK;NO_POI
301282.SZ,20240228,13.226,-5.7677,BOS↓,retrace_fail,BOS↓,NO_HIGH_BREAK;NO_RETRACE;NO_POI
600580.SH,20240228,8.697,-0.3441,CHoCH↑,no_retrace,CHoCH↑,NO_RETRACE
688618.SH,20240228,30.275,-7.346,BOS↓,retrace_fail,BOS↓,NO_HIGH_BREAK;NO_RETRACE;NO_POI
002436.SZ,20240229,12.177,8.9926,CHoCH↑,retrace_ok,CHoCH↑,CLEAN
300095.SZ,20240229,6.137,8.5767,BOS↓,retrace_ok,BOS↓,NO_HIGH_BREAK;NO_POI
300405.SZ,20240229,5.277,0.7974,CHoCH↓,no_retrace,CHoCH↓,NO_HIGH_BREAK;NO_RETRACE;NO_POI
300981.SZ,20240229,8.885,7.3386,CHoCH↑,retrace_fail,CHoCH↑,NO_RETRACE
300985.SZ,20240229,19.152,12.0101,BOS↓,retrace_ok,BOS↓,NO_HIGH_BREAK;NO_POI
301300.SZ,20240229,18.084,22.0613,BOS↓,retrace_ok,BOS↓,NO_HIGH_BREAK;NO_POI
688143.SH,20240229,23.968,1.589,BOS↓,retrace_fail,BOS↓,NO_HIGH_BREAK;NO_RETRACE;NO_POI
688320.SH,20240229,29.69,15.3648,BOS↓,retrace_fail,BOS↓,NO_HIGH_BREAK;NO_RETRACE;NO_POI
688383.SH,20240229,66.283,9.5067,BOS↓,retrace_fail,BOS↓,NO_HIGH_BREAK;NO_RETRACE;NO_POI
688432.SH,20240229,9.475,8.6059,BOS↓,retrace_ok,BOS↓,NO_HIGH_BREAK;NO_POI
688543.SH,20240229,24.141,8.3346,BOS↓,retrace_fail,BOS↓,NO_HIGH_BREAK;NO_RETRACE;NO_POI
002373.SZ,20240201,8.611,-2.5872,BOS↓,no_retrace,BOS↓,NO_HIGH_BREAK;NO_RETRACE;NO_POI;NEW_LOW_ENTRY
300702.SZ,20240201,16.226,-1.551,BOS↓,no_retrace,BOS↓,NO_HIGH_BREAK;NO_RETRACE;NO_POI;NEW_LOW_ENTRY
600572.SH,20240201,3.938,-6.5235,BOS↓,retrace_ok,BOS↓,NO_HIGH_BREAK;NO_POI
300997.SZ,20240202,11.298,-7.4224,BOS↓,retrace_fail,BOS↓,NO_HIGH_BREAK;NO_RETRACE;NO_POI
600989.SH,20240202,11.86,-1.4112,BOS↓,retrace_ok,BOS↓,NO_HIGH_BREAK;NO_POI;NEW_LOW_ENTRY
688383.SH,20240202,67.897,-10.6011,BOS↓,no_retrace,BOS↓,NO_HIGH_BREAK;NO_RETRACE;NO_POI;NEW_LOW_ENTRY
000878.SZ,20240207,10.33,6.3051,CHoCH↓,retrace_fail,CHoCH↓,NO_HIGH_BREAK;NO_RETRACE;NO_POI
002506.SZ,20240207,2.34,13.4187,BOS↓,no_retrace,BOS↓,NO_HIGH_BREAK;NO_RETRACE;NO_POI
688333.SH,20240207,50.546,16.243,BOS↓,retrace_ok,BOS↓,NO_HIGH_BREAK;NO_POI
002274.SZ,20240208,7.01,10.6907,BOS↓,retrace_fail,BOS↓,NO_HIGH_BREAK;NO_RETRACE;NO_POI
002402.SZ,20240208,10.942,10.7276,BOS↓,no_retrace,BOS↓,NO_HIGH_BREAK;NO_RETRACE;NO_POI
002683.SZ,20240208,15.834,0.4322,BOS↓,retrace_fail,BOS↓,NO_HIGH_BREAK;NO_RETRACE;NO_POI
002895.SZ,20240208,12.141,10.8289,BOS↓,retrace_fail,BOS↓,NO_HIGH_BREAK;NO_RETRACE;NO_POI
002925.SZ,20240208,14.228,9.5865,BOS↓,retrace_fail,BOS↓,NO_HIGH_BREAK;NO_RETRACE;NO_POI
300138.SZ,20240208,11.108,4.4358,BOS↓,retrace_fail,BOS↓,NO_HIGH_BREAK;NO_RETRACE;NO_POI
300233.SZ,20240208,12.47,17.7355,BOS↓,retrace_fail,BOS↓,NO_HIGH_BREAK;NO_RETRACE;NO_POI
600536.SH,20240208,27.07,22.2589,BOS↓,retrace_fail,BOS↓,NO_HIGH_BREAK;NO_RETRACE;NO_POI
000818.SZ,20240219,28.2,0.715,BOS↓,retrace_fail,BOS↓,NO_HIGH_BREAK;NO_RETRACE;NO_POI
300128.SZ,20240219,4.109,0.7783,CHoCH↑,retrace_ok,CHoCH↑,NO_POI
300664.SZ,20240219,4.326,-2.852,BOS↓,retrace_ok,BOS↓,NO_HIGH_BREAK;NO_POI
603416.SH,20240219,23.875,-1.0686,BOS↓,retrace_ok,BOS↓,NO_HIGH_BREAK;NO_POI
605183.SH,20240219,11.307,6.4054,BOS↓,retrace_ok,BOS↓,NO_HIGH_BREAK;NO_POI
300035.SZ,20240220,7.7,7.5293,BOS↓,retrace_fail,BOS↓,NO_HIGH_BREAK;NO_RETRACE;NO_POI
300395.SZ,20240220,27.701,7.8138,BOS↓,retrace_fail,BOS↓,NO_HIGH_BREAK;NO_RETRACE;NO_POI
301370.SZ,20240220,12.459,6.2487,BOS↓,no_retrace,BOS↓,NO_HIGH_BREAK;NO_RETRACE;NO_POI
603067.SH,20240220,5.64,2.7161,BOS↓,retrace_fail,BOS↓,NO_HIGH_BREAK;NO_RETRACE;NO_POI
688166.SH,20240220,25.683,15.569,BOS↓,retrace_fail,BOS↓,NO_HIGH_BREAK;NO_RETRACE;NO_POI
002402.SZ,20240221,11.248,4.3347,BOS↓,retrace_fail,BOS↓,NO_HIGH_BREAK;NO_RETRACE;NO_POI
002457.SZ,20240221,7.361,0.3094,BOS↓,retrace_fail,BOS↓,NO_HIGH_BREAK;NO_RETRACE;NO_POI
002820.SZ,20240221,7.37,8.869,BOS↓,no_retrace,BOS↓,NO_HIGH_BREAK;NO_RETRACE;NO_POI
300054.SZ,20240221,19.325,3.8618,CHoCH↑,retrace_ok,CHoCH↑,CLEAN
300656.SZ,20240221,19.364,1.7421,BOS↓,retrace_fail,BOS↓,NO_HIGH_BREAK;NO_RETRACE;NO_POI
301063.SZ,20240221,13.542,20.6775,BOS↓,retrace_ok,BOS↓,NO_HIGH_BREAK;NO_POI
301206.SZ,20240221,21.633,-2.8978,BOS↓,retrace_ok,BOS↓,NO_HIGH_BREAK;NO_POI
301317.SZ,20240221,12.578,24.6896,BOS↓,no_retrace,BOS↓,NO_HIGH_BREAK;NO_RETRACE;NO_POI
301335.SZ,20240221,15.135,10.3673,BOS↓,no_retrace,BOS↓,NO_HIGH_BREAK;NO_RETRACE;NO_POI
600212.SH,20240221,5.653,13.5845,CHoCH↓,retrace_ok,CHoCH↓,NO_HIGH_BREAK;NO_POI
603111.SH,20240221,4.015,27.3513,BOS↓,retrace_ok,BOS↓,NO_HIGH_BREAK;NO_POI
603166.SH,20240221,4.495,9.046,BOS↓,no_retrace,BOS↓,NO_HIGH_BREAK;NO_RETRACE;NO_POI
603324.SH,20240221,18.795,4.288,CHoCH↓,no_retrace,CHoCH↓,NO_HIGH_BREAK;NO_RETRACE;NO_POI
688237.SH,20240221,20.378,7.8564,BOS↓,no_retrace,BOS↓,NO_HIGH_BREAK;NO_RETRACE;NO_POI
688255.SH,20240221,15.499,21.0842,BOS↓,no_retrace,BOS↓,NO_HIGH_BREAK;NO_RETRACE;NO_POI
688291.SH,20240221,17.451,16.0495,BOS↓,retrace_ok,BOS↓,NO_HIGH_BREAK;NO_POI
688435.SH,20240221,32.175,23.8779,BOS↓,no_retrace,BOS↓,NO_HIGH_BREAK;NO_RETRACE;NO_POI
688478.SH,20240221,32.04,3.91,CHoCH↓,retrace_ok,CHoCH↓,NO_HIGH_BREAK;NO_POI
688498.SH,20240221,87.721,20.8127,BOS↓,retrace_ok,BOS↓,NO_HIGH_BREAK;NO_POI
001205.SZ,20240222,13.61,6.9331,BOS↓,retrace_ok,BOS↓,NO_HIGH_BREAK;NO_POI
003019.SZ,20240222,16.53,5.7335,BOS↓,retrace_fail,BOS↓,NO_HIGH_BREAK;NO_RETRACE;NO_POI
300162.SZ,20240222,4.88,11.4617,BOS↓,retrace_ok,BOS↓,NO_HIGH_BREAK;NO_POI
300642.SZ,20240222,12.479,1.7279,BOS↓,no_retrace,BOS↓,NO_HIGH_BREAK;NO_RETRACE;NO_POI
300643.SZ,20240222,8.262,9.3845,BOS↓,no_retrace,BOS↓,NO_HIGH_BREAK;NO_RETRACE;NO_POI
300978.SZ,20240222,8.732,10.3234,BOS↓,retrace_ok,BOS↓,NO_HIGH_BREAK;NO_POI
301065.SZ,20240222,14.526,6.8142,BOS↓,no_retrace,BOS↓,NO_HIGH_BREAK;NO_RETRACE;NO_POI
301280.SZ,20240222,14.538,25.5601,BOS↓,retrace_ok,BOS↓,NO_HIGH_BREAK;NO_POI
600080.SH,20240222,6.338,18.8741,BOS↓,retrace_fail,BOS↓,NO_HIGH_BREAK;NO_RETRACE;NO_POI
600986.SH,20240222,4.66,9.2804,BOS↓,retrace_fail,BOS↓,NO_HIGH_BREAK;NO_RETRACE;NO_POI
603008.SH,20240222,13.751,11.5673,BOS↓,retrace_ok,BOS↓,NO_HIGH_BREAK;NO_POI
603629.SH,20240222,14.33,17.6311,BOS↓,retrace_ok,BOS↓,NO_HIGH_BREAK;NO_POI
605060.SH,20240222,15.3,-0.1365,CHoCH↑,no_retrace,CHoCH↑,NO_RETRACE
688173.SH,20240222,11.009,36.2719,BOS↓,no_retrace,BOS↓,NO_HIGH_BREAK;NO_RETRACE;NO_POI
688432.SH,20240222,9.165,8.6383,BOS↓,no_retrace,BOS↓,NO_HIGH_BREAK;NO_RETRACE;NO_POI
688486.SH,20240222,29.413,10.2446,BOS↓,retrace_ok,BOS↓,NO_HIGH_BREAK;NO_POI
688628.SH,20240222,30.715,3.7926,CHoCH↑,retrace_ok,CHoCH↑,NO_POI
688699.SH,20240222,26.898,10.1437,BOS↓,retrace_ok,BOS↓,NO_HIGH_BREAK;NO_POI
002910.SZ,20240223,7.583,1.2663,BOS↓,no_retrace,BOS↓,NO_HIGH_BREAK;NO_RETRACE;NO_POI
300074.SZ,20240223,3.46,16.8201,BOS↓,no_retrace,BOS↓,NO_HIGH_BREAK;NO_RETRACE;NO_POI
300378.SZ,20240223,17.552,9.2436,BOS↓,retrace_fail,BOS↓,NO_HIGH_BREAK;NO_RETRACE;NO_POI
300897.SZ,20240223,7.935,10.8715,BOS↓,no_retrace,BOS↓,NO_HIGH_BREAK;NO_RETRACE;NO_POI
301068.SZ,20240223,14.209,3.7606,BOS↓,retrace_fail,BOS↓,NO_HIGH_BREAK;NO_RETRACE;NO_POI
301085.SZ,20240223,46.542,1.8903,BOS↓,retrace_ok,BOS↓,NO_HIGH_BREAK;NO_POI
600199.SH,20240223,14.7,7.7539,BOS↓,retrace_ok,BOS↓,NO_HIGH_BREAK;NO_POI
600543.SH,20240223,5.108,8.0321,BOS↓,no_retrace,BOS↓,NO_HIGH_BREAK;NO_RETRACE;NO_POI
603356.SH,20240223,11.55,14.9893,BOS↓,no_retrace,BOS↓,NO_HIGH_BREAK;NO_RETRACE;NO_POI
688356.SH,20240223,77.139,2.7948,BOS↓,retrace_ok,BOS↓,NO_HIGH_BREAK;NO_POI
688519.SH,20240223,16.723,11.8278,BOS↓,retrace_ok,BOS↓,NO_HIGH_BREAK;NO_POI
688528.SH,20240223,7.05,9.0848,BOS↓,retrace_ok,BOS↓,NO_HIGH_BREAK;NO_POI
300232.SZ,20240226,6.554,-0.7622,CHoCH↑,no_retrace,CHoCH↑,NO_RETRACE
300331.SZ,20240226,17.721,5.2826,BOS↓,retrace_fail,BOS↓,NO_HIGH_BREAK;NO_RETRACE;NO_POI
300448.SZ,20240226,4.007,9.8248,BOS↓,no_retrace,BOS↓,NO_HIGH_BREAK;NO_RETRACE;NO_POI
300629.SZ,20240226,16.891,12.1887,BOS↓,retrace_fail,BOS↓,NO_HIGH_BREAK;NO_RETRACE;NO_POI
300688.SZ,20240226,24.834,1.4699,BOS↓,retrace_fail,BOS↓,NO_HIGH_BREAK;NO_RETRACE;NO_POI
300845.SZ,20240226,6.79,4.3561,BOS↓,retrace_ok,BOS↓,NO_HIGH_BREAK;NO_POI
300912.SZ,20240226,12.81,3.4177,BOS↓,no_retrace,BOS↓,NO_HIGH_BREAK;NO_RETRACE;NO_POI
301033.SZ,20240226,30.308,3.387,BOS↓,no_retrace,BOS↓,NO_HIGH_BREAK;NO_RETRACE;NO_POI
301059.SZ,20240226,8.193,6.178,BOS↓,no_retrace,BOS↓,NO_HIGH_BREAK;NO_RETRACE;NO_POI
301222.SZ,20240226,14.539,5.7781,BOS↓,no_retrace,BOS↓,NO_HIGH_BREAK;NO_RETRACE;NO_POI
301389.SZ,20240226,12.107,12.9871,BOS↓,no_retrace,BOS↓,NO_HIGH_BREAK;NO_RETRACE;NO_POI
600232.SH,20240226,4.12,13.1653,BOS↓,no_retrace,BOS↓,NO_HIGH_BREAK;NO_RETRACE;NO_POI
600525.SH,20240226,4.4,2.8664,CHoCH↑,no_retrace,CHoCH↑,NO_RETRACE
600699.SH,20240226,15.441,-0.5099,CHoCH↓,retrace_fail,CHoCH↓,NO_HIGH_BREAK;NO_RETRACE;NO_POI
603017.SH,20240226,7.529,-0.3196,BOS↓,no_retrace,BOS↓,NO_HIGH_BREAK;NO_RETRACE;NO_POI
603321.SH,20240226,5.955,4.1251,BOS↓,no_retrace,BOS↓,NO_HIGH_BREAK;NO_RETRACE;NO_POI
603687.SH,20240226,10.092,7.3328,BOS↓,retrace_fail,BOS↓,NO_HIGH_BREAK;NO_RETRACE;NO_POI
603726.SH,20240226,9.955,14.0364,BOS↓,no_retrace,BOS↓,NO_HIGH_BREAK;NO_RETRACE;NO_POI
688383.SH,20240226,69.996,3.7165,BOS↓,retrace_fail,BOS↓,NO_HIGH_BREAK;NO_RETRACE;NO_POI
688478.SH,20240226,35.08,-0.5297,CHoCH↓,retrace_ok,CHoCH↓,NO_HIGH_BREAK;NO_POI
300124.SZ,20240227,60.48,7.0258,CHoCH↑,no_retrace,CHoCH↑,NO_RETRACE
300546.SZ,20240227,11.375,6.7498,BOS↓,no_retrace,BOS↓,NO_HIGH_BREAK;NO_RETRACE;NO_POI
300686.SZ,20240227,7.088,17.1515,BOS↓,retrace_ok,BOS↓,NO_HIGH_BREAK;NO_POI
301123.SZ,20240227,16.253,2.6704,BOS↓,retrace_ok,BOS↓,NO_HIGH_BREAK;NO_POI
301397.SZ,20240227,34.79,1.0718,BOS↓,retrace_fail,BOS↓,NO_HIGH_BREAK;NO_RETRACE;NO_POI
688032.SH,20240227,137.301,3.677,CHoCH↓,no_retrace,CHoCH↓,NO_HIGH_BREAK;NO_RETRACE;NO_POI
688133.SH,20240227,23.974,-0.4033,BOS↓,retrace_ok,BOS↓,NO_HIGH_BREAK;NO_POI
001360.SZ,20240228,13.9,-2.1919,BOS↓,retrace_ok,BOS↓,NO_HIGH_BREAK;NO_POI
002671.SZ,20240228,4.217,-1.2848,BOS↓,no_retrace,BOS↓,NO_HIGH_BREAK;NO_RETRACE;NO_POI
300405.SZ,20240228,5.405,-3.0843,CHoCH↓,no_retrace,CHoCH↓,NO_HIGH_BREAK;NO_RETRACE;NO_POI
300447.SZ,20240228,11.588,2.8389,BOS↓,retrace_fail,BOS↓,NO_HIGH_BREAK;NO_RETRACE;NO_POI
300538.SZ,20240228,15.078,1.0742,BOS↓,retrace_fail,BOS↓,NO_HIGH_BREAK;NO_RETRACE;NO_POI
300836.SZ,20240228,14.62,16.0811,BOS↓,retrace_fail,BOS↓,NO_HIGH_BREAK;NO_RETRACE;NO_POI
603626.SH,20240228,5.98,1.6097,BOS↓,retrace_ok,BOS↓,NO_HIGH_BREAK;NO_POI
605018.SH,20240228,8.362,-1.6595,BOS↓,no_retrace,BOS↓,NO_HIGH_BREAK;NO_RETRACE;NO_POI
688317.SH,20240228,17.019,-5.7835,CHoCH↑,retrace_ok,CHoCH↑,CLEAN
688593.SH,20240228,10.975,-6.1208,BOS↓,retrace_fail,BOS↓,NO_HIGH_BREAK;NO_RETRACE;NO_POI
001299.SZ,20240229,10.722,16.8977,BOS↓,no_retrace,BOS↓,NO_HIGH_BREAK;NO_RETRACE;NO_POI
002769.SZ,20240229,5.647,7.8543,BOS↓,no_retrace,BOS↓,NO_HIGH_BREAK;NO_RETRACE;NO_POI
002899.SZ,20240229,11.299,16.5072,BOS↓,retrace_ok,BOS↓,NO_HIGH_BREAK;NO_POI
300166.SZ,20240229,7.92,9.7566,CHoCH↑,retrace_fail,CHoCH↑,NO_RETRACE
301125.SZ,20240229,6.134,35.596,BOS↓,retrace_ok,BOS↓,NO_HIGH_BREAK;NO_POI
301130.SZ,20240229,18.948,17.5159,BOS↓,retrace_ok,BOS↓,NO_HIGH_BREAK;NO_POI
301362.SZ,20240229,19.309,12.3873,BOS↓,retrace_ok,BOS↓,NO_HIGH_BREAK;NO_POI
600543.SH,20240229,5.089,13.9448,BOS↓,retrace_ok,BOS↓,NO_HIGH_BREAK;NO_POI
688081.SH,20240229,9.791,11.7186,BOS↓,retrace_ok,BOS↓,NO_HIGH_BREAK;NO_POI
688362.SH,20240229,20.03,9.4656,BOS↓,retrace_ok,BOS↓,NO_HIGH_BREAK;NO_POI
688536.SH,20240229,106.193,2.4739,BOS↓,retrace_ok,BOS↓,NO_HIGH_BREAK;NO_POI
688610.SH,20240229,30.595,26.1724,BOS↓,retrace_ok,BOS↓,NO_HIGH_BREAK;NO_POI
688630.SH,20240229,63.394,4.0402,BOS↓,retrace_ok,BOS↓,NO_HIGH_BREAK;NO_POI
688018.SH,20240201,81.3,-3.0171,BOS↓,no_retrace,BOS↓,NO_HIGH_BREAK;NO_RETRACE;NO_POI
688069.SH,20240201,11.391,-8.9829,CHoCH↓,retrace_ok,CHoCH↓,NO_HIGH_BREAK;NO_POI
688072.SH,20240201,108.289,-0.8688,BOS↓,retrace_ok,BOS↓,NO_HIGH_BREAK;NO_POI
688281.SH,20240201,35.561,-1.1339,BOS↓,no_retrace,BOS↓,NO_HIGH_BREAK;NO_RETRACE;NO_POI;NEW_LOW_ENTRY
000404.SZ,20240202,4.227,-5.0578,BOS↓,no_retrace,BOS↓,NO_HIGH_BREAK;NO_RETRACE;NO_POI;NEW_LOW_ENTRY
301071.SZ,20240202,24.758,-4.3499,BOS↓,retrace_ok,BOS↓,NO_HIGH_BREAK;NO_POI;NEW_LOW_ENTRY
600351.SH,20240202,5.623,-4.3611,BOS↓,retrace_ok,BOS↓,NO_HIGH_BREAK;NO_POI;NEW_LOW_ENTRY
600739.SH,20240202,9.871,-4.7284,BOS↓,retrace_ok,BOS↓,NO_HIGH_BREAK;NO_POI;NEW_LOW_ENTRY
601003.SH,20240202,2.742,-5.8255,BOS↓,retrace_ok,BOS↓,NO_HIGH_BREAK;NO_POI;NEW_LOW_ENTRY
300129.SZ,20240205,7.9,-8.9925,BOS↓,retrace_fail,BOS↓,NO_HIGH_BREAK;NO_RETRACE;NO_POI;NEW_LOW_ENTRY
601003.SH,20240205,2.673,-5.7389,BOS↓,retrace_ok,BOS↓,NO_HIGH_BREAK;NO_POI;NEW_LOW_ENTRY
600337.SH,20240206,2.384,-2.4717,CHoCH↓,retrace_ok,CHoCH↓,NO_HIGH_BREAK;NO_POI
001289.SZ,20240207,18.652,1.0263,CHoCH↓,retrace_fail,CHoCH↓,NO_HIGH_BREAK;NO_RETRACE;NO_POI
600022.SH,20240207,1.32,4.6658,BOS↓,retrace_fail,BOS↓,NO_HIGH_BREAK;NO_RETRACE;NO_POI
600031.SH,20240207,12.509,1.2466,CHoCH↑,retrace_ok,CHoCH↑,CLEAN
601003.SH,20240207,2.594,-0.9033,BOS↓,retrace_ok,BOS↓,NO_HIGH_BREAK;NO_POI
688147.SH,20240207,32.105,12.7877,BOS↓,retrace_ok,BOS↓,NO_HIGH_BREAK;NO_POI
002424.SZ,20240208,7.47,5.0511,BOS↓,no_retrace,BOS↓,NO_HIGH_BREAK;NO_RETRACE;NO_POI
002484.SZ,20240208,14.222,10.299,CHoCH↓,retrace_ok,CHoCH↓,NO_HIGH_BREAK;NO_POI
003012.SZ,20240208,6.404,3.5691,BOS↓,retrace_ok,BOS↓,NO_HIGH_BREAK;NO_POI
601003.SH,20240208,2.594,9.4579,BOS↓,retrace_ok,BOS↓,NO_HIGH_BREAK;NO_POI
603558.SH,20240208,7.638,8.8663,BOS↓,retrace_fail,BOS↓,NO_HIGH_BREAK;NO_RETRACE;NO_POI
000534.SZ,20240219,10.841,0.4287,BOS↓,retrace_fail,BOS↓,NO_HIGH_BREAK;NO_RETRACE;NO_POI
002111.SZ,20240219,7.15,12.1904,BOS↓,retrace_ok,BOS↓,NO_HIGH_BREAK;NO_POI
002252.SZ,20240219,6.821,4.8659,BOS↓,retrace_fail,BOS↓,NO_HIGH_BREAK;NO_RETRACE;NO_POI
002627.SZ,20240219,4.414,4.1222,BOS↓,no_retrace,BOS↓,NO_HIGH_BREAK;NO_RETRACE;NO_POI
301325.SZ,20240219,53.149,0.8973,BOS↓,retrace_fail,BOS↓,NO_HIGH_BREAK;NO_RETRACE;NO_POI
605060.SH,20240219,14.555,1.0744,BOS↓,no_retrace,BOS↓,NO_HIGH_BREAK;NO_RETRACE;NO_POI
000544.SZ,20240220,6.118,0.9345,BOS↓,retrace_fail,BOS↓,NO_HIGH_BREAK;NO_RETRACE;NO_POI
002687.SZ,20240220,4.258,11.9759,BOS↓,retrace_ok,BOS↓,NO_HIGH_BREAK;NO_POI
301196.SZ,20240220,18.911,6.578,BOS↓,retrace_ok,BOS↓,NO_HIGH_BREAK;NO_POI
001283.SZ,20240221,33.541,2.4828,BOS↓,no_retrace,BOS↓,NO_HIGH_BREAK;NO_RETRACE;NO_POI
002092.SZ,20240221,5.049,-0.1824,BOS↓,retrace_fail,BOS↓,NO_HIGH_BREAK;NO_RETRACE;NO_POI
002117.SZ,20240221,7.425,0.5545,BOS↓,retrace_fail,BOS↓,NO_HIGH_BREAK;NO_RETRACE;NO_POI
002132.SZ,20240221,2.544,2.9618,BOS↓,no_retrace,BOS↓,NO_HIGH_BREAK;NO_RETRACE;NO_POI
002249.SZ,20240221,4.534,7.1234,CHoCH↑,retrace_fail,CHoCH↑,NO_RETRACE
002664.SZ,20240221,12.266,13.4636,BOS↓,retrace_ok,BOS↓,NO_HIGH_BREAK;NO_POI
300463.SZ,20240221,12.041,0.1939,BOS↓,retrace_fail,BOS↓,NO_HIGH_BREAK;NO_RETRACE;NO_POI
300897.SZ,20240221,7.391,19.363,BOS↓,no_retrace,BOS↓,NO_HIGH_BREAK;NO_RETRACE;NO_POI
301160.SZ,20240221,14.34,6.5969,BOS↓,retrace_ok,BOS↓,NO_HIGH_BREAK;NO_POI
600643.SH,20240221,4.554,-1.5832,CHoCH↓,retrace_fail,CHoCH↓,NO_HIGH_BREAK;NO_RETRACE;NO_POI
600645.SH,20240221,15.81,1.997,BOS↓,no_retrace,BOS↓,NO_HIGH_BREAK;NO_RETRACE;NO_POI
600699.SH,20240221,14.699,6.5494,CHoCH↓,retrace_ok,CHoCH↓,NO_HIGH_BREAK;NO_POI
603067.SH,20240221,5.625,2.8034,BOS↓,retrace_fail,BOS↓,NO_HIGH_BREAK;NO_RETRACE;NO_POI
603339.SH,20240221,8.72,10.2222,BOS↓,no_retrace,BOS↓,NO_HIGH_BREAK;NO_RETRACE;NO_POI
688005.SH,20240221,19.596,-3.8989,BOS↓,retrace_ok,BOS↓,NO_HIGH_BREAK;NO_POI
688010.SH,20240221,16.646,10.5608,BOS↓,retrace_ok,BOS↓,NO_HIGH_BREAK;NO_POI
688061.SH,20240221,26.008,10.0978,BOS↓,retrace_ok,BOS↓,NO_HIGH_BREAK;NO_POI
688105.SH,20240221,17.71,-1.905,BOS↓,retrace_ok,BOS↓,NO_HIGH_BREAK;NO_POI
688239.SH,20240221,24.714,4.497,BOS↓,retrace_ok,BOS↓,NO_HIGH_BREAK;NO_POI
688326.SH,20240221,70.508,2.8164,BOS↓,retrace_ok,BOS↓,NO_HIGH_BREAK;NO_POI
688349.SH,20240221,18.401,10.694,CHoCH↑,retrace_fail,CHoCH↑,NO_RETRACE
688531.SH,20240221,31.251,5.523,BOS↓,retrace_ok,BOS↓,NO_HIGH_BREAK;NO_POI
002117.SZ,20240222,7.375,1.2307,BOS↓,retrace_fail,BOS↓,NO_HIGH_BREAK;NO_RETRACE;NO_POI
002132.SZ,20240222,2.554,4.9063,BOS↓,no_retrace,BOS↓,NO_HIGH_BREAK;NO_RETRACE;NO_POI
002634.SZ,20240222,5.01,6.7715,BOS↓,no_retrace,BOS↓,NO_HIGH_BREAK;NO_RETRACE;NO_POI
300435.SZ,20240222,11.731,12.5059,BOS↓,retrace_fail,BOS↓,NO_HIGH_BREAK;NO_RETRACE;NO_POI
300700.SZ,20240222,7.83,16.3241,CHoCH↓,retrace_ok,CHoCH↓,NO_HIGH_BREAK;NO_POI
300786.SZ,20240222,10.712,16.9128,BOS↓,retrace_ok,BOS↓,NO_HIGH_BREAK;NO_POI
300873.SZ,20240222,11.808,2.3843,BOS↓,retrace_fail,BOS↓,NO_HIGH_BREAK;NO_RETRACE;NO_POI
300985.SZ,20240222,18.508,11.9806,BOS↓,retrace_ok,BOS↓,NO_HIGH_BREAK;NO_POI
300997.SZ,20240222,12.472,5.1694,CHoCH↑,retrace_ok,CHoCH↑,NO_POI
301047.SZ,20240222,61.822,1.8376,CHoCH↑,retrace_fail,CHoCH↑,NO_RETRACE;NO_POI
301290.SZ,20240222,19.541,2.2049,BOS↓,no_retrace,BOS↓,NO_HIGH_BREAK;NO_RETRACE;NO_POI
301366.SZ,20240222,15.152,25.691,BOS↓,no_retrace,BOS↓,NO_HIGH_BREAK;NO_RETRACE;NO_POI
600826.SH,20240222,5.234,2.6675,CHoCH↓,retrace_fail,CHoCH↓,NO_HIGH_BREAK;NO_RETRACE;NO_POI
603039.SH,20240222,31.428,2.8268,BOS↓,retrace_fail,BOS↓,NO_HIGH_BREAK;NO_RETRACE;NO_POI
603416.SH,20240222,24.605,8.7467,BOS↓,retrace_fail,BOS↓,NO_HIGH_BREAK;NO_RETRACE;NO_POI
603755.SH,20240222,19.272,-7.1076,BOS↓,no_retrace,BOS↓,NO_HIGH_BREAK;NO_RETRACE;NO_POI
603798.SH,20240222,7.109,32.489,CHoCH↓,retrace_ok,CHoCH↓,NO_HIGH_BREAK;NO_POI
603950.SH,20240222,13.642,9.3357,BOS↓,retrace_fail,BOS↓,NO_HIGH_BREAK;NO_RETRACE;NO_POI
688123.SH,20240222,43.352,18.3574,BOS↓,no_retrace,BOS↓,NO_HIGH_BREAK;NO_RETRACE;NO_POI
688138.SH,20240222,15.218,14.1832,BOS↓,no_retrace,BOS↓,NO_HIGH_BREAK;NO_RETRACE;NO_POI
688237.SH,20240222,21.477,3.3964,BOS↓,no_retrace,BOS↓,NO_HIGH_BREAK;NO_RETRACE;NO_POI
688252.SH,20240222,12.573,15.3961,BOS↓,retrace_ok,BOS↓,NO_HIGH_BREAK;NO_POI
688519.SH,20240222,15.732,20.3443,BOS↓,retrace_ok,BOS↓,NO_HIGH_BREAK;NO_POI
688616.SH,20240222,6.749,6.4024,BOS↓,retrace_ok,BOS↓,NO_HIGH_BREAK;NO_POI
001336.SZ,20240223,19.067,5.0049,BOS↓,no_retrace,BOS↓,NO_HIGH_BREAK;NO_RETRACE;NO_POI
002058.SZ,20240223,10.2,3.3182,BOS↓,no_retrace,BOS↓,NO_HIGH_BREAK;NO_RETRACE;NO_POI
002548.SZ,20240223,4.31,-1.7891,BOS↓,retrace_ok,BOS↓,NO_HIGH_BREAK;NO_POI
300745.SZ,20240223,17.83,6.1491,BOS↓,no_retrace,BOS↓,NO_HIGH_BREAK;NO_RETRACE;NO_POI
300834.SZ,20240223,16.159,7.1968,BOS↓,no_retrace,BOS↓,NO_HIGH_BREAK;NO_RETRACE;NO_POI
300997.SZ,20240223,12.502,4.9191,CHoCH↑,retrace_ok,CHoCH↑,NO_POI
301006.SZ,20240223,12.185,5.4973,BOS↓,no_retrace,BOS↓,NO_HIGH_BREAK;NO_RETRACE;NO_POI
301097.SZ,20240223,25.631,11.2736,BOS↓,no_retrace,BOS↓,NO_HIGH_BREAK;NO_RETRACE;NO_POI
301176.SZ,20240223,10.53,10.2152,BOS↓,no_retrace,BOS↓,NO_HIGH_BREAK;NO_RETRACE;NO_POI
301237.SZ,20240223,19.512,4.4593,BOS↓,no_retrace,BOS↓,NO_HIGH_BREAK;NO_RETRACE;NO_POI
301258.SZ,20240223,24.107,2.3739,BOS↓,no_retrace,BOS↓,NO_HIGH_BREAK;NO_RETRACE;NO_POI
301279.SZ,20240223,9.269,6.7496,BOS↓,no_retrace,BOS↓,NO_HIGH_BREAK;NO_RETRACE;NO_POI
301335.SZ,20240223,15.838,3.0029,BOS↓,no_retrace,BOS↓,NO_HIGH_BREAK;NO_RETRACE;NO_POI
301353.SZ,20240223,13.114,8.7096,BOS↓,no_retrace,BOS↓,NO_HIGH_BREAK;NO_RETRACE;NO_POI
600261.SH,20240223,2.47,6.4286,BOS↓,retrace_fail,BOS↓,NO_HIGH_BREAK;NO_RETRACE;NO_POI
601615.SH,20240223,8.878,8.7056,BOS↓,no_retrace,BOS↓,NO_HIGH_BREAK;NO_RETRACE;NO_POI
603067.SH,20240223,5.746,1.937,BOS↓,retrace_fail,BOS↓,NO_HIGH_BREAK;NO_RETRACE;NO_POI
603096.SH,20240223,13.51,13.9056,BOS↓,retrace_ok,BOS↓,NO_HIGH_BREAK;NO_POI
603726.SH,20240223,9.585,17.4049,BOS↓,no_retrace,BOS↓,NO_HIGH_BREAK;NO_RETRACE;NO_POI
603822.SH,20240223,19.708,3.9046,BOS↓,retrace_ok,BOS↓,NO_HIGH_BREAK;NO_POI
605300.SH,20240223,12.993,2.1445,BOS↓,retrace_fail,BOS↓,NO_HIGH_BREAK;NO_RETRACE;NO_POI
688247.SH,20240223,7.963,3.867,BOS↓,retrace_ok,BOS↓,NO_HIGH_BREAK;NO_POI
688435.SH,20240223,34.353,17.4348,BOS↓,no_retrace,BOS↓,NO_HIGH_BREAK;NO_RETRACE;NO_POI
688485.SH,20240223,9.028,4.5747,BOS↓,no_retrace,BOS↓,NO_HIGH_BREAK;NO_RETRACE;NO_POI
688503.SH,20240223,32.522,23.645,CHoCH↓,retrace_fail,CHoCH↓,NO_HIGH_BREAK;NO_RETRACE;NO_POI
688523.SH,20240223,18.227,14.4119,BOS↓,no_retrace,BOS↓,NO_HIGH_BREAK;NO_RETRACE;NO_POI
000869.SZ,20240226,23.01,-0.2306,BOS↓,retrace_fail,BOS↓,NO_HIGH_BREAK;NO_RETRACE;NO_POI
001313.SZ,20240226,7.554,2.1937,BOS↓,retrace_fail,BOS↓,NO_HIGH_BREAK;NO_RETRACE;NO_POI
001336.SZ,20240226,19.711,3.0892,BOS↓,no_retrace,BOS↓,NO_HIGH_BREAK;NO_RETRACE;NO_POI
002084.SZ,20240226,2.83,2.4214,BOS↓,no_retrace,BOS↓,NO_HIGH_BREAK;NO_RETRACE;NO_POI
002249.SZ,20240226,4.74,-0.2103,CHoCH↑,retrace_fail,CHoCH↑,NO_RETRACE
002683.SZ,20240226,16.394,2.7049,BOS↓,retrace_fail,BOS↓,NO_HIGH_BREAK;NO_RETRACE;NO_POI
002753.SZ,20240226,5.942,-3.9269,BOS↓,no_retrace,BOS↓,NO_HIGH_BREAK;NO_RETRACE;NO_POI
002899.SZ,20240226,12.022,3.763,BOS↓,retrace_ok,BOS↓,NO_HIGH_BREAK;NO_POI
300122.SZ,20240226,51.52,3.0103,CHoCH↑,retrace_ok,CHoCH↑,CLEAN
300158.SZ,20240226,5.009,-0.1687,CHoCH↑,retrace_ok,CHoCH↑,CLEAN
300836.SZ,20240226,13.635,23.7028,BOS↓,retrace_ok,BOS↓,NO_HIGH_BREAK;NO_POI
301047.SZ,20240226,63.172,2.1011,CHoCH↑,retrace_fail,CHoCH↑,NO_RETRACE
301130.SZ,20240226,19.948,11.0648,BOS↓,no_retrace,BOS↓,NO_HIGH_BREAK;NO_RETRACE;NO_POI
301336.SZ,20240226,24.823,0.0304,BOS↓,no_retrace,BOS↓,NO_HIGH_BREAK;NO_RETRACE;NO_POI
600080.SH,20240226,7.072,6.5151,BOS↓,retrace_fail,BOS↓,NO_HIGH_BREAK;NO_RETRACE;NO_POI
603039.SH,20240226,32.631,0.6603,CHoCH↑,retrace_ok,CHoCH↑,NO_POI
603811.SH,20240226,5.177,4.599,BOS↓,retrace_fail,BOS↓,NO_HIGH_BREAK;NO_RETRACE;NO_POI
688138.SH,20240226,16.292,7.7474,BOS↓,retrace_fail,BOS↓,NO_HIGH_BREAK;NO_RETRACE;NO_POI
688143.SH,20240226,22.315,11.9548,BOS↓,retrace_ok,BOS↓,NO_HIGH_BREAK;NO_POI
688170.SH,20240226,28.961,1.2853,BOS↓,retrace_fail,BOS↓,NO_HIGH_BREAK;NO_RETRACE;NO_POI
688291.SH,20240226,19.737,5.9714,BOS↓,retrace_ok,BOS↓,NO_HIGH_BREAK;NO_POI
688321.SH,20240226,16.922,0.131,BOS↓,retrace_fail,BOS↓,NO_HIGH_BREAK;NO_RETRACE;NO_POI
688362.SH,20240226,20.8,8.0448,BOS↓,retrace_ok,BOS↓,NO_HIGH_BREAK;NO_POI
688581.SH,20240226,54.403,0.3716,CHoCH↑,no_retrace,CHoCH↑,NO_RETRACE
688628.SH,20240226,32.545,5.6719,CHoCH↑,retrace_ok,CHoCH↑,NO_POI
688662.SH,20240226,18.21,5.4147,BOS↓,retrace_ok,BOS↓,NO_HIGH_BREAK;NO_POI
300685.SZ,20240227,19.44,1.9431,CHoCH↑,retrace_ok,CHoCH↑,NO_POI
300845.SZ,20240227,6.894,7.1802,BOS↓,retrace_ok,BOS↓,NO_HIGH_BREAK;NO_POI
301033.SZ,20240227,30.262,5.1923,BOS↓,no_retrace,BOS↓,NO_HIGH_BREAK;NO_RETRACE;NO_POI
301197.SZ,20240227,13.124,2.9656,BOS↓,no_retrace,BOS↓,NO_HIGH_BREAK;NO_RETRACE;NO_POI
301370.SZ,20240227,13.463,-0.133,BOS↓,retrace_fail,BOS↓,NO_HIGH_BREAK;NO_RETRACE;NO_POI
600536.SH,20240227,31.611,14.0578,CHoCH↑,retrace_ok,CHoCH↑,CLEAN
688244.SH,20240227,19.355,13.1981,BOS↓,retrace_fail,BOS↓,NO_HIGH_BREAK;NO_RETRACE;NO_POI
000534.SZ,20240228,11.336,0.6083,BOS↓,retrace_fail,BOS↓,NO_HIGH_BREAK;NO_RETRACE;NO_POI
001211.SZ,20240228,16.939,-4.5765,BOS↓,no_retrace,BOS↓,NO_HIGH_BREAK;NO_RETRACE;NO_POI
002452.SZ,20240228,5.645,13.3905,CHoCH↓,no_retrace,CHoCH↓,NO_HIGH_BREAK;NO_RETRACE;NO_POI
002683.SZ,20240228,16.864,-0.1611,CHoCH↑,no_retrace,CHoCH↑,NO_RETRACE
002910.SZ,20240228,8.207,-3.283,BOS↓,no_retrace,BOS↓,NO_HIGH_BREAK;NO_RETRACE;NO_POI
003019.SZ,20240228,18.041,2.4559,CHoCH↑,retrace_ok,CHoCH↑,NO_POI
300143.SZ,20240228,6.722,-2.2423,BOS↓,retrace_fail,BOS↓,NO_HIGH_BREAK;NO_RETRACE;NO_POI
300598.SZ,20240228,30.321,12.5623,BOS↓,retrace_fail,BOS↓,NO_HIGH_BREAK;NO_RETRACE;NO_POI
300618.SZ,20240228,22.918,-0.1888,CHoCH↑,no_retrace,CHoCH↑,NO_RETRACE
300995.SZ,20240228,14.877,0.407,BOS↓,no_retrace,BOS↓,NO_HIGH_BREAK;NO_RETRACE;NO_POI
301279.SZ,20240228,10.498,-5.0387,BOS↓,no_retrace,BOS↓,NO_HIGH_BREAK;NO_RETRACE;NO_POI
600080.SH,20240228,7.615,-7.2551,CHoCH↑,no_retrace,CHoCH↑,NO_RETRACE;NO_POI
603296.SH,20240228,32.561,8.8256,BOS↓,no_retrace,BOS↓,NO_HIGH_BREAK;NO_RETRACE;NO_POI
603321.SH,20240228,6.4,-2.8222,BOS↓,no_retrace,BOS↓,NO_HIGH_BREAK;NO_RETRACE;NO_POI
603879.SH,20240228,4.881,29.8284,BOS↓,no_retrace,BOS↓,NO_HIGH_BREAK;NO_RETRACE;NO_POI
605055.SH,20240228,5.06,-1.5613,BOS↓,no_retrace,BOS↓,NO_HIGH_BREAK;NO_RETRACE;NO_POI
605337.SH,20240228,10.446,-5.0283,BOS↓,retrace_fail,BOS↓,NO_HIGH_BREAK;NO_RETRACE;NO_POI
688136.SH,20240228,15.172,2.9106,BOS↓,no_retrace,BOS↓,NO_HIGH_BREAK;NO_RETRACE;NO_POI
688247.SH,20240228,8.438,-0.2197,BOS↓,retrace_ok,BOS↓,NO_HIGH_BREAK;NO_POI
688252.SH,20240228,14.378,5.2589,BOS↓,retrace_fail,BOS↓,NO_HIGH_BREAK;NO_RETRACE;NO_POI
688429.SH,20240228,16.627,1.5086,BOS↓,no_retrace,BOS↓,NO_HIGH_BREAK;NO_RETRACE;NO_POI
688528.SH,20240228,7.88,0.355,BOS↓,retrace_ok,BOS↓,NO_HIGH_BREAK;NO_POI
688598.SH,20240228,34.147,7.3245,CHoCH↓,no_retrace,CHoCH↓,NO_HIGH_BREAK;NO_RETRACE;NO_POI
002034.SZ,20240229,13.8,4.3299,BOS↓,retrace_fail,BOS↓,NO_HIGH_BREAK;NO_RETRACE;NO_POI
300321.SZ,20240229,13.225,35.5769,BOS↓,retrace_ok,BOS↓,NO_HIGH_BREAK;NO_POI
300349.SZ,20240229,10.081,15.1231,BOS↓,retrace_fail,BOS↓,NO_HIGH_BREAK;NO_RETRACE;NO_POI
300420.SZ,20240229,2.435,13.4124,BOS↓,retrace_ok,BOS↓,NO_HIGH_BREAK;NO_POI
300708.SZ,20240229,6.34,1.1964,CHoCH↑,retrace_fail,CHoCH↑,NO_RETRACE
300776.SZ,20240229,43.841,4.23,CHoCH↑,retrace_fail,CHoCH↑,NO_RETRACE
301006.SZ,20240229,11.538,16.3501,BOS↓,retrace_ok,BOS↓,NO_HIGH_BREAK;NO_POI
301033.SZ,20240229,27.916,15.2301,BOS↓,retrace_ok,BOS↓,NO_HIGH_BREAK;NO_POI
603339.SH,20240229,8.898,11.2634,BOS↓,retrace_ok,BOS↓,NO_HIGH_BREAK;NO_POI
603980.SH,20240229,3.193,3.7341,BOS↓,no_retrace,BOS↓,NO_HIGH_BREAK;NO_RETRACE;NO_POI
605069.SH,20240229,6.346,15.7059,BOS↓,no_retrace,BOS↓,NO_HIGH_BREAK;NO_RETRACE;NO_POI
605089.SH,20240229,26.714,12.2268,BOS↓,retrace_ok,BOS↓,NO_HIGH_BREAK;NO_POI
688391.SH,20240229,24.902,16.4086,BOS↓,retrace_fail,BOS↓,NO_HIGH_BREAK;NO_RETRACE;NO_POI
688623.SH,20240229,38.143,3.6303,BOS↓,retrace_ok,BOS↓,NO_HIGH_BREAK;NO_POI
001217.SZ,20240201,11.098,-8.863,CHoCH↑,retrace_fail,CHoCH↑,NO_RETRACE;NEW_LOW_ENTRY
300802.SZ,20240202,14.374,-3.0691,CHoCH↓,retrace_ok,CHoCH↓,NO_HIGH_BREAK;NO_POI;NEW_LOW_ENTRY
600509.SH,20240202,4.785,-6.0217,CHoCH↓,retrace_ok,CHoCH↓,NO_HIGH_BREAK;NO_POI;NEW_LOW_ENTRY
600718.SH,20240202,7.178,-6.9002,BOS↓,retrace_ok,BOS↓,NO_HIGH_BREAK;NO_POI;NEW_LOW_ENTRY
688767.SH,20240202,16.007,-3.548,BOS↓,retrace_ok,BOS↓,NO_HIGH_BREAK;NO_POI;NEW_LOW_ENTRY
603061.SH,20240207,44.571,-2.4651,BOS↓,retrace_ok,BOS↓,NO_HIGH_BREAK;NO_POI
688069.SH,20240208,10.427,3.8531,BOS↓,retrace_ok,BOS↓,NO_HIGH_BREAK;NO_POI
000404.SZ,20240219,4.51,16.6835,BOS↓,retrace_fail,BOS↓,NO_HIGH_BREAK;NO_RETRACE;NO_POI
000862.SZ,20240219,5.623,10.6181,BOS↓,retrace_fail,BOS↓,NO_HIGH_BREAK;NO_RETRACE;NO_POI
002713.SZ,20240219,3.986,17.7953,BOS↓,retrace_fail,BOS↓,NO_HIGH_BREAK;NO_RETRACE;NO_POI
300708.SZ,20240220,6.597,-3.6576,BOS↓,retrace_fail,BOS↓,NO_HIGH_BREAK;NO_RETRACE;NO_POI
301283.SZ,20240220,16.225,-1.4885,BOS↓,retrace_ok,BOS↓,NO_HIGH_BREAK;NO_POI
002271.SZ,20240221,16.107,0.4844,BOS↓,retrace_fail,BOS↓,NO_HIGH_BREAK;NO_RETRACE;NO_POI
002385.SZ,20240221,4.952,0.5072,CHoCH↑,retrace_fail,CHoCH↑,NO_RETRACE
002431.SZ,20240221,1.99,7.6298,BOS↓,no_retrace,BOS↓,NO_HIGH_BREAK;NO_RETRACE;NO_POI
002879.SZ,20240221,11.85,12.0619,BOS↓,retrace_ok,BOS↓,NO_HIGH_BREAK;NO_POI
002917.SZ,20240221,6.756,9.1764,BOS↓,retrace_ok,BOS↓,NO_HIGH_BREAK;NO_POI
300014.SZ,20240221,33.091,9.5657,BOS↓,retrace_ok,BOS↓,NO_HIGH_BREAK;NO_POI
300877.SZ,20240221,11.585,3.968,BOS↓,no_retrace,BOS↓,NO_HIGH_BREAK;NO_RETRACE;NO_POI
300915.SZ,20240221,17.054,1.8181,BOS↓,retrace_ok,BOS↓,NO_HIGH_BREAK;NO_POI
301003.SZ,20240221,15.047,20.6918,BOS↓,no_retrace,BOS↓,NO_HIGH_BREAK;NO_RETRACE;NO_POI
301026.SZ,20240221,10.01,15.1348,BOS↓,retrace_ok,BOS↓,NO_HIGH_BREAK;NO_POI
301092.SZ,20240221,18.932,4.3511,BOS↓,no_retrace,BOS↓,NO_HIGH_BREAK;NO_RETRACE;NO_POI
301283.SZ,20240221,16.252,0.8232,BOS↓,retrace_ok,BOS↓,NO_HIGH_BREAK;NO_POI
600261.SH,20240221,2.346,5.2871,BOS↓,retrace_ok,BOS↓,NO_HIGH_BREAK;NO_POI
603687.SH,20240221,9.3,6.6177,BOS↓,retrace_ok,BOS↓,NO_HIGH_BREAK;NO_POI
688068.SH,20240221,32.264,-0.5764,BOS↓,retrace_fail,BOS↓,NO_HIGH_BREAK;NO_RETRACE;NO_POI
688581.SH,20240221,51.52,0.0252,CHoCH↓,no_retrace,CHoCH↓,NO_HIGH_BREAK;NO_RETRACE;NO_POI
001222.SZ,20240222,11.07,4.8291,BOS↓,no_retrace,BOS↓,NO_HIGH_BREAK;NO_RETRACE;NO_POI
001296.SZ,20240222,18.38,5.2472,BOS↓,no_retrace,BOS↓,NO_HIGH_BREAK;NO_RETRACE;NO_POI
002753.SZ,20240222,5.312,3.3577,BOS↓,no_retrace,BOS↓,NO_HIGH_BREAK;NO_RETRACE;NO_POI
002917.SZ,20240222,6.854,8.6279,BOS↓,retrace_ok,BOS↓,NO_HIGH_BREAK;NO_POI
300331.SZ,20240222,16.16,12.9398,BOS↓,no_retrace,BOS↓,NO_HIGH_BREAK;NO_RETRACE;NO_POI
300395.SZ,20240222,27.582,5.312,BOS↓,retrace_fail,BOS↓,NO_HIGH_BREAK;NO_RETRACE;NO_POI
300674.SZ,20240222,11.972,7.4278,BOS↓,retrace_ok,BOS↓,NO_HIGH_BREAK;NO_POI
300963.SZ,20240222,4.385,10.2971,BOS↓,no_retrace,BOS↓,NO_HIGH_BREAK;NO_RETRACE;NO_POI
301110.SZ,20240222,14.387,10.6461,BOS↓,no_retrace,BOS↓,NO_HIGH_BREAK;NO_RETRACE;NO_POI
301222.SZ,20240222,13.382,8.8702,BOS↓,no_retrace,BOS↓,NO_HIGH_BREAK;NO_RETRACE;NO_POI
301320.SZ,20240222,13.552,16.2434,BOS↓,no_retrace,BOS↓,NO_HIGH_BREAK;NO_RETRACE;NO_POI
600382.SH,20240222,4.06,0.3376,BOS↓,retrace_ok,BOS↓,NO_HIGH_BREAK;NO_POI
601615.SH,20240222,8.7,7.3762,BOS↓,no_retrace,BOS↓,NO_HIGH_BREAK;NO_RETRACE;NO_POI
603700.SH,20240222,9.675,5.4563,BOS↓,no_retrace,BOS↓,NO_HIGH_BREAK;NO_RETRACE;NO_POI
688068.SH,20240222,32.442,-1.1236,BOS↓,retrace_fail,BOS↓,NO_HIGH_BREAK;NO_RETRACE;NO_POI
688286.SH,20240222,26.122,13.9311,CHoCH↓,retrace_ok,CHoCH↓,NO_HIGH_BREAK;NO_POI
688718.SH,20240222,9.752,11.8661,BOS↓,retrace_ok,BOS↓,NO_HIGH_BREAK;NO_POI
001202.SZ,20240223,12.36,2.4263,BOS↓,no_retrace,BOS↓,NO_HIGH_BREAK;NO_RETRACE;NO_POI
001360.SZ,20240223,12.51,7.0194,BOS↓,no_retrace,BOS↓,NO_HIGH_BREAK;NO_RETRACE;NO_POI
002420.SZ,20240223,4.05,4.775,BOS↓,no_retrace,BOS↓,NO_HIGH_BREAK;NO_RETRACE;NO_POI
002494.SZ,20240223,3.475,7.5012,BOS↓,retrace_ok,BOS↓,NO_HIGH_BREAK;NO_POI
002836.SZ,20240223,5.395,6.0747,BOS↓,no_retrace,BOS↓,NO_HIGH_BREAK;NO_RETRACE;NO_POI
002879.SZ,20240223,12.45,15.3117,BOS↓,retrace_ok,BOS↓,NO_HIGH_BREAK;NO_POI
300068.SZ,20240223,11.136,13.7601,CHoCH↓,retrace_ok,CHoCH↓,NO_HIGH_BREAK;NO_POI
300132.SZ,20240223,3.6,5.4219,BOS↓,no_retrace,BOS↓,NO_HIGH_BREAK;NO_RETRACE;NO_POI
300440.SZ,20240223,5.543,8.2425,BOS↓,retrace_ok,BOS↓,NO_HIGH_BREAK;NO_POI
300828.SZ,20240223,10.094,18.089,BOS↓,no_retrace,BOS↓,NO_HIGH_BREAK;NO_RETRACE;NO_POI
301003.SZ,20240223,16.347,13.8434,BOS↓,no_retrace,BOS↓,NO_HIGH_BREAK;NO_RETRACE;NO_POI
301012.SZ,20240223,10.399,23.948,BOS↓,retrace_ok,BOS↓,NO_HIGH_BREAK;NO_POI
600094.SH,20240223,2.802,3.5181,BOS↓,retrace_fail,BOS↓,NO_HIGH_BREAK;NO_RETRACE;NO_POI
603517.SH,20240223,20.84,0.0623,BOS↓,retrace_fail,BOS↓,NO_HIGH_BREAK;NO_RETRACE;NO_POI
603928.SH,20240223,5.159,7.609,BOS↓,no_retrace,BOS↓,NO_HIGH_BREAK;NO_RETRACE;NO_POI
688037.SH,20240223,70.652,15.1388,BOS↓,retrace_ok,BOS↓,NO_HIGH_BREAK;NO_POI
688232.SH,20240223,24.644,2.0165,BOS↓,retrace_fail,BOS↓,NO_HIGH_BREAK;NO_RETRACE;NO_POI
688486.SH,20240223,29.68,14.1398,BOS↓,retrace_ok,BOS↓,NO_HIGH_BREAK;NO_POI
688571.SH,20240223,5.077,4.5145,BOS↓,no_retrace,BOS↓,NO_HIGH_BREAK;NO_RETRACE;NO_POI
001211.SZ,20240226,16.44,-1.3711,BOS↓,no_retrace,BOS↓,NO_HIGH_BREAK;NO_RETRACE;NO_POI
002117.SZ,20240226,7.692,-2.9466,BOS↓,retrace_fail,BOS↓,NO_HIGH_BREAK;NO_RETRACE;NO_POI
002391.SZ,20240226,4.873,0.8131,BOS↓,no_retrace,BOS↓,NO_HIGH_BREAK;NO_RETRACE;NO_POI
300776.SZ,20240226,45.174,3.9082,CHoCH↓,retrace_ok,CHoCH↓,NO_HIGH_BREAK;NO_POI
301149.SZ,20240226,7.394,4.9678,BOS↓,no_retrace,BOS↓,NO_HIGH_BREAK;NO_RETRACE;NO_POI
603281.SH,20240226,14.483,0.1501,CHoCH↓,no_retrace,CHoCH↓,NO_HIGH_BREAK;NO_RETRACE;NO_POI
603551.SH,20240226,9.781,-0.3729,CHoCH↑,no_retrace,CHoCH↑,NO_RETRACE
688193.SH,20240226,30.967,-3.6548,BOS↓,no_retrace,BOS↓,NO_HIGH_BREAK;NO_RETRACE;NO_POI
688217.SH,20240226,27.088,-4.0707,BOS↓,retrace_ok,BOS↓,NO_HIGH_BREAK;NO_POI
688517.SH,20240226,10.272,9.9961,BOS↓,retrace_ok,BOS↓,NO_HIGH_BREAK;NO_POI
300296.SZ,20240227,5.22,-0.7248,CHoCH↑,retrace_ok,CHoCH↑,NO_POI
301187.SZ,20240227,10.227,7.1076,BOS↓,retrace_ok,BOS↓,NO_HIGH_BREAK;NO_POI
301233.SZ,20240227,22.475,15.2903,BOS↓,no_retrace,BOS↓,NO_HIGH_BREAK;NO_RETRACE;NO_POI
002272.SZ,20240228,5.059,34.0269,BOS↓,no_retrace,BOS↓,NO_HIGH_BREAK;NO_RETRACE;NO_POI
002753.SZ,20240228,5.932,-3.7659,BOS↓,no_retrace,BOS↓,NO_HIGH_BREAK;NO_RETRACE;NO_POI
300339.SZ,20240228,23.216,6.9058,BOS↓,retrace_fail,BOS↓,NO_HIGH_BREAK;NO_RETRACE;NO_POI
300441.SZ,20240228,5.668,10.9797,BOS↓,retrace_fail,BOS↓,NO_HIGH_BREAK;NO_RETRACE;NO_POI
300768.SZ,20240228,12.17,-0.466,CHoCH↑,no_retrace,CHoCH↑,NO_RETRACE
300947.SZ,20240228,11.781,-5.3216,BOS↓,no_retrace,BOS↓,NO_HIGH_BREAK;NO_RETRACE;NO_POI
301063.SZ,20240228,15.882,-0.2086,BOS↓,retrace_ok,BOS↓,NO_HIGH_BREAK;NO_POI
301156.SZ,20240228,8.015,-3.2393,BOS↓,retrace_ok,BOS↓,NO_HIGH_BREAK;NO_POI
600865.SH,20240228,6.653,-4.1921,BOS↓,no_retrace,BOS↓,NO_HIGH_BREAK;NO_RETRACE;NO_POI
603818.SH,20240228,4.019,-4.8542,BOS↓,no_retrace,BOS↓,NO_HIGH_BREAK;NO_RETRACE;NO_POI
605169.SH,20240228,8.104,-2.101,BOS↓,no_retrace,BOS↓,NO_HIGH_BREAK;NO_RETRACE;NO_POI
688381.SH,20240228,19.295,1.8496,BOS↓,retrace_fail,BOS↓,NO_HIGH_BREAK;NO_RETRACE;NO_POI
688391.SH,20240228,26.643,8.4521,BOS↓,retrace_fail,BOS↓,NO_HIGH_BREAK;NO_RETRACE;NO_POI
688543.SH,20240228,24.814,0.337,BOS↓,retrace_fail,BOS↓,NO_HIGH_BREAK;NO_RETRACE;NO_POI
601666_SH.SH,20240229,0.0,-8.6288,CHoCH↑,no_retrace,CHoCH↑,NO_RETRACE;NO_POI
600031.SH,20240202,12.063,4.2981,CHoCH↑,retrace_fail,CHoCH↑,NO_RETRACE
301305.SZ,20240301,15.485,3.2959,BOS↓,retrace_fail,BOS↓,NO_HIGH_BREAK;NO_RETRACE;NO_POI
001255.SZ,20240301,24.26,9.4733,BOS↓,no_retrace,BOS↓,NO_HIGH_BREAK;NO_RETRACE;NO_POI
603005.SH,20240301,18.45,0.0221,BOS↓,retrace_fail,BOS↓,NO_HIGH_BREAK;NO_RETRACE;NO_POI
603399.SH,20240301,8.009,-1.8839,BOS↓,retrace_fail,BOS↓,NO_HIGH_BREAK;NO_RETRACE;NO_POI
000576.SZ,20240306,7.663,6.5995,CHoCH↑,no_retrace,CHoCH↑,NO_RETRACE;NO_POI
603119.SH,20240301,14.158,-0.3209,CHoCH↑,retrace_fail,CHoCH↑,NO_RETRACE;NO_POI
688558.SH,20240301,22.153,0.9067,BOS↓,retrace_fail,BOS↓,NO_HIGH_BREAK;NO_RETRACE;NO_POI
688651.SH,20240301,24.018,9.1074,BOS↓,retrace_ok,BOS↓,NO_HIGH_BREAK;NO_POI
300684.SZ,20240304,16.376,0.9409,CHoCH↑,no_retrace,CHoCH↑,NO_RETRACE;NO_POI
603399.SH,20240304,7.801,0.4804,BOS↓,retrace_fail,BOS↓,NO_HIGH_BREAK;NO_RETRACE;NO_POI
688320.SH,20240304,33.036,1.726,BOS↓,retrace_fail,BOS↓,NO_HIGH_BREAK;NO_RETRACE;NO_POI
300684.SZ,20240307,16.519,-2.352,CHoCH↑,no_retrace,CHoCH↑,NO_RETRACE;NO_POI
000576.SZ,20240308,7.168,10.884,CHoCH↑,retrace_fail,CHoCH↑,NO_RETRACE
001283.SZ,20240301,34.99,16.4028,BOS↓,no_retrace,BOS↓,NO_HIGH_BREAK;NO_RETRACE;NO_POI
002420.SZ,20240301,4.23,8.3298,BOS↓,no_retrace,BOS↓,NO_HIGH_BREAK;NO_RETRACE;NO_POI
002671.SZ,20240301,4.07,7.9373,BOS↓,retrace_ok,BOS↓,NO_HIGH_BREAK;NO_POI
002836.SZ,20240301,5.589,12.216,BOS↓,no_retrace,BOS↓,NO_HIGH_BREAK;NO_RETRACE;NO_POI
002937.SZ,20240301,20.882,6.4823,BOS↓,retrace_fail,BOS↓,NO_HIGH_BREAK;NO_RETRACE;NO_POI
300097.SZ,20240301,7.771,0.9043,BOS↓,retrace_fail,BOS↓,NO_HIGH_BREAK;NO_RETRACE;NO_POI
300656.SZ,20240301,20.97,2.6651,BOS↓,retrace_fail,BOS↓,NO_HIGH_BREAK;NO_RETRACE;NO_POI
301092.SZ,20240301,20.288,6.4621,BOS↓,retrace_ok,BOS↓,NO_HIGH_BREAK;NO_POI
301233.SZ,20240301,21.98,21.3333,BOS↓,retrace_ok,BOS↓,NO_HIGH_BREAK;NO_POI
601089.SH,20240301,13.289,6.2709,CHoCH↑,retrace_ok,CHoCH↑,CLEAN
603626.SH,20240301,5.79,7.5291,BOS↓,retrace_ok,BOS↓,NO_HIGH_BREAK;NO_POI
605300.SH,20240301,13.131,4.7884,BOS↓,retrace_fail,BOS↓,NO_HIGH_BREAK;NO_RETRACE;NO_POI
688056.SH,20240301,21.717,10.5807,BOS↓,retrace_ok,BOS↓,NO_HIGH_BREAK;NO_POI
688058.SH,20240301,26.066,11.7626,BOS↓,retrace_fail,BOS↓,NO_HIGH_BREAK;NO_RETRACE;NO_POI
688079.SH,20240301,8.26,5.883,BOS↓,retrace_ok,BOS↓,NO_HIGH_BREAK;NO_POI
688252.SH,20240301,14.363,8.9111,BOS↓,retrace_fail,BOS↓,NO_HIGH_BREAK;NO_RETRACE;NO_POI
688315.SH,20240301,15.207,6.1865,CHoCH↑,retrace_fail,CHoCH↑,NO_RETRACE
688362.SH,20240301,21.7,4.2913,BOS↓,retrace_ok,BOS↓,NO_HIGH_BREAK;NO_POI
688478.SH,20240301,35.119,-0.5,CHoCH↓,retrace_ok,CHoCH↓,NO_HIGH_BREAK;NO_POI
002846.SZ,20240304,7.307,15.8777,BOS↓,retrace_ok,BOS↓,NO_HIGH_BREAK;NO_POI
300538.SZ,20240304,15.315,3.8013,BOS↓,retrace_fail,BOS↓,NO_HIGH_BREAK;NO_RETRACE;NO_POI
301225.SZ,20240304,20.476,2.3239,CHoCH↑,retrace_ok,CHoCH↑,NO_POI
600212.SH,20240304,6.702,6.1177,CHoCH↑,no_retrace,CHoCH↑,NO_RETRACE
603222.SH,20240304,6.257,5.234,BOS↓,retrace_ok,BOS↓,NO_HIGH_BREAK;NO_POI
688429.SH,20240304,16.469,4.6685,BOS↓,retrace_ok,BOS↓,NO_HIGH_BREAK;NO_POI
300250.SZ,20240305,15.424,0.5238,BOS↓,retrace_fail,BOS↓,NO_HIGH_BREAK;NO_RETRACE;NO_POI
300825.SZ,20240305,11.553,4.9274,CHoCH↑,retrace_ok,CHoCH↑,CLEAN
301115.SZ,20240305,16.177,2.7059,BOS↓,retrace_fail,BOS↓,NO_HIGH_BREAK;NO_RETRACE;NO_POI
688426.SH,20240306,21.206,3.6674,BOS↓,retrace_fail,BOS↓,NO_HIGH_BREAK;NO_RETRACE;NO_POI
300881.SZ,20240307,18.516,0.8668,BOS↓,retrace_ok,BOS↓,NO_HIGH_BREAK;NO_POI
688522.SH,20240307,14.529,28.5373,CHoCH↑,retrace_ok,CHoCH↑,NO_POI
605122.SH,20240311,10.717,5.1876,BOS↓,no_retrace,BOS↓,NO_HIGH_BREAK;NO_RETRACE;NO_POI
688231.SH,20240321,12.445,0.488,BOS↓,retrace_ok,BOS↓,NO_HIGH_BREAK;NO_POI
002760.SZ,20240301,15.238,10.3669,BOS↓,retrace_ok,BOS↓,NO_HIGH_BREAK;NO_POI
003003.SZ,20240301,7.698,13.313,BOS↓,retrace_ok,BOS↓,NO_HIGH_BREAK;NO_POI
300250.SZ,20240301,14.7,2.0443,BOS↓,retrace_fail,BOS↓,NO_HIGH_BREAK;NO_RETRACE;NO_POI
300447.SZ,20240301,11.295,9.0987,BOS↓,retrace_fail,BOS↓,NO_HIGH_BREAK;NO_RETRACE;NO_POI
300563.SZ,20240301,10.892,13.7841,BOS↓,retrace_ok,BOS↓,NO_HIGH_BREAK;NO_POI
300884.SZ,20240301,9.958,5.7137,BOS↓,retrace_ok,BOS↓,NO_HIGH_BREAK;NO_POI
301197.SZ,20240301,12.837,9.8624,BOS↓,no_retrace,BOS↓,NO_HIGH_BREAK;NO_RETRACE;NO_POI
301323.SZ,20240301,27.468,13.029,BOS↓,retrace_ok,BOS↓,NO_HIGH_BREAK;NO_POI
600543.SH,20240301,5.178,12.4817,BOS↓,retrace_ok,BOS↓,NO_HIGH_BREAK;NO_POI
600843.SH,20240301,4.446,33.5376,BOS↓,retrace_ok,BOS↓,NO_HIGH_BREAK;NO_POI
605018.SH,20240301,7.886,9.4714,BOS↓,retrace_ok,BOS↓,NO_HIGH_BREAK;NO_POI
688217.SH,20240301,25.653,6.5217,BOS↓,retrace_ok,BOS↓,NO_HIGH_BREAK;NO_POI
688603.SH,20240301,24.612,-1.5692,BOS↓,retrace_ok,BOS↓,NO_HIGH_BREAK;NO_POI
688616.SH,20240301,7.153,11.1147,BOS↓,retrace_ok,BOS↓,NO_HIGH_BREAK;NO_POI
002058.SZ,20240304,11.504,0.7818,BOS↓,retrace_fail,BOS↓,NO_HIGH_BREAK;NO_RETRACE;NO_POI
002162.SZ,20240304,4.277,-0.5818,BOS↓,retrace_fail,BOS↓,NO_HIGH_BREAK;NO_RETRACE;NO_POI
300214.SZ,20240304,5.179,12.5565,BOS↓,retrace_ok,BOS↓,NO_HIGH_BREAK;NO_POI
300629.SZ,20240304,17.228,8.1391,BOS↓,retrace_fail,BOS↓,NO_HIGH_BREAK;NO_RETRACE;NO_POI
301228.SZ,20240304,10.94,8.7277,BOS↓,no_retrace,BOS↓,NO_HIGH_BREAK;NO_RETRACE;NO_POI
301300.SZ,20240304,19.428,12.6802,BOS↓,retrace_ok,BOS↓,NO_HIGH_BREAK;NO_POI
301335.SZ,20240304,16.234,6.6944,BOS↓,no_retrace,BOS↓,NO_HIGH_BREAK;NO_RETRACE;NO_POI
603219.SH,20240304,11.446,15.8664,BOS↓,retrace_ok,BOS↓,NO_HIGH_BREAK;NO_POI
603980.SH,20240304,3.262,3.3618,BOS↓,no_retrace,BOS↓,NO_HIGH_BREAK;NO_RETRACE;NO_POI
688037.SH,20240304,79.346,0.6184,BOS↓,retrace_fail,BOS↓,NO_HIGH_BREAK;NO_RETRACE;NO_POI
688123.SH,20240304,49.5,14.0077,BOS↓,no_retrace,BOS↓,NO_HIGH_BREAK;NO_RETRACE;NO_POI
688229.SH,20240304,32.195,3.4602,BOS↓,retrace_ok,BOS↓,NO_HIGH_BREAK;NO_POI
300970.SZ,20240305,9.197,9.4967,BOS↓,no_retrace,BOS↓,NO_HIGH_BREAK;NO_RETRACE;NO_POI
301009.SZ,20240305,8.445,6.8719,BOS↓,no_retrace,BOS↓,NO_HIGH_BREAK;NO_RETRACE;NO_POI
301181.SZ,20240305,14.965,9.7201,BOS↓,retrace_ok,BOS↓,NO_HIGH_BREAK;NO_POI
301197.SZ,20240305,12.788,12.0026,BOS↓,no_retrace,BOS↓,NO_HIGH_BREAK;NO_RETRACE;NO_POI
301369.SZ,20240305,29.506,10.5234,BOS↓,retrace_ok,BOS↓,NO_HIGH_BREAK;NO_POI
001296.SZ,20240306,18.84,11.1376,BOS↓,no_retrace,BOS↓,NO_HIGH_BREAK;NO_RETRACE;NO_POI
600173.SH,20240306,3.651,11.7916,BOS↓,retrace_ok,BOS↓,NO_HIGH_BREAK;NO_POI
688120.SH,20240306,62.813,-1.0301,CHoCH↑,retrace_ok,CHoCH↑,CLEAN
688558.SH,20240306,21.493,3.1292,BOS↓,retrace_fail,BOS↓,NO_HIGH_BREAK;NO_RETRACE;NO_POI
002846.SZ,20240307,7.03,25.3099,BOS↓,retrace_ok,BOS↓,NO_HIGH_BREAK;NO_POI
301125.SZ,20240307,7.924,2.1432,BOS↓,retrace_fail,BOS↓,NO_HIGH_BREAK;NO_RETRACE;NO_POI
603818.SH,20240307,3.9,-2.1911,BOS↓,no_retrace,BOS↓,NO_HIGH_BREAK;NO_RETRACE;NO_POI
688291.SH,20240307,19.937,8.4704,BOS↓,retrace_ok,BOS↓,NO_HIGH_BREAK;NO_POI
001255.SZ,20240308,24.997,1.7471,BOS↓,no_retrace,BOS↓,NO_HIGH_BREAK;NO_RETRACE;NO_POI
002769.SZ,20240308,5.805,11.4043,BOS↓,no_retrace,BOS↓,NO_HIGH_BREAK;NO_RETRACE;NO_POI
003017.SZ,20240308,13.181,8.7436,BOS↓,retrace_ok,BOS↓,NO_HIGH_BREAK;NO_POI
300819.SZ,20240308,10.415,8.7034,BOS↓,retrace_ok,BOS↓,NO_HIGH_BREAK;NO_POI
603116.SH,20240308,4.168,5.0835,CHoCH↓,no_retrace,CHoCH↓,NO_HIGH_BREAK;NO_RETRACE;NO_POI
003004.SZ,20240311,22.326,14.7783,CHoCH↑,no_retrace,CHoCH↑,NO_RETRACE;NO_POI
300970.SZ,20240311,9.097,6.4711,BOS↓,no_retrace,BOS↓,NO_HIGH_BREAK;NO_RETRACE;NO_POI
603811.SH,20240311,5.129,-1.5284,BOS↓,retrace_ok,BOS↓,NO_HIGH_BREAK;NO_POI
002820.SZ,20240312,8.294,3.7275,BOS↓,no_retrace,BOS↓,NO_HIGH_BREAK;NO_RETRACE;NO_POI
688433.SH,20240313,22.477,27.3555,BOS↓,retrace_fail,BOS↓,NO_HIGH_BREAK;NO_RETRACE;NO_POI
688173.SH,20240315,13.603,-3.427,CHoCH↑,retrace_fail,CHoCH↑,NO_RETRACE
002811.SZ,20240301,5.392,18.7486,BOS↓,no_retrace,BOS↓,NO_HIGH_BREAK;NO_RETRACE;NO_POI
300605.SZ,20240301,10.52,9.6561,BOS↓,no_retrace,BOS↓,NO_HIGH_BREAK;NO_RETRACE;NO_POI
300686.SZ,20240301,6.89,24.0795,BOS↓,retrace_ok,BOS↓,NO_HIGH_BREAK;NO_POI
300691.SZ,20240301,17.11,5.783,CHoCH↓,retrace_ok,CHoCH↓,NO_HIGH_BREAK;NO_POI
300902.SZ,20240301,19.661,9.4546,BOS↓,retrace_fail,BOS↓,NO_HIGH_BREAK;NO_RETRACE;NO_POI
301486.SZ,20240301,33.166,16.3549,BOS↓,retrace_ok,BOS↓,NO_HIGH_BREAK;NO_POI
600067.SH,20240301,1.718,2.9324,BOS↓,no_retrace,BOS↓,NO_HIGH_BREAK;NO_RETRACE;NO_POI
600080.SH,20240301,7.348,-2.1082,CHoCH↑,retrace_ok,CHoCH↑,CLEAN
600183.SH,20240301,14.84,0.5686,BOS↓,retrace_fail,BOS↓,NO_HIGH_BREAK;NO_RETRACE;NO_POI
603217.SH,20240301,14.215,6.7864,CHoCH↓,no_retrace,CHoCH↓,NO_HIGH_BREAK;NO_RETRACE;NO_POI
603321.SH,20240301,6.054,8.5213,BOS↓,no_retrace,BOS↓,NO_HIGH_BREAK;NO_RETRACE;NO_POI
688123.SH,20240301,47.79,21.0033,BOS↓,no_retrace,BOS↓,NO_HIGH_BREAK;NO_RETRACE;NO_POI
688528.SH,20240301,7.44,14.3556,BOS↓,retrace_ok,BOS↓,NO_HIGH_BREAK;NO_POI
001222.SZ,20240304,11.92,3.9574,BOS↓,no_retrace,BOS↓,NO_HIGH_BREAK;NO_RETRACE;NO_POI
001259.SZ,20240304,27.492,-7.9951,CHoCH↓,retrace_fail,CHoCH↓,NO_HIGH_BREAK;NO_RETRACE;NO_POI
002452.SZ,20240304,5.872,10.9025,CHoCH↓,no_retrace,CHoCH↓,NO_HIGH_BREAK;NO_RETRACE;NO_POI
002821.SZ,20240304,97.877,-4.6211,BOS↓,retrace_ok,BOS↓,NO_HIGH_BREAK;NO_POI
300132.SZ,20240304,3.772,7.223,BOS↓,no_retrace,BOS↓,NO_HIGH_BREAK;NO_RETRACE;NO_POI
300259.SZ,20240304,2.918,5.3973,BOS↓,retrace_fail,BOS↓,NO_HIGH_BREAK;NO_RETRACE;NO_POI
300658.SZ,20240304,4.829,7.6347,BOS↓,retrace_ok,BOS↓,NO_HIGH_BREAK;NO_POI
300836.SZ,20240304,13.533,20.191,BOS↓,retrace_ok,BOS↓,NO_HIGH_BREAK;NO_POI
300877.SZ,20240304,12.258,12.0064,BOS↓,no_retrace,BOS↓,NO_HIGH_BREAK;NO_RETRACE;NO_POI
301115.SZ,20240304,16.0,3.0308,BOS↓,retrace_fail,BOS↓,NO_HIGH_BREAK;NO_RETRACE;NO_POI
301156.SZ,20240304,7.491,11.599,BOS↓,retrace_ok,BOS↓,NO_HIGH_BREAK;NO_POI
301176.SZ,20240304,11.444,9.4159,BOS↓,no_retrace,BOS↓,NO_HIGH_BREAK;NO_RETRACE;NO_POI
301190.SZ,20240304,14.936,5.8067,BOS↓,retrace_ok,BOS↓,NO_HIGH_BREAK;NO_POI
301321.SZ,20240304,14.4,5.0753,BOS↓,no_retrace,BOS↓,NO_HIGH_BREAK;NO_RETRACE;NO_POI
600080.SH,20240304,7.179,-0.3648,CHoCH↑,retrace_ok,CHoCH↑,CLEAN
600543.SH,20240304,5.2,13.0732,BOS↓,retrace_ok,BOS↓,NO_HIGH_BREAK;NO_POI
603116.SH,20240304,4.106,8.3871,CHoCH↓,no_retrace,CHoCH↓,NO_HIGH_BREAK;NO_RETRACE;NO_POI
603321.SH,20240304,6.004,8.9189,BOS↓,no_retrace,BOS↓,NO_HIGH_BREAK;NO_RETRACE;NO_POI
603726.SH,20240304,10.595,6.4765,BOS↓,no_retrace,BOS↓,NO_HIGH_BREAK;NO_RETRACE;NO_POI
603879.SH,20240304,4.465,41.9374,BOS↓,no_retrace,BOS↓,NO_HIGH_BREAK;NO_RETRACE;NO_POI
605388.SH,20240304,6.197,4.8757,BOS↓,retrace_ok,BOS↓,NO_HIGH_BREAK;NO_POI
688129.SH,20240304,11.793,8.7325,BOS↓,retrace_ok,BOS↓,NO_HIGH_BREAK;NO_POI
688420.SH,20240304,22.319,2.8441,BOS↓,retrace_fail,BOS↓,NO_HIGH_BREAK;NO_RETRACE;NO_POI
688519.SH,20240304,17.832,24.6398,BOS↓,retrace_ok,BOS↓,NO_HIGH_BREAK;NO_POI
300132.SZ,20240305,3.752,10.7157,BOS↓,no_retrace,BOS↓,NO_HIGH_BREAK;NO_RETRACE;NO_POI
300005.SZ,20240306,4.877,13.1121,BOS↓,retrace_ok,BOS↓,NO_HIGH_BREAK;NO_POI
688455.SH,20240306,9.24,7.7009,BOS↓,retrace_ok,BOS↓,NO_HIGH_BREAK;NO_POI
301130.SZ,20240307,21.383,7.4225,BOS↓,retrace_ok,BOS↓,NO_HIGH_BREAK;NO_POI
603655.SH,20240307,14.405,11.8046,BOS↓,retrace_ok,BOS↓,NO_HIGH_BREAK;NO_POI
002820.SZ,20240311,8.034,8.3951,BOS↓,no_retrace,BOS↓,NO_HIGH_BREAK;NO_RETRACE;NO_POI
601089.SH,20240311,13.323,1.9973,CHoCH↑,retrace_ok,CHoCH↑,CLEAN
688528.SH,20240311,7.6,6.0609,BOS↓,retrace_ok,BOS↓,NO_HIGH_BREAK;NO_POI
001231.SZ,20240312,15.09,5.2152,BOS↓,no_retrace,BOS↓,NO_HIGH_BREAK;NO_RETRACE;NO_POI
300885.SZ,20240312,7.239,-3.1571,BOS↓,retrace_ok,BOS↓,NO_HIGH_BREAK;NO_POI
301126.SZ,20240312,8.966,2.7391,BOS↓,no_retrace,BOS↓,NO_HIGH_BREAK;NO_RETRACE;NO_POI
301148.SZ,20240312,15.113,11.7574,BOS↓,no_retrace,BOS↓,NO_HIGH_BREAK;NO_RETRACE;NO_POI
301313.SZ,20240320,28.384,0.4828,CHoCH↑,retrace_ok,CHoCH↑,CLEAN
300819.SZ,20240325,11.499,5.0346,CHoCH↑,retrace_ok,CHoCH↑,NO_POI
688515.SH,20240328,73.6,-17.5801,CHoCH↑,no_retrace,CHoCH↑,NO_RETRACE;NO_POI
301166.SZ,20240329,28.609,-3.365,BOS↓,retrace_fail,BOS↓,NO_HIGH_BREAK;NO_RETRACE;NO_POI
600160_SH.SH,20240301,0.0,3.1197,CHoCH↑,no_retrace,CHoCH↑,NO_RETRACE;NO_POI
601666_SH.SH,20240304,0.0,-17.5077,CHoCH↑,no_retrace,CHoCH↑,NO_RETRACE;NO_POI
600707_SH.SH,20240311,0.0,-1.3236,CHoCH↑,retrace_ok,CHoCH↑,NO_POI
605196_SH.SH,20240314,0.0,14.3829,CHoCH↑,no_retrace,CHoCH↑,NO_RETRACE;NO_POI
300274_SZ.SZ,20240318,0.0,4.068,CHoCH↑,retrace_ok,CHoCH↑,NO_POI
600233_SH.SH,20240321,0.0,2.9572,BOS↑,no_retrace,BOS↑,NO_RETRACE;NO_POI
002496_SZ.SZ,20240329,0.0,0.6889,CHoCH↑,retrace_ok,CHoCH↑,NO_POI
603219.SH,20240301,10.972,24.3229,BOS↓,retrace_ok,BOS↓,NO_HIGH_BREAK;NO_POI
300124.SZ,20240304,63.63,1.7176,CHoCH↑,no_retrace,CHoCH↑,NO_RETRACE
688072.SH,20240322,142.516,-1.544,CHoCH↑,retrace_ok,CHoCH↑,NO_POI
601689.SH,20240325,41.39,0.396,CHoCH↑,retrace_ok,CHoCH↑,CLEAN
688282.SH,20240325,28.215,-17.5726,CHoCH↑,no_retrace,CHoCH↑,NO_RETRACE
688165.SH,20240329,9.969,-17.8902,BOS↑,retrace_ok,BOS↑,CLEAN
301041.SZ,20240412,21.894,-3.2129,CHoCH↓,retrace_ok,CHoCH↓,NO_HIGH_BREAK;NO_POI
688433.SH,20240415,22.774,-4.8695,CHoCH↓,no_retrace,CHoCH↓,NO_HIGH_BREAK;NO_RETRACE;NO_POI;NEW_LOW_ENTRY
002726.SZ,20240417,7.247,-6.553,CHoCH↑,retrace_ok,CHoCH↑,CLEAN
300759.SZ,20240430,19.157,11.9649,BOS↓,retrace_fail,BOS↓,NO_HIGH_BREAK;NO_RETRACE;NO_POI
688550.SH,20240408,25.449,-2.9917,CHoCH↓,no_retrace,CHoCH↓,NO_HIGH_BREAK;NO_RETRACE;NO_POI
301156.SZ,20240410,8.861,-14.4973,BOS↑,no_retrace,BOS↑,NO_RETRACE
001209.SZ,20240412,15.098,-4.5809,CHoCH↑,retrace_fail,CHoCH↑,NO_RETRACE
600400.SH,20240417,2.386,11.4839,CHoCH↑,retrace_fail,CHoCH↑,NO_RETRACE;NEW_LOW_ENTRY
301429.SZ,20240419,14.481,2.3244,CHoCH↑,no_retrace,CHoCH↑,NO_RETRACE
300470.SZ,20240426,31.129,3.8176,CHoCH↑,no_retrace,CHoCH↑,NO_RETRACE
688580.SH,20240430,29.457,0.9471,BOS↓,retrace_ok,BOS↓,NO_HIGH_BREAK;NO_POI
002782.SZ,20240408,10.397,-5.3465,CHoCH↓,retrace_ok,CHoCH↓,NO_HIGH_BREAK;NO_POI
301246.SZ,20240409,17.221,-4.2764,CHoCH↓,no_retrace,CHoCH↓,NO_HIGH_BREAK;NO_RETRACE;NO_POI
300875.SZ,20240410,28.136,-9.8062,BOS↑,retrace_fail,BOS↑,NO_RETRACE
301533.SZ,20240410,28.129,3.0914,CHoCH↓,retrace_fail,CHoCH↓,NO_HIGH_BREAK;NO_RETRACE;NO_POI
688472.SH,20240410,11.606,-1.4617,BOS↓,retrace_fail,BOS↓,NO_HIGH_BREAK;NO_RETRACE;NO_POI
301227.SZ,20240411,19.382,-9.0657,CHoCH↑,retrace_fail,CHoCH↑,NO_RETRACE
603980.SH,20240411,3.5,-0.1829,CHoCH↑,retrace_ok,CHoCH↑,CLEAN
300481.SZ,20240412,12.126,7.172,CHoCH↑,retrace_fail,CHoCH↑,NO_RETRACE
300801.SZ,20240416,13.281,-6.1549,CHoCH↑,retrace_fail,CHoCH↑,NO_RETRACE;NEW_LOW_ENTRY
000795.SZ,20240418,5.355,6.3858,BOS↑,retrace_fail,BOS↑,NO_RETRACE
301130.SZ,20240418,22.7,6.7722,CHoCH↓,retrace_fail,CHoCH↓,NO_HIGH_BREAK;NO_RETRACE;NO_POI
301335.SZ,20240418,17.432,-4.8306,BOS↓,retrace_fail,BOS↓,NO_HIGH_BREAK;NO_RETRACE;NO_POI
603755.SH,20240418,19.887,10.7912,CHoCH↓,retrace_fail,CHoCH↓,NO_HIGH_BREAK;NO_RETRACE;NO_POI
301263.SZ,20240424,10.652,3.2607,BOS↓,retrace_ok,BOS↓,NO_HIGH_BREAK;NO_POI
300102.SZ,20240425,6.146,-0.3998,BOS↓,retrace_fail,BOS↓,NO_HIGH_BREAK;NO_RETRACE;NO_POI
301171.SZ,20240426,12.337,1.0451,BOS↓,retrace_ok,BOS↓,NO_HIGH_BREAK;NO_POI
300158.SZ,20240430,4.66,2.8127,BOS↓,retrace_ok,BOS↓,NO_HIGH_BREAK;NO_POI
000960_SZ.SZ,20240416,0.0,-5.9714,BOS↑,retrace_ok,BOS↑,NO_POI
000425_SZ.SZ,20240418,0.0,0.6075,BOS↑,no_retrace,BOS↑,NO_RETRACE;NO_POI
603233.SH,20240403,19.51,-0.9661,CHoCH↓,retrace_ok,CHoCH↓,NO_HIGH_BREAK;NO_POI
688183.SH,20240403,8.023,2.6642,BOS↑,retrace_fail,BOS↑,NO_RETRACE
301021.SZ,20240408,17.89,-9.3871,CHoCH↑,retrace_fail,CHoCH↑,NO_RETRACE
301095.SZ,20240412,50.027,-3.4157,BOS↓,retrace_ok,BOS↓,NO_HIGH_BREAK;NO_POI
002932.SZ,20240418,18.831,4.3182,CHoCH↑,retrace_ok,CHoCH↑,CLEAN
688371.SH,20240418,10.188,-2.9182,BOS↓,retrace_ok,BOS↓,NO_HIGH_BREAK;NO_POI
300080.SZ,20240430,4.079,-5.0194,BOS↓,no_retrace,BOS↓,NO_HIGH_BREAK;NO_RETRACE;NO_POI
300786.SZ,20240430,11.751,1.4576,CHoCH↓,retrace_ok,CHoCH↓,NO_HIGH_BREAK;NO_POI
002426.SZ,20240507,1.713,2.3564,BOS↓,retrace_fail,BOS↓,NO_HIGH_BREAK;NO_RETRACE;NO_POI
688202.SH,20240509,41.313,-19.3939,CHoCH↓,retrace_fail,CHoCH↓,NO_HIGH_BREAK;NO_RETRACE;NO_POI
688502.SH,20240516,92.766,2.6965,CHoCH↑,retrace_fail,CHoCH↑,NO_RETRACE
600666.SH,20240524,1.426,-6.1923,BOS↓,retrace_fail,BOS↓,NO_HIGH_BREAK;NO_RETRACE;NO_POI
000757.SZ,20240506,3.3,-3.424,CHoCH↑,retrace_fail,CHoCH↑,NO_RETRACE
002602.SZ,20240506,4.69,-14.9458,BOS↓,retrace_fail,BOS↓,NO_HIGH_BREAK;NO_RETRACE;NO_POI
600530.SH,20240520,2.318,5.1973,CHoCH↑,no_retrace,CHoCH↑,NO_RETRACE;NO_POI
301428.SZ,20240530,26.138,4.4456,CHoCH↑,retrace_fail,CHoCH↑,NO_RETRACE
002583.SZ,20240506,4.32,-1.3239,CHoCH↑,no_retrace,CHoCH↑,NO_RETRACE;NO_POI
300700.SZ,20240506,7.73,0.1166,CHoCH↓,retrace_ok,CHoCH↓,NO_HIGH_BREAK;NO_POI
001267.SZ,20240508,3.93,8.6069,BOS↓,retrace_fail,BOS↓,NO_HIGH_BREAK;NO_RETRACE;NO_POI
300138.SZ,20240510,10.32,-9.5868,CHoCH↓,no_retrace,CHoCH↓,NO_HIGH_BREAK;NO_RETRACE;NO_POI
300759.SZ,20240510,20.211,0.6372,BOS↓,retrace_fail,BOS↓,NO_HIGH_BREAK;NO_RETRACE;NO_POI
688084.SH,20240517,40.992,19.6201,BOS↓,no_retrace,BOS↓,NO_HIGH_BREAK;NO_RETRACE;NO_POI
002289.SZ,20240520,3.68,0.6579,BOS↓,retrace_fail,BOS↓,NO_HIGH_BREAK;NO_RETRACE;NO_POI
300143.SZ,20240506,6.513,0.4139,BOS↓,retrace_fail,BOS↓,NO_HIGH_BREAK;NO_RETRACE;NO_POI
300335.SZ,20240507,4.178,7.4642,CHoCH↓,retrace_fail,CHoCH↓,NO_HIGH_BREAK;NO_RETRACE;NO_POI
301313.SZ,20240508,23.563,-0.1965,BOS↓,retrace_ok,BOS↓,NO_HIGH_BREAK;NO_POI
600778.SH,20240508,4.475,-0.9529,CHoCH↓,retrace_ok,CHoCH↓,NO_HIGH_BREAK;NO_POI
688184.SH,20240508,16.325,-0.1891,CHoCH↑,no_retrace,CHoCH↑,NO_RETRACE
600337.SH,20240509,2.318,-4.7052,CHoCH↓,retrace_ok,CHoCH↓,NO_HIGH_BREAK;NO_POI
000989.SZ,20240510,8.06,-9.7704,BOS↓,retrace_ok,BOS↓,NO_HIGH_BREAK;NO_POI
688677.SH,20240510,45.399,-9.8115,CHoCH↓,no_retrace,CHoCH↓,NO_HIGH_BREAK;NO_RETRACE;NO_POI
688677.SH,20240516,42.825,-4.3788,CHoCH↓,no_retrace,CHoCH↓,NO_HIGH_BREAK;NO_RETRACE;NO_POI
600183_SH.SH,20240513,0.0,3.1803,CHoCH↑,no_retrace,CHoCH↑,NO_RETRACE;NO_POI
300910_SZ.SZ,20240514,0.0,-6.9431,CHoCH↑,retrace_ok,CHoCH↑,NO_POI
601113_SH.SH,20240514,0.0,-8.513,BOS↑,no_retrace,BOS↑,NO_RETRACE;NO_POI
300702_SZ.SZ,20240515,0.0,-6.9211,CHoCH↑,retrace_ok,CHoCH↑,NO_POI
002155_SZ.SZ,20240516,0.0,8.2538,CHoCH↑,retrace_ok,CHoCH↑,NO_POI
002481_SZ.SZ,20240516,0.0,-8.3836,CHoCH↑,no_retrace,CHoCH↑,NO_RETRACE;NO_POI
603228_SH.SH,20240516,0.0,-3.3622,CHoCH↑,retrace_ok,CHoCH↑,NO_POI
000791_SZ.SZ,20240520,0.0,-8.8402,CHoCH↑,no_retrace,CHoCH↑,NO_RETRACE;NO_POI
002569_SZ.SZ,20240520,0.0,-3.7294,CHoCH↑,no_retrace,CHoCH↑,NO_RETRACE;NO_POI
603320_SH.SH,20240520,0.0,-2.1048,CHoCH↓,retrace_fail,CHoCH↓,NO_HIGH_BREAK;NO_RETRACE;NO_POI
603507_SH.SH,20240520,0.0,0.9066,BOS↑,retrace_ok,BOS↑,NO_POI
601825_SH.SH,20240522,0.0,-11.4053,CHoCH↑,retrace_ok,CHoCH↑,NO_POI
000607.SZ,20240507,3.941,-3.6919,CHoCH↓,retrace_ok,CHoCH↓,NO_HIGH_BREAK;NO_POI
002488.SZ,20240507,5.443,-5.8091,CHoCH↑,retrace_ok,CHoCH↑,CLEAN
300575.SZ,20240507,6.12,1.8669,BOS↓,retrace_fail,BOS↓,NO_HIGH_BREAK;NO_RETRACE;NO_POI
300821.SZ,20240507,7.995,1.4726,CHoCH↑,no_retrace,CHoCH↑,NO_RETRACE
003016.SZ,20240508,6.559,4.1841,CHoCH↓,retrace_fail,CHoCH↓,NO_HIGH_BREAK;NO_RETRACE;NO_POI
301037.SZ,20240508,10.537,-0.1372,CHoCH↑,no_retrace,CHoCH↑,NO_RETRACE
600180.SH,20240508,4.622,0.3775,BOS↓,retrace_ok,BOS↓,NO_HIGH_BREAK;NO_POI
688420.SH,20240508,22.071,-3.3257,BOS↓,retrace_fail,BOS↓,NO_HIGH_BREAK;NO_RETRACE;NO_POI
300903.SZ,20240509,6.94,4.3457,BOS↓,retrace_ok,BOS↓,NO_HIGH_BREAK;NO_POI
301057.SZ,20240509,12.248,0.7247,CHoCH↓,retrace_fail,CHoCH↓,NO_HIGH_BREAK;NO_RETRACE;NO_POI
603153.SH,20240509,18.304,-7.8974,CHoCH↓,retrace_fail,CHoCH↓,NO_HIGH_BREAK;NO_RETRACE;NO_POI
301313.SZ,20240506,23.621,0.403,BOS↓,retrace_ok,BOS↓,NO_HIGH_BREAK;NO_POI
600703.SH,20240507,12.417,-0.4045,BOS↓,retrace_fail,BOS↓,NO_HIGH_BREAK;NO_RETRACE;NO_POI
002426.SZ,20240510,1.703,1.3093,BOS↓,retrace_fail,BOS↓,NO_HIGH_BREAK;NO_RETRACE;NO_POI
601929.SH,20240606,1.138,-12.5406,BOS↓,no_retrace,BOS↓,NO_HIGH_BREAK;NO_RETRACE;NO_POI
605338.SH,20240617,13.038,-9.6896,CHoCH↓,retrace_ok,CHoCH↓,NO_HIGH_BREAK;NO_POI
600653.SH,20240603,1.48,4.6576,BOS↓,retrace_fail,BOS↓,NO_HIGH_BREAK;NO_RETRACE;NO_POI
301169.SZ,20240605,27.591,-2.8396,BOS↓,retrace_ok,BOS↓,NO_HIGH_BREAK;NO_POI;NEW_LOW_ENTRY
002445.SZ,20240613,1.762,-1.0907,BOS↓,retrace_ok,BOS↓,NO_HIGH_BREAK;NO_POI
605151.SH,20240613,15.127,-3.574,BOS↓,retrace_fail,BOS↓,NO_HIGH_BREAK;NO_RETRACE;NO_POI
600022.SH,20240617,1.238,0.2857,BOS↓,retrace_ok,BOS↓,NO_HIGH_BREAK;NO_POI
002702.SZ,20240620,3.802,-3.5921,CHoCH↑,no_retrace,CHoCH↑,NO_RETRACE
688455.SH,20240620,8.306,-3.8374,BOS↓,retrace_ok,BOS↓,NO_HIGH_BREAK;NO_POI
300019.SZ,20240621,13.226,-7.8939,CHoCH↓,retrace_fail,CHoCH↓,NO_HIGH_BREAK;NO_RETRACE;NO_POI
600234.SH,20240613,2.14,0.2997,BOS↓,retrace_fail,BOS↓,NO_HIGH_BREAK;NO_RETRACE;NO_POI
002105.SZ,20240617,4.247,4.133,BOS↓,retrace_ok,BOS↓,NO_HIGH_BREAK;NO_POI
600307.SH,20240617,1.218,-0.2113,BOS↓,retrace_ok,BOS↓,NO_HIGH_BREAK;NO_POI
601005.SH,20240617,1.109,-4.535,BOS↓,retrace_fail,BOS↓,NO_HIGH_BREAK;NO_RETRACE;NO_POI
603333.SH,20240619,3.257,-7.6647,BOS↓,no_retrace,BOS↓,NO_HIGH_BREAK;NO_RETRACE;NO_POI
002271.SZ,20240603,14.602,-8.4132,CHoCH↑,retrace_fail,CHoCH↑,NO_RETRACE;NEW_LOW_ENTRY
688591.SH,20240606,17.724,8.345,BOS↓,retrace_ok,BOS↓,NO_HIGH_BREAK;NO_POI
002367.SZ,20240614,5.564,-2.7998,CHoCH↓,retrace_ok,CHoCH↓,NO_HIGH_BREAK;NO_POI;NEW_LOW_ENTRY
688737.SH,20240614,17.216,-8.0519,BOS↓,retrace_ok,BOS↓,NO_HIGH_BREAK;NO_POI
600130.SH,20240617,3.18,-0.086,BOS↓,retrace_fail,BOS↓,NO_HIGH_BREAK;NO_RETRACE;NO_POI
688576.SH,20240619,39.132,-5.9309,BOS↓,retrace_ok,BOS↓,NO_HIGH_BREAK;NO_POI
002203.SZ,20240620,8.197,-5.2922,BOS↓,retrace_ok,BOS↓,NO_HIGH_BREAK;NO_POI
301115.SZ,20240604,15.295,-2.738,CHoCH↑,retrace_fail,CHoCH↑,NO_RETRACE;NEW_LOW_ENTRY
600576.SH,20240605,5.089,-2.3336,BOS↓,retrace_ok,BOS↓,NO_HIGH_BREAK;NO_POI;NEW_LOW_ENTRY
002132.SZ,20240614,2.198,-3.0244,BOS↓,no_retrace,BOS↓,NO_HIGH_BREAK;NO_RETRACE;NO_POI
301207.SZ,20240614,16.686,-5.6631,BOS↓,no_retrace,BOS↓,NO_HIGH_BREAK;NO_RETRACE;NO_POI
600699.SH,20240614,14.995,0.4238,CHoCH↓,retrace_ok,CHoCH↓,NO_HIGH_BREAK;NO_POI
601880.SH,20240614,1.229,-1.4729,BOS↓,retrace_ok,BOS↓,NO_HIGH_BREAK;NO_POI;NEW_LOW_ENTRY
300597.SZ,20240617,6.675,10.8356,BOS↓,no_retrace,BOS↓,NO_HIGH_BREAK;NO_RETRACE;NO_POI
688455.SH,20240617,7.9,1.1136,BOS↓,retrace_ok,BOS↓,NO_HIGH_BREAK;NO_POI
000672.SZ,20240619,4.914,1.2249,CHoCH↓,no_retrace,CHoCH↓,NO_HIGH_BREAK;NO_RETRACE;NO_POI
002132.SZ,20240619,2.25,-6.6096,BOS↓,no_retrace,BOS↓,NO_HIGH_BREAK;NO_RETRACE;NO_POI
688236.SH,20240619,14.422,-1.4751,BOS↓,retrace_ok,BOS↓,NO_HIGH_BREAK;NO_POI;NEW_LOW_ENTRY
000510.SZ,20240620,2.95,0.0041,BOS↓,retrace_ok,BOS↓,NO_HIGH_BREAK;NO_POI
000672.SZ,20240620,4.885,2.0385,CHoCH↓,no_retrace,CHoCH↓,NO_HIGH_BREAK;NO_RETRACE;NO_POI
603153.SH,20240620,16.7,-6.183,BOS↓,retrace_fail,BOS↓,NO_HIGH_BREAK;NO_RETRACE;NO_POI
603863.SH,20240620,18.226,4.4413,CHoCH↓,no_retrace,CHoCH↓,NO_HIGH_BREAK;NO_RETRACE;NO_POI
688232.SH,20240620,19.67,-4.4588,BOS↓,retrace_fail,BOS↓,NO_HIGH_BREAK;NO_RETRACE;NO_POI
600992_SH.SH,20240617,0.0,-3.9661,BOS↑,no_retrace,BOS↑,NO_RETRACE;NO_POI
301248.SZ,20240606,13.018,-3.1481,CHoCH↓,no_retrace,CHoCH↓,NO_HIGH_BREAK;NO_RETRACE;NO_POI;NEW_LOW_ENTRY
002932.SZ,20240611,17.502,-2.6753,BOS↓,retrace_fail,BOS↓,NO_HIGH_BREAK;NO_RETRACE;NO_POI
002570.SZ,20240614,2.564,-6.2309,BOS↓,no_retrace,BOS↓,NO_HIGH_BREAK;NO_RETRACE;NO_POI
000882.SZ,20240617,1.138,-9.5978,CHoCH↓,no_retrace,CHoCH↓,NO_HIGH_BREAK;NO_RETRACE;NO_POI
300841.SZ,20240618,53.513,-3.427,CHoCH↓,retrace_ok,CHoCH↓,NO_HIGH_BREAK;NO_POI
000795.SZ,20240619,5.331,-4.7738,BOS↓,retrace_ok,BOS↓,NO_HIGH_BREAK;NO_POI
002700_SZ.SZ,20240701,0.0,14.6357,BOS↑,no_retrace,BOS↑,NO_RETRACE;NO_POI
002700_SZ.SZ,20240708,0.0,23.7079,BOS↑,no_retrace,BOS↑,NO_RETRACE;NO_POI
002255.SZ,20240816,4.396,-3.1704,CHoCH↑,retrace_fail,CHoCH↑,NO_RETRACE;NO_POI
688211.SH,20240808,24.156,-4.019,BOS↓,retrace_fail,BOS↓,NO_HIGH_BREAK;NO_RETRACE;NO_POI
000981.SZ,20240805,1.396,-15.8356,CHoCH↑,no_retrace,CHoCH↑,NO_RETRACE;NO_POI
002706.SZ,20240805,5.754,-1.82,BOS↓,retrace_fail,BOS↓,NO_HIGH_BREAK;NO_RETRACE;NO_POI
600955.SH,20240807,13.86,-4.5581,CHoCH↑,retrace_fail,CHoCH↑,NO_RETRACE
688067.SH,20240807,13.597,-6.0515,CHoCH↑,retrace_ok,CHoCH↑,CLEAN
300770.SZ,20240808,26.714,0.6872,BOS↓,retrace_fail,BOS↓,NO_HIGH_BREAK;NO_RETRACE;NO_POI
000538.SZ,20240809,47.53,2.2671,CHoCH↓,retrace_fail,CHoCH↓,NO_HIGH_BREAK;NO_RETRACE;NO_POI
002996.SZ,20240809,5.202,-5.6483,CHoCH↓,retrace_ok,CHoCH↓,NO_HIGH_BREAK;NO_POI
600256.SH,20240812,5.282,4.0851,BOS↓,retrace_fail,BOS↓,NO_HIGH_BREAK;NO_RETRACE;NO_POI
601966.SH,20240812,15.987,-5.7839,BOS↓,retrace_ok,BOS↓,NO_HIGH_BREAK;NO_POI
001330.SZ,20240830,4.1,-0.5997,BOS↓,no_retrace,BOS↓,NO_HIGH_BREAK;NO_RETRACE;NO_POI
301035.SZ,20240807,29.004,-7.0512,CHoCH↑,no_retrace,CHoCH↑,NO_RETRACE
688371.SH,20240807,8.772,7.093,BOS↓,retrace_fail,BOS↓,NO_HIGH_BREAK;NO_RETRACE;NO_POI
002706.SZ,20240808,5.784,-6.0845,BOS↓,retrace_fail,BOS↓,NO_HIGH_BREAK;NO_RETRACE;NO_POI
002870.SZ,20240809,28.616,2.5439,CHoCH↑,retrace_fail,CHoCH↑,NO_RETRACE
600256.SH,20240809,5.335,0.5542,BOS↓,retrace_fail,BOS↓,NO_HIGH_BREAK;NO_RETRACE;NO_POI
688371.SH,20240809,8.831,0.7303,BOS↓,retrace_fail,BOS↓,NO_HIGH_BREAK;NO_RETRACE;NO_POI
002455.SZ,20240812,7.267,-4.0221,BOS↓,retrace_ok,BOS↓,NO_HIGH_BREAK;NO_POI
300432.SZ,20240813,4.257,1.4077,BOS↓,retrace_fail,BOS↓,NO_HIGH_BREAK;NO_RETRACE;NO_POI
688475.SH,20240814,26.304,-2.0543,BOS↓,retrace_ok,BOS↓,NO_HIGH_BREAK;NO_POI
688310.SH,20240816,10.425,1.087,BOS↓,retrace_fail,BOS↓,NO_HIGH_BREAK;NO_RETRACE;NO_POI
605056.SH,20240822,8.559,7.9197,BOS↓,retrace_fail,BOS↓,NO_HIGH_BREAK;NO_RETRACE;NO_POI
002493.SZ,20240823,8.39,-1.3514,CHoCH↓,retrace_ok,CHoCH↓,NO_HIGH_BREAK;NO_POI
603815.SH,20240826,5.086,7.2137,BOS↓,retrace_ok,BOS↓,NO_HIGH_BREAK;NO_POI
688080.SH,20240826,23.918,1.4011,BOS↓,retrace_fail,BOS↓,NO_HIGH_BREAK;NO_RETRACE;NO_POI
300982.SZ,20240805,16.261,0.3629,CHoCH↑,retrace_fail,CHoCH↑,NO_RETRACE
688499.SH,20240805,18.662,-8.1738,BOS↓,retrace_fail,BOS↓,NO_HIGH_BREAK;NO_RETRACE;NO_POI
300376.SZ,20240807,2.767,-14.389,BOS↓,no_retrace,BOS↓,NO_HIGH_BREAK;NO_RETRACE;NO_POI
688610.SH,20240807,28.36,-4.9406,BOS↓,retrace_ok,BOS↓,NO_HIGH_BREAK;NO_POI
603033.SH,20240808,10.177,-2.5647,BOS↓,retrace_ok,BOS↓,NO_HIGH_BREAK;NO_POI;NEW_LOW_ENTRY
688400.SH,20240808,14.019,-0.246,CHoCH↑,retrace_fail,CHoCH↑,NO_RETRACE
688598.SH,20240808,16.939,-11.2468,CHoCH↑,retrace_ok,CHoCH↑,CLEAN
002440.SZ,20240809,5.482,-3.5792,BOS↑,no_retrace,BOS↑,NO_RETRACE
300687.SZ,20240809,12.306,-2.0362,BOS↓,retrace_fail,BOS↓,NO_HIGH_BREAK;NO_RETRACE;NO_POI
301260.SZ,20240809,12.55,-4.1657,BOS↓,retrace_ok,BOS↓,NO_HIGH_BREAK;NO_POI
688707.SH,20240809,8.643,-1.7012,BOS↓,retrace_fail,BOS↓,NO_HIGH_BREAK;NO_RETRACE;NO_POI
300071.SZ,20240812,2.228,5.5367,CHoCH↑,retrace_ok,CHoCH↑,CLEAN
601969.SH,20240812,5.471,-4.1915,BOS↓,retrace_ok,BOS↓,NO_HIGH_BREAK;NO_POI
688598.SH,20240812,16.107,-3.1823,CHoCH↑,retrace_fail,CHoCH↑,NO_RETRACE
600653.SH,20240814,1.346,-7.5453,BOS↑,no_retrace,BOS↑,NO_RETRACE
300481.SZ,20240815,11.693,-2.7073,BOS↓,retrace_ok,BOS↓,NO_HIGH_BREAK;NO_POI
300820.SZ,20240816,37.805,0.9703,BOS↑,retrace_fail,BOS↑,NO_RETRACE
688496.SH,20240816,7.722,-9.0387,BOS↓,retrace_fail,BOS↓,NO_HIGH_BREAK;NO_RETRACE;NO_POI
688426.SH,20240819,17.84,-5.8251,CHoCH↑,retrace_ok,CHoCH↑,NO_POI
301093.SZ,20240820,10.847,7.4717,CHoCH↑,retrace_ok,CHoCH↑,CLEAN
002955.SZ,20240805,20.129,10.2047,BOS↓,retrace_fail,BOS↓,NO_HIGH_BREAK;NO_RETRACE;NO_POI
605168.SH,20240805,22.77,-0.1237,CHoCH↑,retrace_ok,CHoCH↑,CLEAN
003023.SZ,20240807,14.71,-0.4134,CHoCH↑,retrace_fail,CHoCH↑,NO_RETRACE
301260.SZ,20240807,12.55,-4.4043,BOS↓,retrace_ok,BOS↓,NO_HIGH_BREAK;NO_POI
600810.SH,20240807,5.902,-1.7589,BOS↓,retrace_fail,BOS↓,NO_HIGH_BREAK;NO_RETRACE;NO_POI
688078.SH,20240807,20.854,1.8016,BOS↓,retrace_fail,BOS↓,NO_HIGH_BREAK;NO_RETRACE;NO_POI
002058.SZ,20240808,7.346,-5.3696,CHoCH↑,retrace_fail,CHoCH↑,NO_RETRACE
300801.SZ,20240808,13.765,-6.1345,BOS↓,retrace_fail,BOS↓,NO_HIGH_BREAK;NO_RETRACE;NO_POI
300376.SZ,20240812,2.561,-3.2884,BOS↓,no_retrace,BOS↓,NO_HIGH_BREAK;NO_RETRACE;NO_POI
301115.SZ,20240812,12.38,8.637,BOS↓,retrace_fail,BOS↓,NO_HIGH_BREAK;NO_RETRACE;NO_POI
603201.SH,20240812,11.286,-4.7656,BOS↓,retrace_ok,BOS↓,NO_HIGH_BREAK;NO_POI
002219.SZ,20240821,1.742,1.1811,CHoCH↑,retrace_fail,CHoCH↑,NO_RETRACE
603566.SH,20240821,10.719,-3.0096,BOS↓,retrace_ok,BOS↓,NO_HIGH_BREAK;NO_POI
600143.SH,20240822,6.472,2.2217,BOS↑,retrace_ok,BOS↑,CLEAN
603312.SH,20240826,24.79,8.9924,CHoCH↓,retrace_fail,CHoCH↓,NO_HIGH_BREAK;NO_RETRACE;NO_POI
301529.SZ,20240830,19.985,8.5205,BOS↓,retrace_ok,BOS↓,NO_HIGH_BREAK;NO_POI
000908_SZ.SZ,20240815,0.0,62.6906,CHoCH↑,no_retrace,CHoCH↑,NO_RETRACE;NO_POI
000878.SZ,20240807,10.94,-1.4033,BOS↓,no_retrace,BOS↓,NO_HIGH_BREAK;NO_RETRACE;NO_POI
688163.SH,20240819,12.721,3.5109,CHoCH↑,retrace_ok,CHoCH↑,NO_POI
688089.SH,20240822,14.602,0.6818,BOS↑,retrace_fail,BOS↑,NO_RETRACE
300627.SZ,20240830,18.479,5.9623,BOS↓,retrace_ok,BOS↓,NO_HIGH_BREAK;NO_POI
300801.SZ,20240830,13.074,-4.4455,BOS↓,retrace_ok,BOS↓,NO_HIGH_BREAK;NO_POI
002627.SZ,20240812,4.541,-2.029,CHoCH↑,retrace_fail,CHoCH↑,NO_RETRACE
600679.SH,20240812,9.111,-6.7308,BOS↑,retrace_fail,BOS↑,NO_RETRACE
600382.SH,20240905,3.425,3.784,BOS↓,retrace_fail,BOS↓,NO_HIGH_BREAK;NO_RETRACE;NO_POI
300073.SZ,20240902,29.677,4.5596,BOS↓,retrace_fail,BOS↓,NO_HIGH_BREAK;NO_RETRACE;NO_POI
002706.SZ,20240905,5.477,5.9111,BOS↓,retrace_ok,BOS↓,NO_HIGH_BREAK;NO_POI
002758.SZ,20240925,6.942,4.2006,CHoCH↑,no_retrace,CHoCH↑,NO_RETRACE
301303.SZ,20240926,10.26,2.9074,BOS↓,retrace_fail,BOS↓,NO_HIGH_BREAK;NO_RETRACE;NO_POI
601678.SH,20240925,3.31,1.4093,CHoCH↑,no_retrace,CHoCH↑,NO_RETRACE;NO_POI
688686.SH,20240925,45.876,15.2546,BOS↓,retrace_ok,BOS↓,NO_HIGH_BREAK;NO_POI
605266.SH,20240904,16.918,15.4097,BOS↓,retrace_ok,BOS↓,NO_HIGH_BREAK;NO_POI
688768.SH,20240906,21.998,2.9221,CHoCH↓,retrace_fail,CHoCH↓,NO_HIGH_BREAK;NO_RETRACE;NO_POI
002706.SZ,20240909,5.338,11.4145,BOS↓,retrace_ok,BOS↓,NO_HIGH_BREAK;NO_POI
601969.SH,20240909,5.07,9.1517,BOS↓,retrace_ok,BOS↓,NO_HIGH_BREAK;NO_POI;NEW_LOW_ENTRY
603918.SH,20240909,9.158,0.3903,CHoCH↑,no_retrace,CHoCH↑,NO_RETRACE
002758.SZ,20240923,6.572,8.1194,BOS↓,retrace_fail,BOS↓,NO_HIGH_BREAK;NO_RETRACE;NO_POI
600873.SH,20240925,8.422,12.3754,BOS↓,retrace_fail,BOS↓,NO_HIGH_BREAK;NO_RETRACE;NO_POI
688448.SH,20240926,12.185,10.7654,BOS↓,retrace_fail,BOS↓,NO_HIGH_BREAK;NO_RETRACE;NO_POI
688612.SH,20240926,18.293,19.2173,BOS↓,retrace_ok,BOS↓,NO_HIGH_BREAK;NO_POI
002443.SZ,20240902,4.924,0.2029,CHoCH↓,retrace_ok,CHoCH↓,NO_HIGH_BREAK;NO_POI
002014.SZ,20240904,8.49,-1.5753,BOS↓,no_retrace,BOS↓,NO_HIGH_BREAK;NO_RETRACE;NO_POI
002458.SZ,20240904,5.783,-2.8145,CHoCH↓,retrace_ok,CHoCH↓,NO_HIGH_BREAK;NO_POI
603300.SH,20240904,4.46,-4.8901,BOS↓,retrace_ok,BOS↓,NO_HIGH_BREAK;NO_POI
688719.SH,20240904,21.127,-5.2511,BOS↓,retrace_ok,BOS↓,NO_HIGH_BREAK;NO_POI
600588.SH,20240906,8.524,0.4997,CHoCH↓,retrace_ok,CHoCH↓,NO_HIGH_BREAK;NO_POI
603008.SH,20240906,13.801,6.3068,BOS↓,retrace_ok,BOS↓,NO_HIGH_BREAK;NO_POI
603087.SH,20240909,36.646,-3.683,BOS↓,retrace_ok,BOS↓,NO_HIGH_BREAK;NO_POI
688017.SH,20240909,61.727,-6.3434,CHoCH↓,retrace_ok,CHoCH↓,NO_HIGH_BREAK;NO_POI
300073.SZ,20240911,30.291,0.0015,CHoCH↑,retrace_fail,CHoCH↑,NO_RETRACE
301047.SZ,20240911,48.96,18.6695,CHoCH↓,retrace_ok,CHoCH↓,NO_HIGH_BREAK;NO_POI
605009.SH,20240911,21.093,14.4274,BOS↓,retrace_ok,BOS↓,NO_HIGH_BREAK;NO_POI
002706.SZ,20240912,5.462,6.781,BOS↓,retrace_ok,BOS↓,NO_HIGH_BREAK;NO_POI
002901.SZ,20240912,23.503,-0.1578,CHoCH↑,retrace_ok,CHoCH↑,CLEAN
688153.SH,20240912,27.922,-3.4932,BOS↓,retrace_fail,BOS↓,NO_HIGH_BREAK;NO_RETRACE;NO_POI
301115.SZ,20240919,12.15,16.0529,CHoCH↑,retrace_fail,CHoCH↑,NO_RETRACE
002702.SZ,20240923,3.138,2.4845,BOS↓,retrace_fail,BOS↓,NO_HIGH_BREAK;NO_RETRACE;NO_POI
688172.SH,20240923,12.21,8.959,BOS↓,retrace_ok,BOS↓,NO_HIGH_BREAK;NO_POI
600380.SH,20240925,9.68,5.3841,BOS↓,retrace_fail,BOS↓,NO_HIGH_BREAK;NO_RETRACE;NO_POI
600497.SH,20240925,4.801,4.4021,BOS↓,no_retrace,BOS↓,NO_HIGH_BREAK;NO_RETRACE;NO_POI
603173.SH,20240925,16.555,1.5293,BOS↓,retrace_ok,BOS↓,NO_HIGH_BREAK;NO_POI
688419.SH,20240925,15.36,13.5469,BOS↓,retrace_fail,BOS↓,NO_HIGH_BREAK;NO_RETRACE;NO_POI
300447.SZ,20240926,11.041,22.4329,BOS↓,retrace_fail,BOS↓,NO_HIGH_BREAK;NO_RETRACE;NO_POI
603365.SH,20240926,10.245,20.4467,CHoCH↑,no_retrace,CHoCH↑,NO_RETRACE
688573.SH,20240926,13.39,19.0012,BOS↓,retrace_fail,BOS↓,NO_HIGH_BREAK;NO_RETRACE;NO_POI
688496.SH,20240904,7.257,-8.3409,BOS↓,retrace_fail,BOS↓,NO_HIGH_BREAK;NO_RETRACE;NO_POI
301108.SZ,20240905,16.036,-0.6357,BOS↓,retrace_ok,BOS↓,NO_HIGH_BREAK;NO_POI
301322.SZ,20240905,17.52,1.1382,CHoCH↓,retrace_ok,CHoCH↓,NO_HIGH_BREAK;NO_POI
600867.SH,20240905,7.072,-1.3977,BOS↓,retrace_ok,BOS↓,NO_HIGH_BREAK;NO_POI
301223.SZ,20240909,13.385,5.8559,CHoCH↓,retrace_ok,CHoCH↓,NO_HIGH_BREAK;NO_POI
002132.SZ,20240910,2.128,3.4215,CHoCH↑,retrace_ok,CHoCH↑,CLEAN
300802.SZ,20240910,13.677,-0.8303,BOS↓,retrace_ok,BOS↓,NO_HIGH_BREAK;NO_POI
000592.SZ,20240911,1.465,5.5125,CHoCH↑,retrace_fail,CHoCH↑,NO_RETRACE
002443.SZ,20240911,4.954,4.4552,CHoCH↓,retrace_ok,CHoCH↓,NO_HIGH_BREAK;NO_POI
002925.SZ,20240911,10.992,0.2022,CHoCH↑,retrace_fail,CHoCH↑,NO_RETRACE
600060.SH,20240911,13.87,0.3559,BOS↓,no_retrace,BOS↓,NO_HIGH_BREAK;NO_RETRACE;NO_POI
001203.SZ,20240912,7.41,-1.0395,BOS↓,retrace_ok,BOS↓,NO_HIGH_BREAK;NO_POI
300736.SZ,20240919,8.2,18.477,CHoCH↑,retrace_fail,CHoCH↑,NO_RETRACE
002353.SZ,20240920,27.047,14.8403,BOS↓,retrace_fail,BOS↓,NO_HIGH_BREAK;NO_RETRACE;NO_POI
300802.SZ,20240920,13.174,9.1157,BOS↓,retrace_fail,BOS↓,NO_HIGH_BREAK;NO_RETRACE;NO_POI
600507.SH,20240920,3.354,13.1647,BOS↓,no_retrace,BOS↓,NO_HIGH_BREAK;NO_RETRACE;NO_POI
603365.SH,20240920,9.38,22.3446,BOS↓,retrace_fail,BOS↓,NO_HIGH_BREAK;NO_RETRACE;NO_POI
603182.SH,20240923,9.811,2.246,BOS↓,retrace_fail,BOS↓,NO_HIGH_BREAK;NO_RETRACE;NO_POI
600380.SH,20240904,9.45,-3.3568,BOS↓,retrace_ok,BOS↓,NO_HIGH_BREAK;NO_POI
603282.SH,20240904,12.047,9.4722,CHoCH↓,retrace_ok,CHoCH↓,NO_HIGH_BREAK;NO_POI
301093.SZ,20240905,11.768,-1.2055,BOS↑,retrace_ok,BOS↑,NO_POI
002458.SZ,20240906,5.897,-4.6595,CHoCH↓,retrace_ok,CHoCH↓,NO_HIGH_BREAK;NO_POI
301223.SZ,20240906,13.415,2.6504,CHoCH↓,retrace_ok,CHoCH↓,NO_HIGH_BREAK;NO_POI
600809.SH,20240912,145.807,-4.1145,CHoCH↓,retrace_ok,CHoCH↓,NO_HIGH_BREAK;NO_POI;NEW_LOW_ENTRY
301107.SZ,20240924,10.1,9.7304,BOS↓,retrace_ok,BOS↓,NO_HIGH_BREAK;NO_POI
603356.SH,20240926,11.93,8.8357,CHoCH↑,retrace_fail,CHoCH↑,NO_RETRACE
600975.SH,20241010,6.21,2.1715,CHoCH↑,no_retrace,CHoCH↑,NO_RETRACE
002996.SZ,20241017,5.556,15.6613,CHoCH↑,retrace_ok,CHoCH↑,CLEAN
605296.SH,20241030,29.522,-1.5553,BOS↑,no_retrace,BOS↑,NO_RETRACE
601975.SH,20241015,3.31,-0.5979,CHoCH↑,retrace_ok,CHoCH↑,CLEAN
603173.SH,20241021,17.215,24.1807,CHoCH↑,retrace_ok,CHoCH↑,CLEAN
002993.SZ,20241030,25.873,0.5854,BOS↑,retrace_fail,BOS↑,NO_RETRACE
601872.SH,20241021,6.724,-6.0399,CHoCH↓,retrace_ok,CHoCH↓,NO_HIGH_BREAK;NO_POI
601872.SH,20241022,6.538,-4.2764,CHoCH↓,retrace_ok,CHoCH↓,NO_HIGH_BREAK;NO_POI
603986.SH,20241022,89.021,7.9918,CHoCH↑,no_retrace,CHoCH↑,NO_RETRACE
600750.SH,20241023,20.661,-3.5941,CHoCH↑,no_retrace,CHoCH↑,NO_RETRACE
601985.SH,20241023,10.167,-4.7589,BOS↓,retrace_fail,BOS↓,NO_HIGH_BREAK;NO_RETRACE;NO_POI
000703.SZ,20241025,6.29,1.3455,CHoCH↑,retrace_ok,CHoCH↑,CLEAN
000683.SZ,20241014,5.51,7.7509,CHoCH↑,no_retrace,CHoCH↑,NO_RETRACE
601872.SH,20241015,6.865,-9.5685,CHoCH↓,retrace_ok,CHoCH↓,NO_HIGH_BREAK;NO_POI
688443.SH,20241017,25.037,17.4495,CHoCH↑,retrace_fail,CHoCH↑,NO_RETRACE
000157.SZ,20241021,6.861,7.2997,CHoCH↑,no_retrace,CHoCH↑,NO_RETRACE
002993.SZ,20241031,26.259,10.68,BOS↑,retrace_fail,BOS↑,NO_RETRACE
002302_SZ.SZ,20241011,0.0,3.6571,BOS↑,no_retrace,BOS↑,NO_RETRACE;NO_POI
600239_SH.SH,20241011,0.0,-2.3661,CHoCH↑,retrace_ok,CHoCH↑,NO_POI
600322_SH.SH,20241011,0.0,0.8417,CHoCH↑,retrace_ok,CHoCH↑,NO_POI
600397_SH.SH,20241011,0.0,3.6627,BOS↑,retrace_ok,BOS↑,NO_POI
600835_SH.SH,20241011,0.0,21.0604,CHoCH↑,no_retrace,CHoCH↑,NO_RETRACE;NO_POI
002058_SZ.SZ,20241014,0.0,52.0751,BOS↑,retrace_ok,BOS↑,NO_POI
301165_SZ.SZ,20241014,0.0,12.8121,BOS↑,no_retrace,BOS↑,NO_RETRACE;NO_POI
600281_SH.SH,20241014,0.0,12.3683,BOS↑,retrace_ok,BOS↑,NO_POI
002178_SZ.SZ,20241015,0.0,27.9184,BOS↑,retrace_ok,BOS↑,NO_POI
002512_SZ.SZ,20241015,0.0,1.2706,BOS↑,no_retrace,BOS↑,NO_RETRACE;NO_POI
002755_SZ.SZ,20241015,0.0,3.152,CHoCH↑,no_retrace,CHoCH↑,NO_RETRACE;NO_POI
300036_SZ.SZ,20241015,0.0,-4.2573,CHoCH↑,retrace_ok,CHoCH↑,NO_POI
300188_SZ.SZ,20241015,0.0,5.4081,CHoCH↑,no_retrace,CHoCH↑,NO_RETRACE;NO_POI
600602_SH.SH,20241015,0.0,-2.5839,CHoCH↑,no_retrace,CHoCH↑,NO_RETRACE;NO_POI
600877_SH.SH,20241015,0.0,7.8692,BOS↑,no_retrace,BOS↑,NO_RETRACE;NO_POI
603106_SH.SH,20241015,0.0,48.5342,BOS↑,no_retrace,BOS↑,NO_RETRACE;NO_POI
688038_SH.SH,20241015,0.0,-1.5015,BOS↑,no_retrace,BOS↑,NO_RETRACE;NO_POI
688049_SH.SH,20241015,0.0,7.8234,CHoCH↑,no_retrace,CHoCH↑,NO_RETRACE;NO_POI
688369_SH.SH,20241015,0.0,1.5991,CHoCH↑,no_retrace,CHoCH↑,NO_RETRACE;NO_POI
688376_SH.SH,20241015,0.0,-4.9163,CHoCH↑,no_retrace,CHoCH↑,NO_RETRACE;NO_POI
600079_SH.SH,20241017,0.0,2.0167,CHoCH↑,retrace_ok,CHoCH↑,NO_POI
600828_SH.SH,20241017,0.0,5.7801,BOS↑,retrace_ok,BOS↑,NO_POI
000510_SZ.SZ,20241021,0.0,2.55,CHoCH↑,no_retrace,CHoCH↑,NO_RETRACE;NO_POI
000672_SZ.SZ,20241022,0.0,6.816,CHoCH↑,no_retrace,CHoCH↑,NO_RETRACE;NO_POI
301317_SZ.SZ,20241025,0.0,-0.4803,BOS↑,no_retrace,BOS↑,NO_RETRACE;NO_POI
002430_SZ.SZ,20241029,0.0,6.9786,CHoCH↑,no_retrace,CHoCH↑,NO_RETRACE;NO_POI
603019_SH.SH,20241030,0.0,38.867,BOS↑,no_retrace,BOS↑,NO_RETRACE;NO_POI
002612_SZ.SZ,20241031,0.0,-0.2625,CHoCH↑,no_retrace,CHoCH↑,NO_RETRACE;NO_POI
002318.SZ,20241016,21.532,4.4552,CHoCH↑,no_retrace,CHoCH↑,NO_RETRACE
301227.SZ,20241017,13.003,-2.838,CHoCH↑,retrace_ok,CHoCH↑,CLEAN
600497.SH,20241021,5.351,13.0287,CHoCH↑,no_retrace,CHoCH↑,NO_RETRACE
601975.SH,20241028,3.25,-0.2208,CHoCH↑,retrace_ok,CHoCH↑,CLEAN
688392.SH,20241016,34.233,21.0504,CHoCH↑,no_retrace,CHoCH↑,NO_RETRACE
001289.SZ,20241101,18.246,-0.0646,BOS↓,retrace_fail,BOS↓,NO_HIGH_BREAK;NO_RETRACE;NO_POI
688443.SH,20241121,27.73,-7.5499,CHoCH↓,retrace_fail,CHoCH↓,NO_HIGH_BREAK;NO_RETRACE;NO_POI
603500.SH,20241101,5.97,12.3776,CHoCH↑,retrace_ok,CHoCH↑,CLEAN
601666.SH,20241114,9.732,0.0872,BOS↑,retrace_fail,BOS↑,NO_RETRACE
300639.SZ,20241118,6.178,6.5372,CHoCH↓,retrace_fail,CHoCH↓,NO_HIGH_BREAK;NO_RETRACE;NO_POI
600416_SH.SH,20241101,0.0,-5.1863,BOS↑,no_retrace,BOS↑,NO_RETRACE;NO_POI
000096_SZ.SZ,20241104,0.0,3.2628,BOS↑,no_retrace,BOS↑,NO_RETRACE;NO_POI
000716_SZ.SZ,20241104,0.0,14.7105,CHoCH↑,retrace_ok,CHoCH↑,NO_POI
600458_SH.SH,20241104,0.0,2.1271,BOS↑,no_retrace,BOS↑,NO_RETRACE;NO_POI
000070_SZ.SZ,20241105,0.0,0.8753,BOS↑,no_retrace,BOS↑,NO_RETRACE;NO_POI
002808_SZ.SZ,20241105,0.0,25.2545,BOS↑,no_retrace,BOS↑,NO_RETRACE;NO_POI
002988_SZ.SZ,20241105,0.0,-1.9638,BOS↑,no_retrace,BOS↑,NO_RETRACE;NO_POI
600234_SH.SH,20241105,0.0,12.5451,CHoCH↑,retrace_ok,CHoCH↑,NO_POI
688616_SH.SH,20241105,0.0,3.8,CHoCH↑,no_retrace,CHoCH↑,NO_RETRACE;NO_POI
600624_SH.SH,20241106,0.0,-6.1524,BOS↑,no_retrace,BOS↑,NO_RETRACE;NO_POI
002517_SZ.SZ,20241107,0.0,1.4478,BOS↑,retrace_ok,BOS↑,NO_POI
002351_SZ.SZ,20241112,0.0,-4.9436,BOS↑,retrace_ok,BOS↑,NO_POI
688320_SH.SH,20241114,0.0,2.4452,BOS↑,retrace_ok,BOS↑,NO_POI
002310_SZ.SZ,20241115,0.0,-8.842,BOS↑,no_retrace,BOS↑,NO_RETRACE;NO_POI
601789_SH.SH,20241115,0.0,-1.3062,BOS↑,retrace_ok,BOS↑,NO_POI
000815_SZ.SZ,20241120,0.0,-0.2855,BOS↑,no_retrace,BOS↑,NO_RETRACE;NO_POI
603325_SH.SH,20241120,0.0,-0.5716,BOS↑,no_retrace,BOS↑,NO_RETRACE;NO_POI
301268_SZ.SZ,20241126,0.0,-10.3333,CHoCH↑,no_retrace,CHoCH↑,NO_RETRACE;NO_POI
002927_SZ.SZ,20241128,0.0,-2.5471,BOS↑,no_retrace,BOS↑,NO_RETRACE;NO_POI
300235_SZ.SZ,20241128,0.0,-1.8583,BOS↑,no_retrace,BOS↑,NO_RETRACE;NO_POI
300805_SZ.SZ,20241128,0.0,-0.2,BOS↑,no_retrace,BOS↑,NO_RETRACE;NO_POI
001376.SZ,20241202,14.72,3.919,CHoCH↓,no_retrace,CHoCH↓,NO_HIGH_BREAK;NO_RETRACE;NO_POI
002122_SZ.SZ,20241206,0.0,44.4194,BOS↑,retrace_ok,BOS↑,NO_POI
002052_SZ.SZ,20241209,0.0,0.1257,BOS↑,no_retrace,BOS↑,NO_RETRACE;NO_POI
002860_SZ.SZ,20241213,0.0,-10.6318,BOS↑,no_retrace,BOS↑,NO_RETRACE;NO_POI
001313_SZ.SZ,20241217,0.0,-3.1967,CHoCH↑,no_retrace,CHoCH↑,NO_RETRACE;NO_POI
300809_SZ.SZ,20241219,0.0,-14.9894,BOS↑,no_retrace,BOS↑,NO_RETRACE;NO_POI
603610_SH.SH,20241219,0.0,-11.0941,BOS↑,retrace_ok,BOS↑,NO_POI
603390_SH.SH,20241226,0.0,-26.7132,BOS↑,retrace_ok,BOS↑,NO_POI
002791.SZ,20250120,22.133,3.974,BOS↓,retrace_fail,BOS↓,NO_HIGH_BREAK;NO_RETRACE;NO_POI
688659.SH,20250122,6.336,8.799,CHoCH↓,no_retrace,CHoCH↓,NO_HIGH_BREAK;NO_RETRACE;NO_POI
300457.SZ,20250124,18.145,11.53,BOS↓,retrace_ok,BOS↓,NO_HIGH_BREAK;NO_POI
300250.SZ,20250115,13.603,23.9321,BOS↓,retrace_ok,BOS↓,NO_HIGH_BREAK;NO_POI
601678.SH,20250117,3.77,1.718,BOS↓,retrace_fail,BOS↓,NO_HIGH_BREAK;NO_RETRACE;NO_POI
688100.SH,20250117,33.419,7.7157,BOS↓,retrace_fail,BOS↓,NO_HIGH_BREAK;NO_RETRACE;NO_POI
002439.SZ,20250124,13.88,17.1443,BOS↓,no_retrace,BOS↓,NO_HIGH_BREAK;NO_RETRACE;NO_POI
688100.SH,20250116,32.947,7.0821,BOS↓,retrace_ok,BOS↓,NO_HIGH_BREAK;NO_POI
301391.SZ,20250121,35.02,9.1833,BOS↓,no_retrace,BOS↓,NO_HIGH_BREAK;NO_RETRACE;NO_POI
300095.SZ,20250122,6.093,5.358,BOS↓,retrace_ok,BOS↓,NO_HIGH_BREAK;NO_POI
301468.SZ,20250122,15.911,1.1432,BOS↓,retrace_fail,BOS↓,NO_HIGH_BREAK;NO_RETRACE;NO_POI
688326.SH,20250122,79.319,24.6478,CHoCH↓,retrace_ok,CHoCH↓,NO_HIGH_BREAK;NO_POI
603858.SH,20250123,14.39,-2.5498,BOS↓,retrace_ok,BOS↓,NO_HIGH_BREAK;NO_POI
688573.SH,20250123,15.95,6.6081,BOS↓,retrace_fail,BOS↓,NO_HIGH_BREAK;NO_RETRACE;NO_POI
600196.SH,20250124,22.937,6.1746,BOS↓,retrace_ok,BOS↓,NO_HIGH_BREAK;NO_POI
003004.SZ,20250127,24.25,4.6046,CHoCH↑,retrace_fail,CHoCH↑,NO_RETRACE
600881.SH,20250102,1.81,1.4198,CHoCH↑,retrace_fail,CHoCH↑,NO_RETRACE;NO_POI;NEW_LOW_ENTRY
301176.SZ,20250109,16.67,2.8929,BOS↓,retrace_ok,BOS↓,NO_HIGH_BREAK;NO_POI
688212.SH,20250110,39.132,4.3183,BOS↓,retrace_fail,BOS↓,NO_HIGH_BREAK;NO_RETRACE;NO_POI
301227.SZ,20250114,11.04,10.7373,CHoCH↓,no_retrace,CHoCH↓,NO_HIGH_BREAK;NO_RETRACE;NO_POI
301290.SZ,20250114,20.853,7.2098,BOS↓,no_retrace,BOS↓,NO_HIGH_BREAK;NO_RETRACE;NO_POI
002252.SZ,20250115,6.791,3.5473,CHoCH↓,retrace_ok,CHoCH↓,NO_HIGH_BREAK;NO_POI
688310.SH,20250115,10.573,2.4017,BOS↓,retrace_ok,BOS↓,NO_HIGH_BREAK;NO_POI
301391.SZ,20250116,34.824,12.0466,BOS↓,no_retrace,BOS↓,NO_HIGH_BREAK;NO_RETRACE;NO_POI
603799.SH,20250117,28.707,0.4971,BOS↓,retrace_fail,BOS↓,NO_HIGH_BREAK;NO_RETRACE;NO_POI
688061.SH,20250117,26.938,18.673,BOS↓,no_retrace,BOS↓,NO_HIGH_BREAK;NO_RETRACE;NO_POI
000513.SZ,20250120,33.591,-1.0534,CHoCH↓,retrace_ok,CHoCH↓,NO_HIGH_BREAK;NO_POI
002340.SZ,20250122,6.475,2.4117,BOS↓,retrace_fail,BOS↓,NO_HIGH_BREAK;NO_RETRACE;NO_POI
600059.SH,20250122,8.078,1.4731,BOS↓,no_retrace,BOS↓,NO_HIGH_BREAK;NO_RETRACE;NO_POI
600639.SH,20250122,9.996,1.2073,BOS↓,no_retrace,BOS↓,NO_HIGH_BREAK;NO_RETRACE;NO_POI
605266.SH,20250122,19.155,5.2975,CHoCH↓,retrace_ok,CHoCH↓,NO_HIGH_BREAK;NO_POI
000932.SZ,20250123,4.03,9.7536,CHoCH↓,retrace_ok,CHoCH↓,NO_HIGH_BREAK;NO_POI
688659.SH,20250124,6.564,4.7136,CHoCH↓,no_retrace,CHoCH↓,NO_HIGH_BREAK;NO_RETRACE;NO_POI
688061.SH,20250127,28.255,13.1334,BOS↓,no_retrace,BOS↓,NO_HIGH_BREAK;NO_RETRACE;NO_POI
000534_SZ.SZ,20250123,0.0,-5.476,CHoCH↑,retrace_ok,CHoCH↑,NO_POI
002252.SZ,20250114,6.66,5.2945,CHoCH↓,retrace_ok,CHoCH↓,NO_HIGH_BREAK;NO_POI
600380.SH,20250116,10.37,-1.1697,BOS↓,no_retrace,BOS↓,NO_HIGH_BREAK;NO_RETRACE;NO_POI
688326.SH,20250116,76.69,28.9273,CHoCH↓,retrace_ok,CHoCH↓,NO_HIGH_BREAK;NO_POI
000513.SZ,20250122,33.521,0.2254,CHoCH↓,retrace_ok,CHoCH↓,NO_HIGH_BREAK;NO_POI
601666.SH,20250122,8.217,1.4585,BOS↓,retrace_ok,BOS↓,NO_HIGH_BREAK;NO_POI;NEW_LOW_ENTRY
688184.SH,20250122,13.692,0.2438,BOS↓,retrace_fail,BOS↓,NO_HIGH_BREAK;NO_RETRACE;NO_POI
000513.SZ,20250123,33.791,-1.4335,CHoCH↓,retrace_ok,CHoCH↓,NO_HIGH_BREAK;NO_POI
000513.SZ,20250124,33.491,-1.1746,CHoCH↓,retrace_ok,CHoCH↓,NO_HIGH_BREAK;NO_POI
300095.SZ,20250124,5.915,6.7496,BOS↓,retrace_ok,BOS↓,NO_HIGH_BREAK;NO_POI
601966.SH,20250124,17.699,-0.0107,CHoCH↑,retrace_fail,CHoCH↑,NO_RETRACE
688381.SH,20250124,17.38,6.3703,BOS↓,no_retrace,BOS↓,NO_HIGH_BREAK;NO_RETRACE;NO_POI
000513.SZ,20250127,33.641,0.0096,CHoCH↓,retrace_ok,CHoCH↓,NO_HIGH_BREAK;NO_POI
688238.SH,20250127,4.65,11.4689,BOS↓,retrace_fail,BOS↓,NO_HIGH_BREAK;NO_RETRACE;NO_POI
002368.SZ,20250213,27.332,0.0606,CHoCH↑,retrace_ok,CHoCH↑,NO_POI
002386.SZ,20250212,4.44,-1.7485,CHoCH↑,no_retrace,CHoCH↑,NO_RETRACE
301589.SZ,20250214,169.855,0.0867,CHoCH↑,retrace_fail,CHoCH↑,NO_RETRACE
603978.SH,20250220,12.91,11.122,BOS↓,retrace_ok,BOS↓,NO_HIGH_BREAK;NO_POI
605296.SH,20250221,26.11,-0.1705,CHoCH↑,retrace_fail,CHoCH↑,NO_RETRACE
688238.SH,20250224,5.762,-5.1077,CHoCH↑,no_retrace,CHoCH↑,NO_RETRACE;NO_POI
300146.SZ,20250207,10.618,2.4199,CHoCH↓,retrace_ok,CHoCH↓,NO_HIGH_BREAK;NO_POI
002840.SZ,20250210,11.4,-0.9338,BOS↓,no_retrace,BOS↓,NO_HIGH_BREAK;NO_RETRACE;NO_POI
300347.SZ,20250212,52.551,7.5005,CHoCH↑,retrace_ok,CHoCH↑,CLEAN
002727.SZ,20250213,12.104,1.2492,CHoCH↑,retrace_ok,CHoCH↑,CLEAN
600821.SH,20250213,5.359,5.0965,CHoCH↑,retrace_fail,CHoCH↑,NO_RETRACE
688338.SH,20250214,23.472,3.2015,CHoCH↑,retrace_fail,CHoCH↑,NO_RETRACE
603069.SH,20250224,17.879,1.0748,BOS↓,retrace_fail,BOS↓,NO_HIGH_BREAK;NO_RETRACE;NO_POI
688560.SH,20250224,14.622,6.2732,CHoCH↑,retrace_ok,CHoCH↑,CLEAN
300686.SZ,20250206,8.8,5.4975,BOS↓,retrace_fail,BOS↓,NO_HIGH_BREAK;NO_RETRACE;NO_POI
688600.SH,20250207,14.742,0.3494,CHoCH↑,retrace_ok,CHoCH↑,NO_POI
000932.SZ,20250220,4.45,3.5922,CHoCH↑,no_retrace,CHoCH↑,NO_RETRACE
600611.SH,20250220,6.999,-3.8119,CHoCH↑,retrace_ok,CHoCH↑,CLEAN
603658.SH,20250224,40.333,-3.3261,BOS↑,retrace_ok,BOS↑,CLEAN
601869_SH.SH,20250207,0.0,1.5136,BOS↑,no_retrace,BOS↑,NO_RETRACE;NO_POI
002656_SZ.SZ,20250213,0.0,1.1636,BOS↑,no_retrace,BOS↑,NO_RETRACE;NO_POI
601689_SH.SH,20250213,0.0,-4.0041,BOS↑,no_retrace,BOS↑,NO_RETRACE;NO_POI
600633_SH.SH,20250217,0.0,-19.27,CHoCH↑,no_retrace,CHoCH↑,NO_RETRACE;NO_POI
300115_SZ.SZ,20250218,0.0,17.8851,BOS↑,no_retrace,BOS↑,NO_RETRACE;NO_POI
301252_SZ.SZ,20250218,0.0,1.8602,BOS↑,retrace_ok,BOS↑,NO_POI
688665_SH.SH,20250218,0.0,-10.6356,BOS↑,no_retrace,BOS↑,NO_RETRACE;NO_POI
603666_SH.SH,20250219,0.0,13.407,CHoCH↑,retrace_ok,CHoCH↑,NO_POI
001339_SZ.SZ,20250224,0.0,9.3192,BOS↑,retrace_ok,BOS↑,NO_POI
603360_SH.SH,20250224,0.0,7.3423,BOS↑,no_retrace,BOS↑,NO_RETRACE;NO_POI
301280_SZ.SZ,20250226,0.0,29.6207,BOS↑,no_retrace,BOS↑,NO_RETRACE;NO_POI
603895_SH.SH,20250226,0.0,5.2965,BOS↑,retrace_ok,BOS↑,NO_POI
688678_SH.SH,20250227,0.0,15.0118,BOS↑,retrace_ok,BOS↑,NO_POI
603070_SH.SH,20250228,0.0,-4.2,BOS↑,no_retrace,BOS↑,NO_RETRACE;NO_POI
301227.SZ,20250205,12.013,1.4474,CHoCH↓,no_retrace,CHoCH↓,NO_HIGH_BREAK;NO_RETRACE;NO_POI
000513.SZ,20250206,34.011,-0.4438,CHoCH↓,retrace_ok,CHoCH↓,NO_HIGH_BREAK;NO_POI
000513.SZ,20250207,33.971,-5.1349,CHoCH↓,retrace_ok,CHoCH↓,NO_HIGH_BREAK;NO_POI
603027.SH,20250207,8.153,-0.9831,CHoCH↓,retrace_ok,CHoCH↓,NO_HIGH_BREAK;NO_POI
000513.SZ,20250210,33.951,-2.9792,CHoCH↓,retrace_ok,CHoCH↓,NO_HIGH_BREAK;NO_POI
000513.SZ,20250212,33.156,-0.5807,CHoCH↓,retrace_ok,CHoCH↓,NO_HIGH_BREAK;NO_POI
300967.SZ,20250220,11.568,5.0081,CHoCH↓,retrace_fail,CHoCH↓,NO_HIGH_BREAK;NO_RETRACE;NO_POI
600075.SH,20250221,4.386,-3.4878,CHoCH↑,retrace_ok,CHoCH↑,CLEAN
301515.SZ,20250227,19.092,1.5492,BOS↑,retrace_ok,BOS↑,CLEAN
688317.SH,20250227,17.147,0.9154,BOS↑,retrace_ok,BOS↑,CLEAN
301391.SZ,20250221,39.822,0.3237,CHoCH↑,no_retrace,CHoCH↑,NO_RETRACE
000651.SZ,20250305,41.73,1.9439,BOS↓,no_retrace,BOS↓,NO_HIGH_BREAK;NO_RETRACE;NO_POI
300457.SZ,20250304,21.567,-0.7707,BOS↑,no_retrace,BOS↑,NO_RETRACE
300371.SZ,20250306,10.437,-0.6922,BOS↑,retrace_ok,BOS↑,CLEAN
002203.SZ,20250307,9.68,-1.4308,BOS↓,retrace_ok,BOS↓,NO_HIGH_BREAK;NO_POI
001286.SZ,20250313,9.03,2.0759,CHoCH↓,retrace_fail,CHoCH↓,NO_HIGH_BREAK;NO_RETRACE;NO_POI
603558.SH,20250326,9.408,-8.8976,BOS↓,retrace_fail,BOS↓,NO_HIGH_BREAK;NO_RETRACE;NO_POI
002432.SZ,20250328,40.584,-0.1933,CHoCH↑,no_retrace,CHoCH↑,NO_RETRACE
300749.SZ,20250305,7.009,0.2016,BOS↑,retrace_ok,BOS↑,CLEAN
000709.SZ,20250320,2.18,0.8363,CHoCH↑,retrace_ok,CHoCH↑,CLEAN
301589.SZ,20250303,164.755,1.0286,CHoCH↓,no_retrace,CHoCH↓,NO_HIGH_BREAK;NO_RETRACE;NO_POI
002252.SZ,20250305,6.791,4.0469,CHoCH↓,retrace_ok,CHoCH↓,NO_HIGH_BREAK;NO_POI
600603.SH,20250305,8.88,-1.9765,CHoCH↓,retrace_ok,CHoCH↓,NO_HIGH_BREAK;NO_POI
300861.SZ,20250311,14.16,-7.138,BOS↑,retrace_ok,BOS↑,CLEAN
002145.SZ,20250314,4.55,3.7457,CHoCH↑,retrace_ok,CHoCH↑,CLEAN
300749.SZ,20250314,6.93,0.5507,BOS↑,retrace_fail,BOS↑,NO_RETRACE
002145.SZ,20250321,4.455,5.9623,CHoCH↑,retrace_ok,CHoCH↑,CLEAN
301507.SZ,20250324,12.802,-0.717,BOS↑,no_retrace,BOS↑,NO_RETRACE
002245_SZ.SZ,20250304,0.0,2.1873,BOS↑,retrace_ok,BOS↑,NO_POI
003019_SZ.SZ,20250304,0.0,18.548,BOS↑,retrace_ok,BOS↑,NO_POI
002580_SZ.SZ,20250305,0.0,19.4159,CHoCH↑,retrace_ok,CHoCH↑,NO_POI
605100_SH.SH,20250305,0.0,11.0112,BOS↑,no_retrace,BOS↑,NO_RETRACE;NO_POI
603067_SH.SH,20250311,0.0,10.2309,BOS↑,retrace_ok,BOS↑,NO_POI
002283_SZ.SZ,20250312,0.0,-6.216,BOS↑,retrace_ok,BOS↑,NO_POI
600595_SH.SH,20250312,0.0,-3.4138,BOS↑,no_retrace,BOS↑,NO_RETRACE;NO_POI
603615_SH.SH,20250317,0.0,-15.3288,BOS↑,no_retrace,BOS↑,NO_RETRACE;NO_POI
300402_SZ.SZ,20250321,0.0,-28.6137,BOS↑,no_retrace,BOS↑,NO_RETRACE;NO_POI
688359_SH.SH,20250326,0.0,-22.2777,BOS↑,no_retrace,BOS↑,NO_RETRACE;NO_POI
603579_SH.SH,20250327,0.0,-1.0075,BOS↑,no_retrace,BOS↑,NO_RETRACE;NO_POI
001228.SZ,20250306,21.59,2.8822,CHoCH↑,retrace_ok,CHoCH↑,CLEAN
000922.SZ,20250307,11.57,5.6382,CHoCH↑,retrace_ok,CHoCH↑,CLEAN
000912.SZ,20250312,4.742,4.6069,BOS↑,retrace_ok,BOS↑,CLEAN
000958.SZ,20250313,5.841,-1.7838,CHoCH↓,no_retrace,CHoCH↓,NO_HIGH_BREAK;NO_RETRACE;NO_POI;NEW_LOW_ENTRY
688317.SH,20250313,17.285,-0.5465,BOS↑,retrace_ok,BOS↑,CLEAN
301395.SZ,20250326,9.67,3.9748,CHoCH↓,retrace_fail,CHoCH↓,NO_HIGH_BREAK;NO_RETRACE;NO_POI
000929.SZ,20250328,6.93,-11.1801,BOS↑,retrace_ok,BOS↑,CLEAN
603759.SH,20250328,8.341,-5.853,BOS↑,retrace_fail,BOS↑,NO_RETRACE
003027.SZ,20250317,15.111,0.9211,BOS↑,retrace_ok,BOS↑,CLEAN
002365_SZ.SZ,20250409,0.0,10.4064,CHoCH↑,retrace_ok,CHoCH↑,NO_POI
601086_SH.SH,20250417,0.0,10.2402,CHoCH↑,no_retrace,CHoCH↑,NO_RETRACE;NO_POI
603326_SH.SH,20250418,0.0,5.0363,BOS↑,retrace_ok,BOS↑,NO_POI
603057_SH.SH,20250421,0.0,-7.3675,CHoCH↑,no_retrace,CHoCH↑,NO_RETRACE;NO_POI
301033_SZ.SZ,20250422,0.0,3.088,BOS↑,no_retrace,BOS↑,NO_RETRACE;NO_POI
603590_SH.SH,20250422,0.0,0.2512,BOS↑,retrace_ok,BOS↑,NO_POI
002743_SZ.SZ,20250429,0.0,0.8072,CHoCH↑,retrace_ok,CHoCH↑,NO_POI
688501_SH.SH,20250429,0.0,13.5324,CHoCH↑,retrace_ok,CHoCH↑,NO_POI
300802.SZ,20250402,17.797,-9.9329,CHoCH↓,retrace_ok,CHoCH↓,NO_HIGH_BREAK;NO_POI
688093_SH.SH,20250507,0.0,-5.951,CHoCH↑,no_retrace,CHoCH↑,NO_RETRACE;NO_POI
688112_SH.SH,20250507,0.0,-3.3276,BOS↑,no_retrace,BOS↑,NO_RETRACE;NO_POI
002891_SZ.SZ,20250512,0.0,11.5261,CHoCH↑,retrace_ok,CHoCH↑,NO_POI
002620_SZ.SZ,20250515,0.0,-8.8449,CHoCH↑,no_retrace,CHoCH↑,NO_RETRACE;NO_POI
605016_SH.SH,20250515,0.0,6.8416,CHoCH↑,no_retrace,CHoCH↑,NO_RETRACE;NO_POI
002052_SZ.SZ,20250516,0.0,1.3556,BOS↑,no_retrace,BOS↑,NO_RETRACE;NO_POI
002956_SZ.SZ,20250516,0.0,-3.1642,BOS↑,no_retrace,BOS↑,NO_RETRACE;NO_POI
002052_SZ.SZ,20250519,0.0,3.3599,BOS↑,no_retrace,BOS↑,NO_RETRACE;NO_POI
600499_SH.SH,20250520,0.0,-0.4638,BOS↑,no_retrace,BOS↑,NO_RETRACE;NO_POI
300069_SZ.SZ,20250527,0.0,-16.8596,CHoCH↑,no_retrace,CHoCH↑,NO_RETRACE;NO_POI
603195.SH,20250611,48.0,-3.8806,CHoCH↑,retrace_fail,CHoCH↑,NO_RETRACE
688352.SH,20250619,10.85,-0.639,BOS↓,retrace_fail,BOS↓,NO_HIGH_BREAK;NO_RETRACE;NO_POI
688352.SH,20250620,10.72,1.4808,BOS↓,retrace_fail,BOS↓,NO_HIGH_BREAK;NO_RETRACE;NO_POI
688303.SH,20250605,18.9,1.1051,CHoCH↑,retrace_fail,CHoCH↑,NO_RETRACE
002919.SZ,20250612,16.72,-2.9664,CHoCH↑,retrace_ok,CHoCH↑,NO_POI
002992.SZ,20250613,58.113,-0.8291,CHoCH↑,retrace_ok,CHoCH↑,CLEAN
600756.SH,20250613,15.068,-1.0674,CHoCH↑,retrace_ok,CHoCH↑,CLEAN
000422.SZ,20250612,11.78,-3.6192,CHoCH↓,retrace_ok,CHoCH↓,NO_HIGH_BREAK;NO_POI
002111.SZ,20250613,10.1,4.9953,CHoCH↑,retrace_fail,CHoCH↑,NO_RETRACE
002023.SZ,20250619,10.217,-2.3222,BOS↑,retrace_fail,BOS↑,NO_RETRACE
002262.SZ,20250619,21.087,-0.8673,CHoCH↓,retrace_fail,CHoCH↓,NO_HIGH_BREAK;NO_RETRACE;NO_POI
002061.SZ,20250620,3.84,5.032,CHoCH↓,no_retrace,CHoCH↓,NO_HIGH_BREAK;NO_RETRACE;NO_POI
600330.SH,20250620,6.9,4.2286,BOS↑,retrace_ok,BOS↑,CLEAN
002192.SZ,20250623,28.62,3.6801,CHoCH↓,retrace_fail,CHoCH↓,NO_HIGH_BREAK;NO_RETRACE;NO_POI
601390.SH,20250625,5.234,0.0578,BOS↓,retrace_fail,BOS↓,NO_HIGH_BREAK;NO_RETRACE;NO_POI
002734_SZ.SZ,20250603,0.0,27.5617,BOS↑,retrace_ok,BOS↑,NO_POI
002174_SZ.SZ,20250605,0.0,-9.4443,CHoCH↑,no_retrace,CHoCH↑,NO_RETRACE;NO_POI
600521_SH.SH,20250609,0.0,3.3921,BOS↑,retrace_ok,BOS↑,NO_POI
603879_SH.SH,20250609,0.0,-6.3633,CHoCH↑,no_retrace,CHoCH↑,NO_RETRACE;NO_POI
600193_SH.SH,20250610,0.0,-2.9083,BOS↑,retrace_ok,BOS↑,NO_POI
002565_SZ.SZ,20250617,0.0,13.6678,BOS↑,retrace_ok,BOS↑,NO_POI
301345_SZ.SZ,20250620,0.0,43.1645,BOS↑,retrace_ok,BOS↑,NO_POI
688658_SH.SH,20250623,0.0,21.6978,CHoCH↑,retrace_ok,CHoCH↑,NO_POI
002309_SZ.SZ,20250624,0.0,8.5719,BOS↑,retrace_ok,BOS↑,NO_POI
688183_SH.SH,20250625,0.0,1.4986,BOS↑,no_retrace,BOS↑,NO_RETRACE;NO_POI
300548_SZ.SZ,20250626,0.0,18.9601,BOS↑,no_retrace,BOS↑,NO_RETRACE;NO_POI
601598.SH,20250609,4.54,-0.6416,CHoCH↑,retrace_fail,CHoCH↑,NO_RETRACE
603777.SH,20250609,14.28,-13.3665,CHoCH↓,retrace_fail,CHoCH↓,NO_HIGH_BREAK;NO_RETRACE;NO_POI
600022.SH,20250612,1.32,-3.424,CHoCH↓,retrace_fail,CHoCH↓,NO_HIGH_BREAK;NO_RETRACE;NO_POI
688084.SH,20250619,68.399,3.4287,BOS↑,retrace_fail,BOS↑,NO_RETRACE
688298.SH,20250619,25.71,6.0815,BOS↑,no_retrace,BOS↑,NO_RETRACE;NO_POI
688739.SH,20250619,25.008,2.8778,CHoCH↑,retrace_fail,CHoCH↑,NO_RETRACE
300218.SZ,20250623,13.884,6.6877,CHoCH↑,retrace_ok,CHoCH↑,NEW_LOW_ENTRY
688739.SH,20250623,25.161,2.3636,CHoCH↑,retrace_fail,CHoCH↑,NO_RETRACE
000778.SZ,20250625,3.375,2.4981,BOS↑,retrace_fail,BOS↑,NO_RETRACE
601011.SH,20250625,2.584,3.5823,CHoCH↓,retrace_fail,CHoCH↓,NO_HIGH_BREAK;NO_RETRACE;NO_POI
002716.SZ,20250626,3.83,13.1501,CHoCH↑,retrace_ok,CHoCH↑,CLEAN
603318.SH,20250626,6.502,5.1566,CHoCH↓,retrace_fail,CHoCH↓,NO_HIGH_BREAK;NO_RETRACE;NO_POI
002716.SZ,20250627,3.86,12.2691,CHoCH↑,retrace_ok,CHoCH↑,CLEAN
002049.SZ,20250701,65.201,0.4093,CHoCH↑,retrace_ok,CHoCH↑,NO_POI
000921.SZ,20250710,26.11,2.8109,BOS↓,retrace_ok,BOS↓,NO_HIGH_BREAK;NO_POI
688788.SH,20250711,28.594,12.7396,BOS↑,retrace_fail,BOS↑,NO_RETRACE
688352.SH,20250703,11.05,2.7613,CHoCH↑,retrace_ok,CHoCH↑,CLEAN
688521.SH,20250716,86.29,0.8771,BOS↑,retrace_fail,BOS↑,NO_RETRACE
000521.SZ,20250717,7.095,2.1321,BOS↓,retrace_fail,BOS↓,NO_HIGH_BREAK;NO_RETRACE;NO_POI
002413_SZ.SZ,20250704,0.0,-12.0936,BOS↑,no_retrace,BOS↑,NO_RETRACE;NO_POI
688518_SH.SH,20250704,0.0,-2.1858,BOS↑,retrace_ok,BOS↑,NO_POI
001896_SZ.SZ,20250714,0.0,-14.8341,CHoCH↑,no_retrace,CHoCH↑,NO_RETRACE;NO_POI
603127_SH.SH,20250716,0.0,31.8238,BOS↑,retrace_ok,BOS↑,NO_POI
601869_SH.SH,20250718,0.0,16.7943,CHoCH↑,no_retrace,CHoCH↑,NO_RETRACE;NO_POI
603083_SH.SH,20250718,0.0,-3.4724,BOS↑,no_retrace,BOS↑,NO_RETRACE;NO_POI
300308_SZ.SZ,20250724,0.0,9.2976,BOS↑,no_retrace,BOS↑,NO_RETRACE;NO_POI
002384_SZ.SZ,20250729,0.0,3.3283,BOS↑,retrace_ok,BOS↑,NO_POI
688226_SH.SH,20250729,0.0,23.9755,CHoCH↑,retrace_ok,CHoCH↑,NO_POI
603836.SH,20250717,9.608,0.4208,CHoCH↑,retrace_fail,CHoCH↑,NO_RETRACE
688788.SH,20250724,31.066,7.2203,BOS↑,retrace_ok,BOS↑,CLEAN
300433.SZ,20250703,21.352,1.8045,CHoCH↑,retrace_ok,CHoCH↑,NO_POI
002327.SZ,20250804,7.23,1.3809,BOS↓,retrace_ok,BOS↓,NO_HIGH_BREAK;NO_POI;NEW_LOW_ENTRY
002327.SZ,20250814,7.28,0.0115,BOS↓,retrace_ok,BOS↓,NO_HIGH_BREAK;NO_POI
300096.SZ,20250819,3.841,9.5979,BOS↓,retrace_fail,BOS↓,NO_HIGH_BREAK;NO_RETRACE;NO_POI
600343_SH.SH,20250804,0.0,-2.1974,BOS↑,retrace_ok,BOS↑,NO_POI
688156_SH.SH,20250804,0.0,-0.4761,BOS↑,no_retrace,BOS↑,NO_RETRACE;NO_POI
688163_SH.SH,20250805,0.0,-1.8269,BOS↑,no_retrace,BOS↑,NO_RETRACE;NO_POI
688265_SH.SH,20250805,0.0,41.216,BOS↑,no_retrace,BOS↑,NO_RETRACE;NO_POI
300229_SZ.SZ,20250807,0.0,2.2231,BOS↑,retrace_ok,BOS↑,NO_POI
300224_SZ.SZ,20250808,0.0,-4.8906,BOS↑,no_retrace,BOS↑,NO_RETRACE;NO_POI
301268_SZ.SZ,20250811,0.0,-3.3139,BOS↑,no_retrace,BOS↑,NO_RETRACE;NO_POI
603109_SH.SH,20250811,0.0,-4.8316,BOS↑,retrace_ok,BOS↑,NO_POI
002148_SZ.SZ,20250812,0.0,2.1111,BOS↑,no_retrace,BOS↑,NO_RETRACE;NO_POI
001277_SZ.SZ,20250814,0.0,-19.9775,BOS↑,retrace_ok,BOS↑,NO_POI
000501_SZ.SZ,20250818,0.0,-12.6448,BOS↑,no_retrace,BOS↑,NO_RETRACE;NO_POI
300855_SZ.SZ,20250818,0.0,-7.7048,BOS↑,no_retrace,BOS↑,NO_RETRACE;NO_POI
688661_SH.SH,20250818,0.0,1.5822,BOS↑,retrace_ok,BOS↑,NO_POI
601231_SH.SH,20250819,0.0,1.0892,BOS↑,retrace_ok,BOS↑,NO_POI
688226_SH.SH,20250819,0.0,-14.8419,BOS↑,no_retrace,BOS↑,NO_RETRACE;NO_POI
300809_SZ.SZ,20250820,0.0,-14.0701,BOS↑,no_retrace,BOS↑,NO_RETRACE;NO_POI
600884_SH.SH,20250820,0.0,-3.1412,BOS↑,no_retrace,BOS↑,NO_RETRACE;NO_POI
603893_SH.SH,20250821,0.0,0.696,CHoCH↑,retrace_ok,CHoCH↑,NO_POI
002993_SZ.SZ,20250825,0.0,-13.2428,BOS↑,retrace_ok,BOS↑,NO_POI
300274_SZ.SZ,20250825,0.0,37.8121,CHoCH↑,retrace_ok,CHoCH↑,NO_POI
301057_SZ.SZ,20250825,0.0,9.8277,BOS↑,no_retrace,BOS↑,NO_RETRACE;NO_POI
301526_SZ.SZ,20250825,0.0,11.8244,BOS↑,no_retrace,BOS↑,NO_RETRACE;NO_POI
300004_SZ.SZ,20250826,0.0,-14.9107,CHoCH↑,no_retrace,CHoCH↑,NO_RETRACE;NO_POI
301057_SZ.SZ,20250826,0.0,9.7279,BOS↑,no_retrace,BOS↑,NO_RETRACE;NO_POI
300147_SZ.SZ,20250827,0.0,-5.6329,CHoCH↑,no_retrace,CHoCH↑,NO_RETRACE;NO_POI
603021_SH.SH,20250827,0.0,7.3157,BOS↑,no_retrace,BOS↑,NO_RETRACE;NO_POI
688260_SH.SH,20250827,0.0,-1.6071,BOS↑,no_retrace,BOS↑,NO_RETRACE;NO_POI
000029_SZ.SZ,20250829,0.0,-2.2234,CHoCH↑,retrace_ok,CHoCH↑,NO_POI
301448_SZ.SZ,20250829,0.0,50.7873,BOS↑,no_retrace,BOS↑,NO_RETRACE;NO_POI
600107_SH.SH,20250829,0.0,17.9979,CHoCH↑,no_retrace,CHoCH↑,NO_RETRACE;NO_POI
600487_SH.SH,20250829,0.0,-1.2728,BOS↑,retrace_ok,BOS↑,NO_POI
605288_SH.SH,20250829,0.0,35.4265,BOS↑,no_retrace,BOS↑,NO_RETRACE;NO_POI
002221.SZ,20250926,9.009,-9.0532,CHoCH↑,no_retrace,CHoCH↑,NO_RETRACE
301197.SZ,20250904,18.692,16.3759,CHoCH↓,retrace_ok,CHoCH↓,NO_HIGH_BREAK;NO_POI
601665.SH,20250917,5.297,5.5818,CHoCH↑,retrace_fail,CHoCH↑,NO_RETRACE
603121.SH,20250919,18.473,3.2014,CHoCH↑,no_retrace,CHoCH↑,NO_RETRACE
002802.SZ,20250917,13.072,0.127,CHoCH↓,no_retrace,CHoCH↓,NO_HIGH_BREAK;NO_RETRACE;NO_POI
688232.SH,20250917,28.101,-0.0233,BOS↓,retrace_ok,BOS↓,NO_HIGH_BREAK;NO_POI
688232.SH,20250926,27.671,-1.2672,BOS↓,retrace_fail,BOS↓,NO_HIGH_BREAK;NO_RETRACE;NO_POI
301197.SZ,20250929,19.452,3.5508,CHoCH↑,retrace_ok,CHoCH↑,CLEAN
688218_SH.SH,20250901,0.0,-7.3678,BOS↑,no_retrace,BOS↑,NO_RETRACE;NO_POI
688433_SH.SH,20250901,0.0,18.9881,BOS↑,no_retrace,BOS↑,NO_RETRACE;NO_POI
000972_SZ.SZ,20250908,0.0,-22.9557,BOS↑,retrace_ok,BOS↑,NO_POI
002943_SZ.SZ,20250908,0.0,-4.8138,BOS↑,no_retrace,BOS↑,NO_RETRACE;NO_POI
300756_SZ.SZ,20250908,0.0,8.7757,BOS↑,no_retrace,BOS↑,NO_RETRACE;NO_POI
605133_SH.SH,20250908,0.0,2.2184,BOS↑,no_retrace,BOS↑,NO_RETRACE;NO_POI
688088_SH.SH,20250908,0.0,-5.2341,BOS↑,retrace_ok,BOS↑,NO_POI
688612_SH.SH,20250908,0.0,-2.8945,BOS↑,retrace_ok,BOS↑,NO_POI
000830_SZ.SZ,20250909,0.0,-10.3974,CHoCH↑,no_retrace,CHoCH↑,NO_RETRACE;NO_POI
603285_SH.SH,20250911,0.0,-16.7533,BOS↑,no_retrace,BOS↑,NO_RETRACE;NO_POI
002715_SZ.SZ,20250912,0.0,1.558,BOS↑,no_retrace,BOS↑,NO_RETRACE;NO_POI
688325_SH.SH,20250912,0.0,67.9818,CHoCH↑,no_retrace,CHoCH↑,NO_RETRACE;NO_POI
001234_SZ.SZ,20250916,0.0,-11.1748,BOS↑,no_retrace,BOS↑,NO_RETRACE;NO_POI
300736_SZ.SZ,20250916,0.0,-5.2462,BOS↑,no_retrace,BOS↑,NO_RETRACE;NO_POI
002715_SZ.SZ,20250919,0.0,-5.8693,BOS↑,retrace_ok,BOS↑,NO_POI
300111_SZ.SZ,20250922,0.0,13.4134,BOS↑,no_retrace,BOS↑,NO_RETRACE;NO_POI
603216_SH.SH,20250922,0.0,0.09,CHoCH↑,retrace_ok,CHoCH↑,NO_POI
301288_SZ.SZ,20250923,0.0,-4.4802,BOS↑,retrace_ok,BOS↑,NO_POI
603298_SH.SH,20250924,0.0,-6.8595,BOS↑,retrace_ok,BOS↑,NO_POI
300904_SZ.SZ,20250929,0.0,-4.27,BOS↑,no_retrace,BOS↑,NO_RETRACE;NO_POI
301042_SZ.SZ,20250930,0.0,8.2663,BOS↑,retrace_ok,BOS↑,NO_POI
603216_SH.SH,20250930,0.0,-11.442,CHoCH↑,retrace_ok,CHoCH↑,NO_POI
000526.SZ,20250924,46.55,-3.5165,BOS↓,retrace_ok,BOS↓,NO_HIGH_BREAK;NO_POI
002969.SZ,20250930,3.495,5.0347,CHoCH↓,retrace_ok,CHoCH↓,NO_HIGH_BREAK;NO_POI
300791.SZ,20250910,24.871,-5.1692,CHoCH↓,retrace_fail,CHoCH↓,NO_HIGH_BREAK;NO_RETRACE;NO_POI
000906.SZ,20251013,6.178,0.3983,CHoCH↑,no_retrace,CHoCH↑,NO_RETRACE
002413.SZ,20251031,5.59,0.4929,BOS↑,retrace_fail,BOS↑,NO_RETRACE
002221.SZ,20251009,8.524,-4.0416,CHoCH↑,retrace_fail,CHoCH↑,NO_RETRACE
301258.SZ,20251014,33.557,2.7943,BOS↓,retrace_ok,BOS↓,NO_HIGH_BREAK;NO_POI
301325.SZ,20251028,57.1,7.1158,BOS↓,no_retrace,BOS↓,NO_HIGH_BREAK;NO_RETRACE;NO_POI
300686_SZ.SZ,20251014,0.0,-1.2828,BOS↑,retrace_ok,BOS↑,NO_POI
601011_SH.SH,20251017,0.0,-2.2619,BOS↑,no_retrace,BOS↑,NO_RETRACE;NO_POI
603530_SH.SH,20251017,0.0,-2.1152,BOS↑,retrace_ok,BOS↑,NO_POI
601001_SH.SH,20251021,0.0,-2.355,BOS↑,no_retrace,BOS↑,NO_RETRACE;NO_POI
603843_SH.SH,20251022,0.0,50.5326,BOS↑,no_retrace,BOS↑,NO_RETRACE;NO_POI
000592_SZ.SZ,20251024,0.0,100.2505,BOS↑,retrace_ok,BOS↑,NO_POI
000933_SZ.SZ,20251030,0.0,9.0308,BOS↑,no_retrace,BOS↑,NO_RETRACE;NO_POI
002481.SZ,20251009,5.494,9.8173,BOS↑,retrace_fail,BOS↑,NO_RETRACE
600686.SH,20251009,11.37,4.2874,BOS↓,retrace_ok,BOS↓,NO_HIGH_BREAK;NO_POI
605266.SH,20251013,19.318,3.0364,CHoCH↓,no_retrace,CHoCH↓,NO_HIGH_BREAK;NO_RETRACE;NO_POI;NEW_LOW_ENTRY
688166.SH,20251103,56.81,-8.351,CHoCH↑,no_retrace,CHoCH↑,NO_RETRACE
688010.SH,20251121,26.75,5.0704,CHoCH↑,retrace_fail,CHoCH↑,NO_RETRACE;NEW_LOW_ENTRY
000513.SZ,20251110,35.9,-4.8666,CHoCH↑,no_retrace,CHoCH↑,NO_RETRACE
300592.SZ,20251105,10.694,-1.2117,CHoCH↓,retrace_ok,CHoCH↓,NO_HIGH_BREAK;NO_POI
000513.SZ,20251106,35.15,-2.8781,BOS↓,retrace_ok,BOS↓,NO_HIGH_BREAK;NO_POI
000513.SZ,20251107,35.36,-3.446,BOS↓,retrace_ok,BOS↓,NO_HIGH_BREAK;NO_POI
688321.SH,20251107,30.128,-9.4927,BOS↓,retrace_fail,BOS↓,NO_HIGH_BREAK;NO_RETRACE;NO_POI
002892.SZ,20251119,13.017,-2.9843,BOS↓,retrace_ok,BOS↓,NO_HIGH_BREAK;NO_POI
002892.SZ,20251121,12.729,-2.0574,BOS↓,retrace_ok,BOS↓,NO_HIGH_BREAK;NO_POI;NEW_LOW_ENTRY
605555.SH,20251128,16.91,7.4319,CHoCH↑,retrace_fail,CHoCH↑,NO_RETRACE
600872.SH,20251106,17.69,0.3393,BOS↓,retrace_ok,BOS↓,NO_HIGH_BREAK;NO_POI
601919.SH,20251107,14.73,0.6842,CHoCH↑,no_retrace,CHoCH↑,NO_RETRACE
603369.SH,20251107,36.78,0.5933,BOS↓,retrace_ok,BOS↓,NO_HIGH_BREAK;NO_POI
600576.SH,20251119,7.385,-0.2295,CHoCH↑,retrace_ok,CHoCH↑,CLEAN
600858.SH,20251126,5.62,6.1529,CHoCH↓,retrace_fail,CHoCH↓,NO_HIGH_BREAK;NO_RETRACE;NO_POI
688267.SH,20251126,20.628,9.572,CHoCH↓,retrace_fail,CHoCH↓,NO_HIGH_BREAK;NO_RETRACE;NO_POI
600278.SH,20251128,7.574,-2.1869,CHoCH↓,no_retrace,CHoCH↓,NO_HIGH_BREAK;NO_RETRACE;NO_POI
000908_SZ.SZ,20251103,0.0,16.3344,BOS↑,retrace_ok,BOS↑,NO_POI
002497_SZ.SZ,20251106,0.0,29.2072,BOS↑,no_retrace,BOS↑,NO_RETRACE;NO_POI
300438_SZ.SZ,20251106,0.0,-6.1222,CHoCH↑,no_retrace,CHoCH↑,NO_RETRACE;NO_POI
603185_SH.SH,20251106,0.0,5.5628,BOS↑,no_retrace,BOS↑,NO_RETRACE;NO_POI
600815_SH.SH,20251111,0.0,-6.4657,BOS↑,retrace_ok,BOS↑,NO_POI
000007_SZ.SZ,20251113,0.0,1.7792,CHoCH↑,no_retrace,CHoCH↑,NO_RETRACE;NO_POI
000820_SZ.SZ,20251114,0.0,1.262,BOS↑,retrace_ok,BOS↑,NO_POI
300078_SZ.SZ,20251125,0.0,7.8508,BOS↑,no_retrace,BOS↑,NO_RETRACE;NO_POI
002051.SZ,20251106,8.54,-0.1661,CHoCH↑,retrace_ok,CHoCH↑,CLEAN
600566.SH,20251126,24.215,7.6558,CHoCH↑,retrace_ok,CHoCH↑,CLEAN
601233.SH,20251127,14.41,0.5352,CHoCH↑,retrace_fail,CHoCH↑,NO_RETRACE
002387.SZ,20251201,9.0,0.2988,CHoCH↑,retrace_fail,CHoCH↑,NO_RETRACE
688310.SH,20251201,15.622,-7.457,CHoCH↓,no_retrace,CHoCH↓,NO_HIGH_BREAK;NO_RETRACE;NO_POI
600873.SH,20251231,9.722,1.3556,CHoCH↑,retrace_fail,CHoCH↑,NO_RETRACE
000521.SZ,20251204,6.529,-2.3233,BOS↓,retrace_fail,BOS↓,NO_HIGH_BREAK;NO_RETRACE;NO_POI
600734_SH.SH,20251202,0.0,-6.2606,BOS↑,no_retrace,BOS↑,NO_RETRACE;NO_POI
603355_SH.SH,20251209,0.0,-11.8637,BOS↑,no_retrace,BOS↑,NO_RETRACE;NO_POI
000901_SZ.SZ,20251215,0.0,14.1103,CHoCH↑,no_retrace,CHoCH↑,NO_RETRACE;NO_POI
000935_SZ.SZ,20251216,0.0,-0.9149,BOS↑,no_retrace,BOS↑,NO_RETRACE;NO_POI
002297_SZ.SZ,20251225,0.0,5.4911,CHoCH↑,no_retrace,CHoCH↑,NO_RETRACE;NO_POI
300118_SZ.SZ,20251225,0.0,41.002,BOS↓,retrace_fail,BOS↓,NO_HIGH_BREAK;NO_RETRACE;NO_POI
300531.SZ,20251204,16.772,-2.52,CHoCH↓,retrace_ok,CHoCH↓,NO_HIGH_BREAK;NO_POI
300834.SZ,20260105,23.085,1.5024,CHoCH↑,retrace_ok,CHoCH↑,CLEAN
000513.SZ,20260107,34.29,0.8517,CHoCH↑,no_retrace,CHoCH↑,NO_RETRACE
603039.SH,20260108,46.413,-0.1504,CHoCH↑,retrace_ok,CHoCH↑,CLEAN
600872.SH,20260105,16.939,0.5965,CHoCH↑,no_retrace,CHoCH↑,NO_RETRACE
002675.SZ,20260106,13.97,3.8865,CHoCH↑,no_retrace,CHoCH↑,NO_RETRACE;NO_POI
002875.SZ,20260121,17.513,0.2274,CHoCH↑,no_retrace,CHoCH↑,NO_RETRACE
601618.SH,20260128,3.14,-0.1137,CHoCH↑,retrace_fail,CHoCH↑,NO_RETRACE
688612.SH,20260128,32.256,-1.9288,CHoCH↓,retrace_fail,CHoCH↓,NO_HIGH_BREAK;NO_RETRACE;NO_POI
000048.SZ,20260109,15.27,17.4427,CHoCH↑,no_retrace,CHoCH↑,NO_RETRACE
002488.SZ,20260109,10.31,1.8266,CHoCH↑,retrace_ok,CHoCH↑,NO_POI
688576.SH,20260109,43.959,4.0171,BOS↓,retrace_fail,BOS↓,NO_HIGH_BREAK;NO_RETRACE;NO_POI
002422.SZ,20260107,30.182,3.7599,BOS↓,retrace_fail,BOS↓,NO_HIGH_BREAK;NO_RETRACE;NO_POI
002675.SZ,20260107,14.04,3.3676,CHoCH↑,no_retrace,CHoCH↑,NO_RETRACE;NO_POI
688506.SH,20260109,332.3,-8.1724,BOS↓,retrace_ok,BOS↓,NO_HIGH_BREAK;NO_POI
688506.SH,20260112,340.461,-10.3783,BOS↓,retrace_ok,BOS↓,NO_HIGH_BREAK;NO_POI
002608.SZ,20260119,7.41,-0.319,CHoCH↑,no_retrace,CHoCH↑,NO_RETRACE
300129_SZ.SZ,20260105,0.0,50.0788,BOS↑,no_retrace,BOS↑,NO_RETRACE;NO_POI
002169_SZ.SZ,20260107,0.0,1.0142,BOS↑,no_retrace,BOS↑,NO_RETRACE;NO_POI
002582_SZ.SZ,20260109,0.0,36.5576,BOS↑,retrace_ok,BOS↑,NO_POI
300984_SZ.SZ,20260109,0.0,-2.2482,BOS↑,no_retrace,BOS↑,NO_RETRACE;NO_POI
000603_SZ.SZ,20260112,0.0,50.3059,BOS↑,retrace_ok,BOS↑,NO_POI
688503_SH.SH,20260114,0.0,3.8927,BOS↑,no_retrace,BOS↑,NO_RETRACE;NO_POI
300054_SZ.SZ,20260116,0.0,-4.4044,BOS↑,no_retrace,BOS↑,NO_RETRACE;NO_POI
603650_SH.SH,20260116,0.0,-9.2833,CHoCH↑,no_retrace,CHoCH↑,NO_RETRACE;NO_POI
000612_SZ.SZ,20260120,0.0,2.1447,CHoCH↑,no_retrace,CHoCH↑,NO_RETRACE;NO_POI
002112_SZ.SZ,20260120,0.0,11.4901,BOS↑,no_retrace,BOS↑,NO_RETRACE;NO_POI
300855_SZ.SZ,20260120,0.0,-2.8142,BOS↑,no_retrace,BOS↑,NO_RETRACE;NO_POI
301073_SZ.SZ,20260120,0.0,-1.6834,BOS↑,retrace_ok,BOS↑,NO_POI
000960_SZ.SZ,20260121,0.0,-3.7313,BOS↑,no_retrace,BOS↑,NO_RETRACE;NO_POI
001373_SZ.SZ,20260121,0.0,6.6687,CHoCH↑,retrace_ok,CHoCH↑,NO_POI
600547_SH.SH,20260121,0.0,-2.7236,BOS↑,no_retrace,BOS↑,NO_RETRACE;NO_POI
300201_SZ.SZ,20260122,0.0,-0.3239,CHoCH↑,retrace_ok,CHoCH↑,NO_POI
688155_SH.SH,20260122,0.0,12.7928,CHoCH↑,no_retrace,CHoCH↑,NO_RETRACE;NO_POI
002358_SZ.SZ,20260123,0.0,6.4104,BOS↑,retrace_ok,BOS↑,NO_POI
002339_SZ.SZ,20260126,0.0,11.5343,BOS↑,no_retrace,BOS↑,NO_RETRACE;NO_POI
603012_SH.SH,20260127,0.0,1.1959,BOS↑,no_retrace,BOS↑,NO_RETRACE;NO_POI
300594_SZ.SZ,20260128,0.0,5.7618,BOS↑,retrace_ok,BOS↑,NO_POI
603861_SH.SH,20260128,0.0,5.0434,BOS↑,retrace_ok,BOS↑,NO_POI
603986_SH.SH,20260128,0.0,-9.5316,BOS↑,no_retrace,BOS↑,NO_RETRACE;NO_POI
688008_SH.SH,20260128,0.0,-0.8447,BOS↑,no_retrace,BOS↑,NO_RETRACE;NO_POI
688179_SH.SH,20260128,0.0,-8.9233,CHoCH↑,retrace_ok,CHoCH↑,NO_POI
688536_SH.SH,20260128,0.0,-11.3217,BOS↑,retrace_ok,BOS↑,NO_POI
600176_SH.SH,20260129,0.0,26.0257,BOS↑,no_retrace,BOS↑,NO_RETRACE;NO_POI
600211.SH,20260122,43.655,-4.4005,CHoCH↑,no_retrace,CHoCH↑,NO_RETRACE
600329.SH,20260209,42.54,-1.6533,CHoCH↑,no_retrace,CHoCH↑,NO_RETRACE
603858.SH,20260204,17.167,1.0734,BOS↑,retrace_ok,BOS↑,CLEAN
002286.SZ,20260209,10.59,-0.7673,CHoCH↑,retrace_ok,CHoCH↑,NO_POI
601137.SH,20260211,19.569,5.4141,BOS↓,retrace_fail,BOS↓,NO_HIGH_BREAK;NO_RETRACE;NO_POI
688617.SH,20260211,244.003,-6.1587,BOS↓,retrace_fail,BOS↓,NO_HIGH_BREAK;NO_RETRACE;NO_POI
301320.SZ,20260205,18.061,3.3411,BOS↑,retrace_fail,BOS↑,NO_RETRACE
600436.SH,20260206,171.45,-8.6772,CHoCH↑,no_retrace,CHoCH↑,NO_RETRACE
300679.SZ,20260210,42.665,-6.9528,BOS↓,retrace_ok,BOS↓,NO_HIGH_BREAK;NO_POI
301130.SZ,20260211,31.43,0.8623,BOS↑,retrace_ok,BOS↑,CLEAN
600743.SH,20260211,2.01,-0.2508,BOS↓,retrace_fail,BOS↓,NO_HIGH_BREAK;NO_RETRACE;NO_POI
300679.SZ,20260213,41.407,-3.8248,BOS↓,retrace_ok,BOS↓,NO_HIGH_BREAK;NO_POI
688617.SH,20260213,233.306,-1.5947,BOS↓,retrace_fail,BOS↓,NO_HIGH_BREAK;NO_RETRACE;NO_POI
600208.SH,20260224,3.7,0.2476,CHoCH↓,no_retrace,CHoCH↓,NO_HIGH_BREAK;NO_RETRACE;NO_POI
002475.SZ,20260225,50.411,-1.9758,BOS↓,retrace_fail,BOS↓,NO_HIGH_BREAK;NO_RETRACE;NO_POI
600331_SH.SH,20260202,0.0,21.1029,BOS↑,retrace_ok,BOS↑,NO_POI
603285_SH.SH,20260202,0.0,5.2827,BOS↑,no_retrace,BOS↑,NO_RETRACE;NO_POI
603306_SH.SH,20260202,0.0,13.4052,BOS↑,retrace_ok,BOS↑,NO_POI
605056_SH.SH,20260202,0.0,10.0995,BOS↑,no_retrace,BOS↑,NO_RETRACE;NO_POI
002487_SZ.SZ,20260204,0.0,11.5697,CHoCH↑,retrace_ok,CHoCH↑,NO_POI
000533_SZ.SZ,20260213,0.0,40.4357,BOS↑,no_retrace,BOS↑,NO_RETRACE;NO_POI
603950_SH.SH,20260227,0.0,6.419,BOS↑,no_retrace,BOS↑,NO_RETRACE;NO_POI
600971.SH,20260211,6.613,5.1356,BOS↑,retrace_ok,BOS↑,CLEAN
600801.SH,20260204,23.63,-2.6805,BOS↑,retrace_fail,BOS↑,NO_RETRACE
688317.SH,20260204,21.483,0.042,BOS↑,retrace_fail,BOS↑,NO_RETRACE
002015.SZ,20260205,10.771,6.3251,BOS↑,retrace_ok,BOS↑,CLEAN
600873.SH,20260206,10.209,4.1276,BOS↑,retrace_ok,BOS↑,CLEAN
301307.SZ,20260306,37.165,4.4752,BOS↓,retrace_fail,BOS↓,NO_HIGH_BREAK;NO_RETRACE;NO_POI
002955.SZ,20260319,25.413,-2.8504,BOS↓,retrace_ok,BOS↓,NO_HIGH_BREAK;NO_POI
300633.SZ,20260319,25.761,-5.5516,BOS↓,retrace_ok,BOS↓,NO_HIGH_BREAK;NO_POI
603885.SH,20260326,11.543,2.9426,BOS↓,retrace_fail,BOS↓,NO_HIGH_BREAK;NO_RETRACE;NO_POI
000009.SZ,20260311,9.18,-5.9054,BOS↓,retrace_ok,BOS↓,NO_HIGH_BREAK;NO_POI
000408.SZ,20260325,75.937,6.9561,BOS↓,no_retrace,BOS↓,NO_HIGH_BREAK;NO_RETRACE;NO_POI
000408.SZ,20260326,74.881,8.4677,BOS↓,retrace_fail,BOS↓,NO_HIGH_BREAK;NO_RETRACE;NO_POI
603836.SH,20260306,10.11,-5.1864,BOS↑,retrace_fail,BOS↑,NO_RETRACE
300583.SZ,20260310,14.595,-0.5219,BOS↓,retrace_ok,BOS↓,NO_HIGH_BREAK;NO_POI
688278.SH,20260316,69.473,-2.1037,BOS↓,retrace_fail,BOS↓,NO_HIGH_BREAK;NO_RETRACE;NO_POI
002655_SZ.SZ,20260302,0.0,5.9493,CHoCH↑,retrace_ok,CHoCH↑,NO_POI
600188_SH.SH,20260302,0.0,11.4052,BOS↑,retrace_ok,BOS↑,NO_POI
600482_SH.SH,20260305,0.0,-11.9589,BOS↑,no_retrace,BOS↑,NO_RETRACE;NO_POI
601898_SH.SH,20260312,0.0,-2.7054,BOS↑,retrace_ok,BOS↑,NO_POI
301265_SZ.SZ,20260317,0.0,0.9915,BOS↑,no_retrace,BOS↑,NO_RETRACE;NO_POI
300868_SZ.SZ,20260324,0.0,6.0426,BOS↑,no_retrace,BOS↑,NO_RETRACE;NO_POI
688251_SH.SH,20260325,0.0,-3.1379,BOS↑,retrace_ok,BOS↑,NO_POI
002309_SZ.SZ,20260331,0.0,-16.2417,BOS↑,no_retrace,BOS↑,NO_RETRACE;NO_POI
600909.SH,20260311,6.05,-3.6518,BOS↓,retrace_ok,BOS↓,NO_HIGH_BREAK;NO_POI
600208.SH,20260316,3.465,-4.9156,BOS↓,retrace_ok,BOS↓,NO_HIGH_BREAK;NO_POI
600679.SH,20260319,12.006,-3.3432,BOS↓,no_retrace,BOS↓,NO_HIGH_BREAK;NO_RETRACE;NO_POI
603043.SH,20260330,15.256,-3.9452,BOS↓,retrace_ok,BOS↓,NO_HIGH_BREAK;NO_POI
605162_SH.SH,20260401,0.0,10.4529,BOS↑,no_retrace,BOS↑,NO_RETRACE;NO_POI
002713_SZ.SZ,20260408,0.0,10.1528,CHoCH↑,retrace_ok,CHoCH↑,NO_POI
002902_SZ.SZ,20260414,0.0,2.576,BOS↑,no_retrace,BOS↑,NO_RETRACE;NO_POI
002281_SZ.SZ,20260416,0.0,34.3896,BOS↑,no_retrace,BOS↑,NO_RETRACE;NO_POI
002281_SZ.SZ,20260417,0.0,35.6861,BOS↑,no_retrace,BOS↑,NO_RETRACE;NO_POI
301222_SZ.SZ,20260417,0.0,29.8452,BOS↑,no_retrace,BOS↑,NO_RETRACE;NO_POI
688383_SH.SH,20260417,0.0,3.5317,CHoCH↑,no_retrace,CHoCH↑,NO_RETRACE;NO_POI
603165_SH.SH,20260420,0.0,8.5821,BOS↑,no_retrace,BOS↑,NO_RETRACE;NO_POI
301369_SZ.SZ,20260423,0.0,37.1808,BOS↑,retrace_ok,BOS↑,NO_POI
603950_SH.SH,20260423,0.0,15.0388,BOS↑,retrace_ok,BOS↑,NO_POI
003031_SZ.SZ,20260428,0.0,26.8506,BOS↑,no_retrace,BOS↑,NO_RETRACE;NO_POI
605006_SH.SH,20260428,0.0,28.4216,BOS↑,retrace_ok,BOS↑,NO_POI
002273_SZ.SZ,20260430,0.0,10.7384,BOS↑,retrace_ok,BOS↑,NO_POI
002384_SZ.SZ,20260430,0.0,16.8197,BOS↑,no_retrace,BOS↑,NO_RETRACE;NO_POI
003031_SZ.SZ,20260430,0.0,35.3134,BOS↑,no_retrace,BOS↑,NO_RETRACE;NO_POI
301603_SZ.SZ,20260430,0.0,26.7856,BOS↑,no_retrace,BOS↑,NO_RETRACE;NO_POI
603139_SH.SH,20260430,0.0,5.5119,BOS↑,no_retrace,BOS↑,NO_RETRACE;NO_POI
688683_SH.SH,20260430,0.0,1.1268,CHoCH↑,no_retrace,CHoCH↑,NO_RETRACE;NO_POI
000063.SZ,20260529,37.513,1.4191,BOS↑,retrace_ok,BOS↑,CLEAN
600239.SH,20260529,1.53,-6.55,BOS↓,retrace_fail,BOS↓,NO_HIGH_BREAK;NO_RETRACE;NO_POI
603456.SH,20260527,12.603,-1.7278,BOS↓,retrace_fail,BOS↓,NO_HIGH_BREAK;NO_RETRACE;NO_POI
002938_SZ.SZ,20260506,0.0,23.7167,CHoCH↑,retrace_ok,CHoCH↑,NO_POI
003031_SZ.SZ,20260506,0.0,30.8796,BOS↑,no_retrace,BOS↑,NO_RETRACE;NO_POI
688069_SH.SH,20260506,0.0,45.1166,BOS↑,retrace_ok,BOS↑,NO_POI
002938_SZ.SZ,20260507,0.0,25.5635,CHoCH↑,retrace_ok,CHoCH↑,NO_POI
301371_SZ.SZ,20260507,0.0,5.4799,CHoCH↑,no_retrace,CHoCH↑,NO_RETRACE;NO_POI
688381_SH.SH,20260507,0.0,28.5425,BOS↑,retrace_ok,BOS↑,NO_POI
002916_SZ.SZ,20260512,0.0,25.5841,BOS↑,retrace_ok,BOS↑,NO_POI
300054_SZ.SZ,20260512,0.0,18.5593,BOS↑,no_retrace,BOS↑,NO_RETRACE;NO_POI
603682_SH.SH,20260512,0.0,-5.4934,BOS↑,no_retrace,BOS↑,NO_RETRACE;NO_POI
688508_SH.SH,20260512,0.0,6.3858,CHoCH↑,retrace_ok,CHoCH↑,NO_POI
000668_SZ.SZ,20260514,0.0,1.0686,BOS↑,retrace_ok,BOS↑,NO_POI
300475_SZ.SZ,20260514,0.0,-3.6178,BOS↑,retrace_ok,BOS↑,NO_POI
300706_SZ.SZ,20260514,0.0,6.7505,CHoCH↑,retrace_ok,CHoCH↑,NO_POI
688110_SH.SH,20260514,0.0,-11.271,CHoCH↑,no_retrace,CHoCH↑,NO_RETRACE;NO_POI
688290_SH.SH,20260514,0.0,2.6271,BOS↑,retrace_ok,BOS↑,NO_POI
000668_SZ.SZ,20260515,0.0,-0.9096,BOS↑,retrace_ok,BOS↑,NO_POI
001339_SZ.SZ,20260518,0.0,3.8678,CHoCH↑,retrace_ok,CHoCH↑,NO_POI
301285_SZ.SZ,20260518,0.0,-5.3475,BOS↑,retrace_ok,BOS↑,NO_POI
601208_SH.SH,20260518,0.0,5.0701,BOS↑,no_retrace,BOS↑,NO_RETRACE;NO_POI
603162_SH.SH,20260518,0.0,-8.3698,BOS↑,retrace_ok,BOS↑,NO_POI
688017_SH.SH,20260518,0.0,-4.4363,BOS↑,no_retrace,BOS↑,NO_RETRACE;NO_POI
002635_SZ.SZ,20260519,0.0,-3.8504,BOS↑,no_retrace,BOS↑,NO_RETRACE;NO_POI
300408_SZ.SZ,20260519,0.0,49.9508,BOS↑,no_retrace,BOS↑,NO_RETRACE;NO_POI
301123_SZ.SZ,20260519,0.0,17.8385,BOS↑,retrace_ok,BOS↑,NO_POI
603336_SH.SH,20260519,0.0,-27.5771,BOS↑,no_retrace,BOS↑,NO_RETRACE;NO_POI
603608_SH.SH,20260519,0.0,26.8395,BOS↑,retrace_ok,BOS↑,NO_POI
688179_SH.SH,20260519,0.0,-10.4508,BOS↑,no_retrace,BOS↑,NO_RETRACE;NO_POI
003004_SZ.SZ,20260520,0.0,58.5642,BOS↑,no_retrace,BOS↑,NO_RETRACE;NO_POI
002273_SZ.SZ,20260520,0.0,-5.8821,BOS↑,retrace_ok,BOS↑,NO_POI
002993_SZ.SZ,20260520,0.0,7.3483,BOS↑,no_retrace,BOS↑,NO_RETRACE;NO_POI
603936_SH.SH,20260520,0.0,5.2934,BOS↑,no_retrace,BOS↑,NO_RETRACE;NO_POI
605358_SH.SH,20260520,0.0,3.7469,BOS↑,no_retrace,BOS↑,NO_RETRACE;NO_POI
688052_SH.SH,20260520,0.0,7.7877,CHoCH↑,retrace_ok,CHoCH↑,NO_POI
600936_SH.SH,20260522,0.0,3.9812,BOS↑,no_retrace,BOS↑,NO_RETRACE;NO_POI
300106_SZ.SZ,20260525,0.0,-10.9349,CHoCH↑,no_retrace,CHoCH↑,NO_RETRACE;NO_POI
600730_SH.SH,20260525,0.0,1.7685,CHoCH↑,no_retrace,CHoCH↑,NO_RETRACE;NO_POI
300825_SZ.SZ,20260526,0.0,7.5147,CHoCH↑,retrace_ok,CHoCH↑,NO_POI
688107_SH.SH,20260526,0.0,-17.3429,CHoCH↑,no_retrace,CHoCH↑,NO_RETRACE;NO_POI
002782_SZ.SZ,20260527,0.0,-18.3149,CHoCH↑,no_retrace,CHoCH↑,NO_RETRACE;NO_POI
688068.SH,20260527,85.209,-7.7309,BOS↓,no_retrace,BOS↓,NO_HIGH_BREAK;NO_RETRACE;NO_POI
300883.SZ,20260528,6.86,-7.1959,BOS↑,retrace_ok,BOS↑,CLEAN
600567.SH,20260611,1.356,-5.2521,BOS↓,retrace_fail,BOS↓,NO_HIGH_BREAK;NO_RETRACE;NO_POI
002758.SZ,20260615,7.885,-2.99,BOS↓,retrace_fail,BOS↓,NO_HIGH_BREAK;NO_RETRACE;NO_POI
600679.SH,20260608,10.402,-10.6,BOS↓,retrace_ok,BOS↓,NO_HIGH_BREAK;NO_POI
600567.SH,20260612,1.297,7.0723,BOS↓,retrace_fail,BOS↓,NO_HIGH_BREAK;NO_RETRACE;NO_POI
603987.SH,20260612,7.118,-0.934,BOS↓,retrace_ok,BOS↓,NO_HIGH_BREAK;NO_POI
300871.SZ,20260615,22.281,2.6908,CHoCH↓,retrace_ok,CHoCH↓,NO_HIGH_BREAK;NO_POI
300193.SZ,20260616,8.316,-4.9122,CHoCH↓,retrace_fail,CHoCH↓,NO_HIGH_BREAK;NO_RETRACE;NO_POI
301223.SZ,20260616,16.78,-2.6463,BOS↓,retrace_ok,BOS↓,NO_HIGH_BREAK;NO_POI
688377.SH,20260604,31.373,-9.5393,CHoCH↓,retrace_fail,CHoCH↓,NO_HIGH_BREAK;NO_RETRACE;NO_POI
605507.SH,20260605,15.84,-4.4321,BOS↓,retrace_ok,BOS↓,NO_HIGH_BREAK;NO_POI
600187.SH,20260612,1.584,-15.7731,BOS↓,retrace_ok,BOS↓,NO_HIGH_BREAK;NO_POI
301333.SZ,20260616,45.442,13.6648,BOS↓,retrace_ok,BOS↓,NO_HIGH_BREAK;NO_POI
603899.SH,20260601,22.82,-2.9342,BOS↓,retrace_ok,BOS↓,NO_HIGH_BREAK;NO_POI
002637.SZ,20260603,12.499,1.0045,CHoCH↓,retrace_fail,CHoCH↓,NO_HIGH_BREAK;NO_RETRACE;NO_POI
600585.SH,20260603,19.325,-4.9084,BOS↓,no_retrace,BOS↓,NO_HIGH_BREAK;NO_RETRACE;NO_POI
605507.SH,20260603,15.484,-2.0988,BOS↓,retrace_ok,BOS↓,NO_HIGH_BREAK;NO_POI
000100.SZ,20260604,4.604,1.1383,CHoCH↑,retrace_ok,CHoCH↑,CLEAN
000055.SZ,20260609,3.534,7.7806,BOS↑,retrace_fail,BOS↑,NO_RETRACE
002206.SZ,20260611,5.207,2.0874,CHoCH↓,retrace_ok,CHoCH↓,NO_HIGH_BREAK;NO_POI;NEW_LOW_ENTRY
002332.SZ,20260611,8.474,0.1146,BOS↓,retrace_ok,BOS↓,NO_HIGH_BREAK;NO_POI
300347.SZ,20260611,38.253,26.0276,BOS↓,retrace_fail,BOS↓,NO_HIGH_BREAK;NO_RETRACE;NO_POI
002223.SZ,20260615,25.96,-4.0712,BOS↓,retrace_fail,BOS↓,NO_HIGH_BREAK;NO_RETRACE;NO_POI
300347.SZ,20260615,39.302,0.5654,BOS↓,retrace_fail,BOS↓,NO_HIGH_BREAK;NO_RETRACE;NO_POI
603579.SH,20260615,18.72,-0.2985,BOS↓,retrace_fail,BOS↓,NO_HIGH_BREAK;NO_RETRACE;NO_POI
301263.SZ,20260617,19.523,-9.2489,BOS↓,retrace_ok,BOS↓,NO_HIGH_BREAK;NO_POI
301333.SZ,20260617,45.135,15.1185,BOS↓,retrace_ok,BOS↓,NO_HIGH_BREAK;NO_POI
301097.SZ,20260618,36.016,4.737,CHoCH↓,no_retrace,CHoCH↓,NO_HIGH_BREAK;NO_RETRACE;NO_POI
300245.SZ,20260601,6.66,-2.2301,BOS↓,no_retrace,BOS↓,NO_HIGH_BREAK;NO_RETRACE;NO_POI
000409.SZ,20260604,9.524,-4.5264,CHoCH↑,retrace_fail,CHoCH↑,NO_RETRACE
300583.SZ,20260604,12.469,-1.8729,BOS↓,no_retrace,BOS↓,NO_HIGH_BREAK;NO_RETRACE;NO_POI;NEW_LOW_ENTRY
603858.SH,20260604,14.84,-3.5877,CHoCH↓,no_retrace,CHoCH↓,NO_HIGH_BREAK;NO_RETRACE;NO_POI
300611.SZ,20260605,25.75,-0.3183,CHoCH↑,retrace_ok,CHoCH↑,CLEAN
688278.SH,20260605,53.559,9.9354,BOS↓,retrace_ok,BOS↓,NO_HIGH_BREAK;NO_POI;NEW_LOW_ENTRY
688513.SH,20260605,46.391,-2.2323,BOS↓,retrace_ok,BOS↓,NO_HIGH_BREAK;NO_POI
688606.SH,20260608,49.154,-7.2355,BOS↓,no_retrace,BOS↓,NO_HIGH_BREAK;NO_RETRACE;NO_POI
000055.SZ,20260610,3.663,0.9652,BOS↑,retrace_fail,BOS↑,NO_RETRACE
601800.SH,20260612,6.203,-3.3188,BOS↓,retrace_fail,BOS↓,NO_HIGH_BREAK;NO_RETRACE;NO_POI
688109.SH,20260612,77.42,3.1232,CHoCH↑,retrace_fail,CHoCH↑,NO_RETRACE
000801.SZ,20260615,12.226,-1.4207,BOS↓,retrace_ok,BOS↓,NO_HIGH_BREAK;NO_POI
300791.SZ,20260615,17.0,-4.8095,BOS↓,retrace_fail,BOS↓,NO_HIGH_BREAK;NO_RETRACE;NO_POI
600872.SH,20260615,17.51,-6.592,BOS↓,no_retrace,BOS↓,NO_HIGH_BREAK;NO_RETRACE;NO_POI
300883.SZ,20260616,6.326,-3.0934,CHoCH↓,retrace_ok,CHoCH↓,NO_HIGH_BREAK;NO_POI
000564.SZ,20260617,1.584,-4.9047,BOS↓,retrace_fail,BOS↓,NO_HIGH_BREAK;NO_RETRACE;NO_POI
300347.SZ,20260617,38.847,0.9277,BOS↓,retrace_fail,BOS↓,NO_HIGH_BREAK;NO_RETRACE;NO_POI
002962_SZ.SZ,20260603,0.0,-11.0477,BOS↑,no_retrace,BOS↑,NO_RETRACE;NO_POI
301566_SZ.SZ,20260603,0.0,-1.7802,BOS↑,retrace_ok,BOS↑,NO_POI
301568_SZ.SZ,20260603,0.0,47.2476,BOS↑,retrace_ok,BOS↑,NO_POI
300037_SZ.SZ,20260605,0.0,13.5243,BOS↑,retrace_ok,BOS↑,NO_POI
601678_SH.SH,20260623,0.0,-4.5478,CHoCH↑,retrace_ok,CHoCH↑,NO_POI
002876_SZ.SZ,20260625,0.0,-11.6286,BOS↑,no_retrace,BOS↑,NO_RETRACE;NO_POI
002937_SZ.SZ,20260625,0.0,1.3998,CHoCH↑,retrace_ok,CHoCH↑,NO_POI
603290_SH.SH,20260630,0.0,-20.5931,CHoCH↓,retrace_fail,CHoCH↓,NO_HIGH_BREAK;NO_RETRACE;NO_POI
600179.SH,20260603,4.346,4.5809,CHoCH↑,retrace_fail,CHoCH↑,NO_RETRACE
301078.SZ,20260605,8.187,-2.1953,CHoCH↓,no_retrace,CHoCH↓,NO_HIGH_BREAK;NO_RETRACE;NO_POI;NEW_LOW_ENTRY
002452.SZ,20260610,11.286,9.4688,BOS↑,retrace_fail,BOS↑,NO_RETRACE
002661.SZ,20260611,7.861,-6.3837,CHoCH↓,retrace_ok,CHoCH↓,NO_HIGH_BREAK;NO_POI
300082.SZ,20260616,9.67,-5.8697,CHoCH↓,retrace_ok,CHoCH↓,NO_HIGH_BREAK;NO_POI
000100.SZ,20260610,4.722,2.0876,CHoCH↑,retrace_ok,CHoCH↑,NO_POI
300143.SZ,20260720,7.009,5.307,CHoCH↑,retrace_fail,CHoCH↑,NO_RETRACE
600382.SH,20260729,6.25,0.718,BOS↓,retrace_fail,BOS↓,NO_HIGH_BREAK;NO_RETRACE;NO_POI
300906.SZ,20260730,25.146,-0.3593,CHoCH↑,no_retrace,CHoCH↑,NO_RETRACE
301032.SZ,20260722,8.99,9.9244,BOS↓,no_retrace,BOS↓,NO_HIGH_BREAK;NO_RETRACE;NO_POI
300988.SZ,20260724,14.81,-2.5251,CHoCH↑,retrace_ok,CHoCH↑,CLEAN
301446.SZ,20260724,31.977,23.6725,BOS↓,retrace_fail,BOS↓,NO_HIGH_BREAK;NO_RETRACE;NO_POI
002888.SZ,20260728,15.731,17.0396,CHoCH↓,retrace_ok,CHoCH↓,NO_HIGH_BREAK;NO_POI
601799.SH,20260729,93.09,1.0371,BOS↓,retrace_fail,BOS↓,NO_HIGH_BREAK;NO_RETRACE;NO_POI
603390.SH,20260729,9.52,7.6932,BOS↓,retrace_ok,BOS↓,NO_HIGH_BREAK;NO_POI
600382.SH,20260730,6.3,0.2339,BOS↓,retrace_fail,BOS↓,NO_HIGH_BREAK;NO_RETRACE;NO_POI
301446.SZ,20260731,33.29,14.5298,BOS↓,retrace_fail,BOS↓,NO_HIGH_BREAK;NO_RETRACE;NO_POI
603920.SH,20260731,32.9,20.7129,BOS↓,no_retrace,BOS↓,NO_HIGH_BREAK;NO_RETRACE;NO_POI
002858.SZ,20260717,10.92,-5.7828,BOS↓,retrace_fail,BOS↓,NO_HIGH_BREAK;NO_RETRACE;NO_POI
601717.SH,20260717,15.028,0.4206,BOS↓,no_retrace,BOS↓,NO_HIGH_BREAK;NO_RETRACE;NO_POI
688326.SH,20260717,67.043,-4.9378,BOS↓,retrace_fail,BOS↓,NO_HIGH_BREAK;NO_RETRACE;NO_POI
002340.SZ,20260720,6.237,7.8089,BOS↓,retrace_ok,BOS↓,NO_HIGH_BREAK;NO_POI;NEW_LOW_ENTRY
301087.SZ,20260721,50.193,3.73,CHoCH↑,retrace_ok,CHoCH↑,CLEAN
601600.SH,20260721,9.078,7.2042,CHoCH↑,retrace_ok,CHoCH↑,NO_POI
000695.SZ,20260722,12.484,4.2937,BOS↓,retrace_fail,BOS↓,NO_HIGH_BREAK;NO_RETRACE;NO_POI
002858.SZ,20260722,10.108,13.1279,BOS↓,retrace_ok,BOS↓,NO_HIGH_BREAK;NO_POI
300014.SZ,20260722,53.668,0.4595,CHoCH↓,retrace_ok,CHoCH↓,NO_HIGH_BREAK;NO_POI
300183.SZ,20260723,9.92,5.727,BOS↓,retrace_fail,BOS↓,NO_HIGH_BREAK;NO_RETRACE;NO_POI
688032.SH,20260723,74.854,4.7681,BOS↓,retrace_fail,BOS↓,NO_HIGH_BREAK;NO_RETRACE;NO_POI
002020.SZ,20260727,13.325,6.4501,CHoCH↓,no_retrace,CHoCH↓,NO_HIGH_BREAK;NO_RETRACE;NO_POI
002340.SZ,20260727,6.48,4.0666,BOS↓,retrace_fail,BOS↓,NO_HIGH_BREAK;NO_RETRACE;NO_POI
300091.SZ,20260727,2.39,7.9517,BOS↓,retrace_ok,BOS↓,NO_HIGH_BREAK;NO_POI
300906.SZ,20260727,22.34,15.8211,BOS↓,retrace_ok,BOS↓,NO_HIGH_BREAK;NO_POI
300925.SZ,20260728,13.751,7.7715,BOS↓,retrace_fail,BOS↓,NO_HIGH_BREAK;NO_RETRACE;NO_POI
301290.SZ,20260728,25.61,11.6768,BOS↓,retrace_ok,BOS↓,NO_HIGH_BREAK;NO_POI
002722.SZ,20260729,12.0,3.8525,BOS↓,retrace_fail,BOS↓,NO_HIGH_BREAK;NO_RETRACE;NO_POI
002778.SZ,20260729,14.315,9.0299,BOS↓,retrace_fail,BOS↓,NO_HIGH_BREAK;NO_RETRACE;NO_POI
002812.SZ,20260729,51.797,8.2768,BOS↓,retrace_ok,BOS↓,NO_HIGH_BREAK;NO_POI
605588.SH,20260730,39.818,19.1558,CHoCH↓,retrace_ok,CHoCH↓,NO_HIGH_BREAK;NO_POI
688623.SH,20260730,60.816,6.3355,BOS↓,retrace_fail,BOS↓,NO_HIGH_BREAK;NO_RETRACE;NO_POI
002023.SZ,20260731,9.27,15.9644,CHoCH↓,retrace_ok,CHoCH↓,NO_HIGH_BREAK;NO_POI
002827.SZ,20260717,24.819,0.168,BOS↓,retrace_fail,BOS↓,NO_HIGH_BREAK;NO_RETRACE;NO_POI
301173.SZ,20260721,29.136,-3.2819,BOS↓,retrace_ok,BOS↓,NO_HIGH_BREAK;NO_POI;NEW_LOW_ENTRY
301283.SZ,20260721,23.374,9.1477,BOS↓,retrace_ok,BOS↓,NO_HIGH_BREAK;NO_POI
688331.SH,20260721,121.879,-3.6813,CHoCH↓,retrace_ok,CHoCH↓,NO_HIGH_BREAK;NO_POI
301533.SZ,20260723,22.88,11.1636,BOS↓,retrace_ok,BOS↓,NO_HIGH_BREAK;NO_POI
600382.SH,20260723,5.72,11.1156,BOS↓,retrace_ok,BOS↓,NO_HIGH_BREAK;NO_POI
001233.SZ,20260724,43.382,5.046,BOS↓,retrace_fail,BOS↓,NO_HIGH_BREAK;NO_RETRACE;NO_POI
003008.SZ,20260724,16.612,-2.2754,BOS↓,retrace_fail,BOS↓,NO_HIGH_BREAK;NO_RETRACE;NO_POI
301330.SZ,20260724,21.632,-1.837,BOS↓,retrace_ok,BOS↓,NO_HIGH_BREAK;NO_POI
002722.SZ,20260727,11.52,8.188,BOS↓,retrace_ok,BOS↓,NO_HIGH_BREAK;NO_POI
002929.SZ,20260728,50.767,-13.7508,BOS↓,no_retrace,BOS↓,NO_HIGH_BREAK;NO_RETRACE;NO_POI
300467.SZ,20260728,32.73,8.6106,BOS↓,retrace_ok,BOS↓,NO_HIGH_BREAK;NO_POI
301252.SZ,20260728,28.75,15.9517,BOS↓,retrace_ok,BOS↓,NO_HIGH_BREAK;NO_POI
301662.SZ,20260728,67.132,6.5845,BOS↓,no_retrace,BOS↓,NO_HIGH_BREAK;NO_RETRACE;NO_POI
002023.SZ,20260729,8.93,20.1637,CHoCH↓,retrace_ok,CHoCH↓,NO_HIGH_BREAK;NO_POI
002931.SZ,20260729,44.144,16.0042,CHoCH↓,retrace_ok,CHoCH↓,NO_HIGH_BREAK;NO_POI
300690.SZ,20260729,20.99,-0.5519,BOS↓,retrace_ok,BOS↓,NO_HIGH_BREAK;NO_POI
301305.SZ,20260729,20.176,17.6735,BOS↓,no_retrace,BOS↓,NO_HIGH_BREAK;NO_RETRACE;NO_POI
600580.SH,20260729,29.49,19.7701,CHoCH↓,no_retrace,CHoCH↓,NO_HIGH_BREAK;NO_RETRACE;NO_POI
603920.SH,20260729,32.482,19.6577,BOS↓,no_retrace,BOS↓,NO_HIGH_BREAK;NO_RETRACE;NO_POI;NEW_LOW_ENTRY
688162.SH,20260729,20.67,11.4777,BOS↓,retrace_ok,BOS↓,NO_HIGH_BREAK;NO_POI
688429.SH,20260729,9.13,13.9964,BOS↓,retrace_ok,BOS↓,NO_HIGH_BREAK;NO_POI
688638.SH,20260729,27.918,14.7536,BOS↓,retrace_ok,BOS↓,NO_HIGH_BREAK;NO_POI
002079.SZ,20260730,8.92,7.9927,CHoCH↓,no_retrace,CHoCH↓,NO_HIGH_BREAK;NO_RETRACE;NO_POI
002931.SZ,20260730,43.114,18.3857,CHoCH↓,retrace_ok,CHoCH↓,NO_HIGH_BREAK;NO_POI
300095.SZ,20260730,8.009,2.602,BOS↓,no_retrace,BOS↓,NO_HIGH_BREAK;NO_RETRACE;NO_POI
300183.SZ,20260730,10.118,5.7276,BOS↓,retrace_fail,BOS↓,NO_HIGH_BREAK;NO_RETRACE;NO_POI
301306.SZ,20260730,80.685,18.7909,CHoCH↓,retrace_ok,CHoCH↓,NO_HIGH_BREAK;NO_POI;NEW_LOW_ENTRY
600580.SH,20260730,29.334,19.2423,CHoCH↓,no_retrace,CHoCH↓,NO_HIGH_BREAK;NO_RETRACE;NO_POI
688350.SH,20260730,28.334,5.7156,BOS↓,retrace_ok,BOS↓,NO_HIGH_BREAK;NO_POI
002050.SZ,20260731,36.51,6.4613,BOS↓,retrace_ok,BOS↓,NO_HIGH_BREAK;NO_POI
002722.SZ,20260731,12.28,1.48,BOS↓,retrace_fail,BOS↓,NO_HIGH_BREAK;NO_RETRACE;NO_POI
003015.SZ,20260731,10.36,14.1078,BOS↓,retrace_ok,BOS↓,NO_HIGH_BREAK;NO_POI
300687.SZ,20260731,21.19,29.5874,CHoCH↓,no_retrace,CHoCH↓,NO_HIGH_BREAK;NO_RETRACE;NO_POI
603079.SH,20260731,10.86,11.0598,BOS↓,retrace_fail,BOS↓,NO_HIGH_BREAK;NO_RETRACE;NO_POI
605588.SH,20260731,40.0,23.652,CHoCH↓,retrace_ok,CHoCH↓,NO_HIGH_BREAK;NO_POI
688359.SH,20260731,90.0,25.3043,BOS↓,no_retrace,BOS↓,NO_HIGH_BREAK;NO_RETRACE;NO_POI
000923.SZ,20260717,13.622,8.7403,CHoCH↑,retrace_ok,CHoCH↑,CLEAN
301283.SZ,20260720,23.641,7.447,BOS↓,retrace_ok,BOS↓,NO_HIGH_BREAK;NO_POI
002020.SZ,20260722,13.989,-2.8162,CHoCH↑,no_retrace,CHoCH↑,NO_RETRACE
301026.SZ,20260722,17.246,29.6587,BOS↓,no_retrace,BOS↓,NO_HIGH_BREAK;NO_RETRACE;NO_POI
601799.SH,20260722,89.15,5.2205,BOS↓,retrace_fail,BOS↓,NO_HIGH_BREAK;NO_RETRACE;NO_POI
000695.SZ,20260723,12.83,-0.2131,BOS↓,retrace_fail,BOS↓,NO_HIGH_BREAK;NO_RETRACE;NO_POI
001322.SZ,20260723,5.98,-2.3781,CHoCH↓,retrace_ok,CHoCH↓,NO_HIGH_BREAK;NO_POI
002318.SZ,20260723,18.89,5.3061,BOS↓,no_retrace,BOS↓,NO_HIGH_BREAK;NO_RETRACE;NO_POI
301439.SZ,20260728,14.216,7.137,BOS↓,retrace_ok,BOS↓,NO_HIGH_BREAK;NO_POI
301248.SZ,20260729,54.717,17.7349,BOS↓,retrace_ok,BOS↓,NO_HIGH_BREAK;NO_POI
600186.SH,20260729,8.474,28.519,CHoCH↓,retrace_ok,CHoCH↓,NO_HIGH_BREAK;NO_POI
603135.SH,20260729,8.593,9.0864,CHoCH↓,no_retrace,CHoCH↓,NO_HIGH_BREAK;NO_RETRACE;NO_POI
002203.SZ,20260730,17.582,9.2758,CHoCH↓,retrace_fail,CHoCH↓,NO_HIGH_BREAK;NO_RETRACE;NO_POI;NEW_LOW_ENTRY
603088.SH,20260730,9.029,3.1506,BOS↓,retrace_ok,BOS↓,NO_HIGH_BREAK;NO_POI
002203.SZ,20260731,17.78,10.8095,CHoCH↓,retrace_ok,CHoCH↓,NO_HIGH_BREAK;NO_POI
002600.SZ,20260731,12.64,2.2847,CHoCH↓,retrace_ok,CHoCH↓,NO_HIGH_BREAK;NO_POI
301252.SZ,20260731,27.53,22.5474,BOS↓,retrace_ok,BOS↓,NO_HIGH_BREAK;NO_POI
301322.SZ,20260731,32.11,25.0864,CHoCH↓,retrace_ok,CHoCH↓,NO_HIGH_BREAK;NO_POI
603031.SH,20260731,36.01,21.0513,BOS↓,no_retrace,BOS↓,NO_HIGH_BREAK;NO_RETRACE;NO_POI
688657.SH,20260731,28.24,26.8827,CHoCH↓,no_retrace,CHoCH↓,NO_HIGH_BREAK;NO_RETRACE;NO_POI
603713_SH.SH,20260701,0.0,0.0088,CHoCH↑,no_retrace,CHoCH↑,NO_RETRACE;NO_POI
603259_SH.SH,20260702,0.0,2.3434,CHoCH↑,no_retrace,CHoCH↑,NO_RETRACE;NO_POI
002860_SZ.SZ,20260710,0.0,7.3574,BOS↑,no_retrace,BOS↑,NO_RETRACE;NO_POI
600918.SH,20260722,5.623,-1.1665,CHoCH↑,retrace_ok,CHoCH↑,NO_POI
000695.SZ,20260724,13.018,-1.2316,CHoCH↑,no_retrace,CHoCH↑,NO_RETRACE
688623.SH,20260724,59.717,-1.3068,BOS↓,retrace_ok,BOS↓,NO_HIGH_BREAK;NO_POI
002318.SZ,20260727,18.711,5.2487,BOS↓,no_retrace,BOS↓,NO_HIGH_BREAK;NO_RETRACE;NO_POI
002820.SZ,20260729,8.326,8.2918,CHoCH↓,retrace_fail,CHoCH↓,NO_HIGH_BREAK;NO_RETRACE;NO_POI
603091.SH,20260729,46.2,5.0222,BOS↓,no_retrace,BOS↓,NO_HIGH_BREAK;NO_RETRACE;NO_POI
001205.SZ,20260730,13.25,4.6693,BOS↓,retrace_fail,BOS↓,NO_HIGH_BREAK;NO_RETRACE;NO_POI
603031.SH,20260730,35.749,16.2418,BOS↓,no_retrace,BOS↓,NO_HIGH_BREAK;NO_RETRACE;NO_POI;NEW_LOW_ENTRY
688153.SH,20260730,24.615,6.9575,CHoCH↓,retrace_ok,CHoCH↓,NO_HIGH_BREAK;NO_POI
688755.SH,20260731,23.03,18.4595,BOS↓,no_retrace,BOS↓,NO_HIGH_BREAK;NO_RETRACE;NO_POI
301120.SZ,20260805,15.979,-9.1353,CHoCH↑,no_retrace,CHoCH↑,NO_RETRACE;NO_POI
300274.SZ,20260810,113.018,1.5689,CHoCH↓,no_retrace,CHoCH↓,NO_HIGH_BREAK;NO_RETRACE;NO_POI
002130.SZ,20260803,16.88,0.6053,CHoCH↑,retrace_ok,CHoCH↑,NO_POI
688251.SH,20260806,20.998,1.6539,CHoCH↑,no_retrace,CHoCH↑,NO_RETRACE;NO_POI
688312.SH,20260806,45.906,7.8912,BOS↓,retrace_ok,BOS↓,NO_HIGH_BREAK;NO_POI
300637.SZ,20260807,8.89,0.9466,CHoCH↓,no_retrace,CHoCH↓,NO_HIGH_BREAK;NO_RETRACE;NO_POI
300727.SZ,20260810,28.235,-3.9514,CHoCH↑,no_retrace,CHoCH↑,NO_RETRACE
301120.SZ,20260806,15.731,-6.4337,CHoCH↑,no_retrace,CHoCH↑,NO_RETRACE;NO_POI
000035.SZ,20260807,4.875,-5.6155,CHoCH↑,retrace_ok,CHoCH↑,CLEAN
688080.SH,20260810,36.85,-0.5894,BOS↓,retrace_fail,BOS↓,NO_HIGH_BREAK;NO_RETRACE;NO_POI
002655.SZ,20260803,22.622,67.5344,BOS↓,retrace_ok,BOS↓,NO_HIGH_BREAK;NO_POI
002787.SZ,20260803,19.275,18.5229,BOS↓,retrace_fail,BOS↓,NO_HIGH_BREAK;NO_RETRACE;NO_POI
300232.SZ,20260804,5.27,-6.2704,CHoCH↑,no_retrace,CHoCH↑,NO_RETRACE;NO_POI
300274.SZ,20260804,105.0,8.3237,CHoCH↓,no_retrace,CHoCH↓,NO_HIGH_BREAK;NO_RETRACE;NO_POI
301396.SZ,20260804,157.16,28.3915,BOS↓,retrace_ok,BOS↓,NO_HIGH_BREAK;NO_POI
300232.SZ,20260805,5.356,-5.3545,CHoCH↑,no_retrace,CHoCH↑,NO_RETRACE;NO_POI
300811.SZ,20260805,63.093,21.4881,CHoCH↓,retrace_ok,CHoCH↓,NO_HIGH_BREAK;NO_POI
301330.SZ,20260806,24.661,-3.4791,BOS↓,retrace_fail,BOS↓,NO_HIGH_BREAK;NO_RETRACE;NO_POI
301446.SZ,20260806,35.313,1.9931,CHoCH↑,no_retrace,CHoCH↑,NO_RETRACE
300100.SZ,20260807,23.027,-13.3471,BOS↓,retrace_fail,BOS↓,NO_HIGH_BREAK;NO_RETRACE;NO_POI
601777.SH,20260807,8.544,-1.3541,CHoCH↑,retrace_ok,CHoCH↑,CLEAN
688395.SH,20260807,21.503,3.6901,BOS↓,retrace_fail,BOS↓,NO_HIGH_BREAK;NO_RETRACE;NO_POI
688755.SH,20260810,27.116,1.6361,CHoCH↑,no_retrace,CHoCH↑,NO_RETRACE;NO_POI
688080.SH,20260811,36.383,-0.5987,BOS↓,retrace_fail,BOS↓,NO_HIGH_BREAK;NO_RETRACE;NO_POI
002429.SZ,20260812,8.17,2.1654,BOS↓,retrace_fail,BOS↓,NO_HIGH_BREAK;NO_RETRACE;NO_POI
301308.SZ,20260812,413.325,-6.9372,CHoCH↑,no_retrace,CHoCH↑,NO_RETRACE
688035.SH,20260812,62.0,10.0792,CHoCH↓,no_retrace,CHoCH↓,NO_HIGH_BREAK;NO_RETRACE;NO_POI
300637.SZ,20260813,8.94,0.7064,CHoCH↓,no_retrace,CHoCH↓,NO_HIGH_BREAK;NO_RETRACE;NO_POI
688035.SH,20260814,63.7,9.0789,CHoCH↓,no_retrace,CHoCH↓,NO_HIGH_BREAK;NO_RETRACE;NO_POI
300637.SZ,20260820,8.98,2.9787,CHoCH↑,retrace_fail,CHoCH↑,NO_RETRACE
002188.SZ,20260803,4.99,3.6202,BOS↓,retrace_fail,BOS↓,NO_HIGH_BREAK;NO_RETRACE;NO_POI
300906.SZ,20260803,26.0,-0.0428,CHoCH↑,retrace_fail,CHoCH↑,NO_RETRACE;NO_POI
301010.SZ,20260803,15.95,4.9813,BOS↓,retrace_fail,BOS↓,NO_HIGH_BREAK;NO_RETRACE;NO_POI
688258.SH,20260803,100.505,8.6515,BOS↓,retrace_fail,BOS↓,NO_HIGH_BREAK;NO_RETRACE;NO_POI
688716.SH,20260803,26.21,11.0995,CHoCH↓,no_retrace,CHoCH↓,NO_HIGH_BREAK;NO_RETRACE;NO_POI
300095.SZ,20260804,8.29,-5.9376,BOS↓,retrace_fail,BOS↓,NO_HIGH_BREAK;NO_RETRACE;NO_POI
002655.SZ,20260805,25.49,34.2503,BOS↓,retrace_fail,BOS↓,NO_HIGH_BREAK;NO_RETRACE;NO_POI
688368.SH,20260807,116.523,4.2912,BOS↓,retrace_fail,BOS↓,NO_HIGH_BREAK;NO_RETRACE;NO_POI
600186.SH,20260810,10.28,11.9296,CHoCH↑,no_retrace,CHoCH↑,NO_RETRACE;NO_POI
002655.SZ,20260813,32.86,17.8473,BOS↓,retrace_fail,BOS↓,NO_HIGH_BREAK;NO_RETRACE;NO_POI
301359.SZ,20260813,16.563,1.9942,CHoCH↑,retrace_ok,CHoCH↑,CLEAN
301396.SZ,20260813,209.67,-2.487,BOS↓,retrace_fail,BOS↓,NO_HIGH_BREAK;NO_RETRACE;NO_POI
688525.SH,20260813,242.431,-0.0072,BOS↓,retrace_fail,BOS↓,NO_HIGH_BREAK;NO_RETRACE;NO_POI
002655.SZ,20260814,31.7,24.2614,BOS↓,retrace_fail,BOS↓,NO_HIGH_BREAK;NO_RETRACE;NO_POI
688381.SH,20260814,33.0,11.6065,BOS↓,retrace_fail,BOS↓,NO_HIGH_BREAK;NO_RETRACE;NO_POI
002683.SZ,20260803,28.04,8.3203,BOS↓,retrace_fail,BOS↓,NO_HIGH_BREAK;NO_RETRACE;NO_POI
002929.SZ,20260803,49.01,17.7031,BOS↓,retrace_fail,BOS↓,NO_HIGH_BREAK;NO_RETRACE;NO_POI
300684.SZ,20260803,42.877,55.7025,BOS↓,retrace_fail,BOS↓,NO_HIGH_BREAK;NO_RETRACE;NO_POI;NEW_LOW_ENTRY
301265.SZ,20260803,16.771,24.7689,BOS↓,retrace_fail,BOS↓,NO_HIGH_BREAK;NO_RETRACE;NO_POI;NEW_LOW_ENTRY
600252.SH,20260803,2.19,5.0687,CHoCH↓,retrace_fail,CHoCH↓,NO_HIGH_BREAK;NO_RETRACE;NO_POI
600673.SH,20260803,28.076,30.2536,BOS↓,retrace_fail,BOS↓,NO_HIGH_BREAK;NO_RETRACE;NO_POI
688381.SH,20260803,27.265,28.8302,BOS↓,retrace_fail,BOS↓,NO_HIGH_BREAK;NO_RETRACE;NO_POI
301252.SZ,20260804,28.66,8.5181,BOS↓,retrace_ok,BOS↓,NO_HIGH_BREAK;NO_POI
301322.SZ,20260804,33.3,13.6472,CHoCH↓,retrace_ok,CHoCH↓,NO_HIGH_BREAK;NO_POI
300184.SZ,20260805,12.01,-1.3139,BOS↓,no_retrace,BOS↓,NO_HIGH_BREAK;NO_RETRACE;NO_POI
601006.SH,20260805,4.841,-1.2471,CHoCH↑,retrace_ok,CHoCH↑,CLEAN
002787.SZ,20260806,20.622,1.4997,BOS↓,retrace_fail,BOS↓,NO_HIGH_BREAK;NO_RETRACE;NO_POI
300687.SZ,20260806,26.918,-0.6894,CHoCH↑,no_retrace,CHoCH↑,NO_RETRACE
301360.SZ,20260806,49.698,14.5447,CHoCH↑,no_retrace,CHoCH↑,NO_RETRACE
301396.SZ,20260806,196.911,3.8444,BOS↓,retrace_fail,BOS↓,NO_HIGH_BREAK;NO_RETRACE;NO_POI
603091.SH,20260806,48.72,2.046,BOS↓,retrace_fail,BOS↓,NO_HIGH_BREAK;NO_RETRACE;NO_POI
600673.SH,20260807,32.17,0.8411,BOS↓,retrace_fail,BOS↓,NO_HIGH_BREAK;NO_RETRACE;NO_POI
603950.SH,20260807,57.014,6.7524,BOS↓,retrace_fail,BOS↓,NO_HIGH_BREAK;NO_RETRACE;NO_POI
688766.SH,20260810,389.694,1.3835,BOS↓,retrace_fail,BOS↓,NO_HIGH_BREAK;NO_RETRACE;NO_POI
688755.SH,20260803,23.67,15.2512,BOS↓,no_retrace,BOS↓,NO_HIGH_BREAK;NO_RETRACE;NO_POI
300802.SZ,20260805,20.55,9.9736,BOS↓,retrace_ok,BOS↓,NO_HIGH_BREAK;NO_POI
688755.SH,20260805,24.671,13.2862,BOS↓,retrace_fail,BOS↓,NO_HIGH_BREAK;NO_RETRACE;NO_POI
603950.SH,20260806,57.034,4.8254,BOS↓,retrace_fail,BOS↓,NO_HIGH_BREAK;NO_RETRACE;NO_POI
001227.SZ,20260807,2.158,-2.1663,BOS↑,retrace_fail,BOS↑,NO_RETRACE
688716.SH,20260807,28.769,-6.0521,CHoCH↑,no_retrace,CHoCH↑,NO_RETRACE;NO_POI
000932.SZ,20260810,3.72,-2.0095,CHoCH↑,retrace_ok,CHoCH↑,CLEAN
002722.SZ,20260824,12.731,1.886,BOS↑,retrace_fail,BOS↑,NO_RETRACE
300192.SZ,20260812,13.424,1.5747,CHoCH↓,retrace_fail,CHoCH↓,NO_HIGH_BREAK;NO_RETRACE;NO_POI
300002.SZ,20260813,8.385,-4.6285,CHoCH↑,retrace_fail,CHoCH↑,NO_RETRACE
