symbol,entry_date,src,net_pnl_pct,v23_weight_v1,v23_weight_v2,weight_flip,_flags
688381.SH,20230913,EVENT,-3.1863,0.6,0.6,False,['s8']
301308.SZ,20231009,EVENT,8.3273,0.39199999999999996,0.19599999999999998,True,"['s1', 's7', 's10', 's12']"
000651.SZ,20231030,EVENT,-3.6222,0.084,0.168,True,"['s5', 's6x1', 's10', 's14']"
300138.SZ,20231103,EVENT,0.7548,0.5,0.5,False,['s14']
000651.SZ,20231109,EVENT,-2.8346,0.288,0.576,True,"['s5', 's6x3', 's10']"
000651.SZ,20231101,EVENT,-3.4155,0.12,0.24,True,"['s5', 's10', 's14']"
603808.SH,20231221,EVENT,-7.1322,0.08574999999999998,0.24499999999999997,True,"['s9', 's13', 's14']"
601975.SH,20231226,EVENT,6.2067,0.24499999999999997,0.24499999999999997,False,"['s6x1', 's13', 's14']"
001323.SZ,20231228,EVENT,-1.9246,0.21,0.21,False,"['s5', 's6x1', 's14']"
600872.SH,20231229,EVENT,-2.275,0.7,0.7,False,['s13']
603688.SH,20231229,EVENT,1.9342,0.16463999999999998,0.4704,True,"['s6x3', 's9', 's10', 's13']"
000703.SZ,20231220,EVENT,0.3681,0.0882,0.061739999999999996,True,"['s1', 's5', 's6x3', 's7', 's12', 's13', 's14']"
002978.SZ,20231220,EVENT,-0.9853,0.3,0.105,True,"['s1', 's5', 's7', 's14']"
300993.SZ,20231222,EVENT,-2.1188,0.24,0.12,True,"['s1', 's5', 's10', 's14']"
688420.SH,20231229,EVENT,-2.5085,0.504,0.504,False,"['s5', 's6x3', 's13']"
600219.SH,20231215,EVENT,-2.4856,0.21,0.21,False,"['s5', 's6x1', 's14']"
002985.SZ,20231218,EVENT,-0.2539,0.175,0.175,False,"['s1', 's6x1', 's14']"
301115.SZ,20231218,EVENT,-2.0989,0.126,0.126,False,"['s1', 's5', 's6x3', 's9', 's14']"
002568.SZ,20231220,EVENT,-1.8283,0.36,0.36,False,"['s5', 's6x3', 's14']"
301305.SZ,20231220,EVENT,-1.9595,0.21,0.21,False,"['s5', 's6x1', 's14']"
603267.SH,20231228,EVENT,-5.1197,0.126,0.126,False,"['s1', 's5', 's6x3', 's12', 's14']"
603507.SH,20231229,EVENT,-1.3586,0.1372,0.2744,True,"['s6x1', 's9', 's10', 's13']"
605303.SH,20231212,EVENT,0.5571,0.0882,0.0882,False,"['s1', 's5', 's6x1', 's8', 's9']"
000651.SZ,20231215,EVENT,-0.5799,0.042336,0.12096000000000001,True,"['s5', 's6x3', 's8', 's9', 's10', 's14']"
002568.SZ,20231218,EVENT,-1.8487,0.12,0.12,False,"['s1', 's5', 's10', 's14']"
600703.SH,20231218,EVENT,-2.635,0.288,0.288,False,"['s5', 's6x3', 's10', 's14']"
002625.SZ,20231220,EVENT,2.1291,0.105,0.0735,True,"['s1', 's5', 's7', 's12', 's14']"
301115.SZ,20231220,EVENT,-1.8339,0.252,0.126,True,"['s1', 's5', 's6x3', 's12', 's14']"
300943.SZ,20231221,EVENT,-3.032,0.12,0.12,False,"['s1', 's5', 's10', 's14']"
600313.SH,20231221,EVENT,-3.5146,0.147,0.147,False,"['s5', 's6x1', 's9', 's14']"
002857.SZ,20231222,EVENT,-2.1348,0.36,0.36,False,"['s5', 's6x3', 's14']"
600382.SH,20231227,EVENT,5.9081,0.1008,0.1008,False,"['s1', 's5', 's6x3', 's7', 's10', 's14']"
000950.SZ,20231229,EVENT,-3.9641,0.6,0.6,False,['s5']
300993.SZ,20231229,EVENT,2.4363,0.40319999999999995,0.20159999999999997,True,"['s1', 's5', 's6x3', 's10', 's12']"
688013.SH,20231229,EVENT,1.166,0.6,0.3,True,"['s1', 's5']"
000526_SZ.SZ,20231208,CONT,12.2571,0.105,0.21,True,"['s5', 's7', 's14']"
600971_SH.SH,20231212,CONT,-4.3082,0.42,0.42,False,"['s5', 's7']"
000404.SZ,20231220,EVENT,-2.6398,0.09,0.126,True,"['s4', 's5', 's6x3', 's7', 's14']"
000975.SZ,20231220,EVENT,6.2535,0.021168,0.021168,False,"['s1', 's4', 's5', 's6x3', 's7', 's8', 's9', 's10', 's14']"
300068.SZ,20231228,EVENT,9.45,0.0525,0.0525,False,"['s1', 's4', 's5', 's6x1', 's14']"
301367.SZ,20231229,EVENT,-1.2232,0.24499999999999997,0.24499999999999997,False,"['s4', 's7', 's9']"
000921.SZ,20240110,EVENT,4.2581,0.35,0.35,False,"['s13', 's14']"
603515.SH,20240110,EVENT,3.7931,0.0735,0.105,True,"['s1', 's5', 's9', 's14']"
002570.SZ,20240117,EVENT,-4.2752,0.11759999999999998,0.11759999999999998,False,"['s5', 's10', 's12', 's13', 's14']"
301093.SZ,20240117,EVENT,-7.6494,0.35,0.35,False,"['s13', 's14']"
301093.SZ,20240118,EVENT,-8.6933,0.84,0.42,True,"['s1', 's6x3', 's13']"
301093.SZ,20240119,EVENT,-9.3026,0.294,0.147,True,"['s1', 's6x3', 's12', 's13', 's14']"
000818.SZ,20240126,EVENT,-2.9115,0.336,0.336,False,"['s5', 's6x1', 's10']"
600718.SH,20240126,EVENT,-2.148,0.504,0.504,False,"['s5', 's6x3', 's13']"
000498.SZ,20240129,EVENT,-0.6563,0.147,0.42,True,"['s6x3', 's13', 's14']"
300656.SZ,20240131,EVENT,-7.8417,0.4,0.4,False,"['s10', 's14']"
301152.SZ,20240131,EVENT,-12.6218,0.25,0.25,False,"['s1', 's14']"
000589.SZ,20240110,EVENT,5.0452,0.6,0.6,False,"['s6x3', 's14']"
002959.SZ,20240110,EVENT,-1.442,0.10289999999999999,0.10289999999999999,False,"['s1', 's6x3', 's7', 's9', 's11', 's14']"
301267.SZ,20240116,EVENT,-6.0638,0.7,0.7,False,['s13']
603612.SH,20240116,EVENT,-3.0797,0.42,0.42,False,"['s5', 's6x1']"
002570.SZ,20240118,EVENT,-2.8139,0.42,0.42,False,"['s5', 's13']"
603505.SH,20240125,EVENT,-4.2218,0.07202999999999998,0.14405999999999997,True,"['s5', 's6x1', 's9', 's12', 's13']"
301093.SZ,20240126,EVENT,-4.1244,0.504,0.504,False,"['s5', 's6x3', 's13']"
600718.SH,20240129,EVENT,-13.0675,0.6,0.6,False,"['s6x3', 's14']"
601969.SH,20240129,EVENT,-9.8095,0.0735,0.147,True,"['s5', 's9', 's13', 's14']"
603060.SH,20240129,EVENT,-3.5138,0.21,0.21,False,"['s5', 's6x1', 's14']"
300200.SZ,20240131,EVENT,-10.0206,0.3,0.3,False,"['s5', 's14']"
301087.SZ,20240131,EVENT,-6.5368,0.42,0.42,False,"['s6x3', 's12', 's14']"
688018.SH,20240131,EVENT,-5.3678,0.36,0.36,False,"['s5', 's6x3', 's14']"
002624.SZ,20240102,EVENT,-13.8728,0.15,0.15,False,"['s1', 's8', 's14']"
603515.SH,20240102,EVENT,-5.0602,0.051449999999999996,0.0735,True,"['s1', 's5', 's6x1', 's9', 's14']"
300993.SZ,20240103,EVENT,0.0017,0.96,0.48,True,"['s1', 's6x3', 's10']"
688171.SH,20240105,EVENT,-6.4065,0.5599999999999999,0.27999999999999997,True,"['s1', 's6x1', 's10']"
002004.SZ,20240110,EVENT,-2.3178,0.18,0.36,True,"['s5', 's6x3', 's14']"
600219.SH,20240110,EVENT,-11.9983,0.4,0.4,False,"['s10', 's14']"
688013.SH,20240110,EVENT,-6.5313,0.36,0.18,True,"['s1', 's6x3', 's8', 's14']"
002624.SZ,20240111,EVENT,-3.8074,0.18,0.18,False,"['s1', 's5', 's6x3', 's14']"
002930.SZ,20240111,EVENT,-1.9575,0.21,0.21,False,"['s5', 's6x1', 's14']"
600351.SH,20240111,EVENT,-1.2309,0.3,0.3,False,"['s5', 's14']"
688093.SH,20240111,EVENT,-2.3891,0.0756,0.108,True,"['s1', 's5', 's6x3', 's8', 's14']"
600703.SH,20240112,EVENT,-1.6597,0.36,0.36,False,"['s5', 's6x3', 's14']"
688257.SH,20240112,EVENT,-4.8923,0.288,0.1008,True,"['s1', 's5', 's6x3', 's7', 's10', 's14']"
600487.SH,20240117,EVENT,-4.2931,0.36,0.36,False,"['s5', 's6x3', 's14']"
603822.SH,20240117,EVENT,-2.1077,0.030869999999999995,0.0882,True,"['s5', 's6x1', 's8', 's9', 's14']"
603882.SH,20240126,EVENT,12.6687,0.1764,0.504,True,"['s6x3', 's8', 's9']"
002859.SZ,20240129,EVENT,-3.7899,0.36,0.36,False,"['s5', 's6x3', 's14']"
300148.SZ,20240129,EVENT,-5.783,0.144,0.144,False,"['s5', 's8', 's10', 's14']"
603727.SH,20240129,EVENT,-3.8327,0.15,0.3,True,"['s5', 's14']"
301265.SZ,20240130,EVENT,-6.9422,0.35,0.35,False,"['s6x1', 's14']"
001256.SZ,20240131,EVENT,-6.6015,0.12249999999999998,0.24499999999999997,True,"['s6x1', 's12', 's14']"
002148.SZ,20240131,EVENT,-6.3099,0.36,0.36,False,"['s5', 's6x3', 's14']"
600572.SH,20240131,EVENT,-8.8383,0.6,0.6,False,"['s6x3', 's14']"
300515.SZ,20240102,EVENT,-0.5667,0.21,0.21,False,"['s5', 's9', 's14']"
688093.SH,20240102,EVENT,-8.0492,0.048019999999999986,0.1372,True,"['s6x1', 's9', 's10', 's11', 's14']"
300097.SZ,20240104,EVENT,-8.4106,0.35,0.35,False,"['s1', 's6x1']"
603156.SH,20240104,EVENT,7.0665,1.0,1.0,False,[]
688093.SH,20240104,EVENT,-9.5995,0.17149999999999996,0.24499999999999997,True,"['s1', 's9', 's11']"
002385.SZ,20240105,EVENT,-2.2659,0.336,0.168,True,"['s1', 's5', 's6x1', 's10']"
600433.SH,20240105,EVENT,-6.5504,0.39199999999999996,0.39199999999999996,False,"['s6x1', 's9', 's10']"
603156.SH,20240108,EVENT,0.9989,0.48,0.48,False,"['s6x3', 's10', 's14']"
603258.SH,20240108,EVENT,-12.006,0.3,0.3,False,"['s1', 's6x3', 's14']"
603888.SH,20240108,EVENT,-4.4324,0.105,0.105,False,"['s1', 's5', 's6x1', 's14']"
300943.SZ,20240110,EVENT,0.5966,0.0882,0.0882,False,"['s1', 's6x3', 's7', 's8', 's9', 's14']"
301201.SZ,20240110,EVENT,-0.4318,0.21,0.21,False,"['s5', 's6x1', 's14']"
000498.SZ,20240115,EVENT,-1.1433,0.6,0.6,False,['s5']
300699.SZ,20240115,EVENT,-15.5158,0.27999999999999997,0.19599999999999998,True,"['s1', 's7', 's9', 's10']"
688326.SH,20240115,EVENT,-1.9777,0.72,0.72,False,"['s5', 's6x3']"
688819.SH,20240117,EVENT,-6.869,0.12249999999999998,0.24499999999999997,True,"['s6x1', 's9', 's14']"
002555.SZ,20240119,EVENT,-8.5328,0.21,0.21,False,"['s1', 's6x3', 's12', 's14']"
600487.SH,20240122,EVENT,-4.3172,0.252,0.252,False,"['s5', 's6x3', 's12', 's14']"
000661.SZ,20240124,EVENT,-2.0054,0.3,0.3,False,"['s5', 's14']"
300126.SZ,20240130,EVENT,-8.2385,0.25,0.25,False,"['s1', 's14']"
002166.SZ,20240131,EVENT,-4.6405,0.3,0.3,False,"['s5', 's14']"
300888.SZ,20240131,EVENT,-10.8532,0.09,0.09,False,"['s1', 's5', 's8', 's14']"
601600.SH,20240131,EVENT,-0.5276,0.08574999999999998,0.08574999999999998,False,"['s1', 's6x1', 's7', 's9', 's14']"
688508.SH,20240131,EVENT,-4.3168,0.36,0.36,False,"['s5', 's6x3', 's14']"
603977_SH.SH,20240109,CONT,-14.6161,0.21,0.21,False,"['s5', 's7', 's14']"
002004.SZ,20240104,EVENT,-5.1924,0.126,0.252,True,"['s4', 's5', 's6x3', 's9']"
000534.SZ,20240105,EVENT,-8.128,0.06002499999999998,0.08574999999999998,True,"['s1', 's4', 's6x1', 's9', 's12']"
688420.SH,20240105,EVENT,-8.8198,0.6,0.6,False,"['s4', 's6x3']"
688093.SH,20240109,EVENT,-4.5996,0.026459999999999997,0.0378,True,"['s1', 's4', 's5', 's6x3', 's8', 's12', 's14']"
002555.SZ,20240117,EVENT,-5.8955,0.15,0.15,False,"['s1', 's4', 's6x3', 's14']"
603727.SH,20240131,EVENT,-10.6743,0.15,0.3,True,"['s4', 's6x3', 's14']"
002640.SZ,20240102,EVENT,-2.3567,0.063,0.063,False,"['s1', 's5', 's6x1', 's8', 's14']"
600623.SH,20240110,EVENT,-0.8113,0.0735,0.147,True,"['s5', 's6x1', 's9', 's14']"
600803.SH,20240110,EVENT,2.4344,0.12249999999999998,0.12249999999999998,False,"['s1', 's6x1', 's7', 's14']"
688349.SH,20240206,EVENT,0.5238,0.1764,0.1764,False,"['s6x3', 's8', 's9', 's13', 's14']"
002093.SZ,20240219,EVENT,12.5788,0.588,0.588,False,"['s6x3', 's12', 's13']"
300685.SZ,20240219,EVENT,5.3305,0.08403499999999997,0.24009999999999992,True,"['s6x1', 's9', 's11', 's13']"
688068.SH,20240219,EVENT,2.7463,0.294,0.294,False,"['s5', 's6x1', 's13']"
688237.SH,20240223,EVENT,4.4082,0.84,0.84,False,"['s6x3', 's13']"
301353.SZ,20240227,EVENT,-2.5242,0.84,0.84,False,"['s6x3', 's13']"
301225.SZ,20240228,EVENT,-0.4749,0.20579999999999998,0.20579999999999998,False,"['s1', 's6x3', 's7', 's9', 's13']"
300835.SZ,20240201,EVENT,-3.4389,0.126,0.252,True,"['s5', 's6x3', 's13', 's14']"
002266.SZ,20240207,EVENT,7.4661,0.48999999999999994,0.48999999999999994,False,"['s9', 's13']"
300054.SZ,20240207,EVENT,9.4239,0.48999999999999994,0.48999999999999994,False,"['s9', 's13']"
300171.SZ,20240207,EVENT,10.3431,0.504,0.504,False,"['s5', 's6x3', 's13']"
300285.SZ,20240207,EVENT,1.6283,0.7,0.7,False,['s13']
002008.SZ,20240208,EVENT,0.174,0.504,0.504,False,"['s6x3', 's8', 's13']"
300910.SZ,20240208,EVENT,-1.6818,0.84,0.84,False,"['s6x3', 's13']"
600109.SH,20240208,EVENT,0.1131,0.08403499999999997,0.08403499999999997,False,"['s1', 's6x1', 's7', 's9', 's11', 's13']"
688596.SH,20240208,EVENT,13.8809,0.252,0.252,False,"['s5', 's8', 's13']"
688646.SH,20240219,EVENT,5.7879,0.504,0.504,False,"['s5', 's6x3', 's13']"
300143.SZ,20240220,EVENT,0.2419,0.84,0.42,True,"['s1', 's6x3', 's13']"
001228.SZ,20240221,EVENT,9.0165,0.84,0.84,False,"['s6x3', 's13']"
002885.SZ,20240221,EVENT,10.2801,1.2,1.2,False,['s6x3']
301085.SZ,20240221,EVENT,19.1961,0.48999999999999994,0.48999999999999994,False,"['s6x1', 's13']"
002093.SZ,20240222,EVENT,9.5353,1.2,1.2,False,['s6x3']
603626.SH,20240222,EVENT,11.3687,0.7,0.35,True,"['s1', 's6x1']"
002312.SZ,20240223,EVENT,-1.1487,0.09603999999999997,0.09603999999999997,False,"['s1', 's6x1', 's7', 's9', 's10', 's13']"
003004.SZ,20240223,EVENT,20.2876,0.7,0.35,True,"['s1', 's13']"
603111.SH,20240223,EVENT,12.6103,0.42,0.42,False,"['s8', 's13']"
301366.SZ,20240226,EVENT,11.349,0.84,0.84,False,"['s6x3', 's13']"
002520.SZ,20240228,EVENT,-6.5425,0.17149999999999996,0.48999999999999994,True,"['s6x1', 's9']"
300100.SZ,20240228,EVENT,-0.2339,0.24499999999999997,0.35,True,"['s1', 's9']"
301072.SZ,20240228,EVENT,13.2575,0.588,0.588,False,"['s6x3', 's12', 's13']"
002098.SZ,20240229,EVENT,9.9904,1.2,0.6,True,"['s1', 's6x3']"
300597.SZ,20240229,EVENT,11.2254,1.2,1.2,False,['s6x3']
301248.SZ,20240229,EVENT,18.5393,0.84,0.84,False,"['s6x3', 's13']"
688244.SH,20240229,EVENT,5.8818,0.20579999999999998,0.588,True,"['s6x3', 's9', 's13']"
002180.SZ,20240202,EVENT,-4.6244,0.252,0.252,False,"['s5', 's6x3', 's13', 's14']"
300702.SZ,20240202,EVENT,-4.5123,0.36,0.18,True,"['s1', 's5', 's6x3', 's14']"
603990.SH,20240202,EVENT,-19.5712,0.06002499999999998,0.17149999999999996,True,"['s6x1', 's9', 's13', 's14']"
688069.SH,20240202,EVENT,-12.4038,0.21,0.42,True,"['s6x3', 's13', 's14']"
688606.SH,20240202,EVENT,-9.5947,0.24499999999999997,0.12249999999999998,True,"['s1', 's6x1', 's12', 's14']"
000036.SZ,20240205,EVENT,-11.794,0.126,0.126,False,"['s1', 's5', 's6x3', 's13', 's14']"
300128.SZ,20240205,EVENT,-13.5212,0.24499999999999997,0.24499999999999997,False,"['s6x1', 's13', 's14']"
000869.SZ,20240207,EVENT,9.3268,0.2352,0.2352,False,"['s5', 's6x1', 's10', 's13']"
002008.SZ,20240207,EVENT,8.8099,0.504,0.504,False,"['s5', 's6x3', 's13']"
002532.SZ,20240207,EVENT,10.4622,0.84,0.84,False,"['s6x3', 's13']"
002635.SZ,20240207,EVENT,11.1055,0.42,0.21,True,"['s1', 's5', 's13']"
300128.SZ,20240207,EVENT,20.3522,0.7,0.7,False,['s13']
300997.SZ,20240207,EVENT,21.5435,0.10583999999999999,0.3024,True,"['s5', 's6x3', 's8', 's13']"
301071.SZ,20240207,EVENT,9.6276,0.576,0.576,False,"['s5', 's6x3', 's10']"
600497.SH,20240207,EVENT,6.4053,0.3429999999999999,0.3429999999999999,False,"['s6x1', 's9', 's13']"
600884.SH,20240207,EVENT,4.7077,0.42,0.42,False,"['s5', 's13']"
601969.SH,20240207,EVENT,21.2073,0.40319999999999995,0.40319999999999995,False,"['s5', 's6x3', 's10', 's13']"
688739.SH,20240207,EVENT,3.5306,0.294,0.294,False,"['s5', 's6x1', 's13']"
300054.SZ,20240208,EVENT,8.1808,0.12004999999999996,0.3429999999999999,True,"['s9', 's11', 's13']"
300285.SZ,20240208,EVENT,-2.7736,0.10289999999999999,0.294,True,"['s8', 's9', 's13']"
300463.SZ,20240208,EVENT,6.9316,0.42,0.42,False,"['s5', 's13']"
300997.SZ,20240208,EVENT,15.9465,0.1764,0.504,True,"['s6x3', 's8', 's13']"
600120.SH,20240208,EVENT,2.8623,0.147,0.147,False,"['s1', 's6x1', 's8', 's9']"
002635.SZ,20240219,EVENT,10.3078,1.2,0.6,True,"['s1', 's6x3']"
300171.SZ,20240219,EVENT,-0.5752,0.504,0.504,False,"['s6x3', 's8', 's13']"
300997.SZ,20240219,EVENT,11.7517,0.08643599999999999,0.24695999999999999,True,"['s6x3', 's8', 's9', 's12', 's13']"
600210.SH,20240219,EVENT,0.0792,0.48999999999999994,0.48999999999999994,False,"['s6x1', 's13']"
603039.SH,20240219,EVENT,2.6034,0.48999999999999994,0.48999999999999994,False,"['s6x1', 's13']"
688088.SH,20240219,EVENT,-2.9683,0.504,0.252,True,"['s1', 's5', 's6x3', 's13']"
688298.SH,20240219,EVENT,-3.466,0.42,0.42,False,"['s8', 's13']"
600075.SH,20240220,EVENT,2.7139,0.3429999999999999,0.3429999999999999,False,"['s6x1', 's12', 's13']"
301150.SZ,20240221,EVENT,3.7442,0.07202999999999997,0.20579999999999998,True,"['s6x1', 's8', 's9', 's13']"
603096.SH,20240221,EVENT,9.17,0.48999999999999994,0.48999999999999994,False,"['s6x1', 's13']"
688232.SH,20240221,EVENT,2.4755,1.0,0.5,True,['s1']
300903.SZ,20240222,EVENT,31.2737,1.2,1.2,False,['s6x3']
301225.SZ,20240222,EVENT,15.6263,0.7,0.7,False,['s6x1']
301270.SZ,20240222,EVENT,6.0919,0.84,0.42,True,"['s1', 's6x3', 's13']"
600645.SH,20240222,EVENT,0.9807,1.2,1.2,False,['s6x3']
603596.SH,20240222,EVENT,0.7211,0.10289999999999999,0.294,True,"['s8', 's9', 's13']"
688593.SH,20240222,EVENT,5.9818,1.0,0.5,True,['s1']
001299.SZ,20240223,EVENT,9.9431,1.0,1.0,False,[]
002796.SZ,20240223,EVENT,24.4566,1.0,1.0,False,[]
300135.SZ,20240223,EVENT,5.7779,1.0,1.0,False,[]
300915.SZ,20240223,EVENT,-1.0384,0.7,0.7,False,['s13']
301322.SZ,20240223,EVENT,1.6251,0.48999999999999994,0.48999999999999994,False,"['s12', 's13']"
603119.SH,20240223,EVENT,10.9629,1.0,1.0,False,[]
688195.SH,20240223,EVENT,9.4854,0.48999999999999994,0.24499999999999997,True,"['s1', 's6x1', 's9']"
300597.SZ,20240226,EVENT,2.8111,1.0,1.0,False,[]
300786.SZ,20240226,EVENT,7.3233,1.2,1.2,False,['s6x3']
300801.SZ,20240226,EVENT,2.431,0.84,0.42,True,"['s1', 's6x3', 's12']"
300828.SZ,20240226,EVENT,11.337,1.2,1.2,False,['s6x3']
301116.SZ,20240226,EVENT,3.793,1.2,1.2,False,['s6x3']
301225.SZ,20240226,EVENT,2.5283,0.7,0.7,False,['s13']
603028.SH,20240226,EVENT,5.5648,0.48999999999999994,0.48999999999999994,False,"['s6x1', 's13']"
603629.SH,20240226,EVENT,10.9389,1.2,1.2,False,['s6x3']
002796.SZ,20240227,EVENT,6.9634,1.2,1.2,False,['s6x3']
301085.SZ,20240227,EVENT,-3.4325,0.588,0.588,False,"['s6x3', 's9', 's13']"
301125.SZ,20240227,EVENT,17.01,0.7,0.7,False,['s13']
301158.SZ,20240227,EVENT,3.2037,1.2,1.2,False,['s6x3']
688455.SH,20240227,EVENT,-2.5793,0.48999999999999994,0.48999999999999994,False,"['s6x1', 's13']"
301282.SZ,20240228,EVENT,-5.7677,1.2,1.2,False,['s6x3']
600580.SH,20240228,EVENT,-0.3441,0.12347999999999999,0.12347999999999999,False,"['s1', 's6x3', 's7', 's8', 's9', 's11']"
688618.SH,20240228,EVENT,-7.346,0.84,0.84,False,"['s6x3', 's13']"
002436.SZ,20240229,EVENT,8.9926,0.13719999999999996,0.39199999999999996,True,"['s6x1', 's9', 's10']"
300095.SZ,20240229,EVENT,8.5767,1.2,1.2,False,['s6x3']
300405.SZ,20240229,EVENT,0.7974,0.6,0.6,False,"['s1', 's6x3']"
300981.SZ,20240229,EVENT,7.3386,0.14699999999999996,0.21,True,"['s1', 's6x1', 's8']"
300985.SZ,20240229,EVENT,12.0101,0.84,0.42,True,"['s1', 's6x3', 's13']"
301300.SZ,20240229,EVENT,22.0613,1.2,1.2,False,['s6x3']
688143.SH,20240229,EVENT,1.589,1.2,1.2,False,['s6x3']
688320.SH,20240229,EVENT,15.3648,1.0,1.0,False,[]
688383.SH,20240229,EVENT,9.5067,1.2,1.2,False,['s6x3']
688432.SH,20240229,EVENT,8.6059,0.96,0.96,False,"['s6x3', 's10']"
688543.SH,20240229,EVENT,8.3346,1.2,1.2,False,['s6x3']
002373.SZ,20240201,EVENT,-2.5872,0.36,0.36,False,"['s5', 's6x3', 's14']"
300702.SZ,20240201,EVENT,-1.551,0.36,0.18,True,"['s1', 's5', 's6x3', 's14']"
600572.SH,20240201,EVENT,-6.5235,0.6,0.6,False,"['s6x3', 's14']"
300997.SZ,20240202,EVENT,-7.4224,0.17149999999999996,0.17149999999999996,False,"['s6x1', 's9', 's13', 's14']"
600989.SH,20240202,EVENT,-1.4112,0.21,0.21,False,"['s5', 's6x1', 's14']"
688383.SH,20240202,EVENT,-10.6011,0.35,0.175,True,"['s1', 's6x1', 's14']"
000878.SZ,20240207,EVENT,6.3051,0.35,0.35,False,"['s1', 's6x1']"
002506.SZ,20240207,EVENT,13.4187,0.48,0.48,False,"['s5', 's10']"
688333.SH,20240207,EVENT,16.243,0.576,0.576,False,"['s5', 's6x3', 's10']"
002274.SZ,20240208,EVENT,10.6907,0.3429999999999999,0.3429999999999999,False,"['s6x1', 's12', 's13']"
002402.SZ,20240208,EVENT,10.7276,1.0,1.0,False,[]
002683.SZ,20240208,EVENT,0.4322,0.42,0.42,False,"['s8', 's13']"
002895.SZ,20240208,EVENT,10.8289,0.84,0.84,False,"['s6x3', 's12']"
002925.SZ,20240208,EVENT,9.5865,1.0,1.0,False,[]
300138.SZ,20240208,EVENT,4.4358,0.588,0.588,False,"['s6x3', 's9', 's13']"
300233.SZ,20240208,EVENT,17.7355,0.3024,0.3024,False,"['s5', 's6x3', 's8', 's13']"
600536.SH,20240208,EVENT,22.2589,0.48999999999999994,0.48999999999999994,False,"['s6x1', 's12']"
000818.SZ,20240219,EVENT,0.715,0.6,0.6,False,['s8']
300128.SZ,20240219,EVENT,0.7783,0.294,0.84,True,"['s6x3', 's13']"
300664.SZ,20240219,EVENT,-2.852,0.72,0.72,False,"['s5', 's6x3']"
603416.SH,20240219,EVENT,-1.0686,0.294,0.294,False,"['s5', 's6x1', 's13']"
605183.SH,20240219,EVENT,6.4054,0.504,0.504,False,"['s5', 's6x3', 's13']"
300035.SZ,20240220,EVENT,7.5293,1.2,1.2,False,['s6x3']
300395.SZ,20240220,EVENT,7.8138,1.2,1.2,False,['s6x3']
301370.SZ,20240220,EVENT,6.2487,0.6,0.6,False,['s5']
603067.SH,20240220,EVENT,2.7161,0.6,0.6,False,['s5']
688166.SH,20240220,EVENT,15.569,0.3528,0.3528,False,"['s5', 's6x3', 's9', 's13']"
002402.SZ,20240221,EVENT,4.3347,0.84,0.84,False,"['s6x3', 's13']"
002457.SZ,20240221,EVENT,0.3094,0.504,0.504,False,"['s6x3', 's8', 's13']"
002820.SZ,20240221,EVENT,8.869,1.0,1.0,False,[]
300054.SZ,20240221,EVENT,3.8618,0.294,0.84,True,"['s6x3', 's9']"
300656.SZ,20240221,EVENT,1.7421,0.84,0.84,False,"['s6x3', 's12']"
301063.SZ,20240221,EVENT,20.6775,1.2,1.2,False,['s6x3']
301206.SZ,20240221,EVENT,-2.8978,1.0,1.0,False,[]
301317.SZ,20240221,EVENT,24.6896,1.2,1.2,False,['s6x3']
301335.SZ,20240221,EVENT,10.3673,1.0,1.0,False,[]
600212.SH,20240221,EVENT,13.5845,0.6,0.6,False,"['s1', 's6x3']"
603111.SH,20240221,EVENT,27.3513,0.7,0.7,False,['s6x1']
603166.SH,20240221,EVENT,9.046,1.2,1.2,False,['s6x3']
603324.SH,20240221,EVENT,4.288,0.5,0.5,False,['s1']
688237.SH,20240221,EVENT,7.8564,1.2,1.2,False,['s6x3']
688255.SH,20240221,EVENT,21.0842,1.2,1.2,False,['s6x3']
688291.SH,20240221,EVENT,16.0495,1.2,1.2,False,['s6x3']
688435.SH,20240221,EVENT,23.8779,1.2,1.2,False,['s6x3']
688478.SH,20240221,EVENT,3.91,0.5,0.5,False,['s1']
688498.SH,20240221,EVENT,20.8127,0.84,0.84,False,"['s6x3', 's13']"
001205.SZ,20240222,EVENT,6.9331,1.2,1.2,False,['s6x3']
003019.SZ,20240222,EVENT,5.7335,0.6,0.6,False,['s8']
300162.SZ,20240222,EVENT,11.4617,1.2,0.6,True,"['s1', 's6x3']"
300642.SZ,20240222,EVENT,1.7279,1.2,1.2,False,['s6x3']
300643.SZ,20240222,EVENT,9.3845,1.2,1.2,False,['s6x3']
300978.SZ,20240222,EVENT,10.3234,0.7,0.7,False,['s6x1']
301065.SZ,20240222,EVENT,6.8142,1.2,1.2,False,['s6x3']
301280.SZ,20240222,EVENT,25.5601,1.2,0.6,True,"['s1', 's6x3']"
600080.SH,20240222,EVENT,18.8741,0.48999999999999994,0.48999999999999994,False,"['s6x1', 's13']"
600986.SH,20240222,EVENT,9.2804,0.7,0.7,False,['s6x1']
603008.SH,20240222,EVENT,11.5673,0.7,0.7,False,['s6x1']
603629.SH,20240222,EVENT,17.6311,1.2,1.2,False,['s6x3']
605060.SH,20240222,EVENT,-0.1365,0.294,0.84,True,"['s6x3', 's9']"
688173.SH,20240222,EVENT,36.2719,1.0,1.0,False,[]
688432.SH,20240222,EVENT,8.6383,1.0,1.0,False,[]
688486.SH,20240222,EVENT,10.2446,0.84,0.84,False,"['s6x3', 's13']"
688628.SH,20240222,EVENT,3.7926,0.10289999999999999,0.294,True,"['s8', 's9', 's11']"
688699.SH,20240222,EVENT,10.1437,1.2,1.2,False,['s6x3']
002910.SZ,20240223,EVENT,1.2663,1.2,1.2,False,['s6x3']
300074.SZ,20240223,EVENT,16.8201,1.2,1.2,False,['s6x3']
300378.SZ,20240223,EVENT,9.2436,0.48999999999999994,0.48999999999999994,False,"['s6x1', 's12']"
300897.SZ,20240223,EVENT,10.8715,1.2,0.6,True,"['s1', 's6x3']"
301068.SZ,20240223,EVENT,3.7606,0.84,0.84,False,"['s6x3', 's12']"
301085.SZ,20240223,EVENT,1.8903,0.7,0.7,False,['s13']
600199.SH,20240223,EVENT,7.7539,0.7,0.7,False,['s6x1']
600543.SH,20240223,EVENT,8.0321,1.0,0.5,True,['s1']
603356.SH,20240223,EVENT,14.9893,1.2,0.6,True,"['s1', 's6x3']"
688356.SH,20240223,EVENT,2.7948,1.0,1.0,False,[]
688519.SH,20240223,EVENT,11.8278,1.2,1.2,False,['s6x3']
688528.SH,20240223,EVENT,9.0848,1.0,1.0,False,[]
300232.SZ,20240226,EVENT,-0.7622,0.17149999999999996,0.24499999999999997,True,"['s1', 's9', 's11']"
300331.SZ,20240226,EVENT,5.2826,1.2,0.6,True,"['s1', 's6x3']"
300448.SZ,20240226,EVENT,9.8248,1.2,1.2,False,['s6x3']
300629.SZ,20240226,EVENT,12.1887,1.0,1.0,False,[]
300688.SZ,20240226,EVENT,1.4699,0.48999999999999994,0.48999999999999994,False,"['s12', 's13']"
300845.SZ,20240226,EVENT,4.3561,1.2,1.2,False,['s6x3']
300912.SZ,20240226,EVENT,3.4177,1.2,1.2,False,['s6x3']
301033.SZ,20240226,EVENT,3.387,1.2,1.2,False,['s6x3']
301059.SZ,20240226,EVENT,6.178,1.2,1.2,False,['s6x3']
301222.SZ,20240226,EVENT,5.7781,1.2,1.2,False,['s6x3']
301389.SZ,20240226,EVENT,12.9871,1.2,0.6,True,"['s1', 's6x3']"
600232.SH,20240226,EVENT,13.1653,1.0,1.0,False,[]
600525.SH,20240226,EVENT,2.8664,0.12004999999999996,0.3429999999999999,True,"['s6x1', 's9', 's11']"
600699.SH,20240226,EVENT,-0.5099,0.21,0.42,True,"['s8', 's9']"
603017.SH,20240226,EVENT,-0.3196,1.0,1.0,False,[]
603321.SH,20240226,EVENT,4.1251,0.7,0.35,True,"['s1', 's6x1']"
603687.SH,20240226,EVENT,7.3328,1.2,1.2,False,['s6x3']
603726.SH,20240226,EVENT,14.0364,1.2,1.2,False,['s6x3']
688383.SH,20240226,EVENT,3.7165,1.0,1.0,False,[]
688478.SH,20240226,EVENT,-0.5297,0.6,0.6,False,"['s1', 's6x3']"
300124.SZ,20240227,EVENT,7.1965,0.10289999999999996,0.294,True,"['s6x1', 's8', 's9']"
300546.SZ,20240227,EVENT,6.7498,1.0,1.0,False,[]
300686.SZ,20240227,EVENT,17.1515,1.0,1.0,False,[]
301123.SZ,20240227,EVENT,2.6704,1.0,1.0,False,[]
301397.SZ,20240227,EVENT,1.0718,0.84,0.84,False,"['s6x3', 's12']"
688032.SH,20240227,EVENT,3.677,0.35,0.35,False,"['s1', 's6x1']"
688133.SH,20240227,EVENT,-0.4033,0.7,0.7,False,['s6x1']
001360.SZ,20240228,EVENT,-2.1919,1.2,1.2,False,['s6x3']
002671.SZ,20240228,EVENT,-1.2848,0.7,0.7,False,['s6x1']
300405.SZ,20240228,EVENT,-3.0843,0.6,0.6,False,"['s1', 's6x3']"
300447.SZ,20240228,EVENT,2.8389,1.0,1.0,False,[]
300538.SZ,20240228,EVENT,1.0742,0.7,0.35,True,"['s1', 's6x1']"
300836.SZ,20240228,EVENT,16.0811,1.2,1.2,False,['s6x3']
603626.SH,20240228,EVENT,1.6097,1.0,0.5,True,['s1']
605018.SH,20240228,EVENT,-1.6595,1.0,1.0,False,[]
688317.SH,20240228,EVENT,-5.7835,0.12347999999999999,0.3528,True,"['s6x3', 's8', 's9', 's11']"
688593.SH,20240228,EVENT,-6.1208,1.2,0.6,True,"['s1', 's6x3']"
001299.SZ,20240229,EVENT,16.8977,1.2,1.2,False,['s6x3']
002769.SZ,20240229,EVENT,7.8543,0.72,0.72,False,"['s6x3', 's8']"
002899.SZ,20240229,EVENT,16.5072,1.2,0.6,True,"['s1', 's6x3']"
300166.SZ,20240229,EVENT,9.7566,0.252,0.72,True,"['s6x3', 's8']"
301125.SZ,20240229,EVENT,35.596,0.84,0.84,False,"['s6x3', 's13']"
301130.SZ,20240229,EVENT,17.5159,1.2,1.2,False,['s6x3']
301362.SZ,20240229,EVENT,12.3873,1.2,1.2,False,['s6x3']
600543.SH,20240229,EVENT,13.9448,1.2,0.6,True,"['s1', 's6x3']"
688081.SH,20240229,EVENT,11.7186,1.0,0.5,True,['s1']
688362.SH,20240229,EVENT,9.4656,1.2,1.2,False,['s6x3']
688536.SH,20240229,EVENT,2.4739,0.72,0.72,False,"['s6x3', 's8']"
688610.SH,20240229,EVENT,26.1724,1.2,1.2,False,['s6x3']
688630.SH,20240229,EVENT,4.0402,1.0,0.5,True,['s1']
688018.SH,20240201,EVENT,-3.0171,0.36,0.36,False,"['s5', 's6x3', 's14']"
688069.SH,20240201,EVENT,-8.9829,0.21,0.42,True,"['s6x3', 's12', 's14']"
688072.SH,20240201,EVENT,-0.8688,0.21,0.21,False,"['s5', 's6x1', 's14']"
688281.SH,20240201,EVENT,-1.1339,0.21,0.21,False,"['s5', 's6x1', 's14']"
000404.SZ,20240202,EVENT,-5.0578,0.36,0.36,False,"['s5', 's6x3', 's14']"
301071.SZ,20240202,EVENT,-4.3499,0.36,0.36,False,"['s5', 's6x3', 's14']"
600351.SH,20240202,EVENT,-4.3611,0.36,0.36,False,"['s5', 's6x3', 's14']"
600739.SH,20240202,EVENT,-4.7284,0.3,0.3,False,"['s5', 's14']"
601003.SH,20240202,EVENT,-5.8255,0.42,0.42,False,"['s6x3', 's12', 's14']"
300129.SZ,20240205,EVENT,-8.9925,0.24499999999999997,0.12249999999999998,True,"['s1', 's6x1', 's12', 's14']"
601003.SH,20240205,EVENT,-5.7389,0.36,0.36,False,"['s5', 's6x3', 's14']"
600337.SH,20240206,EVENT,-2.4717,0.105,0.105,False,"['s1', 's5', 's6x1', 's14']"
001289.SZ,20240207,EVENT,1.0263,0.42,0.42,False,"['s1', 's6x3', 's13']"
600022.SH,20240207,EVENT,4.6658,0.48999999999999994,0.48999999999999994,False,"['s6x1', 's13']"
600031.SH,20240207,EVENT,1.2466,0.24499999999999997,0.7,True,['s9']
601003.SH,20240207,EVENT,-0.9033,0.72,0.72,False,"['s5', 's6x3']"
688147.SH,20240207,EVENT,12.7877,0.48999999999999994,0.48999999999999994,False,"['s6x1', 's12']"
002424.SZ,20240208,EVENT,5.0511,0.42,0.42,False,"['s5', 's6x1']"
002484.SZ,20240208,EVENT,10.299,0.21,0.21,False,"['s1', 's5', 's12']"
003012.SZ,20240208,EVENT,3.5691,0.33599999999999997,0.33599999999999997,False,"['s5', 's10', 's13']"
601003.SH,20240208,EVENT,9.4579,0.72,0.72,False,"['s5', 's6x3']"
603558.SH,20240208,EVENT,8.8663,0.48999999999999994,0.24499999999999997,True,"['s1', 's6x1', 's12']"
000534.SZ,20240219,EVENT,0.4287,0.7,0.7,False,['s12']
002111.SZ,20240219,EVENT,12.1904,0.504,0.504,False,"['s5', 's6x3', 's13']"
002252.SZ,20240219,EVENT,4.8659,0.294,0.147,True,"['s1', 's6x1', 's8', 's9']"
002627.SZ,20240219,EVENT,4.1222,0.72,0.72,False,"['s5', 's6x3']"
301325.SZ,20240219,EVENT,0.8973,1.2,0.6,True,"['s1', 's6x3']"
605060.SH,20240219,EVENT,1.0744,1.0,1.0,False,[]
000544.SZ,20240220,EVENT,0.9345,0.48999999999999994,0.48999999999999994,False,"['s6x1', 's13']"
002687.SZ,20240220,EVENT,11.9759,0.72,0.72,False,"['s5', 's6x3']"
301196.SZ,20240220,EVENT,6.578,0.72,0.72,False,"['s5', 's6x3']"
001283.SZ,20240221,EVENT,2.4828,1.2,0.6,True,"['s1', 's6x3']"
002092.SZ,20240221,EVENT,-0.1824,0.48999999999999994,0.48999999999999994,False,"['s6x1', 's12']"
002117.SZ,20240221,EVENT,0.5545,0.84,0.84,False,"['s6x3', 's12']"
002132.SZ,20240221,EVENT,2.9618,1.2,1.2,False,['s6x3']
002249.SZ,20240221,EVENT,7.1234,0.10289999999999996,0.294,True,"['s6x1', 's8', 's9']"
002664.SZ,20240221,EVENT,13.4636,0.7,0.7,False,['s6x1']
300463.SZ,20240221,EVENT,0.1939,1.2,1.2,False,['s6x3']
300897.SZ,20240221,EVENT,19.363,1.0,0.5,True,['s1']
301160.SZ,20240221,EVENT,6.5969,1.2,1.2,False,['s6x3']
600643.SH,20240221,EVENT,-1.5832,0.4,0.4,False,"['s1', 's10']"
600645.SH,20240221,EVENT,1.997,1.2,1.2,False,['s6x3']
600699.SH,20240221,EVENT,6.5494,0.35,0.7,True,['s6x1']
603067.SH,20240221,EVENT,2.8034,1.0,1.0,False,[]
603339.SH,20240221,EVENT,10.2222,0.7,0.7,False,['s6x1']
688005.SH,20240221,EVENT,-3.8989,1.0,1.0,False,[]
688010.SH,20240221,EVENT,10.5608,1.0,1.0,False,[]
688061.SH,20240221,EVENT,10.0978,1.2,1.2,False,['s6x3']
688105.SH,20240221,EVENT,-1.905,1.2,1.2,False,['s6x3']
688239.SH,20240221,EVENT,4.497,0.7,0.7,False,['s6x1']
688326.SH,20240221,EVENT,2.8164,1.2,1.2,False,['s6x3']
688349.SH,20240221,EVENT,10.694,0.1764,0.504,True,"['s6x3', 's8', 's9']"
688531.SH,20240221,EVENT,5.523,1.0,1.0,False,[]
002117.SZ,20240222,EVENT,1.2307,0.84,0.84,False,"['s6x3', 's12']"
002132.SZ,20240222,EVENT,4.9063,1.2,1.2,False,['s6x3']
002634.SZ,20240222,EVENT,6.7715,1.2,1.2,False,['s6x3']
300435.SZ,20240222,EVENT,12.5059,1.0,1.0,False,[]
300700.SZ,20240222,EVENT,16.3241,0.6,1.2,True,['s6x3']
300786.SZ,20240222,EVENT,16.9128,1.0,1.0,False,[]
300873.SZ,20240222,EVENT,2.3843,1.0,1.0,False,[]
300985.SZ,20240222,EVENT,11.9806,0.7,0.35,True,"['s1', 's13']"
300997.SZ,20240222,EVENT,5.1694,0.1764,0.504,True,"['s6x3', 's8', 's9']"
301047.SZ,20240222,EVENT,1.8376,0.10289999999999996,0.294,True,"['s6x1', 's8', 's9']"
301290.SZ,20240222,EVENT,2.2049,1.2,1.2,False,['s6x3']
301366.SZ,20240222,EVENT,25.691,1.2,1.2,False,['s6x3']
600826.SH,20240222,EVENT,2.6675,0.252,0.252,False,"['s1', 's6x3', 's8', 's12']"
603039.SH,20240222,EVENT,2.8268,0.42,0.42,False,"['s8', 's9']"
603416.SH,20240222,EVENT,8.7467,1.0,1.0,False,[]
603755.SH,20240222,EVENT,-7.1076,1.0,1.0,False,[]
603798.SH,20240222,EVENT,32.489,0.6,0.6,False,"['s1', 's6x3']"
603950.SH,20240222,EVENT,9.3357,0.42,0.42,False,"['s5', 's6x1']"
688123.SH,20240222,EVENT,18.3574,0.8,0.8,False,['s10']
688138.SH,20240222,EVENT,14.1832,1.2,1.2,False,['s6x3']
688237.SH,20240222,EVENT,3.3964,1.2,1.2,False,['s6x3']
688252.SH,20240222,EVENT,15.3961,0.7,0.7,False,['s6x1']
688519.SH,20240222,EVENT,20.3443,1.2,1.2,False,['s6x3']
688616.SH,20240222,EVENT,6.4024,1.2,0.6,True,"['s1', 's6x3']"
001336.SZ,20240223,EVENT,5.0049,1.2,0.6,True,"['s1', 's6x3']"
002058.SZ,20240223,EVENT,3.3182,1.2,1.2,False,['s6x3']
002548.SZ,20240223,EVENT,-1.7891,1.0,1.0,False,[]
300745.SZ,20240223,EVENT,6.1491,1.2,1.2,False,['s6x3']
300834.SZ,20240223,EVENT,7.1968,1.2,1.2,False,['s6x3']
300997.SZ,20240223,EVENT,4.9191,0.1764,0.504,True,"['s6x3', 's8', 's9']"
301006.SZ,20240223,EVENT,5.4973,1.0,1.0,False,[]
301097.SZ,20240223,EVENT,11.2736,1.2,1.2,False,['s6x3']
301176.SZ,20240223,EVENT,10.2152,1.2,1.2,False,['s6x3']
301237.SZ,20240223,EVENT,4.4593,1.0,0.5,True,['s1']
301258.SZ,20240223,EVENT,2.3739,1.2,1.2,False,['s6x3']
301279.SZ,20240223,EVENT,6.7496,1.0,1.0,False,[]
301335.SZ,20240223,EVENT,3.0029,1.2,1.2,False,['s6x3']
301353.SZ,20240223,EVENT,8.7096,1.0,1.0,False,[]
600261.SH,20240223,EVENT,6.4286,0.7,0.7,False,['s12']
601615.SH,20240223,EVENT,8.7056,1.0,1.0,False,[]
603067.SH,20240223,EVENT,1.937,1.2,1.2,False,['s6x3']
603096.SH,20240223,EVENT,13.9056,1.0,1.0,False,[]
603726.SH,20240223,EVENT,17.4049,1.2,1.2,False,['s6x3']
603822.SH,20240223,EVENT,3.9046,1.2,1.2,False,['s6x3']
605300.SH,20240223,EVENT,2.1445,0.7,0.7,False,['s6x1']
688247.SH,20240223,EVENT,3.867,1.2,1.2,False,['s6x3']
688435.SH,20240223,EVENT,17.4348,1.2,1.2,False,['s6x3']
688485.SH,20240223,EVENT,4.5747,1.2,1.2,False,['s6x3']
688503.SH,20240223,EVENT,23.645,0.5,0.5,False,['s1']
688523.SH,20240223,EVENT,14.4119,1.2,1.2,False,['s6x3']
000869.SZ,20240226,EVENT,-0.2306,0.72,0.72,False,"['s6x3', 's8']"
001313.SZ,20240226,EVENT,2.1937,0.84,0.84,False,"['s6x3', 's12']"
001336.SZ,20240226,EVENT,3.0892,0.96,0.48,True,"['s1', 's6x3', 's10']"
002084.SZ,20240226,EVENT,2.4214,1.2,1.2,False,['s6x3']
002249.SZ,20240226,EVENT,-0.2103,0.147,0.42,True,"['s8', 's9']"
002683.SZ,20240226,EVENT,2.7049,0.294,0.294,False,"['s8', 's9', 's11']"
002753.SZ,20240226,EVENT,-3.9269,1.2,0.6,True,"['s1', 's6x3']"
002899.SZ,20240226,EVENT,3.763,1.0,0.5,True,['s1']
300122.SZ,20240226,EVENT,3.0103,0.17149999999999996,0.17149999999999996,False,"['s1', 's6x1', 's7', 's9']"
300158.SZ,20240226,EVENT,-0.1687,0.20579999999999998,0.294,True,"['s1', 's6x3', 's9', 's11']"
300836.SZ,20240226,EVENT,23.7028,1.2,1.2,False,['s6x3']
301047.SZ,20240226,EVENT,2.1011,0.147,0.42,True,"['s8', 's9']"
301130.SZ,20240226,EVENT,11.0648,1.2,1.2,False,['s6x3']
301336.SZ,20240226,EVENT,0.0304,1.2,1.2,False,['s6x3']
600080.SH,20240226,EVENT,6.5151,0.7,0.7,False,['s9']
603039.SH,20240226,EVENT,0.6603,0.12347999999999999,0.3528,True,"['s6x3', 's8', 's9', 's11']"
603811.SH,20240226,EVENT,4.599,1.2,1.2,False,['s6x3']
688138.SH,20240226,EVENT,7.7474,1.2,1.2,False,['s6x3']
688143.SH,20240226,EVENT,11.9548,1.2,1.2,False,['s6x3']
688170.SH,20240226,EVENT,1.2853,1.2,1.2,False,['s6x3']
688291.SH,20240226,EVENT,5.9714,1.2,1.2,False,['s6x3']
688321.SH,20240226,EVENT,0.131,1.2,1.2,False,['s6x3']
688362.SH,20240226,EVENT,8.0448,1.0,1.0,False,[]
688581.SH,20240226,EVENT,0.3716,0.20579999999999998,0.294,True,"['s1', 's6x3', 's9', 's11']"
688628.SH,20240226,EVENT,5.6719,0.1764,0.504,True,"['s6x3', 's8', 's9']"
688662.SH,20240226,EVENT,5.4147,1.2,1.2,False,['s6x3']
300685.SZ,20240227,EVENT,1.9431,0.147,0.42,True,"['s8', 's9']"
300845.SZ,20240227,EVENT,7.1802,1.2,1.2,False,['s6x3']
301033.SZ,20240227,EVENT,5.1923,1.2,1.2,False,['s6x3']
301197.SZ,20240227,EVENT,2.9656,0.7,0.35,True,"['s1', 's6x1']"
301370.SZ,20240227,EVENT,-0.133,0.84,0.84,False,"['s6x3', 's12']"
600536.SH,20240227,EVENT,14.0578,0.10289999999999999,0.10289999999999999,False,"['s1', 's7', 's8', 's9', 's11']"
688244.SH,20240227,EVENT,13.1981,1.2,1.2,False,['s6x3']
000534.SZ,20240228,EVENT,0.6083,1.2,1.2,False,['s6x3']
001211.SZ,20240228,EVENT,-4.5765,1.2,1.2,False,['s6x3']
002452.SZ,20240228,EVENT,13.3905,0.6,0.6,False,"['s1', 's6x3']"
002683.SZ,20240228,EVENT,-0.1611,0.12347999999999999,0.3528,True,"['s6x3', 's8', 's9', 's11']"
002910.SZ,20240228,EVENT,-3.283,1.2,1.2,False,['s6x3']
003019.SZ,20240228,EVENT,2.4559,0.12347999999999999,0.3528,True,"['s6x3', 's8', 's9', 's11']"
300143.SZ,20240228,EVENT,-2.2423,0.72,0.36,True,"['s1', 's6x3', 's8']"
300598.SZ,20240228,EVENT,12.5623,1.0,1.0,False,[]
300618.SZ,20240228,EVENT,-0.1888,0.1764,0.504,True,"['s6x3', 's8', 's9']"
300995.SZ,20240228,EVENT,0.407,1.2,1.2,False,['s6x3']
301279.SZ,20240228,EVENT,-5.0387,1.2,1.2,False,['s6x3']
600080.SH,20240228,EVENT,-7.2551,0.20579999999999998,0.588,True,"['s6x3', 's9', 's11']"
603296.SH,20240228,EVENT,8.8256,1.2,1.2,False,['s6x3']
603321.SH,20240228,EVENT,-2.8222,1.2,0.6,True,"['s1', 's6x3']"
603879.SH,20240228,EVENT,29.8284,1.2,1.2,False,['s6x3']
605055.SH,20240228,EVENT,-1.5613,1.0,0.5,True,['s1']
605337.SH,20240228,EVENT,-5.0283,0.7,0.7,False,['s6x1']
688136.SH,20240228,EVENT,2.9106,1.0,0.5,True,['s1']
688247.SH,20240228,EVENT,-0.2197,1.2,1.2,False,['s6x3']
688252.SH,20240228,EVENT,5.2589,1.0,1.0,False,[]
688429.SH,20240228,EVENT,1.5086,0.7,0.35,True,"['s1', 's6x1']"
688528.SH,20240228,EVENT,0.355,1.2,0.6,True,"['s1', 's6x3']"
688598.SH,20240228,EVENT,7.3245,0.5,1.0,True,[]
002034.SZ,20240229,EVENT,4.3299,0.6,0.3,True,"['s1', 's8']"
300321.SZ,20240229,EVENT,35.5769,1.0,1.0,False,[]
300349.SZ,20240229,EVENT,15.1231,1.2,1.2,False,['s6x3']
300420.SZ,20240229,EVENT,13.4124,1.2,1.2,False,['s6x3']
300708.SZ,20240229,EVENT,1.1964,0.252,0.252,False,"['s1', 's6x3', 's7', 's8']"
300776.SZ,20240229,EVENT,4.23,0.147,0.147,False,"['s1', 's7', 's8', 's9']"
301006.SZ,20240229,EVENT,16.3501,1.2,1.2,False,['s6x3']
301033.SZ,20240229,EVENT,15.2301,1.2,0.6,True,"['s1', 's6x3']"
603339.SH,20240229,EVENT,11.2634,1.0,1.0,False,[]
603980.SH,20240229,EVENT,3.7341,0.7,0.35,True,"['s1', 's6x1']"
605069.SH,20240229,EVENT,15.7059,1.2,1.2,False,['s6x3']
605089.SH,20240229,EVENT,12.2268,1.0,1.0,False,[]
688391.SH,20240229,EVENT,16.4086,1.2,1.2,False,['s6x3']
688623.SH,20240229,EVENT,3.6303,1.0,1.0,False,[]
001217.SZ,20240201,EVENT,-8.863,0.12249999999999998,0.12249999999999998,False,"['s1', 's6x1', 's7', 's14']"
300802.SZ,20240202,EVENT,-3.0691,0.18,0.36,True,"['s5', 's6x3', 's14']"
600509.SH,20240202,EVENT,-6.0217,0.3,0.3,False,"['s1', 's6x3', 's14']"
600718.SH,20240202,EVENT,-6.9002,0.36,0.36,False,"['s5', 's6x3', 's14']"
688767.SH,20240202,EVENT,-3.548,0.36,0.18,True,"['s1', 's5', 's6x3', 's14']"
603061.SH,20240207,EVENT,-2.4651,0.72,0.36,True,"['s1', 's5', 's6x3']"
688069.SH,20240208,EVENT,3.8531,0.72,0.72,False,"['s5', 's6x3']"
000404.SZ,20240219,EVENT,16.6835,0.84,0.84,False,"['s6x3', 's12']"
000862.SZ,20240219,EVENT,10.6181,0.42,0.42,False,"['s5', 's6x1']"
002713.SZ,20240219,EVENT,17.7953,0.7,0.7,False,['s6x1']
300708.SZ,20240220,EVENT,-3.6576,0.6719999999999999,0.33599999999999997,True,"['s1', 's6x3', 's10', 's12']"
301283.SZ,20240220,EVENT,-1.4885,0.72,0.72,False,"['s5', 's6x3']"
002271.SZ,20240221,EVENT,0.4844,0.5599999999999999,0.5599999999999999,False,"['s6x1', 's10']"
002385.SZ,20240221,EVENT,0.5072,0.1764,0.504,True,"['s6x3', 's8', 's9']"
002431.SZ,20240221,EVENT,7.6298,0.7,0.7,False,['s6x1']
002879.SZ,20240221,EVENT,12.0619,1.2,1.2,False,['s6x3']
002917.SZ,20240221,EVENT,9.1764,1.2,1.2,False,['s6x3']
300014.SZ,20240221,EVENT,9.5657,1.2,1.2,False,['s6x3']
300877.SZ,20240221,EVENT,3.968,1.2,1.2,False,['s6x3']
300915.SZ,20240221,EVENT,1.8181,0.7,0.7,False,['s6x1']
301003.SZ,20240221,EVENT,20.6918,1.2,1.2,False,['s6x3']
301026.SZ,20240221,EVENT,15.1348,0.7,0.7,False,['s6x1']
301092.SZ,20240221,EVENT,4.3511,1.0,1.0,False,[]
301283.SZ,20240221,EVENT,0.8232,1.2,1.2,False,['s6x3']
600261.SH,20240221,EVENT,5.2871,0.7,0.7,False,['s6x1']
603687.SH,20240221,EVENT,6.6177,1.0,1.0,False,[]
688068.SH,20240221,EVENT,-0.5764,1.2,1.2,False,['s6x3']
688581.SH,20240221,EVENT,0.0252,0.6,0.6,False,"['s1', 's6x3']"
001222.SZ,20240222,EVENT,4.8291,1.0,1.0,False,[]
001296.SZ,20240222,EVENT,5.2472,1.0,0.5,True,['s1']
002753.SZ,20240222,EVENT,3.3577,1.0,0.5,True,['s1']
002917.SZ,20240222,EVENT,8.6279,1.2,1.2,False,['s6x3']
300331.SZ,20240222,EVENT,12.9398,1.0,0.5,True,['s1']
300395.SZ,20240222,EVENT,5.312,1.2,1.2,False,['s6x3']
300674.SZ,20240222,EVENT,7.4278,1.2,0.6,True,"['s1', 's6x3']"
300963.SZ,20240222,EVENT,10.2971,1.0,1.0,False,[]
301110.SZ,20240222,EVENT,10.6461,1.0,1.0,False,[]
301222.SZ,20240222,EVENT,8.8702,1.0,1.0,False,[]
301320.SZ,20240222,EVENT,16.2434,1.2,0.6,True,"['s1', 's6x3']"
600382.SH,20240222,EVENT,0.3376,1.2,1.2,False,['s6x3']
601615.SH,20240222,EVENT,7.3762,1.0,1.0,False,[]
603700.SH,20240222,EVENT,5.4563,1.2,1.2,False,['s6x3']
688068.SH,20240222,EVENT,-1.1236,1.2,1.2,False,['s6x3']
688286.SH,20240222,EVENT,13.9311,0.5,0.5,False,['s1']
688718.SH,20240222,EVENT,11.8661,1.2,1.2,False,['s6x3']
001202.SZ,20240223,EVENT,2.4263,1.2,1.2,False,['s6x3']
001360.SZ,20240223,EVENT,7.0194,1.0,1.0,False,[]
002420.SZ,20240223,EVENT,4.775,1.2,1.2,False,['s6x3']
002494.SZ,20240223,EVENT,7.5012,0.7,0.35,True,"['s1', 's6x1']"
002836.SZ,20240223,EVENT,6.0747,1.2,1.2,False,['s6x3']
002879.SZ,20240223,EVENT,15.3117,1.2,1.2,False,['s6x3']
300068.SZ,20240223,EVENT,13.7601,0.6,1.2,True,['s6x3']
300132.SZ,20240223,EVENT,5.4219,1.2,0.6,True,"['s1', 's6x3']"
300440.SZ,20240223,EVENT,8.2425,1.2,1.2,False,['s6x3']
300828.SZ,20240223,EVENT,18.089,1.2,1.2,False,['s6x3']
301003.SZ,20240223,EVENT,13.8434,1.2,1.2,False,['s6x3']
301012.SZ,20240223,EVENT,23.948,1.2,0.6,True,"['s1', 's6x3']"
600094.SH,20240223,EVENT,3.5181,1.0,1.0,False,[]
603517.SH,20240223,EVENT,0.0623,1.2,1.2,False,['s6x3']
603928.SH,20240223,EVENT,7.609,1.2,1.2,False,['s6x3']
688037.SH,20240223,EVENT,15.1388,1.2,1.2,False,['s6x3']
688232.SH,20240223,EVENT,2.0165,0.84,0.42,True,"['s1', 's6x3', 's12']"
688486.SH,20240223,EVENT,14.1398,1.2,1.2,False,['s6x3']
688571.SH,20240223,EVENT,4.5145,1.2,1.2,False,['s6x3']
001211.SZ,20240226,EVENT,-1.3711,1.0,1.0,False,[]
002117.SZ,20240226,EVENT,-2.9466,1.2,1.2,False,['s6x3']
002391.SZ,20240226,EVENT,0.8131,1.2,1.2,False,['s6x3']
300776.SZ,20240226,EVENT,3.9082,0.35,0.7,True,['s6x1']
301149.SZ,20240226,EVENT,4.9678,1.0,1.0,False,[]
603281.SH,20240226,EVENT,0.1501,0.5,0.5,False,['s1']
603551.SH,20240226,EVENT,-0.3729,0.17149999999999996,0.48999999999999994,True,"['s9', 's11']"
688193.SH,20240226,EVENT,-3.6548,1.2,1.2,False,['s6x3']
688217.SH,20240226,EVENT,-4.0707,1.0,1.0,False,[]
688517.SH,20240226,EVENT,9.9961,1.2,1.2,False,['s6x3']
300296.SZ,20240227,EVENT,-0.7248,0.17149999999999996,0.17149999999999996,False,"['s1', 's6x1', 's7', 's9']"
301187.SZ,20240227,EVENT,7.1076,1.2,1.2,False,['s6x3']
301233.SZ,20240227,EVENT,15.2903,1.2,1.2,False,['s6x3']
002272.SZ,20240228,EVENT,34.0269,1.0,1.0,False,[]
002753.SZ,20240228,EVENT,-3.7659,1.2,0.6,True,"['s1', 's6x3']"
300339.SZ,20240228,EVENT,6.9058,1.0,1.0,False,[]
300441.SZ,20240228,EVENT,10.9797,0.7,0.35,True,"['s1', 's12']"
300768.SZ,20240228,EVENT,-0.466,0.294,0.84,True,"['s6x3', 's9']"
300947.SZ,20240228,EVENT,-5.3216,1.2,1.2,False,['s6x3']
301063.SZ,20240228,EVENT,-0.2086,1.2,1.2,False,['s6x3']
301156.SZ,20240228,EVENT,-3.2393,0.7,0.35,True,"['s1', 's6x1']"
600865.SH,20240228,EVENT,-4.1921,1.0,1.0,False,[]
603818.SH,20240228,EVENT,-4.8542,1.0,1.0,False,[]
605169.SH,20240228,EVENT,-2.101,1.2,0.6,True,"['s1', 's6x3']"
688381.SH,20240228,EVENT,1.8496,1.2,1.2,False,['s6x3']
688391.SH,20240228,EVENT,8.4521,1.2,1.2,False,['s6x3']
688543.SH,20240228,EVENT,0.337,1.2,1.2,False,['s6x3']
601666_SH.SH,20240229,CONT,-8.6288,0.21,0.21,False,"['s1', 's5', 's7']"
600031.SH,20240202,EVENT,4.2981,0.04287499999999999,0.12249999999999998,True,"['s4', 's6x1', 's9', 's14']"
301305.SZ,20240301,EVENT,3.2959,0.84,0.84,False,"['s6x3', 's13']"
001255.SZ,20240301,EVENT,9.4733,0.7,0.35,True,"['s1', 's6x1']"
603005.SH,20240301,EVENT,0.0221,0.5599999999999999,0.5599999999999999,False,"['s10', 's13']"
603399.SH,20240301,EVENT,-1.8839,0.84,0.84,False,"['s6x3', 's13']"
000576.SZ,20240306,EVENT,6.5995,0.10289999999999999,0.294,True,"['s8', 's9', 's13']"
603119.SH,20240301,EVENT,-0.3209,0.294,0.294,False,"['s1', 's6x3', 's7', 's9']"
688558.SH,20240301,EVENT,0.9067,0.5599999999999999,0.5599999999999999,False,"['s10', 's13']"
688651.SH,20240301,EVENT,9.1074,0.96,0.96,False,"['s6x3', 's10']"
300684.SZ,20240304,EVENT,0.9409,0.08403499999999997,0.08403499999999997,False,"['s1', 's6x1', 's7', 's9', 's11', 's13']"
603399.SH,20240304,EVENT,0.4804,1.2,1.2,False,['s6x3']
688320.SH,20240304,EVENT,1.726,0.96,0.96,False,"['s6x3', 's10']"
300684.SZ,20240307,EVENT,-2.352,0.17149999999999996,0.17149999999999996,False,"['s1', 's7', 's9', 's13']"
000576.SZ,20240308,EVENT,10.884,0.098784,0.28224,True,"['s6x3', 's8', 's9', 's10', 's13']"
001283.SZ,20240301,EVENT,16.4028,1.2,0.6,True,"['s1', 's6x3']"
002420.SZ,20240301,EVENT,8.3298,1.2,1.2,False,['s6x3']
002671.SZ,20240301,EVENT,7.9373,0.8,0.8,False,['s10']
002836.SZ,20240301,EVENT,12.216,0.84,0.84,False,"['s6x3', 's13']"
002937.SZ,20240301,EVENT,6.4823,1.0,0.5,True,['s1']
300097.SZ,20240301,EVENT,0.9043,0.5599999999999999,0.5599999999999999,False,"['s10', 's13']"
300656.SZ,20240301,EVENT,2.6651,0.96,0.96,False,"['s6x3', 's10']"
301092.SZ,20240301,EVENT,6.4621,1.2,1.2,False,['s6x3']
301233.SZ,20240301,EVENT,21.3333,1.2,1.2,False,['s6x3']
601089.SH,20240301,EVENT,6.2709,0.12347999999999999,0.12347999999999999,False,"['s1', 's6x3', 's7', 's8', 's9', 's11']"
603626.SH,20240301,EVENT,7.5291,0.96,0.48,True,"['s1', 's6x3', 's10']"
605300.SH,20240301,EVENT,4.7884,1.0,1.0,False,[]
688056.SH,20240301,EVENT,10.5807,1.0,1.0,False,[]
688058.SH,20240301,EVENT,11.7626,1.2,1.2,False,['s6x3']
688079.SH,20240301,EVENT,5.883,0.5599999999999999,0.27999999999999997,True,"['s1', 's6x1', 's10']"
688252.SH,20240301,EVENT,8.9111,1.2,1.2,False,['s6x3']
688315.SH,20240301,EVENT,6.1865,0.252,0.252,False,"['s1', 's6x3', 's7', 's8']"
688362.SH,20240301,EVENT,4.2913,0.96,0.96,False,"['s6x3', 's10']"
688478.SH,20240301,EVENT,-0.5,0.6,0.6,False,"['s1', 's6x3']"
002846.SZ,20240304,EVENT,15.8777,0.96,0.96,False,"['s6x3', 's10']"
300538.SZ,20240304,EVENT,3.8013,0.5599999999999999,0.27999999999999997,True,"['s1', 's10', 's13']"
301225.SZ,20240304,EVENT,2.3239,0.11524799999999998,0.11524799999999998,False,"['s1', 's6x3', 's7', 's9', 's10', 's11', 's13']"
600212.SH,20240304,EVENT,6.1177,0.20579999999999998,0.20579999999999998,False,"['s1', 's6x3', 's7', 's9', 's13']"
603222.SH,20240304,EVENT,5.234,0.5599999999999999,0.5599999999999999,False,"['s6x1', 's10']"
688429.SH,20240304,EVENT,4.6685,1.0,0.5,True,['s1']
300250.SZ,20240305,EVENT,0.5238,0.7,0.7,False,['s13']
300825.SZ,20240305,EVENT,4.9274,0.19599999999999998,0.5599999999999999,True,"['s9', 's10']"
301115.SZ,20240305,EVENT,2.7059,0.96,0.96,False,"['s6x3', 's10']"
688426.SH,20240306,EVENT,3.6674,0.96,0.96,False,"['s6x3', 's10']"
300881.SZ,20240307,EVENT,0.8668,0.48,0.48,False,"['s8', 's10']"
688522.SH,20240307,EVENT,28.5373,0.07202999999999997,0.07202999999999997,False,"['s1', 's6x1', 's7', 's8', 's9', 's11']"
605122.SH,20240311,EVENT,5.1876,0.7,0.7,False,['s6x1']
688231.SH,20240321,EVENT,0.488,0.8,0.8,False,['s10']
002760.SZ,20240301,EVENT,10.3669,0.7,0.7,False,['s6x1']
003003.SZ,20240301,EVENT,13.313,0.7,0.7,False,['s6x1']
300250.SZ,20240301,EVENT,2.0443,0.5599999999999999,0.5599999999999999,False,"['s6x1', 's10']"
300447.SZ,20240301,EVENT,9.0987,0.96,0.96,False,"['s6x3', 's10']"
300563.SZ,20240301,EVENT,13.7841,0.96,0.96,False,"['s6x3', 's10']"
300884.SZ,20240301,EVENT,5.7137,0.96,0.96,False,"['s6x3', 's10']"
301197.SZ,20240301,EVENT,9.8624,0.8,0.8,False,['s10']
301323.SZ,20240301,EVENT,13.029,0.96,0.96,False,"['s6x3', 's10']"
600543.SH,20240301,EVENT,12.4817,1.2,0.6,True,"['s1', 's6x3']"
600843.SH,20240301,EVENT,33.5376,1.0,1.0,False,[]
605018.SH,20240301,EVENT,9.4714,0.96,0.96,False,"['s6x3', 's10']"
688217.SH,20240301,EVENT,6.5217,1.2,1.2,False,['s6x3']
688603.SH,20240301,EVENT,-1.5692,1.2,0.6,True,"['s1', 's6x3']"
688616.SH,20240301,EVENT,11.1147,1.2,0.6,True,"['s1', 's6x3']"
002058.SZ,20240304,EVENT,0.7818,0.84,0.84,False,"['s6x3', 's12']"
002162.SZ,20240304,EVENT,-0.5818,0.48999999999999994,0.48999999999999994,False,"['s6x1', 's13']"
300214.SZ,20240304,EVENT,12.5565,1.2,1.2,False,['s6x3']
300629.SZ,20240304,EVENT,8.1391,0.96,0.96,False,"['s6x3', 's10']"
301228.SZ,20240304,EVENT,8.7277,0.8,0.8,False,['s10']
301300.SZ,20240304,EVENT,12.6802,1.2,1.2,False,['s6x3']
301335.SZ,20240304,EVENT,6.6944,0.96,0.96,False,"['s6x3', 's10']"
603219.SH,20240304,EVENT,15.8664,0.96,0.96,False,"['s6x3', 's10']"
603980.SH,20240304,EVENT,3.3618,1.0,0.5,True,['s1']
688037.SH,20240304,EVENT,0.6184,0.672,0.672,False,"['s6x3', 's9', 's10']"
688123.SH,20240304,EVENT,14.0077,1.2,1.2,False,['s6x3']
688229.SH,20240304,EVENT,3.4602,0.96,0.48,True,"['s1', 's6x3', 's10']"
300970.SZ,20240305,EVENT,9.4967,0.8,0.8,False,['s10']
301009.SZ,20240305,EVENT,6.8719,0.5599999999999999,0.5599999999999999,False,"['s6x1', 's10']"
301181.SZ,20240305,EVENT,9.7201,0.5599999999999999,0.5599999999999999,False,"['s6x1', 's10']"
301197.SZ,20240305,EVENT,12.0026,1.2,1.2,False,['s6x3']
301369.SZ,20240305,EVENT,10.5234,0.8,0.8,False,['s10']
001296.SZ,20240306,EVENT,11.1376,1.2,0.6,True,"['s1', 's6x3']"
600173.SH,20240306,EVENT,11.7916,0.72,0.72,False,"['s5', 's6x3']"
688120.SH,20240306,EVENT,-1.0301,0.147,0.147,False,"['s1', 's7', 's8', 's9']"
688558.SH,20240306,EVENT,3.1292,0.96,0.96,False,"['s6x3', 's10']"
002846.SZ,20240307,EVENT,25.3099,1.2,1.2,False,['s6x3']
301125.SZ,20240307,EVENT,2.1432,0.504,0.504,False,"['s6x3', 's8', 's9']"
603818.SH,20240307,EVENT,-2.1911,0.96,0.96,False,"['s6x3', 's10']"
688291.SH,20240307,EVENT,8.4704,0.96,0.96,False,"['s6x3', 's10']"
001255.SZ,20240308,EVENT,1.7471,0.8,0.4,True,"['s1', 's10']"
002769.SZ,20240308,EVENT,11.4043,0.72,0.72,False,"['s6x3', 's8']"
003017.SZ,20240308,EVENT,8.7436,1.2,1.2,False,['s6x3']
300819.SZ,20240308,EVENT,8.7034,0.7,0.7,False,['s6x1']
603116.SH,20240308,EVENT,5.0835,0.6,1.2,True,['s6x3']
003004.SZ,20240311,EVENT,14.7783,0.20579999999999998,0.20579999999999998,False,"['s1', 's6x3', 's7', 's9', 's11']"
300970.SZ,20240311,EVENT,6.4711,1.2,1.2,False,['s6x3']
603811.SH,20240311,EVENT,-1.5284,1.2,1.2,False,['s6x3']
002820.SZ,20240312,EVENT,3.7275,0.96,0.96,False,"['s6x3', 's10']"
688433.SH,20240313,EVENT,27.3555,1.2,1.2,False,['s6x3']
688173.SH,20240315,EVENT,-3.427,0.42,1.2,True,['s6x3']
002811.SZ,20240301,EVENT,18.7486,1.2,1.2,False,['s6x3']
300605.SZ,20240301,EVENT,9.6561,0.5599999999999999,0.5599999999999999,False,"['s6x1', 's10']"
300686.SZ,20240301,EVENT,24.0795,0.96,0.96,False,"['s6x3', 's10']"
300691.SZ,20240301,EVENT,5.783,0.27999999999999997,0.27999999999999997,False,"['s1', 's6x1', 's10']"
300902.SZ,20240301,EVENT,9.4546,1.0,1.0,False,[]
301486.SZ,20240301,EVENT,16.3549,0.96,0.96,False,"['s6x3', 's10']"
600067.SH,20240301,EVENT,2.9324,1.2,1.2,False,['s6x3']
600080.SH,20240301,EVENT,-2.1082,0.294,0.84,True,"['s6x3', 's9']"
600183.SH,20240301,EVENT,0.5686,0.39199999999999996,0.19599999999999998,True,"['s1', 's6x1', 's9', 's10']"
603217.SH,20240301,EVENT,6.7864,0.4,0.4,False,"['s1', 's10']"
603321.SH,20240301,EVENT,8.5213,0.96,0.48,True,"['s1', 's6x3', 's10']"
688123.SH,20240301,EVENT,21.0033,0.96,0.96,False,"['s6x3', 's10']"
688528.SH,20240301,EVENT,14.3556,0.96,0.48,True,"['s1', 's6x3', 's10']"
001222.SZ,20240304,EVENT,3.9574,1.2,1.2,False,['s6x3']
001259.SZ,20240304,EVENT,-7.9951,0.6,0.6,False,"['s1', 's6x3']"
002452.SZ,20240304,EVENT,10.9025,0.6,0.6,False,"['s1', 's6x3']"
002821.SZ,20240304,EVENT,-4.6211,1.2,1.2,False,['s6x3']
300132.SZ,20240304,EVENT,7.223,0.96,0.48,True,"['s1', 's6x3', 's10']"
300259.SZ,20240304,EVENT,5.3973,0.96,0.96,False,"['s6x3', 's10']"
300658.SZ,20240304,EVENT,7.6347,0.96,0.48,True,"['s1', 's6x3', 's10']"
300836.SZ,20240304,EVENT,20.191,1.2,1.2,False,['s6x3']
300877.SZ,20240304,EVENT,12.0064,1.2,1.2,False,['s6x3']
301115.SZ,20240304,EVENT,3.0308,0.96,0.96,False,"['s6x3', 's10']"
301156.SZ,20240304,EVENT,11.599,1.0,0.5,True,['s1']
301176.SZ,20240304,EVENT,9.4159,0.96,0.96,False,"['s6x3', 's10']"
301190.SZ,20240304,EVENT,5.8067,0.72,0.72,False,"['s6x3', 's8']"
301321.SZ,20240304,EVENT,5.0753,1.2,0.6,True,"['s1', 's6x3']"
600080.SH,20240304,EVENT,-0.3648,0.294,0.84,True,"['s6x3', 's9']"
600543.SH,20240304,EVENT,13.0732,0.96,0.48,True,"['s1', 's6x3', 's10']"
603116.SH,20240304,EVENT,8.3871,0.5,1.0,True,[]
603321.SH,20240304,EVENT,8.9189,0.96,0.48,True,"['s1', 's6x3', 's10']"
603726.SH,20240304,EVENT,6.4765,0.96,0.96,False,"['s6x3', 's10']"
603879.SH,20240304,EVENT,41.9374,0.96,0.96,False,"['s6x3', 's10']"
605388.SH,20240304,EVENT,4.8757,1.2,1.2,False,['s6x3']
688129.SH,20240304,EVENT,8.7325,1.2,0.6,True,"['s1', 's6x3']"
688420.SH,20240304,EVENT,2.8441,1.2,1.2,False,['s6x3']
688519.SH,20240304,EVENT,24.6398,1.2,1.2,False,['s6x3']
300132.SZ,20240305,EVENT,10.7157,1.2,0.6,True,"['s1', 's6x3']"
300005.SZ,20240306,EVENT,13.1121,1.2,1.2,False,['s6x3']
688455.SH,20240306,EVENT,7.7009,1.2,1.2,False,['s6x3']
301130.SZ,20240307,EVENT,7.4225,1.2,1.2,False,['s6x3']
603655.SH,20240307,EVENT,11.8046,0.7,0.35,True,"['s1', 's6x1']"
002820.SZ,20240311,EVENT,8.3951,1.2,0.6,True,"['s1', 's6x3']"
601089.SH,20240311,EVENT,1.9973,0.2016,0.2016,False,"['s1', 's6x3', 's7', 's8', 's10']"
688528.SH,20240311,EVENT,6.0609,0.96,0.48,True,"['s1', 's6x3', 's10']"
001231.SZ,20240312,EVENT,5.2152,0.8,0.8,False,['s10']
300885.SZ,20240312,EVENT,-3.1571,0.96,0.96,False,"['s6x3', 's10']"
301126.SZ,20240312,EVENT,2.7391,0.5599999999999999,0.5599999999999999,False,"['s6x1', 's10']"
301148.SZ,20240312,EVENT,11.7574,0.8,0.8,False,['s10']
301313.SZ,20240320,EVENT,0.4828,0.294,0.42,True,"['s1', 's6x3', 's9']"
300819.SZ,20240325,EVENT,5.0346,0.1764,0.504,True,"['s6x3', 's8', 's9']"
688515.SH,20240328,EVENT,-17.5801,0.17149999999999996,0.17149999999999996,False,"['s1', 's7', 's9', 's12']"
301166.SZ,20240329,EVENT,-3.365,0.6,0.6,False,['s5']
600160_SH.SH,20240301,CONT,3.1197,0.21,0.21,False,"['s1', 's5', 's7']"
601666_SH.SH,20240304,CONT,-17.5077,0.21,0.21,False,"['s1', 's5', 's7']"
600707_SH.SH,20240311,CONT,-1.3236,0.21,0.21,False,"['s1', 's5', 's7']"
605196_SH.SH,20240314,CONT,14.3829,0.21,0.21,False,"['s1', 's5', 's7']"
300274_SZ.SZ,20240318,CONT,4.068,0.21,0.21,False,"['s1', 's5', 's7']"
600233_SH.SH,20240321,CONT,2.9572,0.42,0.42,False,"['s5', 's7']"
002496_SZ.SZ,20240329,CONT,0.6889,0.21,0.21,False,"['s1', 's5', 's7']"
603219.SH,20240301,EVENT,24.3229,0.48,0.48,False,"['s4', 's6x3', 's10']"
300124.SZ,20240304,EVENT,1.7638,0.12249999999999998,0.35,True,"['s4', 's9']"
688072.SH,20240322,EVENT,-1.544,0.0735,0.0735,False,"['s1', 's4', 's7', 's8', 's9']"
601689.SH,20240325,EVENT,0.396,0.05144999999999998,0.05144999999999998,False,"['s1', 's4', 's6x1', 's7', 's8', 's9']"
688282.SH,20240325,EVENT,-17.5726,0.1176,0.1176,False,"['s1', 's4', 's6x3', 's7', 's9', 's10']"
688165.SH,20240329,EVENT,-17.8902,0.1176,0.1176,False,"['s4', 's7', 's8', 's9', 's10']"
301041.SZ,20240412,EVENT,-3.2129,0.36,0.36,False,"['s1', 's5', 's6x3']"
688433.SH,20240415,EVENT,-4.8695,0.36,0.252,True,"['s1', 's5', 's6x3', 's7']"
002726.SZ,20240417,EVENT,-6.553,0.17149999999999996,0.17149999999999996,False,"['s1', 's6x1', 's7', 's9']"
300759.SZ,20240430,EVENT,11.9649,0.7,0.7,False,['s6x1']
688550.SH,20240408,EVENT,-2.9917,0.216,0.216,False,"['s1', 's5', 's6x3', 's8']"
301156.SZ,20240410,EVENT,-14.4973,0.197568,0.098784,True,"['s1', 's6x3', 's7', 's8', 's9', 's10', 's13']"
001209.SZ,20240412,EVENT,-4.5809,0.1176,0.1176,False,"['s1', 's7', 's8', 's9', 's10']"
600400.SH,20240417,EVENT,11.4839,0.126,0.126,False,"['s1', 's5', 's7', 's8']"
301429.SZ,20240419,EVENT,2.3244,0.21,0.6,True,['s8']
300470.SZ,20240426,EVENT,3.8176,0.12004999999999996,0.3429999999999999,True,"['s9', 's11', 's13']"
688580.SH,20240430,EVENT,0.9471,0.39199999999999996,0.39199999999999996,False,"['s6x1', 's10', 's13']"
002782.SZ,20240408,EVENT,-5.3465,0.126,0.126,False,"['s1', 's5', 's6x1', 's8']"
301246.SZ,20240409,EVENT,-4.2764,0.24,0.48,True,"['s5', 's10']"
300875.SZ,20240410,EVENT,-9.8062,0.504,0.504,False,"['s6x3', 's7', 's8']"
301533.SZ,20240410,EVENT,3.0914,0.36,0.36,False,"['s1', 's6x3', 's8']"
688472.SH,20240410,EVENT,-1.4617,0.72,0.72,False,"['s5', 's6x3']"
301227.SZ,20240411,EVENT,-9.0657,0.16463999999999998,0.32927999999999996,True,"['s6x3', 's7', 's9', 's10', 's13']"
603980.SH,20240411,EVENT,-0.1829,0.252,0.252,False,"['s1', 's6x3', 's7', 's8']"
300481.SZ,20240412,EVENT,7.172,0.10289999999999996,0.10289999999999996,False,"['s1', 's6x1', 's7', 's8', 's12']"
300801.SZ,20240416,EVENT,-6.1549,0.294,0.294,False,"['s1', 's6x3', 's7', 's9']"
000795.SZ,20240418,EVENT,6.3858,0.39199999999999996,0.39199999999999996,False,"['s7', 's9', 's10']"
301130.SZ,20240418,EVENT,6.7722,0.10583999999999999,0.10583999999999999,False,"['s1', 's5', 's6x3', 's8', 's9', 's12']"
301335.SZ,20240418,EVENT,-4.8306,0.28224,0.28224,False,"['s5', 's6x3', 's9', 's10', 's12']"
603755.SH,20240418,EVENT,10.7912,0.36,0.36,False,"['s1', 's6x3', 's8']"
301263.SZ,20240424,EVENT,3.2607,0.7,0.7,False,['s6x1']
300102.SZ,20240425,EVENT,-0.3998,0.96,0.48,True,"['s1', 's6x3', 's10']"
301171.SZ,20240426,EVENT,1.0451,0.7,0.35,True,"['s1', 's6x1']"
300158.SZ,20240430,EVENT,2.8127,1.2,0.6,True,"['s1', 's6x3']"
000960_SZ.SZ,20240416,CONT,-5.9714,0.42,0.42,False,"['s5', 's7']"
000425_SZ.SZ,20240418,CONT,0.6075,0.42,0.42,False,"['s5', 's7']"
603233.SH,20240403,EVENT,-0.9661,0.15,0.3,True,"['s4', 's5']"
688183.SH,20240403,EVENT,2.6642,0.147,0.147,False,"['s4', 's7', 's8', 's12']"
301021.SZ,20240408,EVENT,-9.3871,0.21,0.21,False,"['s1', 's4', 's6x3', 's7']"
301095.SZ,20240412,EVENT,-3.4157,0.21,0.21,False,"['s4', 's5', 's6x1']"
002932.SZ,20240418,EVENT,4.3182,0.08574999999999998,0.08574999999999998,False,"['s1', 's4', 's7', 's9', 's12']"
688371.SH,20240418,EVENT,-2.9182,0.24,0.24,False,"['s4', 's5', 's10']"
300080.SZ,20240430,EVENT,-5.0194,0.27999999999999997,0.27999999999999997,False,"['s4', 's6x1', 's10']"
300786.SZ,20240430,EVENT,1.4576,0.24,0.48,True,"['s4', 's6x3', 's10']"
002426.SZ,20240507,EVENT,2.3564,0.7,0.35,True,"['s1', 's6x1']"
688202.SH,20240509,EVENT,-19.3939,0.17149999999999996,0.17149999999999996,False,"['s1', 's6x1', 's12', 's13']"
688502.SH,20240516,EVENT,2.6965,0.05762399999999998,0.16463999999999998,True,"['s6x1', 's8', 's9', 's10', 's13']"
600666.SH,20240524,EVENT,-6.1923,0.2744,0.2744,False,"['s6x1', 's10', 's12', 's13']"
000757.SZ,20240506,EVENT,-3.424,0.08231999999999998,0.2352,True,"['s6x1', 's8', 's9', 's10']"
002602.SZ,20240506,EVENT,-14.9458,0.39199999999999996,0.39199999999999996,False,"['s6x1', 's10', 's13']"
600530.SH,20240520,EVENT,5.1973,0.12004999999999996,0.12004999999999996,False,"['s1', 's6x1', 's7', 's9', 's11']"
301428.SZ,20240530,EVENT,4.4456,0.336,0.336,False,"['s1', 's6x3', 's7', 's10']"
002583.SZ,20240506,EVENT,-1.3239,0.12004999999999996,0.3429999999999999,True,"['s6x1', 's9', 's11']"
300700.SZ,20240506,EVENT,0.1166,0.336,0.336,False,"['s1', 's6x3', 's9', 's10']"
001267.SZ,20240508,EVENT,8.6069,0.48999999999999994,0.48999999999999994,False,"['s6x1', 's12']"
300138.SZ,20240510,EVENT,-9.5868,0.5,0.5,False,['s1']
300759.SZ,20240510,EVENT,0.6372,1.0,1.0,False,[]
688084.SH,20240517,EVENT,19.6201,0.7,0.7,False,['s12']
002289.SZ,20240520,EVENT,0.6579,0.5599999999999999,0.5599999999999999,False,"['s6x1', 's10']"
300143.SZ,20240506,EVENT,0.4139,1.2,1.2,False,['s6x3']
300335.SZ,20240507,EVENT,7.4642,0.35,0.35,False,"['s1', 's6x1']"
301313.SZ,20240508,EVENT,-0.1965,1.2,1.2,False,['s6x3']
600778.SH,20240508,EVENT,-0.9529,0.35,0.7,True,['s6x1']
688184.SH,20240508,EVENT,-0.1891,0.1176,0.336,True,"['s8', 's9', 's10']"
600337.SH,20240509,EVENT,-4.7052,0.35,0.35,False,"['s1', 's6x1']"
000989.SZ,20240510,EVENT,-9.7704,0.72,0.72,False,"['s6x3', 's8']"
688677.SH,20240510,EVENT,-9.8115,0.21,0.21,False,"['s1', 's6x1', 's8']"
688677.SH,20240516,EVENT,-4.3788,0.3,0.3,False,"['s1', 's8']"
600183_SH.SH,20240513,CONT,3.1803,0.21,0.21,False,"['s1', 's5', 's7']"
300910_SZ.SZ,20240514,CONT,-6.9431,0.21,0.21,False,"['s1', 's5', 's7']"
601113_SH.SH,20240514,CONT,-8.513,0.42,0.42,False,"['s5', 's7']"
300702_SZ.SZ,20240515,CONT,-6.9211,0.21,0.21,False,"['s1', 's5', 's7']"
002155_SZ.SZ,20240516,CONT,8.2538,0.21,0.42,True,"['s5', 's7']"
002481_SZ.SZ,20240516,CONT,-8.3836,0.21,0.21,False,"['s1', 's5', 's7']"
603228_SH.SH,20240516,CONT,-3.3622,0.21,0.21,False,"['s1', 's5', 's7']"
000791_SZ.SZ,20240520,CONT,-8.8402,0.21,0.42,True,"['s5', 's7']"
002569_SZ.SZ,20240520,CONT,-3.7294,0.21,0.3,True,"['s1', 's5']"
603320_SH.SH,20240520,CONT,-2.1048,0.3,0.3,False,"['s1', 's5']"
603507_SH.SH,20240520,CONT,0.9066,0.42,0.21,True,"['s1', 's5', 's7']"
601825_SH.SH,20240522,CONT,-11.4053,0.21,0.21,False,"['s1', 's5', 's7']"
000607.SZ,20240507,EVENT,-3.6919,0.13999999999999999,0.13999999999999999,False,"['s1', 's4', 's6x1', 's10']"
002488.SZ,20240507,EVENT,-5.8091,0.08574999999999998,0.24499999999999997,True,"['s4', 's9', 's11']"
300575.SZ,20240507,EVENT,1.8669,0.19599999999999998,0.19599999999999998,False,"['s4', 's6x1', 's9', 's10']"
300821.SZ,20240507,EVENT,1.4726,0.08574999999999998,0.24499999999999997,True,"['s4', 's6x1', 's9']"
003016.SZ,20240508,EVENT,4.1841,0.175,0.175,False,"['s1', 's4', 's6x1']"
301037.SZ,20240508,EVENT,-0.1372,0.05144999999999998,0.0735,True,"['s1', 's4', 's6x1', 's8', 's9']"
600180.SH,20240508,EVENT,0.3775,0.168,0.168,False,"['s4', 's6x1', 's8', 's10']"
688420.SH,20240508,EVENT,-3.3257,0.5,0.5,False,['s4']
300903.SZ,20240509,EVENT,4.3457,0.6,0.6,False,"['s4', 's6x3']"
301057.SZ,20240509,EVENT,0.7247,0.13999999999999999,0.13999999999999999,False,"['s1', 's4', 's9', 's10']"
603153.SH,20240509,EVENT,-7.8974,0.0588,0.0588,False,"['s1', 's4', 's6x1', 's8', 's9', 's10']"
301313.SZ,20240506,EVENT,0.403,1.2,1.2,False,['s6x3']
600703.SH,20240507,EVENT,-0.4045,0.7,0.7,False,['s6x1']
002426.SZ,20240510,EVENT,1.3093,1.0,0.5,True,['s1']
601929.SH,20240606,EVENT,-12.5406,0.24499999999999997,0.24499999999999997,False,"['s6x1', 's13', 's14']"
605338.SH,20240617,EVENT,-9.6896,0.13999999999999999,0.13999999999999999,False,"['s1', 's10', 's13', 's14']"
600653.SH,20240603,EVENT,4.6576,0.588,0.588,False,"['s6x3', 's9', 's13']"
301169.SZ,20240605,EVENT,-2.8396,0.21,0.21,False,"['s5', 's6x1', 's14']"
002445.SZ,20240613,EVENT,-1.0907,0.126,0.126,False,"['s5', 's6x1', 's8', 's14']"
605151.SH,20240613,EVENT,-3.574,0.147,0.147,False,"['s5', 's12', 's13', 's14']"
600022.SH,20240617,EVENT,0.2857,0.147,0.147,False,"['s6x1', 's8', 's13', 's14']"
002702.SZ,20240620,EVENT,-3.5921,0.036014999999999985,0.10289999999999999,True,"['s6x1', 's8', 's9', 's13', 's14']"
688455.SH,20240620,EVENT,-3.8374,0.42,0.42,False,"['s6x3', 's13', 's14']"
300019.SZ,20240621,EVENT,-7.8939,0.12249999999999998,0.12249999999999998,False,"['s1', 's6x1', 's13', 's14']"
600234.SH,20240613,EVENT,0.2997,0.35,0.35,False,"['s6x1', 's14']"
002105.SZ,20240617,EVENT,4.133,0.27999999999999997,0.27999999999999997,False,"['s6x1', 's10', 's14']"
600307.SH,20240617,EVENT,-0.2113,0.5,0.5,False,['s14']
601005.SH,20240617,EVENT,-4.535,0.21,0.21,False,"['s5', 's13', 's14']"
603333.SH,20240619,EVENT,-7.6647,0.35,0.35,False,"['s6x1', 's14']"
002271.SZ,20240603,EVENT,-8.4132,0.17149999999999996,0.48999999999999994,True,"['s6x1', 's12']"
688591.SH,20240606,EVENT,8.345,0.4,0.4,False,"['s10', 's14']"
002367.SZ,20240614,EVENT,-2.7998,0.105,0.21,True,"['s5', 's6x1', 's14']"
688737.SH,20240614,EVENT,-8.0519,0.6,0.6,False,"['s6x3', 's14']"
600130.SH,20240617,EVENT,-0.086,0.5,0.5,False,['s14']
688576.SH,20240619,EVENT,-5.9309,0.24499999999999997,0.24499999999999997,False,"['s6x1', 's13', 's14']"
002203.SZ,20240620,EVENT,-5.2922,0.3,0.15,True,"['s1', 's5', 's14']"
301115.SZ,20240604,EVENT,-2.738,0.0882,0.126,True,"['s1', 's5', 's8', 's9']"
600576.SH,20240605,EVENT,-2.3336,0.3,0.3,False,"['s5', 's14']"
002132.SZ,20240614,EVENT,-3.0244,0.48,0.48,False,"['s6x3', 's10', 's14']"
301207.SZ,20240614,EVENT,-5.6631,0.6,0.6,False,"['s6x3', 's14']"
600699.SH,20240614,EVENT,0.4238,0.15,0.15,False,"['s1', 's5', 's14']"
601880.SH,20240614,EVENT,-1.4729,0.168,0.084,True,"['s1', 's5', 's6x1', 's10', 's14']"
300597.SZ,20240617,EVENT,10.8356,0.6,0.6,False,"['s6x3', 's14']"
688455.SH,20240617,EVENT,1.1136,0.48,0.48,False,"['s6x3', 's10', 's14']"
000672.SZ,20240619,EVENT,1.2249,0.25,0.5,True,['s14']
002132.SZ,20240619,EVENT,-6.6096,0.48,0.48,False,"['s6x3', 's10', 's14']"
688236.SH,20240619,EVENT,-1.4751,0.21,0.105,True,"['s1', 's5', 's6x1', 's14']"
000510.SZ,20240620,EVENT,0.0041,0.168,0.168,False,"['s6x1', 's8', 's10', 's14']"
000672.SZ,20240620,EVENT,2.0385,0.25,0.5,True,['s14']
603153.SH,20240620,EVENT,-6.183,0.4,0.4,False,"['s10', 's14']"
603863.SH,20240620,EVENT,4.4413,0.25,0.5,True,['s14']
688232.SH,20240620,EVENT,-4.4588,0.24499999999999997,0.24499999999999997,False,"['s6x1', 's12', 's14']"
600992_SH.SH,20240617,CONT,-3.9661,0.21,0.105,True,"['s1', 's5', 's7', 's14']"
301248.SZ,20240606,EVENT,-3.1481,0.0315,0.0315,False,"['s1', 's4', 's5', 's6x1', 's8', 's14']"
002932.SZ,20240611,EVENT,-2.6753,0.126,0.063,True,"['s1', 's4', 's5', 's6x3', 's12', 's14']"
002570.SZ,20240614,EVENT,-6.2309,0.13999999999999999,0.13999999999999999,False,"['s4', 's6x1', 's10', 's14']"
000882.SZ,20240617,EVENT,-9.5978,0.15,0.3,True,"['s4', 's6x3', 's14']"
300841.SZ,20240618,EVENT,-3.427,0.03675,0.025724999999999998,True,"['s1', 's4', 's5', 's6x1', 's7', 's12', 's14']"
000795.SZ,20240619,EVENT,-4.7738,0.36,0.18,True,"['s1', 's5', 's6x3', 's14']"
002700_SZ.SZ,20240701,CONT,14.6357,0.21,0.21,False,"['s5', 's7', 's14']"
002700_SZ.SZ,20240708,CONT,23.7079,0.21,0.21,False,"['s5', 's7', 's14']"
002255.SZ,20240816,EVENT,-3.1704,0.051449999999999996,0.147,True,"['s5', 's6x1', 's13', 's14']"
688211.SH,20240808,EVENT,-4.019,0.07056,0.07056,False,"['s5', 's6x1', 's8', 's10', 's13', 's14']"
000981.SZ,20240805,EVENT,-15.8356,0.06002499999999998,0.06002499999999998,False,"['s1', 's6x1', 's7', 's9', 's13', 's14']"
002706.SZ,20240805,EVENT,-1.82,0.168,0.168,False,"['s5', 's6x1', 's10', 's14']"
600955.SH,20240807,EVENT,-4.5581,0.024695999999999996,0.07056,True,"['s5', 's6x1', 's8', 's9', 's10', 's14']"
688067.SH,20240807,EVENT,-6.0515,0.04115999999999999,0.1176,True,"['s6x1', 's8', 's9', 's10', 's14']"
300770.SZ,20240808,EVENT,0.6872,0.5,0.5,False,['s14']
000538.SZ,20240809,EVENT,2.2671,0.0686,0.0686,False,"['s1', 's6x1', 's9', 's10', 's13', 's14']"
002996.SZ,20240809,EVENT,-5.6483,0.09799999999999999,0.09799999999999999,False,"['s1', 's6x1', 's10', 's12', 's14']"
600256.SH,20240812,EVENT,4.0851,0.5,0.5,False,['s14']
601966.SH,20240812,EVENT,-5.7839,0.168,0.168,False,"['s6x1', 's8', 's10', 's14']"
001330.SZ,20240830,EVENT,-0.5997,0.21,0.21,False,"['s5', 's6x1', 's14']"
301035.SZ,20240807,EVENT,-7.0512,0.05144999999999998,0.05144999999999998,False,"['s1', 's6x1', 's7', 's8', 's9', 's14']"
688371.SH,20240807,EVENT,7.093,0.19599999999999998,0.19599999999999998,False,"['s10', 's12', 's13', 's14']"
002706.SZ,20240808,EVENT,-6.0845,0.4,0.4,False,"['s10', 's14']"
002870.SZ,20240809,EVENT,2.5439,0.08574999999999998,0.24499999999999997,True,"['s6x1', 's9', 's14']"
600256.SH,20240809,EVENT,0.5542,0.5,0.5,False,['s14']
688371.SH,20240809,EVENT,0.7303,0.33599999999999997,0.33599999999999997,False,"['s6x3', 's10', 's12', 's14']"
002455.SZ,20240812,EVENT,-4.0221,0.21,0.21,False,"['s5', 's6x1', 's14']"
300432.SZ,20240813,EVENT,1.4077,0.27999999999999997,0.27999999999999997,False,"['s6x1', 's10', 's14']"
688475.SH,20240814,EVENT,-2.0543,0.147,0.0735,True,"['s1', 's5', 's6x1', 's13', 's14']"
688310.SH,20240816,EVENT,1.087,0.168,0.084,True,"['s1', 's6x1', 's8', 's10', 's14']"
605056.SH,20240822,EVENT,7.9197,0.42,0.42,False,"['s5', 's6x1']"
002493.SZ,20240823,EVENT,-1.3514,0.126,0.252,True,"['s5', 's6x1', 's8']"
603815.SH,20240826,EVENT,7.2137,0.294,0.294,False,"['s5', 's6x1', 's12']"
688080.SH,20240826,EVENT,1.4011,0.7,0.7,False,['s13']
300982.SZ,20240805,EVENT,0.3629,0.04115999999999999,0.04115999999999999,False,"['s1', 's6x1', 's7', 's8', 's9', 's10', 's14']"
688499.SH,20240805,EVENT,-8.1738,0.168,0.168,False,"['s6x1', 's8', 's10', 's14']"
300376.SZ,20240807,EVENT,-14.389,0.35,0.35,False,"['s6x1', 's14']"
688610.SH,20240807,EVENT,-4.9406,0.168,0.084,True,"['s1', 's5', 's6x1', 's10', 's14']"
603033.SH,20240808,EVENT,-2.5647,0.168,0.168,False,"['s5', 's6x1', 's10', 's14']"
688400.SH,20240808,EVENT,-0.246,0.05879999999999999,0.168,True,"['s6x1', 's8', 's10', 's14']"
688598.SH,20240808,EVENT,-11.2468,0.05144999999999998,0.05144999999999998,False,"['s1', 's6x1', 's7', 's8', 's9', 's14']"
002440.SZ,20240809,EVENT,-3.5792,0.10289999999999996,0.05144999999999998,True,"['s1', 's6x1', 's7', 's8', 's9', 's14']"
300687.SZ,20240809,EVENT,-2.0362,0.18,0.18,False,"['s5', 's8', 's14']"
301260.SZ,20240809,EVENT,-4.1657,0.252,0.252,False,"['s5', 's6x3', 's12', 's14']"
688707.SH,20240809,EVENT,-1.7012,0.27999999999999997,0.27999999999999997,False,"['s6x1', 's10', 's14']"
300071.SZ,20240812,EVENT,5.5367,0.12249999999999998,0.12249999999999998,False,"['s1', 's7', 's9', 's14']"
601969.SH,20240812,EVENT,-4.1915,0.1176,0.1176,False,"['s5', 's6x1', 's10', 's12', 's14']"
688598.SH,20240812,EVENT,-3.1823,0.0441,0.0441,False,"['s1', 's5', 's7', 's8', 's12', 's14']"
600653.SH,20240814,EVENT,-7.5453,0.2352,0.2352,False,"['s6x3', 's7', 's9', 's10', 's14']"
300481.SZ,20240815,EVENT,-2.7073,0.21,0.21,False,"['s5', 's6x1', 's14']"
300820.SZ,20240816,EVENT,0.9703,0.07202999999999997,0.07202999999999997,False,"['s6x1', 's7', 's8', 's9', 's12', 's14']"
688496.SH,20240816,EVENT,-9.0387,0.27999999999999997,0.27999999999999997,False,"['s6x1', 's10', 's14']"
688426.SH,20240819,EVENT,-5.8251,0.08574999999999998,0.08574999999999998,False,"['s1', 's7', 's12', 's13', 's14']"
301093.SZ,20240820,EVENT,7.4717,0.12004999999999996,0.12004999999999996,False,"['s1', 's6x1', 's7', 's9', 's12']"
002955.SZ,20240805,EVENT,10.2047,0.27999999999999997,0.27999999999999997,False,"['s10', 's12', 's14']"
605168.SH,20240805,EVENT,-0.1237,0.0588,0.168,True,"['s8', 's9', 's10', 's14']"
003023.SZ,20240807,EVENT,-0.4134,0.04115999999999999,0.0588,True,"['s1', 's6x1', 's8', 's9', 's10', 's14']"
301260.SZ,20240807,EVENT,-4.4043,0.21,0.21,False,"['s5', 's12', 's14']"
600810.SH,20240807,EVENT,-1.7589,0.35,0.35,False,"['s6x1', 's14']"
688078.SH,20240807,EVENT,1.8016,0.35,0.35,False,"['s6x1', 's14']"
002058.SZ,20240808,EVENT,-5.3696,0.08574999999999998,0.08574999999999998,False,"['s1', 's6x1', 's7', 's12', 's14']"
300801.SZ,20240808,EVENT,-6.1345,0.21,0.21,False,"['s5', 's6x1', 's14']"
300376.SZ,20240812,EVENT,-3.2884,0.24,0.24,False,"['s5', 's10', 's14']"
301115.SZ,20240812,EVENT,8.637,0.24,0.24,False,"['s5', 's10', 's14']"
603201.SH,20240812,EVENT,-4.7656,0.1008,0.1008,False,"['s5', 's6x1', 's8', 's10', 's14']"
002219.SZ,20240821,EVENT,1.1811,0.24499999999999997,0.24499999999999997,False,"['s1', 's6x1', 's7']"
603566.SH,20240821,EVENT,-3.0096,0.42,0.42,False,"['s5', 's6x1']"
600143.SH,20240822,EVENT,2.2217,0.3429999999999999,0.17149999999999996,True,"['s1', 's6x1', 's7', 's9']"
603312.SH,20240826,EVENT,8.9924,0.0882,0.06173999999999999,True,"['s1', 's5', 's6x1', 's7', 's8', 's9']"
301529.SZ,20240830,EVENT,8.5205,0.35,0.35,False,"['s6x1', 's14']"
000908_SZ.SZ,20240815,CONT,62.6906,0.105,0.105,False,"['s1', 's5', 's7', 's14']"
000878.SZ,20240807,EVENT,-1.4033,0.084,0.084,False,"['s4', 's5', 's6x1', 's10', 's14']"
688163.SH,20240819,EVENT,3.5109,0.04287499999999999,0.04287499999999999,False,"['s1', 's4', 's6x1', 's7', 's9', 's14']"
688089.SH,20240822,EVENT,0.6818,0.12004999999999996,0.12004999999999996,False,"['s4', 's6x1', 's7', 's9', 's12']"
300627.SZ,20240830,EVENT,5.9623,0.105,0.105,False,"['s4', 's5', 's6x1', 's14']"
300801.SZ,20240830,EVENT,-4.4455,0.2,0.2,False,"['s4', 's10', 's14']"
002627.SZ,20240812,EVENT,-2.029,0.036014999999999985,0.036014999999999985,False,"['s1', 's6x1', 's7', 's8', 's9', 's12', 's14']"
600679.SH,20240812,EVENT,-6.7308,0.10289999999999996,0.10289999999999996,False,"['s6x1', 's7', 's8', 's9', 's14']"
600382.SH,20240905,EVENT,3.784,0.147,0.147,False,"['s6x1', 's8', 's13', 's14']"
300073.SZ,20240902,EVENT,4.5596,0.39199999999999996,0.39199999999999996,False,"['s6x1', 's10', 's13']"
002706.SZ,20240905,EVENT,5.9111,0.33599999999999997,0.33599999999999997,False,"['s6x3', 's10', 's13', 's14']"
002758.SZ,20240925,EVENT,4.2006,0.09603999999999999,0.09603999999999999,False,"['s1', 's7', 's9', 's10', 's11', 's13']"
301303.SZ,20240926,EVENT,2.9074,0.3429999999999999,0.3429999999999999,False,"['s9', 's12', 's13']"
601678.SH,20240925,EVENT,1.4093,0.08403499999999997,0.24009999999999992,True,"['s6x1', 's9', 's11', 's13']"
688686.SH,20240925,EVENT,15.2546,0.6,0.6,False,['s5']
605266.SH,20240904,EVENT,15.4097,0.4,0.4,False,"['s10', 's14']"
688768.SH,20240906,EVENT,2.9221,0.13999999999999999,0.13999999999999999,False,"['s1', 's6x1', 's10', 's14']"
002706.SZ,20240909,EVENT,11.4145,0.48,0.48,False,"['s6x3', 's10', 's14']"
601969.SH,20240909,EVENT,9.1517,0.288,0.288,False,"['s5', 's6x3', 's10', 's14']"
603918.SH,20240909,EVENT,0.3903,0.036014999999999985,0.10289999999999999,True,"['s6x1', 's8', 's9', 's13', 's14']"
002758.SZ,20240923,EVENT,8.1194,0.08231999999999999,0.08231999999999999,False,"['s5', 's6x1', 's10', 's12', 's13', 's14']"
600873.SH,20240925,EVENT,12.3754,0.42,0.42,False,"['s5', 's13']"
688448.SH,20240926,EVENT,10.7654,0.7,0.7,False,['s6x1']
688612.SH,20240926,EVENT,19.2173,0.294,0.294,False,"['s8', 's9', 's13']"
002443.SZ,20240902,EVENT,0.2029,0.19599999999999998,0.39199999999999996,True,"['s6x1', 's9', 's10']"
002014.SZ,20240904,EVENT,-1.5753,0.35,0.35,False,"['s6x1', 's14']"
002458.SZ,20240904,EVENT,-2.8145,0.105,0.105,False,"['s1', 's5', 's6x1', 's14']"
603300.SH,20240904,EVENT,-4.8901,0.21,0.21,False,"['s5', 's6x1', 's14']"
688719.SH,20240904,EVENT,-5.2511,0.1176,0.1176,False,"['s5', 's6x1', 's10', 's12', 's14']"
600588.SH,20240906,EVENT,0.4997,0.13999999999999999,0.13999999999999999,False,"['s1', 's6x1', 's10', 's14']"
603008.SH,20240906,EVENT,6.3068,0.147,0.147,False,"['s6x1', 's8', 's13', 's14']"
603087.SH,20240909,EVENT,-3.683,0.168,0.168,False,"['s5', 's6x1', 's10', 's14']"
688017.SH,20240909,EVENT,-6.3434,0.175,0.175,False,"['s1', 's6x1', 's14']"
300073.SZ,20240911,EVENT,0.0015,0.0588,0.0588,False,"['s1', 's7', 's8', 's9', 's10', 's14']"
301047.SZ,20240911,EVENT,18.6695,0.144,0.144,False,"['s1', 's5', 's6x3', 's10', 's14']"
605009.SH,20240911,EVENT,14.4274,0.21,0.21,False,"['s5', 's6x1', 's14']"
002706.SZ,20240912,EVENT,6.781,0.48,0.48,False,"['s6x3', 's10', 's14']"
002901.SZ,20240912,EVENT,-0.1578,0.0735,0.21,True,"['s8', 's9', 's14']"
688153.SH,20240912,EVENT,-3.4932,0.21,0.21,False,"['s5', 's6x1', 's14']"
301115.SZ,20240919,EVENT,16.0529,0.105,0.105,False,"['s1', 's7', 's8', 's14']"
002702.SZ,20240923,EVENT,2.4845,0.18,0.18,False,"['s5', 's8', 's14']"
688172.SH,20240923,EVENT,8.959,0.147,0.147,False,"['s5', 's6x1', 's12', 's14']"
600380.SH,20240925,EVENT,5.3841,0.8,0.8,False,['s10']
600497.SH,20240925,EVENT,4.4021,1.0,1.0,False,[]
603173.SH,20240925,EVENT,1.5293,0.42,0.21,True,"['s1', 's6x1', 's8']"
688419.SH,20240925,EVENT,13.5469,1.0,1.0,False,[]
300447.SZ,20240926,EVENT,22.4329,0.7,0.7,False,['s6x1']
603365.SH,20240926,EVENT,20.4467,0.17149999999999996,0.48999999999999994,True,"['s9', 's11']"
688573.SH,20240926,EVENT,19.0012,0.48,0.48,False,"['s5', 's10']"
688496.SH,20240904,EVENT,-8.3409,0.5,0.5,False,['s14']
301108.SZ,20240905,EVENT,-0.6357,0.19599999999999998,0.19599999999999998,False,"['s6x1', 's9', 's10', 's14']"
301322.SZ,20240905,EVENT,1.1382,0.25,0.25,False,"['s1', 's14']"
600867.SH,20240905,EVENT,-1.3977,0.21,0.105,True,"['s1', 's5', 's6x1', 's14']"
301223.SZ,20240909,EVENT,5.8559,0.06048,0.06048,False,"['s1', 's5', 's6x3', 's8', 's10', 's12', 's14']"
002132.SZ,20240910,EVENT,3.4215,0.21,0.6,True,"['s6x3', 's14']"
300802.SZ,20240910,EVENT,-0.8303,0.288,0.288,False,"['s6x3', 's8', 's10', 's14']"
000592.SZ,20240911,EVENT,5.5125,0.08574999999999998,0.08574999999999998,False,"['s1', 's6x1', 's7', 's9', 's14']"
002443.SZ,20240911,EVENT,4.4552,0.175,0.35,True,"['s9', 's14']"
002925.SZ,20240911,EVENT,0.2022,0.0588,0.0588,False,"['s1', 's7', 's8', 's9', 's10', 's14']"
600060.SH,20240911,EVENT,0.3559,0.35,0.35,False,"['s9', 's14']"
001203.SZ,20240912,EVENT,-1.0395,0.21,0.21,False,"['s5', 's6x1', 's14']"
300736.SZ,20240919,EVENT,18.477,0.05144999999999998,0.05144999999999998,False,"['s1', 's6x1', 's7', 's8', 's12', 's14']"
002353.SZ,20240920,EVENT,14.8403,0.168,0.168,False,"['s5', 's6x1', 's10', 's14']"
300802.SZ,20240920,EVENT,9.1157,0.252,0.252,False,"['s6x3', 's8', 's12', 's14']"
600507.SH,20240920,EVENT,13.1647,0.168,0.168,False,"['s5', 's6x1', 's10', 's14']"
603365.SH,20240920,EVENT,22.3446,0.35,0.35,False,"['s6x1', 's14']"
603182.SH,20240923,EVENT,2.246,0.147,0.147,False,"['s5', 's6x1', 's9', 's14']"
600380.SH,20240904,EVENT,-3.3568,0.13999999999999999,0.13999999999999999,False,"['s4', 's6x1', 's10', 's14']"
603282.SH,20240904,EVENT,9.4722,0.0525,0.0525,False,"['s1', 's4', 's5', 's6x1', 's14']"
301093.SZ,20240905,EVENT,-1.2055,0.0882,0.0441,True,"['s1', 's4', 's6x3', 's7', 's8', 's9', 's14']"
002458.SZ,20240906,EVENT,-4.6595,0.06,0.06,False,"['s1', 's4', 's5', 's10', 's14']"
301223.SZ,20240906,EVENT,2.6504,0.03024,0.03024,False,"['s1', 's4', 's5', 's6x3', 's8', 's10', 's12', 's14']"
600809.SH,20240912,EVENT,-4.1145,0.0525,0.0525,False,"['s1', 's4', 's5', 's6x1', 's14']"
301107.SZ,20240924,EVENT,9.7304,0.1176,0.1176,False,"['s4', 's5', 's6x1', 's10', 's12']"
603356.SH,20240926,EVENT,8.8357,0.147,0.147,False,"['s1', 's4', 's6x3', 's7', 's12']"
600975.SH,20241010,EVENT,2.1715,0.1372,0.1372,False,"['s1', 's6x1', 's7', 's10', 's13']"
002996.SZ,20241017,EVENT,15.6613,0.17149999999999996,0.17149999999999996,False,"['s1', 's7', 's9', 's13']"
605296.SH,20241030,EVENT,-1.5553,0.19207999999999997,0.09603999999999999,True,"['s1', 's7', 's9', 's10', 's11', 's13']"
601975.SH,20241015,EVENT,-0.5979,0.13719999999999996,0.13719999999999996,False,"['s1', 's6x1', 's7', 's9', 's10']"
603173.SH,20241021,EVENT,24.1807,0.17149999999999996,0.17149999999999996,False,"['s1', 's7', 's9', 's12']"
002993.SZ,20241030,EVENT,0.5854,0.28224,0.14112,True,"['s1', 's6x3', 's7', 's8', 's9', 's10']"
601872.SH,20241021,EVENT,-6.0399,0.6,0.6,False,"['s1', 's6x3']"
601872.SH,20241022,EVENT,-4.2764,0.42,0.42,False,"['s1', 's6x3', 's12']"
603986.SH,20241022,EVENT,7.9918,0.24499999999999997,0.24499999999999997,False,"['s1', 's7', 's9']"
600750.SH,20241023,EVENT,-3.5941,0.13719999999999996,0.13719999999999996,False,"['s1', 's6x1', 's7', 's9', 's10']"
601985.SH,20241023,EVENT,-4.7589,0.2352,0.2352,False,"['s5', 's6x1', 's10', 's12']"
000703.SZ,20241025,EVENT,1.3455,0.24499999999999997,0.24499999999999997,False,"['s1', 's7', 's9']"
000683.SZ,20241014,EVENT,7.7509,0.24499999999999997,0.24499999999999997,False,"['s1', 's6x1', 's7']"
601872.SH,20241015,EVENT,-9.5685,0.35,0.35,False,"['s1', 's6x1']"
688443.SH,20241017,EVENT,17.4495,0.24499999999999997,0.24499999999999997,False,"['s1', 's6x1', 's7']"
000157.SZ,20241021,EVENT,7.2997,0.17149999999999996,0.17149999999999996,False,"['s1', 's6x1', 's7', 's9']"
002993.SZ,20241031,EVENT,10.68,0.3528,0.1764,True,"['s1', 's6x3', 's7', 's8', 's9']"
002302_SZ.SZ,20241011,CONT,3.6571,0.42,0.21,True,"['s1', 's5', 's7']"
600239_SH.SH,20241011,CONT,-2.3661,0.21,0.21,False,"['s1', 's5', 's7']"
600322_SH.SH,20241011,CONT,0.8417,0.21,0.21,False,"['s1', 's5', 's7']"
600397_SH.SH,20241011,CONT,3.6627,0.42,0.42,False,"['s5', 's7']"
600835_SH.SH,20241011,CONT,21.0604,0.21,0.21,False,"['s1', 's5', 's7']"
002058_SZ.SZ,20241014,CONT,52.0751,0.42,0.42,False,"['s5', 's7']"
301165_SZ.SZ,20241014,CONT,12.8121,0.42,0.42,False,"['s5', 's7']"
600281_SH.SH,20241014,CONT,12.3683,0.42,0.42,False,"['s5', 's7']"
002178_SZ.SZ,20241015,CONT,27.9184,0.42,0.21,True,"['s1', 's5', 's7']"
002512_SZ.SZ,20241015,CONT,1.2706,0.42,0.42,False,"['s5', 's7']"
002755_SZ.SZ,20241015,CONT,3.152,0.21,0.21,False,"['s1', 's5', 's7']"
300036_SZ.SZ,20241015,CONT,-4.2573,0.21,0.21,False,"['s1', 's5', 's7']"
300188_SZ.SZ,20241015,CONT,5.4081,0.21,0.21,False,"['s1', 's5', 's7']"
600602_SH.SH,20241015,CONT,-2.5839,0.21,0.21,False,"['s1', 's5', 's7']"
600877_SH.SH,20241015,CONT,7.8692,0.42,0.21,True,"['s1', 's5', 's7']"
603106_SH.SH,20241015,CONT,48.5342,0.42,0.42,False,"['s5', 's7']"
688038_SH.SH,20241015,CONT,-1.5015,0.42,0.21,True,"['s1', 's5', 's7']"
688049_SH.SH,20241015,CONT,7.8234,0.21,0.21,False,"['s1', 's5', 's7']"
688369_SH.SH,20241015,CONT,1.5991,0.21,0.21,False,"['s1', 's5', 's7']"
688376_SH.SH,20241015,CONT,-4.9163,0.21,0.21,False,"['s1', 's5', 's7']"
600079_SH.SH,20241017,CONT,2.0167,0.21,0.21,False,"['s1', 's5', 's7']"
600828_SH.SH,20241017,CONT,5.7801,0.42,0.42,False,"['s5', 's7']"
000510_SZ.SZ,20241021,CONT,2.55,0.21,0.21,False,"['s1', 's5', 's7']"
000672_SZ.SZ,20241022,CONT,6.816,0.21,0.21,False,"['s1', 's5', 's7']"
301317_SZ.SZ,20241025,CONT,-0.4803,0.42,0.42,False,"['s5', 's7']"
002430_SZ.SZ,20241029,CONT,6.9786,0.21,0.21,False,"['s1', 's5', 's7']"
603019_SH.SH,20241030,CONT,38.867,0.42,0.42,False,"['s5', 's7']"
002612_SZ.SZ,20241031,CONT,-0.2625,0.21,0.21,False,"['s1', 's5', 's7']"
002318.SZ,20241016,EVENT,4.4552,0.08574999999999998,0.08574999999999998,False,"['s1', 's4', 's6x1', 's7', 's9']"
301227.SZ,20241017,EVENT,-2.838,0.06859999999999998,0.06859999999999998,False,"['s1', 's4', 's6x1', 's7', 's9', 's10']"
600497.SH,20241021,EVENT,13.0287,0.1176,0.1176,False,"['s1', 's4', 's6x3', 's7', 's9', 's10']"
601975.SH,20241028,EVENT,-0.2208,0.09799999999999999,0.09799999999999999,False,"['s1', 's4', 's7', 's9', 's10']"
688392.SH,20241016,EVENT,21.0504,0.12004999999999996,0.12004999999999996,False,"['s1', 's6x1', 's7', 's9', 's12']"
001289.SZ,20241101,EVENT,-0.0646,0.20579999999999998,0.20579999999999998,False,"['s6x1', 's8', 's9', 's13']"
688443.SH,20241121,EVENT,-7.5499,0.5,0.5,False,['s1']
603500.SH,20241101,EVENT,12.3776,0.13719999999999996,0.13719999999999996,False,"['s1', 's6x1', 's7', 's9', 's10']"
601666.SH,20241114,EVENT,0.0872,0.28224,0.28224,False,"['s6x3', 's7', 's8', 's9', 's10']"
300639.SZ,20241118,EVENT,6.5372,0.1176,0.1176,False,"['s1', 's6x1', 's8', 's10', 's12']"
600416_SH.SH,20241101,CONT,-5.1863,0.42,0.42,False,"['s5', 's7']"
000096_SZ.SZ,20241104,CONT,3.2628,0.42,0.42,False,"['s5', 's7']"
000716_SZ.SZ,20241104,CONT,14.7105,0.21,0.42,True,"['s5', 's7']"
600458_SH.SH,20241104,CONT,2.1271,0.42,0.42,False,"['s5', 's7']"
000070_SZ.SZ,20241105,CONT,0.8753,0.21,0.21,False,"['s5', 's7', 's14']"
002808_SZ.SZ,20241105,CONT,25.2545,0.21,0.21,False,"['s5', 's7', 's14']"
002988_SZ.SZ,20241105,CONT,-1.9638,0.21,0.21,False,"['s5', 's7', 's14']"
600234_SH.SH,20241105,CONT,12.5451,0.105,0.21,True,"['s5', 's7', 's14']"
688616_SH.SH,20241105,CONT,3.8,0.105,0.105,False,"['s1', 's5', 's7', 's14']"
600624_SH.SH,20241106,CONT,-6.1524,0.42,0.42,False,"['s5', 's7']"
002517_SZ.SZ,20241107,CONT,1.4478,0.42,0.42,False,"['s5', 's7']"
002351_SZ.SZ,20241112,CONT,-4.9436,0.42,0.42,False,"['s5', 's7']"
688320_SH.SH,20241114,CONT,2.4452,0.42,0.42,False,"['s5', 's7']"
002310_SZ.SZ,20241115,CONT,-8.842,0.42,0.42,False,"['s5', 's7']"
601789_SH.SH,20241115,CONT,-1.3062,0.42,0.42,False,"['s5', 's7']"
000815_SZ.SZ,20241120,CONT,-0.2855,0.42,0.42,False,"['s5', 's7']"
603325_SH.SH,20241120,CONT,-0.5716,0.42,0.42,False,"['s5', 's7']"
301268_SZ.SZ,20241126,CONT,-10.3333,0.21,0.42,True,"['s5', 's7']"
002927_SZ.SZ,20241128,CONT,-2.5471,0.42,0.42,False,"['s5', 's7']"
300235_SZ.SZ,20241128,CONT,-1.8583,0.42,0.42,False,"['s5', 's7']"
300805_SZ.SZ,20241128,CONT,-0.2,0.42,0.42,False,"['s5', 's7']"
001376.SZ,20241202,EVENT,3.919,0.27999999999999997,0.5599999999999999,True,"['s6x1', 's10']"
002122_SZ.SZ,20241206,CONT,44.4194,0.42,0.42,False,"['s5', 's7']"
002052_SZ.SZ,20241209,CONT,0.1257,0.42,0.42,False,"['s5', 's7']"
002860_SZ.SZ,20241213,CONT,-10.6318,0.42,0.42,False,"['s5', 's7']"
001313_SZ.SZ,20241217,CONT,-3.1967,0.21,0.42,True,"['s5', 's7']"
300809_SZ.SZ,20241219,CONT,-14.9894,0.42,0.42,False,"['s5', 's7']"
603610_SH.SH,20241219,CONT,-11.0941,0.42,0.42,False,"['s5', 's7']"
603390_SH.SH,20241226,CONT,-26.7132,0.42,0.42,False,"['s5', 's7']"
002791.SZ,20250120,EVENT,3.974,0.24499999999999997,0.24499999999999997,False,"['s6x1', 's13', 's14']"
688659.SH,20250122,EVENT,8.799,0.12249999999999998,0.12249999999999998,False,"['s1', 's6x1', 's13', 's14']"
300457.SZ,20250124,EVENT,11.53,0.35,0.175,True,"['s1', 's6x1', 's14']"
300250.SZ,20250115,EVENT,23.9321,0.5,0.25,True,"['s1', 's14']"
601678.SH,20250117,EVENT,1.718,0.21,0.105,True,"['s1', 's5', 's13', 's14']"
688100.SH,20250117,EVENT,7.7157,0.3,0.15,True,"['s1', 's5', 's14']"
002439.SZ,20250124,EVENT,17.1443,0.147,0.147,False,"['s5', 's6x1', 's13', 's14']"
688100.SH,20250116,EVENT,7.0821,0.3,0.15,True,"['s1', 's5', 's14']"
301391.SZ,20250121,EVENT,9.1833,0.36,0.18,True,"['s1', 's6x3', 's8', 's14']"
300095.SZ,20250122,EVENT,5.358,0.5,0.5,False,['s14']
301468.SZ,20250122,EVENT,1.1432,0.35,0.175,True,"['s1', 's9', 's14']"
688326.SH,20250122,EVENT,24.6478,0.25,0.25,False,"['s1', 's14']"
603858.SH,20250123,EVENT,-2.5498,0.36,0.36,False,"['s5', 's6x3', 's14']"
688573.SH,20250123,EVENT,6.6081,0.42,0.21,True,"['s1', 's6x3', 's13', 's14']"
600196.SH,20250124,EVENT,6.1746,0.6,0.3,True,"['s1', 's6x3', 's14']"
003004.SZ,20250127,EVENT,4.6046,0.04115999999999999,0.04115999999999999,False,"['s1', 's6x1', 's7', 's8', 's9', 's10', 's14']"
600881.SH,20250102,EVENT,1.4198,0.08574999999999998,0.17149999999999996,True,"['s6x1', 's7', 's12', 's14']"
301176.SZ,20250109,EVENT,2.8929,0.21,0.105,True,"['s1', 's5', 's6x1', 's14']"
688212.SH,20250110,EVENT,4.3183,0.126,0.063,True,"['s1', 's5', 's6x1', 's8', 's14']"
301227.SZ,20250114,EVENT,10.7373,0.3,0.3,False,"['s1', 's6x3', 's14']"
301290.SZ,20250114,EVENT,7.2098,0.21,0.105,True,"['s1', 's5', 's6x1', 's14']"
002252.SZ,20250115,EVENT,3.5473,0.24,0.24,False,"['s1', 's6x3', 's10', 's14']"
688310.SH,20250115,EVENT,2.4017,0.24499999999999997,0.12249999999999998,True,"['s1', 's6x1', 's9', 's14']"
301391.SZ,20250116,EVENT,12.0466,0.5,0.25,True,"['s1', 's14']"
603799.SH,20250117,EVENT,0.4971,0.35,0.35,False,"['s6x1', 's14']"
688061.SH,20250117,EVENT,18.673,0.5,0.5,False,['s14']
000513.SZ,20250120,EVENT,-1.0534,0.18,0.36,True,"['s5', 's6x3', 's14']"
002340.SZ,20250122,EVENT,2.4117,0.35,0.175,True,"['s1', 's6x1', 's14']"
600059.SH,20250122,EVENT,1.4731,0.21,0.105,True,"['s1', 's5', 's6x1', 's14']"
600639.SH,20250122,EVENT,1.2073,0.5,0.25,True,"['s1', 's14']"
605266.SH,20250122,EVENT,5.2975,0.3,0.3,False,"['s1', 's6x3', 's14']"
000932.SZ,20250123,EVENT,9.7536,0.13999999999999999,0.13999999999999999,False,"['s1', 's6x1', 's10', 's14']"
688659.SH,20250124,EVENT,4.7136,0.25,0.25,False,"['s1', 's14']"
688061.SH,20250127,EVENT,13.1334,0.6,0.6,False,"['s6x3', 's14']"
000534_SZ.SZ,20250123,CONT,-5.476,0.105,0.21,True,"['s5', 's7', 's14']"
002252.SZ,20250114,EVENT,5.2945,0.09,0.09,False,"['s1', 's4', 's5', 's6x3', 's14']"
600380.SH,20250116,EVENT,-1.1697,0.18,0.18,False,"['s4', 's5', 's6x3', 's14']"
688326.SH,20250116,EVENT,28.9273,0.0875,0.0875,False,"['s1', 's4', 's6x1', 's14']"
000513.SZ,20250122,EVENT,0.2254,0.09,0.18,True,"['s4', 's5', 's6x3', 's14']"
601666.SH,20250122,EVENT,1.4585,0.18,0.09,True,"['s1', 's4', 's5', 's6x3', 's14']"
688184.SH,20250122,EVENT,0.2438,0.3,0.15,True,"['s1', 's4', 's6x3', 's14']"
000513.SZ,20250123,EVENT,-1.4335,0.09,0.18,True,"['s4', 's5', 's6x3', 's14']"
000513.SZ,20250124,EVENT,-1.1746,0.09,0.18,True,"['s4', 's5', 's6x3', 's14']"
300095.SZ,20250124,EVENT,6.7496,0.21,0.21,False,"['s4', 's6x3', 's12', 's14']"
601966.SH,20250124,EVENT,-0.0107,0.02572499999999999,0.0735,True,"['s4', 's6x1', 's8', 's9', 's14']"
688381.SH,20250124,EVENT,6.3703,0.126,0.063,True,"['s1', 's4', 's5', 's6x3', 's12', 's14']"
000513.SZ,20250127,EVENT,0.0096,0.054,0.108,True,"['s4', 's5', 's6x3', 's8', 's14']"
688238.SH,20250127,EVENT,11.4689,0.175,0.0875,True,"['s1', 's4', 's6x1', 's14']"
002368.SZ,20250213,EVENT,0.0606,0.12004999999999996,0.12004999999999996,False,"['s1', 's7', 's9', 's11', 's13']"
002386.SZ,20250212,EVENT,-1.7485,0.08403499999999997,0.24009999999999992,True,"['s6x1', 's9', 's11', 's13']"
301589.SZ,20250214,EVENT,0.0867,0.14112,0.4032,True,"['s6x3', 's8', 's9', 's10']"
603978.SH,20250220,EVENT,11.122,0.42,0.42,False,"['s5', 's6x1']"
605296.SH,20250221,EVENT,-0.1705,0.24499999999999997,0.7,True,['s6x1']
688238.SH,20250224,EVENT,-5.1077,0.17149999999999996,0.17149999999999996,False,"['s1', 's7', 's9', 's13']"
300146.SZ,20250207,EVENT,2.4199,0.126,0.126,False,"['s1', 's5', 's6x1', 's8']"
002840.SZ,20250210,EVENT,-0.9338,0.48,0.48,False,"['s8', 's10']"
300347.SZ,20250212,EVENT,7.5005,0.17149999999999996,0.17149999999999996,False,"['s1', 's7', 's9', 's11']"
002727.SZ,20250213,EVENT,1.2492,0.35,0.35,False,"['s1', 's7']"
600821.SH,20250213,EVENT,5.0965,0.35,0.35,False,"['s1', 's7']"
688338.SH,20250214,EVENT,3.2015,0.17149999999999996,0.17149999999999996,False,"['s1', 's6x1', 's7', 's9']"
603069.SH,20250224,EVENT,1.0748,0.1764,0.0882,True,"['s1', 's5', 's6x1', 's8', 's12']"
688560.SH,20250224,EVENT,6.2732,0.13719999999999996,0.13719999999999996,False,"['s1', 's6x1', 's7', 's9', 's10']"
300686.SZ,20250206,EVENT,5.4975,0.24499999999999997,0.12249999999999998,True,"['s1', 's6x1', 's9', 's14']"
688600.SH,20250207,EVENT,0.3494,0.24499999999999997,0.35,True,"['s1', 's9']"
000932.SZ,20250220,EVENT,3.5922,0.1176,0.168,True,"['s1', 's8', 's9', 's10']"
600611.SH,20250220,EVENT,-3.8119,0.13719999999999996,0.13719999999999996,False,"['s1', 's6x1', 's7', 's9', 's10']"
603658.SH,20250224,EVENT,-3.3261,0.20579999999999993,0.294,True,"['s6x1', 's8', 's9']"
601869_SH.SH,20250207,CONT,1.5136,0.42,0.21,True,"['s1', 's5', 's7']"
002656_SZ.SZ,20250213,CONT,1.1636,0.42,0.42,False,"['s5', 's7']"
601689_SH.SH,20250213,CONT,-4.0041,0.42,0.21,True,"['s1', 's5', 's7']"
600633_SH.SH,20250217,CONT,-19.27,0.21,0.21,False,"['s1', 's5', 's7']"
300115_SZ.SZ,20250218,CONT,17.8851,0.42,0.21,True,"['s1', 's5', 's7']"
301252_SZ.SZ,20250218,CONT,1.8602,0.42,0.42,False,"['s5', 's7']"
688665_SH.SH,20250218,CONT,-10.6356,0.42,0.42,False,"['s5', 's7']"
603666_SH.SH,20250219,CONT,13.407,0.21,0.21,False,"['s1', 's5', 's7']"
001339_SZ.SZ,20250224,CONT,9.3192,0.42,0.42,False,"['s5', 's7']"
603360_SH.SH,20250224,CONT,7.3423,0.42,0.42,False,"['s5', 's7']"
301280_SZ.SZ,20250226,CONT,29.6207,0.42,0.21,True,"['s1', 's5', 's7']"
603895_SH.SH,20250226,CONT,5.2965,0.42,0.21,True,"['s1', 's5', 's7']"
688678_SH.SH,20250227,CONT,15.0118,0.42,0.42,False,"['s5', 's7']"
603070_SH.SH,20250228,CONT,-4.2,0.42,0.42,False,"['s5', 's7']"
301227.SZ,20250205,EVENT,1.4474,0.125,0.125,False,"['s1', 's4', 's14']"
000513.SZ,20250206,EVENT,-0.4438,0.0378,0.0756,True,"['s4', 's5', 's6x3', 's8', 's9', 's14']"
000513.SZ,20250207,EVENT,-5.1349,0.0756,0.1512,True,"['s4', 's5', 's6x3', 's8', 's9']"
603027.SH,20250207,EVENT,-0.9831,0.175,0.175,False,"['s1', 's4', 's12']"
000513.SZ,20250210,EVENT,-2.9792,0.0756,0.1512,True,"['s4', 's5', 's6x3', 's8', 's9']"
000513.SZ,20250212,EVENT,-0.5807,0.108,0.216,True,"['s4', 's5', 's6x3', 's8']"
300967.SZ,20250220,EVENT,5.0081,0.108,0.108,False,"['s1', 's4', 's5', 's6x3', 's8']"
600075.SH,20250221,EVENT,-3.4878,0.08574999999999998,0.08574999999999998,False,"['s1', 's4', 's6x1', 's7', 's9']"
301515.SZ,20250227,EVENT,1.5492,0.24499999999999997,0.12249999999999998,True,"['s1', 's4', 's7', 's9']"
688317.SH,20250227,EVENT,0.9154,0.2352,0.1176,True,"['s1', 's4', 's6x3', 's7', 's9', 's10']"
301391.SZ,20250221,EVENT,0.3237,0.1764,0.252,True,"['s1', 's5', 's6x3', 's9']"
000651.SZ,20250305,EVENT,1.9439,0.2352,0.2352,False,"['s5', 's6x1', 's10', 's13']"
300457.SZ,20250304,EVENT,-0.7707,0.28224,0.14112,True,"['s1', 's6x3', 's7', 's8', 's9', 's10']"
300371.SZ,20250306,EVENT,-0.6922,0.2744,0.19599999999999998,True,"['s1', 's9', 's10', 's13']"
002203.SZ,20250307,EVENT,-1.4308,0.504,0.252,True,"['s1', 's5', 's6x3', 's9']"
001286.SZ,20250313,EVENT,2.0759,0.10289999999999999,0.10289999999999999,False,"['s1', 's5', 's6x1', 's9', 's13']"
603558.SH,20250326,EVENT,-8.8976,0.8,0.8,False,['s10']
002432.SZ,20250328,EVENT,-0.1933,0.06173999999999999,0.06173999999999999,False,"['s1', 's5', 's6x1', 's7', 's8', 's9']"
300749.SZ,20250305,EVENT,0.2016,0.20579999999999993,0.10289999999999996,True,"['s1', 's6x1', 's7', 's8', 's9']"
000709.SZ,20250320,EVENT,0.8363,0.06173999999999999,0.06173999999999999,False,"['s1', 's5', 's6x1', 's7', 's8', 's9']"
301589.SZ,20250303,EVENT,1.0286,0.252,0.504,True,"['s5', 's6x3', 's9']"
002252.SZ,20250305,EVENT,4.0469,0.20159999999999997,0.20159999999999997,False,"['s1', 's5', 's6x3', 's10', 's12']"
600603.SH,20250305,EVENT,-1.9765,0.126,0.08819999999999999,True,"['s1', 's5', 's6x1', 's7', 's8']"
300861.SZ,20250311,EVENT,-7.138,0.294,0.294,False,"['s7', 's8', 's9']"
002145.SZ,20250314,EVENT,3.7457,0.10289999999999996,0.10289999999999996,False,"['s1', 's6x1', 's7', 's8', 's9']"
300749.SZ,20250314,EVENT,0.5507,0.294,0.147,True,"['s1', 's7', 's8', 's9']"
002145.SZ,20250321,EVENT,5.9623,0.0882,0.0882,False,"['s1', 's5', 's7', 's8', 's9']"
301507.SZ,20250324,EVENT,-0.717,0.20579999999999998,0.10289999999999999,True,"['s1', 's5', 's7', 's9', 's12']"
002245_SZ.SZ,20250304,CONT,2.1873,0.42,0.42,False,"['s5', 's7']"
003019_SZ.SZ,20250304,CONT,18.548,0.42,0.21,True,"['s1', 's5', 's7']"
002580_SZ.SZ,20250305,CONT,19.4159,0.21,0.21,False,"['s1', 's5', 's7']"
605100_SH.SH,20250305,CONT,11.0112,0.42,0.42,False,"['s5', 's7']"
603067_SH.SH,20250311,CONT,10.2309,0.42,0.42,False,"['s5', 's7']"
002283_SZ.SZ,20250312,CONT,-6.216,0.42,0.42,False,"['s5', 's7']"
600595_SH.SH,20250312,CONT,-3.4138,0.42,0.42,False,"['s5', 's7']"
603615_SH.SH,20250317,CONT,-15.3288,0.42,0.42,False,"['s5', 's7']"
300402_SZ.SZ,20250321,CONT,-28.6137,0.42,0.42,False,"['s5', 's7']"
688359_SH.SH,20250326,CONT,-22.2777,0.42,0.42,False,"['s5', 's7']"
603579_SH.SH,20250327,CONT,-1.0075,0.42,0.42,False,"['s5', 's7']"
001228.SZ,20250306,EVENT,2.8822,0.10289999999999999,0.10289999999999999,False,"['s1', 's4', 's6x3', 's7', 's9', 's12']"
000922.SZ,20250307,EVENT,5.6382,0.04115999999999999,0.04115999999999999,False,"['s1', 's4', 's6x1', 's7', 's8', 's9', 's10']"
000912.SZ,20250312,EVENT,4.6069,0.1176,0.0588,True,"['s1', 's4', 's5', 's7', 's9', 's10']"
000958.SZ,20250313,EVENT,-1.7838,0.105,0.0735,True,"['s1', 's4', 's5', 's6x1', 's7']"
688317.SH,20250313,EVENT,-0.5465,0.059270399999999994,0.029635199999999997,True,"['s1', 's4', 's5', 's6x3', 's7', 's8', 's9', 's10', 's12']"
301395.SZ,20250326,EVENT,3.9748,0.0504,0.0504,False,"['s1', 's4', 's5', 's6x1', 's8', 's10']"
000929.SZ,20250328,EVENT,-11.1801,0.24499999999999997,0.24499999999999997,False,"['s4', 's7', 's9']"
603759.SH,20250328,EVENT,-5.853,0.10289999999999999,0.10289999999999999,False,"['s4', 's7', 's8', 's9', 's12']"
003027.SZ,20250317,EVENT,0.9211,0.20579999999999993,0.10289999999999996,True,"['s1', 's6x1', 's7', 's8', 's9']"
002365_SZ.SZ,20250409,CONT,10.4064,0.105,0.105,False,"['s1', 's5', 's7', 's14']"
601086_SH.SH,20250417,CONT,10.2402,0.105,0.105,False,"['s1', 's5', 's7', 's14']"
603326_SH.SH,20250418,CONT,5.0363,0.21,0.105,True,"['s1', 's5', 's7', 's14']"
603057_SH.SH,20250421,CONT,-7.3675,0.105,0.21,True,"['s5', 's7', 's14']"
301033_SZ.SZ,20250422,CONT,3.088,0.21,0.105,True,"['s1', 's5', 's7', 's14']"
603590_SH.SH,20250422,CONT,0.2512,0.21,0.21,False,"['s5', 's7', 's14']"
002743_SZ.SZ,20250429,CONT,0.8072,0.21,0.21,False,"['s1', 's5', 's7']"
688501_SH.SH,20250429,CONT,13.5324,0.21,0.42,True,"['s5', 's7']"
300802.SZ,20250402,EVENT,-9.9329,0.24,0.24,False,"['s1', 's5', 's10']"
688093_SH.SH,20250507,CONT,-5.951,0.21,0.21,False,"['s1', 's5', 's7']"
688112_SH.SH,20250507,CONT,-3.3276,0.42,0.21,True,"['s1', 's5', 's7']"
002891_SZ.SZ,20250512,CONT,11.5261,0.21,0.21,False,"['s1', 's5', 's7']"
002620_SZ.SZ,20250515,CONT,-8.8449,0.21,0.42,True,"['s5', 's7']"
605016_SH.SH,20250515,CONT,6.8416,0.21,0.21,False,"['s1', 's5', 's7']"
002052_SZ.SZ,20250516,CONT,1.3556,0.42,0.42,False,"['s5', 's7']"
002956_SZ.SZ,20250516,CONT,-3.1642,0.42,0.42,False,"['s5', 's7']"
002052_SZ.SZ,20250519,CONT,3.3599,0.42,0.42,False,"['s5', 's7']"
600499_SH.SH,20250520,CONT,-0.4638,0.42,0.21,True,"['s1', 's5', 's7']"
300069_SZ.SZ,20250527,CONT,-16.8596,0.21,0.42,True,"['s5', 's7']"
603195.SH,20250611,EVENT,-3.8806,0.04321799999999999,0.12347999999999999,True,"['s5', 's6x1', 's8', 's9', 's13']"
688352.SH,20250619,EVENT,-0.639,0.576,0.576,False,"['s5', 's6x3', 's10']"
688352.SH,20250620,EVENT,1.4808,0.576,0.576,False,"['s5', 's6x3', 's10']"
688303.SH,20250605,EVENT,1.1051,0.17149999999999996,0.17149999999999996,False,"['s1', 's6x1', 's7', 's9']"
002919.SZ,20250612,EVENT,-2.9664,0.17149999999999996,0.17149999999999996,False,"['s1', 's6x1', 's7', 's9']"
002992.SZ,20250613,EVENT,-0.8291,0.10289999999999996,0.294,True,"['s6x1', 's8', 's9']"
600756.SH,20250613,EVENT,-1.0674,0.17149999999999996,0.3429999999999999,True,"['s6x1', 's7', 's12']"
000422.SZ,20250612,EVENT,-3.6192,0.1176,0.08231999999999999,True,"['s1', 's5', 's6x1', 's7', 's10', 's12']"
002111.SZ,20250613,EVENT,4.9953,0.08232,0.16464,True,"['s5', 's6x1', 's7', 's9', 's10']"
002023.SZ,20250619,EVENT,-2.3222,0.17639999999999997,0.17639999999999997,False,"['s5', 's6x1', 's7', 's8']"
002262.SZ,20250619,EVENT,-0.8673,0.3,0.3,False,"['s1', 's5']"
002061.SZ,20250620,EVENT,5.032,0.21,0.147,True,"['s1', 's5', 's6x1', 's7']"
600330.SH,20250620,EVENT,4.2286,0.2743999999999999,0.13719999999999996,True,"['s1', 's6x1', 's7', 's9', 's10']"
002192.SZ,20250623,EVENT,3.6801,0.0882,0.06173999999999999,True,"['s1', 's5', 's6x1', 's7', 's8', 's9']"
601390.SH,20250625,EVENT,0.0578,0.16463999999999998,0.16463999999999998,False,"['s5', 's6x1', 's9', 's10', 's12']"
002734_SZ.SZ,20250603,CONT,27.5617,0.42,0.42,False,"['s5', 's7']"
002174_SZ.SZ,20250605,CONT,-9.4443,0.21,0.21,False,"['s1', 's5', 's7']"
600521_SH.SH,20250609,CONT,3.3921,0.42,0.21,True,"['s1', 's5', 's7']"
603879_SH.SH,20250609,CONT,-6.3633,0.21,0.21,False,"['s1', 's5', 's7']"
600193_SH.SH,20250610,CONT,-2.9083,0.42,0.42,False,"['s5', 's7']"
002565_SZ.SZ,20250617,CONT,13.6678,0.42,0.42,False,"['s5', 's7']"
301345_SZ.SZ,20250620,CONT,43.1645,0.42,0.42,False,"['s5', 's7']"
688658_SH.SH,20250623,CONT,21.6978,0.21,0.21,False,"['s1', 's5', 's7']"
002309_SZ.SZ,20250624,CONT,8.5719,0.42,0.42,False,"['s5', 's7']"
688183_SH.SH,20250625,CONT,1.4986,0.42,0.42,False,"['s5', 's7']"
300548_SZ.SZ,20250626,CONT,18.9601,0.42,0.42,False,"['s5', 's7']"
601598.SH,20250609,EVENT,-0.6416,0.051449999999999996,0.147,True,"['s4', 's5', 's6x1', 's9']"
603777.SH,20250609,EVENT,-13.3665,0.0735,0.0735,False,"['s1', 's4', 's6x1', 's8', 's9']"
600022.SH,20250612,EVENT,-3.424,0.084,0.084,False,"['s1', 's4', 's5', 's6x1', 's10']"
688084.SH,20250619,EVENT,3.4287,0.098784,0.098784,False,"['s4', 's6x3', 's7', 's8', 's9', 's10', 's12']"
688298.SH,20250619,EVENT,6.0815,0.17149999999999996,0.17149999999999996,False,"['s4', 's6x1', 's7', 's9']"
688739.SH,20250619,EVENT,2.8778,0.03601499999999999,0.03601499999999999,False,"['s1', 's4', 's5', 's6x1', 's7', 's9', 's12']"
300218.SZ,20250623,EVENT,6.6877,0.030869999999999995,0.0441,True,"['s1', 's4', 's5', 's6x1', 's8', 's9']"
688739.SH,20250623,EVENT,2.3636,0.061739999999999996,0.061739999999999996,False,"['s1', 's4', 's5', 's6x3', 's7', 's9', 's12']"
000778.SZ,20250625,EVENT,2.4981,0.08232,0.08232,False,"['s4', 's5', 's6x1', 's7', 's9', 's10']"
601011.SH,20250625,EVENT,3.5823,0.19599999999999998,0.13719999999999996,True,"['s1', 's6x1', 's7', 's9', 's10']"
002716.SZ,20250626,EVENT,13.1501,0.24499999999999997,0.24499999999999997,False,"['s1', 's7', 's9']"
603318.SH,20250626,EVENT,5.1566,0.24499999999999997,0.24499999999999997,False,"['s1', 's6x1', 's9']"
002716.SZ,20250627,EVENT,12.2691,0.147,0.147,False,"['s1', 's5', 's7', 's9']"
002049.SZ,20250701,EVENT,0.4093,0.12004999999999996,0.3429999999999999,True,"['s6x1', 's9', 's13']"
000921.SZ,20250710,EVENT,2.8109,0.2352,0.1176,True,"['s1', 's5', 's6x1', 's10', 's13']"
688788.SH,20250711,EVENT,12.7396,0.20579999999999993,0.10289999999999996,True,"['s1', 's6x1', 's7', 's8', 's9']"
688352.SH,20250703,EVENT,2.7613,0.294,0.294,False,"['s1', 's6x3', 's7', 's9']"
688521.SH,20250716,EVENT,0.8771,0.294,0.294,False,"['s5', 's6x1', 's7']"
000521.SZ,20250717,EVENT,2.1321,1.2,1.2,False,['s6x3']
002413_SZ.SZ,20250704,CONT,-12.0936,0.42,0.42,False,"['s5', 's7']"
688518_SH.SH,20250704,CONT,-2.1858,0.42,0.42,False,"['s5', 's7']"
001896_SZ.SZ,20250714,CONT,-14.8341,0.21,0.21,False,"['s1', 's5', 's7']"
603127_SH.SH,20250716,CONT,31.8238,0.42,0.42,False,"['s5', 's7']"
601869_SH.SH,20250718,CONT,16.7943,0.21,0.42,True,"['s5', 's7']"
603083_SH.SH,20250718,CONT,-3.4724,0.42,0.42,False,"['s5', 's7']"
300308_SZ.SZ,20250724,CONT,9.2976,0.42,0.42,False,"['s5', 's7']"
002384_SZ.SZ,20250729,CONT,3.3283,0.42,0.42,False,"['s5', 's7']"
688226_SH.SH,20250729,CONT,23.9755,0.21,0.21,False,"['s1', 's5', 's7']"
603836.SH,20250717,EVENT,0.4208,0.12249999999999998,0.12249999999999998,False,"['s1', 's4', 's6x1', 's7']"
688788.SH,20250724,EVENT,7.2203,0.35,0.175,True,"['s1', 's4', 's7']"
300433.SZ,20250703,EVENT,1.8045,0.10289999999999996,0.10289999999999996,False,"['s1', 's6x1', 's7', 's8', 's9']"
002327.SZ,20250804,EVENT,1.3809,0.42,0.42,False,"['s5', 's6x1']"
002327.SZ,20250814,EVENT,0.0115,0.33599999999999997,0.33599999999999997,False,"['s5', 's10', 's12']"
300096.SZ,20250819,EVENT,9.5979,0.42,0.42,False,"['s5', 's6x1']"
600343_SH.SH,20250804,CONT,-2.1974,0.42,0.42,False,"['s5', 's7']"
688156_SH.SH,20250804,CONT,-0.4761,0.42,0.21,True,"['s1', 's5', 's7']"
688163_SH.SH,20250805,CONT,-1.8269,0.42,0.42,False,"['s5', 's7']"
688265_SH.SH,20250805,CONT,41.216,0.42,0.42,False,"['s5', 's7']"
300229_SZ.SZ,20250807,CONT,2.2231,0.42,0.21,True,"['s1', 's5', 's7']"
300224_SZ.SZ,20250808,CONT,-4.8906,0.42,0.42,False,"['s5', 's7']"
301268_SZ.SZ,20250811,CONT,-3.3139,0.42,0.42,False,"['s5', 's7']"
603109_SH.SH,20250811,CONT,-4.8316,0.42,0.42,False,"['s5', 's7']"
002148_SZ.SZ,20250812,CONT,2.1111,0.42,0.42,False,"['s5', 's7']"
001277_SZ.SZ,20250814,CONT,-19.9775,0.42,0.42,False,"['s5', 's7']"
000501_SZ.SZ,20250818,CONT,-12.6448,0.42,0.42,False,"['s5', 's7']"
300855_SZ.SZ,20250818,CONT,-7.7048,0.42,0.21,True,"['s1', 's5', 's7']"
688661_SH.SH,20250818,CONT,1.5822,0.42,0.42,False,"['s5', 's7']"
601231_SH.SH,20250819,CONT,1.0892,0.42,0.21,True,"['s1', 's5', 's7']"
688226_SH.SH,20250819,CONT,-14.8419,0.42,0.42,False,"['s5', 's7']"
300809_SZ.SZ,20250820,CONT,-14.0701,0.42,0.21,True,"['s1', 's5', 's7']"
600884_SH.SH,20250820,CONT,-3.1412,0.42,0.42,False,"['s5', 's7']"
603893_SH.SH,20250821,CONT,0.696,0.21,0.42,True,"['s5', 's7']"
002993_SZ.SZ,20250825,CONT,-13.2428,0.42,0.42,False,"['s5', 's7']"
300274_SZ.SZ,20250825,CONT,37.8121,0.21,0.42,True,"['s5', 's7']"
301057_SZ.SZ,20250825,CONT,9.8277,0.42,0.42,False,"['s5', 's7']"
301526_SZ.SZ,20250825,CONT,11.8244,0.42,0.42,False,"['s5', 's7']"
300004_SZ.SZ,20250826,CONT,-14.9107,0.21,0.21,False,"['s1', 's5', 's7']"
301057_SZ.SZ,20250826,CONT,9.7279,0.42,0.42,False,"['s5', 's7']"
300147_SZ.SZ,20250827,CONT,-5.6329,0.21,0.21,False,"['s1', 's5', 's7']"
603021_SH.SH,20250827,CONT,7.3157,0.42,0.42,False,"['s5', 's7']"
688260_SH.SH,20250827,CONT,-1.6071,0.42,0.42,False,"['s5', 's7']"
000029_SZ.SZ,20250829,CONT,-2.2234,0.21,0.42,True,"['s5', 's7']"
301448_SZ.SZ,20250829,CONT,50.7873,0.42,0.42,False,"['s5', 's7']"
600107_SH.SH,20250829,CONT,17.9979,0.21,0.21,False,"['s1', 's5', 's7']"
600487_SH.SH,20250829,CONT,-1.2728,0.42,0.42,False,"['s5', 's7']"
605288_SH.SH,20250829,CONT,35.4265,0.42,0.42,False,"['s5', 's7']"
002221.SZ,20250926,EVENT,-9.0532,0.17149999999999996,0.17149999999999996,False,"['s1', 's7', 's9', 's13']"
301197.SZ,20250904,EVENT,16.3759,0.18,0.18,False,"['s1', 's5', 's8']"
601665.SH,20250917,EVENT,5.5818,0.08819999999999999,0.252,True,"['s5', 's6x1', 's8']"
603121.SH,20250919,EVENT,3.2014,0.11759999999999998,0.336,True,"['s6x1', 's8', 's10']"
002802.SZ,20250917,EVENT,0.127,0.5,0.5,False,['s1']
688232.SH,20250917,EVENT,-0.0233,0.42,0.21,True,"['s1', 's5', 's6x1']"
688232.SH,20250926,EVENT,-1.2672,0.36,0.36,False,"['s5', 's8']"
301197.SZ,20250929,EVENT,3.5508,0.294,0.294,False,"['s1', 's6x3', 's7', 's9']"
688218_SH.SH,20250901,CONT,-7.3678,0.42,0.42,False,"['s5', 's7']"
688433_SH.SH,20250901,CONT,18.9881,0.42,0.42,False,"['s5', 's7']"
000972_SZ.SZ,20250908,CONT,-22.9557,0.42,0.42,False,"['s5', 's7']"
002943_SZ.SZ,20250908,CONT,-4.8138,0.42,0.42,False,"['s5', 's7']"
300756_SZ.SZ,20250908,CONT,8.7757,0.42,0.42,False,"['s5', 's7']"
605133_SH.SH,20250908,CONT,2.2184,0.42,0.42,False,"['s5', 's7']"
688088_SH.SH,20250908,CONT,-5.2341,0.42,0.42,False,"['s5', 's7']"
688612_SH.SH,20250908,CONT,-2.8945,0.42,0.42,False,"['s5', 's7']"
000830_SZ.SZ,20250909,CONT,-10.3974,0.21,0.42,True,"['s5', 's7']"
603285_SH.SH,20250911,CONT,-16.7533,0.42,0.42,False,"['s5', 's7']"
002715_SZ.SZ,20250912,CONT,1.558,0.42,0.42,False,"['s5', 's7']"
688325_SH.SH,20250912,CONT,67.9818,0.21,0.42,True,"['s5', 's7']"
001234_SZ.SZ,20250916,CONT,-11.1748,0.42,0.42,False,"['s5', 's7']"
300736_SZ.SZ,20250916,CONT,-5.2462,0.42,0.42,False,"['s5', 's7']"
002715_SZ.SZ,20250919,CONT,-5.8693,0.42,0.42,False,"['s5', 's7']"
300111_SZ.SZ,20250922,CONT,13.4134,0.42,0.42,False,"['s5', 's7']"
603216_SH.SH,20250922,CONT,0.09,0.21,0.42,True,"['s5', 's7']"
301288_SZ.SZ,20250923,CONT,-4.4802,0.42,0.42,False,"['s5', 's7']"
603298_SH.SH,20250924,CONT,-6.8595,0.42,0.42,False,"['s5', 's7']"
300904_SZ.SZ,20250929,CONT,-4.27,0.42,0.42,False,"['s5', 's7']"
301042_SZ.SZ,20250930,CONT,8.2663,0.42,0.42,False,"['s5', 's7']"
603216_SH.SH,20250930,CONT,-11.442,0.21,0.42,True,"['s5', 's7']"
000526.SZ,20250924,EVENT,-3.5165,0.147,0.0735,True,"['s1', 's4', 's5', 's6x1', 's12']"
002969.SZ,20250930,EVENT,5.0347,0.08574999999999998,0.08574999999999998,False,"['s1', 's4', 's6x1', 's9', 's12']"
300791.SZ,20250910,EVENT,-5.1692,0.1176,0.16464,True,"['s5', 's6x1', 's7', 's9', 's10']"
000906.SZ,20251013,EVENT,0.3983,0.13719999999999996,0.39199999999999996,True,"['s6x1', 's9', 's10']"
002413.SZ,20251031,EVENT,0.4929,0.20579999999999993,0.20579999999999993,False,"['s6x1', 's7', 's8', 's9']"
002221.SZ,20251009,EVENT,-4.0416,0.14112,0.14112,False,"['s1', 's5', 's6x3', 's7', 's10', 's12']"
301258.SZ,20251014,EVENT,2.7943,1.0,0.5,True,['s1']
301325.SZ,20251028,EVENT,7.1158,0.7,0.35,True,"['s1', 's6x1']"
300686_SZ.SZ,20251014,CONT,-1.2828,0.42,0.42,False,"['s5', 's7']"
601011_SH.SH,20251017,CONT,-2.2619,0.42,0.42,False,"['s5', 's7']"
603530_SH.SH,20251017,CONT,-2.1152,0.42,0.42,False,"['s5', 's7']"
601001_SH.SH,20251021,CONT,-2.355,0.42,0.42,False,"['s5', 's7']"
603843_SH.SH,20251022,CONT,50.5326,0.42,0.21,True,"['s1', 's5', 's7']"
000592_SZ.SZ,20251024,CONT,100.2505,0.42,0.42,False,"['s5', 's7']"
000933_SZ.SZ,20251030,CONT,9.0308,0.42,0.42,False,"['s5', 's7']"
002481.SZ,20251009,EVENT,9.8173,0.168,0.168,False,"['s4', 's5', 's7', 's10']"
600686.SH,20251009,EVENT,4.2874,0.24499999999999997,0.24499999999999997,False,"['s4', 's6x1', 's9']"
605266.SH,20251013,EVENT,3.0364,0.084,0.084,False,"['s1', 's4', 's5', 's6x1', 's10']"
688166.SH,20251103,EVENT,-8.351,0.14405999999999997,0.41159999999999997,True,"['s6x3', 's9', 's11', 's13']"
688010.SH,20251121,EVENT,5.0704,0.03601499999999999,0.10289999999999999,True,"['s5', 's6x1', 's9', 's12', 's14']"
000513.SZ,20251110,EVENT,-4.8666,0.12347999999999999,0.3528,True,"['s5', 's6x3', 's9', 's11']"
300592.SZ,20251105,EVENT,-1.2117,0.21,0.21,False,"['s1', 's8', 's9']"
000513.SZ,20251106,EVENT,-2.8781,0.576,0.576,False,"['s5', 's6x3', 's10']"
000513.SZ,20251107,EVENT,-3.446,0.504,0.504,False,"['s5', 's6x3', 's9']"
688321.SH,20251107,EVENT,-9.4927,0.7,0.7,False,['s6x1']
002892.SZ,20251119,EVENT,-2.9843,0.6,0.6,False,['s5']
002892.SZ,20251121,EVENT,-2.0574,0.36,0.36,False,"['s5', 's6x3', 's14']"
605555.SH,20251128,EVENT,7.4319,0.17149999999999996,0.3429999999999999,True,"['s6x1', 's7', 's12']"
600872.SH,20251106,EVENT,0.3393,0.6,0.6,False,['s5']
601919.SH,20251107,EVENT,0.6842,0.147,0.147,False,"['s1', 's7', 's8', 's9']"
603369.SH,20251107,EVENT,0.5933,0.6,0.6,False,['s5']
600576.SH,20251119,EVENT,-0.2295,0.17149999999999996,0.24499999999999997,True,"['s1', 's6x1', 's9']"
600858.SH,20251126,EVENT,6.1529,0.030869999999999998,0.021608999999999996,True,"['s1', 's5', 's6x1', 's7', 's8', 's9', 's12', 's14']"
688267.SH,20251126,EVENT,9.572,0.105,0.105,False,"['s1', 's5', 's6x1', 's14']"
600278.SH,20251128,EVENT,-2.1869,0.21,0.21,False,"['s1', 's5', 's6x1']"
000908_SZ.SZ,20251103,CONT,16.3344,0.42,0.21,True,"['s1', 's5', 's7']"
002497_SZ.SZ,20251106,CONT,29.2072,0.42,0.21,True,"['s1', 's5', 's7']"
300438_SZ.SZ,20251106,CONT,-6.1222,0.21,0.42,True,"['s5', 's7']"
603185_SH.SH,20251106,CONT,5.5628,0.42,0.42,False,"['s5', 's7']"
600815_SH.SH,20251111,CONT,-6.4657,0.42,0.21,True,"['s1', 's5', 's7']"
000007_SZ.SZ,20251113,CONT,1.7792,0.21,0.21,False,"['s1', 's5', 's7']"
000820_SZ.SZ,20251114,CONT,1.262,0.42,0.21,True,"['s1', 's5', 's7']"
300078_SZ.SZ,20251125,CONT,7.8508,0.21,0.105,True,"['s1', 's5', 's7', 's14']"
002051.SZ,20251106,EVENT,-0.1661,0.051449999999999996,0.051449999999999996,False,"['s1', 's4', 's5', 's6x1', 's7', 's9']"
600566.SH,20251126,EVENT,7.6558,0.03429999999999999,0.03429999999999999,False,"['s1', 's4', 's6x1', 's7', 's9', 's10', 's14']"
601233.SH,20251127,EVENT,0.5352,0.04287499999999999,0.04287499999999999,False,"['s1', 's4', 's6x1', 's7', 's12', 's14']"
002387.SZ,20251201,EVENT,0.2988,0.19599999999999998,0.19599999999999998,False,"['s1', 's7', 's10', 's12']"
688310.SH,20251201,EVENT,-7.457,0.19599999999999998,0.19599999999999998,False,"['s1', 's6x1', 's10', 's13']"
600873.SH,20251231,EVENT,1.3556,0.0882,0.0882,False,"['s1', 's5', 's7', 's8', 's9']"
000521.SZ,20251204,EVENT,-2.3233,0.147,0.0735,True,"['s1', 's5', 's6x1', 's9', 's14']"
600734_SH.SH,20251202,CONT,-6.2606,0.42,0.42,False,"['s5', 's7']"
603355_SH.SH,20251209,CONT,-11.8637,0.21,0.21,False,"['s5', 's7', 's14']"
000901_SZ.SZ,20251215,CONT,14.1103,0.105,0.21,True,"['s5', 's7', 's14']"
000935_SZ.SZ,20251216,CONT,-0.9149,0.21,0.21,False,"['s5', 's7', 's14']"
002297_SZ.SZ,20251225,CONT,5.4911,0.21,0.42,True,"['s5', 's7']"
300118_SZ.SZ,20251225,CONT,41.002,0.6,0.21,True,"['s1', 's5', 's7']"
300531.SZ,20251204,EVENT,-2.52,0.0525,0.0525,False,"['s1', 's4', 's5', 's6x1', 's14']"
300834.SZ,20260105,EVENT,1.5024,0.12004999999999996,0.3429999999999999,True,"['s9', 's11', 's13']"
000513.SZ,20260107,EVENT,0.8517,0.12347999999999999,0.3528,True,"['s5', 's6x3', 's9', 's13']"
603039.SH,20260108,EVENT,-0.1504,0.12004999999999996,0.12004999999999996,False,"['s1', 's6x1', 's7', 's9', 's13']"
600872.SH,20260105,EVENT,0.5965,0.0882,0.0882,False,"['s1', 's5', 's7', 's8', 's9']"
002675.SZ,20260106,EVENT,3.8865,0.17149999999999996,0.24499999999999997,True,"['s1', 's9', 's11']"
002875.SZ,20260121,EVENT,0.2274,0.1764,0.504,True,"['s6x3', 's8', 's9']"
601618.SH,20260128,EVENT,-0.1137,0.10289999999999996,0.10289999999999996,False,"['s1', 's6x1', 's7', 's8', 's9']"
688612.SH,20260128,EVENT,-1.9288,0.0882,0.0882,False,"['s1', 's5', 's8', 's9', 's13']"
000048.SZ,20260109,EVENT,17.4427,0.27999999999999997,0.27999999999999997,False,"['s1', 's7', 's10']"
002488.SZ,20260109,EVENT,1.8266,0.10289999999999996,0.10289999999999996,False,"['s1', 's6x1', 's7', 's8', 's9']"
688576.SH,20260109,EVENT,4.0171,0.39199999999999996,0.39199999999999996,False,"['s6x1', 's9', 's10']"
002422.SZ,20260107,EVENT,3.7599,0.42,0.42,False,"['s5', 's6x1']"
002675.SZ,20260107,EVENT,3.3676,0.17149999999999996,0.24499999999999997,True,"['s1', 's9', 's11']"
688506.SH,20260109,EVENT,-8.1724,1.2,0.6,True,"['s1', 's6x3']"
688506.SH,20260112,EVENT,-10.3783,0.96,0.48,True,"['s1', 's6x3', 's10']"
002608.SZ,20260119,EVENT,-0.319,0.04321799999999999,0.061739999999999996,True,"['s1', 's5', 's6x1', 's8', 's9', 's11']"
300129_SZ.SZ,20260105,CONT,50.0788,0.42,0.42,False,"['s5', 's7']"
002169_SZ.SZ,20260107,CONT,1.0142,0.42,0.42,False,"['s5', 's7']"
002582_SZ.SZ,20260109,CONT,36.5576,0.42,0.42,False,"['s5', 's7']"
300984_SZ.SZ,20260109,CONT,-2.2482,0.42,0.42,False,"['s5', 's7']"
000603_SZ.SZ,20260112,CONT,50.3059,0.42,0.42,False,"['s5', 's7']"
688503_SH.SH,20260114,CONT,3.8927,0.42,0.42,False,"['s5', 's7']"
300054_SZ.SZ,20260116,CONT,-4.4044,0.42,0.42,False,"['s5', 's7']"
603650_SH.SH,20260116,CONT,-9.2833,0.21,0.42,True,"['s5', 's7']"
000612_SZ.SZ,20260120,CONT,2.1447,0.21,0.21,False,"['s1', 's5', 's7']"
002112_SZ.SZ,20260120,CONT,11.4901,0.42,0.42,False,"['s5', 's7']"
300855_SZ.SZ,20260120,CONT,-2.8142,0.42,0.42,False,"['s5', 's7']"
301073_SZ.SZ,20260120,CONT,-1.6834,0.42,0.42,False,"['s5', 's7']"
000960_SZ.SZ,20260121,CONT,-3.7313,0.42,0.42,False,"['s5', 's7']"
001373_SZ.SZ,20260121,CONT,6.6687,0.21,0.21,False,"['s1', 's5', 's7']"
600547_SH.SH,20260121,CONT,-2.7236,0.42,0.42,False,"['s5', 's7']"
300201_SZ.SZ,20260122,CONT,-0.3239,0.21,0.21,False,"['s1', 's5', 's7']"
688155_SH.SH,20260122,CONT,12.7928,0.21,0.21,False,"['s1', 's5', 's7']"
002358_SZ.SZ,20260123,CONT,6.4104,0.42,0.42,False,"['s5', 's7']"
002339_SZ.SZ,20260126,CONT,11.5343,0.42,0.42,False,"['s5', 's7']"
603012_SH.SH,20260127,CONT,1.1959,0.42,0.21,True,"['s1', 's5', 's7']"
300594_SZ.SZ,20260128,CONT,5.7618,0.42,0.42,False,"['s5', 's7']"
603861_SH.SH,20260128,CONT,5.0434,0.42,0.42,False,"['s5', 's7']"
603986_SH.SH,20260128,CONT,-9.5316,0.42,0.21,True,"['s1', 's5', 's7']"
688008_SH.SH,20260128,CONT,-0.8447,0.42,0.42,False,"['s5', 's7']"
688179_SH.SH,20260128,CONT,-8.9233,0.21,0.21,False,"['s1', 's5', 's7']"
688536_SH.SH,20260128,CONT,-11.3217,0.42,0.21,True,"['s1', 's5', 's7']"
600176_SH.SH,20260129,CONT,26.0257,0.42,0.21,True,"['s1', 's5', 's7']"
600211.SH,20260122,EVENT,-4.4005,0.147,0.147,False,"['s1', 's4', 's6x3', 's7', 's9']"
600329.SH,20260209,EVENT,-1.6533,0.08403499999999997,0.12004999999999996,True,"['s1', 's6x1', 's9', 's11', 's13']"
603858.SH,20260204,EVENT,1.0734,0.14405999999999994,0.07202999999999997,True,"['s1', 's6x1', 's7', 's8', 's9', 's13']"
002286.SZ,20260209,EVENT,-0.7673,0.05042099999999997,0.10084199999999995,True,"['s6x1', 's7', 's8', 's9', 's11', 's13']"
601137.SH,20260211,EVENT,5.4141,0.7,0.35,True,"['s1', 's6x1']"
688617.SH,20260211,EVENT,-6.1587,0.7,0.35,True,"['s1', 's6x1']"
301320.SZ,20260205,EVENT,3.3411,0.588,0.588,False,"['s6x3', 's7', 's9']"
600436.SH,20260206,EVENT,-8.6772,0.24499999999999997,0.7,True,['s9']
300679.SZ,20260210,EVENT,-6.9528,0.7,0.35,True,"['s1', 's6x1']"
301130.SZ,20260211,EVENT,0.8623,0.14112,0.14112,False,"['s5', 's7', 's8', 's9', 's10']"
600743.SH,20260211,EVENT,-0.2508,0.7,0.7,False,['s6x1']
300679.SZ,20260213,EVENT,-3.8248,0.33599999999999997,0.16799999999999998,True,"['s1', 's5', 's10', 's12']"
688617.SH,20260213,EVENT,-1.5947,1.0,0.5,True,['s1']
600208.SH,20260224,EVENT,0.2476,0.21,0.42,True,"['s6x1', 's8']"
002475.SZ,20260225,EVENT,-1.9758,0.72,0.72,False,"['s5', 's6x3']"
600331_SH.SH,20260202,CONT,21.1029,0.42,0.42,False,"['s5', 's7']"
603285_SH.SH,20260202,CONT,5.2827,0.42,0.21,True,"['s1', 's5', 's7']"
603306_SH.SH,20260202,CONT,13.4052,0.42,0.42,False,"['s5', 's7']"
605056_SH.SH,20260202,CONT,10.0995,0.42,0.21,True,"['s1', 's5', 's7']"
002487_SZ.SZ,20260204,CONT,11.5697,0.21,0.42,True,"['s5', 's7']"
000533_SZ.SZ,20260213,CONT,40.4357,0.42,0.42,False,"['s5', 's7']"
603950_SH.SH,20260227,CONT,6.419,0.42,0.42,False,"['s5', 's7']"
600971.SH,20260211,EVENT,5.1356,0.19599999999999998,0.19599999999999998,False,"['s4', 's7', 's9', 's10']"
600801.SH,20260204,EVENT,-2.6805,0.3429999999999999,0.3429999999999999,False,"['s6x1', 's7', 's12']"
688317.SH,20260204,EVENT,0.042,0.14405999999999994,0.14405999999999994,False,"['s6x1', 's7', 's8', 's9', 's12']"
002015.SZ,20260205,EVENT,6.3251,0.3429999999999999,0.3429999999999999,False,"['s6x1', 's7', 's9']"
600873.SH,20260206,EVENT,4.1276,0.3528,0.3528,False,"['s6x3', 's7', 's8', 's9']"
301307.SZ,20260306,EVENT,4.4752,0.3429999999999999,0.24009999999999992,True,"['s6x1', 's7', 's9', 's13']"
002955.SZ,20260319,EVENT,-2.8504,0.1008,0.1008,False,"['s5', 's6x1', 's8', 's10', 's14']"
300633.SZ,20260319,EVENT,-5.5516,0.21,0.21,False,"['s5', 's6x1', 's14']"
603885.SH,20260326,EVENT,2.9426,0.21,0.21,False,"['s5', 's6x1', 's14']"
000009.SZ,20260311,EVENT,-5.9054,1.0,1.0,False,[]
000408.SZ,20260325,EVENT,6.9561,0.126,0.126,False,"['s5', 's8', 's12', 's14']"
000408.SZ,20260326,EVENT,8.4677,0.18,0.18,False,"['s5', 's8', 's14']"
603836.SH,20260306,EVENT,-5.1864,0.12347999999999998,0.06173999999999999,True,"['s1', 's5', 's6x1', 's7', 's8', 's12']"
300583.SZ,20260310,EVENT,-0.5219,0.42,0.42,False,"['s5', 's9']"
688278.SH,20260316,EVENT,-2.1037,0.42,0.42,False,"['s5', 's6x1']"
002655_SZ.SZ,20260302,CONT,5.9493,0.21,0.21,False,"['s1', 's5', 's7']"
600188_SH.SH,20260302,CONT,11.4052,0.42,0.42,False,"['s5', 's7']"
600482_SH.SH,20260305,CONT,-11.9589,0.42,0.42,False,"['s5', 's7']"
601898_SH.SH,20260312,CONT,-2.7054,0.42,0.42,False,"['s5', 's7']"
301265_SZ.SZ,20260317,CONT,0.9915,0.42,0.42,False,"['s5', 's7']"
300868_SZ.SZ,20260324,CONT,6.0426,0.21,0.21,False,"['s5', 's7', 's14']"
688251_SH.SH,20260325,CONT,-3.1379,0.21,0.105,True,"['s1', 's5', 's7', 's14']"
002309_SZ.SZ,20260331,CONT,-16.2417,0.21,0.21,False,"['s5', 's7', 's14']"
600909.SH,20260311,EVENT,-3.6518,0.36,0.18,True,"['s1', 's4', 's5', 's6x3']"
600208.SH,20260316,EVENT,-4.9156,0.21,0.21,False,"['s4', 's5', 's12']"
600679.SH,20260319,EVENT,-3.3432,0.105,0.105,False,"['s4', 's5', 's6x1', 's14']"
603043.SH,20260330,EVENT,-3.9452,0.12,0.12,False,"['s4', 's5', 's10', 's14']"
605162_SH.SH,20260401,CONT,10.4529,0.21,0.21,False,"['s5', 's7', 's14']"
002713_SZ.SZ,20260408,CONT,10.1528,0.105,0.21,True,"['s5', 's7', 's14']"
002902_SZ.SZ,20260414,CONT,2.576,0.42,0.21,True,"['s1', 's5', 's7']"
002281_SZ.SZ,20260416,CONT,34.3896,0.42,0.42,False,"['s5', 's7']"
002281_SZ.SZ,20260417,CONT,35.6861,0.42,0.42,False,"['s5', 's7']"
301222_SZ.SZ,20260417,CONT,29.8452,0.42,0.21,True,"['s1', 's5', 's7']"
688383_SH.SH,20260417,CONT,3.5317,0.21,0.21,False,"['s1', 's5', 's7']"
603165_SH.SH,20260420,CONT,8.5821,0.42,0.42,False,"['s5', 's7']"
301369_SZ.SZ,20260423,CONT,37.1808,0.42,0.42,False,"['s5', 's7']"
603950_SH.SH,20260423,CONT,15.0388,0.42,0.42,False,"['s5', 's7']"
003031_SZ.SZ,20260428,CONT,26.8506,0.42,0.42,False,"['s5', 's7']"
605006_SH.SH,20260428,CONT,28.4216,0.42,0.42,False,"['s5', 's7']"
002273_SZ.SZ,20260430,CONT,10.7384,0.42,0.42,False,"['s5', 's7']"
002384_SZ.SZ,20260430,CONT,16.8197,0.42,0.42,False,"['s5', 's7']"
003031_SZ.SZ,20260430,CONT,35.3134,0.42,0.42,False,"['s5', 's7']"
301603_SZ.SZ,20260430,CONT,26.7856,0.42,0.21,True,"['s1', 's5', 's7']"
603139_SH.SH,20260430,CONT,5.5119,0.42,0.42,False,"['s5', 's7']"
688683_SH.SH,20260430,CONT,1.1268,0.21,0.21,False,"['s1', 's5', 's7']"
000063.SZ,20260529,EVENT,1.4191,0.20579999999999993,0.10289999999999996,True,"['s1', 's6x1', 's7', 's8', 's9']"
600239.SH,20260529,EVENT,-6.55,0.7,0.7,False,['s6x1']
603456.SH,20260527,EVENT,-1.7278,0.336,0.168,True,"['s1', 's5', 's6x1', 's10']"
002938_SZ.SZ,20260506,CONT,23.7167,0.21,0.21,False,"['s1', 's5', 's7']"
003031_SZ.SZ,20260506,CONT,30.8796,0.42,0.42,False,"['s5', 's7']"
688069_SH.SH,20260506,CONT,45.1166,0.42,0.21,True,"['s1', 's5', 's7']"
002938_SZ.SZ,20260507,CONT,25.5635,0.21,0.21,False,"['s1', 's5', 's7']"
301371_SZ.SZ,20260507,CONT,5.4799,0.21,0.21,False,"['s1', 's5', 's7']"
688381_SH.SH,20260507,CONT,28.5425,0.42,0.21,True,"['s1', 's5', 's7']"
002916_SZ.SZ,20260512,CONT,25.5841,0.42,0.21,True,"['s1', 's5', 's7']"
300054_SZ.SZ,20260512,CONT,18.5593,0.42,0.42,False,"['s5', 's7']"
603682_SH.SH,20260512,CONT,-5.4934,0.42,0.42,False,"['s5', 's7']"
688508_SH.SH,20260512,CONT,6.3858,0.21,0.21,False,"['s1', 's5', 's7']"
000668_SZ.SZ,20260514,CONT,1.0686,0.42,0.21,True,"['s1', 's5', 's7']"
300475_SZ.SZ,20260514,CONT,-3.6178,0.42,0.21,True,"['s1', 's5', 's7']"
300706_SZ.SZ,20260514,CONT,6.7505,0.21,0.21,False,"['s1', 's5', 's7']"
688110_SH.SH,20260514,CONT,-11.271,0.21,0.21,False,"['s1', 's5', 's7']"
688290_SH.SH,20260514,CONT,2.6271,0.42,0.21,True,"['s1', 's5', 's7']"
000668_SZ.SZ,20260515,CONT,-0.9096,0.42,0.21,True,"['s1', 's5', 's7']"
001339_SZ.SZ,20260518,CONT,3.8678,0.21,0.42,True,"['s5', 's7']"
301285_SZ.SZ,20260518,CONT,-5.3475,0.42,0.42,False,"['s5', 's7']"
601208_SH.SH,20260518,CONT,5.0701,0.42,0.42,False,"['s5', 's7']"
603162_SH.SH,20260518,CONT,-8.3698,0.42,0.42,False,"['s5', 's7']"
688017_SH.SH,20260518,CONT,-4.4363,0.42,0.42,False,"['s5', 's7']"
002635_SZ.SZ,20260519,CONT,-3.8504,0.42,0.42,False,"['s5', 's7']"
300408_SZ.SZ,20260519,CONT,49.9508,0.42,0.42,False,"['s5', 's7']"
301123_SZ.SZ,20260519,CONT,17.8385,0.42,0.42,False,"['s5', 's7']"
603336_SH.SH,20260519,CONT,-27.5771,0.42,0.21,True,"['s1', 's5', 's7']"
603608_SH.SH,20260519,CONT,26.8395,0.42,0.42,False,"['s5', 's7']"
688179_SH.SH,20260519,CONT,-10.4508,0.42,0.21,True,"['s1', 's5', 's7']"
003004_SZ.SZ,20260520,CONT,58.5642,0.42,0.21,True,"['s1', 's5', 's7']"
002273_SZ.SZ,20260520,CONT,-5.8821,0.42,0.42,False,"['s5', 's7']"
002993_SZ.SZ,20260520,CONT,7.3483,0.42,0.42,False,"['s5', 's7']"
603936_SH.SH,20260520,CONT,5.2934,0.42,0.42,False,"['s5', 's7']"
605358_SH.SH,20260520,CONT,3.7469,0.42,0.21,True,"['s1', 's5', 's7']"
688052_SH.SH,20260520,CONT,7.7877,0.21,0.21,False,"['s1', 's5', 's7']"
600936_SH.SH,20260522,CONT,3.9812,0.42,0.42,False,"['s5', 's7']"
300106_SZ.SZ,20260525,CONT,-10.9349,0.21,0.21,False,"['s1', 's5', 's7']"
600730_SH.SH,20260525,CONT,1.7685,0.21,0.21,False,"['s1', 's5', 's7']"
300825_SZ.SZ,20260526,CONT,7.5147,0.21,0.21,False,"['s1', 's5', 's7']"
688107_SH.SH,20260526,CONT,-17.3429,0.21,0.21,False,"['s1', 's5', 's7']"
002782_SZ.SZ,20260527,CONT,-18.3149,0.21,0.21,False,"['s1', 's5', 's7']"
688068.SH,20260527,EVENT,-7.7309,0.5,0.5,False,['s4']
300883.SZ,20260528,EVENT,-7.1959,0.17149999999999996,0.17149999999999996,False,"['s4', 's6x1', 's7', 's12']"
600567.SH,20260611,EVENT,-5.2521,0.10079999999999999,0.10079999999999999,False,"['s5', 's8', 's10', 's13', 's14']"
002758.SZ,20260615,EVENT,-2.99,0.72,0.72,False,"['s5', 's6x3']"
600679.SH,20260608,EVENT,-10.6,0.35,0.35,False,"['s13', 's14']"
600567.SH,20260612,EVENT,7.0723,0.16799999999999998,0.16799999999999998,False,"['s5', 's10', 's13', 's14']"
603987.SH,20260612,EVENT,-0.934,0.21,0.21,False,"['s5', 's6x1', 's14']"
300871.SZ,20260615,EVENT,2.6908,0.6,0.6,False,"['s1', 's6x3']"
300193.SZ,20260616,EVENT,-4.9122,0.17149999999999996,0.17149999999999996,False,"['s1', 's6x1', 's9', 's13']"
301223.SZ,20260616,EVENT,-2.6463,0.288,0.288,False,"['s5', 's8', 's10']"
688377.SH,20260604,EVENT,-9.5393,0.0588,0.0588,False,"['s1', 's8', 's9', 's10', 's13', 's14']"
605507.SH,20260605,EVENT,-4.4321,0.5,0.5,False,['s14']
600187.SH,20260612,EVENT,-15.7731,0.27999999999999997,0.27999999999999997,False,"['s6x1', 's10', 's14']"
301333.SZ,20260616,EVENT,13.6648,1.0,1.0,False,[]
603899.SH,20260601,EVENT,-2.9342,0.7,0.7,False,['s6x1']
002637.SZ,20260603,EVENT,1.0045,0.294,0.588,True,"['s6x3', 's9', 's13']"
600585.SH,20260603,EVENT,-4.9084,0.48,0.48,False,"['s5', 's10']"
605507.SH,20260603,EVENT,-2.0988,0.42,0.42,False,"['s5', 's6x1']"
000100.SZ,20260604,EVENT,1.1383,0.036014999999999985,0.036014999999999985,False,"['s1', 's6x1', 's7', 's8', 's9', 's13', 's14']"
000055.SZ,20260609,EVENT,7.7806,0.1764,0.1764,False,"['s6x3', 's7', 's8', 's13', 's14']"
002206.SZ,20260611,EVENT,2.0874,0.18,0.36,True,"['s5', 's6x3', 's14']"
002332.SZ,20260611,EVENT,0.1146,0.147,0.147,False,"['s5', 's6x1', 's13', 's14']"
300347.SZ,20260611,EVENT,26.0276,0.36,0.36,False,"['s5', 's6x3', 's14']"
002223.SZ,20260615,EVENT,-4.0712,0.42,0.42,False,"['s5', 's6x1']"
300347.SZ,20260615,EVENT,0.5654,0.72,0.72,False,"['s5', 's6x3']"
603579.SH,20260615,EVENT,-0.2985,0.48999999999999994,0.48999999999999994,False,"['s6x1', 's9']"
301263.SZ,20260617,EVENT,-9.2489,0.8,0.4,True,"['s1', 's10']"
301333.SZ,20260617,EVENT,15.1185,1.0,1.0,False,[]
301097.SZ,20260618,EVENT,4.737,0.4,0.4,False,"['s1', 's10']"
300245.SZ,20260601,EVENT,-2.2301,0.42,0.42,False,"['s5', 's6x1']"
000409.SZ,20260604,EVENT,-4.5264,0.0735,0.0735,False,"['s1', 's5', 's6x1', 's7', 's14']"
300583.SZ,20260604,EVENT,-1.8729,0.36,0.18,True,"['s1', 's5', 's6x3', 's14']"
603858.SH,20260604,EVENT,-3.5877,0.18,0.36,True,"['s5', 's6x3', 's14']"
300611.SZ,20260605,EVENT,-0.3183,0.09799999999999999,0.09799999999999999,False,"['s1', 's7', 's10', 's12', 's14']"
688278.SH,20260605,EVENT,9.9354,0.3,0.3,False,"['s5', 's14']"
688513.SH,20260605,EVENT,-2.2323,0.21,0.21,False,"['s5', 's6x1', 's14']"
688606.SH,20260608,EVENT,-7.2355,0.5,0.5,False,['s14']
000055.SZ,20260610,EVENT,0.9652,0.12347999999999999,0.12347999999999999,False,"['s6x3', 's7', 's8', 's9', 's12', 's14']"
601800.SH,20260612,EVENT,-3.3188,0.1176,0.1176,False,"['s5', 's6x1', 's10', 's12', 's14']"
688109.SH,20260612,EVENT,3.1232,0.07349999999999998,0.21,True,"['s6x1', 's8', 's14']"
000801.SZ,20260615,EVENT,-1.4207,0.6,0.6,False,['s5']
300791.SZ,20260615,EVENT,-4.8095,0.42,0.42,False,"['s5', 's6x1']"
600872.SH,20260615,EVENT,-6.592,1.2,0.6,True,"['s1', 's6x3']"
300883.SZ,20260616,EVENT,-3.0934,0.3,0.42,True,"['s5', 's7']"
000564.SZ,20260617,EVENT,-4.9047,0.42,0.42,False,"['s5', 's6x1']"
300347.SZ,20260617,EVENT,0.9277,1.2,0.6,True,"['s1', 's6x3']"
002962_SZ.SZ,20260603,CONT,-11.0477,0.42,0.42,False,"['s5', 's7']"
301566_SZ.SZ,20260603,CONT,-1.7802,0.42,0.21,True,"['s1', 's5', 's7']"
301568_SZ.SZ,20260603,CONT,47.2476,0.42,0.21,True,"['s1', 's5', 's7']"
300037_SZ.SZ,20260605,CONT,13.5243,0.21,0.21,False,"['s5', 's7', 's14']"
601678_SH.SH,20260623,CONT,-4.5478,0.21,0.42,True,"['s5', 's7']"
002876_SZ.SZ,20260625,CONT,-11.6286,0.42,0.42,False,"['s5', 's7']"
002937_SZ.SZ,20260625,CONT,1.3998,0.21,0.21,False,"['s1', 's5', 's7']"
603290_SH.SH,20260630,CONT,-20.5931,0.3,0.42,True,"['s5', 's7']"
600179.SH,20260603,EVENT,4.5809,0.03601499999999999,0.10289999999999999,True,"['s4', 's5', 's6x1', 's9', 's12']"
301078.SZ,20260605,EVENT,-2.1953,0.0525,0.0525,False,"['s1', 's4', 's5', 's6x1', 's14']"
002452.SZ,20260610,EVENT,9.4688,0.105,0.105,False,"['s4', 's7', 's8', 's14']"
002661.SZ,20260611,EVENT,-6.3837,0.0875,0.175,True,"['s4', 's6x1', 's14']"
300082.SZ,20260616,EVENT,-5.8697,0.175,0.175,False,"['s1', 's4', 's6x1']"
000100.SZ,20260610,EVENT,2.0876,0.0735,0.0735,False,"['s1', 's7', 's8', 's9', 's14']"
300143.SZ,20260720,EVENT,5.307,0.04115999999999999,0.04115999999999999,False,"['s1', 's6x1', 's7', 's8', 's10', 's13', 's14']"
600382.SH,20260729,EVENT,0.718,0.6,0.6,False,"['s6x3', 's14']"
300906.SZ,20260730,EVENT,-0.3593,0.08574999999999998,0.24499999999999997,True,"['s9', 's13', 's14']"
301032.SZ,20260722,EVENT,9.9244,0.21,0.21,False,"['s5', 's6x1', 's14']"
300988.SZ,20260724,EVENT,-2.5251,0.08574999999999998,0.24499999999999997,True,"['s9', 's13', 's14']"
301446.SZ,20260724,EVENT,23.6725,0.24499999999999997,0.24499999999999997,False,"['s6x1', 's13', 's14']"
002888.SZ,20260728,EVENT,17.0396,0.25,0.25,False,"['s1', 's14']"
601799.SH,20260729,EVENT,1.0371,0.27999999999999997,0.13999999999999999,True,"['s1', 's10', 's12', 's14']"
603390.SH,20260729,EVENT,7.6932,0.5,0.5,False,['s14']
600382.SH,20260730,EVENT,0.2339,0.6,0.6,False,"['s6x3', 's14']"
301446.SZ,20260731,EVENT,14.5298,0.5,0.5,False,['s14']
603920.SH,20260731,EVENT,20.7129,0.48,0.48,False,"['s6x3', 's10', 's14']"
002858.SZ,20260717,EVENT,-5.7828,0.6,0.6,False,"['s6x3', 's14']"
601717.SH,20260717,EVENT,0.4206,0.5,0.5,False,['s14']
688326.SH,20260717,EVENT,-4.9378,0.1176,0.1176,False,"['s5', 's6x1', 's10', 's12', 's14']"
002340.SZ,20260720,EVENT,7.8089,0.21,0.21,False,"['s5', 's6x1', 's14']"
301087.SZ,20260721,EVENT,3.73,0.08574999999999998,0.08574999999999998,False,"['s1', 's6x1', 's7', 's9', 's14']"
601600.SH,20260721,EVENT,7.2042,0.05144999999999998,0.05144999999999998,False,"['s1', 's6x1', 's7', 's8', 's9', 's14']"
000695.SZ,20260722,EVENT,4.2937,0.24,0.12,True,"['s1', 's8', 's10', 's14']"
002858.SZ,20260722,EVENT,13.1279,0.36,0.36,False,"['s5', 's6x3', 's14']"
300014.SZ,20260722,EVENT,0.4595,0.175,0.175,False,"['s1', 's6x1', 's14']"
300183.SZ,20260723,EVENT,5.727,0.27999999999999997,0.27999999999999997,False,"['s6x1', 's10', 's14']"
688032.SH,20260723,EVENT,4.7681,0.21,0.21,False,"['s5', 's6x1', 's14']"
002020.SZ,20260727,EVENT,6.4501,0.15,0.3,True,"['s5', 's14']"
002340.SZ,20260727,EVENT,4.0666,0.4,0.4,False,"['s10', 's14']"
300091.SZ,20260727,EVENT,7.9517,0.35,0.35,False,"['s12', 's14']"
300906.SZ,20260727,EVENT,15.8211,0.21,0.21,False,"['s5', 's6x1', 's14']"
300925.SZ,20260728,EVENT,7.7715,0.147,0.147,False,"['s5', 's6x1', 's12', 's14']"
301290.SZ,20260728,EVENT,11.6768,0.6,0.6,False,"['s6x3', 's14']"
002722.SZ,20260729,EVENT,3.8525,0.4,0.4,False,"['s10', 's14']"
002778.SZ,20260729,EVENT,9.0299,0.35,0.35,False,"['s6x1', 's14']"
002812.SZ,20260729,EVENT,8.2768,0.6,0.6,False,"['s6x3', 's14']"
605588.SH,20260730,EVENT,19.1558,0.3,0.3,False,"['s1', 's6x3', 's14']"
688623.SH,20260730,EVENT,6.3355,0.6,0.6,False,"['s6x3', 's14']"
002023.SZ,20260731,EVENT,15.9644,0.25,0.25,False,"['s1', 's14']"
002827.SZ,20260717,EVENT,0.168,0.21,0.21,False,"['s6x1', 's8', 's14']"
301173.SZ,20260721,EVENT,-3.2819,0.216,0.216,False,"['s5', 's6x3', 's8', 's14']"
301283.SZ,20260721,EVENT,9.1477,0.36,0.36,False,"['s5', 's6x3', 's14']"
688331.SH,20260721,EVENT,-3.6813,0.105,0.105,False,"['s1', 's5', 's9', 's14']"
301533.SZ,20260723,EVENT,11.1636,0.21,0.21,False,"['s5', 's6x1', 's14']"
600382.SH,20260723,EVENT,11.1156,0.21,0.21,False,"['s5', 's6x1', 's14']"
001233.SZ,20260724,EVENT,5.046,0.35,0.35,False,"['s6x1', 's14']"
003008.SZ,20260724,EVENT,-2.2754,0.168,0.168,False,"['s5', 's6x1', 's10', 's14']"
301330.SZ,20260724,EVENT,-1.837,0.21,0.21,False,"['s5', 's6x1', 's14']"
002722.SZ,20260727,EVENT,8.188,0.21,0.21,False,"['s5', 's6x1', 's14']"
002929.SZ,20260728,EVENT,-13.7508,0.6,0.3,True,"['s1', 's6x3', 's14']"
300467.SZ,20260728,EVENT,8.6106,0.35,0.175,True,"['s1', 's6x1', 's14']"
301252.SZ,20260728,EVENT,15.9517,0.35,0.175,True,"['s1', 's6x1', 's14']"
301662.SZ,20260728,EVENT,6.5845,0.35,0.35,False,"['s6x1', 's14']"
002023.SZ,20260729,EVENT,20.1637,0.175,0.175,False,"['s1', 's6x1', 's14']"
002931.SZ,20260729,EVENT,16.0042,0.3,0.3,False,"['s1', 's6x3', 's14']"
300690.SZ,20260729,EVENT,-0.5519,0.35,0.35,False,"['s6x1', 's14']"
301305.SZ,20260729,EVENT,17.6735,0.6,0.6,False,"['s6x3', 's14']"
600580.SH,20260729,EVENT,19.7701,0.24,0.24,False,"['s1', 's6x3', 's10', 's14']"
603920.SH,20260729,EVENT,19.6577,0.48,0.48,False,"['s6x3', 's10', 's14']"
688162.SH,20260729,EVENT,11.4777,0.6,0.6,False,"['s6x3', 's14']"
688429.SH,20260729,EVENT,13.9964,0.5,0.5,False,['s14']
688638.SH,20260729,EVENT,14.7536,0.5,0.5,False,['s14']
002079.SZ,20260730,EVENT,7.9927,0.175,0.175,False,"['s1', 's6x1', 's14']"
002931.SZ,20260730,EVENT,18.3857,0.3,0.3,False,"['s1', 's6x3', 's14']"
300095.SZ,20260730,EVENT,2.602,0.6,0.6,False,"['s6x3', 's14']"
300183.SZ,20260730,EVENT,5.7276,0.4,0.4,False,"['s10', 's14']"
301306.SZ,20260730,EVENT,18.7909,0.175,0.35,True,"['s6x1', 's14']"
600580.SH,20260730,EVENT,19.2423,0.24,0.24,False,"['s1', 's6x3', 's10', 's14']"
688350.SH,20260730,EVENT,5.7156,0.6,0.3,True,"['s1', 's6x3', 's14']"
002050.SZ,20260731,EVENT,6.4613,0.288,0.288,False,"['s5', 's6x3', 's10', 's14']"
002722.SZ,20260731,EVENT,1.48,0.288,0.288,False,"['s6x3', 's8', 's10', 's14']"
003015.SZ,20260731,EVENT,14.1078,0.5,0.5,False,['s14']
300687.SZ,20260731,EVENT,29.5874,0.175,0.35,True,"['s6x1', 's14']"
603079.SH,20260731,EVENT,11.0598,0.35,0.35,False,"['s6x1', 's14']"
605588.SH,20260731,EVENT,23.652,0.3,0.3,False,"['s1', 's6x3', 's14']"
688359.SH,20260731,EVENT,25.3043,0.6,0.6,False,"['s6x3', 's14']"
000923.SZ,20260717,EVENT,8.7403,0.036014999999999985,0.10289999999999999,True,"['s6x1', 's8', 's9', 's11', 's14']"
301283.SZ,20260720,EVENT,7.447,0.36,0.36,False,"['s5', 's6x3', 's14']"
002020.SZ,20260722,EVENT,-2.8162,0.06002499999999998,0.17149999999999996,True,"['s6x1', 's9', 's12', 's14']"
301026.SZ,20260722,EVENT,29.6587,0.4,0.4,False,"['s10', 's14']"
601799.SH,20260722,EVENT,5.2205,0.168,0.084,True,"['s1', 's5', 's6x1', 's10', 's14']"
000695.SZ,20260723,EVENT,-0.2131,0.252,0.126,True,"['s1', 's6x3', 's8', 's9', 's14']"
001322.SZ,20260723,EVENT,-2.3781,0.084,0.084,False,"['s1', 's5', 's6x1', 's10', 's14']"
002318.SZ,20260723,EVENT,5.3061,0.5,0.5,False,['s14']
301439.SZ,20260728,EVENT,7.137,0.27999999999999997,0.27999999999999997,False,"['s6x1', 's10', 's14']"
301248.SZ,20260729,EVENT,17.7349,0.6,0.3,True,"['s1', 's6x3', 's14']"
600186.SH,20260729,EVENT,28.519,0.25,0.25,False,"['s1', 's14']"
603135.SH,20260729,EVENT,9.0864,0.175,0.175,False,"['s1', 's6x1', 's14']"
002203.SZ,20260730,EVENT,9.2758,0.13999999999999999,0.13999999999999999,False,"['s1', 's10', 's12', 's14']"
603088.SH,20260730,EVENT,3.1506,0.5,0.5,False,['s14']
002203.SZ,20260731,EVENT,10.8095,0.2,0.2,False,"['s1', 's10', 's14']"
002600.SZ,20260731,EVENT,2.2847,0.175,0.175,False,"['s1', 's6x1', 's14']"
301252.SZ,20260731,EVENT,22.5474,0.5,0.25,True,"['s1', 's14']"
301322.SZ,20260731,EVENT,25.0864,0.3,0.3,False,"['s1', 's6x3', 's14']"
603031.SH,20260731,EVENT,21.0513,0.6,0.6,False,"['s6x3', 's14']"
688657.SH,20260731,EVENT,26.8827,0.25,0.25,False,"['s1', 's14']"
603713_SH.SH,20260701,CONT,0.0088,0.21,0.21,False,"['s1', 's5', 's7']"
603259_SH.SH,20260702,CONT,2.3434,0.21,0.21,False,"['s1', 's5', 's7']"
002860_SZ.SZ,20260710,CONT,7.3574,0.42,0.21,True,"['s1', 's5', 's7']"
600918.SH,20260722,EVENT,-1.1665,0.03674999999999999,0.03674999999999999,False,"['s1', 's4', 's6x1', 's7', 's8', 's14']"
000695.SZ,20260724,EVENT,-1.2316,0.0441,0.063,True,"['s1', 's4', 's6x3', 's8', 's9', 's14']"
688623.SH,20260724,EVENT,-1.3068,0.105,0.105,False,"['s4', 's5', 's6x1', 's14']"
002318.SZ,20260727,EVENT,5.2487,0.3,0.3,False,"['s4', 's6x3', 's14']"
002820.SZ,20260729,EVENT,8.2918,0.042,0.084,True,"['s4', 's6x1', 's8', 's10', 's14']"
603091.SH,20260729,EVENT,5.0222,0.175,0.175,False,"['s4', 's6x1', 's14']"
001205.SZ,20260730,EVENT,4.6693,0.105,0.105,False,"['s4', 's6x1', 's8', 's14']"
603031.SH,20260730,EVENT,16.2418,0.3,0.3,False,"['s4', 's6x3', 's14']"
688153.SH,20260730,EVENT,6.9575,0.0875,0.175,True,"['s4', 's6x1', 's14']"
688755.SH,20260731,EVENT,18.4595,0.3,0.3,False,"['s4', 's6x3', 's14']"
301120.SZ,20260805,EVENT,-9.1353,0.07202999999999998,0.07202999999999998,False,"['s1', 's6x3', 's7', 's9', 's11', 's13', 's14']"
300274.SZ,20260810,EVENT,1.5689,0.42,0.42,False,"['s1', 's6x3', 's13']"
002130.SZ,20260803,EVENT,0.6053,0.042017499999999985,0.12004999999999996,True,"['s6x1', 's9', 's11', 's13', 's14']"
688251.SH,20260806,EVENT,1.6539,0.09799999999999999,0.27999999999999997,True,"['s6x1', 's10', 's14']"
688312.SH,20260806,EVENT,7.8912,0.35,0.175,True,"['s1', 's6x1', 's14']"
300637.SZ,20260807,EVENT,0.9466,0.27999999999999997,0.27999999999999997,False,"['s1', 's6x1', 's10']"
300727.SZ,20260810,EVENT,-3.9514,0.08403499999999997,0.24009999999999992,True,"['s6x1', 's9', 's11', 's13']"
301120.SZ,20260806,EVENT,-6.4337,0.05762399999999999,0.05762399999999999,False,"['s1', 's6x3', 's7', 's9', 's10', 's11', 's13', 's14']"
000035.SZ,20260807,EVENT,-5.6155,0.10289999999999996,0.10289999999999996,False,"['s1', 's6x1', 's7', 's8', 's9']"
688080.SH,20260810,EVENT,-0.5894,0.8,0.8,False,['s10']
002655.SZ,20260803,EVENT,67.5344,0.3,0.3,False,"['s5', 's14']"
002787.SZ,20260803,EVENT,18.5229,0.5,0.5,False,['s14']
300232.SZ,20260804,EVENT,-6.2704,0.08574999999999998,0.12249999999999998,True,"['s1', 's9', 's11', 's14']"
300274.SZ,20260804,EVENT,8.3237,0.175,0.175,False,"['s1', 's12', 's14']"
301396.SZ,20260804,EVENT,28.3915,0.168,0.168,False,"['s5', 's6x1', 's10', 's14']"
300232.SZ,20260805,EVENT,-5.3545,0.08574999999999998,0.12249999999999998,True,"['s1', 's9', 's11', 's14']"
300811.SZ,20260805,EVENT,21.4881,0.13999999999999999,0.13999999999999999,False,"['s1', 's6x1', 's10', 's14']"
301330.SZ,20260806,EVENT,-3.4791,0.35,0.35,False,"['s12', 's14']"
301446.SZ,20260806,EVENT,1.9931,0.10289999999999999,0.294,True,"['s6x3', 's9', 's11', 's14']"
300100.SZ,20260807,EVENT,-13.3471,1.0,1.0,False,[]
601777.SH,20260807,EVENT,-1.3541,0.17149999999999996,0.17149999999999996,False,"['s1', 's6x1', 's7', 's9']"
688395.SH,20260807,EVENT,3.6901,0.48999999999999994,0.48999999999999994,False,"['s6x1', 's12']"
688755.SH,20260810,EVENT,1.6361,0.20579999999999998,0.588,True,"['s6x3', 's9', 's13']"
688080.SH,20260811,EVENT,-0.5987,1.0,1.0,False,[]
002429.SZ,20260812,EVENT,2.1654,0.7,0.7,False,['s6x1']
301308.SZ,20260812,EVENT,-6.9372,0.20579999999999998,0.294,True,"['s1', 's6x3', 's9', 's11']"
688035.SH,20260812,EVENT,10.0792,0.27999999999999997,0.27999999999999997,False,"['s1', 's6x1', 's10']"
300637.SZ,20260813,EVENT,0.7064,0.4,0.4,False,"['s1', 's10']"
688035.SH,20260814,EVENT,9.0789,0.27999999999999997,0.27999999999999997,False,"['s1', 's9', 's10']"
300637.SZ,20260820,EVENT,2.9787,0.16463999999999998,0.2352,True,"['s1', 's6x3', 's9', 's10', 's12']"
002188.SZ,20260803,EVENT,3.6202,0.42,0.42,False,"['s6x3', 's9', 's14']"
300906.SZ,20260803,EVENT,-0.0428,0.061739999999999996,0.1764,True,"['s6x3', 's8', 's9', 's11', 's14']"
301010.SZ,20260803,EVENT,4.9813,0.35,0.35,False,"['s9', 's14']"
688258.SH,20260803,EVENT,8.6515,0.6,0.3,True,"['s1', 's6x3', 's14']"
688716.SH,20260803,EVENT,11.0995,0.12249999999999998,0.12249999999999998,False,"['s1', 's6x1', 's9', 's14']"
300095.SZ,20260804,EVENT,-5.9376,0.6,0.6,False,"['s6x3', 's14']"
002655.SZ,20260805,EVENT,34.2503,0.6,0.6,False,"['s6x3', 's14']"
688368.SH,20260807,EVENT,4.2912,1.0,1.0,False,[]
600186.SH,20260810,EVENT,11.9296,0.20579999999999998,0.294,True,"['s1', 's6x3', 's9', 's13']"
002655.SZ,20260813,EVENT,17.8473,1.2,1.2,False,['s6x3']
301359.SZ,20260813,EVENT,1.9942,0.10289999999999996,0.294,True,"['s6x1', 's8', 's9']"
301396.SZ,20260813,EVENT,-2.487,0.72,0.72,False,"['s6x3', 's8']"
688525.SH,20260813,EVENT,-0.0072,0.48,0.24,True,"['s1', 's8', 's10']"
002655.SZ,20260814,EVENT,24.2614,1.2,1.2,False,['s6x3']
688381.SH,20260814,EVENT,11.6065,1.0,1.0,False,[]
002683.SZ,20260803,EVENT,8.3203,0.24499999999999997,0.24499999999999997,False,"['s6x1', 's12', 's14']"
002929.SZ,20260803,EVENT,17.7031,0.6,0.6,False,"['s6x3', 's14']"
300684.SZ,20260803,EVENT,55.7025,0.6,0.6,False,"['s6x3', 's14']"
301265.SZ,20260803,EVENT,24.7689,0.36,0.18,True,"['s1', 's5', 's6x3', 's14']"
600252.SH,20260803,EVENT,5.0687,0.09799999999999999,0.19599999999999998,True,"['s6x1', 's9', 's10', 's14']"
600673.SH,20260803,EVENT,30.2536,0.5,0.5,False,['s14']
688381.SH,20260803,EVENT,28.8302,0.35,0.35,False,"['s6x1', 's14']"
301252.SZ,20260804,EVENT,8.5181,0.42,0.21,True,"['s1', 's6x3', 's9', 's14']"
301322.SZ,20260804,EVENT,13.6472,0.3,0.3,False,"['s1', 's6x3', 's14']"
300184.SZ,20260805,EVENT,-1.3139,0.35,0.175,True,"['s1', 's6x1', 's14']"
601006.SH,20260805,EVENT,-1.2471,0.12249999999999998,0.12249999999999998,False,"['s1', 's7', 's9', 's14']"
002787.SZ,20260806,EVENT,1.4997,0.6,0.6,False,"['s6x3', 's14']"
300687.SZ,20260806,EVENT,-0.6894,0.08574999999999998,0.24499999999999997,True,"['s9', 's11', 's14']"
301360.SZ,20260806,EVENT,14.5447,0.10289999999999999,0.294,True,"['s6x3', 's9', 's11', 's14']"
301396.SZ,20260806,EVENT,3.8444,0.5,0.5,False,['s14']
603091.SH,20260806,EVENT,2.046,0.5,0.5,False,['s14']
600673.SH,20260807,EVENT,0.8411,1.2,1.2,False,['s6x3']
603950.SH,20260807,EVENT,6.7524,1.0,1.0,False,[]
688766.SH,20260810,EVENT,1.3835,0.96,0.48,True,"['s1', 's6x3', 's10']"
688755.SH,20260803,EVENT,15.2512,0.3,0.3,False,"['s4', 's6x3', 's14']"
300802.SZ,20260805,EVENT,9.9736,0.3,0.3,False,"['s4', 's6x3', 's14']"
688755.SH,20260805,EVENT,13.2862,0.168,0.168,False,"['s4', 's6x3', 's9', 's10', 's14']"
603950.SH,20260806,EVENT,4.8254,0.25,0.25,False,"['s4', 's14']"
001227.SZ,20260807,EVENT,-2.1663,0.10289999999999996,0.10289999999999996,False,"['s4', 's6x1', 's7', 's8', 's9']"
688716.SH,20260807,EVENT,-6.0521,0.08574999999999998,0.12249999999999998,True,"['s1', 's4', 's9', 's11']"
000932.SZ,20260810,EVENT,-2.0095,0.09799999999999999,0.09799999999999999,False,"['s1', 's4', 's7', 's9', 's10']"
002722.SZ,20260824,EVENT,1.886,0.10583999999999999,0.10583999999999999,False,"['s4', 's5', 's6x3', 's7', 's8', 's9']"
300192.SZ,20260812,EVENT,1.5747,0.19599999999999998,0.19599999999999998,False,"['s1', 's6x1', 's9', 's10']"
300002.SZ,20260813,EVENT,-4.6285,0.1176,0.2352,True,"['s7', 's8', 's9', 's10']"
