symbol,entry_date,src,net_pnl_pct,tp,sl,v23_weight_v2,v23_flags_v2
688381.SH,20230913,EVENT,-3.1863,35.67,23.932,1.0,none
301308.SZ,20231009,EVENT,8.3273,95.48,81.05,0.0392,s1v2_CHoCH↑;s7v2_up;s19;s10_in_ob;s12_in_ote
000651.SZ,20231030,EVENT,-3.6222,37.33,32.784,0.1848,s17;s10_in_ob;s5;s6x1;s14
300138.SZ,20231103,EVENT,0.7548,15.96,12.748,0.55,s17;s14
000651.SZ,20231109,EVENT,-2.8346,34.42,32.849,0.6336,s17;s10_in_ob;s5;s6x3
000651.SZ,20231101,EVENT,-3.4155,37.33,32.827,0.264,s17;s10_in_ob;s5;s14
603808.SH,20231221,EVENT,-7.1322,9.872,8.758,0.105,s15;s8_sweep_bear;s13;s14
601975.SH,20231226,EVENT,6.2067,2.963,2.552,0.1225,s15;s6x1;s13;s14
001323.SZ,20231228,EVENT,-1.9246,33.18,29.266,0.231,s17;s5;s6x1;s14
600872.SH,20231229,EVENT,-2.275,33.552,22.932,0.7,s13
603688.SH,20231229,EVENT,1.9342,58.843,41.381,0.924,s17;s6x3;s13
000703.SZ,20231220,EVENT,0.3681,7.008,6.317,0.0123,s1v2_CHoCH↑;s7v2_up;s19;s12_in_ote;s5;s6x3;s13;s14
002978.SZ,20231220,EVENT,-0.9853,32.403,29.35,0.0147,s1v2_CHoCH↑;s7v2_up;s19;s12_in_ote;s5;s14
300993.SZ,20231222,EVENT,-2.1188,11.63,10.109,0.096,s1v2_CHoCH↓;s10_in_ob;s5;s14
688420.SH,20231229,EVENT,-2.5085,27.504,24.591,0.3105,s17;s10_in_ob;s12_in_ote;s5;s6x3;s13
600219.SH,20231215,EVENT,-2.4856,2.409,2.075,0.231,s17;s5;s6x1;s14
002985.SZ,20231218,EVENT,-0.2539,39.327,30.168,0.098,s1v2_CHoCH↓;s9_bsl_tight;s6x1;s14
301115.SZ,20231218,EVENT,-2.0989,19.23,17.614,0.1109,s1v2_CHoCH↓;s17;s9_bsl_tight;s5;s6x3;s14
002568.SZ,20231220,EVENT,-1.8283,26.495,22.461,0.396,s17;s5;s6x3;s14
301305.SZ,20231220,EVENT,-1.9595,19.051,16.962,0.0347,s24_eql_risk;s17;s5;s6x1;s14
603267.SH,20231228,EVENT,-5.1197,57.81,44.872,0.1584,s1v2_CHoCH↓;s17;s5;s6x3;s14
603507.SH,20231229,EVENT,-1.3586,15.259,12.45,0.4312,s17;s10_in_ob;s6x1;s13
605303.SH,20231212,EVENT,0.5571,12.41,11.821,0.0621,s1v2_CHoCH↓;s17;s8_sweep_bear;s9_bsl_tight;s10_in_ob;s5;s6x1
000651.SZ,20231215,EVENT,-0.5799,33.26,31.996,0.144,s15;s10_in_ob;s5;s6x3;s14
002568.SZ,20231218,EVENT,-1.8487,27.295,22.474,0.1056,s1v2_CHoCH↓;s17;s10_in_ob;s5;s14
600703.SH,20231218,EVENT,-2.635,15.382,13.0,0.3168,s17;s10_in_ob;s5;s6x3;s14
002625.SZ,20231220,EVENT,2.1291,14.753,12.886,0.0147,s1v2_CHoCH↑;s7v2_up;s19;s12_in_ote;s5;s14
301115.SZ,20231220,EVENT,-1.8339,19.23,17.613,0.1584,s1v2_CHoCH↓;s17;s5;s6x3;s14
300943.SZ,20231221,EVENT,-3.032,14.62,13.032,0.1056,s1v2_CHoCH↓;s17;s10_in_ob;s5;s14
600313.SH,20231221,EVENT,-3.5146,8.141,7.228,0.0924,s1v2_CHoCH↓;s17;s5;s6x1;s14
002857.SZ,20231222,EVENT,-2.1348,18.58,15.737,0.396,s17;s5;s6x3;s14
600382.SH,20231227,EVENT,5.9081,4.74,4.39,0.003,s24_eql_risk;s1v2_CHoCH↑;s7v2_up;s19;s10_in_ob;s5;s6x3;s14
000950.SZ,20231229,EVENT,-3.9641,5.44,4.773,0.66,s17;s5
300993.SZ,20231229,EVENT,2.4363,11.57,9.918,0.2304,s1v2_CHoCH↓;s10_in_ob;s5;s6x3
688013.SH,20231229,EVENT,1.166,20.544,17.95,0.042,s1v2_CHoCH↓;s20;s15;s5
000526_SZ.SZ,20231208,CONT,12.2571,,,0.09,s7v2_up;s16;s5;s14
600971_SH.SH,20231212,CONT,-4.3082,,,0.3,s7v2_up;s5
000404.SZ,20231220,EVENT,-2.6398,5.5,4.946,0.036,s7v2_up;s21;s4;s5;s6x3;s14
000975.SZ,20231220,EVENT,6.2535,15.52,14.056,0.0252,s1v2_CHoCH↑;s7v2_up;s9_bsl_tight;s4;s5;s6x3;s14
300068.SZ,20231228,EVENT,9.45,14.576,11.444,0.0462,s1v2_CHoCH↓;s17;s4;s5;s6x1;s14
301367.SZ,20231229,EVENT,-1.2232,66.064,52.335,0.07,s7v2_up;s21;s9_bsl_tight;s4
000921.SZ,20240110,EVENT,4.2581,23.25,19.382,0.175,s15;s13;s14
603515.SH,20240110,EVENT,3.7931,14.902,14.078,0.132,s1v2_CHoCH↓;s17;s5;s14
002570.SZ,20240117,EVENT,-4.2752,4.37,3.711,0.0588,s15;s10_in_ob;s12_in_ote;s5;s13;s14
301093.SZ,20240117,EVENT,-7.6494,20.615,16.481,0.175,s15;s13;s14
301093.SZ,20240118,EVENT,-8.6933,20.615,16.457,0.2587,s1v2_CHoCH↓;s17;s9_bsl_tight;s6x3;s13
301093.SZ,20240119,EVENT,-9.3026,20.615,16.443,0.0906,s1v2_CHoCH↓;s17;s9_bsl_tight;s12_in_ote;s6x3;s13;s14
000818.SZ,20240126,EVENT,-2.9115,32.2,26.328,0.168,s15;s10_in_ob;s5;s6x1
600718.SH,20240126,EVENT,-2.148,9.77,7.966,0.504,s5;s6x3;s13
000498.SZ,20240129,EVENT,-0.6563,5.092,4.71,0.21,s15;s6x3;s13;s14
300656.SZ,20240131,EVENT,-7.8417,27.07,18.296,0.4,s10_in_ob;s14
301152.SZ,20240131,EVENT,-12.6218,38.95,24.438,0.2,s1v2_CHoCH↓;s14
000589.SZ,20240110,EVENT,5.0452,5.772,5.185,0.66,s17;s6x3;s14
002959.SZ,20240110,EVENT,-1.442,54.892,42.053,0.084,s1v2_CHoCH↑;s7v2_up;s9_bsl_tight;s6x3;s14
301267.SZ,20240116,EVENT,-6.0638,34.685,28.626,0.77,s17;s13
603612.SH,20240116,EVENT,-3.0797,17.061,13.402,0.462,s17;s5;s6x1
002570.SZ,20240118,EVENT,-2.8139,4.37,3.71,0.21,s15;s5;s13
603505.SH,20240125,EVENT,-4.2218,19.153,16.984,0.147,s15;s5;s6x1;s13
301093.SZ,20240126,EVENT,-4.1244,18.745,16.309,0.252,s15;s5;s6x3;s13
600718.SH,20240129,EVENT,-13.0675,9.77,6.992,0.6,s6x3;s14
601969.SH,20240129,EVENT,-9.8095,6.423,5.897,0.0514,s15;s9_bsl_tight;s12_in_ote;s5;s13;s14
603060.SH,20240129,EVENT,-3.5138,8.247,7.497,0.105,s15;s5;s6x1;s14
300200.SZ,20240131,EVENT,-10.0206,8.7,5.892,0.33,s17;s5;s14
301087.SZ,20240131,EVENT,-6.5368,34.23,24.724,0.66,s17;s6x3;s14
688018.SH,20240131,EVENT,-5.3678,104.23,79.161,0.36,s5;s6x3;s14
002624.SZ,20240102,EVENT,-13.8728,13.275,9.554,0.12,s1v2_CHoCH↓;s8_sweep_bear;s14
603515.SH,20240102,EVENT,-5.0602,16.572,14.13,0.0924,s1v2_CHoCH↓;s17;s5;s6x1;s14
300993.SZ,20240103,EVENT,0.0017,11.57,9.694,0.384,s1v2_CHoCH↓;s10_in_ob;s6x3
688171.SH,20240105,EVENT,-6.4065,17.707,14.714,0.2464,s1v2_CHoCH↓;s17;s10_in_ob;s6x1
002004.SZ,20240110,EVENT,-2.3178,4.98,4.502,0.396,s17;s5;s6x3;s14
600219.SH,20240110,EVENT,-11.9983,2.309,1.994,0.2,s15;s10_in_ob;s14
688013.SH,20240110,EVENT,-6.5313,19.004,16.896,0.042,s1v2_CHoCH↓;s20;s15;s6x3;s14
002624.SZ,20240111,EVENT,-3.8074,13.275,9.557,0.1584,s1v2_CHoCH↓;s17;s5;s6x3;s14
002930.SZ,20240111,EVENT,-1.9575,22.021,18.065,0.105,s15;s5;s6x1;s14
600351.SH,20240111,EVENT,-1.2309,7.64,6.634,0.33,s17;s5;s14
688093.SH,20240111,EVENT,-2.3891,16.82,14.838,0.1584,s1v2_CHoCH↓;s17;s5;s6x3;s14
600703.SH,20240112,EVENT,-1.6597,13.912,12.877,0.396,s17;s5;s6x3;s14
688257.SH,20240112,EVENT,-4.8923,8.798,8.053,0.0202,s1v2_CHoCH↑;s7v2_up;s19;s10_in_ob;s5;s6x3;s14
600487.SH,20240117,EVENT,-4.2931,11.498,10.035,0.18,s15;s5;s6x3;s14
603822.SH,20240117,EVENT,-2.1077,28.378,25.862,0.0347,s24_eql_risk;s17;s5;s6x1;s14
603882.SH,20240126,EVENT,12.6687,60.55,46.627,1.32,s17;s6x3
002859.SZ,20240129,EVENT,-3.7899,24.467,20.297,0.36,s5;s6x3;s14
300148.SZ,20240129,EVENT,-5.783,3.95,3.429,0.264,s17;s10_in_ob;s5;s14
603727.SH,20240129,EVENT,-3.8327,12.486,11.152,0.15,s15;s5;s14
301265.SZ,20240130,EVENT,-6.9422,10.312,8.624,0.385,s17;s6x1;s14
001256.SZ,20240131,EVENT,-6.6015,18.8,14.521,0.35,s6x1;s14
002148.SZ,20240131,EVENT,-6.3099,6.55,4.871,0.396,s17;s5;s6x3;s14
600572.SH,20240131,EVENT,-8.8383,5.078,3.697,0.6,s6x3;s14
300515.SZ,20240102,EVENT,-0.5667,10.916,10.23,0.33,s17;s5;s14
688093.SH,20240102,EVENT,-8.0492,16.76,15.42,0.0196,s1v2_CHoCH↓;s20;s15;s10_in_ob;s6x1;s14
300097.SZ,20240104,EVENT,-8.4106,13.91,8.149,0.28,s1v2_CHoCH↓;s6x1
603156.SH,20240104,EVENT,7.0665,21.052,14.926,1.0,none
688093.SH,20240104,EVENT,-9.5995,16.76,14.838,0.07,s1v2_CHoCH↓;s20;s15
002385.SZ,20240105,EVENT,-2.2659,7.042,5.549,0.1344,s1v2_CHoCH↓;s10_in_ob;s5;s6x1
600433.SH,20240105,EVENT,-6.5504,3.53,3.196,0.196,s15;s9_bsl_tight;s10_in_ob;s6x1
603156.SH,20240108,EVENT,0.9989,21.052,14.928,0.48,s10_in_ob;s6x3;s14
603258.SH,20240108,EVENT,-12.006,27.815,19.671,0.24,s1v2_CHoCH↓;s6x3;s14
603888.SH,20240108,EVENT,-4.4324,21.288,15.58,0.0924,s1v2_CHoCH↓;s17;s5;s6x1;s14
300943.SZ,20240110,EVENT,0.5966,14.17,12.56,0.0252,s1v2_CHoCH↑;s7v2_up;s19;s8_sweep_bear;s6x3;s14
301201.SZ,20240110,EVENT,-0.4318,26.582,23.398,0.231,s17;s5;s6x1;s14
000498.SZ,20240115,EVENT,-1.1433,5.202,4.807,0.66,s17;s5
300699.SZ,20240115,EVENT,-15.5158,26.342,20.717,0.056,s1v2_CHoCH↑;s7v2_up;s19;s10_in_ob
688326.SH,20240115,EVENT,-1.9777,132.72,88.812,0.72,s5;s6x3
688819.SH,20240117,EVENT,-6.869,26.752,24.046,0.1225,s15;s12_in_ote;s6x1;s14
002555.SZ,20240119,EVENT,-8.5328,22.567,14.427,0.168,s1v2_CHoCH↓;s12_in_ote;s6x3;s14
600487.SH,20240122,EVENT,-4.3172,11.498,10.05,0.2772,s17;s12_in_ote;s5;s6x3;s14
000661.SZ,20240124,EVENT,-2.0054,157.829,111.569,0.3,s5;s14
300126.SZ,20240130,EVENT,-8.2385,7.61,5.546,0.2,s1v2_CHoCH↓;s14
002166.SZ,20240131,EVENT,-4.6405,8.09,6.268,0.33,s17;s5;s14
300888.SZ,20240131,EVENT,-10.8532,37.229,30.903,0.0792,s1v2_CHoCH↓;s17;s8_sweep_bear;s5;s14
601600.SH,20240131,EVENT,-0.5276,5.7,4.801,0.049,s1v2_CHoCH↑;s7v2_up;s9_bsl_tight;s6x1;s14
688508.SH,20240131,EVENT,-4.3168,53.161,34.439,0.36,s5;s6x3;s14
603977_SH.SH,20240109,CONT,-14.6161,,,0.0225,s7v2_up;s22;s5;s14
002004.SZ,20240104,EVENT,-5.1924,4.98,4.503,0.126,s15;s9_bsl_tight;s4;s5;s6x3
000534.SZ,20240105,EVENT,-8.128,14.021,11.472,0.1078,s1v2_CHoCH↓;s17;s12_in_ote;s4;s6x1
688420.SH,20240105,EVENT,-8.8198,27.504,23.255,0.168,s15;s10_in_ob;s12_in_ote;s4;s6x3
688093.SH,20240109,EVENT,-4.5996,16.82,14.829,0.0554,s1v2_CHoCH↓;s17;s12_in_ote;s4;s5;s6x3;s14
002555.SZ,20240117,EVENT,-5.8955,22.567,14.376,0.12,s1v2_CHoCH↓;s4;s6x3;s14
603727.SH,20240131,EVENT,-10.6743,12.486,9.836,0.33,s17;s4;s6x3;s14
002640.SZ,20240102,EVENT,-2.3567,4.52,3.676,0.0554,s1v2_CHoCH↓;s17;s8_sweep_bear;s5;s6x1;s14
600623.SH,20240110,EVENT,-0.8113,6.25,5.876,0.0158,s24_eql_risk;s15;s5;s6x1;s14
600803.SH,20240110,EVENT,2.4344,14.485,12.407,0.07,s1v2_CHoCH↑;s7v2_up;s6x1;s14
688349.SH,20240206,EVENT,0.5238,21.181,16.597,0.42,s6x3;s13;s14
002093.SZ,20240219,EVENT,12.5788,7.43,6.132,0.588,s12_in_ote;s6x3;s13
300685.SZ,20240219,EVENT,5.3305,19.666,15.935,0.539,s17;s6x1;s13
688068.SH,20240219,EVENT,2.7463,41.49,30.905,0.3234,s17;s5;s6x1;s13
688237.SH,20240223,EVENT,4.4082,37.434,13.472,0.924,s17;s6x3;s13
301353.SZ,20240227,EVENT,-2.5242,18.769,9.246,0.84,s6x3;s13
301225.SZ,20240228,EVENT,-0.4749,26.178,12.227,0.0037,s1v2_CHoCH↑;s7v2_up;s18;s16;s23;s9_bsl_tight;s6x3;s13
300835.SZ,20240201,EVENT,-3.4389,29.875,21.227,0.252,s5;s6x3;s13;s14
002266.SZ,20240207,EVENT,7.4661,3.52,2.961,0.245,s15;s9_bsl_tight;s13
300054.SZ,20240207,EVENT,9.4239,24.11,17.225,0.7,s13
300171.SZ,20240207,EVENT,10.3431,17.657,13.791,0.5544,s17;s5;s6x3;s13
300285.SZ,20240207,EVENT,1.6283,23.053,17.079,0.35,s15;s13
002008.SZ,20240208,EVENT,0.174,19.32,16.805,0.42,s15;s6x3;s13
300910.SZ,20240208,EVENT,-1.6818,37.189,24.13,0.42,s15;s6x3;s13
600109.SH,20240208,EVENT,0.1131,8.801,7.508,0.0031,s1v2_CHoCH↑;s7v2_up;s18;s16;s23;s6x1;s13
688596.SH,20240208,EVENT,13.8809,36.008,30.205,0.21,s15;s5;s13
688646.SH,20240219,EVENT,5.7879,35.206,26.974,0.252,s15;s5;s6x3;s13
300143.SZ,20240220,EVENT,0.2419,7.661,4.762,0.3696,s1v2_CHoCH↓;s17;s6x3;s13
001228.SZ,20240221,EVENT,9.0165,32.4,17.525,0.84,s6x3;s13
002885.SZ,20240221,EVENT,10.2801,17.249,8.682,1.2,s6x3
301085.SZ,20240221,EVENT,19.1961,57.352,29.138,0.49,s6x1;s13
002093.SZ,20240222,EVENT,9.5353,7.43,4.78,0.6,s15;s6x3
603626.SH,20240222,EVENT,11.3687,9.27,3.842,0.308,s1v2_CHoCH↓;s17;s6x1
002312.SZ,20240223,EVENT,-1.1487,6.99,4.667,0.0384,s1v2_CHoCH↑;s7v2_up;s9_bsl_tight;s10_in_ob;s11_mss_bull_fresh;s6x1;s13
003004.SZ,20240223,EVENT,20.2876,31.582,12.008,0.28,s1v2_CHoCH↓;s13
603111.SH,20240223,EVENT,12.6103,5.276,2.93,0.21,s24_eqh_target;s15;s8_sweep_bear;s13
301366.SZ,20240226,EVENT,11.349,21.215,10.982,0.924,s17;s6x3;s13
002520.SZ,20240228,EVENT,-6.5425,6.47,3.179,0.77,s17;s6x1
300100.SZ,20240228,EVENT,-0.2339,11.88,5.037,0.4,s1v2_CHoCH↓
301072.SZ,20240228,EVENT,13.2575,24.83,10.551,0.924,s17;s6x3;s13
002098.SZ,20240229,EVENT,9.9904,7.02,3.756,0.528,s1v2_CHoCH↓;s17;s6x3
300597.SZ,20240229,EVENT,11.2254,9.272,4.904,1.2,s6x3
301248.SZ,20240229,EVENT,18.5393,16.961,7.58,0.84,s6x3;s13
688244.SH,20240229,EVENT,5.8818,25.566,11.065,0.7392,s17;s10_in_ob;s6x3;s13
002180.SZ,20240202,EVENT,-4.6244,23.09,18.004,0.2772,s17;s5;s6x3;s13;s14
300702.SZ,20240202,EVENT,-4.5123,20.0,16.018,0.1584,s1v2_CHoCH↓;s17;s5;s6x3;s14
603990.SH,20240202,EVENT,-19.5712,12.58,9.684,0.245,s6x1;s13;s14
688069.SH,20240202,EVENT,-12.4038,13.937,10.379,0.462,s17;s6x3;s13;s14
688606.SH,20240202,EVENT,-9.5947,81.1,53.396,0.0231,s24_eql_risk;s1v2_CHoCH↓;s17;s6x1;s14
000036.SZ,20240205,EVENT,-11.794,3.68,3.085,0.1008,s1v2_CHoCH↓;s5;s6x3;s13;s14
300128.SZ,20240205,EVENT,-13.5212,4.5,3.375,0.1225,s15;s6x1;s13;s14
000869.SZ,20240207,EVENT,9.3268,23.43,20.867,0.2587,s17;s10_in_ob;s5;s6x1;s13
002008.SZ,20240207,EVENT,8.8099,19.32,16.841,0.504,s5;s6x3;s13
002532.SZ,20240207,EVENT,10.4622,4.87,3.87,0.336,s15;s10_in_ob;s6x3;s13
002635.SZ,20240207,EVENT,11.1055,16.3,10.942,0.168,s1v2_CHoCH↓;s5;s13
300128.SZ,20240207,EVENT,20.3522,4.5,3.345,0.35,s15;s13
300997.SZ,20240207,EVENT,21.5435,13.228,10.309,0.4435,s17;s10_in_ob;s5;s6x3;s13
301071.SZ,20240207,EVENT,9.6276,30.228,24.37,0.288,s15;s10_in_ob;s5;s6x3
600497.SH,20240207,EVENT,6.4053,4.691,3.923,0.3773,s17;s9_bsl_tight;s6x1;s13
600884.SH,20240207,EVENT,4.7077,13.76,10.371,0.42,s5;s13
601969.SH,20240207,EVENT,21.2073,6.283,4.977,0.504,s5;s6x3;s13
688739.SH,20240207,EVENT,3.5306,30.969,25.428,0.147,s15;s5;s6x1;s13
300054.SZ,20240208,EVENT,8.1808,24.11,17.174,0.7,s13
300285.SZ,20240208,EVENT,-2.7736,23.053,17.007,0.35,s15;s13
300463.SZ,20240208,EVENT,6.9316,14.973,11.612,0.42,s5;s13
300997.SZ,20240208,EVENT,15.9465,13.228,10.278,0.7392,s17;s10_in_ob;s6x3;s13
600120.SH,20240208,EVENT,2.8623,3.499,2.953,0.0294,s1v2_CHoCH↓;s20;s15;s8_sweep_bear;s6x1
002635.SZ,20240219,EVENT,10.3078,16.3,10.917,0.48,s1v2_CHoCH↓;s6x3
300171.SZ,20240219,EVENT,-0.5752,17.657,13.725,0.924,s17;s6x3;s13
300997.SZ,20240219,EVENT,11.7517,13.168,10.271,0.924,s17;s6x3;s13
600210.SH,20240219,EVENT,0.0792,3.89,3.173,0.245,s15;s6x1;s13
603039.SH,20240219,EVENT,2.6034,38.911,28.211,0.245,s15;s6x1;s13
688088.SH,20240219,EVENT,-2.9683,41.364,27.215,0.2016,s1v2_CHoCH↓;s5;s6x3;s13
688298.SH,20240219,EVENT,-3.466,36.18,28.596,0.7,s13
600075.SH,20240220,EVENT,2.7139,4.38,3.572,0.1715,s15;s12_in_ote;s6x1;s13
301150.SZ,20240221,EVENT,3.7442,12.801,7.009,0.49,s6x1;s13
603096.SH,20240221,EVENT,9.17,18.326,9.329,0.539,s17;s6x1;s13
688232.SH,20240221,EVENT,2.4755,36.133,16.678,0.44,s1v2_CHoCH↓;s17
300903.SZ,20240222,EVENT,31.2737,10.13,4.22,1.2,s6x3
301225.SZ,20240222,EVENT,15.6263,26.178,12.288,0.77,s17;s6x1
301270.SZ,20240222,EVENT,6.0919,34.226,18.114,0.336,s1v2_CHoCH↓;s6x3;s13
600645.SH,20240222,EVENT,0.9807,19.23,12.419,1.32,s17;s6x3
603596.SH,20240222,EVENT,0.7211,32.934,21.144,0.42,s8_sweep_bear;s13
688593.SH,20240222,EVENT,5.9818,14.706,7.22,0.4,s1v2_CHoCH↓
001299.SZ,20240223,EVENT,9.9431,16.04,7.892,1.1,s17
002796.SZ,20240223,EVENT,24.4566,11.48,5.07,1.1,s17
300135.SZ,20240223,EVENT,5.7779,3.29,1.452,1.1,s17
300915.SZ,20240223,EVENT,-1.0384,22.682,13.372,0.7,s13
301322.SZ,20240223,EVENT,1.6251,29.802,15.995,0.245,s15;s12_in_ote;s13
603119.SH,20240223,EVENT,10.9629,14.277,10.259,0.5,s15
688195.SH,20240223,EVENT,9.4854,25.833,10.519,0.28,s1v2_CHoCH↓;s6x1
300597.SZ,20240226,EVENT,2.8111,9.272,4.91,1.0,none
300786.SZ,20240226,EVENT,7.3233,20.21,6.908,1.32,s17;s6x3
300801.SZ,20240226,EVENT,2.431,16.245,9.462,0.48,s1v2_CHoCH↓;s6x3
300828.SZ,20240226,EVENT,11.337,15.394,6.146,1.2,s6x3
301116.SZ,20240226,EVENT,3.793,12.761,6.751,1.2,s6x3
301225.SZ,20240226,EVENT,2.5283,26.178,12.237,0.77,s17;s13
603028.SH,20240226,EVENT,5.5648,11.346,4.532,0.49,s6x1;s13
603629.SH,20240226,EVENT,10.9389,22.241,9.872,1.32,s17;s6x3
002796.SZ,20240227,EVENT,6.9634,11.48,5.06,1.32,s17;s6x3
301085.SZ,20240227,EVENT,-3.4325,57.352,28.961,0.42,s15;s6x3;s13
301125.SZ,20240227,EVENT,17.01,9.727,3.645,0.7,s13
301158.SZ,20240227,EVENT,3.2037,11.766,5.979,1.2,s6x3
688455.SH,20240227,EVENT,-2.5793,12.89,6.977,0.49,s6x1;s13
301282.SZ,20240228,EVENT,-5.7677,17.509,7.255,0.6,s15;s6x3
600580.SH,20240228,EVENT,-0.3441,8.702,7.881,0.0148,s1v2_CHoCH↑;s7v2_up;s18;s16;s8_sweep_bear;s9_bsl_tight;s11_mss_bull_fresh;s6x3
688618.SH,20240228,EVENT,-7.346,34.945,18.508,0.84,s6x3;s13
002436.SZ,20240229,EVENT,8.9926,14.84,7.856,0.56,s10_in_ob;s6x1
300095.SZ,20240229,EVENT,8.5767,8.169,4.448,1.32,s17;s6x3
300405.SZ,20240229,EVENT,0.7974,8.39,3.005,0.48,s1v2_CHoCH↓;s6x3
300981.SZ,20240229,EVENT,7.3386,11.449,6.138,0.28,s1v2_CHoCH↓;s6x1
300985.SZ,20240229,EVENT,12.0101,25.951,13.112,0.3696,s1v2_CHoCH↓;s17;s6x3;s13
301300.SZ,20240229,EVENT,22.0613,29.324,11.425,1.2,s6x3
688143.SH,20240229,EVENT,1.589,33.08,13.179,1.32,s17;s6x3
688320.SH,20240229,EVENT,15.3648,45.14,19.76,1.0,none
688383.SH,20240229,EVENT,9.5067,111.463,50.501,0.6,s15;s6x3
688432.SH,20240229,EVENT,8.6059,11.425,7.035,1.056,s17;s10_in_ob;s6x3
688543.SH,20240229,EVENT,8.3346,29.576,17.234,1.2,s6x3
002373.SZ,20240201,EVENT,-2.5872,12.398,8.422,0.36,s5;s6x3;s14
300702.SZ,20240201,EVENT,-1.551,21.98,16.039,0.1584,s1v2_CHoCH↓;s17;s5;s6x3;s14
600572.SH,20240201,EVENT,-6.5235,5.078,3.697,0.6,s6x3;s14
300997.SZ,20240202,EVENT,-7.4224,13.228,10.503,0.2695,s17;s6x1;s13;s14
600989.SH,20240202,EVENT,-1.4112,13.66,11.821,0.231,s17;s5;s6x1;s14
688383.SH,20240202,EVENT,-10.6011,111.463,60.957,0.14,s1v2_CHoCH↓;s6x1;s14
000878.SZ,20240207,EVENT,6.3051,11.12,9.241,0.0343,s1v2_CHoCH↓;s20;s15;s9_bsl_tight;s6x1
002506.SZ,20240207,EVENT,13.4187,2.87,2.335,0.48,s10_in_ob;s5
688333.SH,20240207,EVENT,16.243,77.532,49.694,0.6336,s17;s10_in_ob;s5;s6x3
002274.SZ,20240208,EVENT,10.6907,7.84,6.577,0.1715,s15;s12_in_ote;s6x1;s13
002402.SZ,20240208,EVENT,10.7276,14.132,10.321,1.0,none
002683.SZ,20240208,EVENT,0.4322,17.194,14.052,0.35,s15;s13
002895.SZ,20240208,EVENT,10.8289,15.891,11.173,0.6,s15;s6x3
002925.SZ,20240208,EVENT,9.5865,18.862,13.292,1.0,none
300138.SZ,20240208,EVENT,4.4358,13.49,9.783,0.42,s15;s6x3;s13
300233.SZ,20240208,EVENT,17.7355,15.12,11.995,0.5544,s17;s5;s6x3;s13
600536.SH,20240208,EVENT,22.2589,39.42,24.608,0.245,s15;s12_in_ote;s6x1
000818.SZ,20240219,EVENT,0.715,29.25,23.236,0.3,s15;s8_sweep_bear
300128.SZ,20240219,EVENT,0.7783,4.5,3.299,0.42,s15;s6x3;s13
300664.SZ,20240219,EVENT,-2.852,5.19,4.31,0.792,s17;s5;s6x3
603416.SH,20240219,EVENT,-1.0686,35.365,23.742,0.3234,s17;s5;s6x1;s13
605183.SH,20240219,EVENT,6.4054,13.607,10.941,0.504,s5;s6x3;s13
300035.SZ,20240220,EVENT,7.5293,9.598,5.646,1.2,s6x3
300395.SZ,20240220,EVENT,7.8138,42.051,20.514,1.32,s17;s6x3
301370.SZ,20240220,EVENT,6.2487,16.119,12.156,0.6,s5
603067.SH,20240220,EVENT,2.7161,6.821,5.474,0.3,s15;s5
688166.SH,20240220,EVENT,15.569,34.942,24.713,0.3528,s9_bsl_tight;s5;s6x3;s13
002402.SZ,20240221,EVENT,4.3347,14.132,8.044,0.84,s6x3;s13
002457.SZ,20240221,EVENT,0.3094,8.295,5.15,0.1764,s15;s8_sweep_bear;s9_bsl_tight;s6x3;s13
002820.SZ,20240221,EVENT,8.869,11.674,5.951,1.0,none
300054.SZ,20240221,EVENT,3.8618,24.11,14.529,1.2,s6x3
300656.SZ,20240221,EVENT,1.7421,24.59,14.994,0.42,s15;s12_in_ote;s6x3
301063.SZ,20240221,EVENT,20.6775,22.182,9.538,1.2,s6x3
301206.SZ,20240221,EVENT,-2.8978,25.962,17.532,1.0,none
301317.SZ,20240221,EVENT,24.6896,18.095,8.488,1.2,s6x3
301335.SZ,20240221,EVENT,10.3673,21.068,12.03,1.0,none
600212.SH,20240221,EVENT,13.5845,7.4,4.081,0.48,s1v2_CHoCH↓;s6x3
603111.SH,20240221,EVENT,27.3513,5.276,2.939,0.77,s17;s6x1
603166.SH,20240221,EVENT,9.046,6.57,3.54,1.2,s6x3
603324.SH,20240221,EVENT,4.288,26.353,13.989,0.4,s1v2_CHoCH↓
688237.SH,20240221,EVENT,7.8564,37.434,13.46,1.32,s17;s6x3
688255.SH,20240221,EVENT,21.0842,22.926,10.845,1.2,s6x3
688291.SH,20240221,EVENT,16.0495,28.207,12.842,1.32,s17;s6x3
688435.SH,20240221,EVENT,23.8779,67.7,22.832,1.2,s6x3
688478.SH,20240221,EVENT,3.91,52.244,22.286,0.4,s1v2_CHoCH↓
688498.SH,20240221,EVENT,20.8127,106.921,50.165,0.924,s17;s6x3;s13
001205.SZ,20240222,EVENT,6.9331,16.72,9.859,1.32,s17;s6x3
003019.SZ,20240222,EVENT,5.7335,20.797,11.937,0.5,s15
300162.SZ,20240222,EVENT,11.4617,8.73,3.363,0.48,s1v2_CHoCH↓;s6x3
300642.SZ,20240222,EVENT,1.7279,16.895,9.034,1.2,s6x3
300643.SZ,20240222,EVENT,9.3845,11.482,5.882,1.32,s17;s6x3
300978.SZ,20240222,EVENT,10.3234,12.3,6.257,0.77,s17;s6x1
301065.SZ,20240222,EVENT,6.8142,21.996,10.501,1.2,s6x3
301280.SZ,20240222,EVENT,25.5601,19.2,10.23,0.48,s1v2_CHoCH↓;s6x3
600080.SH,20240222,EVENT,18.8741,7.742,4.267,0.49,s6x1;s13
600986.SH,20240222,EVENT,9.2804,5.16,3.261,0.35,s15;s6x1
603008.SH,20240222,EVENT,11.5673,16.36,10.726,0.77,s17;s6x1
603629.SH,20240222,EVENT,17.6311,22.241,9.861,1.32,s17;s6x3
605060.SH,20240222,EVENT,-0.1365,17.835,10.595,1.2,s6x3
688173.SH,20240222,EVENT,36.2719,17.7,7.329,1.1,s17
688432.SH,20240222,EVENT,8.6383,11.425,7.027,1.1,s17
688486.SH,20240222,EVENT,10.2446,43.276,20.361,0.924,s17;s6x3;s13
688628.SH,20240222,EVENT,3.7926,34.525,21.438,1.1,s17
688699.SH,20240222,EVENT,10.1437,40.9,18.981,1.32,s17;s6x3
002910.SZ,20240223,EVENT,1.2663,11.25,5.314,1.2,s6x3
300074.SZ,20240223,EVENT,16.8201,4.72,2.249,1.2,s6x3
300378.SZ,20240223,EVENT,9.2436,21.312,11.726,0.245,s15;s12_in_ote;s6x1
300897.SZ,20240223,EVENT,10.8715,11.664,5.269,0.48,s1v2_CHoCH↓;s6x3
301068.SZ,20240223,EVENT,3.7606,17.367,8.173,0.42,s15;s12_in_ote;s6x3
301085.SZ,20240223,EVENT,1.8903,57.352,29.117,0.77,s17;s13
600199.SH,20240223,EVENT,7.7539,17.51,11.314,0.77,s17;s6x1
600543.SH,20240223,EVENT,8.0321,6.2,3.745,0.44,s1v2_CHoCH↓;s17
603356.SH,20240223,EVENT,14.9893,15.18,7.74,0.48,s1v2_CHoCH↓;s6x3
688356.SH,20240223,EVENT,2.7948,106.938,56.502,1.1,s17
688519.SH,20240223,EVENT,11.8278,25.582,10.141,1.32,s17;s6x3
688528.SH,20240223,EVENT,9.0848,11.47,4.424,1.0,none
300232.SZ,20240226,EVENT,-0.7622,7.01,4.438,0.049,s1v2_CHoCH↓;s20;s15;s12_in_ote
300331.SZ,20240226,EVENT,5.2826,27.2,10.943,0.48,s1v2_CHoCH↓;s6x3
300448.SZ,20240226,EVENT,9.8248,5.387,2.428,1.2,s6x3
300629.SZ,20240226,EVENT,12.1887,21.972,11.991,1.0,none
300688.SZ,20240226,EVENT,1.4699,30.795,15.476,0.245,s15;s12_in_ote;s13
300845.SZ,20240226,EVENT,4.3561,9.978,3.522,1.32,s17;s6x3
300912.SZ,20240226,EVENT,3.4177,18.0,7.69,1.2,s6x3
301033.SZ,20240226,EVENT,3.387,42.758,19.307,1.2,s6x3
301059.SZ,20240226,EVENT,6.178,11.383,4.98,1.2,s6x3
301222.SZ,20240226,EVENT,5.7781,21.039,9.503,1.2,s6x3
301389.SZ,20240226,EVENT,12.9871,18.257,7.617,0.528,s1v2_CHoCH↓;s17;s6x3
600232.SH,20240226,EVENT,13.1653,6.36,2.683,1.0,none
600525.SH,20240226,EVENT,2.8664,4.88,3.383,0.77,s17;s6x1
600699.SH,20240226,EVENT,-0.5099,16.427,11.513,0.66,s17;s8_sweep_bear
603017.SH,20240226,EVENT,-0.3196,9.965,5.397,1.1,s17
603321.SH,20240226,EVENT,4.1251,8.605,3.959,0.28,s1v2_CHoCH↓;s6x1
603687.SH,20240226,EVENT,7.3328,11.754,6.942,0.6,s15;s6x3
603726.SH,20240226,EVENT,14.0364,13.805,6.23,1.2,s6x3
688383.SH,20240226,EVENT,3.7165,111.463,50.454,0.5,s15
688478.SH,20240226,EVENT,-0.5297,52.244,22.396,0.48,s1v2_CHoCH↓;s6x3
300124.SZ,20240227,EVENT,7.1965,63.621,51.389,0.35,s15;s6x1
300546.SZ,20240227,EVENT,6.7498,15.36,6.825,1.0,none
300686.SZ,20240227,EVENT,17.1515,10.71,3.784,1.0,none
301123.SZ,20240227,EVENT,2.6704,23.583,10.252,1.1,s17
301397.SZ,20240227,EVENT,1.0718,43.05,22.945,1.32,s17;s6x3
688032.SH,20240227,EVENT,3.677,197.42,93.343,0.28,s1v2_CHoCH↓;s6x1
688133.SH,20240227,EVENT,-0.4033,33.751,16.512,0.77,s17;s6x1
001360.SZ,20240228,EVENT,-2.1919,18.22,9.464,1.32,s17;s6x3
002671.SZ,20240228,EVENT,-1.2848,6.38,2.746,0.7,s6x1
300405.SZ,20240228,EVENT,-3.0843,8.39,2.992,0.48,s1v2_CHoCH↓;s6x3
300447.SZ,20240228,EVENT,2.8389,14.535,7.431,0.5,s15
300538.SZ,20240228,EVENT,1.0742,20.39,8.765,0.28,s1v2_CHoCH↓;s6x1
300836.SZ,20240228,EVENT,16.0811,19.549,7.467,1.2,s6x3
603626.SH,20240228,EVENT,1.6097,9.27,3.853,0.44,s1v2_CHoCH↓;s17
605018.SH,20240228,EVENT,-1.6595,14.206,5.542,1.0,none
688317.SH,20240228,EVENT,-5.7835,18.661,11.925,1.2,s6x3
688593.SH,20240228,EVENT,-6.1208,14.706,7.251,0.48,s1v2_CHoCH↓;s6x3
001299.SZ,20240229,EVENT,16.8977,16.04,7.914,1.32,s17;s6x3
002769.SZ,20240229,EVENT,7.8543,7.874,3.693,1.2,s6x3
002899.SZ,20240229,EVENT,16.5072,16.573,8.142,0.528,s1v2_CHoCH↓;s17;s6x3
300166.SZ,20240229,EVENT,9.7566,8.9,5.447,0.6,s15;s6x3
301125.SZ,20240229,EVENT,35.596,9.727,3.622,0.84,s6x3;s13
301130.SZ,20240229,EVENT,17.5159,27.959,13.686,1.2,s6x3
301362.SZ,20240229,EVENT,12.3873,25.24,13.787,1.2,s6x3
600543.SH,20240229,EVENT,13.9448,6.2,3.734,0.528,s1v2_CHoCH↓;s17;s6x3
688081.SH,20240229,EVENT,11.7186,17.56,6.278,0.44,s1v2_CHoCH↓;s17
688362.SH,20240229,EVENT,9.4656,25.01,14.099,1.32,s17;s6x3
688536.SH,20240229,EVENT,2.4739,149.636,77.957,0.792,s17;s8_sweep_bear;s6x3
688610.SH,20240229,EVENT,26.1724,51.904,21.829,1.32,s17;s6x3
688630.SH,20240229,EVENT,4.0402,77.574,40.784,0.4,s1v2_CHoCH↓
688018.SH,20240201,EVENT,-3.0171,104.23,79.168,0.36,s5;s6x3;s14
688069.SH,20240201,EVENT,-8.9829,13.952,10.411,0.462,s17;s12_in_ote;s6x3;s14
688072.SH,20240201,EVENT,-0.8688,181.572,107.78,0.21,s5;s6x1;s14
688281.SH,20240201,EVENT,-1.1339,51.955,35.299,0.21,s5;s6x1;s14
000404.SZ,20240202,EVENT,-5.0578,5.36,4.199,0.36,s5;s6x3;s14
301071.SZ,20240202,EVENT,-4.3499,30.228,24.473,0.36,s5;s6x3;s14
600351.SH,20240202,EVENT,-4.3611,7.08,5.539,0.396,s17;s5;s6x3;s14
600739.SH,20240202,EVENT,-4.7284,11.651,9.443,0.33,s17;s5;s14
601003.SH,20240202,EVENT,-5.8255,3.44,2.593,0.462,s17;s12_in_ote;s6x3;s14
300129.SZ,20240205,EVENT,-8.9925,9.35,7.332,0.154,s1v2_CHoCH↓;s17;s6x1;s14
601003.SH,20240205,EVENT,-5.7389,3.19,2.592,0.396,s17;s5;s6x3;s14
600337.SH,20240206,EVENT,-2.4717,2.838,2.334,0.0924,s1v2_CHoCH↓;s17;s5;s6x1;s14
001289.SZ,20240207,EVENT,1.0263,20.2,17.198,0.0588,s1v2_CHoCH↓;s20;s15;s6x3;s13
600022.SH,20240207,EVENT,4.6658,1.39,1.228,0.245,s15;s6x1;s13
600031.SH,20240207,EVENT,1.2466,12.715,11.405,1.0,s24_eqh_target
601003.SH,20240207,EVENT,-0.9033,3.19,2.581,0.792,s17;s5;s6x3
688147.SH,20240207,EVENT,12.7877,36.479,29.379,0.539,s17;s12_in_ote;s6x1
002424.SZ,20240208,EVENT,5.0511,8.35,7.367,0.42,s5;s6x1
002484.SZ,20240208,EVENT,10.299,15.876,13.983,0.0294,s1v2_CHoCH↓;s20;s15;s12_in_ote;s5
003012.SZ,20240208,EVENT,3.5691,7.739,6.294,0.3696,s17;s10_in_ob;s5;s13
601003.SH,20240208,EVENT,9.4579,3.19,2.577,0.792,s17;s5;s6x3
603558.SH,20240208,EVENT,8.8663,8.955,6.949,0.2156,s1v2_CHoCH↓;s17;s12_in_ote;s6x1
000534.SZ,20240219,EVENT,0.4287,12.341,9.949,0.77,s17;s12_in_ote
002111.SZ,20240219,EVENT,12.1904,9.4,7.054,0.5544,s17;s5;s6x3;s13
002252.SZ,20240219,EVENT,4.8659,8.6,6.398,0.2156,s1v2_CHoCH↓;s17;s9_bsl_tight;s6x1
002627.SZ,20240219,EVENT,4.1222,5.254,4.304,0.72,s5;s6x3
301325.SZ,20240219,EVENT,0.8973,65.092,49.149,0.48,s1v2_CHoCH↓;s6x3
605060.SH,20240219,EVENT,1.0744,17.835,13.448,1.0,none
000544.SZ,20240220,EVENT,0.9345,6.71,5.31,0.245,s15;s6x1;s13
002687.SZ,20240220,EVENT,11.9759,5.331,4.226,0.792,s17;s5;s6x3
301196.SZ,20240220,EVENT,6.578,23.818,18.525,0.72,s5;s6x3
001283.SZ,20240221,EVENT,2.4828,55.58,25.358,0.48,s1v2_CHoCH↓;s6x3
002092.SZ,20240221,EVENT,-0.1824,6.25,3.998,0.245,s15;s12_in_ote;s6x1
002117.SZ,20240221,EVENT,0.5545,8.63,5.189,0.42,s15;s12_in_ote;s6x3
002132.SZ,20240221,EVENT,2.9618,3.57,1.938,1.2,s6x3
002249.SZ,20240221,EVENT,7.1234,4.96,3.588,0.35,s15;s6x1
002664.SZ,20240221,EVENT,13.4636,17.47,8.917,0.77,s17;s6x1
300463.SZ,20240221,EVENT,0.1939,14.973,9.296,0.6,s15;s6x3
300897.SZ,20240221,EVENT,19.363,11.664,5.273,0.4,s1v2_CHoCH↓
301160.SZ,20240221,EVENT,6.5969,19.281,10.795,1.32,s17;s6x3
600643.SH,20240221,EVENT,-1.5832,5.56,3.659,0.056,s1v2_CHoCH↓;s20;s15;s10_in_ob
600645.SH,20240221,EVENT,1.997,19.23,12.416,1.32,s17;s6x3
600699.SH,20240221,EVENT,6.5494,16.427,11.492,0.77,s17;s6x1
603067.SH,20240221,EVENT,2.8034,6.821,4.279,0.5,s15
603339.SH,20240221,EVENT,10.2222,11.418,6.614,0.77,s17;s6x1
688005.SH,20240221,EVENT,-3.8989,25.443,14.827,1.1,s17
688010.SH,20240221,EVENT,10.5608,29.944,12.427,1.1,s17
688061.SH,20240221,EVENT,10.0978,40.091,18.695,1.2,s6x3
688105.SH,20240221,EVENT,-1.905,24.698,12.115,0.72,s8_sweep_bear;s6x3
688239.SH,20240221,EVENT,4.497,40.452,18.627,0.77,s17;s6x1
688326.SH,20240221,EVENT,2.8164,132.72,52.204,1.2,s6x3
688349.SH,20240221,EVENT,10.694,21.181,15.245,1.32,s17;s6x3
688531.SH,20240221,EVENT,5.523,43.147,23.94,1.0,none
002117.SZ,20240222,EVENT,1.2307,8.63,5.177,0.42,s15;s12_in_ote;s6x3
002132.SZ,20240222,EVENT,4.9063,3.57,1.935,1.2,s6x3
002634.SZ,20240222,EVENT,6.7715,6.86,3.846,1.2,s6x3
300435.SZ,20240222,EVENT,12.5059,13.731,9.506,0.5,s15
300700.SZ,20240222,EVENT,16.3241,12.194,5.599,1.2,s6x3
300786.SZ,20240222,EVENT,16.9128,20.21,6.904,1.1,s17
300873.SZ,20240222,EVENT,2.3843,16.652,8.071,1.0,none
300985.SZ,20240222,EVENT,11.9806,25.951,13.103,0.308,s1v2_CHoCH↓;s17;s13
300997.SZ,20240222,EVENT,5.1694,13.168,8.834,0.42,s15;s9_bsl_tight;s6x3
301047.SZ,20240222,EVENT,1.8376,75.152,46.514,0.462,s17;s8_sweep_bear;s6x1
301290.SZ,20240222,EVENT,2.2049,26.741,14.356,1.2,s6x3
301366.SZ,20240222,EVENT,25.691,21.215,10.975,1.32,s17;s6x3
600826.SH,20240222,EVENT,2.6675,6.387,3.42,0.0353,s1v2_CHoCH↓;s20;s15;s8_sweep_bear;s12_in_ote;s6x3
603039.SH,20240222,EVENT,2.8268,38.911,22.678,0.5,s15
603416.SH,20240222,EVENT,8.7467,35.365,16.933,1.1,s17
603755.SH,20240222,EVENT,-7.1076,26.057,12.646,1.0,none
603798.SH,20240222,EVENT,32.489,12.821,5.407,0.528,s1v2_CHoCH↓;s17;s6x3
603950.SH,20240222,EVENT,9.3357,17.49,13.04,0.21,s15;s5;s6x1
688123.SH,20240222,EVENT,18.3574,66.36,30.717,0.8,s10_in_ob
688138.SH,20240222,EVENT,14.1832,22.462,10.797,1.32,s17;s6x3
688237.SH,20240222,EVENT,3.3964,37.434,13.447,1.32,s17;s6x3
688252.SH,20240222,EVENT,15.3961,20.373,8.742,0.77,s17;s6x1
688519.SH,20240222,EVENT,20.3443,25.582,10.132,1.32,s17;s6x3
688616.SH,20240222,EVENT,6.4024,10.838,4.305,0.48,s1v2_CHoCH↓;s6x3
001336.SZ,20240223,EVENT,5.0049,29.35,14.123,0.48,s1v2_CHoCH↓;s6x3
002058.SZ,20240223,EVENT,3.3182,14.2,6.91,1.2,s6x3
002548.SZ,20240223,EVENT,-1.7891,5.35,3.043,1.1,s17
300745.SZ,20240223,EVENT,6.1491,25.57,11.857,1.2,s6x3
300834.SZ,20240223,EVENT,7.1968,21.219,12.131,1.2,s6x3
300997.SZ,20240223,EVENT,4.9191,13.168,8.827,0.42,s15;s9_bsl_tight;s6x3
301006.SZ,20240223,EVENT,5.4973,17.055,7.947,1.0,none
301097.SZ,20240223,EVENT,11.2736,37.607,18.238,1.2,s6x3
301176.SZ,20240223,EVENT,10.2152,17.0,6.884,1.2,s6x3
301237.SZ,20240223,EVENT,4.4593,30.432,13.29,0.44,s1v2_CHoCH↓;s17
301258.SZ,20240223,EVENT,2.3739,30.677,17.892,1.2,s6x3
301279.SZ,20240223,EVENT,6.7496,14.431,6.057,1.0,none
301335.SZ,20240223,EVENT,3.0029,21.068,12.032,1.2,s6x3
301353.SZ,20240223,EVENT,8.7096,18.769,9.236,1.0,none
600261.SH,20240223,EVENT,6.4286,2.92,1.847,0.35,s15;s12_in_ote
601615.SH,20240223,EVENT,8.7056,11.838,6.802,1.0,none
603067.SH,20240223,EVENT,1.937,6.821,4.289,0.6,s15;s6x3
603096.SH,20240223,EVENT,13.9056,18.326,9.296,1.1,s17
603726.SH,20240223,EVENT,17.4049,13.805,6.232,1.2,s6x3
603822.SH,20240223,EVENT,3.9046,28.378,14.805,1.32,s17;s6x3
605300.SH,20240223,EVENT,2.1445,15.974,9.665,0.35,s15;s6x1
688247.SH,20240223,EVENT,3.867,11.023,5.785,1.32,s17;s6x3
688435.SH,20240223,EVENT,17.4348,67.7,22.839,1.2,s6x3
688485.SH,20240223,EVENT,4.5747,14.058,6.779,1.2,s6x3
688503.SH,20240223,EVENT,23.645,40.851,21.352,0.07,s1v2_CHoCH↓;s20;s15
688523.SH,20240223,EVENT,14.4119,24.401,13.276,1.32,s17;s6x3
000869.SZ,20240226,EVENT,-0.2306,23.43,19.278,0.36,s15;s8_sweep_bear;s6x3
001313.SZ,20240226,EVENT,2.1937,8.76,4.975,0.42,s15;s12_in_ote;s6x3
001336.SZ,20240226,EVENT,3.0892,29.35,14.104,0.384,s1v2_CHoCH↓;s10_in_ob;s6x3
002084.SZ,20240226,EVENT,2.4214,4.09,1.874,1.2,s6x3
002249.SZ,20240226,EVENT,-0.2103,4.77,3.595,0.5,s15
002683.SZ,20240226,EVENT,2.7049,16.904,11.337,0.5,s15
002753.SZ,20240226,EVENT,-3.9269,7.952,3.979,0.528,s1v2_CHoCH↓;s17;s6x3
002899.SZ,20240226,EVENT,3.763,16.573,8.112,0.44,s1v2_CHoCH↓;s17
300122.SZ,20240226,EVENT,3.0103,60.68,40.876,0.098,s1v2_CHoCH↑;s7v2_up;s9_bsl_tight;s6x1
300158.SZ,20240226,EVENT,-0.1687,5.35,3.435,0.528,s1v2_CHoCH↓;s17;s6x3
300836.SZ,20240226,EVENT,23.7028,19.549,7.582,1.2,s6x3
301047.SZ,20240226,EVENT,2.1011,65.292,46.586,0.66,s17;s8_sweep_bear
301130.SZ,20240226,EVENT,11.0648,27.959,13.678,1.2,s6x3
301336.SZ,20240226,EVENT,0.0304,34.856,15.153,1.2,s6x3
600080.SH,20240226,EVENT,6.5151,7.742,4.261,1.0,none
603039.SH,20240226,EVENT,0.6603,38.911,22.637,0.6,s15;s6x3
603811.SH,20240226,EVENT,4.599,7.057,3.407,0.6,s15;s6x3
688138.SH,20240226,EVENT,7.7474,22.462,10.823,1.32,s17;s6x3
688143.SH,20240226,EVENT,11.9548,33.08,13.252,1.32,s17;s6x3
688170.SH,20240226,EVENT,1.2853,35.611,18.617,1.2,s6x3
688291.SH,20240226,EVENT,5.9714,28.207,12.853,1.32,s17;s6x3
688321.SH,20240226,EVENT,0.131,22.112,11.858,1.2,s6x3
688362.SH,20240226,EVENT,8.0448,25.01,14.093,1.1,s17
688581.SH,20240226,EVENT,0.3716,88.506,36.912,0.48,s1v2_CHoCH↓;s6x3
688628.SH,20240226,EVENT,5.6719,34.525,21.488,0.42,s15;s12_in_ote;s6x3
688662.SH,20240226,EVENT,5.4147,30.041,10.223,1.32,s17;s6x3
300685.SZ,20240227,EVENT,1.9431,19.896,13.008,1.1,s17
300845.SZ,20240227,EVENT,7.1802,9.978,3.513,1.32,s17;s6x3
301033.SZ,20240227,EVENT,5.1923,42.758,19.276,1.2,s6x3
301197.SZ,20240227,EVENT,2.9656,18.627,7.828,0.28,s1v2_CHoCH↓;s6x1
301370.SZ,20240227,EVENT,-0.133,16.119,9.836,0.42,s15;s12_in_ote;s6x3
600536.SH,20240227,EVENT,14.0578,39.42,22.285,0.0019,s1v2_CHoCH↑;s7v2_up;s18;s16;s23;s8_sweep_bear;s9_bsl_tight;s11_mss_bull_fresh
688244.SH,20240227,EVENT,13.1981,25.566,11.19,1.32,s17;s6x3
000534.SZ,20240228,EVENT,0.6083,12.341,8.096,1.32,s17;s6x3
001211.SZ,20240228,EVENT,-4.5765,25.23,10.757,1.32,s17;s6x3
002452.SZ,20240228,EVENT,13.3905,6.982,3.544,0.48,s1v2_CHoCH↓;s6x3
002683.SZ,20240228,EVENT,-0.1611,16.904,11.352,0.36,s15;s8_sweep_bear;s6x3
002910.SZ,20240228,EVENT,-3.283,11.25,5.314,1.2,s6x3
003019.SZ,20240228,EVENT,2.4559,20.797,11.938,0.6,s15;s6x3
300143.SZ,20240228,EVENT,-2.2423,7.052,4.776,0.3168,s1v2_CHoCH↓;s17;s8_sweep_bear;s6x3
300598.SZ,20240228,EVENT,12.5623,35.136,20.774,0.5,s15
300618.SZ,20240228,EVENT,-0.1888,24.41,16.596,0.792,s17;s8_sweep_bear;s6x3
300995.SZ,20240228,EVENT,0.407,21.267,7.589,1.2,s6x3
301279.SZ,20240228,EVENT,-5.0387,14.431,6.049,1.2,s6x3
600080.SH,20240228,EVENT,-7.2551,7.742,4.231,0.6,s15;s6x3
603296.SH,20240228,EVENT,8.8256,39.645,22.971,1.2,s6x3
603321.SH,20240228,EVENT,-2.8222,8.605,3.949,0.48,s1v2_CHoCH↓;s6x3
603879.SH,20240228,EVENT,29.8284,6.5,2.759,1.2,s6x3
605055.SH,20240228,EVENT,-1.5613,7.301,3.017,0.4,s1v2_CHoCH↓
605337.SH,20240228,EVENT,-5.0283,12.372,7.165,0.7,s6x1
688136.SH,20240228,EVENT,2.9106,22.495,9.588,0.4,s1v2_CHoCH↓
688247.SH,20240228,EVENT,-0.2197,11.023,5.854,1.32,s17;s6x3
688252.SH,20240228,EVENT,5.2589,20.373,8.744,1.1,s17
688429.SH,20240228,EVENT,1.5086,22.625,12.475,0.28,s1v2_CHoCH↓;s6x1
688528.SH,20240228,EVENT,0.355,11.47,4.442,0.48,s1v2_CHoCH↓;s6x3
688598.SH,20240228,EVENT,7.3245,48.444,23.379,1.0,none
002034.SZ,20240229,EVENT,4.3299,15.3,11.516,0.264,s1v2_CHoCH↓;s17;s8_sweep_bear
300321.SZ,20240229,EVENT,35.5769,19.729,7.499,1.1,s17
300349.SZ,20240229,EVENT,15.1231,11.991,6.834,1.32,s17;s6x3
300420.SZ,20240229,EVENT,13.4124,3.045,1.765,1.32,s17;s6x3
300708.SZ,20240229,EVENT,1.1964,7.014,4.809,0.0504,s1v2_CHoCH↑;s7v2_up;s19;s8_sweep_bear;s6x3
300776.SZ,20240229,EVENT,4.23,60.124,34.298,0.0294,s1v2_CHoCH↑;s7v2_up;s19;s8_sweep_bear;s9_bsl_tight
301006.SZ,20240229,EVENT,16.3501,17.055,7.992,1.32,s17;s6x3
301033.SZ,20240229,EVENT,15.2301,42.758,19.254,0.48,s1v2_CHoCH↓;s6x3
603339.SH,20240229,EVENT,11.2634,11.418,6.678,1.1,s17
603980.SH,20240229,EVENT,3.7341,4.905,2.39,0.308,s1v2_CHoCH↓;s17;s6x1
605069.SH,20240229,EVENT,15.7059,11.34,4.278,1.2,s6x3
605089.SH,20240229,EVENT,12.2268,35.854,20.432,1.0,none
688391.SH,20240229,EVENT,16.4086,33.915,15.561,1.2,s6x3
688623.SH,20240229,EVENT,3.6303,45.686,31.171,1.0,none
001217.SZ,20240201,EVENT,-8.863,19.69,10.157,0.0245,s1v2_CHoCH↑;s7v2_up;s19;s6x1;s14
300802.SZ,20240202,EVENT,-3.0691,17.379,13.989,0.396,s17;s5;s6x3;s14
600509.SH,20240202,EVENT,-6.0217,6.543,4.515,0.264,s1v2_CHoCH↓;s17;s6x3;s14
600718.SH,20240202,EVENT,-6.9002,9.02,6.983,0.36,s5;s6x3;s14
688767.SH,20240202,EVENT,-3.548,20.069,15.502,0.144,s1v2_CHoCH↓;s5;s6x3;s14
603061.SH,20240207,EVENT,-2.4651,67.317,43.648,0.288,s1v2_CHoCH↓;s5;s6x3
688069.SH,20240208,EVENT,3.8531,13.937,10.341,0.792,s17;s5;s6x3
000404.SZ,20240219,EVENT,16.6835,5.36,4.159,0.42,s15;s12_in_ote;s6x3
000862.SZ,20240219,EVENT,10.6181,6.28,5.412,0.21,s15;s5;s6x1
002713.SZ,20240219,EVENT,17.7953,4.788,3.478,0.35,s15;s6x1
300708.SZ,20240220,EVENT,-3.6576,8.54,4.773,0.4224,s1v2_CHoCH↓;s17;s10_in_ob;s6x3
301283.SZ,20240220,EVENT,-1.4885,20.651,16.048,0.792,s17;s5;s6x3
002271.SZ,20240221,EVENT,0.4844,18.45,14.268,0.28,s15;s10_in_ob;s6x1
002385.SZ,20240221,EVENT,0.5072,5.552,4.084,0.6,s15;s6x3
002431.SZ,20240221,EVENT,7.6298,2.62,1.625,0.7,s6x1
002879.SZ,20240221,EVENT,12.0619,16.06,9.145,1.32,s17;s6x3
002917.SZ,20240221,EVENT,9.1764,9.394,5.137,1.32,s17;s6x3
300014.SZ,20240221,EVENT,9.5657,40.525,28.136,1.32,s17;s6x3
300877.SZ,20240221,EVENT,3.968,17.332,8.501,1.2,s6x3
300915.SZ,20240221,EVENT,1.8181,22.682,13.437,0.7,s6x1
301003.SZ,20240221,EVENT,20.6918,22.187,10.659,1.2,s6x3
301026.SZ,20240221,EVENT,15.1348,14.494,7.622,0.7,s6x1
301092.SZ,20240221,EVENT,4.3511,25.593,14.011,1.0,none
301283.SZ,20240221,EVENT,0.8232,20.651,11.687,1.32,s17;s6x3
600261.SH,20240221,EVENT,5.2871,2.92,1.85,0.77,s17;s6x1
603687.SH,20240221,EVENT,6.6177,11.754,6.935,1.1,s17
688068.SH,20240221,EVENT,-0.5764,41.49,22.289,1.32,s17;s6x3
688581.SH,20240221,EVENT,0.0252,88.506,36.755,0.48,s1v2_CHoCH↓;s6x3
001222.SZ,20240222,EVENT,4.8291,16.2,8.437,1.1,s17
001296.SZ,20240222,EVENT,5.2472,23.88,14.489,0.44,s1v2_CHoCH↓;s17
002753.SZ,20240222,EVENT,3.3577,7.952,3.98,0.44,s1v2_CHoCH↓;s17
002917.SZ,20240222,EVENT,8.6279,9.394,5.137,1.32,s17;s6x3
300331.SZ,20240222,EVENT,12.9398,27.2,10.941,0.4,s1v2_CHoCH↓
300395.SZ,20240222,EVENT,5.312,42.051,20.541,1.32,s17;s6x3
300674.SZ,20240222,EVENT,7.4278,15.612,8.746,0.528,s1v2_CHoCH↓;s17;s6x3
300963.SZ,20240222,EVENT,10.2971,6.85,3.153,1.0,none
301110.SZ,20240222,EVENT,10.6461,20.72,9.49,1.1,s17
301222.SZ,20240222,EVENT,8.8702,21.039,9.489,1.0,none
301320.SZ,20240222,EVENT,16.2434,21.312,10.48,0.48,s1v2_CHoCH↓;s6x3
600382.SH,20240222,EVENT,0.3376,4.8,3.404,1.32,s17;s6x3
601615.SH,20240222,EVENT,7.3762,11.838,6.801,1.0,none
603700.SH,20240222,EVENT,5.4563,13.933,7.173,1.2,s6x3
688068.SH,20240222,EVENT,-1.1236,41.49,22.279,1.32,s17;s6x3
688286.SH,20240222,EVENT,13.9311,51.898,18.705,0.4,s1v2_CHoCH↓
688718.SH,20240222,EVENT,11.8661,14.42,7.151,1.32,s17;s6x3
001202.SZ,20240223,EVENT,2.4263,18.24,8.649,1.2,s6x3
001360.SZ,20240223,EVENT,7.0194,18.22,9.486,1.0,none
002420.SZ,20240223,EVENT,4.775,6.36,2.616,1.32,s17;s6x3
002494.SZ,20240223,EVENT,7.5012,5.87,2.359,0.308,s1v2_CHoCH↓;s17;s6x1
002836.SZ,20240223,EVENT,6.0747,8.625,3.188,1.2,s6x3
002879.SZ,20240223,EVENT,15.3117,16.06,9.151,1.32,s17;s6x3
300068.SZ,20240223,EVENT,13.7601,14.076,8.543,1.2,s6x3
300132.SZ,20240223,EVENT,5.4219,5.33,2.448,0.48,s1v2_CHoCH↓;s6x3
300440.SZ,20240223,EVENT,8.2425,7.083,3.435,1.32,s17;s6x3
300828.SZ,20240223,EVENT,18.089,15.394,6.141,1.2,s6x3
301003.SZ,20240223,EVENT,13.8434,22.187,10.684,1.2,s6x3
301012.SZ,20240223,EVENT,23.948,18.026,6.572,0.48,s1v2_CHoCH↓;s6x3
600094.SH,20240223,EVENT,3.5181,3.132,2.158,0.5,s15
603517.SH,20240223,EVENT,0.0623,24.31,15.978,1.2,s6x3
603928.SH,20240223,EVENT,7.609,7.526,3.622,1.2,s6x3
688037.SH,20240223,EVENT,15.1388,95.171,50.943,1.32,s17;s6x3
688232.SH,20240223,EVENT,2.0165,36.133,16.653,0.528,s1v2_CHoCH↓;s17;s6x3
688486.SH,20240223,EVENT,14.1398,43.276,20.315,1.32,s17;s6x3
688571.SH,20240223,EVENT,4.5145,7.027,3.498,1.2,s6x3
001211.SZ,20240226,EVENT,-1.3711,25.23,10.75,1.1,s17
002117.SZ,20240226,EVENT,-2.9466,8.63,5.181,0.6,s15;s6x3
002391.SZ,20240226,EVENT,0.8131,5.932,3.789,1.2,s6x3
300776.SZ,20240226,EVENT,3.9082,60.124,34.16,0.7,s6x1
301149.SZ,20240226,EVENT,4.9678,9.415,5.172,1.0,none
603281.SH,20240226,EVENT,0.1501,17.908,11.651,0.4,s1v2_CHoCH↓
603551.SH,20240226,EVENT,-0.3729,10.32,7.396,0.5,s15
688193.SH,20240226,EVENT,-3.6548,45.277,19.587,1.2,s6x3
688217.SH,20240226,EVENT,-4.0707,36.182,18.112,1.1,s17
688517.SH,20240226,EVENT,9.9961,14.762,6.016,1.2,s6x3
300296.SZ,20240227,EVENT,-0.7248,5.42,3.712,0.35,s15;s6x1
301187.SZ,20240227,EVENT,7.1076,15.48,6.259,1.32,s17;s6x3
301233.SZ,20240227,EVENT,15.2903,31.705,14.497,1.2,s6x3
002272.SZ,20240228,EVENT,34.0269,7.2,3.134,1.0,none
002753.SZ,20240228,EVENT,-3.7659,7.952,3.988,0.528,s1v2_CHoCH↓;s17;s6x3
300339.SZ,20240228,EVENT,6.9058,25.751,16.31,0.5,s15
300441.SZ,20240228,EVENT,10.9797,6.645,3.486,0.44,s1v2_CHoCH↓;s17
300768.SZ,20240228,EVENT,-0.466,14.593,8.109,0.6,s15;s6x3
300947.SZ,20240228,EVENT,-5.3216,16.15,7.033,1.2,s6x3
301063.SZ,20240228,EVENT,-0.2086,22.182,9.558,1.2,s6x3
301156.SZ,20240228,EVENT,-3.2393,10.789,4.404,0.308,s1v2_CHoCH↓;s17;s6x1
600865.SH,20240228,EVENT,-4.1921,8.5,4.636,1.0,none
603818.SH,20240228,EVENT,-4.8542,5.32,2.614,1.0,none
605169.SH,20240228,EVENT,-2.101,11.096,5.341,0.48,s1v2_CHoCH↓;s6x3
688381.SH,20240228,EVENT,1.8496,26.12,12.52,0.6,s15;s6x3
688391.SH,20240228,EVENT,8.4521,33.915,15.585,1.2,s6x3
688543.SH,20240228,EVENT,0.337,29.576,17.223,1.2,s6x3
601666_SH.SH,20240229,CONT,-8.6288,,,0.0252,s1v2_CHoCH↑;s7v2_up;s18;s16;s5
600031.SH,20240202,EVENT,4.2981,12.715,11.435,0.175,s4;s6x1;s14
301305.SZ,20240301,EVENT,3.2959,17.781,10.838,0.42,s15;s6x3;s13
001255.SZ,20240301,EVENT,9.4733,35.45,17.758,0.28,s1v2_CHoCH↓;s6x1
603005.SH,20240301,EVENT,0.0221,19.75,12.667,0.56,s10_in_ob;s13
603399.SH,20240301,EVENT,-1.8839,10.3,4.957,0.84,s6x3;s13
000576.SZ,20240306,EVENT,6.5995,8.2,4.745,0.245,s15;s12_in_ote;s13
603119.SH,20240301,EVENT,-0.3209,14.277,10.216,0.0588,s1v2_CHoCH↑;s7v2_up;s19;s9_bsl_tight;s6x3
688558.SH,20240301,EVENT,0.9067,26.843,13.38,0.56,s10_in_ob;s13
688651.SH,20240301,EVENT,9.1074,34.761,15.083,1.056,s17;s10_in_ob;s6x3
300684.SZ,20240304,EVENT,0.9409,20.166,7.877,0.0015,s1v2_CHoCH↑;s7v2_up;s18;s16;s23;s9_bsl_tight;s11_mss_bull_fresh;s6x1;s13
603399.SH,20240304,EVENT,0.4804,10.3,4.941,1.2,s6x3
688320.SH,20240304,EVENT,1.726,45.14,19.622,0.96,s10_in_ob;s6x3
300684.SZ,20240307,EVENT,-2.352,20.166,11.184,0.0206,s1v2_CHoCH↑;s7v2_up;s18;s16;s9_bsl_tight;s13
000576.SZ,20240308,EVENT,10.884,8.2,6.385,0.7392,s17;s10_in_ob;s6x3;s13
001283.SZ,20240301,EVENT,16.4028,55.58,25.449,0.48,s1v2_CHoCH↓;s6x3
002420.SZ,20240301,EVENT,8.3298,6.36,2.605,1.32,s17;s6x3
002671.SZ,20240301,EVENT,7.9373,6.38,2.735,0.88,s17;s10_in_ob
002836.SZ,20240301,EVENT,12.216,8.625,3.188,0.84,s6x3;s13
002937.SZ,20240301,EVENT,6.4823,26.192,14.217,0.44,s1v2_CHoCH↓;s17
300097.SZ,20240301,EVENT,0.9043,9.54,4.381,0.56,s10_in_ob;s13
300656.SZ,20240301,EVENT,2.6651,24.59,15.061,0.48,s15;s10_in_ob;s6x3
301092.SZ,20240301,EVENT,6.4621,25.593,13.958,1.32,s17;s6x3
301233.SZ,20240301,EVENT,21.3333,31.705,14.456,1.2,s6x3
601089.SH,20240301,EVENT,6.2709,14.233,10.304,0.0032,s1v2_CHoCH↑;s7v2_up;s18;s16;s23;s8_sweep_bear;s9_bsl_tight;s6x3
603626.SH,20240301,EVENT,7.5291,9.27,3.848,0.4224,s1v2_CHoCH↓;s17;s10_in_ob;s6x3
605300.SH,20240301,EVENT,4.7884,15.974,9.66,0.5,s15
688056.SH,20240301,EVENT,10.5807,30.616,15.05,1.1,s17
688058.SH,20240301,EVENT,11.7626,34.536,17.19,0.6,s15;s6x3
688079.SH,20240301,EVENT,5.883,14.08,5.31,0.2464,s1v2_CHoCH↓;s17;s10_in_ob;s6x1
688252.SH,20240301,EVENT,8.9111,20.373,8.707,1.32,s17;s6x3
688315.SH,20240301,EVENT,6.1865,23.421,11.332,0.0504,s1v2_CHoCH↑;s7v2_up;s19;s8_sweep_bear;s6x3
688362.SH,20240301,EVENT,4.2913,25.01,14.029,1.056,s17;s10_in_ob;s6x3
688478.SH,20240301,EVENT,-0.5,52.244,22.317,0.48,s1v2_CHoCH↓;s6x3
002846.SZ,20240304,EVENT,15.8777,10.651,4.893,1.056,s17;s10_in_ob;s6x3
300538.SZ,20240304,EVENT,3.8013,20.39,8.675,0.224,s1v2_CHoCH↓;s10_in_ob;s13
301225.SZ,20240304,EVENT,2.3239,26.178,12.018,0.0659,s1v2_CHoCH↑;s7v2_up;s9_bsl_tight;s10_in_ob;s11_mss_bull_fresh;s6x3;s13
600212.SH,20240304,EVENT,6.1177,7.4,4.113,0.0037,s1v2_CHoCH↑;s7v2_up;s18;s16;s23;s9_bsl_tight;s6x3;s13
603222.SH,20240304,EVENT,5.234,7.83,4.486,0.56,s10_in_ob;s6x1
688429.SH,20240304,EVENT,4.6685,22.625,12.49,0.4,s1v2_CHoCH↓
300250.SZ,20240305,EVENT,0.5238,17.16,9.723,0.77,s17;s13
300825.SZ,20240305,EVENT,4.9274,12.17,6.325,0.8,s10_in_ob
301115.SZ,20240305,EVENT,2.7059,18.04,13.199,0.48,s15;s10_in_ob;s6x3
688426.SH,20240306,EVENT,3.6674,32.38,13.03,0.48,s15;s10_in_ob;s6x3
300881.SZ,20240307,EVENT,0.8668,22.056,15.705,0.528,s17;s8_sweep_bear;s10_in_ob
688522.SH,20240307,EVENT,28.5373,18.742,11.789,0.0123,s1v2_CHoCH↑;s7v2_up;s18;s16;s8_sweep_bear;s9_bsl_tight;s6x1
605122.SH,20240311,EVENT,5.1876,15.227,9.801,0.7,s6x1
688231.SH,20240321,EVENT,0.488,14.178,10.937,0.88,s17;s10_in_ob
002760.SZ,20240301,EVENT,10.3669,23.352,10.024,0.77,s17;s6x1
003003.SZ,20240301,EVENT,13.313,11.326,5.215,0.77,s17;s6x1
300250.SZ,20240301,EVENT,2.0443,17.16,9.692,0.616,s17;s10_in_ob;s6x1
300447.SZ,20240301,EVENT,9.0987,14.535,7.409,0.48,s15;s10_in_ob;s6x3
300563.SZ,20240301,EVENT,13.7841,15.392,6.591,0.96,s10_in_ob;s6x3
300884.SZ,20240301,EVENT,5.7137,13.508,6.073,1.056,s17;s10_in_ob;s6x3
301197.SZ,20240301,EVENT,9.8624,18.627,7.8,0.8,s10_in_ob
301323.SZ,20240301,EVENT,13.029,34.948,18.241,1.056,s17;s10_in_ob;s6x3
600543.SH,20240301,EVENT,12.4817,6.2,3.731,0.528,s1v2_CHoCH↓;s17;s6x3
600843.SH,20240301,EVENT,33.5376,6.021,3.261,1.1,s17
605018.SH,20240301,EVENT,9.4714,14.206,5.521,1.056,s17;s10_in_ob;s6x3
688217.SH,20240301,EVENT,6.5217,36.182,17.988,1.32,s17;s6x3
688603.SH,20240301,EVENT,-1.5692,38.523,12.758,0.528,s1v2_CHoCH↓;s17;s6x3
688616.SH,20240301,EVENT,11.1147,10.838,4.322,0.48,s1v2_CHoCH↓;s6x3
002058.SZ,20240304,EVENT,0.7818,14.2,6.958,0.42,s15;s12_in_ote;s6x3
002162.SZ,20240304,EVENT,-0.5818,5.28,2.894,0.245,s15;s6x1;s13
300214.SZ,20240304,EVENT,12.5565,6.431,3.821,1.32,s17;s6x3
300629.SZ,20240304,EVENT,8.1391,21.972,11.954,0.48,s15;s10_in_ob;s6x3
301228.SZ,20240304,EVENT,8.7277,16.99,6.286,0.88,s17;s10_in_ob
301300.SZ,20240304,EVENT,12.6802,29.324,11.385,1.2,s6x3
301335.SZ,20240304,EVENT,6.6944,21.068,12.051,0.96,s10_in_ob;s6x3
603219.SH,20240304,EVENT,15.8664,16.452,6.914,1.056,s17;s10_in_ob;s6x3
603980.SH,20240304,EVENT,3.3618,4.905,2.379,0.44,s1v2_CHoCH↓;s17
688037.SH,20240304,EVENT,0.6184,95.171,50.33,0.48,s15;s10_in_ob;s6x3
688123.SH,20240304,EVENT,14.0077,66.36,30.69,1.2,s6x3
688229.SH,20240304,EVENT,3.4602,48.58,18.284,0.4224,s1v2_CHoCH↓;s17;s10_in_ob;s6x3
300970.SZ,20240305,EVENT,9.4967,12.821,6.25,0.8,s10_in_ob
301009.SZ,20240305,EVENT,6.8719,11.17,6.261,0.56,s10_in_ob;s6x1
301181.SZ,20240305,EVENT,9.7201,16.877,9.187,0.616,s17;s10_in_ob;s6x1
301197.SZ,20240305,EVENT,12.0026,18.627,7.851,1.2,s6x3
301369.SZ,20240305,EVENT,10.5234,39.758,18.353,0.88,s17;s10_in_ob
001296.SZ,20240306,EVENT,11.1376,23.88,14.682,0.528,s1v2_CHoCH↓;s17;s6x3
600173.SH,20240306,EVENT,11.7916,4.901,3.531,0.792,s17;s5;s6x3
688120.SH,20240306,EVENT,-1.0301,63.386,54.921,0.084,s1v2_CHoCH↑;s7v2_up;s8_sweep_bear;s9_bsl_tight
688558.SH,20240306,EVENT,3.1292,26.843,13.361,0.96,s10_in_ob;s6x3
002846.SZ,20240307,EVENT,25.3099,9.171,6.533,1.32,s17;s6x3
301125.SZ,20240307,EVENT,2.1432,8.597,5.606,0.6,s15;s6x3
603818.SH,20240307,EVENT,-2.1911,4.96,3.56,0.96,s10_in_ob;s6x3
688291.SH,20240307,EVENT,8.4704,23.057,17.839,1.056,s17;s10_in_ob;s6x3
001255.SZ,20240308,EVENT,1.7471,31.49,21.406,0.32,s1v2_CHoCH↓;s10_in_ob
002769.SZ,20240308,EVENT,11.4043,6.534,5.27,1.2,s6x3
003017.SZ,20240308,EVENT,8.7436,17.039,11.929,1.32,s17;s6x3
300819.SZ,20240308,EVENT,8.7034,13.665,9.244,0.7,s6x1
603116.SH,20240308,EVENT,5.0835,6.588,3.833,1.2,s6x3
003004.SZ,20240311,EVENT,14.7783,25.722,16.475,0.0247,s1v2_CHoCH↑;s7v2_up;s18;s16;s9_bsl_tight;s11_mss_bull_fresh;s6x3
300970.SZ,20240311,EVENT,6.4711,11.654,8.151,1.2,s6x3
603811.SH,20240311,EVENT,-1.5284,5.679,4.81,1.32,s17;s6x3
002820.SZ,20240312,EVENT,3.7275,10.144,7.421,0.96,s10_in_ob;s6x3
688433.SH,20240313,EVENT,27.3555,30.474,20.229,1.2,s6x3
688173.SH,20240315,EVENT,-3.427,17.6,10.402,1.32,s17;s6x3
002811.SZ,20240301,EVENT,18.7486,9.026,3.24,1.2,s6x3
300605.SZ,20240301,EVENT,9.6561,15.39,6.37,0.56,s10_in_ob;s6x1
300686.SZ,20240301,EVENT,24.0795,10.71,3.767,0.96,s10_in_ob;s6x3
300691.SZ,20240301,EVENT,5.783,23.97,11.599,0.2464,s1v2_CHoCH↓;s17;s10_in_ob;s6x1
300902.SZ,20240301,EVENT,9.4546,23.77,12.871,1.0,none
301486.SZ,20240301,EVENT,16.3549,48.346,22.924,0.96,s10_in_ob;s6x3
600067.SH,20240301,EVENT,2.9324,2.405,1.231,1.2,s6x3
600080.SH,20240301,EVENT,-2.1082,7.742,4.22,0.6,s15;s6x3
600183.SH,20240301,EVENT,0.5686,16.15,10.459,0.1725,s1v2_CHoCH↓;s17;s9_bsl_tight;s10_in_ob;s6x1
603217.SH,20240301,EVENT,6.7864,21.979,9.784,0.32,s1v2_CHoCH↓;s10_in_ob
603321.SH,20240301,EVENT,8.5213,8.605,3.945,0.384,s1v2_CHoCH↓;s10_in_ob;s6x3
688123.SH,20240301,EVENT,21.0033,66.36,30.712,0.96,s10_in_ob;s6x3
688528.SH,20240301,EVENT,14.3556,11.47,4.438,0.384,s1v2_CHoCH↓;s10_in_ob;s6x3
001222.SZ,20240304,EVENT,3.9574,16.2,8.488,1.32,s17;s6x3
001259.SZ,20240304,EVENT,-7.9951,33.18,20.605,0.084,s1v2_CHoCH↓;s20;s15;s6x3
002452.SZ,20240304,EVENT,10.9025,6.982,3.537,0.48,s1v2_CHoCH↓;s6x3
002821.SZ,20240304,EVENT,-4.6211,114.447,74.068,1.32,s17;s6x3
300132.SZ,20240304,EVENT,7.223,5.33,2.435,0.384,s1v2_CHoCH↓;s10_in_ob;s6x3
300259.SZ,20240304,EVENT,5.3973,3.467,1.983,0.48,s15;s10_in_ob;s6x3
300658.SZ,20240304,EVENT,7.6347,8.008,3.188,0.4224,s1v2_CHoCH↓;s17;s10_in_ob;s6x3
300836.SZ,20240304,EVENT,20.191,16.537,7.433,1.2,s6x3
300877.SZ,20240304,EVENT,12.0064,17.332,8.508,1.2,s6x3
301115.SZ,20240304,EVENT,3.0308,18.04,13.17,0.48,s15;s10_in_ob;s6x3
301156.SZ,20240304,EVENT,11.599,10.789,4.391,0.44,s1v2_CHoCH↓;s17
301176.SZ,20240304,EVENT,9.4159,17.0,6.846,0.96,s10_in_ob;s6x3
301190.SZ,20240304,EVENT,5.8067,17.087,12.334,0.792,s17;s8_sweep_bear;s6x3
301321.SZ,20240304,EVENT,5.0753,19.58,7.932,0.48,s1v2_CHoCH↓;s6x3
600080.SH,20240304,EVENT,-0.3648,7.742,4.219,1.32,s17;s6x3
600543.SH,20240304,EVENT,13.0732,6.2,3.731,0.4224,s1v2_CHoCH↓;s17;s10_in_ob;s6x3
603116.SH,20240304,EVENT,8.3871,6.588,3.116,1.0,none
603321.SH,20240304,EVENT,8.9189,8.605,3.949,0.384,s1v2_CHoCH↓;s10_in_ob;s6x3
603726.SH,20240304,EVENT,6.4765,13.805,6.192,0.96,s10_in_ob;s6x3
603879.SH,20240304,EVENT,41.9374,6.5,2.745,0.96,s10_in_ob;s6x3
605388.SH,20240304,EVENT,4.8757,8.508,4.617,1.2,s6x3
688129.SH,20240304,EVENT,8.7325,16.462,8.198,0.528,s1v2_CHoCH↓;s17;s6x3
688420.SH,20240304,EVENT,2.8441,26.104,16.804,0.42,s15;s12_in_ote;s6x3
688519.SH,20240304,EVENT,24.6398,25.582,10.099,1.32,s17;s6x3
300132.SZ,20240305,EVENT,10.7157,5.33,2.446,0.48,s1v2_CHoCH↓;s6x3
300005.SZ,20240306,EVENT,13.1121,5.606,3.333,1.32,s17;s6x3
688455.SH,20240306,EVENT,7.7009,11.45,7.018,1.2,s6x3
301130.SZ,20240307,EVENT,7.4225,27.959,18.05,1.2,s6x3
603655.SH,20240307,EVENT,11.8046,18.37,12.992,0.28,s1v2_CHoCH↓;s6x1
002820.SZ,20240311,EVENT,8.3951,10.144,7.415,0.48,s1v2_CHoCH↓;s6x3
601089.SH,20240311,EVENT,1.9973,13.643,10.454,0.0806,s1v2_CHoCH↑;s7v2_up;s8_sweep_bear;s9_bsl_tight;s10_in_ob;s6x3
688528.SH,20240311,EVENT,6.0609,10.18,6.431,0.384,s1v2_CHoCH↓;s10_in_ob;s6x3
001231.SZ,20240312,EVENT,5.2152,20.08,13.345,0.8,s10_in_ob
300885.SZ,20240312,EVENT,-3.1571,8.909,6.379,0.96,s10_in_ob;s6x3
301126.SZ,20240312,EVENT,2.7391,11.986,8.017,0.56,s10_in_ob;s6x1
301148.SZ,20240312,EVENT,11.7574,19.503,13.558,0.8,s10_in_ob
301313.SZ,20240320,EVENT,0.4828,33.751,25.128,0.3696,s1v2_CHoCH↓;s17;s9_bsl_tight;s6x3
300819.SZ,20240325,EVENT,5.0346,12.125,9.588,0.72,s8_sweep_bear;s6x3
688515.SH,20240328,EVENT,-17.5801,97.37,57.301,0.0206,s1v2_CHoCH↑;s7v2_up;s18;s16;s9_bsl_tight;s12_in_ote
301166.SZ,20240329,EVENT,-3.365,34.209,27.805,0.66,s17;s5
600160_SH.SH,20240301,CONT,3.1197,,,0.0252,s1v2_CHoCH↑;s7v2_up;s18;s16;s5
601666_SH.SH,20240304,CONT,-17.5077,,,0.0252,s1v2_CHoCH↑;s7v2_up;s18;s16;s5
600707_SH.SH,20240311,CONT,-1.3236,,,0.0038,s1v2_CHoCH↑;s7v2_up;s18;s16;s23;s5
605196_SH.SH,20240314,CONT,14.3829,,,0.0252,s1v2_CHoCH↑;s7v2_up;s18;s16;s5
300274_SZ.SZ,20240318,CONT,4.068,,,0.12,s1v2_CHoCH↑;s7v2_up;s5
600233_SH.SH,20240321,CONT,2.9572,,,0.18,s7v2_up;s16;s5
002496_SZ.SZ,20240329,CONT,0.6889,,,0.0252,s1v2_CHoCH↑;s7v2_up;s18;s16;s5
603219.SH,20240301,EVENT,24.3229,16.452,6.903,0.528,s17;s10_in_ob;s4;s6x3
300124.SZ,20240304,EVENT,1.7638,63.621,57.034,0.175,s24_eqh_target;s15;s9_bsl_tight;s4
688072.SH,20240322,EVENT,-1.544,146.235,131.732,0.042,s1v2_CHoCH↑;s7v2_up;s8_sweep_bear;s9_bsl_tight;s4
601689.SH,20240325,EVENT,0.396,42.49,34.966,0.0294,s1v2_CHoCH↑;s7v2_up;s8_sweep_bear;s9_bsl_tight;s4;s6x1
688282.SH,20240325,EVENT,-17.5726,29.46,20.623,0.0141,s1v2_CHoCH↑;s7v2_up;s18;s16;s9_bsl_tight;s10_in_ob;s4;s6x3
688165.SH,20240329,EVENT,-17.8902,10.87,8.222,0.084,s7v2_up;s8_sweep_bear;s9_bsl_tight;s10_in_ob;s4
301041.SZ,20240412,EVENT,-3.2129,31.574,21.277,0.3168,s1v2_CHoCH↓;s17;s5;s6x3
688433.SH,20240415,EVENT,-4.8695,31.784,22.043,0.0504,s1v2_CHoCH↑;s7v2_up;s19;s5;s6x3
002726.SZ,20240417,EVENT,-6.553,7.49,6.566,0.098,s1v2_CHoCH↑;s7v2_up;s9_bsl_tight;s6x1
300759.SZ,20240430,EVENT,11.9649,25.201,16.9,0.77,s17;s6x1
688550.SH,20240408,EVENT,-2.9917,28.73,25.425,0.1728,s1v2_CHoCH↓;s8_sweep_bear;s5;s6x3
301156.SZ,20240410,EVENT,-14.4973,9.086,7.609,0.0564,s1v2_CHoCH↑;s7v2_up;s8_sweep_bear;s9_bsl_tight;s10_in_ob;s6x3;s13
001209.SZ,20240412,EVENT,-4.5809,15.88,14.159,0.0672,s1v2_CHoCH↑;s7v2_up;s8_sweep_bear;s9_bsl_tight;s10_in_ob
600400.SH,20240417,EVENT,11.4839,2.91,2.3,0.042,s1v2_CHoCH↑;s7v2_up;s19;s5
301429.SZ,20240419,EVENT,2.3244,14.987,12.863,0.3,s15;s8_sweep_bear
300470.SZ,20240426,EVENT,3.8176,32.993,27.067,0.35,s15;s13
688580.SH,20240430,EVENT,0.9471,37.78,27.248,0.392,s10_in_ob;s6x1;s13
002782.SZ,20240408,EVENT,-5.3465,11.962,9.882,0.1848,s1v2_CHoCH↓;s17;s5;s6x1
301246.SZ,20240409,EVENT,-4.2764,22.751,16.552,0.48,s10_in_ob;s5
300875.SZ,20240410,EVENT,-9.8062,36.0,25.484,0.144,s7v2_up;s21;s8_sweep_bear;s6x3
301533.SZ,20240410,EVENT,3.0914,31.639,26.533,0.0672,s1v2_CHoCH↓;s20;s15;s10_in_ob;s6x3
688472.SH,20240410,EVENT,-1.4617,14.253,11.482,0.792,s17;s5;s6x3
301227.SZ,20240411,EVENT,-9.0657,19.846,17.699,0.1176,s7v2_up;s21;s9_bsl_tight;s6x3;s13
603980.SH,20240411,EVENT,-0.1829,3.945,3.148,0.1008,s1v2_CHoCH↑;s7v2_up;s8_sweep_bear;s9_bsl_tight;s6x3
300481.SZ,20240412,EVENT,7.172,14.426,11.072,0.0206,s1v2_CHoCH↑;s7v2_up;s19;s8_sweep_bear;s12_in_ote;s6x1
300801.SZ,20240416,EVENT,-6.1549,15.345,12.541,0.0588,s1v2_CHoCH↑;s7v2_up;s19;s9_bsl_tight;s6x3
000795.SZ,20240418,EVENT,6.3858,5.839,4.902,0.112,s7v2_up;s21;s9_bsl_tight;s10_in_ob
301130.SZ,20240418,EVENT,6.7722,24.349,21.913,0.0353,s1v2_CHoCH↓;s20;s15;s9_bsl_tight;s5;s6x3
301335.SZ,20240418,EVENT,-4.8306,18.528,16.683,0.2661,s17;s8_sweep_bear;s9_bsl_tight;s10_in_ob;s5;s6x3
603755.SH,20240418,EVENT,10.7912,23.457,18.774,0.0504,s1v2_CHoCH↓;s20;s15;s8_sweep_bear;s6x3
301263.SZ,20240424,EVENT,3.2607,11.085,9.731,0.77,s17;s6x1
300102.SZ,20240425,EVENT,-0.3998,7.356,5.769,0.48,s1v2_CHoCH↓;s6x3
301171.SZ,20240426,EVENT,1.0451,17.094,10.664,0.28,s1v2_CHoCH↓;s6x1
300158.SZ,20240430,EVENT,2.8127,5.33,3.852,0.528,s1v2_CHoCH↓;s17;s6x3
000960_SZ.SZ,20240416,CONT,-5.9714,,,0.045,s7v2_up;s22;s5
000425_SZ.SZ,20240418,CONT,0.6075,,,0.3,s7v2_up;s5
603233.SH,20240403,EVENT,-0.9661,25.34,19.399,0.33,s17;s4;s5
688183.SH,20240403,EVENT,2.6642,9.564,7.261,0.042,s7v2_up;s21;s8_sweep_bear;s12_in_ote;s4
301021.SZ,20240408,EVENT,-9.3871,22.311,16.279,0.0294,s1v2_CHoCH↑;s7v2_up;s19;s12_in_ote;s4;s6x3
301095.SZ,20240412,EVENT,-3.4157,60.817,48.515,0.231,s17;s4;s5;s6x1
002932.SZ,20240418,EVENT,4.3182,21.151,17.644,0.049,s1v2_CHoCH↑;s7v2_up;s9_bsl_tight;s12_in_ote;s4
688371.SH,20240418,EVENT,-2.9182,13.571,10.042,0.264,s17;s10_in_ob;s4;s5
300080.SZ,20240430,EVENT,-5.0194,4.54,3.569,0.175,s15;s4;s6x1
300786.SZ,20240430,EVENT,1.4576,14.9,9.083,0.528,s17;s10_in_ob;s4;s6x3
002426.SZ,20240507,EVENT,2.3564,2.03,1.362,0.049,s1v2_CHoCH↓;s20;s15;s6x1
688202.SH,20240509,EVENT,-19.3939,51.18,30.444,0.024,s1v2_CHoCH↓;s20;s15;s12_in_ote;s6x1;s13
688502.SH,20240516,EVENT,2.6965,96.463,80.035,0.392,s10_in_ob;s6x1;s13
600666.SH,20240524,EVENT,-6.1923,1.66,1.343,0.1372,s15;s10_in_ob;s12_in_ote;s6x1;s13
000757.SZ,20240506,EVENT,-3.424,3.84,2.572,0.2587,s17;s8_sweep_bear;s9_bsl_tight;s10_in_ob;s6x1
002602.SZ,20240506,EVENT,-14.9458,5.33,4.006,0.196,s15;s10_in_ob;s6x1;s13
600530.SH,20240520,EVENT,5.1973,2.448,1.821,0.0144,s1v2_CHoCH↑;s7v2_up;s18;s16;s9_bsl_tight;s11_mss_bull_fresh;s6x1
301428.SZ,20240530,EVENT,4.4456,27.602,23.715,0.0672,s1v2_CHoCH↑;s7v2_up;s19;s10_in_ob;s6x3
002583.SZ,20240506,EVENT,-1.3239,4.98,3.438,0.3773,s17;s9_bsl_tight;s11_mss_bull_fresh;s6x1
300700.SZ,20240506,EVENT,0.1166,9.916,6.774,0.4224,s1v2_CHoCH↓;s17;s10_in_ob;s6x3
001267.SZ,20240508,EVENT,8.6069,4.36,3.272,0.77,s17;s6x1
300138.SZ,20240510,EVENT,-9.5868,12.62,8.747,0.4,s1v2_CHoCH↓
300759.SZ,20240510,EVENT,0.6372,25.201,16.898,1.1,s17
688084.SH,20240517,EVENT,19.6201,51.702,38.612,0.7,s12_in_ote
002289.SZ,20240520,EVENT,0.6579,5.52,3.28,0.28,s15;s10_in_ob;s6x1
300143.SZ,20240506,EVENT,0.4139,7.006,5.415,0.6,s15;s6x3
300335.SZ,20240507,EVENT,7.4642,4.51,3.488,0.0274,s1v2_CHoCH↓;s20;s15;s9_bsl_tight;s10_in_ob;s6x1
301313.SZ,20240508,EVENT,-0.1965,33.051,20.712,0.48,s15;s10_in_ob;s6x3
600778.SH,20240508,EVENT,-0.9529,5.06,3.598,0.35,s15;s6x1
688184.SH,20240508,EVENT,-0.1891,18.46,15.41,0.8,s10_in_ob
600337.SH,20240509,EVENT,-4.7052,2.768,2.093,0.308,s1v2_CHoCH↓;s17;s6x1
000989.SZ,20240510,EVENT,-9.7704,8.94,7.303,1.32,s17;s6x3
688677.SH,20240510,EVENT,-9.8115,56.068,36.064,0.28,s1v2_CHoCH↓;s6x1
688677.SH,20240516,EVENT,-4.3788,56.068,36.204,0.4,s1v2_CHoCH↓
600183_SH.SH,20240513,CONT,3.1803,,,0.0252,s1v2_CHoCH↑;s7v2_up;s18;s16;s5
300910_SZ.SZ,20240514,CONT,-6.9431,,,0.0252,s1v2_CHoCH↑;s7v2_up;s18;s16;s5
601113_SH.SH,20240514,CONT,-8.513,,,0.18,s7v2_up;s16;s5
300702_SZ.SZ,20240515,CONT,-6.9211,,,0.12,s1v2_CHoCH↑;s7v2_up;s5
002155_SZ.SZ,20240516,CONT,8.2538,,,0.045,s7v2_up;s22;s5
002481_SZ.SZ,20240516,CONT,-8.3836,,,0.0038,s1v2_CHoCH↑;s7v2_up;s18;s16;s23;s5
603228_SH.SH,20240516,CONT,-3.3622,,,0.0252,s1v2_CHoCH↑;s7v2_up;s18;s16;s5
000791_SZ.SZ,20240520,CONT,-8.8402,,,0.18,s7v2_up;s16;s5
002569_SZ.SZ,20240520,CONT,-3.7294,,,0.042,s1v2_CHoCH↓;s20;s15;s5
603320_SH.SH,20240520,CONT,-2.1048,,,0.042,s1v2_CHoCH↓;s20;s15;s5
603507_SH.SH,20240520,CONT,0.9066,,,0.0252,s1v2_CHoCH↑;s7v2_up;s18;s16;s5
601825_SH.SH,20240522,CONT,-11.4053,,,0.12,s1v2_CHoCH↑;s7v2_up;s5
000607.SZ,20240507,EVENT,-3.6919,4.581,3.524,0.1232,s1v2_CHoCH↓;s17;s10_in_ob;s4;s6x1
002488.SZ,20240507,EVENT,-5.8091,5.908,4.236,0.25,s15;s4
300575.SZ,20240507,EVENT,1.8669,6.31,5.262,0.098,s24_eqh_target;s15;s9_bsl_tight;s10_in_ob;s4;s6x1
300821.SZ,20240507,EVENT,1.4726,8.145,6.403,0.1225,s15;s9_bsl_tight;s4;s6x1
003016.SZ,20240508,EVENT,4.1841,7.415,5.554,0.0196,s1v2_CHoCH↓;s20;s15;s10_in_ob;s4;s6x1
301037.SZ,20240508,EVENT,-0.1372,11.243,7.368,0.0171,s1v2_CHoCH↓;s20;s15;s9_bsl_tight;s4;s6x1
600180.SH,20240508,EVENT,0.3775,5.132,4.153,0.1848,s17;s8_sweep_bear;s10_in_ob;s4;s6x1
688420.SH,20240508,EVENT,-3.3257,23.614,18.687,0.25,s15;s4
300903.SZ,20240509,EVENT,4.3457,8.45,5.347,0.66,s17;s4;s6x3
301057.SZ,20240509,EVENT,0.7247,12.988,9.199,0.0196,s1v2_CHoCH↓;s20;s15;s9_bsl_tight;s10_in_ob;s4
603153.SH,20240509,EVENT,-7.8974,19.819,14.86,0.0171,s1v2_CHoCH↓;s20;s15;s9_bsl_tight;s4;s6x1
301313.SZ,20240506,EVENT,0.403,33.051,19.081,0.48,s15;s10_in_ob;s6x3
600703.SH,20240507,EVENT,-0.4045,13.342,10.888,0.7,s6x1
002426.SZ,20240510,EVENT,1.3093,1.84,1.366,0.07,s1v2_CHoCH↓;s20;s15
601929.SH,20240606,EVENT,-12.5406,1.4,0.905,0.245,s6x1;s13;s14
605338.SH,20240617,EVENT,-9.6896,15.6,11.825,0.154,s1v2_CHoCH↓;s17;s13;s14
600653.SH,20240603,EVENT,4.6576,1.73,1.364,0.294,s15;s9_bsl_tight;s6x3;s13
301169.SZ,20240605,EVENT,-2.8396,35.68,26.917,0.231,s17;s5;s6x1;s14
002445.SZ,20240613,EVENT,-1.0907,2.05,1.758,0.1386,s17;s8_sweep_bear;s5;s6x1;s14
605151.SH,20240613,EVENT,-3.574,16.25,14.646,0.105,s15;s5;s13;s14
600022.SH,20240617,EVENT,0.2857,1.3,1.105,0.1617,s17;s8_sweep_bear;s6x1;s13;s14
002702.SZ,20240620,EVENT,-3.5921,4.44,3.355,0.2156,s17;s10_in_ob;s6x1;s13;s14
688455.SH,20240620,EVENT,-3.8374,9.31,7.168,0.42,s6x3;s13;s14
300019.SZ,20240621,EVENT,-7.8939,14.27,12.233,0.0171,s1v2_CHoCH↓;s20;s15;s6x1;s13;s14
600234.SH,20240613,EVENT,0.2997,2.58,1.905,0.35,s6x1;s14
002105.SZ,20240617,EVENT,4.133,5.14,3.836,0.2156,s17;s10_in_ob;s12_in_ote;s6x1;s14
600307.SH,20240617,EVENT,-0.2113,1.38,1.091,0.55,s17;s14
601005.SH,20240617,EVENT,-4.535,1.28,1.063,0.231,s17;s5;s13;s14
603333.SH,20240619,EVENT,-7.6647,4.16,2.885,0.35,s6x1;s14
002271.SZ,20240603,EVENT,-8.4132,18.0,12.28,0.539,s17;s12_in_ote;s6x1
688591.SH,20240606,EVENT,8.345,19.343,16.489,0.44,s17;s10_in_ob;s14
002367.SZ,20240614,EVENT,-2.7998,6.751,5.43,0.21,s5;s6x1;s14
688737.SH,20240614,EVENT,-8.0519,21.45,15.896,0.6,s6x3;s14
600130.SH,20240617,EVENT,-0.086,3.49,2.879,0.25,s15;s14
688576.SH,20240619,EVENT,-5.9309,47.897,36.963,0.2695,s17;s6x1;s13;s14
002203.SZ,20240620,EVENT,-5.2922,8.86,7.795,0.132,s1v2_CHoCH↓;s17;s5;s14
301115.SZ,20240604,EVENT,-2.738,16.89,14.937,0.0252,s1v2_CHoCH↓;s20;s15;s8_sweep_bear;s5
600576.SH,20240605,EVENT,-2.3336,5.87,4.997,0.33,s17;s5;s14
002132.SZ,20240614,EVENT,-3.0244,2.73,2.018,0.528,s17;s10_in_ob;s6x3;s14
301207.SZ,20240614,EVENT,-5.6631,21.356,15.354,0.6,s6x3;s14
600699.SH,20240614,EVENT,0.4238,17.627,14.341,0.132,s1v2_CHoCH↓;s17;s5;s14
601880.SH,20240614,EVENT,-1.4729,1.419,1.216,0.0672,s1v2_CHoCH↓;s10_in_ob;s5;s6x1;s14
300597.SZ,20240617,EVENT,10.8356,7.462,5.995,0.6,s6x3;s14
688455.SH,20240617,EVENT,1.1136,9.31,7.174,0.528,s17;s10_in_ob;s6x3;s14
000672.SZ,20240619,EVENT,1.2249,5.919,4.625,0.5,s14
002132.SZ,20240619,EVENT,-6.6096,2.73,2.02,0.528,s17;s10_in_ob;s6x3;s14
688236.SH,20240619,EVENT,-1.4751,23.148,14.267,0.084,s1v2_CHoCH↓;s5;s6x1;s14
000510.SZ,20240620,EVENT,0.0041,4.02,2.545,0.308,s17;s10_in_ob;s6x1;s14
000672.SZ,20240620,EVENT,2.0385,5.919,4.625,0.5,s14
603153.SH,20240620,EVENT,-6.183,19.039,15.733,0.44,s17;s10_in_ob;s14
603863.SH,20240620,EVENT,4.4413,44.79,13.656,0.5,s14
688232.SH,20240620,EVENT,-4.4588,21.853,18.024,0.1225,s15;s12_in_ote;s6x1;s14
600992_SH.SH,20240617,CONT,-3.9661,,,0.06,s1v2_CHoCH↑;s7v2_up;s5;s14
301248.SZ,20240606,EVENT,-3.1481,17.841,12.697,0.0462,s1v2_CHoCH↓;s17;s4;s5;s6x1;s14
002932.SZ,20240611,EVENT,-2.6753,20.221,17.103,0.0554,s1v2_CHoCH↓;s17;s12_in_ote;s4;s5;s6x3;s14
002570.SZ,20240614,EVENT,-6.2309,3.29,2.414,0.14,s10_in_ob;s4;s6x1;s14
000882.SZ,20240617,EVENT,-9.5978,1.51,1.034,0.21,s12_in_ote;s4;s6x3;s14
300841.SZ,20240618,EVENT,-3.427,64.423,51.89,0.0011,s24_eql_risk;s1v2_CHoCH↑;s7v2_up;s19;s4;s5;s6x1;s14
000795.SZ,20240619,EVENT,-4.7738,5.925,5.098,0.1584,s1v2_CHoCH↓;s17;s5;s6x3;s14
002700_SZ.SZ,20240701,CONT,14.6357,,,0.09,s7v2_up;s16;s5;s14
002700_SZ.SZ,20240708,CONT,23.7079,,,0.09,s7v2_up;s16;s5;s14
002255.SZ,20240816,EVENT,-3.1704,4.92,4.274,0.1617,s17;s5;s6x1;s13;s14
688211.SH,20240808,EVENT,-4.019,24.6,23.013,0.0706,s8_sweep_bear;s10_in_ob;s5;s6x1;s13;s14
000981.SZ,20240805,EVENT,-15.8356,1.4,0.728,0.0011,s1v2_CHoCH↑;s7v2_up;s18;s16;s23;s9_bsl_tight;s6x1;s13;s14
002706.SZ,20240805,EVENT,-1.82,7.362,5.71,0.084,s15;s10_in_ob;s5;s6x1;s14
600955.SH,20240807,EVENT,-4.5581,14.61,13.282,0.0588,s15;s10_in_ob;s12_in_ote;s5;s6x1;s14
688067.SH,20240807,EVENT,-6.0515,13.937,12.361,0.14,s15;s10_in_ob;s6x1;s14
300770.SZ,20240808,EVENT,0.6872,28.574,24.521,0.25,s15;s14
000538.SZ,20240809,EVENT,2.2671,48.8,43.429,0.0096,s1v2_CHoCH↓;s20;s15;s9_bsl_tight;s10_in_ob;s6x1;s13;s14
002996.SZ,20240809,EVENT,-5.6483,6.122,4.928,0.0862,s1v2_CHoCH↓;s17;s10_in_ob;s12_in_ote;s6x1;s14
600256.SH,20240812,EVENT,4.0851,5.525,4.902,0.25,s15;s14
601966.SH,20240812,EVENT,-5.7839,17.988,15.124,0.1848,s17;s8_sweep_bear;s10_in_ob;s6x1;s14
001330.SZ,20240830,EVENT,-0.5997,4.63,4.092,0.126,s8_sweep_bear;s5;s6x1;s14
301035.SZ,20240807,EVENT,-7.0512,33.295,25.922,0.0062,s1v2_CHoCH↑;s7v2_up;s18;s16;s8_sweep_bear;s9_bsl_tight;s6x1;s14
688371.SH,20240807,EVENT,7.093,11.581,8.327,0.098,s15;s10_in_ob;s12_in_ote;s13;s14
002706.SZ,20240808,EVENT,-6.0845,6.152,5.454,0.2,s15;s10_in_ob;s14
002870.SZ,20240809,EVENT,2.5439,29.625,26.332,0.385,s17;s6x1;s14
600256.SH,20240809,EVENT,0.5542,5.525,4.901,0.25,s15;s14
688371.SH,20240809,EVENT,0.7303,9.861,8.323,0.168,s15;s10_in_ob;s12_in_ote;s6x3;s14
002455.SZ,20240812,EVENT,-4.0221,8.86,7.003,0.21,s5;s6x1;s14
300432.SZ,20240813,EVENT,1.4077,4.593,3.934,0.14,s15;s10_in_ob;s6x1;s14
688475.SH,20240814,EVENT,-2.0543,28.94,25.868,0.0647,s1v2_CHoCH↓;s17;s5;s6x1;s13;s14
688310.SH,20240816,EVENT,1.087,11.35,9.48,0.0672,s1v2_CHoCH↓;s8_sweep_bear;s10_in_ob;s6x1;s14
605056.SH,20240822,EVENT,7.9197,9.305,8.302,0.21,s15;s5;s6x1
002493.SZ,20240823,EVENT,-1.3514,9.16,8.321,0.2772,s17;s8_sweep_bear;s5;s6x1
603815.SH,20240826,EVENT,7.2137,5.516,4.933,0.3234,s17;s12_in_ote;s5;s6x1
688080.SH,20240826,EVENT,1.4011,29.47,22.566,0.35,s15;s13
300982.SZ,20240805,EVENT,0.3629,16.856,15.401,0.0012,s24_eql_risk;s1v2_CHoCH↑;s7v2_up;s19;s8_sweep_bear;s9_bsl_tight;s10_in_ob;s6x1;s14
688499.SH,20240805,EVENT,-8.1738,19.58,17.208,0.084,s15;s8_sweep_bear;s10_in_ob;s6x1;s14
300376.SZ,20240807,EVENT,-14.389,2.887,2.379,0.35,s6x1;s14
688610.SH,20240807,EVENT,-4.9406,31.0,27.07,0.0672,s1v2_CHoCH↓;s10_in_ob;s5;s6x1;s14
603033.SH,20240808,EVENT,-2.5647,11.58,9.956,0.1848,s17;s10_in_ob;s5;s6x1;s14
688400.SH,20240808,EVENT,-0.246,14.941,13.134,0.168,s8_sweep_bear;s10_in_ob;s6x1;s14
688598.SH,20240808,EVENT,-11.2468,17.29,15.098,0.042,s1v2_CHoCH↑;s7v2_up;s8_sweep_bear;s6x1;s14
002440.SZ,20240809,EVENT,-3.5792,5.517,4.674,0.042,s1v2_CHoCH↑;s7v2_up;s8_sweep_bear;s6x1;s14
300687.SZ,20240809,EVENT,-2.0362,13.48,12.104,0.198,s17;s8_sweep_bear;s5;s14
301260.SZ,20240809,EVENT,-4.1657,15.28,12.076,0.0416,s24_eql_risk;s17;s12_in_ote;s5;s6x3;s14
688707.SH,20240809,EVENT,-1.7012,9.58,7.818,0.14,s15;s10_in_ob;s6x1;s14
300071.SZ,20240812,EVENT,5.5367,2.36,1.761,0.07,s1v2_CHoCH↑;s7v2_up;s9_bsl_tight;s14
601969.SH,20240812,EVENT,-4.1915,6.261,5.263,0.1294,s17;s10_in_ob;s12_in_ote;s5;s6x1;s14
688598.SH,20240812,EVENT,-3.1823,17.29,15.658,0.0126,s1v2_CHoCH↑;s7v2_up;s19;s8_sweep_bear;s5;s14
600653.SH,20240814,EVENT,-7.5453,1.45,1.137,0.168,s7v2_up;s9_bsl_tight;s10_in_ob;s6x3;s14
300481.SZ,20240815,EVENT,-2.7073,12.863,11.423,0.231,s17;s5;s6x1;s14
300820.SZ,20240816,EVENT,0.9703,44.325,32.839,0.0206,s7v2_up;s21;s8_sweep_bear;s9_bsl_tight;s12_in_ote;s6x1;s14
688496.SH,20240816,EVENT,-9.0387,8.55,7.054,0.385,s17;s6x1;s14
688426.SH,20240819,EVENT,-5.8251,27.58,14.04,0.0171,s1v2_CHoCH↑;s7v2_up;s19;s12_in_ote;s13;s14
301093.SZ,20240820,EVENT,7.4717,12.271,9.765,0.024,s1v2_CHoCH↑;s7v2_up;s19;s9_bsl_tight;s12_in_ote;s6x1
002955.SZ,20240805,EVENT,10.2047,22.497,17.416,0.14,s15;s10_in_ob;s12_in_ote;s14
605168.SH,20240805,EVENT,-0.1237,23.7,20.869,0.2,s15;s10_in_ob;s14
003023.SZ,20240807,EVENT,-0.4134,15.46,13.867,0.0096,s1v2_CHoCH↓;s20;s15;s9_bsl_tight;s10_in_ob;s12_in_ote;s6x1;s14
301260.SZ,20240807,EVENT,-4.4043,15.5,12.046,0.231,s17;s12_in_ote;s5;s14
600810.SH,20240807,EVENT,-1.7589,6.342,5.517,0.175,s15;s6x1;s14
688078.SH,20240807,EVENT,1.8016,24.934,19.38,0.175,s15;s6x1;s14
002058.SZ,20240808,EVENT,-5.3696,9.55,6.515,0.0171,s1v2_CHoCH↑;s7v2_up;s19;s12_in_ote;s6x1;s14
300801.SZ,20240808,EVENT,-6.1345,14.984,13.184,0.231,s17;s5;s6x1;s14
300376.SZ,20240812,EVENT,-3.2884,2.887,2.496,0.168,s10_in_ob;s12_in_ote;s5;s14
301115.SZ,20240812,EVENT,8.637,13.84,12.043,0.12,s15;s10_in_ob;s5;s14
603201.SH,20240812,EVENT,-4.7656,12.103,10.792,0.1848,s17;s10_in_ob;s5;s6x1;s14
002219.SZ,20240821,EVENT,1.1811,2.39,1.595,0.049,s1v2_CHoCH↑;s7v2_up;s19;s6x1
603566.SH,20240821,EVENT,-3.0096,11.957,10.438,0.462,s17;s5;s6x1
600143.SH,20240822,EVENT,2.2217,6.642,5.397,0.0206,s1v2_CHoCH↑;s7v2_up;s18;s16;s9_bsl_tight;s6x1
603312.SH,20240826,EVENT,8.9924,27.24,24.481,0.0123,s1v2_CHoCH↑;s7v2_up;s19;s8_sweep_bear;s9_bsl_tight;s5;s6x1
301529.SZ,20240830,EVENT,8.5205,23.797,18.609,0.385,s17;s6x1;s14
000908_SZ.SZ,20240815,CONT,62.6906,,,0.0019,s1v2_CHoCH↑;s7v2_up;s18;s16;s23;s5;s14
000878.SZ,20240807,EVENT,-1.4033,13.23,10.661,0.084,s10_in_ob;s4;s5;s6x1;s14
688163.SH,20240819,EVENT,3.5109,13.22,10.994,0.0245,s1v2_CHoCH↑;s7v2_up;s9_bsl_tight;s4;s6x1;s14
688089.SH,20240822,EVENT,0.6818,16.18,13.457,0.0343,s7v2_up;s21;s9_bsl_tight;s12_in_ote;s4;s6x1
300627.SZ,20240830,EVENT,5.9623,22.721,18.304,0.1155,s17;s4;s5;s6x1;s14
300801.SZ,20240830,EVENT,-4.4455,14.244,11.938,0.275,s17;s4;s14
002627.SZ,20240812,EVENT,-2.029,5.057,4.249,0.0072,s1v2_CHoCH↑;s7v2_up;s19;s8_sweep_bear;s9_bsl_tight;s12_in_ote;s6x1;s14
600679.SH,20240812,EVENT,-6.7308,10.513,7.955,0.0184,s7v2_up;s22;s9_bsl_tight;s6x1;s14
600382.SH,20240905,EVENT,3.784,3.59,3.201,0.0735,s15;s8_sweep_bear;s6x1;s13;s14
300073.SZ,20240902,EVENT,4.5596,31.347,25.678,0.196,s15;s10_in_ob;s6x1;s13
002706.SZ,20240905,EVENT,5.9111,5.982,4.993,0.3696,s17;s10_in_ob;s6x3;s13;s14
002758.SZ,20240925,EVENT,4.2006,7.262,6.122,0.0025,s1v2_CHoCH↑;s7v2_up;s18;s16;s23;s9_bsl_tight;s10_in_ob;s13
301303.SZ,20240926,EVENT,2.9074,10.6,9.315,0.245,s15;s12_in_ote;s13
601678.SH,20240925,EVENT,1.4093,3.37,2.912,0.12,s15;s9_bsl_tight;s11_mss_bull_fresh;s6x1;s13
688686.SH,20240925,EVENT,15.2546,53.966,45.06,0.6,s5
605266.SH,20240904,EVENT,15.4097,19.598,15.548,0.44,s17;s10_in_ob;s14
688768.SH,20240906,EVENT,2.9221,24.95,20.106,0.0196,s1v2_CHoCH↓;s20;s15;s10_in_ob;s6x1;s14
002706.SZ,20240909,EVENT,11.4145,5.982,4.987,0.528,s17;s10_in_ob;s6x3;s14
601969.SH,20240909,EVENT,9.1517,5.591,4.966,0.3168,s17;s10_in_ob;s5;s6x3;s14
603918.SH,20240909,EVENT,0.3903,9.23,8.183,0.1225,s15;s6x1;s13;s14
002758.SZ,20240923,EVENT,8.1194,7.262,6.496,0.0412,s15;s10_in_ob;s12_in_ote;s5;s6x1;s13;s14
600873.SH,20240925,EVENT,12.3754,9.557,8.311,0.462,s17;s5;s13
688448.SH,20240926,EVENT,10.7654,13.904,10.732,0.245,s15;s12_in_ote;s6x1
688612.SH,20240926,EVENT,19.2173,23.248,16.113,0.147,s15;s8_sweep_bear;s9_bsl_tight;s13
002443.SZ,20240902,EVENT,0.2029,5.314,4.667,0.35,s15;s6x1
002014.SZ,20240904,EVENT,-1.5753,9.34,7.93,0.35,s6x1;s14
002458.SZ,20240904,EVENT,-2.8145,6.823,5.643,0.0924,s1v2_CHoCH↓;s17;s5;s6x1;s14
603300.SH,20240904,EVENT,-4.8901,5.285,4.259,0.231,s17;s5;s6x1;s14
688719.SH,20240904,EVENT,-5.2511,24.69,20.1,0.1848,s17;s10_in_ob;s5;s6x1;s14
600588.SH,20240906,EVENT,0.4997,9.28,7.898,0.1232,s1v2_CHoCH↓;s17;s10_in_ob;s6x1;s14
603008.SH,20240906,EVENT,6.3068,14.98,12.367,0.0857,s15;s12_in_ote;s6x1;s13;s14
603087.SH,20240909,EVENT,-3.683,40.956,35.44,0.0277,s24_eql_risk;s17;s10_in_ob;s5;s6x1;s14
688017.SH,20240909,EVENT,-6.3434,72.8,58.05,0.154,s1v2_CHoCH↓;s17;s6x1;s14
300073.SZ,20240911,EVENT,0.0015,31.347,25.437,0.0118,s1v2_CHoCH↑;s7v2_up;s19;s8_sweep_bear;s9_bsl_tight;s10_in_ob;s14
301047.SZ,20240911,EVENT,18.6695,61.57,46.574,0.1267,s1v2_CHoCH↓;s17;s10_in_ob;s5;s6x3;s14
605009.SH,20240911,EVENT,14.4274,25.187,20.065,0.21,s5;s6x1;s14
002706.SZ,20240912,EVENT,6.781,5.942,4.981,0.528,s17;s10_in_ob;s6x3;s14
002901.SZ,20240912,EVENT,-0.1578,23.883,20.565,0.175,s15;s12_in_ote;s14
688153.SH,20240912,EVENT,-3.4932,33.814,27.056,0.231,s17;s5;s6x1;s14
301115.SZ,20240919,EVENT,16.0529,18.4,11.192,0.021,s1v2_CHoCH↑;s7v2_up;s19;s8_sweep_bear;s14
002702.SZ,20240923,EVENT,2.4845,3.25,2.982,0.09,s15;s8_sweep_bear;s5;s14
688172.SH,20240923,EVENT,8.959,13.7,11.9,0.231,s17;s5;s6x1;s14
600380.SH,20240925,EVENT,5.3841,10.43,8.87,0.4,s15;s10_in_ob
600497.SH,20240925,EVENT,4.4021,5.041,4.213,1.1,s17
603173.SH,20240925,EVENT,1.5293,16.875,15.271,0.168,s1v2_CHoCH↓;s8_sweep_bear;s6x1
688419.SH,20240925,EVENT,13.5469,18.123,13.762,0.5,s15
300447.SZ,20240926,EVENT,22.4329,13.651,9.919,0.35,s15;s6x1
603365.SH,20240926,EVENT,20.4467,12.385,8.712,0.5,s15
688573.SH,20240926,EVENT,19.0012,20.49,12.973,0.24,s15;s10_in_ob;s5
688496.SH,20240904,EVENT,-8.3409,8.4,6.679,0.25,s15;s14
301108.SZ,20240905,EVENT,-0.6357,17.314,15.209,0.308,s17;s10_in_ob;s6x1;s14
301322.SZ,20240905,EVENT,1.1382,19.01,15.941,0.22,s1v2_CHoCH↓;s17;s14
600867.SH,20240905,EVENT,-1.3977,7.652,7.001,0.0924,s1v2_CHoCH↓;s17;s5;s6x1;s14
301223.SZ,20240909,EVENT,5.8559,14.695,12.9,0.1267,s1v2_CHoCH↓;s17;s10_in_ob;s5;s6x3;s14
002132.SZ,20240910,EVENT,3.4215,2.21,2.01,0.3,s24_eqh_target;s15;s6x3;s14
300802.SZ,20240910,EVENT,-0.8303,14.437,12.422,0.336,s10_in_ob;s12_in_ote;s6x3;s14
000592.SZ,20240911,EVENT,5.5125,1.57,1.279,0.0171,s1v2_CHoCH↑;s7v2_up;s19;s9_bsl_tight;s6x1;s14
002443.SZ,20240911,EVENT,4.4552,5.264,4.67,0.175,s15;s12_in_ote;s14
002925.SZ,20240911,EVENT,0.2022,11.613,9.558,0.0196,s1v2_CHoCH↑;s7v2_up;s19;s9_bsl_tight;s10_in_ob;s14
600060.SH,20240911,EVENT,0.3559,16.55,12.135,0.5,s14
001203.SZ,20240912,EVENT,-1.0395,8.42,7.362,0.231,s17;s5;s6x1;s14
300736.SZ,20240919,EVENT,18.477,10.33,6.896,0.0103,s1v2_CHoCH↑;s7v2_up;s19;s8_sweep_bear;s12_in_ote;s6x1;s14
002353.SZ,20240920,EVENT,14.8403,31.63,25.923,0.084,s15;s10_in_ob;s5;s6x1;s14
300802.SZ,20240920,EVENT,9.1157,14.697,12.071,0.21,s15;s12_in_ote;s6x3;s14
600507.SH,20240920,EVENT,13.1647,3.828,3.234,0.168,s10_in_ob;s5;s6x1;s14
603365.SH,20240920,EVENT,22.3446,12.385,8.861,0.175,s15;s6x1;s14
603182.SH,20240923,EVENT,2.246,10.08,9.564,0.105,s24_eqh_target;s15;s5;s6x1;s14
600380.SH,20240904,EVENT,-3.3568,10.43,8.955,0.154,s17;s10_in_ob;s4;s6x1;s14
603282.SH,20240904,EVENT,9.4722,16.289,11.489,0.042,s1v2_CHoCH↓;s4;s5;s6x1;s14
301093.SZ,20240905,EVENT,-1.2055,12.271,10.112,0.042,s1v2_CHoCH↑;s7v2_up;s9_bsl_tight;s4;s6x3;s14
002458.SZ,20240906,EVENT,-4.6595,6.823,5.646,0.0084,s1v2_CHoCH↓;s20;s15;s10_in_ob;s4;s5;s14
301223.SZ,20240906,EVENT,2.6504,14.695,12.904,0.0634,s1v2_CHoCH↓;s17;s10_in_ob;s4;s5;s6x3;s14
600809.SH,20240912,EVENT,-4.1145,176.45,142.213,0.0462,s1v2_CHoCH↓;s17;s4;s5;s6x1;s14
301107.SZ,20240924,EVENT,9.7304,11.139,9.945,0.1294,s17;s10_in_ob;s12_in_ote;s4;s5;s6x1
603356.SH,20240926,EVENT,8.8357,13.4,10.911,0.0294,s1v2_CHoCH↑;s7v2_up;s19;s12_in_ote;s4;s6x3
600975.SH,20241010,EVENT,2.1715,6.74,4.902,0.0017,s1v2_CHoCH↑;s7v2_up;s18;s16;s23;s9_bsl_tight;s10_in_ob;s6x1;s13
002996.SZ,20241017,EVENT,15.6613,6.772,4.429,0.098,s1v2_CHoCH↑;s7v2_up;s9_bsl_tight;s13
605296.SH,20241030,EVENT,-1.5553,33.99,26.582,0.0784,s1v2_CHoCH↑;s7v2_up;s9_bsl_tight;s10_in_ob;s13
601975.SH,20241015,EVENT,-0.5979,3.783,2.622,0.0784,s1v2_CHoCH↑;s7v2_up;s9_bsl_tight;s10_in_ob;s6x1
603173.SH,20241021,EVENT,24.1807,21.455,16.022,0.098,s1v2_CHoCH↑;s7v2_up;s9_bsl_tight;s12_in_ote
002993.SZ,20241030,EVENT,0.5854,30.224,23.035,0.0282,s1v2_CHoCH↑;s7v2_up;s18;s16;s9_bsl_tight;s10_in_ob;s6x3
601872.SH,20241021,EVENT,-6.0399,8.254,5.339,0.528,s1v2_CHoCH↓;s17;s6x3
601872.SH,20241022,EVENT,-4.2764,8.254,5.339,0.3696,s1v2_CHoCH↓;s17;s12_in_ote;s6x3
603986.SH,20241022,EVENT,7.9918,101.14,78.645,0.042,s1v2_CHoCH↑;s7v2_up;s18;s16
600750.SH,20241023,EVENT,-3.5941,23.37,15.034,0.0274,s1v2_CHoCH↑;s7v2_up;s19;s9_bsl_tight;s10_in_ob;s6x1
601985.SH,20241023,EVENT,-4.7589,11.82,9.723,0.1176,s15;s10_in_ob;s12_in_ote;s5;s6x1
000703.SZ,20241025,EVENT,1.3455,7.62,5.878,0.14,s1v2_CHoCH↑;s7v2_up;s9_bsl_tight
000683.SZ,20241014,EVENT,7.7509,5.96,4.127,0.0031,s1v2_CHoCH↑;s7v2_up;s18;s16;s23;s9_bsl_tight;s6x1
601872.SH,20241015,EVENT,-9.5685,8.254,5.361,0.049,s1v2_CHoCH↓;s20;s15;s6x1
688443.SH,20241017,EVENT,17.4495,36.4,20.915,0.049,s1v2_CHoCH↑;s7v2_up;s19;s6x1
000157.SZ,20241021,EVENT,7.2997,8.33,5.526,0.14,s1v2_CHoCH↑;s7v2_up;s6x1
002993.SZ,20241031,EVENT,10.68,30.224,24.613,0.0353,s1v2_CHoCH↑;s7v2_up;s18;s16;s9_bsl_tight;s6x3
002302_SZ.SZ,20241011,CONT,3.6571,,,0.12,s1v2_CHoCH↑;s7v2_up;s5
600239_SH.SH,20241011,CONT,-2.3661,,,0.12,s1v2_CHoCH↑;s7v2_up;s5
600322_SH.SH,20241011,CONT,0.8417,,,0.12,s1v2_CHoCH↑;s7v2_up;s5
600397_SH.SH,20241011,CONT,3.6627,,,0.3,s7v2_up;s5
600835_SH.SH,20241011,CONT,21.0604,,,0.0038,s1v2_CHoCH↑;s7v2_up;s18;s16;s23;s5
002058_SZ.SZ,20241014,CONT,52.0751,,,0.3,s7v2_up;s5
301165_SZ.SZ,20241014,CONT,12.8121,,,0.18,s7v2_up;s16;s5
600281_SH.SH,20241014,CONT,12.3683,,,0.045,s7v2_up;s22;s5
002178_SZ.SZ,20241015,CONT,27.9184,,,0.0252,s1v2_CHoCH↑;s7v2_up;s18;s16;s5
002512_SZ.SZ,20241015,CONT,1.2706,,,0.18,s7v2_up;s16;s5
002755_SZ.SZ,20241015,CONT,3.152,,,0.0038,s1v2_CHoCH↑;s7v2_up;s18;s16;s23;s5
300036_SZ.SZ,20241015,CONT,-4.2573,,,0.0038,s1v2_CHoCH↑;s7v2_up;s18;s16;s23;s5
300188_SZ.SZ,20241015,CONT,5.4081,,,0.0252,s1v2_CHoCH↑;s7v2_up;s18;s16;s5
600602_SH.SH,20241015,CONT,-2.5839,,,0.0252,s1v2_CHoCH↑;s7v2_up;s18;s16;s5
600877_SH.SH,20241015,CONT,7.8692,,,0.0038,s1v2_CHoCH↑;s7v2_up;s18;s16;s23;s5
603106_SH.SH,20241015,CONT,48.5342,,,0.18,s7v2_up;s16;s5
688038_SH.SH,20241015,CONT,-1.5015,,,0.0038,s1v2_CHoCH↑;s7v2_up;s18;s16;s23;s5
688049_SH.SH,20241015,CONT,7.8234,,,0.0038,s1v2_CHoCH↑;s7v2_up;s18;s16;s23;s5
688369_SH.SH,20241015,CONT,1.5991,,,0.0038,s1v2_CHoCH↑;s7v2_up;s18;s16;s23;s5
688376_SH.SH,20241015,CONT,-4.9163,,,0.0252,s1v2_CHoCH↑;s7v2_up;s18;s16;s5
600079_SH.SH,20241017,CONT,2.0167,,,0.12,s1v2_CHoCH↑;s7v2_up;s5
600828_SH.SH,20241017,CONT,5.7801,,,0.045,s7v2_up;s22;s5
000510_SZ.SZ,20241021,CONT,2.55,,,0.0252,s1v2_CHoCH↑;s7v2_up;s18;s16;s5
000672_SZ.SZ,20241022,CONT,6.816,,,0.0252,s1v2_CHoCH↑;s7v2_up;s18;s16;s5
301317_SZ.SZ,20241025,CONT,-0.4803,,,0.18,s7v2_up;s16;s5
002430_SZ.SZ,20241029,CONT,6.9786,,,0.0252,s1v2_CHoCH↑;s7v2_up;s18;s16;s5
603019_SH.SH,20241030,CONT,38.867,,,0.18,s7v2_up;s16;s5
002612_SZ.SZ,20241031,CONT,-0.2625,,,0.0252,s1v2_CHoCH↑;s7v2_up;s18;s16;s5
002318.SZ,20241016,EVENT,4.4552,24.97,17.498,0.0103,s1v2_CHoCH↑;s7v2_up;s18;s16;s9_bsl_tight;s4;s6x1
301227.SZ,20241017,EVENT,-2.838,15.93,9.675,0.0392,s1v2_CHoCH↑;s7v2_up;s9_bsl_tight;s10_in_ob;s4;s6x1
600497.SH,20241021,EVENT,13.0287,6.071,4.143,0.0141,s1v2_CHoCH↑;s7v2_up;s18;s16;s9_bsl_tight;s10_in_ob;s4;s6x3
601975.SH,20241028,EVENT,-0.2208,3.393,3.043,0.056,s1v2_CHoCH↑;s7v2_up;s9_bsl_tight;s10_in_ob;s4
688392.SH,20241016,EVENT,21.0504,47.569,25.518,0.0144,s1v2_CHoCH↑;s7v2_up;s18;s16;s9_bsl_tight;s12_in_ote;s6x1
001289.SZ,20241101,EVENT,-0.0646,19.35,14.523,0.147,s15;s8_sweep_bear;s6x1;s13
688443.SH,20241121,EVENT,-7.5499,32.99,25.743,0.049,s1v2_CHoCH↓;s20;s15;s12_in_ote
603500.SH,20241101,EVENT,12.3776,6.92,5.391,0.0784,s1v2_CHoCH↑;s7v2_up;s9_bsl_tight;s10_in_ob;s6x1
601666.SH,20241114,EVENT,0.0872,11.43,8.941,0.0806,s7v2_up;s21;s8_sweep_bear;s9_bsl_tight;s10_in_ob;s6x3
300639.SZ,20241118,EVENT,6.5372,6.73,5.659,0.0165,s1v2_CHoCH↓;s20;s15;s8_sweep_bear;s10_in_ob;s12_in_ote;s6x1
600416_SH.SH,20241101,CONT,-5.1863,,,0.18,s7v2_up;s16;s5
000096_SZ.SZ,20241104,CONT,3.2628,,,0.18,s7v2_up;s16;s5
000716_SZ.SZ,20241104,CONT,14.7105,,,0.18,s7v2_up;s16;s5
600458_SH.SH,20241104,CONT,2.1271,,,0.18,s7v2_up;s16;s5
000070_SZ.SZ,20241105,CONT,0.8753,,,0.09,s7v2_up;s16;s5;s14
002808_SZ.SZ,20241105,CONT,25.2545,,,0.09,s7v2_up;s16;s5;s14
002988_SZ.SZ,20241105,CONT,-1.9638,,,0.09,s7v2_up;s16;s5;s14
600234_SH.SH,20241105,CONT,12.5451,,,0.0225,s7v2_up;s22;s5;s14
688616_SH.SH,20241105,CONT,3.8,,,0.0126,s1v2_CHoCH↑;s7v2_up;s18;s16;s5;s14
600624_SH.SH,20241106,CONT,-6.1524,,,0.18,s7v2_up;s16;s5
002517_SZ.SZ,20241107,CONT,1.4478,,,0.045,s7v2_up;s22;s5
002351_SZ.SZ,20241112,CONT,-4.9436,,,0.045,s7v2_up;s22;s5
688320_SH.SH,20241114,CONT,2.4452,,,0.3,s7v2_up;s5
002310_SZ.SZ,20241115,CONT,-8.842,,,0.18,s7v2_up;s16;s5
601789_SH.SH,20241115,CONT,-1.3062,,,0.18,s7v2_up;s16;s5
000815_SZ.SZ,20241120,CONT,-0.2855,,,0.18,s7v2_up;s16;s5
603325_SH.SH,20241120,CONT,-0.5716,,,0.18,s7v2_up;s16;s5
301268_SZ.SZ,20241126,CONT,-10.3333,,,0.18,s7v2_up;s16;s5
002927_SZ.SZ,20241128,CONT,-2.5471,,,0.18,s7v2_up;s16;s5
300235_SZ.SZ,20241128,CONT,-1.8583,,,0.18,s7v2_up;s16;s5
300805_SZ.SZ,20241128,CONT,-0.2,,,0.3,s7v2_up;s5
001376.SZ,20241202,EVENT,3.919,15.39,13.608,0.616,s17;s10_in_ob;s6x1
002122_SZ.SZ,20241206,CONT,44.4194,,,0.045,s7v2_up;s22;s5
002052_SZ.SZ,20241209,CONT,0.1257,,,0.18,s7v2_up;s16;s5
002860_SZ.SZ,20241213,CONT,-10.6318,,,0.3,s7v2_up;s5
001313_SZ.SZ,20241217,CONT,-3.1967,,,0.18,s7v2_up;s16;s5
300809_SZ.SZ,20241219,CONT,-14.9894,,,0.045,s7v2_up;s22;s5
603610_SH.SH,20241219,CONT,-11.0941,,,0.045,s7v2_up;s22;s5
603390_SH.SH,20241226,CONT,-26.7132,,,0.045,s7v2_up;s22;s5
002791.SZ,20250120,EVENT,3.974,29.393,19.705,0.1715,s9_bsl_tight;s6x1;s13;s14
688659.SH,20250122,EVENT,8.799,8.87,5.841,0.1078,s1v2_CHoCH↓;s17;s6x1;s13;s14
300457.SZ,20250124,EVENT,11.53,22.815,16.592,0.154,s1v2_CHoCH↓;s17;s6x1;s14
300250.SZ,20250115,EVENT,23.9321,17.64,11.989,0.22,s1v2_CHoCH↓;s17;s14
601678.SH,20250117,EVENT,1.718,4.2,3.651,0.0147,s1v2_CHoCH↓;s20;s15;s5;s13;s14
688100.SH,20250117,EVENT,7.7157,38.517,32.827,0.021,s1v2_CHoCH↓;s20;s15;s5;s14
002439.SZ,20250124,EVENT,17.1443,16.89,13.419,0.147,s5;s6x1;s13;s14
688100.SH,20250116,EVENT,7.0821,38.517,32.838,0.132,s1v2_CHoCH↓;s17;s5;s14
301391.SZ,20250121,EVENT,9.1833,45.884,31.767,0.264,s1v2_CHoCH↓;s17;s6x3;s14
300095.SZ,20250122,EVENT,5.358,7.665,5.589,0.55,s17;s14
301468.SZ,20250122,EVENT,1.1432,18.449,14.617,0.14,s1v2_CHoCH↓;s9_bsl_tight;s14
688326.SH,20250122,EVENT,24.6478,100.72,68.588,0.22,s1v2_CHoCH↓;s17;s14
603858.SH,20250123,EVENT,-2.5498,16.86,14.212,0.396,s17;s5;s6x3;s14
688573.SH,20250123,EVENT,6.6081,24.64,13.618,0.168,s1v2_CHoCH↓;s6x3;s13;s14
600196.SH,20250124,EVENT,6.1746,26.317,21.75,0.1848,s1v2_CHoCH↓;s17;s9_bsl_tight;s6x3;s14
003004.SZ,20250127,EVENT,4.6046,32.0,22.305,0.0118,s1v2_CHoCH↑;s7v2_up;s19;s8_sweep_bear;s10_in_ob;s6x1;s14
600881.SH,20250102,EVENT,1.4198,2.89,1.577,0.049,s7v2_up;s21;s12_in_ote;s6x1;s14
301176.SZ,20250109,EVENT,2.8929,23.09,16.26,0.0924,s1v2_CHoCH↓;s17;s5;s6x1;s14
688212.SH,20250110,EVENT,4.3183,52.092,37.407,0.0924,s1v2_CHoCH↓;s17;s5;s6x1;s14
301227.SZ,20250114,EVENT,10.7373,15.053,10.346,0.24,s1v2_CHoCH↓;s6x3;s14
301290.SZ,20250114,EVENT,7.2098,28.313,20.221,0.084,s1v2_CHoCH↓;s5;s6x1;s14
002252.SZ,20250115,EVENT,3.5473,7.77,6.389,0.2112,s1v2_CHoCH↓;s17;s10_in_ob;s6x3;s14
688310.SH,20250115,EVENT,2.4017,13.43,9.433,0.1078,s1v2_CHoCH↓;s17;s9_bsl_tight;s6x1;s14
301391.SZ,20250116,EVENT,12.0466,45.884,30.452,0.22,s1v2_CHoCH↓;s17;s14
603799.SH,20250117,EVENT,0.4971,29.997,26.194,0.175,s15;s6x1;s14
688061.SH,20250117,EVENT,18.673,32.41,24.165,0.5,s14
000513.SZ,20250120,EVENT,-1.0534,36.181,32.294,0.396,s17;s5;s6x3;s14
002340.SZ,20250122,EVENT,2.4117,6.74,6.129,0.154,s1v2_CHoCH↓;s17;s6x1;s14
600059.SH,20250122,EVENT,1.4731,9.57,7.762,0.0924,s1v2_CHoCH↓;s17;s5;s6x1;s14
600639.SH,20250122,EVENT,1.2073,11.147,9.433,0.2,s1v2_CHoCH↓;s14
605266.SH,20250122,EVENT,5.2975,26.308,16.909,0.264,s1v2_CHoCH↓;s17;s6x3;s14
000932.SZ,20250123,EVENT,9.7536,4.75,3.762,0.1232,s1v2_CHoCH↓;s17;s10_in_ob;s6x1;s14
688659.SH,20250124,EVENT,4.7136,8.87,5.846,0.22,s1v2_CHoCH↓;s17;s14
688061.SH,20250127,EVENT,13.1334,32.41,25.862,0.6,s6x3;s14
000534_SZ.SZ,20250123,CONT,-5.476,,,0.0225,s7v2_up;s22;s5;s14
002252.SZ,20250114,EVENT,5.2945,7.77,6.39,0.0792,s1v2_CHoCH↓;s17;s4;s5;s6x3;s14
600380.SH,20250116,EVENT,-1.1697,11.43,10.364,0.126,s9_bsl_tight;s4;s5;s6x3;s14
688326.SH,20250116,EVENT,28.9273,100.72,68.443,0.077,s1v2_CHoCH↓;s17;s4;s6x1;s14
000513.SZ,20250122,EVENT,0.2254,36.181,32.279,0.09,s15;s4;s5;s6x3;s14
601666.SH,20250122,EVENT,1.4585,10.02,8.122,0.072,s1v2_CHoCH↓;s4;s5;s6x3;s14
688184.SH,20250122,EVENT,0.2438,16.25,12.841,0.132,s1v2_CHoCH↓;s17;s4;s6x3;s14
000513.SZ,20250123,EVENT,-1.4335,36.181,32.279,0.09,s15;s4;s5;s6x3;s14
000513.SZ,20250124,EVENT,-1.1746,36.181,32.313,0.198,s17;s4;s5;s6x3;s14
300095.SZ,20250124,EVENT,6.7496,7.445,5.599,0.231,s17;s12_in_ote;s4;s6x3;s14
601966.SH,20250124,EVENT,-0.0107,18.589,16.537,0.1925,s17;s4;s6x1;s14
688381.SH,20250124,EVENT,6.3703,18.64,16.557,0.0504,s1v2_CHoCH↓;s12_in_ote;s4;s5;s6x3;s14
000513.SZ,20250127,EVENT,0.0096,35.971,32.329,0.198,s17;s4;s5;s6x3;s14
688238.SH,20250127,EVENT,11.4689,6.58,4.202,0.077,s1v2_CHoCH↓;s17;s4;s6x1;s14
002368.SZ,20250213,EVENT,0.0606,27.458,19.702,0.0031,s1v2_CHoCH↑;s7v2_up;s18;s16;s23;s9_bsl_tight;s13
002386.SZ,20250212,EVENT,-1.7485,4.66,3.925,0.1715,s15;s9_bsl_tight;s6x1;s13
301589.SZ,20250214,EVENT,0.0867,178.955,152.027,0.336,s15;s9_bsl_tight;s10_in_ob;s6x3
603978.SH,20250220,EVENT,11.122,14.4,12.7,0.462,s17;s5;s6x1
605296.SH,20250221,EVENT,-0.1705,27.91,23.793,0.35,s15;s6x1
688238.SH,20250224,EVENT,-5.1077,6.58,4.44,0.0206,s1v2_CHoCH↑;s7v2_up;s18;s16;s9_bsl_tight;s13
300146.SZ,20250207,EVENT,2.4199,12.948,10.176,0.1848,s1v2_CHoCH↓;s17;s5;s6x1
002840.SZ,20250210,EVENT,-0.9338,13.52,10.793,0.48,s8_sweep_bear;s10_in_ob
300347.SZ,20250212,EVENT,7.5005,56.711,46.512,0.0044,s1v2_CHoCH↑;s7v2_up;s18;s16;s23;s9_bsl_tight
002727.SZ,20250213,EVENT,1.2492,14.384,11.189,0.2,s1v2_CHoCH↑;s7v2_up
600821.SH,20250213,EVENT,5.0965,5.663,4.748,0.049,s1v2_CHoCH↑;s7v2_up;s19;s9_bsl_tight
688338.SH,20250214,EVENT,3.2015,26.802,21.942,0.024,s1v2_CHoCH↑;s7v2_up;s19;s9_bsl_tight;s11_mss_bull_fresh;s6x1
603069.SH,20250224,EVENT,1.0748,19.23,17.156,0.1294,s1v2_CHoCH↓;s17;s12_in_ote;s5;s6x1
688560.SH,20250224,EVENT,6.2732,15.6,11.254,0.0784,s1v2_CHoCH↑;s7v2_up;s9_bsl_tight;s10_in_ob;s6x1
300686.SZ,20250206,EVENT,5.4975,10.52,7.385,0.0171,s1v2_CHoCH↓;s20;s15;s9_bsl_tight;s6x1;s14
688600.SH,20250207,EVENT,0.3494,15.111,11.537,0.07,s1v2_CHoCH↓;s20;s15
000932.SZ,20250220,EVENT,3.5922,4.64,3.853,0.056,s1v2_CHoCH↓;s20;s15;s10_in_ob
600611.SH,20250220,EVENT,-3.8119,7.92,5.869,0.0784,s1v2_CHoCH↑;s7v2_up;s9_bsl_tight;s10_in_ob;s6x1
603658.SH,20250224,EVENT,-3.3261,42.6,36.411,0.539,s17;s9_bsl_tight;s6x1
601869_SH.SH,20250207,CONT,1.5136,,,0.0252,s1v2_CHoCH↑;s7v2_up;s18;s16;s5
002656_SZ.SZ,20250213,CONT,1.1636,,,0.18,s7v2_up;s16;s5
601689_SH.SH,20250213,CONT,-4.0041,,,0.0038,s1v2_CHoCH↑;s7v2_up;s18;s16;s23;s5
600633_SH.SH,20250217,CONT,-19.27,,,0.0038,s1v2_CHoCH↑;s7v2_up;s18;s16;s23;s5
300115_SZ.SZ,20250218,CONT,17.8851,,,0.12,s1v2_CHoCH↑;s7v2_up;s5
301252_SZ.SZ,20250218,CONT,1.8602,,,0.045,s7v2_up;s22;s5
688665_SH.SH,20250218,CONT,-10.6356,,,0.18,s7v2_up;s16;s5
603666_SH.SH,20250219,CONT,13.407,,,0.12,s1v2_CHoCH↑;s7v2_up;s5
001339_SZ.SZ,20250224,CONT,9.3192,,,0.3,s7v2_up;s5
603360_SH.SH,20250224,CONT,7.3423,,,0.18,s7v2_up;s16;s5
301280_SZ.SZ,20250226,CONT,29.6207,,,0.0038,s1v2_CHoCH↑;s7v2_up;s18;s16;s23;s5
603895_SH.SH,20250226,CONT,5.2965,,,0.12,s1v2_CHoCH↑;s7v2_up;s5
688678_SH.SH,20250227,CONT,15.0118,,,0.18,s7v2_up;s16;s5
603070_SH.SH,20250228,CONT,-4.2,,,0.3,s7v2_up;s5
301227.SZ,20250205,EVENT,1.4474,15.053,11.316,0.1,s1v2_CHoCH↓;s4;s14
000513.SZ,20250206,EVENT,-0.4438,35.971,32.341,0.1386,s17;s9_bsl_tight;s4;s5;s6x3;s14
000513.SZ,20250207,EVENT,-5.1349,35.971,32.359,0.396,s17;s4;s5;s6x3
603027.SH,20250207,EVENT,-0.9831,9.874,7.402,0.22,s1v2_CHoCH↓;s17;s4
000513.SZ,20250210,EVENT,-2.9792,35.971,33.074,0.396,s17;s4;s5;s6x3
000513.SZ,20250212,EVENT,-0.5807,34.281,33.096,0.2772,s17;s12_in_ote;s4;s5;s6x3
300967.SZ,20250220,EVENT,5.0081,12.195,11.205,0.095,s1v2_CHoCH↓;s17;s8_sweep_bear;s4;s5;s6x3
600075.SH,20250221,EVENT,-3.4878,4.51,4.163,0.049,s1v2_CHoCH↑;s7v2_up;s9_bsl_tight;s4;s6x1
301515.SZ,20250227,EVENT,1.5492,19.815,18.075,0.07,s1v2_CHoCH↑;s7v2_up;s9_bsl_tight;s4
688317.SH,20250227,EVENT,0.9154,17.9,15.459,0.0672,s1v2_CHoCH↑;s7v2_up;s9_bsl_tight;s10_in_ob;s4;s6x3
301391.SZ,20250221,EVENT,0.3237,41.074,38.744,0.0353,s1v2_CHoCH↓;s20;s15;s9_bsl_tight;s5;s6x3
000651.SZ,20250305,EVENT,1.9439,45.27,40.026,0.1646,s10_in_ob;s12_in_ote;s5;s6x1;s13
300457.SZ,20250304,EVENT,-0.7707,21.585,19.353,0.192,s1v2_CHoCH↑;s7v2_up;s10_in_ob;s6x3
300371.SZ,20250306,EVENT,-0.6922,10.462,9.331,0.0274,s1v2_CHoCH↓;s20;s15;s9_bsl_tight;s10_in_ob;s13
002203.SZ,20250307,EVENT,-1.4308,10.76,9.255,0.288,s1v2_CHoCH↓;s5;s6x3
001286.SZ,20250313,EVENT,2.0759,9.29,8.897,0.0144,s1v2_CHoCH↓;s20;s15;s9_bsl_tight;s5;s6x1;s13
603558.SH,20250326,EVENT,-8.8976,9.738,8.607,0.4,s15;s10_in_ob
002432.SZ,20250328,EVENT,-0.1933,42.214,39.417,0.0144,s1v2_CHoCH↑;s7v2_up;s19;s9_bsl_tight;s12_in_ote;s5;s6x1
300749.SZ,20250305,EVENT,0.2016,7.92,6.458,0.0549,s1v2_CHoCH↑;s7v2_up;s9_bsl_tight;s10_in_ob;s12_in_ote;s6x1
000709.SZ,20250320,EVENT,0.8363,2.21,2.094,0.0353,s1v2_CHoCH↑;s7v2_up;s8_sweep_bear;s9_bsl_tight;s5;s6x1
301589.SZ,20250303,EVENT,1.0286,179.335,163.681,0.504,s9_bsl_tight;s5;s6x3
002252.SZ,20250305,EVENT,4.0469,7.1,6.678,0.2534,s1v2_CHoCH↓;s17;s10_in_ob;s5;s6x3
600603.SH,20250305,EVENT,-1.9765,11.0,8.765,0.0294,s1v2_CHoCH↑;s7v2_up;s19;s5;s6x1
300861.SZ,20250311,EVENT,-7.138,14.718,13.204,0.0315,s7v2_up;s22;s8_sweep_bear;s9_bsl_tight
002145.SZ,20250314,EVENT,3.7457,4.76,4.133,0.0588,s1v2_CHoCH↑;s7v2_up;s8_sweep_bear;s9_bsl_tight;s6x1
300749.SZ,20250314,EVENT,0.5507,7.36,6.512,0.112,s1v2_CHoCH↑;s7v2_up;s9_bsl_tight;s10_in_ob
002145.SZ,20250321,EVENT,5.9623,4.76,4.405,0.084,s1v2_CHoCH↑;s7v2_up;s9_bsl_tight;s5
301507.SZ,20250324,EVENT,-0.717,13.961,12.762,0.0176,s1v2_CHoCH↑;s7v2_up;s18;s16;s9_bsl_tight;s5
002245_SZ.SZ,20250304,CONT,2.1873,,,0.3,s7v2_up;s5
003019_SZ.SZ,20250304,CONT,18.548,,,0.12,s1v2_CHoCH↑;s7v2_up;s5
002580_SZ.SZ,20250305,CONT,19.4159,,,0.12,s1v2_CHoCH↑;s7v2_up;s5
605100_SH.SH,20250305,CONT,11.0112,,,0.18,s7v2_up;s16;s5
603067_SH.SH,20250311,CONT,10.2309,,,0.045,s7v2_up;s22;s5
002283_SZ.SZ,20250312,CONT,-6.216,,,0.045,s7v2_up;s22;s5
600595_SH.SH,20250312,CONT,-3.4138,,,0.18,s7v2_up;s16;s5
603615_SH.SH,20250317,CONT,-15.3288,,,0.18,s7v2_up;s16;s5
300402_SZ.SZ,20250321,CONT,-28.6137,,,0.18,s7v2_up;s16;s5
688359_SH.SH,20250326,CONT,-22.2777,,,0.18,s7v2_up;s16;s5
603579_SH.SH,20250327,CONT,-1.0075,,,0.045,s7v2_up;s22;s5
001228.SZ,20250306,EVENT,2.8822,24.28,20.359,0.0206,s1v2_CHoCH↑;s7v2_up;s19;s9_bsl_tight;s12_in_ote;s4;s6x3
000922.SZ,20250307,EVENT,5.6382,12.27,10.734,0.0392,s1v2_CHoCH↑;s7v2_up;s9_bsl_tight;s10_in_ob;s4;s6x1
000912.SZ,20250312,EVENT,4.6069,5.17,4.56,0.0071,s1v2_CHoCH↑;s7v2_up;s18;s16;s9_bsl_tight;s10_in_ob;s4;s5
000958.SZ,20250313,EVENT,-1.7838,6.52,5.83,0.0147,s1v2_CHoCH↑;s7v2_up;s19;s4;s5;s6x1
688317.SH,20250313,EVENT,-0.5465,17.9,16.628,0.0403,s1v2_CHoCH↑;s7v2_up;s9_bsl_tight;s10_in_ob;s4;s5;s6x3
301395.SZ,20250326,EVENT,3.9748,10.177,9.655,0.0071,s1v2_CHoCH↓;s20;s15;s8_sweep_bear;s10_in_ob;s4;s5;s6x1
000929.SZ,20250328,EVENT,-11.1801,7.77,6.181,0.0262,s7v2_up;s22;s9_bsl_tight;s4
603759.SH,20250328,EVENT,-5.853,9.035,7.902,0.105,s7v2_up;s16;s9_bsl_tight;s4
003027.SZ,20250317,EVENT,0.9211,15.311,13.99,0.0588,s1v2_CHoCH↑;s7v2_up;s8_sweep_bear;s9_bsl_tight;s6x1
002365_SZ.SZ,20250409,CONT,10.4064,,,0.06,s1v2_CHoCH↑;s7v2_up;s5;s14
601086_SH.SH,20250417,CONT,10.2402,,,0.0126,s1v2_CHoCH↑;s7v2_up;s18;s16;s5;s14
603326_SH.SH,20250418,CONT,5.0363,,,0.06,s1v2_CHoCH↑;s7v2_up;s5;s14
603057_SH.SH,20250421,CONT,-7.3675,,,0.09,s7v2_up;s16;s5;s14
301033_SZ.SZ,20250422,CONT,3.088,,,0.0126,s1v2_CHoCH↑;s7v2_up;s18;s16;s5;s14
603590_SH.SH,20250422,CONT,0.2512,,,0.09,s7v2_up;s16;s5;s14
002743_SZ.SZ,20250429,CONT,0.8072,,,0.12,s1v2_CHoCH↑;s7v2_up;s5
688501_SH.SH,20250429,CONT,13.5324,,,0.3,s7v2_up;s5
300802.SZ,20250402,EVENT,-9.9329,20.227,17.311,0.1478,s1v2_CHoCH↓;s17;s9_bsl_tight;s10_in_ob;s5
688093_SH.SH,20250507,CONT,-5.951,,,0.12,s1v2_CHoCH↑;s7v2_up;s5
688112_SH.SH,20250507,CONT,-3.3276,,,0.0252,s1v2_CHoCH↑;s7v2_up;s18;s16;s5
002891_SZ.SZ,20250512,CONT,11.5261,,,0.12,s1v2_CHoCH↑;s7v2_up;s5
002620_SZ.SZ,20250515,CONT,-8.8449,,,0.18,s7v2_up;s16;s5
605016_SH.SH,20250515,CONT,6.8416,,,0.0252,s1v2_CHoCH↑;s7v2_up;s18;s16;s5
002052_SZ.SZ,20250516,CONT,1.3556,,,0.18,s7v2_up;s16;s5
002956_SZ.SZ,20250516,CONT,-3.1642,,,0.18,s7v2_up;s16;s5
002052_SZ.SZ,20250519,CONT,3.3599,,,0.18,s7v2_up;s16;s5
600499_SH.SH,20250520,CONT,-0.4638,,,0.0252,s1v2_CHoCH↑;s7v2_up;s18;s16;s5
300069_SZ.SZ,20250527,CONT,-16.8596,,,0.18,s7v2_up;s16;s5
603195.SH,20250611,EVENT,-3.8806,49.279,46.326,0.0617,s15;s8_sweep_bear;s9_bsl_tight;s5;s6x1;s13
688352.SH,20250619,EVENT,-0.639,11.47,10.373,0.288,s15;s10_in_ob;s5;s6x3
688352.SH,20250620,EVENT,1.4808,11.47,10.214,0.288,s15;s10_in_ob;s5;s6x3
688303.SH,20250605,EVENT,1.1051,23.41,17.394,0.0343,s1v2_CHoCH↑;s7v2_up;s19;s9_bsl_tight;s6x1
002919.SZ,20250612,EVENT,-2.9664,17.3,14.583,0.098,s1v2_CHoCH↑;s7v2_up;s9_bsl_tight;s6x1
002992.SZ,20250613,EVENT,-0.8291,68.37,50.753,0.77,s17;s6x1
600756.SH,20250613,EVENT,-1.0674,17.0,13.64,0.0257,s7v2_up;s22;s9_bsl_tight;s12_in_ote;s6x1
000422.SZ,20250612,EVENT,-3.6192,14.08,11.4,0.0235,s1v2_CHoCH↑;s7v2_up;s19;s10_in_ob;s5;s6x1
002111.SZ,20250613,EVENT,4.9953,10.99,9.674,0.047,s7v2_up;s21;s9_bsl_tight;s10_in_ob;s5;s6x1
002023.SZ,20250619,EVENT,-2.3222,11.02,10.024,0.0504,s7v2_up;s21;s8_sweep_bear;s5;s6x1
002262.SZ,20250619,EVENT,-0.8673,23.86,20.988,0.042,s1v2_CHoCH↓;s20;s15;s5
002061.SZ,20250620,EVENT,5.032,4.14,3.822,0.0206,s1v2_CHoCH↑;s7v2_up;s19;s9_bsl_tight;s5;s6x1
600330.SH,20250620,EVENT,4.2286,7.22,6.506,0.0274,s1v2_CHoCH↑;s7v2_up;s19;s9_bsl_tight;s10_in_ob;s6x1
002192.SZ,20250623,EVENT,3.6801,29.85,27.714,0.0588,s1v2_CHoCH↑;s7v2_up;s9_bsl_tight;s5;s6x1
601390.SH,20250625,EVENT,0.0578,5.414,5.128,0.1176,s15;s10_in_ob;s12_in_ote;s5;s6x1
002734_SZ.SZ,20250603,CONT,27.5617,,,0.045,s7v2_up;s22;s5
002174_SZ.SZ,20250605,CONT,-9.4443,,,0.0038,s1v2_CHoCH↑;s7v2_up;s18;s16;s23;s5
600521_SH.SH,20250609,CONT,3.3921,,,0.12,s1v2_CHoCH↑;s7v2_up;s5
603879_SH.SH,20250609,CONT,-6.3633,,,0.12,s1v2_CHoCH↑;s7v2_up;s5
600193_SH.SH,20250610,CONT,-2.9083,,,0.045,s7v2_up;s22;s5
002565_SZ.SZ,20250617,CONT,13.6678,,,0.3,s7v2_up;s5
301345_SZ.SZ,20250620,CONT,43.1645,,,0.045,s7v2_up;s22;s5
688658_SH.SH,20250623,CONT,21.6978,,,0.12,s1v2_CHoCH↑;s7v2_up;s5
002309_SZ.SZ,20250624,CONT,8.5719,,,0.18,s7v2_up;s16;s5
688183_SH.SH,20250625,CONT,1.4986,,,0.18,s7v2_up;s16;s5
300548_SZ.SZ,20250626,CONT,18.9601,,,0.18,s7v2_up;s16;s5
601598.SH,20250609,EVENT,-0.6416,4.73,4.374,0.1617,s17;s9_bsl_tight;s4;s5;s6x1
603777.SH,20250609,EVENT,-13.3665,15.3,12.425,0.0924,s1v2_CHoCH↓;s17;s8_sweep_bear;s4;s6x1
600022.SH,20250612,EVENT,-3.424,1.36,1.28,0.0739,s1v2_CHoCH↓;s17;s10_in_ob;s4;s5;s6x1
688084.SH,20250619,EVENT,3.4287,71.08,63.771,0.0403,s7v2_up;s21;s8_sweep_bear;s9_bsl_tight;s10_in_ob;s4;s6x3
688298.SH,20250619,EVENT,6.0815,27.38,22.284,0.0735,s7v2_up;s16;s9_bsl_tight;s4;s6x1
688739.SH,20250619,EVENT,2.8778,26.97,24.421,0.0072,s1v2_CHoCH↑;s7v2_up;s19;s9_bsl_tight;s12_in_ote;s4;s5;s6x1
300218.SZ,20250623,EVENT,6.6877,15.154,13.723,0.084,s1v2_CHoCH↓;s4;s5;s6x1
688739.SH,20250623,EVENT,2.3636,26.071,24.418,0.0123,s1v2_CHoCH↑;s7v2_up;s19;s9_bsl_tight;s12_in_ote;s4;s5;s6x3
000778.SZ,20250625,EVENT,2.4981,3.485,3.29,0.0235,s7v2_up;s21;s9_bsl_tight;s10_in_ob;s4;s5;s6x1
601011.SH,20250625,EVENT,3.5823,2.69,2.366,0.0784,s1v2_CHoCH↑;s7v2_up;s9_bsl_tight;s10_in_ob;s6x1
002716.SZ,20250626,EVENT,13.1501,4.35,3.303,0.0294,s1v2_CHoCH↑;s7v2_up;s18;s16;s9_bsl_tight
603318.SH,20250626,EVENT,5.1566,6.882,6.142,0.0343,s1v2_CHoCH↓;s20;s15;s9_bsl_tight;s6x1
002716.SZ,20250627,EVENT,12.2691,4.35,3.686,0.0176,s1v2_CHoCH↑;s7v2_up;s18;s16;s9_bsl_tight;s5
002049.SZ,20250701,EVENT,0.4093,65.73,61.016,0.245,s15;s6x1;s13
000921.SZ,20250710,EVENT,2.8109,29.98,24.877,0.1035,s1v2_CHoCH↓;s17;s10_in_ob;s5;s6x1;s13
688788.SH,20250711,EVENT,12.7396,33.438,24.788,0.098,s1v2_CHoCH↑;s7v2_up;s9_bsl_tight;s6x1
688352.SH,20250703,EVENT,2.7613,11.47,10.205,0.168,s1v2_CHoCH↑;s7v2_up;s9_bsl_tight;s6x3
688521.SH,20250716,EVENT,0.8771,99.9,82.484,0.084,s7v2_up;s21;s5;s6x1
000521.SZ,20250717,EVENT,2.1321,7.275,6.446,0.6,s15;s6x3
002413_SZ.SZ,20250704,CONT,-12.0936,,,0.3,s7v2_up;s5
688518_SH.SH,20250704,CONT,-2.1858,,,0.045,s7v2_up;s22;s5
001896_SZ.SZ,20250714,CONT,-14.8341,,,0.0252,s1v2_CHoCH↑;s7v2_up;s18;s16;s5
603127_SH.SH,20250716,CONT,31.8238,,,0.18,s7v2_up;s16;s5
601869_SH.SH,20250718,CONT,16.7943,,,0.18,s7v2_up;s16;s5
603083_SH.SH,20250718,CONT,-3.4724,,,0.18,s7v2_up;s16;s5
300308_SZ.SZ,20250724,CONT,9.2976,,,0.18,s7v2_up;s16;s5
002384_SZ.SZ,20250729,CONT,3.3283,,,0.045,s7v2_up;s22;s5
688226_SH.SH,20250729,CONT,23.9755,,,0.12,s1v2_CHoCH↑;s7v2_up;s5
603836.SH,20250717,EVENT,0.4208,11.149,8.848,0.0245,s1v2_CHoCH↑;s7v2_up;s19;s4;s6x1
688788.SH,20250724,EVENT,7.2203,33.438,27.874,0.07,s1v2_CHoCH↑;s7v2_up;s9_bsl_tight;s4
300433.SZ,20250703,EVENT,1.8045,21.892,20.16,0.0588,s1v2_CHoCH↑;s7v2_up;s8_sweep_bear;s9_bsl_tight;s6x1
002327.SZ,20250804,EVENT,1.3809,7.47,7.185,0.462,s17;s5;s6x1
002327.SZ,20250814,EVENT,0.0115,7.47,7.148,0.0554,s24_eql_risk;s17;s10_in_ob;s12_in_ote;s5
300096.SZ,20250819,EVENT,9.5979,4.31,3.82,0.21,s15;s5;s6x1
600343_SH.SH,20250804,CONT,-2.1974,,,0.045,s7v2_up;s22;s5
688156_SH.SH,20250804,CONT,-0.4761,,,0.0252,s1v2_CHoCH↑;s7v2_up;s18;s16;s5
688163_SH.SH,20250805,CONT,-1.8269,,,0.18,s7v2_up;s16;s5
688265_SH.SH,20250805,CONT,41.216,,,0.18,s7v2_up;s16;s5
300229_SZ.SZ,20250807,CONT,2.2231,,,0.0252,s1v2_CHoCH↑;s7v2_up;s18;s16;s5
300224_SZ.SZ,20250808,CONT,-4.8906,,,0.18,s7v2_up;s16;s5
301268_SZ.SZ,20250811,CONT,-3.3139,,,0.18,s7v2_up;s16;s5
603109_SH.SH,20250811,CONT,-4.8316,,,0.045,s7v2_up;s22;s5
002148_SZ.SZ,20250812,CONT,2.1111,,,0.18,s7v2_up;s16;s5
001277_SZ.SZ,20250814,CONT,-19.9775,,,0.3,s7v2_up;s5
000501_SZ.SZ,20250818,CONT,-12.6448,,,0.18,s7v2_up;s16;s5
300855_SZ.SZ,20250818,CONT,-7.7048,,,0.12,s1v2_CHoCH↑;s7v2_up;s5
688661_SH.SH,20250818,CONT,1.5822,,,0.045,s7v2_up;s22;s5
601231_SH.SH,20250819,CONT,1.0892,,,0.0038,s1v2_CHoCH↑;s7v2_up;s18;s16;s23;s5
688226_SH.SH,20250819,CONT,-14.8419,,,0.18,s7v2_up;s16;s5
300809_SZ.SZ,20250820,CONT,-14.0701,,,0.0252,s1v2_CHoCH↑;s7v2_up;s18;s16;s5
600884_SH.SH,20250820,CONT,-3.1412,,,0.3,s7v2_up;s5
603893_SH.SH,20250821,CONT,0.696,,,0.18,s7v2_up;s16;s5
002993_SZ.SZ,20250825,CONT,-13.2428,,,0.18,s7v2_up;s16;s5
300274_SZ.SZ,20250825,CONT,37.8121,,,0.18,s7v2_up;s16;s5
301057_SZ.SZ,20250825,CONT,9.8277,,,0.18,s7v2_up;s16;s5
301526_SZ.SZ,20250825,CONT,11.8244,,,0.18,s7v2_up;s16;s5
300004_SZ.SZ,20250826,CONT,-14.9107,,,0.0038,s1v2_CHoCH↑;s7v2_up;s18;s16;s23;s5
301057_SZ.SZ,20250826,CONT,9.7279,,,0.18,s7v2_up;s16;s5
300147_SZ.SZ,20250827,CONT,-5.6329,,,0.0252,s1v2_CHoCH↑;s7v2_up;s18;s16;s5
603021_SH.SH,20250827,CONT,7.3157,,,0.18,s7v2_up;s16;s5
688260_SH.SH,20250827,CONT,-1.6071,,,0.18,s7v2_up;s16;s5
000029_SZ.SZ,20250829,CONT,-2.2234,,,0.3,s7v2_up;s5
301448_SZ.SZ,20250829,CONT,50.7873,,,0.3,s7v2_up;s5
600107_SH.SH,20250829,CONT,17.9979,,,0.0038,s1v2_CHoCH↑;s7v2_up;s18;s16;s23;s5
600487_SH.SH,20250829,CONT,-1.2728,,,0.18,s7v2_up;s16;s5
605288_SH.SH,20250829,CONT,35.4265,,,0.18,s7v2_up;s16;s5
002221.SZ,20250926,EVENT,-9.0532,9.53,8.228,0.0044,s1v2_CHoCH↑;s7v2_up;s18;s16;s23;s13
301197.SZ,20250904,EVENT,16.3759,22.152,17.862,0.168,s1v2_CHoCH↓;s9_bsl_tight;s5
601665.SH,20250917,EVENT,5.5818,5.651,5.209,0.252,s8_sweep_bear;s5;s6x1
603121.SH,20250919,EVENT,3.2014,19.35,16.104,0.196,s15;s10_in_ob;s12_in_ote;s6x1
002802.SZ,20250917,EVENT,0.127,14.582,12.406,0.4,s24_eqh_target;s1v2_CHoCH↓
688232.SH,20250917,EVENT,-0.0233,31.631,27.155,0.1848,s1v2_CHoCH↓;s17;s5;s6x1
688232.SH,20250926,EVENT,-1.2672,28.881,27.465,0.3,s15;s5
301197.SZ,20250929,EVENT,3.5508,22.432,18.3,0.1176,s1v2_CHoCH↑;s7v2_up;s9_bsl_tight;s12_in_ote;s6x3
688218_SH.SH,20250901,CONT,-7.3678,,,0.18,s7v2_up;s16;s5
688433_SH.SH,20250901,CONT,18.9881,,,0.18,s7v2_up;s16;s5
000972_SZ.SZ,20250908,CONT,-22.9557,,,0.045,s7v2_up;s22;s5
002943_SZ.SZ,20250908,CONT,-4.8138,,,0.045,s7v2_up;s22;s5
300756_SZ.SZ,20250908,CONT,8.7757,,,0.3,s7v2_up;s5
605133_SH.SH,20250908,CONT,2.2184,,,0.18,s7v2_up;s16;s5
688088_SH.SH,20250908,CONT,-5.2341,,,0.045,s7v2_up;s22;s5
688612_SH.SH,20250908,CONT,-2.8945,,,0.045,s7v2_up;s22;s5
000830_SZ.SZ,20250909,CONT,-10.3974,,,0.18,s7v2_up;s16;s5
603285_SH.SH,20250911,CONT,-16.7533,,,0.18,s7v2_up;s16;s5
002715_SZ.SZ,20250912,CONT,1.558,,,0.18,s7v2_up;s16;s5
688325_SH.SH,20250912,CONT,67.9818,,,0.18,s7v2_up;s16;s5
001234_SZ.SZ,20250916,CONT,-11.1748,,,0.18,s7v2_up;s16;s5
300736_SZ.SZ,20250916,CONT,-5.2462,,,0.18,s7v2_up;s16;s5
002715_SZ.SZ,20250919,CONT,-5.8693,,,0.045,s7v2_up;s22;s5
300111_SZ.SZ,20250922,CONT,13.4134,,,0.18,s7v2_up;s16;s5
603216_SH.SH,20250922,CONT,0.09,,,0.045,s7v2_up;s22;s5
301288_SZ.SZ,20250923,CONT,-4.4802,,,0.18,s7v2_up;s16;s5
603298_SH.SH,20250924,CONT,-6.8595,,,0.045,s7v2_up;s22;s5
300904_SZ.SZ,20250929,CONT,-4.27,,,0.18,s7v2_up;s16;s5
301042_SZ.SZ,20250930,CONT,8.2663,,,0.3,s7v2_up;s5
603216_SH.SH,20250930,CONT,-11.442,,,0.045,s7v2_up;s22;s5
000526.SZ,20250924,EVENT,-3.5165,55.05,45.096,0.084,s1v2_CHoCH↓;s4;s5;s6x1
002969.SZ,20250930,EVENT,5.0347,3.7,3.29,0.1078,s1v2_CHoCH↓;s17;s9_bsl_tight;s4;s6x1
300791.SZ,20250910,EVENT,-5.1692,26.321,23.682,0.0176,s7v2_up;s22;s9_bsl_tight;s10_in_ob;s5;s6x1
000906.SZ,20251013,EVENT,0.3983,6.23,5.852,0.28,s15;s10_in_ob;s6x1
002413.SZ,20251031,EVENT,0.4929,5.64,5.21,0.0588,s7v2_up;s21;s8_sweep_bear;s9_bsl_tight;s6x1
002221.SZ,20251009,EVENT,-4.0416,9.53,8.213,0.0042,s24_eql_risk;s1v2_CHoCH↑;s7v2_up;s19;s10_in_ob;s12_in_ote;s5;s6x3
301258.SZ,20251014,EVENT,2.7943,35.787,31.196,0.07,s1v2_CHoCH↓;s20;s15
301325.SZ,20251028,EVENT,7.1158,72.48,53.025,0.28,s1v2_CHoCH↓;s6x1
300686_SZ.SZ,20251014,CONT,-1.2828,,,0.045,s7v2_up;s22;s5
601011_SH.SH,20251017,CONT,-2.2619,,,0.18,s7v2_up;s16;s5
603530_SH.SH,20251017,CONT,-2.1152,,,0.045,s7v2_up;s22;s5
601001_SH.SH,20251021,CONT,-2.355,,,0.18,s7v2_up;s16;s5
603843_SH.SH,20251022,CONT,50.5326,,,0.0252,s1v2_CHoCH↑;s7v2_up;s18;s16;s5
000592_SZ.SZ,20251024,CONT,100.2505,,,0.3,s7v2_up;s5
000933_SZ.SZ,20251030,CONT,9.0308,,,0.18,s7v2_up;s16;s5
002481.SZ,20251009,EVENT,9.8173,6.12,5.33,0.0336,s7v2_up;s21;s10_in_ob;s12_in_ote;s4;s5
600686.SH,20251009,EVENT,4.2874,12.09,10.594,0.385,s17;s4;s6x1
605266.SH,20251013,EVENT,3.0364,20.963,18.81,0.0517,s1v2_CHoCH↓;s17;s9_bsl_tight;s10_in_ob;s4;s5;s6x1
688166.SH,20251103,EVENT,-8.351,102.724,49.714,0.84,s6x3;s13
688010.SH,20251121,EVENT,5.0704,28.6,25.768,0.0243,s24_eql_risk;s17;s12_in_ote;s5;s6x1;s14
000513.SZ,20251110,EVENT,-4.8666,37.85,34.293,0.5544,s17;s9_bsl_tight;s5;s6x3
300592.SZ,20251105,EVENT,-1.2117,11.964,9.701,0.308,s1v2_CHoCH↓;s17;s9_bsl_tight
000513.SZ,20251106,EVENT,-2.8781,41.15,34.277,0.6336,s17;s10_in_ob;s5;s6x3
000513.SZ,20251107,EVENT,-3.446,41.15,34.281,0.792,s17;s5;s6x3
688321.SH,20251107,EVENT,-9.4927,32.412,27.383,0.35,s15;s6x1
002892.SZ,20251119,EVENT,-2.9843,17.578,12.679,0.66,s17;s5
002892.SZ,20251121,EVENT,-2.0574,17.578,12.685,0.396,s17;s5;s6x3;s14
605555.SH,20251128,EVENT,7.4319,20.42,15.55,0.098,s7v2_up;s21;s12_in_ote;s6x1
600872.SH,20251106,EVENT,0.3393,19.06,17.663,0.66,s17;s5
601919.SH,20251107,EVENT,0.6842,14.89,12.912,0.0294,s1v2_CHoCH↑;s7v2_up;s18;s16;s9_bsl_tight
603369.SH,20251107,EVENT,0.5933,39.23,36.324,0.66,s17;s5
600576.SH,20251119,EVENT,-0.2295,8.99,6.984,0.308,s1v2_CHoCH↓;s17;s6x1
600858.SH,20251126,EVENT,6.1529,6.04,5.373,0.0043,s1v2_CHoCH↑;s7v2_up;s19;s8_sweep_bear;s9_bsl_tight;s12_in_ote;s5;s6x1;s14
688267.SH,20251126,EVENT,9.572,22.983,20.302,0.0147,s1v2_CHoCH↓;s20;s15;s5;s6x1;s14
600278.SH,20251128,EVENT,-2.1869,8.661,7.439,0.1176,s1v2_CHoCH↓;s9_bsl_tight;s5;s6x1
000908_SZ.SZ,20251103,CONT,16.3344,,,0.12,s1v2_CHoCH↑;s7v2_up;s5
002497_SZ.SZ,20251106,CONT,29.2072,,,0.12,s1v2_CHoCH↑;s7v2_up;s5
300438_SZ.SZ,20251106,CONT,-6.1222,,,0.18,s7v2_up;s16;s5
603185_SH.SH,20251106,CONT,5.5628,,,0.18,s7v2_up;s16;s5
600815_SH.SH,20251111,CONT,-6.4657,,,0.12,s1v2_CHoCH↑;s7v2_up;s5
000007_SZ.SZ,20251113,CONT,1.7792,,,0.0252,s1v2_CHoCH↑;s7v2_up;s18;s16;s5
000820_SZ.SZ,20251114,CONT,1.262,,,0.12,s1v2_CHoCH↑;s7v2_up;s5
300078_SZ.SZ,20251125,CONT,7.8508,,,0.0019,s1v2_CHoCH↑;s7v2_up;s18;s16;s23;s5;s14
002051.SZ,20251106,EVENT,-0.1661,9.41,8.339,0.0072,s1v2_CHoCH↑;s7v2_up;s19;s9_bsl_tight;s12_in_ote;s4;s5;s6x1
600566.SH,20251126,EVENT,7.6558,26.69,22.225,0.0196,s1v2_CHoCH↑;s7v2_up;s9_bsl_tight;s10_in_ob;s4;s6x1;s14
601233.SH,20251127,EVENT,0.5352,16.46,13.407,0.006,s1v2_CHoCH↑;s7v2_up;s19;s9_bsl_tight;s12_in_ote;s4;s6x1;s14
002387.SZ,20251201,EVENT,0.2988,11.28,8.401,0.0274,s1v2_CHoCH↑;s7v2_up;s19;s9_bsl_tight;s10_in_ob;s12_in_ote
688310.SH,20251201,EVENT,-7.457,21.45,14.518,0.1568,s1v2_CHoCH↓;s10_in_ob;s6x1;s13
600873.SH,20251231,EVENT,1.3556,9.932,9.502,0.0252,s1v2_CHoCH↑;s7v2_up;s19;s8_sweep_bear;s5
000521.SZ,20251204,EVENT,-2.3233,6.895,6.403,0.0924,s1v2_CHoCH↓;s17;s5;s6x1;s14
600734_SH.SH,20251202,CONT,-6.2606,,,0.18,s7v2_up;s16;s5
603355_SH.SH,20251209,CONT,-11.8637,,,0.09,s7v2_up;s16;s5;s14
000901_SZ.SZ,20251215,CONT,14.1103,,,0.09,s7v2_up;s16;s5;s14
000935_SZ.SZ,20251216,CONT,-0.9149,,,0.09,s7v2_up;s16;s5;s14
002297_SZ.SZ,20251225,CONT,5.4911,,,0.18,s7v2_up;s16;s5
300118_SZ.SZ,20251225,CONT,41.002,,,0.0252,s1v2_CHoCH↑;s7v2_up;s18;s16;s5
300531.SZ,20251204,EVENT,-2.52,20.301,16.415,0.0073,s1v2_CHoCH↓;s20;s15;s4;s5;s6x1;s14
300834.SZ,20260105,EVENT,1.5024,23.525,20.682,0.1715,s15;s9_bsl_tight;s11_mss_bull_fresh;s13
000513.SZ,20260107,EVENT,0.8517,34.72,32.613,0.3881,s17;s9_bsl_tight;s5;s6x3;s13
603039.SH,20260108,EVENT,-0.1504,46.529,40.114,0.0686,s1v2_CHoCH↑;s7v2_up;s9_bsl_tight;s6x1;s13
600872.SH,20260105,EVENT,0.5965,17.15,16.505,0.0016,s1v2_CHoCH↑;s7v2_up;s18;s16;s23;s8_sweep_bear;s9_bsl_tight;s5
002675.SZ,20260106,EVENT,3.8865,15.17,12.799,0.44,s1v2_CHoCH↓;s17
002875.SZ,20260121,EVENT,0.2274,18.38,15.207,0.252,s15;s8_sweep_bear;s9_bsl_tight;s6x3
601618.SH,20260128,EVENT,-0.1137,3.17,2.946,0.0206,s1v2_CHoCH↑;s7v2_up;s19;s8_sweep_bear;s9_bsl_tight;s6x1
688612.SH,20260128,EVENT,-1.9288,34.822,32.041,0.0206,s1v2_CHoCH↓;s20;s15;s9_bsl_tight;s5;s13
000048.SZ,20260109,EVENT,17.4427,18.0,12.293,0.0294,s1v2_CHoCH↑;s7v2_up;s18;s16;s9_bsl_tight
002488.SZ,20260109,EVENT,1.8266,10.54,7.462,0.0588,s1v2_CHoCH↑;s7v2_up;s8_sweep_bear;s9_bsl_tight;s6x1
688576.SH,20260109,EVENT,4.0171,46.185,40.885,0.196,s15;s9_bsl_tight;s10_in_ob;s6x1
002422.SZ,20260107,EVENT,3.7599,34.222,29.64,0.21,s15;s5;s6x1
002675.SZ,20260107,EVENT,3.3676,15.17,12.798,0.44,s1v2_CHoCH↓;s17
688506.SH,20260109,EVENT,-8.1724,404.0,307.172,0.528,s1v2_CHoCH↓;s17;s6x3
688506.SH,20260112,EVENT,-10.3783,404.0,307.062,0.4224,s1v2_CHoCH↓;s17;s10_in_ob;s6x3
002608.SZ,20260119,EVENT,-0.319,7.78,7.191,0.1848,s1v2_CHoCH↓;s17;s5;s6x1
300129_SZ.SZ,20260105,CONT,50.0788,,,0.18,s7v2_up;s16;s5
002169_SZ.SZ,20260107,CONT,1.0142,,,0.18,s7v2_up;s16;s5
002582_SZ.SZ,20260109,CONT,36.5576,,,0.045,s7v2_up;s22;s5
300984_SZ.SZ,20260109,CONT,-2.2482,,,0.18,s7v2_up;s16;s5
000603_SZ.SZ,20260112,CONT,50.3059,,,0.045,s7v2_up;s22;s5
688503_SH.SH,20260114,CONT,3.8927,,,0.18,s7v2_up;s16;s5
300054_SZ.SZ,20260116,CONT,-4.4044,,,0.18,s7v2_up;s16;s5
603650_SH.SH,20260116,CONT,-9.2833,,,0.18,s7v2_up;s16;s5
000612_SZ.SZ,20260120,CONT,2.1447,,,0.0252,s1v2_CHoCH↑;s7v2_up;s18;s16;s5
002112_SZ.SZ,20260120,CONT,11.4901,,,0.18,s7v2_up;s16;s5
300855_SZ.SZ,20260120,CONT,-2.8142,,,0.045,s7v2_up;s22;s5
301073_SZ.SZ,20260120,CONT,-1.6834,,,0.3,s7v2_up;s5
000960_SZ.SZ,20260121,CONT,-3.7313,,,0.18,s7v2_up;s16;s5
001373_SZ.SZ,20260121,CONT,6.6687,,,0.0252,s1v2_CHoCH↑;s7v2_up;s18;s16;s5
600547_SH.SH,20260121,CONT,-2.7236,,,0.18,s7v2_up;s16;s5
300201_SZ.SZ,20260122,CONT,-0.3239,,,0.12,s1v2_CHoCH↑;s7v2_up;s5
688155_SH.SH,20260122,CONT,12.7928,,,0.0252,s1v2_CHoCH↑;s7v2_up;s18;s16;s5
002358_SZ.SZ,20260123,CONT,6.4104,,,0.045,s7v2_up;s22;s5
002339_SZ.SZ,20260126,CONT,11.5343,,,0.18,s7v2_up;s16;s5
603012_SH.SH,20260127,CONT,1.1959,,,0.12,s1v2_CHoCH↑;s7v2_up;s5
300594_SZ.SZ,20260128,CONT,5.7618,,,0.3,s7v2_up;s5
603861_SH.SH,20260128,CONT,5.0434,,,0.18,s7v2_up;s16;s5
603986_SH.SH,20260128,CONT,-9.5316,,,0.12,s1v2_CHoCH↑;s7v2_up;s5
688008_SH.SH,20260128,CONT,-0.8447,,,0.18,s7v2_up;s16;s5
688179_SH.SH,20260128,CONT,-8.9233,,,0.0252,s1v2_CHoCH↑;s7v2_up;s18;s16;s5
688536_SH.SH,20260128,CONT,-11.3217,,,0.12,s1v2_CHoCH↑;s7v2_up;s5
600176_SH.SH,20260129,CONT,26.0257,,,0.12,s1v2_CHoCH↑;s7v2_up;s5
600211.SH,20260122,EVENT,-4.4005,45.135,40.399,0.0176,s1v2_CHoCH↑;s7v2_up;s18;s16;s9_bsl_tight;s4;s6x3
600329.SH,20260209,EVENT,-1.6533,42.79,39.993,0.024,s1v2_CHoCH↓;s20;s15;s9_bsl_tight;s6x1;s13
603858.SH,20260204,EVENT,1.0734,17.42,16.067,0.0412,s1v2_CHoCH↑;s7v2_up;s8_sweep_bear;s9_bsl_tight;s6x1;s13
002286.SZ,20260209,EVENT,-0.7673,10.6,9.09,0.0154,s7v2_up;s22;s8_sweep_bear;s9_bsl_tight;s6x1;s13
601137.SH,20260211,EVENT,5.4141,23.839,17.954,0.308,s1v2_CHoCH↓;s17;s6x1
688617.SH,20260211,EVENT,-6.1587,268.693,218.491,0.049,s1v2_CHoCH↓;s20;s15;s6x1
301320.SZ,20260205,EVENT,3.3411,18.741,15.541,0.168,s7v2_up;s21;s9_bsl_tight;s6x3
600436.SH,20260206,EVENT,-8.6772,172.83,149.606,0.5,s15
300679.SZ,20260210,EVENT,-6.9528,51.715,39.864,0.28,s1v2_CHoCH↓;s6x1
301130.SZ,20260211,EVENT,0.8623,31.827,30.098,0.0151,s7v2_up;s22;s8_sweep_bear;s9_bsl_tight;s10_in_ob;s5
600743.SH,20260211,EVENT,-0.2508,2.07,1.85,0.35,s15;s6x1
300679.SZ,20260213,EVENT,-3.8248,51.715,39.986,0.192,s1v2_CHoCH↓;s10_in_ob;s5
688617.SH,20260213,EVENT,-1.5947,268.693,218.23,0.44,s1v2_CHoCH↓;s17
600208.SH,20260224,EVENT,0.2476,4.09,3.51,0.49,s9_bsl_tight;s6x1
002475.SZ,20260225,EVENT,-1.9758,60.181,49.615,0.792,s17;s5;s6x3
600331_SH.SH,20260202,CONT,21.1029,,,0.045,s7v2_up;s22;s5
603285_SH.SH,20260202,CONT,5.2827,,,0.0252,s1v2_CHoCH↑;s7v2_up;s18;s16;s5
603306_SH.SH,20260202,CONT,13.4052,,,0.045,s7v2_up;s22;s5
605056_SH.SH,20260202,CONT,10.0995,,,0.0252,s1v2_CHoCH↑;s7v2_up;s18;s16;s5
002487_SZ.SZ,20260204,CONT,11.5697,,,0.18,s7v2_up;s16;s5
000533_SZ.SZ,20260213,CONT,40.4357,,,0.18,s7v2_up;s16;s5
603950_SH.SH,20260227,CONT,6.419,,,0.18,s7v2_up;s16;s5
600971.SH,20260211,EVENT,5.1356,6.98,5.886,0.021,s7v2_up;s22;s9_bsl_tight;s10_in_ob;s4
600801.SH,20260204,EVENT,-2.6805,26.23,22.238,0.0686,s7v2_up;s21;s9_bsl_tight;s12_in_ote;s6x1
688317.SH,20260204,EVENT,0.042,28.58,19.648,0.0412,s7v2_up;s21;s8_sweep_bear;s9_bsl_tight;s12_in_ote;s6x1
002015.SZ,20260205,EVENT,6.3251,11.53,9.664,0.0367,s7v2_up;s22;s9_bsl_tight;s6x1
600873.SH,20260206,EVENT,4.1276,10.672,9.574,0.0378,s24_eqh_target;s7v2_up;s22;s8_sweep_bear;s9_bsl_tight;s6x3
301307.SZ,20260306,EVENT,4.4752,39.58,31.371,0.0686,s7v2_up;s21;s9_bsl_tight;s6x1;s13
002955.SZ,20260319,EVENT,-2.8504,27.9,24.789,0.1109,s17;s8_sweep_bear;s10_in_ob;s5;s6x1;s14
300633.SZ,20260319,EVENT,-5.5516,29.021,24.633,0.1617,s17;s9_bsl_tight;s5;s6x1;s14
603885.SH,20260326,EVENT,2.9426,14.27,11.154,0.105,s15;s5;s6x1;s14
000009.SZ,20260311,EVENT,-5.9054,9.8,8.674,1.1,s17
000408.SZ,20260325,EVENT,6.9561,81.807,72.325,0.147,s9_bsl_tight;s12_in_ote;s5;s14
000408.SZ,20260326,EVENT,8.4677,81.807,72.242,0.105,s15;s9_bsl_tight;s5;s14
603836.SH,20260306,EVENT,-5.1864,10.64,9.625,0.0206,s1v2_CHoCH↑;s7v2_up;s19;s9_bsl_tight;s5;s6x1
300583.SZ,20260310,EVENT,-0.5219,15.245,14.577,0.21,s15;s9_bsl_tight;s5
688278.SH,20260316,EVENT,-2.1037,79.185,68.287,0.3234,s17;s12_in_ote;s5;s6x1
002655_SZ.SZ,20260302,CONT,5.9493,,,0.12,s1v2_CHoCH↑;s7v2_up;s5
600188_SH.SH,20260302,CONT,11.4052,,,0.045,s7v2_up;s22;s5
600482_SH.SH,20260305,CONT,-11.9589,,,0.18,s7v2_up;s16;s5
601898_SH.SH,20260312,CONT,-2.7054,,,0.3,s7v2_up;s5
301265_SZ.SZ,20260317,CONT,0.9915,,,0.18,s7v2_up;s16;s5
300868_SZ.SZ,20260324,CONT,6.0426,,,0.09,s7v2_up;s16;s5;s14
688251_SH.SH,20260325,CONT,-3.1379,,,0.06,s1v2_CHoCH↑;s7v2_up;s5;s14
002309_SZ.SZ,20260331,CONT,-16.2417,,,0.09,s7v2_up;s16;s5;s14
600909.SH,20260311,EVENT,-3.6518,7.73,5.853,0.144,s1v2_CHoCH↓;s4;s5;s6x3
600208.SH,20260316,EVENT,-4.9156,3.86,3.308,0.231,s17;s9_bsl_tight;s4;s5
600679.SH,20260319,EVENT,-3.3432,13.047,11.652,0.1155,s17;s4;s5;s6x1;s14
603043.SH,20260330,EVENT,-3.9452,17.57,14.714,0.15,s4;s5;s14
605162_SH.SH,20260401,CONT,10.4529,,,0.0225,s7v2_up;s22;s5;s14
002713_SZ.SZ,20260408,CONT,10.1528,,,0.0225,s7v2_up;s22;s5;s14
002902_SZ.SZ,20260414,CONT,2.576,,,0.0252,s1v2_CHoCH↑;s7v2_up;s18;s16;s5
002281_SZ.SZ,20260416,CONT,34.3896,,,0.18,s7v2_up;s16;s5
002281_SZ.SZ,20260417,CONT,35.6861,,,0.18,s7v2_up;s16;s5
301222_SZ.SZ,20260417,CONT,29.8452,,,0.12,s1v2_CHoCH↑;s7v2_up;s5
688383_SH.SH,20260417,CONT,3.5317,,,0.0252,s1v2_CHoCH↑;s7v2_up;s18;s16;s5
603165_SH.SH,20260420,CONT,8.5821,,,0.18,s7v2_up;s16;s5
301369_SZ.SZ,20260423,CONT,37.1808,,,0.3,s7v2_up;s5
603950_SH.SH,20260423,CONT,15.0388,,,0.045,s7v2_up;s22;s5
003031_SZ.SZ,20260428,CONT,26.8506,,,0.18,s7v2_up;s16;s5
605006_SH.SH,20260428,CONT,28.4216,,,0.18,s7v2_up;s16;s5
002273_SZ.SZ,20260430,CONT,10.7384,,,0.045,s7v2_up;s22;s5
002384_SZ.SZ,20260430,CONT,16.8197,,,0.18,s7v2_up;s16;s5
003031_SZ.SZ,20260430,CONT,35.3134,,,0.18,s7v2_up;s16;s5
301603_SZ.SZ,20260430,CONT,26.7856,,,0.12,s1v2_CHoCH↑;s7v2_up;s5
603139_SH.SH,20260430,CONT,5.5119,,,0.045,s7v2_up;s22;s5
688683_SH.SH,20260430,CONT,1.1268,,,0.0252,s1v2_CHoCH↑;s7v2_up;s18;s16;s5
000063.SZ,20260529,EVENT,1.4191,39.792,33.608,0.098,s1v2_CHoCH↑;s7v2_up;s9_bsl_tight;s6x1
600239.SH,20260529,EVENT,-6.55,2.26,1.436,0.56,s10_in_ob;s6x1
603456.SH,20260527,EVENT,-1.7278,17.69,12.435,0.1344,s1v2_CHoCH↓;s10_in_ob;s5;s6x1
002938_SZ.SZ,20260506,CONT,23.7167,,,0.12,s1v2_CHoCH↑;s7v2_up;s5
003031_SZ.SZ,20260506,CONT,30.8796,,,0.18,s7v2_up;s16;s5
688069_SH.SH,20260506,CONT,45.1166,,,0.12,s1v2_CHoCH↑;s7v2_up;s5
002938_SZ.SZ,20260507,CONT,25.5635,,,0.12,s1v2_CHoCH↑;s7v2_up;s5
301371_SZ.SZ,20260507,CONT,5.4799,,,0.0252,s1v2_CHoCH↑;s7v2_up;s18;s16;s5
688381_SH.SH,20260507,CONT,28.5425,,,0.12,s1v2_CHoCH↑;s7v2_up;s5
002916_SZ.SZ,20260512,CONT,25.5841,,,0.12,s1v2_CHoCH↑;s7v2_up;s5
300054_SZ.SZ,20260512,CONT,18.5593,,,0.18,s7v2_up;s16;s5
603682_SH.SH,20260512,CONT,-5.4934,,,0.18,s7v2_up;s16;s5
688508_SH.SH,20260512,CONT,6.3858,,,0.12,s1v2_CHoCH↑;s7v2_up;s5
000668_SZ.SZ,20260514,CONT,1.0686,,,0.12,s1v2_CHoCH↑;s7v2_up;s5
300475_SZ.SZ,20260514,CONT,-3.6178,,,0.0252,s1v2_CHoCH↑;s7v2_up;s18;s16;s5
300706_SZ.SZ,20260514,CONT,6.7505,,,0.12,s1v2_CHoCH↑;s7v2_up;s5
688110_SH.SH,20260514,CONT,-11.271,,,0.0252,s1v2_CHoCH↑;s7v2_up;s18;s16;s5
688290_SH.SH,20260514,CONT,2.6271,,,0.0252,s1v2_CHoCH↑;s7v2_up;s18;s16;s5
000668_SZ.SZ,20260515,CONT,-0.9096,,,0.12,s1v2_CHoCH↑;s7v2_up;s5
001339_SZ.SZ,20260518,CONT,3.8678,,,0.045,s7v2_up;s22;s5
301285_SZ.SZ,20260518,CONT,-5.3475,,,0.045,s7v2_up;s22;s5
601208_SH.SH,20260518,CONT,5.0701,,,0.18,s7v2_up;s16;s5
603162_SH.SH,20260518,CONT,-8.3698,,,0.18,s7v2_up;s16;s5
688017_SH.SH,20260518,CONT,-4.4363,,,0.18,s7v2_up;s16;s5
002635_SZ.SZ,20260519,CONT,-3.8504,,,0.18,s7v2_up;s16;s5
300408_SZ.SZ,20260519,CONT,49.9508,,,0.18,s7v2_up;s16;s5
301123_SZ.SZ,20260519,CONT,17.8385,,,0.045,s7v2_up;s22;s5
603336_SH.SH,20260519,CONT,-27.5771,,,0.0252,s1v2_CHoCH↑;s7v2_up;s18;s16;s5
603608_SH.SH,20260519,CONT,26.8395,,,0.045,s7v2_up;s22;s5
688179_SH.SH,20260519,CONT,-10.4508,,,0.0252,s1v2_CHoCH↑;s7v2_up;s18;s16;s5
003004_SZ.SZ,20260520,CONT,58.5642,,,0.0252,s1v2_CHoCH↑;s7v2_up;s18;s16;s5
002273_SZ.SZ,20260520,CONT,-5.8821,,,0.18,s7v2_up;s16;s5
002993_SZ.SZ,20260520,CONT,7.3483,,,0.18,s7v2_up;s16;s5
603936_SH.SH,20260520,CONT,5.2934,,,0.18,s7v2_up;s16;s5
605358_SH.SH,20260520,CONT,3.7469,,,0.12,s1v2_CHoCH↑;s7v2_up;s5
688052_SH.SH,20260520,CONT,7.7877,,,0.12,s1v2_CHoCH↑;s7v2_up;s5
600936_SH.SH,20260522,CONT,3.9812,,,0.18,s7v2_up;s16;s5
300106_SZ.SZ,20260525,CONT,-10.9349,,,0.0252,s1v2_CHoCH↑;s7v2_up;s18;s16;s5
600730_SH.SH,20260525,CONT,1.7685,,,0.0038,s1v2_CHoCH↑;s7v2_up;s18;s16;s23;s5
300825_SZ.SZ,20260526,CONT,7.5147,,,0.12,s1v2_CHoCH↑;s7v2_up;s5
688107_SH.SH,20260526,CONT,-17.3429,,,0.0252,s1v2_CHoCH↑;s7v2_up;s18;s16;s5
002782_SZ.SZ,20260527,CONT,-18.3149,,,0.0038,s1v2_CHoCH↑;s7v2_up;s18;s16;s23;s5
688068.SH,20260527,EVENT,-7.7309,127.86,71.362,0.5,s4
300883.SZ,20260528,EVENT,-7.1959,8.0,6.393,0.0129,s7v2_up;s22;s9_bsl_tight;s12_in_ote;s4;s6x1
600567.SH,20260611,EVENT,-5.2521,1.4,1.29,0.0504,s15;s8_sweep_bear;s10_in_ob;s5;s13;s14
002758.SZ,20260615,EVENT,-2.99,8.605,7.68,0.36,s15;s5;s6x3
600679.SH,20260608,EVENT,-10.6,12.157,9.339,0.385,s17;s13;s14
600567.SH,20260612,EVENT,7.0723,1.4,1.288,0.084,s15;s10_in_ob;s5;s13;s14
603987.SH,20260612,EVENT,-0.934,8.67,7.118,0.231,s17;s5;s6x1;s14
300871.SZ,20260615,EVENT,2.6908,28.571,19.131,0.48,s1v2_CHoCH↓;s6x3
300193.SZ,20260616,EVENT,-4.9122,8.66,6.971,0.0343,s1v2_CHoCH↓;s20;s15;s6x1;s13
301223.SZ,20260616,EVENT,-2.6463,20.003,16.402,0.528,s17;s10_in_ob;s5
688377.SH,20260604,EVENT,-9.5393,37.292,29.079,0.0196,s1v2_CHoCH↓;s20;s15;s10_in_ob;s13;s14
605507.SH,20260605,EVENT,-4.4321,16.964,14.659,0.55,s17;s14
600187.SH,20260612,EVENT,-15.7731,1.92,1.137,0.308,s17;s10_in_ob;s6x1;s14
301333.SZ,20260616,EVENT,13.6648,70.081,42.623,1.1,s17
603899.SH,20260601,EVENT,-2.9342,25.186,20.65,0.35,s15;s6x1
002637.SZ,20260603,EVENT,1.0045,13.395,9.522,0.294,s15;s9_bsl_tight;s6x3;s13
600585.SH,20260603,EVENT,-4.9084,22.98,18.452,0.48,s10_in_ob;s5
605507.SH,20260603,EVENT,-2.0988,16.964,14.764,0.462,s17;s5;s6x1
000100.SZ,20260604,EVENT,1.1383,4.84,3.923,0.0206,s1v2_CHoCH↑;s7v2_up;s8_sweep_bear;s9_bsl_tight;s6x1;s13;s14
000055.SZ,20260609,EVENT,7.7806,3.83,3.226,0.0504,s7v2_up;s21;s8_sweep_bear;s6x3;s13;s14
002206.SZ,20260611,EVENT,2.0874,6.25,5.013,0.396,s17;s5;s6x3;s14
002332.SZ,20260611,EVENT,0.1146,8.91,8.126,0.1617,s17;s5;s6x1;s13;s14
300347.SZ,20260611,EVENT,26.0276,59.379,37.473,0.18,s15;s5;s6x3;s14
002223.SZ,20260615,EVENT,-4.0712,30.36,25.005,0.42,s5;s6x1
300347.SZ,20260615,EVENT,0.5654,46.849,37.495,0.36,s15;s5;s6x3
603579.SH,20260615,EVENT,-0.2985,22.34,17.287,0.35,s15;s6x1
301263.SZ,20260617,EVENT,-9.2489,23.083,17.792,0.352,s1v2_CHoCH↓;s17;s10_in_ob
301333.SZ,20260617,EVENT,15.1185,70.081,42.671,1.1,s17
301097.SZ,20260618,EVENT,4.737,46.336,32.021,0.32,s1v2_CHoCH↓;s10_in_ob
300245.SZ,20260601,EVENT,-2.2301,14.42,6.538,0.42,s5;s6x1
000409.SZ,20260604,EVENT,-4.5264,10.8,9.13,0.0147,s1v2_CHoCH↑;s7v2_up;s19;s5;s6x1;s14
300583.SZ,20260604,EVENT,-1.8729,15.865,12.394,0.1584,s1v2_CHoCH↓;s17;s5;s6x3;s14
603858.SH,20260604,EVENT,-3.5877,16.75,14.366,0.36,s5;s6x3;s14
300611.SZ,20260605,EVENT,-0.3183,29.83,23.598,0.0137,s1v2_CHoCH↑;s7v2_up;s19;s9_bsl_tight;s10_in_ob;s12_in_ote;s14
688278.SH,20260605,EVENT,9.9354,59.845,53.074,0.33,s17;s5;s14
688513.SH,20260605,EVENT,-2.2323,67.966,45.54,0.21,s5;s6x1;s14
688606.SH,20260608,EVENT,-7.2355,61.38,45.787,0.5,s14
000055.SZ,20260610,EVENT,0.9652,4.44,3.221,0.0353,s7v2_up;s21;s8_sweep_bear;s9_bsl_tight;s12_in_ote;s6x3;s14
601800.SH,20260612,EVENT,-3.3188,7.573,6.022,0.0588,s15;s10_in_ob;s12_in_ote;s5;s6x1;s14
688109.SH,20260612,EVENT,3.1232,106.75,73.549,0.385,s17;s6x1;s14
000801.SZ,20260615,EVENT,-1.4207,14.62,12.101,0.66,s17;s5
300791.SZ,20260615,EVENT,-4.8095,18.851,16.249,0.21,s15;s5;s6x1
600872.SH,20260615,EVENT,-6.592,20.76,16.424,0.084,s1v2_CHoCH↓;s20;s15;s6x3
300883.SZ,20260616,EVENT,-3.0934,8.0,6.155,0.12,s7v2_up;s21;s5
000564.SZ,20260617,EVENT,-4.9047,1.89,1.512,0.21,s15;s5;s6x1
300347.SZ,20260617,EVENT,0.9277,46.849,34.475,0.528,s1v2_CHoCH↓;s17;s6x3
002962_SZ.SZ,20260603,CONT,-11.0477,,,0.045,s7v2_up;s22;s5
301566_SZ.SZ,20260603,CONT,-1.7802,,,0.0038,s1v2_CHoCH↑;s7v2_up;s18;s16;s23;s5
301568_SZ.SZ,20260603,CONT,47.2476,,,0.12,s1v2_CHoCH↑;s7v2_up;s5
300037_SZ.SZ,20260605,CONT,13.5243,,,0.0225,s7v2_up;s22;s5;s14
601678_SH.SH,20260623,CONT,-4.5478,,,0.045,s7v2_up;s22;s5
002876_SZ.SZ,20260625,CONT,-11.6286,,,0.18,s7v2_up;s16;s5
002937_SZ.SZ,20260625,CONT,1.3998,,,0.12,s1v2_CHoCH↑;s7v2_up;s5
603290_SH.SH,20260630,CONT,-20.5931,,,0.045,s7v2_up;s22;s5
600179.SH,20260603,EVENT,4.5809,4.62,4.189,0.0735,s15;s12_in_ote;s4;s5;s6x1
301078.SZ,20260605,EVENT,-2.1953,9.89,8.184,0.042,s1v2_CHoCH↓;s4;s5;s6x1;s14
002452.SZ,20260610,EVENT,9.4688,12.6,10.149,0.035,s7v2_up;s21;s9_bsl_tight;s4;s14
002661.SZ,20260611,EVENT,-6.3837,9.083,7.389,0.1925,s17;s4;s6x1;s14
300082.SZ,20260616,EVENT,-5.8697,13.25,8.29,0.154,s1v2_CHoCH↓;s17;s4;s6x1
000100.SZ,20260610,EVENT,2.0876,4.84,4.023,0.042,s1v2_CHoCH↑;s7v2_up;s8_sweep_bear;s9_bsl_tight;s14
300143.SZ,20260720,EVENT,5.307,7.5,6.326,0.0058,s1v2_CHoCH↑;s7v2_up;s19;s8_sweep_bear;s9_bsl_tight;s10_in_ob;s6x1;s13;s14
600382.SH,20260729,EVENT,0.718,9.68,5.122,0.3,s15;s6x3;s14
300906.SZ,20260730,EVENT,-0.3593,26.31,19.963,0.105,s15;s8_sweep_bear;s13;s14
301032.SZ,20260722,EVENT,9.9244,10.98,8.809,0.21,s5;s6x1;s14
300988.SZ,20260724,EVENT,-2.5251,16.51,13.007,0.175,s15;s13;s14
301446.SZ,20260724,EVENT,23.6725,44.88,30.285,0.1225,s15;s6x1;s13;s14
002888.SZ,20260728,EVENT,17.0396,23.22,12.871,0.2,s1v2_CHoCH↓;s14
601799.SH,20260729,EVENT,1.0371,132.29,83.891,0.1232,s1v2_CHoCH↓;s17;s10_in_ob;s12_in_ote;s14
603390.SH,20260729,EVENT,7.6932,11.11,8.326,0.55,s17;s14
600382.SH,20260730,EVENT,0.2339,9.68,5.134,0.3,s15;s6x3;s14
301446.SZ,20260731,EVENT,14.5298,44.88,25.188,0.25,s15;s14
603920.SH,20260731,EVENT,20.7129,62.49,30.579,0.48,s10_in_ob;s6x3;s14
002858.SZ,20260717,EVENT,-5.7828,12.76,10.331,0.3,s15;s6x3;s14
601717.SH,20260717,EVENT,0.4206,16.88,13.764,0.5,s14
688326.SH,20260717,EVENT,-4.9378,73.98,63.994,0.084,s15;s10_in_ob;s5;s6x1;s14
002340.SZ,20260720,EVENT,7.8089,7.89,6.222,0.231,s17;s5;s6x1;s14
301087.SZ,20260721,EVENT,3.73,52.27,45.722,0.049,s1v2_CHoCH↑;s7v2_up;s9_bsl_tight;s6x1;s14
601600.SH,20260721,EVENT,7.2042,11.07,7.617,0.049,s1v2_CHoCH↑;s7v2_up;s9_bsl_tight;s6x1;s14
000695.SZ,20260722,EVENT,4.2937,13.08,11.057,0.1056,s1v2_CHoCH↓;s17;s8_sweep_bear;s10_in_ob;s14
002858.SZ,20260722,EVENT,13.1279,12.76,9.772,0.396,s17;s5;s6x3;s14
300014.SZ,20260722,EVENT,0.4595,70.44,49.104,0.0245,s1v2_CHoCH↓;s20;s15;s6x1;s14
300183.SZ,20260723,EVENT,5.727,10.88,9.136,0.308,s17;s10_in_ob;s6x1;s14
688032.SH,20260723,EVENT,4.7681,88.8,72.608,0.231,s17;s5;s6x1;s14
002020.SZ,20260727,EVENT,6.4501,15.88,13.1,0.105,s15;s9_bsl_tight;s5;s14
002340.SZ,20260727,EVENT,4.0666,7.89,6.03,0.2,s15;s10_in_ob;s14
300091.SZ,20260727,EVENT,7.9517,2.85,2.142,0.385,s17;s12_in_ote;s14
300906.SZ,20260727,EVENT,15.8211,26.31,21.76,0.231,s17;s5;s6x1;s14
300925.SZ,20260728,EVENT,7.7715,14.97,13.218,0.1848,s17;s10_in_ob;s5;s6x1;s14
301290.SZ,20260728,EVENT,11.6768,30.1,20.814,0.66,s17;s6x3;s14
002722.SZ,20260729,EVENT,3.8525,12.52,11.2,0.44,s17;s10_in_ob;s14
002778.SZ,20260729,EVENT,9.0299,16.6,12.635,0.385,s17;s6x1;s14
002812.SZ,20260729,EVENT,8.2768,72.5,45.134,0.66,s17;s6x3;s14
605588.SH,20260730,EVENT,19.1558,72.0,32.712,0.24,s1v2_CHoCH↓;s6x3;s14
688623.SH,20260730,EVENT,6.3355,75.23,51.466,0.24,s15;s10_in_ob;s6x3;s14
002023.SZ,20260731,EVENT,15.9644,14.18,7.836,0.2,s1v2_CHoCH↓;s14
002827.SZ,20260717,EVENT,0.168,27.96,21.675,0.105,s15;s8_sweep_bear;s6x1;s14
301173.SZ,20260721,EVENT,-3.2819,34.35,28.294,0.1663,s17;s8_sweep_bear;s12_in_ote;s5;s6x3;s14
301283.SZ,20260721,EVENT,9.1477,28.44,22.471,0.396,s17;s5;s6x3;s14
688331.SH,20260721,EVENT,-3.6813,157.8,117.871,0.0924,s1v2_CHoCH↓;s17;s9_bsl_tight;s5;s14
301533.SZ,20260723,EVENT,11.1636,25.75,22.289,0.21,s5;s6x1;s14
600382.SH,20260723,EVENT,11.1156,9.68,5.578,0.231,s17;s5;s6x1;s14
001233.SZ,20260724,EVENT,5.046,48.3,38.547,0.175,s15;s6x1;s14
003008.SZ,20260724,EVENT,-2.2754,18.29,16.362,0.168,s10_in_ob;s5;s6x1;s14
301330.SZ,20260724,EVENT,-1.837,29.12,21.344,0.231,s17;s5;s6x1;s14
002722.SZ,20260727,EVENT,8.188,12.52,11.412,0.231,s17;s5;s6x1;s14
002929.SZ,20260728,EVENT,-13.7508,74.17,43.976,0.264,s1v2_CHoCH↓;s17;s6x3;s14
300467.SZ,20260728,EVENT,8.6106,39.38,25.975,0.1078,s1v2_CHoCH↓;s17;s9_bsl_tight;s6x1;s14
301252.SZ,20260728,EVENT,15.9517,48.0,22.058,0.14,s1v2_CHoCH↓;s6x1;s14
301662.SZ,20260728,EVENT,6.5845,131.007,55.139,0.35,s6x1;s14
002023.SZ,20260729,EVENT,20.1637,14.18,7.805,0.14,s1v2_CHoCH↓;s6x1;s14
002931.SZ,20260729,EVENT,16.0042,83.57,37.608,0.24,s1v2_CHoCH↓;s6x3;s14
300690.SZ,20260729,EVENT,-0.5519,24.67,18.106,0.308,s17;s10_in_ob;s6x1;s14
301305.SZ,20260729,EVENT,17.6735,33.19,18.155,0.6,s6x3;s14
600580.SH,20260729,EVENT,19.7701,39.49,26.449,0.192,s1v2_CHoCH↓;s10_in_ob;s6x3;s14
603920.SH,20260729,EVENT,19.6577,62.49,30.521,0.48,s10_in_ob;s6x3;s14
688162.SH,20260729,EVENT,11.4777,26.441,18.426,0.66,s17;s6x3;s14
688429.SH,20260729,EVENT,13.9964,10.57,8.517,0.55,s17;s14
688638.SH,20260729,EVENT,14.7536,33.0,23.521,0.55,s17;s14
002079.SZ,20260730,EVENT,7.9927,15.2,7.522,0.14,s1v2_CHoCH↓;s6x1;s14
002931.SZ,20260730,EVENT,18.3857,83.57,37.719,0.24,s1v2_CHoCH↓;s6x3;s14
300095.SZ,20260730,EVENT,2.602,9.38,6.674,0.6,s6x3;s14
300183.SZ,20260730,EVENT,5.7276,10.88,8.802,0.2,s15;s10_in_ob;s14
301306.SZ,20260730,EVENT,18.7909,181.96,70.753,0.35,s6x1;s14
600580.SH,20260730,EVENT,19.2423,39.49,26.527,0.192,s1v2_CHoCH↓;s10_in_ob;s6x3;s14
688350.SH,20260730,EVENT,5.7156,37.05,20.348,0.24,s1v2_CHoCH↓;s6x3;s14
002050.SZ,20260731,EVENT,6.4613,49.41,34.814,0.36,s5;s6x3;s14
002722.SZ,20260731,EVENT,1.48,12.52,11.207,0.528,s17;s10_in_ob;s6x3;s14
003015.SZ,20260731,EVENT,14.1078,13.25,9.378,0.55,s17;s14
300687.SZ,20260731,EVENT,29.5874,32.5,17.434,0.35,s6x1;s14
603079.SH,20260731,EVENT,11.0598,12.2,9.667,0.175,s15;s6x1;s14
605588.SH,20260731,EVENT,23.652,72.0,32.824,0.24,s1v2_CHoCH↓;s6x3;s14
688359.SH,20260731,EVENT,25.3043,218.0,76.268,0.6,s6x3;s14
000923.SZ,20260717,EVENT,8.7403,14.87,11.672,0.175,s15;s6x1;s14
301283.SZ,20260720,EVENT,7.447,28.44,22.478,0.396,s17;s5;s6x3;s14
002020.SZ,20260722,EVENT,-2.8162,15.88,12.856,0.0857,s15;s9_bsl_tight;s12_in_ote;s6x1;s14
301026.SZ,20260722,EVENT,29.6587,25.6,15.768,0.44,s17;s10_in_ob;s14
601799.SH,20260722,EVENT,5.2205,132.29,85.001,0.0739,s1v2_CHoCH↓;s17;s10_in_ob;s5;s6x1;s14
000695.SZ,20260723,EVENT,-0.2131,13.08,11.037,0.1584,s1v2_CHoCH↓;s17;s8_sweep_bear;s6x3;s14
001322.SZ,20260723,EVENT,-2.3781,6.82,5.861,0.0739,s1v2_CHoCH↓;s17;s10_in_ob;s5;s6x1;s14
002318.SZ,20260723,EVENT,5.3061,30.58,16.646,0.5,s14
301439.SZ,20260728,EVENT,7.137,18.38,12.032,0.308,s17;s10_in_ob;s6x1;s14
301248.SZ,20260729,EVENT,17.7349,89.49,44.274,0.24,s1v2_CHoCH↓;s6x3;s14
600186.SH,20260729,EVENT,28.519,15.93,7.099,0.22,s1v2_CHoCH↓;s17;s14
603135.SH,20260729,EVENT,9.0864,15.2,7.617,0.14,s1v2_CHoCH↓;s6x1;s14
002203.SZ,20260730,EVENT,9.2758,26.99,15.672,0.028,s1v2_CHoCH↓;s20;s15;s10_in_ob;s14
603088.SH,20260730,EVENT,3.1506,11.19,7.662,0.55,s17;s14
002203.SZ,20260731,EVENT,10.8095,26.99,15.699,0.176,s1v2_CHoCH↓;s17;s10_in_ob;s14
002600.SZ,20260731,EVENT,2.2847,18.54,10.616,0.14,s1v2_CHoCH↓;s6x1;s14
301252.SZ,20260731,EVENT,22.5474,48.0,22.247,0.2,s1v2_CHoCH↓;s14
301322.SZ,20260731,EVENT,25.0864,64.7,24.155,0.264,s1v2_CHoCH↓;s17;s6x3;s14
603031.SH,20260731,EVENT,21.0513,55.9,33.851,0.42,s9_bsl_tight;s6x3;s14
688657.SH,20260731,EVENT,26.8827,37.21,24.108,0.2,s1v2_CHoCH↓;s14
603713_SH.SH,20260701,CONT,0.0088,,,0.0252,s1v2_CHoCH↑;s7v2_up;s18;s16;s5
603259_SH.SH,20260702,CONT,2.3434,,,0.0038,s1v2_CHoCH↑;s7v2_up;s18;s16;s23;s5
002860_SZ.SZ,20260710,CONT,7.3574,,,0.0252,s1v2_CHoCH↑;s7v2_up;s18;s16;s5
600918.SH,20260722,EVENT,-1.1665,5.78,5.09,0.0147,s1v2_CHoCH↑;s7v2_up;s8_sweep_bear;s9_bsl_tight;s4;s6x1;s14
000695.SZ,20260724,EVENT,-1.2316,13.08,11.023,0.0792,s1v2_CHoCH↓;s17;s8_sweep_bear;s4;s6x3;s14
688623.SH,20260724,EVENT,-1.3068,75.23,59.174,0.0924,s17;s10_in_ob;s4;s5;s6x1;s14
002318.SZ,20260727,EVENT,5.2487,30.58,16.633,0.3,s4;s6x3;s14
002820.SZ,20260729,EVENT,8.2918,9.15,7.459,0.042,s15;s8_sweep_bear;s10_in_ob;s4;s6x1;s14
603091.SH,20260729,EVENT,5.0222,52.85,39.669,0.0875,s15;s4;s6x1;s14
001205.SZ,20260730,EVENT,4.6693,14.1,11.964,0.0525,s15;s8_sweep_bear;s4;s6x1;s14
603031.SH,20260730,EVENT,16.2418,55.9,33.805,0.21,s9_bsl_tight;s4;s6x3;s14
688153.SH,20260730,EVENT,6.9575,35.994,21.543,0.175,s4;s6x1;s14
688755.SH,20260731,EVENT,18.4595,28.96,21.36,0.3,s4;s6x3;s14
301120.SZ,20260805,EVENT,-9.1353,17.04,11.316,0.0013,s1v2_CHoCH↑;s7v2_up;s18;s16;s23;s9_bsl_tight;s11_mss_bull_fresh;s6x3;s13;s14
300274.SZ,20260810,EVENT,1.5689,160.26,97.668,0.336,s1v2_CHoCH↓;s6x3;s13
002130.SZ,20260803,EVENT,0.6053,19.36,14.519,0.2695,s17;s6x1;s13;s14
688251.SH,20260806,EVENT,1.6539,29.25,16.337,0.28,s10_in_ob;s6x1;s14
688312.SH,20260806,EVENT,7.8912,98.8,34.535,0.154,s1v2_CHoCH↓;s17;s6x1;s14
300637.SZ,20260807,EVENT,0.9466,10.97,6.651,0.224,s1v2_CHoCH↓;s10_in_ob;s6x1
300727.SZ,20260810,EVENT,-3.9514,39.95,24.686,0.539,s17;s6x1;s13
301120.SZ,20260806,EVENT,-6.4337,17.04,11.276,0.001,s1v2_CHoCH↑;s7v2_up;s18;s16;s23;s9_bsl_tight;s10_in_ob;s11_mss_bull_fresh;s6x3;s13;s14
000035.SZ,20260807,EVENT,-5.6155,5.144,4.124,0.0588,s1v2_CHoCH↑;s7v2_up;s8_sweep_bear;s9_bsl_tight;s6x1
688080.SH,20260810,EVENT,-0.5894,45.75,29.767,0.88,s17;s10_in_ob
002655.SZ,20260803,EVENT,67.5344,52.72,21.72,0.33,s17;s5;s14
002787.SZ,20260803,EVENT,18.5229,34.99,17.66,0.25,s15;s14
300232.SZ,20260804,EVENT,-6.2704,6.01,4.583,0.2,s1v2_CHoCH↓;s14
300274.SZ,20260804,EVENT,8.3237,160.26,96.447,0.14,s1v2_CHoCH↓;s12_in_ote;s14
301396.SZ,20260804,EVENT,28.3915,302.98,152.327,0.1848,s17;s10_in_ob;s5;s6x1;s14
300232.SZ,20260805,EVENT,-5.3545,6.01,4.583,0.2,s1v2_CHoCH↓;s14
300811.SZ,20260805,EVENT,21.4881,105.0,51.173,0.1232,s1v2_CHoCH↓;s17;s10_in_ob;s6x1;s14
301330.SZ,20260806,EVENT,-3.4791,29.12,20.644,0.25,s15;s14
301446.SZ,20260806,EVENT,1.9931,44.88,25.235,0.3,s15;s6x3;s14
300100.SZ,20260807,EVENT,-13.3471,32.42,20.089,1.1,s17
601777.SH,20260807,EVENT,-1.3541,10.05,6.865,0.0686,s1v2_CHoCH↑;s7v2_up;s9_bsl_tight;s11_mss_bull_fresh;s6x1
688395.SH,20260807,EVENT,3.6901,25.05,17.477,0.245,s15;s12_in_ote;s6x1
688755.SH,20260810,EVENT,1.6361,28.96,21.452,0.294,s15;s9_bsl_tight;s6x3;s13
688080.SH,20260811,EVENT,-0.5987,45.75,29.841,0.5,s15
002429.SZ,20260812,EVENT,2.1654,12.25,6.857,0.77,s17;s6x1
301308.SZ,20260812,EVENT,-6.9372,749.88,292.37,0.2352,s1v2_CHoCH↓;s9_bsl_tight;s11_mss_bull_fresh;s6x3
688035.SH,20260812,EVENT,10.0792,105.25,49.804,0.224,s1v2_CHoCH↓;s10_in_ob;s6x1
300637.SZ,20260813,EVENT,0.7064,9.29,6.685,0.32,s1v2_CHoCH↓;s10_in_ob
688035.SH,20260814,EVENT,9.0789,105.25,49.869,0.32,s1v2_CHoCH↓;s10_in_ob
300637.SZ,20260820,EVENT,2.9787,9.29,6.759,0.4224,s1v2_CHoCH↓;s17;s10_in_ob;s6x3
002188.SZ,20260803,EVENT,3.6202,5.23,3.888,0.3,s15;s6x3;s14
300906.SZ,20260803,EVENT,-0.0428,26.31,19.94,0.126,s15;s8_sweep_bear;s9_bsl_tight;s6x3;s14
301010.SZ,20260803,EVENT,4.9813,16.99,12.782,0.25,s15;s14
688258.SH,20260803,EVENT,8.6515,147.35,81.991,0.24,s1v2_CHoCH↓;s6x3;s14
688716.SH,20260803,EVENT,11.0995,39.13,23.175,0.14,s1v2_CHoCH↓;s6x1;s14
300095.SZ,20260804,EVENT,-5.9376,9.38,6.714,0.3,s15;s6x3;s14
002655.SZ,20260805,EVENT,34.2503,52.72,21.864,0.3,s15;s6x3;s14
688368.SH,20260807,EVENT,4.2912,231.2,100.991,0.5,s15
600186.SH,20260810,EVENT,11.9296,15.93,7.347,0.0288,s1v2_CHoCH↓;s20;s15;s9_bsl_tight;s11_mss_bull_fresh;s6x3;s13
002655.SZ,20260813,EVENT,17.8473,52.72,20.252,0.6,s15;s6x3
301359.SZ,20260813,EVENT,1.9942,16.96,12.816,0.35,s15;s6x1
301396.SZ,20260813,EVENT,-2.487,302.98,117.141,0.42,s15;s12_in_ote;s6x3
688525.SH,20260813,EVENT,-0.0072,517.0,186.248,0.192,s1v2_CHoCH↓;s8_sweep_bear;s10_in_ob
002655.SZ,20260814,EVENT,24.2614,52.72,20.259,0.6,s15;s6x3
688381.SH,20260814,EVENT,11.6065,55.01,22.748,0.35,s15;s9_bsl_tight
002683.SZ,20260803,EVENT,8.3203,31.77,24.39,0.1225,s15;s12_in_ote;s6x1;s14
002929.SZ,20260803,EVENT,17.7031,74.17,44.274,0.3,s15;s6x3;s14
300684.SZ,20260803,EVENT,55.7025,72.5,39.786,0.3,s15;s6x3;s14
301265.SZ,20260803,EVENT,24.7689,32.6,16.108,0.144,s1v2_CHoCH↓;s5;s6x3;s14
600252.SH,20260803,EVENT,5.0687,2.31,2.041,0.098,s15;s9_bsl_tight;s10_in_ob;s6x1;s14
600673.SH,20260803,EVENT,30.2536,39.9,25.206,0.25,s15;s14
688381.SH,20260803,EVENT,28.8302,55.01,22.78,0.1225,s15;s9_bsl_tight;s6x1;s14
301252.SZ,20260804,EVENT,8.5181,42.59,22.415,0.24,s1v2_CHoCH↓;s6x3;s14
301322.SZ,20260804,EVENT,13.6472,64.7,24.184,0.264,s1v2_CHoCH↓;s17;s6x3;s14
300184.SZ,20260805,EVENT,-1.3139,18.3,10.269,0.14,s1v2_CHoCH↓;s6x1;s14
601006.SH,20260805,EVENT,-1.2471,5.128,4.546,0.07,s1v2_CHoCH↑;s7v2_up;s9_bsl_tight;s14
002787.SZ,20260806,EVENT,1.4997,34.99,16.32,0.3,s15;s6x3;s14
300687.SZ,20260806,EVENT,-0.6894,32.5,18.846,0.175,s15;s9_bsl_tight;s14
301360.SZ,20260806,EVENT,14.5447,76.49,40.89,0.6,s6x3;s14
301396.SZ,20260806,EVENT,3.8444,302.98,114.352,0.175,s15;s12_in_ote;s14
603091.SH,20260806,EVENT,2.046,52.85,39.843,0.2,s15;s10_in_ob;s14
600673.SH,20260807,EVENT,0.8411,39.9,24.3,0.6,s15;s6x3
603950.SH,20260807,EVENT,6.7524,92.87,48.223,0.5,s15
688766.SH,20260810,EVENT,1.3835,909.8,255.885,0.0672,s1v2_CHoCH↓;s20;s15;s10_in_ob;s6x3
688755.SH,20260803,EVENT,15.2512,28.96,21.374,0.3,s4;s6x3;s14
300802.SZ,20260805,EVENT,9.9736,25.028,14.424,0.33,s17;s4;s6x3;s14
688755.SH,20260805,EVENT,13.2862,28.96,21.362,0.12,s15;s10_in_ob;s4;s6x3;s14
603950.SH,20260806,EVENT,4.8254,92.87,48.161,0.125,s15;s4;s14
001227.SZ,20260807,EVENT,-2.1663,2.19,2.042,0.0294,s7v2_up;s21;s8_sweep_bear;s9_bsl_tight;s4;s6x1
688716.SH,20260807,EVENT,-6.0521,39.13,23.218,0.035,s1v2_CHoCH↓;s20;s15;s4
000932.SZ,20260810,EVENT,-2.0095,4.01,3.257,0.056,s1v2_CHoCH↑;s7v2_up;s9_bsl_tight;s10_in_ob;s4
002722.SZ,20260824,EVENT,1.886,13.05,12.473,0.0504,s7v2_up;s21;s9_bsl_tight;s4;s5;s6x3
300192.SZ,20260812,EVENT,1.5747,13.75,9.746,0.0274,s1v2_CHoCH↓;s20;s15;s9_bsl_tight;s10_in_ob;s6x1
300002.SZ,20260813,EVENT,-4.6285,9.06,7.322,0.0672,s7v2_up;s21;s8_sweep_bear;s9_bsl_tight;s10_in_ob
