symbol,entry_date,src,net_pnl_pct,pnl,structure_state,trend_v2,breakout_kind_v2,retrace_state_v2
688381.SH,20230913,EVENT,-3.1863,-3.1863,bear(LH+LL),down,BOS↓,no_retrace
301308.SZ,20231009,EVENT,8.3273,8.3273,bull(HH+HL),up,CHoCH↑,retrace_fail
000651.SZ,20231030,EVENT,-3.6222,-3.6222,compress(LH+HL),down,BOS↓,retrace_ok
300138.SZ,20231103,EVENT,0.7548,0.7548,bear(LH+LL),down,BOS↓,retrace_ok
000651.SZ,20231109,EVENT,-2.8346,-2.8346,bear(LH+LL),down,BOS↓,retrace_ok
000651.SZ,20231101,EVENT,-3.4155,-3.4155,bear(LH+LL),down,BOS↓,retrace_ok
603808.SH,20231221,EVENT,-7.1322,-7.1322,expansion(HH+LL),down,BOS↓,retrace_fail
601975.SH,20231226,EVENT,6.2067,6.2067,bear(LH+LL),down,BOS↓,retrace_fail
001323.SZ,20231228,EVENT,-1.9246,-1.9246,compress(LH+HL),down,BOS↓,retrace_ok
600872.SH,20231229,EVENT,-2.275,-2.275,expansion(HH+LL),down,BOS↓,no_retrace
603688.SH,20231229,EVENT,1.9342,1.9342,expansion(HH+LL),down,BOS↓,retrace_ok
000703.SZ,20231220,EVENT,0.3681,0.3681,expansion(HH+LL),up,CHoCH↑,retrace_fail
002978.SZ,20231220,EVENT,-0.9853,-0.9853,bear(LH+LL),up,CHoCH↑,retrace_fail
300993.SZ,20231222,EVENT,-2.1188,-2.1188,compress(LH+HL),down,CHoCH↓,no_retrace
688420.SH,20231229,EVENT,-2.5085,-2.5085,compress(LH+HL),down,BOS↓,retrace_ok
600219.SH,20231215,EVENT,-2.4856,-2.4856,bear(LH+LL),down,BOS↓,retrace_ok
002985.SZ,20231218,EVENT,-0.2539,-0.2539,bear(LH+LL),down,CHoCH↓,no_retrace
301115.SZ,20231218,EVENT,-2.0989,-2.0989,expansion(HH+LL),down,CHoCH↓,retrace_ok
002568.SZ,20231220,EVENT,-1.8283,-1.8283,bear(LH+LL),down,BOS↓,retrace_ok
301305.SZ,20231220,EVENT,-1.9595,-1.9595,bear(LH+LL),down,BOS↓,retrace_ok
603267.SH,20231228,EVENT,-5.1197,-5.1197,bear(LH+LL),down,CHoCH↓,retrace_ok
603507.SH,20231229,EVENT,-1.3586,-1.3586,bear(LH+LL),down,BOS↓,retrace_ok
605303.SH,20231212,EVENT,0.5571,0.5571,bull(HH+HL),down,CHoCH↓,retrace_ok
000651.SZ,20231215,EVENT,-0.5799,-0.5799,compress(LH+HL),down,BOS↓,retrace_fail
002568.SZ,20231218,EVENT,-1.8487,-1.8487,bear(LH+LL),down,CHoCH↓,retrace_ok
600703.SH,20231218,EVENT,-2.635,-2.635,bear(LH+LL),down,BOS↓,retrace_ok
002625.SZ,20231220,EVENT,2.1291,2.1291,bull(HH+HL),up,CHoCH↑,retrace_fail
301115.SZ,20231220,EVENT,-1.8339,-1.8339,expansion(HH+LL),down,CHoCH↓,retrace_ok
300943.SZ,20231221,EVENT,-3.032,-3.032,bear(LH+LL),down,CHoCH↓,retrace_ok
600313.SH,20231221,EVENT,-3.5146,-3.5146,bull(HH+HL),down,CHoCH↓,retrace_ok
002857.SZ,20231222,EVENT,-2.1348,-2.1348,bull(HH+HL),down,BOS↓,retrace_ok
600382.SH,20231227,EVENT,5.9081,5.9081,bear(LH+LL),up,CHoCH↑,retrace_fail
000950.SZ,20231229,EVENT,-3.9641,-3.9641,bull(HH+HL),down,BOS↓,retrace_ok
300993.SZ,20231229,EVENT,2.4363,2.4363,compress(LH+HL),down,CHoCH↓,no_retrace
688013.SH,20231229,EVENT,1.166,1.166,expansion(HH+LL),down,CHoCH↓,retrace_fail
000526_SZ.SZ,20231208,CONT,12.2571,12.2571,bull(HH+HL),up,BOS↑,no_retrace
600971_SH.SH,20231212,CONT,-4.3082,-4.3082,expansion(HH+LL),up,BOS↑,retrace_ok
000404.SZ,20231220,EVENT,-2.6398,-2.6398,bull(HH+HL),up,BOS↑,retrace_fail
000975.SZ,20231220,EVENT,6.2535,6.2535,bull(HH+HL),up,CHoCH↑,retrace_ok
300068.SZ,20231228,EVENT,9.45,9.45,expansion(HH+LL),down,CHoCH↓,retrace_ok
301367.SZ,20231229,EVENT,-1.2232,-1.2232,expansion(HH+LL),up,BOS↑,retrace_fail
000921.SZ,20240110,EVENT,4.2581,4.2581,bear(LH+LL),down,BOS↓,retrace_fail
603515.SH,20240110,EVENT,3.7931,3.7931,bear(LH+LL),down,CHoCH↓,retrace_ok
002570.SZ,20240117,EVENT,-4.2752,-4.2752,bear(LH+LL),down,BOS↓,retrace_fail
301093.SZ,20240117,EVENT,-7.6494,-7.6494,bear(LH+LL),down,BOS↓,retrace_fail
301093.SZ,20240118,EVENT,-8.6933,-8.6933,compress(LH+HL),down,CHoCH↓,retrace_ok
301093.SZ,20240119,EVENT,-9.3026,-9.3026,bear(LH+LL),down,CHoCH↓,retrace_ok
000818.SZ,20240126,EVENT,-2.9115,-2.9115,bear(LH+LL),down,BOS↓,retrace_fail
600718.SH,20240126,EVENT,-2.148,-2.148,bear(LH+LL),down,BOS↓,no_retrace
000498.SZ,20240129,EVENT,-0.6563,-0.6563,bear(LH+LL),down,BOS↓,retrace_fail
300656.SZ,20240131,EVENT,-7.8417,-7.8417,bear(LH+LL),down,BOS↓,no_retrace
301152.SZ,20240131,EVENT,-12.6218,-12.6218,bull(HH+HL),down,CHoCH↓,no_retrace
000589.SZ,20240110,EVENT,5.0452,5.0452,bear(LH+LL),down,BOS↓,retrace_ok
002959.SZ,20240110,EVENT,-1.442,-1.442,bear(LH+LL),up,CHoCH↑,retrace_ok
301267.SZ,20240116,EVENT,-6.0638,-6.0638,bear(LH+LL),down,BOS↓,retrace_ok
603612.SH,20240116,EVENT,-3.0797,-3.0797,bear(LH+LL),down,BOS↓,retrace_ok
002570.SZ,20240118,EVENT,-2.8139,-2.8139,bear(LH+LL),down,BOS↓,retrace_fail
603505.SH,20240125,EVENT,-4.2218,-4.2218,bear(LH+LL),down,BOS↓,retrace_fail
301093.SZ,20240126,EVENT,-4.1244,-4.1244,bear(LH+LL),down,BOS↓,retrace_fail
600718.SH,20240129,EVENT,-13.0675,-13.0675,bull(HH+HL),down,BOS↓,no_retrace
601969.SH,20240129,EVENT,-9.8095,-9.8095,bear(LH+LL),down,BOS↓,retrace_fail
603060.SH,20240129,EVENT,-3.5138,-3.5138,bear(LH+LL),down,BOS↓,retrace_fail
300200.SZ,20240131,EVENT,-10.0206,-10.0206,bear(LH+LL),down,BOS↓,retrace_ok
301087.SZ,20240131,EVENT,-6.5368,-6.5368,bear(LH+LL),down,BOS↓,retrace_ok
688018.SH,20240131,EVENT,-5.3678,-5.3678,bear(LH+LL),down,BOS↓,no_retrace
002624.SZ,20240102,EVENT,-13.8728,-13.8728,expansion(HH+LL),down,CHoCH↓,no_retrace
603515.SH,20240102,EVENT,-5.0602,-5.0602,bear(LH+LL),down,CHoCH↓,retrace_ok
300993.SZ,20240103,EVENT,0.0017,0.0017,compress(LH+HL),down,CHoCH↓,no_retrace
688171.SH,20240105,EVENT,-6.4065,-6.4065,expansion(HH+LL),down,CHoCH↓,retrace_ok
002004.SZ,20240110,EVENT,-2.3178,-2.3178,compress(LH+HL),down,BOS↓,retrace_ok
600219.SH,20240110,EVENT,-11.9983,-11.9983,compress(LH+HL),down,BOS↓,retrace_fail
688013.SH,20240110,EVENT,-6.5313,-6.5313,expansion(HH+LL),down,CHoCH↓,retrace_fail
002624.SZ,20240111,EVENT,-3.8074,-3.8074,bear(LH+LL),down,CHoCH↓,retrace_ok
002930.SZ,20240111,EVENT,-1.9575,-1.9575,bear(LH+LL),down,BOS↓,retrace_fail
600351.SH,20240111,EVENT,-1.2309,-1.2309,bear(LH+LL),down,BOS↓,retrace_ok
688093.SH,20240111,EVENT,-2.3891,-2.3891,expansion(HH+LL),down,CHoCH↓,retrace_ok
600703.SH,20240112,EVENT,-1.6597,-1.6597,expansion(HH+LL),down,BOS↓,retrace_ok
688257.SH,20240112,EVENT,-4.8923,-4.8923,compress(LH+HL),up,CHoCH↑,retrace_fail
600487.SH,20240117,EVENT,-4.2931,-4.2931,compress(LH+HL),down,BOS↓,retrace_fail
603822.SH,20240117,EVENT,-2.1077,-2.1077,compress(LH+HL),down,BOS↓,retrace_ok
603882.SH,20240126,EVENT,12.6687,12.6687,expansion(HH+LL),down,BOS↓,retrace_ok
002859.SZ,20240129,EVENT,-3.7899,-3.7899,bear(LH+LL),down,BOS↓,no_retrace
300148.SZ,20240129,EVENT,-5.783,-5.783,bear(LH+LL),down,BOS↓,retrace_ok
603727.SH,20240129,EVENT,-3.8327,-3.8327,bear(LH+LL),down,BOS↓,retrace_fail
301265.SZ,20240130,EVENT,-6.9422,-6.9422,expansion(HH+LL),down,BOS↓,retrace_ok
001256.SZ,20240131,EVENT,-6.6015,-6.6015,bear(LH+LL),down,BOS↓,no_retrace
002148.SZ,20240131,EVENT,-6.3099,-6.3099,bear(LH+LL),down,BOS↓,retrace_ok
600572.SH,20240131,EVENT,-8.8383,-8.8383,bear(LH+LL),down,BOS↓,no_retrace
300515.SZ,20240102,EVENT,-0.5667,-0.5667,bull(HH+HL),down,BOS↓,retrace_ok
688093.SH,20240102,EVENT,-8.0492,-8.0492,bear(LH+LL),down,CHoCH↓,retrace_fail
300097.SZ,20240104,EVENT,-8.4106,-8.4106,bear(LH+LL),down,CHoCH↓,no_retrace
603156.SH,20240104,EVENT,7.0665,7.0665,expansion(HH+LL),down,BOS↓,no_retrace
688093.SH,20240104,EVENT,-9.5995,-9.5995,bear(LH+LL),down,CHoCH↓,retrace_fail
002385.SZ,20240105,EVENT,-2.2659,-2.2659,bear(LH+LL),down,CHoCH↓,no_retrace
600433.SH,20240105,EVENT,-6.5504,-6.5504,bear(LH+LL),down,BOS↓,retrace_fail
603156.SH,20240108,EVENT,0.9989,0.9989,expansion(HH+LL),down,BOS↓,no_retrace
603258.SH,20240108,EVENT,-12.006,-12.006,expansion(HH+LL),down,CHoCH↓,no_retrace
603888.SH,20240108,EVENT,-4.4324,-4.4324,expansion(HH+LL),down,CHoCH↓,retrace_ok
300943.SZ,20240110,EVENT,0.5966,0.5966,expansion(HH+LL),up,CHoCH↑,retrace_fail
301201.SZ,20240110,EVENT,-0.4318,-0.4318,bear(LH+LL),down,BOS↓,retrace_ok
000498.SZ,20240115,EVENT,-1.1433,-1.1433,bear(LH+LL),down,BOS↓,retrace_ok
300699.SZ,20240115,EVENT,-15.5158,-15.5158,expansion(HH+LL),up,CHoCH↑,retrace_fail
688326.SH,20240115,EVENT,-1.9777,-1.9777,bear(LH+LL),down,BOS↓,no_retrace
688819.SH,20240117,EVENT,-6.869,-6.869,bear(LH+LL),down,BOS↓,retrace_fail
002555.SZ,20240119,EVENT,-8.5328,-8.5328,bear(LH+LL),down,CHoCH↓,no_retrace
600487.SH,20240122,EVENT,-4.3172,-4.3172,bear(LH+LL),down,BOS↓,retrace_ok
000661.SZ,20240124,EVENT,-2.0054,-2.0054,bear(LH+LL),down,BOS↓,no_retrace
300126.SZ,20240130,EVENT,-8.2385,-8.2385,expansion(HH+LL),down,CHoCH↓,no_retrace
002166.SZ,20240131,EVENT,-4.6405,-4.6405,bear(LH+LL),down,BOS↓,retrace_ok
300888.SZ,20240131,EVENT,-10.8532,-10.8532,expansion(HH+LL),down,CHoCH↓,retrace_ok
601600.SH,20240131,EVENT,-0.5276,-0.5276,bear(LH+LL),up,CHoCH↑,retrace_ok
688508.SH,20240131,EVENT,-4.3168,-4.3168,bear(LH+LL),down,BOS↓,no_retrace
603977_SH.SH,20240109,CONT,-14.6161,-14.6161,bull(HH+HL),up,BOS↑,retrace_ok
002004.SZ,20240104,EVENT,-5.1924,-5.1924,compress(LH+HL),down,BOS↓,retrace_fail
000534.SZ,20240105,EVENT,-8.128,-8.128,compress(LH+HL),down,CHoCH↓,retrace_ok
688420.SH,20240105,EVENT,-8.8198,-8.8198,compress(LH+HL),down,BOS↓,retrace_fail
688093.SH,20240109,EVENT,-4.5996,-4.5996,bear(LH+LL),down,CHoCH↓,retrace_ok
002555.SZ,20240117,EVENT,-5.8955,-5.8955,bear(LH+LL),down,CHoCH↓,no_retrace
603727.SH,20240131,EVENT,-10.6743,-10.6743,bear(LH+LL),down,BOS↓,retrace_ok
002640.SZ,20240102,EVENT,-2.3567,-2.3567,expansion(HH+LL),down,CHoCH↓,retrace_ok
600623.SH,20240110,EVENT,-0.8113,-0.8113,expansion(HH+LL),down,BOS↓,retrace_fail
600803.SH,20240110,EVENT,2.4344,2.4344,compress(LH+HL),up,CHoCH↑,retrace_ok
688349.SH,20240206,EVENT,0.5238,0.5238,bear(LH+LL),down,BOS↓,no_retrace
002093.SZ,20240219,EVENT,12.5788,12.5788,bear(LH+LL),down,BOS↓,no_retrace
300685.SZ,20240219,EVENT,5.3305,5.3305,compress(LH+HL),down,BOS↓,retrace_ok
688068.SH,20240219,EVENT,2.7463,2.7463,bear(LH+LL),down,BOS↓,retrace_ok
688237.SH,20240223,EVENT,4.4082,4.4082,bear(LH+LL),down,BOS↓,retrace_ok
301353.SZ,20240227,EVENT,-2.5242,-2.5242,bear(LH+LL),down,BOS↓,no_retrace
301225.SZ,20240228,EVENT,-0.4749,-0.4749,bear(LH+LL),up,CHoCH↑,no_retrace
300835.SZ,20240201,EVENT,-3.4389,-3.4389,bear(LH+LL),down,BOS↓,no_retrace
002266.SZ,20240207,EVENT,7.4661,7.4661,bear(LH+LL),down,BOS↓,retrace_fail
300054.SZ,20240207,EVENT,9.4239,9.4239,bear(LH+LL),down,BOS↓,no_retrace
300171.SZ,20240207,EVENT,10.3431,10.3431,bear(LH+LL),down,BOS↓,retrace_ok
300285.SZ,20240207,EVENT,1.6283,1.6283,bear(LH+LL),down,BOS↓,retrace_fail
002008.SZ,20240208,EVENT,0.174,0.174,bear(LH+LL),down,BOS↓,retrace_fail
300910.SZ,20240208,EVENT,-1.6818,-1.6818,bear(LH+LL),down,BOS↓,retrace_fail
600109.SH,20240208,EVENT,0.1131,0.1131,bear(LH+LL),up,CHoCH↑,no_retrace
688596.SH,20240208,EVENT,13.8809,13.8809,bear(LH+LL),down,BOS↓,retrace_fail
688646.SH,20240219,EVENT,5.7879,5.7879,bear(LH+LL),down,BOS↓,retrace_fail
300143.SZ,20240220,EVENT,0.2419,0.2419,compress(LH+HL),down,CHoCH↓,retrace_ok
001228.SZ,20240221,EVENT,9.0165,9.0165,bear(LH+LL),down,BOS↓,no_retrace
002885.SZ,20240221,EVENT,10.2801,10.2801,bear(LH+LL),down,BOS↓,no_retrace
301085.SZ,20240221,EVENT,19.1961,19.1961,bear(LH+LL),down,BOS↓,no_retrace
002093.SZ,20240222,EVENT,9.5353,9.5353,bear(LH+LL),down,BOS↓,retrace_fail
603626.SH,20240222,EVENT,11.3687,11.3687,bear(LH+LL),down,CHoCH↓,retrace_ok
002312.SZ,20240223,EVENT,-1.1487,-1.1487,bear(LH+LL),up,CHoCH↑,retrace_ok
003004.SZ,20240223,EVENT,20.2876,20.2876,bear(LH+LL),down,CHoCH↓,no_retrace
603111.SH,20240223,EVENT,12.6103,12.6103,bear(LH+LL),down,BOS↓,retrace_fail
301366.SZ,20240226,EVENT,11.349,11.349,bear(LH+LL),down,BOS↓,retrace_ok
002520.SZ,20240228,EVENT,-6.5425,-6.5425,bear(LH+LL),down,BOS↓,retrace_ok
300100.SZ,20240228,EVENT,-0.2339,-0.2339,expansion(HH+LL),down,CHoCH↓,no_retrace
301072.SZ,20240228,EVENT,13.2575,13.2575,bear(LH+LL),down,BOS↓,retrace_ok
002098.SZ,20240229,EVENT,9.9904,9.9904,bear(LH+LL),down,CHoCH↓,retrace_ok
300597.SZ,20240229,EVENT,11.2254,11.2254,bear(LH+LL),down,BOS↓,no_retrace
301248.SZ,20240229,EVENT,18.5393,18.5393,bear(LH+LL),down,BOS↓,no_retrace
688244.SH,20240229,EVENT,5.8818,5.8818,bear(LH+LL),down,BOS↓,retrace_ok
002180.SZ,20240202,EVENT,-4.6244,-4.6244,bear(LH+LL),down,BOS↓,retrace_ok
300702.SZ,20240202,EVENT,-4.5123,-4.5123,compress(LH+HL),down,CHoCH↓,retrace_ok
603990.SH,20240202,EVENT,-19.5712,-19.5712,bear(LH+LL),down,BOS↓,no_retrace
688069.SH,20240202,EVENT,-12.4038,-12.4038,bear(LH+LL),down,BOS↓,retrace_ok
688606.SH,20240202,EVENT,-9.5947,-9.5947,bear(LH+LL),down,CHoCH↓,retrace_ok
000036.SZ,20240205,EVENT,-11.794,-11.794,bear(LH+LL),down,CHoCH↓,no_retrace
300128.SZ,20240205,EVENT,-13.5212,-13.5212,bear(LH+LL),down,BOS↓,retrace_fail
000869.SZ,20240207,EVENT,9.3268,9.3268,bear(LH+LL),down,BOS↓,retrace_ok
002008.SZ,20240207,EVENT,8.8099,8.8099,bear(LH+LL),down,BOS↓,no_retrace
002532.SZ,20240207,EVENT,10.4622,10.4622,bear(LH+LL),down,BOS↓,retrace_fail
002635.SZ,20240207,EVENT,11.1055,11.1055,expansion(HH+LL),down,CHoCH↓,no_retrace
300128.SZ,20240207,EVENT,20.3522,20.3522,bear(LH+LL),down,BOS↓,retrace_fail
300997.SZ,20240207,EVENT,21.5435,21.5435,bear(LH+LL),down,BOS↓,retrace_ok
301071.SZ,20240207,EVENT,9.6276,9.6276,bear(LH+LL),down,BOS↓,retrace_fail
600497.SH,20240207,EVENT,6.4053,6.4053,bear(LH+LL),down,BOS↓,retrace_ok
600884.SH,20240207,EVENT,4.7077,4.7077,expansion(HH+LL),down,BOS↓,no_retrace
601969.SH,20240207,EVENT,21.2073,21.2073,bear(LH+LL),down,BOS↓,no_retrace
688739.SH,20240207,EVENT,3.5306,3.5306,bear(LH+LL),down,BOS↓,retrace_fail
300054.SZ,20240208,EVENT,8.1808,8.1808,bear(LH+LL),down,BOS↓,no_retrace
300285.SZ,20240208,EVENT,-2.7736,-2.7736,bear(LH+LL),down,BOS↓,retrace_fail
300463.SZ,20240208,EVENT,6.9316,6.9316,bear(LH+LL),down,BOS↓,no_retrace
300997.SZ,20240208,EVENT,15.9465,15.9465,bear(LH+LL),down,BOS↓,retrace_ok
600120.SH,20240208,EVENT,2.8623,2.8623,expansion(HH+LL),down,CHoCH↓,retrace_fail
002635.SZ,20240219,EVENT,10.3078,10.3078,expansion(HH+LL),down,CHoCH↓,no_retrace
300171.SZ,20240219,EVENT,-0.5752,-0.5752,bear(LH+LL),down,BOS↓,retrace_ok
300997.SZ,20240219,EVENT,11.7517,11.7517,bear(LH+LL),down,BOS↓,retrace_ok
600210.SH,20240219,EVENT,0.0792,0.0792,expansion(HH+LL),down,BOS↓,retrace_fail
603039.SH,20240219,EVENT,2.6034,2.6034,bear(LH+LL),down,BOS↓,retrace_fail
688088.SH,20240219,EVENT,-2.9683,-2.9683,compress(LH+HL),down,CHoCH↓,no_retrace
688298.SH,20240219,EVENT,-3.466,-3.466,bear(LH+LL),down,BOS↓,no_retrace
600075.SH,20240220,EVENT,2.7139,2.7139,bear(LH+LL),down,BOS↓,retrace_fail
301150.SZ,20240221,EVENT,3.7442,3.7442,bear(LH+LL),down,BOS↓,no_retrace
603096.SH,20240221,EVENT,9.17,9.17,bear(LH+LL),down,BOS↓,retrace_ok
688232.SH,20240221,EVENT,2.4755,2.4755,bear(LH+LL),down,CHoCH↓,retrace_ok
300903.SZ,20240222,EVENT,31.2737,31.2737,bear(LH+LL),down,BOS↓,no_retrace
301225.SZ,20240222,EVENT,15.6263,15.6263,bear(LH+LL),down,BOS↓,retrace_ok
301270.SZ,20240222,EVENT,6.0919,6.0919,bear(LH+LL),down,CHoCH↓,no_retrace
600645.SH,20240222,EVENT,0.9807,0.9807,bear(LH+LL),down,BOS↓,retrace_ok
603596.SH,20240222,EVENT,0.7211,0.7211,bear(LH+LL),down,BOS↓,no_retrace
688593.SH,20240222,EVENT,5.9818,5.9818,bear(LH+LL),down,CHoCH↓,no_retrace
001299.SZ,20240223,EVENT,9.9431,9.9431,expansion(HH+LL),down,BOS↓,retrace_ok
002796.SZ,20240223,EVENT,24.4566,24.4566,bear(LH+LL),down,BOS↓,retrace_ok
300135.SZ,20240223,EVENT,5.7779,5.7779,bear(LH+LL),down,BOS↓,retrace_ok
300915.SZ,20240223,EVENT,-1.0384,-1.0384,bear(LH+LL),down,BOS↓,no_retrace
301322.SZ,20240223,EVENT,1.6251,1.6251,bear(LH+LL),down,BOS↓,retrace_fail
603119.SH,20240223,EVENT,10.9629,10.9629,bear(LH+LL),down,BOS↓,retrace_fail
688195.SH,20240223,EVENT,9.4854,9.4854,bear(LH+LL),down,CHoCH↓,no_retrace
300597.SZ,20240226,EVENT,2.8111,2.8111,bear(LH+LL),down,BOS↓,no_retrace
300786.SZ,20240226,EVENT,7.3233,7.3233,compress(LH+HL),down,BOS↓,retrace_ok
300801.SZ,20240226,EVENT,2.431,2.431,expansion(HH+LL),down,CHoCH↓,no_retrace
300828.SZ,20240226,EVENT,11.337,11.337,bear(LH+LL),down,BOS↓,no_retrace
301116.SZ,20240226,EVENT,3.793,3.793,bear(LH+LL),down,BOS↓,no_retrace
301225.SZ,20240226,EVENT,2.5283,2.5283,bear(LH+LL),down,BOS↓,retrace_ok
603028.SH,20240226,EVENT,5.5648,5.5648,bear(LH+LL),down,BOS↓,no_retrace
603629.SH,20240226,EVENT,10.9389,10.9389,bear(LH+LL),down,BOS↓,retrace_ok
002796.SZ,20240227,EVENT,6.9634,6.9634,bear(LH+LL),down,BOS↓,retrace_ok
301085.SZ,20240227,EVENT,-3.4325,-3.4325,bear(LH+LL),down,BOS↓,retrace_fail
301125.SZ,20240227,EVENT,17.01,17.01,bear(LH+LL),down,BOS↓,no_retrace
301158.SZ,20240227,EVENT,3.2037,3.2037,bear(LH+LL),down,BOS↓,no_retrace
688455.SH,20240227,EVENT,-2.5793,-2.5793,bear(LH+LL),down,BOS↓,no_retrace
301282.SZ,20240228,EVENT,-5.7677,-5.7677,bear(LH+LL),down,BOS↓,retrace_fail
600580.SH,20240228,EVENT,-0.3441,-0.3441,expansion(HH+LL),up,CHoCH↑,no_retrace
688618.SH,20240228,EVENT,-7.346,-7.346,bear(LH+LL),down,BOS↓,no_retrace
002436.SZ,20240229,EVENT,8.9926,8.9926,bear(LH+LL),down,BOS↓,no_retrace
300095.SZ,20240229,EVENT,8.5767,8.5767,bear(LH+LL),down,BOS↓,retrace_ok
300405.SZ,20240229,EVENT,0.7974,0.7974,expansion(HH+LL),down,CHoCH↓,no_retrace
300981.SZ,20240229,EVENT,7.3386,7.3386,bear(LH+LL),down,CHoCH↓,no_retrace
300985.SZ,20240229,EVENT,12.0101,12.0101,bear(LH+LL),down,CHoCH↓,retrace_ok
301300.SZ,20240229,EVENT,22.0613,22.0613,expansion(HH+LL),down,BOS↓,no_retrace
688143.SH,20240229,EVENT,1.589,1.589,bear(LH+LL),down,BOS↓,retrace_ok
688320.SH,20240229,EVENT,15.3648,15.3648,bear(LH+LL),down,BOS↓,no_retrace
688383.SH,20240229,EVENT,9.5067,9.5067,bear(LH+LL),down,BOS↓,retrace_fail
688432.SH,20240229,EVENT,8.6059,8.6059,bear(LH+LL),down,BOS↓,retrace_ok
688543.SH,20240229,EVENT,8.3346,8.3346,bear(LH+LL),down,BOS↓,no_retrace
002373.SZ,20240201,EVENT,-2.5872,-2.5872,compress(LH+HL),down,BOS↓,no_retrace
300702.SZ,20240201,EVENT,-1.551,-1.551,compress(LH+HL),down,CHoCH↓,retrace_ok
600572.SH,20240201,EVENT,-6.5235,-6.5235,bear(LH+LL),down,BOS↓,no_retrace
300997.SZ,20240202,EVENT,-7.4224,-7.4224,bear(LH+LL),down,BOS↓,retrace_ok
600989.SH,20240202,EVENT,-1.4112,-1.4112,expansion(HH+LL),down,BOS↓,retrace_ok
688383.SH,20240202,EVENT,-10.6011,-10.6011,bear(LH+LL),down,CHoCH↓,no_retrace
000878.SZ,20240207,EVENT,6.3051,6.3051,bear(LH+LL),down,CHoCH↓,retrace_fail
002506.SZ,20240207,EVENT,13.4187,13.4187,compress(LH+HL),down,BOS↓,no_retrace
688333.SH,20240207,EVENT,16.243,16.243,bear(LH+LL),down,BOS↓,retrace_ok
002274.SZ,20240208,EVENT,10.6907,10.6907,bear(LH+LL),down,BOS↓,retrace_fail
002402.SZ,20240208,EVENT,10.7276,10.7276,bear(LH+LL),down,BOS↓,no_retrace
002683.SZ,20240208,EVENT,0.4322,0.4322,bear(LH+LL),down,BOS↓,retrace_fail
002895.SZ,20240208,EVENT,10.8289,10.8289,expansion(HH+LL),down,BOS↓,retrace_fail
002925.SZ,20240208,EVENT,9.5865,9.5865,bull(HH+HL),down,BOS↓,no_retrace
300138.SZ,20240208,EVENT,4.4358,4.4358,bear(LH+LL),down,BOS↓,retrace_fail
300233.SZ,20240208,EVENT,17.7355,17.7355,bear(LH+LL),down,BOS↓,retrace_ok
600536.SH,20240208,EVENT,22.2589,22.2589,bear(LH+LL),down,BOS↓,retrace_fail
000818.SZ,20240219,EVENT,0.715,0.715,bear(LH+LL),down,BOS↓,retrace_fail
300128.SZ,20240219,EVENT,0.7783,0.7783,bear(LH+LL),down,BOS↓,retrace_fail
300664.SZ,20240219,EVENT,-2.852,-2.852,bear(LH+LL),down,BOS↓,retrace_ok
603416.SH,20240219,EVENT,-1.0686,-1.0686,bear(LH+LL),down,BOS↓,retrace_ok
605183.SH,20240219,EVENT,6.4054,6.4054,bear(LH+LL),down,BOS↓,no_retrace
300035.SZ,20240220,EVENT,7.5293,7.5293,bear(LH+LL),down,BOS↓,no_retrace
300395.SZ,20240220,EVENT,7.8138,7.8138,bear(LH+LL),down,BOS↓,retrace_ok
301370.SZ,20240220,EVENT,6.2487,6.2487,bear(LH+LL),down,BOS↓,no_retrace
603067.SH,20240220,EVENT,2.7161,2.7161,expansion(HH+LL),down,BOS↓,retrace_fail
688166.SH,20240220,EVENT,15.569,15.569,bear(LH+LL),down,BOS↓,no_retrace
002402.SZ,20240221,EVENT,4.3347,4.3347,bear(LH+LL),down,BOS↓,no_retrace
002457.SZ,20240221,EVENT,0.3094,0.3094,bear(LH+LL),down,BOS↓,retrace_fail
002820.SZ,20240221,EVENT,8.869,8.869,expansion(HH+LL),down,BOS↓,no_retrace
300054.SZ,20240221,EVENT,3.8618,3.8618,bear(LH+LL),down,BOS↓,no_retrace
300656.SZ,20240221,EVENT,1.7421,1.7421,bear(LH+LL),down,BOS↓,retrace_fail
301063.SZ,20240221,EVENT,20.6775,20.6775,bear(LH+LL),down,BOS↓,no_retrace
301206.SZ,20240221,EVENT,-2.8978,-2.8978,compress(LH+HL),down,BOS↓,no_retrace
301317.SZ,20240221,EVENT,24.6896,24.6896,bear(LH+LL),down,BOS↓,no_retrace
301335.SZ,20240221,EVENT,10.3673,10.3673,bear(LH+LL),down,BOS↓,no_retrace
600212.SH,20240221,EVENT,13.5845,13.5845,bear(LH+LL),down,CHoCH↓,no_retrace
603111.SH,20240221,EVENT,27.3513,27.3513,bear(LH+LL),down,BOS↓,retrace_ok
603166.SH,20240221,EVENT,9.046,9.046,bear(LH+LL),down,BOS↓,no_retrace
603324.SH,20240221,EVENT,4.288,4.288,expansion(HH+LL),down,CHoCH↓,no_retrace
688237.SH,20240221,EVENT,7.8564,7.8564,bear(LH+LL),down,BOS↓,retrace_ok
688255.SH,20240221,EVENT,21.0842,21.0842,bear(LH+LL),down,BOS↓,no_retrace
688291.SH,20240221,EVENT,16.0495,16.0495,bear(LH+LL),down,BOS↓,retrace_ok
688435.SH,20240221,EVENT,23.8779,23.8779,bear(LH+LL),down,BOS↓,no_retrace
688478.SH,20240221,EVENT,3.91,3.91,expansion(HH+LL),down,CHoCH↓,no_retrace
688498.SH,20240221,EVENT,20.8127,20.8127,bear(LH+LL),down,BOS↓,retrace_ok
001205.SZ,20240222,EVENT,6.9331,6.9331,bear(LH+LL),down,BOS↓,retrace_ok
003019.SZ,20240222,EVENT,5.7335,5.7335,expansion(HH+LL),down,BOS↓,retrace_fail
300162.SZ,20240222,EVENT,11.4617,11.4617,expansion(HH+LL),down,CHoCH↓,no_retrace
300642.SZ,20240222,EVENT,1.7279,1.7279,bear(LH+LL),down,BOS↓,no_retrace
300643.SZ,20240222,EVENT,9.3845,9.3845,bear(LH+LL),down,BOS↓,retrace_ok
300978.SZ,20240222,EVENT,10.3234,10.3234,bear(LH+LL),down,BOS↓,retrace_ok
301065.SZ,20240222,EVENT,6.8142,6.8142,bear(LH+LL),down,BOS↓,no_retrace
301280.SZ,20240222,EVENT,25.5601,25.5601,bear(LH+LL),down,CHoCH↓,no_retrace
600080.SH,20240222,EVENT,18.8741,18.8741,bear(LH+LL),down,BOS↓,no_retrace
600986.SH,20240222,EVENT,9.2804,9.2804,bear(LH+LL),down,BOS↓,retrace_fail
603008.SH,20240222,EVENT,11.5673,11.5673,bear(LH+LL),down,BOS↓,retrace_ok
603629.SH,20240222,EVENT,17.6311,17.6311,bear(LH+LL),down,BOS↓,retrace_ok
605060.SH,20240222,EVENT,-0.1365,-0.1365,bear(LH+LL),down,BOS↓,no_retrace
688173.SH,20240222,EVENT,36.2719,36.2719,bear(LH+LL),down,BOS↓,retrace_ok
688432.SH,20240222,EVENT,8.6383,8.6383,bear(LH+LL),down,BOS↓,retrace_ok
688486.SH,20240222,EVENT,10.2446,10.2446,bear(LH+LL),down,BOS↓,retrace_ok
688628.SH,20240222,EVENT,3.7926,3.7926,bear(LH+LL),down,BOS↓,retrace_ok
688699.SH,20240222,EVENT,10.1437,10.1437,bear(LH+LL),down,BOS↓,retrace_ok
002910.SZ,20240223,EVENT,1.2663,1.2663,bear(LH+LL),down,BOS↓,no_retrace
300074.SZ,20240223,EVENT,16.8201,16.8201,bear(LH+LL),down,BOS↓,no_retrace
300378.SZ,20240223,EVENT,9.2436,9.2436,bear(LH+LL),down,BOS↓,retrace_fail
300897.SZ,20240223,EVENT,10.8715,10.8715,expansion(HH+LL),down,CHoCH↓,no_retrace
301068.SZ,20240223,EVENT,3.7606,3.7606,bear(LH+LL),down,BOS↓,retrace_fail
301085.SZ,20240223,EVENT,1.8903,1.8903,bear(LH+LL),down,BOS↓,retrace_ok
600199.SH,20240223,EVENT,7.7539,7.7539,bear(LH+LL),down,BOS↓,retrace_ok
600543.SH,20240223,EVENT,8.0321,8.0321,compress(LH+HL),down,CHoCH↓,retrace_ok
603356.SH,20240223,EVENT,14.9893,14.9893,bull(HH+HL),down,CHoCH↓,no_retrace
688356.SH,20240223,EVENT,2.7948,2.7948,bear(LH+LL),down,BOS↓,retrace_ok
688519.SH,20240223,EVENT,11.8278,11.8278,compress(LH+HL),down,BOS↓,retrace_ok
688528.SH,20240223,EVENT,9.0848,9.0848,bear(LH+LL),down,BOS↓,no_retrace
300232.SZ,20240226,EVENT,-0.7622,-0.7622,bear(LH+LL),down,CHoCH↓,retrace_fail
300331.SZ,20240226,EVENT,5.2826,5.2826,expansion(HH+LL),down,CHoCH↓,no_retrace
300448.SZ,20240226,EVENT,9.8248,9.8248,bear(LH+LL),down,BOS↓,no_retrace
300629.SZ,20240226,EVENT,12.1887,12.1887,bear(LH+LL),down,BOS↓,no_retrace
300688.SZ,20240226,EVENT,1.4699,1.4699,bear(LH+LL),down,BOS↓,retrace_fail
300845.SZ,20240226,EVENT,4.3561,4.3561,bear(LH+LL),down,BOS↓,retrace_ok
300912.SZ,20240226,EVENT,3.4177,3.4177,bear(LH+LL),down,BOS↓,no_retrace
301033.SZ,20240226,EVENT,3.387,3.387,bear(LH+LL),down,BOS↓,no_retrace
301059.SZ,20240226,EVENT,6.178,6.178,bear(LH+LL),down,BOS↓,no_retrace
301222.SZ,20240226,EVENT,5.7781,5.7781,expansion(HH+LL),down,BOS↓,no_retrace
301389.SZ,20240226,EVENT,12.9871,12.9871,bear(LH+LL),down,CHoCH↓,retrace_ok
600232.SH,20240226,EVENT,13.1653,13.1653,bear(LH+LL),down,BOS↓,no_retrace
600525.SH,20240226,EVENT,2.8664,2.8664,bear(LH+LL),down,BOS↓,retrace_ok
600699.SH,20240226,EVENT,-0.5099,-0.5099,bear(LH+LL),down,BOS↓,retrace_ok
603017.SH,20240226,EVENT,-0.3196,-0.3196,expansion(HH+LL),down,BOS↓,retrace_ok
603321.SH,20240226,EVENT,4.1251,4.1251,bear(LH+LL),down,CHoCH↓,no_retrace
603687.SH,20240226,EVENT,7.3328,7.3328,bear(LH+LL),down,BOS↓,retrace_fail
603726.SH,20240226,EVENT,14.0364,14.0364,bear(LH+LL),down,BOS↓,no_retrace
688383.SH,20240226,EVENT,3.7165,3.7165,bear(LH+LL),down,BOS↓,retrace_fail
688478.SH,20240226,EVENT,-0.5297,-0.5297,expansion(HH+LL),down,CHoCH↓,no_retrace
300124.SZ,20240227,EVENT,7.1965,7.1965,expansion(HH+LL),down,BOS↓,retrace_fail
300546.SZ,20240227,EVENT,6.7498,6.7498,bear(LH+LL),down,BOS↓,no_retrace
300686.SZ,20240227,EVENT,17.1515,17.1515,expansion(HH+LL),down,BOS↓,no_retrace
301123.SZ,20240227,EVENT,2.6704,2.6704,bear(LH+LL),down,BOS↓,retrace_ok
301397.SZ,20240227,EVENT,1.0718,1.0718,bear(LH+LL),down,BOS↓,retrace_ok
688032.SH,20240227,EVENT,3.677,3.677,bear(LH+LL),down,CHoCH↓,no_retrace
688133.SH,20240227,EVENT,-0.4033,-0.4033,bear(LH+LL),down,BOS↓,retrace_ok
001360.SZ,20240228,EVENT,-2.1919,-2.1919,bear(LH+LL),down,BOS↓,retrace_ok
002671.SZ,20240228,EVENT,-1.2848,-1.2848,expansion(HH+LL),down,BOS↓,no_retrace
300405.SZ,20240228,EVENT,-3.0843,-3.0843,expansion(HH+LL),down,CHoCH↓,no_retrace
300447.SZ,20240228,EVENT,2.8389,2.8389,bear(LH+LL),down,BOS↓,retrace_fail
300538.SZ,20240228,EVENT,1.0742,1.0742,expansion(HH+LL),down,CHoCH↓,no_retrace
300836.SZ,20240228,EVENT,16.0811,16.0811,expansion(HH+LL),down,BOS↓,no_retrace
603626.SH,20240228,EVENT,1.6097,1.6097,bear(LH+LL),down,CHoCH↓,retrace_ok
605018.SH,20240228,EVENT,-1.6595,-1.6595,bear(LH+LL),down,BOS↓,no_retrace
688317.SH,20240228,EVENT,-5.7835,-5.7835,bear(LH+LL),down,BOS↓,no_retrace
688593.SH,20240228,EVENT,-6.1208,-6.1208,bear(LH+LL),down,CHoCH↓,no_retrace
001299.SZ,20240229,EVENT,16.8977,16.8977,expansion(HH+LL),down,BOS↓,retrace_ok
002769.SZ,20240229,EVENT,7.8543,7.8543,bear(LH+LL),down,BOS↓,no_retrace
002899.SZ,20240229,EVENT,16.5072,16.5072,expansion(HH+LL),down,CHoCH↓,retrace_ok
300166.SZ,20240229,EVENT,9.7566,9.7566,bear(LH+LL),down,BOS↓,retrace_fail
301125.SZ,20240229,EVENT,35.596,35.596,bear(LH+LL),down,BOS↓,no_retrace
301130.SZ,20240229,EVENT,17.5159,17.5159,bear(LH+LL),down,BOS↓,no_retrace
301362.SZ,20240229,EVENT,12.3873,12.3873,bear(LH+LL),down,BOS↓,no_retrace
600543.SH,20240229,EVENT,13.9448,13.9448,bear(LH+LL),down,CHoCH↓,retrace_ok
688081.SH,20240229,EVENT,11.7186,11.7186,expansion(HH+LL),down,CHoCH↓,retrace_ok
688362.SH,20240229,EVENT,9.4656,9.4656,bear(LH+LL),down,BOS↓,retrace_ok
688536.SH,20240229,EVENT,2.4739,2.4739,bear(LH+LL),down,BOS↓,retrace_ok
688610.SH,20240229,EVENT,26.1724,26.1724,bear(LH+LL),down,BOS↓,retrace_ok
688630.SH,20240229,EVENT,4.0402,4.0402,bear(LH+LL),down,CHoCH↓,no_retrace
688018.SH,20240201,EVENT,-3.0171,-3.0171,bear(LH+LL),down,BOS↓,no_retrace
688069.SH,20240201,EVENT,-8.9829,-8.9829,bear(LH+LL),down,BOS↓,retrace_ok
688072.SH,20240201,EVENT,-0.8688,-0.8688,expansion(HH+LL),down,BOS↓,no_retrace
688281.SH,20240201,EVENT,-1.1339,-1.1339,bear(LH+LL),down,BOS↓,no_retrace
000404.SZ,20240202,EVENT,-5.0578,-5.0578,bear(LH+LL),down,BOS↓,no_retrace
301071.SZ,20240202,EVENT,-4.3499,-4.3499,bear(LH+LL),down,BOS↓,no_retrace
600351.SH,20240202,EVENT,-4.3611,-4.3611,bear(LH+LL),down,BOS↓,retrace_ok
600739.SH,20240202,EVENT,-4.7284,-4.7284,expansion(HH+LL),down,BOS↓,retrace_ok
601003.SH,20240202,EVENT,-5.8255,-5.8255,bear(LH+LL),down,BOS↓,retrace_ok
300129.SZ,20240205,EVENT,-8.9925,-8.9925,expansion(HH+LL),down,CHoCH↓,retrace_ok
601003.SH,20240205,EVENT,-5.7389,-5.7389,bear(LH+LL),down,BOS↓,retrace_ok
600337.SH,20240206,EVENT,-2.4717,-2.4717,expansion(HH+LL),down,CHoCH↓,retrace_ok
001289.SZ,20240207,EVENT,1.0263,1.0263,bear(LH+LL),down,CHoCH↓,retrace_fail
600022.SH,20240207,EVENT,4.6658,4.6658,compress(LH+HL),down,BOS↓,retrace_fail
600031.SH,20240207,EVENT,1.2466,1.2466,compress(LH+HL),down,BOS↓,no_retrace
601003.SH,20240207,EVENT,-0.9033,-0.9033,bear(LH+LL),down,BOS↓,retrace_ok
688147.SH,20240207,EVENT,12.7877,12.7877,bear(LH+LL),down,BOS↓,retrace_ok
002424.SZ,20240208,EVENT,5.0511,5.0511,bull(HH+HL),down,BOS↓,no_retrace
002484.SZ,20240208,EVENT,10.299,10.299,expansion(HH+LL),down,CHoCH↓,retrace_fail
003012.SZ,20240208,EVENT,3.5691,3.5691,bear(LH+LL),down,BOS↓,retrace_ok
601003.SH,20240208,EVENT,9.4579,9.4579,bear(LH+LL),down,BOS↓,retrace_ok
603558.SH,20240208,EVENT,8.8663,8.8663,bull(HH+HL),down,CHoCH↓,retrace_ok
000534.SZ,20240219,EVENT,0.4287,0.4287,compress(LH+HL),down,BOS↓,retrace_ok
002111.SZ,20240219,EVENT,12.1904,12.1904,bear(LH+LL),down,BOS↓,retrace_ok
002252.SZ,20240219,EVENT,4.8659,4.8659,bull(HH+HL),down,CHoCH↓,retrace_ok
002627.SZ,20240219,EVENT,4.1222,4.1222,bear(LH+LL),down,BOS↓,no_retrace
301325.SZ,20240219,EVENT,0.8973,0.8973,compress(LH+HL),down,CHoCH↓,no_retrace
605060.SH,20240219,EVENT,1.0744,1.0744,bear(LH+LL),down,BOS↓,no_retrace
000544.SZ,20240220,EVENT,0.9345,0.9345,bear(LH+LL),down,BOS↓,retrace_fail
002687.SZ,20240220,EVENT,11.9759,11.9759,expansion(HH+LL),down,BOS↓,retrace_ok
301196.SZ,20240220,EVENT,6.578,6.578,expansion(HH+LL),down,BOS↓,no_retrace
001283.SZ,20240221,EVENT,2.4828,2.4828,bull(HH+HL),down,CHoCH↓,no_retrace
002092.SZ,20240221,EVENT,-0.1824,-0.1824,compress(LH+HL),down,BOS↓,retrace_fail
002117.SZ,20240221,EVENT,0.5545,0.5545,bear(LH+LL),down,BOS↓,retrace_fail
002132.SZ,20240221,EVENT,2.9618,2.9618,expansion(HH+LL),down,BOS↓,no_retrace
002249.SZ,20240221,EVENT,7.1234,7.1234,bear(LH+LL),down,BOS↓,retrace_fail
002664.SZ,20240221,EVENT,13.4636,13.4636,bear(LH+LL),down,BOS↓,retrace_ok
300463.SZ,20240221,EVENT,0.1939,0.1939,bear(LH+LL),down,BOS↓,retrace_fail
300897.SZ,20240221,EVENT,19.363,19.363,expansion(HH+LL),down,CHoCH↓,no_retrace
301160.SZ,20240221,EVENT,6.5969,6.5969,bear(LH+LL),down,BOS↓,retrace_ok
600643.SH,20240221,EVENT,-1.5832,-1.5832,expansion(HH+LL),down,CHoCH↓,retrace_fail
600645.SH,20240221,EVENT,1.997,1.997,bear(LH+LL),down,BOS↓,retrace_ok
600699.SH,20240221,EVENT,6.5494,6.5494,bear(LH+LL),down,BOS↓,retrace_ok
603067.SH,20240221,EVENT,2.8034,2.8034,expansion(HH+LL),down,BOS↓,retrace_fail
603339.SH,20240221,EVENT,10.2222,10.2222,compress(LH+HL),down,BOS↓,retrace_ok
688005.SH,20240221,EVENT,-3.8989,-3.8989,bear(LH+LL),down,BOS↓,retrace_ok
688010.SH,20240221,EVENT,10.5608,10.5608,bear(LH+LL),down,BOS↓,retrace_ok
688061.SH,20240221,EVENT,10.0978,10.0978,bear(LH+LL),down,BOS↓,no_retrace
688105.SH,20240221,EVENT,-1.905,-1.905,bear(LH+LL),down,BOS↓,no_retrace
688239.SH,20240221,EVENT,4.497,4.497,bear(LH+LL),down,BOS↓,retrace_ok
688326.SH,20240221,EVENT,2.8164,2.8164,bear(LH+LL),down,BOS↓,no_retrace
688349.SH,20240221,EVENT,10.694,10.694,bear(LH+LL),down,BOS↓,retrace_ok
688531.SH,20240221,EVENT,5.523,5.523,bear(LH+LL),down,BOS↓,no_retrace
002117.SZ,20240222,EVENT,1.2307,1.2307,bear(LH+LL),down,BOS↓,retrace_fail
002132.SZ,20240222,EVENT,4.9063,4.9063,expansion(HH+LL),down,BOS↓,no_retrace
002634.SZ,20240222,EVENT,6.7715,6.7715,expansion(HH+LL),down,BOS↓,no_retrace
300435.SZ,20240222,EVENT,12.5059,12.5059,bear(LH+LL),down,BOS↓,retrace_fail
300700.SZ,20240222,EVENT,16.3241,16.3241,bear(LH+LL),down,BOS↓,no_retrace
300786.SZ,20240222,EVENT,16.9128,16.9128,bear(LH+LL),down,BOS↓,retrace_ok
300873.SZ,20240222,EVENT,2.3843,2.3843,expansion(HH+LL),down,BOS↓,no_retrace
300985.SZ,20240222,EVENT,11.9806,11.9806,none,down,CHoCH↓,retrace_ok
300997.SZ,20240222,EVENT,5.1694,5.1694,bear(LH+LL),down,BOS↓,retrace_fail
301047.SZ,20240222,EVENT,1.8376,1.8376,bear(LH+LL),down,BOS↓,retrace_ok
301290.SZ,20240222,EVENT,2.2049,2.2049,bear(LH+LL),down,BOS↓,no_retrace
301366.SZ,20240222,EVENT,25.691,25.691,bear(LH+LL),down,BOS↓,retrace_ok
600826.SH,20240222,EVENT,2.6675,2.6675,expansion(HH+LL),down,CHoCH↓,retrace_fail
603039.SH,20240222,EVENT,2.8268,2.8268,bear(LH+LL),down,BOS↓,retrace_fail
603416.SH,20240222,EVENT,8.7467,8.7467,bear(LH+LL),down,BOS↓,retrace_ok
603755.SH,20240222,EVENT,-7.1076,-7.1076,bear(LH+LL),down,BOS↓,no_retrace
603798.SH,20240222,EVENT,32.489,32.489,bull(HH+HL),down,CHoCH↓,retrace_ok
603950.SH,20240222,EVENT,9.3357,9.3357,bear(LH+LL),down,BOS↓,retrace_fail
688123.SH,20240222,EVENT,18.3574,18.3574,bear(LH+LL),down,BOS↓,no_retrace
688138.SH,20240222,EVENT,14.1832,14.1832,bear(LH+LL),down,BOS↓,retrace_ok
688237.SH,20240222,EVENT,3.3964,3.3964,bear(LH+LL),down,BOS↓,retrace_ok
688252.SH,20240222,EVENT,15.3961,15.3961,expansion(HH+LL),down,BOS↓,retrace_ok
688519.SH,20240222,EVENT,20.3443,20.3443,bear(LH+LL),down,BOS↓,retrace_ok
688616.SH,20240222,EVENT,6.4024,6.4024,bear(LH+LL),down,CHoCH↓,no_retrace
001336.SZ,20240223,EVENT,5.0049,5.0049,bull(HH+HL),down,CHoCH↓,no_retrace
002058.SZ,20240223,EVENT,3.3182,3.3182,bear(LH+LL),down,BOS↓,no_retrace
002548.SZ,20240223,EVENT,-1.7891,-1.7891,bear(LH+LL),down,BOS↓,retrace_ok
300745.SZ,20240223,EVENT,6.1491,6.1491,bear(LH+LL),down,BOS↓,no_retrace
300834.SZ,20240223,EVENT,7.1968,7.1968,bear(LH+LL),down,BOS↓,no_retrace
300997.SZ,20240223,EVENT,4.9191,4.9191,bear(LH+LL),down,BOS↓,retrace_fail
301006.SZ,20240223,EVENT,5.4973,5.4973,bear(LH+LL),down,BOS↓,no_retrace
301097.SZ,20240223,EVENT,11.2736,11.2736,bear(LH+LL),down,BOS↓,no_retrace
301176.SZ,20240223,EVENT,10.2152,10.2152,expansion(HH+LL),down,BOS↓,no_retrace
301237.SZ,20240223,EVENT,4.4593,4.4593,compress(LH+HL),down,CHoCH↓,retrace_ok
301258.SZ,20240223,EVENT,2.3739,2.3739,bear(LH+LL),down,BOS↓,no_retrace
301279.SZ,20240223,EVENT,6.7496,6.7496,bear(LH+LL),down,BOS↓,no_retrace
301335.SZ,20240223,EVENT,3.0029,3.0029,bear(LH+LL),down,BOS↓,no_retrace
301353.SZ,20240223,EVENT,8.7096,8.7096,bear(LH+LL),down,BOS↓,no_retrace
600261.SH,20240223,EVENT,6.4286,6.4286,bear(LH+LL),down,BOS↓,retrace_fail
601615.SH,20240223,EVENT,8.7056,8.7056,bear(LH+LL),down,BOS↓,no_retrace
603067.SH,20240223,EVENT,1.937,1.937,expansion(HH+LL),down,BOS↓,retrace_fail
603096.SH,20240223,EVENT,13.9056,13.9056,bear(LH+LL),down,BOS↓,retrace_ok
603726.SH,20240223,EVENT,17.4049,17.4049,bear(LH+LL),down,BOS↓,no_retrace
603822.SH,20240223,EVENT,3.9046,3.9046,expansion(HH+LL),down,BOS↓,retrace_ok
605300.SH,20240223,EVENT,2.1445,2.1445,bear(LH+LL),down,BOS↓,retrace_fail
688247.SH,20240223,EVENT,3.867,3.867,bear(LH+LL),down,BOS↓,retrace_ok
688435.SH,20240223,EVENT,17.4348,17.4348,bear(LH+LL),down,BOS↓,no_retrace
688485.SH,20240223,EVENT,4.5747,4.5747,bear(LH+LL),down,BOS↓,no_retrace
688503.SH,20240223,EVENT,23.645,23.645,bear(LH+LL),down,CHoCH↓,retrace_fail
688523.SH,20240223,EVENT,14.4119,14.4119,bear(LH+LL),down,BOS↓,retrace_ok
000869.SZ,20240226,EVENT,-0.2306,-0.2306,bear(LH+LL),down,BOS↓,retrace_fail
001313.SZ,20240226,EVENT,2.1937,2.1937,bear(LH+LL),down,BOS↓,retrace_fail
001336.SZ,20240226,EVENT,3.0892,3.0892,expansion(HH+LL),down,CHoCH↓,no_retrace
002084.SZ,20240226,EVENT,2.4214,2.4214,bear(LH+LL),down,BOS↓,no_retrace
002249.SZ,20240226,EVENT,-0.2103,-0.2103,bear(LH+LL),down,BOS↓,retrace_fail
002683.SZ,20240226,EVENT,2.7049,2.7049,bear(LH+LL),down,BOS↓,retrace_fail
002753.SZ,20240226,EVENT,-3.9269,-3.9269,bear(LH+LL),down,CHoCH↓,retrace_ok
002899.SZ,20240226,EVENT,3.763,3.763,expansion(HH+LL),down,CHoCH↓,retrace_ok
300122.SZ,20240226,EVENT,3.0103,3.0103,bear(LH+LL),up,CHoCH↑,retrace_ok
300158.SZ,20240226,EVENT,-0.1687,-0.1687,bear(LH+LL),down,CHoCH↓,retrace_ok
300836.SZ,20240226,EVENT,23.7028,23.7028,expansion(HH+LL),down,BOS↓,no_retrace
301047.SZ,20240226,EVENT,2.1011,2.1011,bear(LH+LL),down,BOS↓,retrace_ok
301130.SZ,20240226,EVENT,11.0648,11.0648,bear(LH+LL),down,BOS↓,no_retrace
301336.SZ,20240226,EVENT,0.0304,0.0304,expansion(HH+LL),down,BOS↓,no_retrace
600080.SH,20240226,EVENT,6.5151,6.5151,bear(LH+LL),down,BOS↓,no_retrace
603039.SH,20240226,EVENT,0.6603,0.6603,bear(LH+LL),down,BOS↓,retrace_fail
603811.SH,20240226,EVENT,4.599,4.599,bear(LH+LL),down,BOS↓,retrace_fail
688138.SH,20240226,EVENT,7.7474,7.7474,bear(LH+LL),down,BOS↓,retrace_ok
688143.SH,20240226,EVENT,11.9548,11.9548,bear(LH+LL),down,BOS↓,retrace_ok
688170.SH,20240226,EVENT,1.2853,1.2853,bear(LH+LL),down,BOS↓,no_retrace
688291.SH,20240226,EVENT,5.9714,5.9714,bear(LH+LL),down,BOS↓,retrace_ok
688321.SH,20240226,EVENT,0.131,0.131,bear(LH+LL),down,BOS↓,no_retrace
688362.SH,20240226,EVENT,8.0448,8.0448,bear(LH+LL),down,BOS↓,retrace_ok
688581.SH,20240226,EVENT,0.3716,0.3716,expansion(HH+LL),down,CHoCH↓,no_retrace
688628.SH,20240226,EVENT,5.6719,5.6719,bear(LH+LL),down,BOS↓,retrace_fail
688662.SH,20240226,EVENT,5.4147,5.4147,bear(LH+LL),down,BOS↓,retrace_ok
300685.SZ,20240227,EVENT,1.9431,1.9431,bear(LH+LL),down,BOS↓,retrace_ok
300845.SZ,20240227,EVENT,7.1802,7.1802,bear(LH+LL),down,BOS↓,retrace_ok
301033.SZ,20240227,EVENT,5.1923,5.1923,bear(LH+LL),down,BOS↓,no_retrace
301197.SZ,20240227,EVENT,2.9656,2.9656,bear(LH+LL),down,CHoCH↓,no_retrace
301370.SZ,20240227,EVENT,-0.133,-0.133,bear(LH+LL),down,BOS↓,retrace_fail
600536.SH,20240227,EVENT,14.0578,14.0578,bear(LH+LL),up,CHoCH↑,no_retrace
688244.SH,20240227,EVENT,13.1981,13.1981,bear(LH+LL),down,BOS↓,retrace_ok
000534.SZ,20240228,EVENT,0.6083,0.6083,bear(LH+LL),down,BOS↓,retrace_ok
001211.SZ,20240228,EVENT,-4.5765,-4.5765,expansion(HH+LL),down,BOS↓,retrace_ok
002452.SZ,20240228,EVENT,13.3905,13.3905,bear(LH+LL),down,CHoCH↓,no_retrace
002683.SZ,20240228,EVENT,-0.1611,-0.1611,bear(LH+LL),down,BOS↓,retrace_fail
002910.SZ,20240228,EVENT,-3.283,-3.283,bear(LH+LL),down,BOS↓,no_retrace
003019.SZ,20240228,EVENT,2.4559,2.4559,expansion(HH+LL),down,BOS↓,retrace_fail
300143.SZ,20240228,EVENT,-2.2423,-2.2423,bear(LH+LL),down,CHoCH↓,retrace_ok
300598.SZ,20240228,EVENT,12.5623,12.5623,bear(LH+LL),down,BOS↓,retrace_fail
300618.SZ,20240228,EVENT,-0.1888,-0.1888,bear(LH+LL),down,BOS↓,retrace_ok
300995.SZ,20240228,EVENT,0.407,0.407,expansion(HH+LL),down,BOS↓,no_retrace
301279.SZ,20240228,EVENT,-5.0387,-5.0387,bear(LH+LL),down,BOS↓,no_retrace
600080.SH,20240228,EVENT,-7.2551,-7.2551,bear(LH+LL),down,BOS↓,retrace_fail
603296.SH,20240228,EVENT,8.8256,8.8256,bear(LH+LL),down,BOS↓,no_retrace
603321.SH,20240228,EVENT,-2.8222,-2.8222,bear(LH+LL),down,CHoCH↓,no_retrace
603879.SH,20240228,EVENT,29.8284,29.8284,bear(LH+LL),down,BOS↓,no_retrace
605055.SH,20240228,EVENT,-1.5613,-1.5613,bear(LH+LL),down,CHoCH↓,no_retrace
605337.SH,20240228,EVENT,-5.0283,-5.0283,bear(LH+LL),down,BOS↓,no_retrace
688136.SH,20240228,EVENT,2.9106,2.9106,expansion(HH+LL),down,CHoCH↓,no_retrace
688247.SH,20240228,EVENT,-0.2197,-0.2197,bear(LH+LL),down,BOS↓,retrace_ok
688252.SH,20240228,EVENT,5.2589,5.2589,expansion(HH+LL),down,BOS↓,retrace_ok
688429.SH,20240228,EVENT,1.5086,1.5086,bear(LH+LL),down,CHoCH↓,no_retrace
688528.SH,20240228,EVENT,0.355,0.355,bear(LH+LL),down,CHoCH↓,no_retrace
688598.SH,20240228,EVENT,7.3245,7.3245,bear(LH+LL),down,BOS↓,no_retrace
002034.SZ,20240229,EVENT,4.3299,4.3299,expansion(HH+LL),down,CHoCH↓,retrace_ok
300321.SZ,20240229,EVENT,35.5769,35.5769,bear(LH+LL),down,BOS↓,retrace_ok
300349.SZ,20240229,EVENT,15.1231,15.1231,expansion(HH+LL),down,BOS↓,retrace_ok
300420.SZ,20240229,EVENT,13.4124,13.4124,bear(LH+LL),down,BOS↓,retrace_ok
300708.SZ,20240229,EVENT,1.1964,1.1964,bear(LH+LL),up,CHoCH↑,retrace_fail
300776.SZ,20240229,EVENT,4.23,4.23,bear(LH+LL),up,CHoCH↑,retrace_fail
301006.SZ,20240229,EVENT,16.3501,16.3501,bear(LH+LL),down,BOS↓,retrace_ok
301033.SZ,20240229,EVENT,15.2301,15.2301,bear(LH+LL),down,CHoCH↓,no_retrace
603339.SH,20240229,EVENT,11.2634,11.2634,bear(LH+LL),down,BOS↓,retrace_ok
603980.SH,20240229,EVENT,3.7341,3.7341,expansion(HH+LL),down,CHoCH↓,retrace_ok
605069.SH,20240229,EVENT,15.7059,15.7059,bear(LH+LL),down,BOS↓,no_retrace
605089.SH,20240229,EVENT,12.2268,12.2268,bear(LH+LL),down,BOS↓,no_retrace
688391.SH,20240229,EVENT,16.4086,16.4086,bear(LH+LL),down,BOS↓,no_retrace
688623.SH,20240229,EVENT,3.6303,3.6303,bear(LH+LL),down,BOS↓,no_retrace
001217.SZ,20240201,EVENT,-8.863,-8.863,bear(LH+LL),up,CHoCH↑,retrace_fail
300802.SZ,20240202,EVENT,-3.0691,-3.0691,bear(LH+LL),down,BOS↓,retrace_ok
600509.SH,20240202,EVENT,-6.0217,-6.0217,bear(LH+LL),down,CHoCH↓,retrace_ok
600718.SH,20240202,EVENT,-6.9002,-6.9002,expansion(HH+LL),down,BOS↓,no_retrace
688767.SH,20240202,EVENT,-3.548,-3.548,bear(LH+LL),down,CHoCH↓,no_retrace
603061.SH,20240207,EVENT,-2.4651,-2.4651,expansion(HH+LL),down,CHoCH↓,no_retrace
688069.SH,20240208,EVENT,3.8531,3.8531,bear(LH+LL),down,BOS↓,retrace_ok
000404.SZ,20240219,EVENT,16.6835,16.6835,bear(LH+LL),down,BOS↓,retrace_fail
000862.SZ,20240219,EVENT,10.6181,10.6181,bear(LH+LL),down,BOS↓,retrace_fail
002713.SZ,20240219,EVENT,17.7953,17.7953,bear(LH+LL),down,BOS↓,retrace_fail
300708.SZ,20240220,EVENT,-3.6576,-3.6576,expansion(HH+LL),down,CHoCH↓,retrace_ok
301283.SZ,20240220,EVENT,-1.4885,-1.4885,bear(LH+LL),down,BOS↓,retrace_ok
002271.SZ,20240221,EVENT,0.4844,0.4844,compress(LH+HL),down,BOS↓,retrace_fail
002385.SZ,20240221,EVENT,0.5072,0.5072,bear(LH+LL),down,BOS↓,retrace_fail
002431.SZ,20240221,EVENT,7.6298,7.6298,bear(LH+LL),down,BOS↓,no_retrace
002879.SZ,20240221,EVENT,12.0619,12.0619,bear(LH+LL),down,BOS↓,retrace_ok
002917.SZ,20240221,EVENT,9.1764,9.1764,bear(LH+LL),down,BOS↓,retrace_ok
300014.SZ,20240221,EVENT,9.5657,9.5657,bear(LH+LL),down,BOS↓,retrace_ok
300877.SZ,20240221,EVENT,3.968,3.968,bear(LH+LL),down,BOS↓,no_retrace
300915.SZ,20240221,EVENT,1.8181,1.8181,bear(LH+LL),down,BOS↓,no_retrace
301003.SZ,20240221,EVENT,20.6918,20.6918,expansion(HH+LL),down,BOS↓,no_retrace
301026.SZ,20240221,EVENT,15.1348,15.1348,bear(LH+LL),down,BOS↓,no_retrace
301092.SZ,20240221,EVENT,4.3511,4.3511,bear(LH+LL),down,BOS↓,no_retrace
301283.SZ,20240221,EVENT,0.8232,0.8232,bear(LH+LL),down,BOS↓,retrace_ok
600261.SH,20240221,EVENT,5.2871,5.2871,bear(LH+LL),down,BOS↓,retrace_ok
603687.SH,20240221,EVENT,6.6177,6.6177,bear(LH+LL),down,BOS↓,retrace_ok
688068.SH,20240221,EVENT,-0.5764,-0.5764,bear(LH+LL),down,BOS↓,retrace_ok
688581.SH,20240221,EVENT,0.0252,0.0252,bull(HH+HL),down,CHoCH↓,no_retrace
001222.SZ,20240222,EVENT,4.8291,4.8291,expansion(HH+LL),down,BOS↓,retrace_ok
001296.SZ,20240222,EVENT,5.2472,5.2472,bear(LH+LL),down,CHoCH↓,retrace_ok
002753.SZ,20240222,EVENT,3.3577,3.3577,bear(LH+LL),down,CHoCH↓,retrace_ok
002917.SZ,20240222,EVENT,8.6279,8.6279,bear(LH+LL),down,BOS↓,retrace_ok
300331.SZ,20240222,EVENT,12.9398,12.9398,expansion(HH+LL),down,CHoCH↓,no_retrace
300395.SZ,20240222,EVENT,5.312,5.312,bear(LH+LL),down,BOS↓,retrace_ok
300674.SZ,20240222,EVENT,7.4278,7.4278,bear(LH+LL),down,CHoCH↓,retrace_ok
300963.SZ,20240222,EVENT,10.2971,10.2971,bear(LH+LL),down,BOS↓,no_retrace
301110.SZ,20240222,EVENT,10.6461,10.6461,bear(LH+LL),down,BOS↓,retrace_ok
301222.SZ,20240222,EVENT,8.8702,8.8702,expansion(HH+LL),down,BOS↓,no_retrace
301320.SZ,20240222,EVENT,16.2434,16.2434,bear(LH+LL),down,CHoCH↓,no_retrace
600382.SH,20240222,EVENT,0.3376,0.3376,bear(LH+LL),down,BOS↓,retrace_ok
601615.SH,20240222,EVENT,7.3762,7.3762,bear(LH+LL),down,BOS↓,no_retrace
603700.SH,20240222,EVENT,5.4563,5.4563,expansion(HH+LL),down,BOS↓,no_retrace
688068.SH,20240222,EVENT,-1.1236,-1.1236,bear(LH+LL),down,BOS↓,retrace_ok
688286.SH,20240222,EVENT,13.9311,13.9311,expansion(HH+LL),down,CHoCH↓,no_retrace
688718.SH,20240222,EVENT,11.8661,11.8661,bear(LH+LL),down,BOS↓,retrace_ok
001202.SZ,20240223,EVENT,2.4263,2.4263,expansion(HH+LL),down,BOS↓,no_retrace
001360.SZ,20240223,EVENT,7.0194,7.0194,bear(LH+LL),down,BOS↓,no_retrace
002420.SZ,20240223,EVENT,4.775,4.775,bear(LH+LL),down,BOS↓,retrace_ok
002494.SZ,20240223,EVENT,7.5012,7.5012,compress(LH+HL),down,CHoCH↓,retrace_ok
002836.SZ,20240223,EVENT,6.0747,6.0747,expansion(HH+LL),down,BOS↓,no_retrace
002879.SZ,20240223,EVENT,15.3117,15.3117,bear(LH+LL),down,BOS↓,retrace_ok
300068.SZ,20240223,EVENT,13.7601,13.7601,bear(LH+LL),down,BOS↓,no_retrace
300132.SZ,20240223,EVENT,5.4219,5.4219,bear(LH+LL),down,CHoCH↓,no_retrace
300440.SZ,20240223,EVENT,8.2425,8.2425,bear(LH+LL),down,BOS↓,retrace_ok
300828.SZ,20240223,EVENT,18.089,18.089,bear(LH+LL),down,BOS↓,no_retrace
301003.SZ,20240223,EVENT,13.8434,13.8434,expansion(HH+LL),down,BOS↓,no_retrace
301012.SZ,20240223,EVENT,23.948,23.948,expansion(HH+LL),down,CHoCH↓,no_retrace
600094.SH,20240223,EVENT,3.5181,3.5181,expansion(HH+LL),down,BOS↓,retrace_fail
603517.SH,20240223,EVENT,0.0623,0.0623,bear(LH+LL),down,BOS↓,no_retrace
603928.SH,20240223,EVENT,7.609,7.609,expansion(HH+LL),down,BOS↓,no_retrace
688037.SH,20240223,EVENT,15.1388,15.1388,bear(LH+LL),down,BOS↓,retrace_ok
688232.SH,20240223,EVENT,2.0165,2.0165,bear(LH+LL),down,CHoCH↓,retrace_ok
688486.SH,20240223,EVENT,14.1398,14.1398,bear(LH+LL),down,BOS↓,retrace_ok
688571.SH,20240223,EVENT,4.5145,4.5145,bear(LH+LL),down,BOS↓,no_retrace
001211.SZ,20240226,EVENT,-1.3711,-1.3711,expansion(HH+LL),down,BOS↓,retrace_ok
002117.SZ,20240226,EVENT,-2.9466,-2.9466,bear(LH+LL),down,BOS↓,retrace_fail
002391.SZ,20240226,EVENT,0.8131,0.8131,bear(LH+LL),down,BOS↓,no_retrace
300776.SZ,20240226,EVENT,3.9082,3.9082,bear(LH+LL),down,BOS↓,no_retrace
301149.SZ,20240226,EVENT,4.9678,4.9678,expansion(HH+LL),down,BOS↓,no_retrace
603281.SH,20240226,EVENT,0.1501,0.1501,bear(LH+LL),down,CHoCH↓,no_retrace
603551.SH,20240226,EVENT,-0.3729,-0.3729,expansion(HH+LL),down,BOS↓,retrace_fail
688193.SH,20240226,EVENT,-3.6548,-3.6548,bear(LH+LL),down,BOS↓,no_retrace
688217.SH,20240226,EVENT,-4.0707,-4.0707,bear(LH+LL),down,BOS↓,retrace_ok
688517.SH,20240226,EVENT,9.9961,9.9961,expansion(HH+LL),down,BOS↓,no_retrace
300296.SZ,20240227,EVENT,-0.7248,-0.7248,bear(LH+LL),down,BOS↓,retrace_fail
301187.SZ,20240227,EVENT,7.1076,7.1076,expansion(HH+LL),down,BOS↓,retrace_ok
301233.SZ,20240227,EVENT,15.2903,15.2903,expansion(HH+LL),down,BOS↓,no_retrace
002272.SZ,20240228,EVENT,34.0269,34.0269,bull(HH+HL),down,BOS↓,no_retrace
002753.SZ,20240228,EVENT,-3.7659,-3.7659,bear(LH+LL),down,CHoCH↓,retrace_ok
300339.SZ,20240228,EVENT,6.9058,6.9058,bear(LH+LL),down,BOS↓,retrace_fail
300441.SZ,20240228,EVENT,10.9797,10.9797,expansion(HH+LL),down,CHoCH↓,retrace_ok
300768.SZ,20240228,EVENT,-0.466,-0.466,expansion(HH+LL),down,BOS↓,retrace_fail
300947.SZ,20240228,EVENT,-5.3216,-5.3216,bear(LH+LL),down,BOS↓,no_retrace
301063.SZ,20240228,EVENT,-0.2086,-0.2086,bear(LH+LL),down,BOS↓,no_retrace
301156.SZ,20240228,EVENT,-3.2393,-3.2393,bear(LH+LL),down,CHoCH↓,retrace_ok
600865.SH,20240228,EVENT,-4.1921,-4.1921,bear(LH+LL),down,BOS↓,no_retrace
603818.SH,20240228,EVENT,-4.8542,-4.8542,bear(LH+LL),down,BOS↓,no_retrace
605169.SH,20240228,EVENT,-2.101,-2.101,bear(LH+LL),down,CHoCH↓,no_retrace
688381.SH,20240228,EVENT,1.8496,1.8496,bear(LH+LL),down,BOS↓,retrace_fail
688391.SH,20240228,EVENT,8.4521,8.4521,bear(LH+LL),down,BOS↓,no_retrace
688543.SH,20240228,EVENT,0.337,0.337,bear(LH+LL),down,BOS↓,no_retrace
601666_SH.SH,20240229,CONT,-8.6288,-8.6288,compress(LH+HL),up,CHoCH↑,no_retrace
600031.SH,20240202,EVENT,4.2981,4.2981,bull(HH+HL),down,BOS↓,no_retrace
301305.SZ,20240301,EVENT,3.2959,3.2959,bear(LH+LL),down,BOS↓,retrace_fail
001255.SZ,20240301,EVENT,9.4733,9.4733,bear(LH+LL),down,CHoCH↓,no_retrace
603005.SH,20240301,EVENT,0.0221,0.0221,bear(LH+LL),down,BOS↓,no_retrace
603399.SH,20240301,EVENT,-1.8839,-1.8839,bear(LH+LL),down,BOS↓,no_retrace
000576.SZ,20240306,EVENT,6.5995,6.5995,bear(LH+LL),down,BOS↓,retrace_fail
603119.SH,20240301,EVENT,-0.3209,-0.3209,bear(LH+LL),up,CHoCH↑,retrace_fail
688558.SH,20240301,EVENT,0.9067,0.9067,bear(LH+LL),down,BOS↓,no_retrace
688651.SH,20240301,EVENT,9.1074,9.1074,bear(LH+LL),down,BOS↓,retrace_ok
300684.SZ,20240304,EVENT,0.9409,0.9409,bear(LH+LL),up,CHoCH↑,no_retrace
603399.SH,20240304,EVENT,0.4804,0.4804,bear(LH+LL),down,BOS↓,no_retrace
688320.SH,20240304,EVENT,1.726,1.726,bear(LH+LL),down,BOS↓,no_retrace
300684.SZ,20240307,EVENT,-2.352,-2.352,compress(LH+HL),up,CHoCH↑,no_retrace
000576.SZ,20240308,EVENT,10.884,10.884,bear(LH+LL),down,BOS↓,retrace_ok
001283.SZ,20240301,EVENT,16.4028,16.4028,expansion(HH+LL),down,CHoCH↓,no_retrace
002420.SZ,20240301,EVENT,8.3298,8.3298,bear(LH+LL),down,BOS↓,retrace_ok
002671.SZ,20240301,EVENT,7.9373,7.9373,expansion(HH+LL),down,BOS↓,retrace_ok
002836.SZ,20240301,EVENT,12.216,12.216,expansion(HH+LL),down,BOS↓,no_retrace
002937.SZ,20240301,EVENT,6.4823,6.4823,bear(LH+LL),down,CHoCH↓,retrace_ok
300097.SZ,20240301,EVENT,0.9043,0.9043,bear(LH+LL),down,BOS↓,no_retrace
300656.SZ,20240301,EVENT,2.6651,2.6651,bear(LH+LL),down,BOS↓,retrace_fail
301092.SZ,20240301,EVENT,6.4621,6.4621,bear(LH+LL),down,BOS↓,retrace_ok
301233.SZ,20240301,EVENT,21.3333,21.3333,expansion(HH+LL),down,BOS↓,no_retrace
601089.SH,20240301,EVENT,6.2709,6.2709,bear(LH+LL),up,CHoCH↑,no_retrace
603626.SH,20240301,EVENT,7.5291,7.5291,bear(LH+LL),down,CHoCH↓,retrace_ok
605300.SH,20240301,EVENT,4.7884,4.7884,bear(LH+LL),down,BOS↓,retrace_fail
688056.SH,20240301,EVENT,10.5807,10.5807,bear(LH+LL),down,BOS↓,retrace_ok
688058.SH,20240301,EVENT,11.7626,11.7626,bear(LH+LL),down,BOS↓,retrace_fail
688079.SH,20240301,EVENT,5.883,5.883,expansion(HH+LL),down,CHoCH↓,retrace_ok
688252.SH,20240301,EVENT,8.9111,8.9111,expansion(HH+LL),down,BOS↓,retrace_ok
688315.SH,20240301,EVENT,6.1865,6.1865,bear(LH+LL),up,CHoCH↑,retrace_fail
688362.SH,20240301,EVENT,4.2913,4.2913,bear(LH+LL),down,BOS↓,retrace_ok
688478.SH,20240301,EVENT,-0.5,-0.5,expansion(HH+LL),down,CHoCH↓,no_retrace
002846.SZ,20240304,EVENT,15.8777,15.8777,bear(LH+LL),down,BOS↓,retrace_ok
300538.SZ,20240304,EVENT,3.8013,3.8013,expansion(HH+LL),down,CHoCH↓,no_retrace
301225.SZ,20240304,EVENT,2.3239,2.3239,bear(LH+LL),up,CHoCH↑,retrace_ok
600212.SH,20240304,EVENT,6.1177,6.1177,bear(LH+LL),up,CHoCH↑,no_retrace
603222.SH,20240304,EVENT,5.234,5.234,bear(LH+LL),down,BOS↓,no_retrace
688429.SH,20240304,EVENT,4.6685,4.6685,bear(LH+LL),down,CHoCH↓,no_retrace
300250.SZ,20240305,EVENT,0.5238,0.5238,bear(LH+LL),down,BOS↓,retrace_ok
300825.SZ,20240305,EVENT,4.9274,4.9274,bear(LH+LL),down,BOS↓,no_retrace
301115.SZ,20240305,EVENT,2.7059,2.7059,bear(LH+LL),down,BOS↓,retrace_fail
688426.SH,20240306,EVENT,3.6674,3.6674,bear(LH+LL),down,BOS↓,retrace_fail
300881.SZ,20240307,EVENT,0.8668,0.8668,compress(LH+HL),down,BOS↓,retrace_ok
688522.SH,20240307,EVENT,28.5373,28.5373,compress(LH+HL),up,CHoCH↑,no_retrace
605122.SH,20240311,EVENT,5.1876,5.1876,compress(LH+HL),down,BOS↓,no_retrace
688231.SH,20240321,EVENT,0.488,0.488,compress(LH+HL),down,BOS↓,retrace_ok
002760.SZ,20240301,EVENT,10.3669,10.3669,expansion(HH+LL),down,BOS↓,retrace_ok
003003.SZ,20240301,EVENT,13.313,13.313,bear(LH+LL),down,BOS↓,retrace_ok
300250.SZ,20240301,EVENT,2.0443,2.0443,bear(LH+LL),down,BOS↓,retrace_ok
300447.SZ,20240301,EVENT,9.0987,9.0987,bear(LH+LL),down,BOS↓,retrace_fail
300563.SZ,20240301,EVENT,13.7841,13.7841,bear(LH+LL),down,BOS↓,no_retrace
300884.SZ,20240301,EVENT,5.7137,5.7137,bear(LH+LL),down,BOS↓,retrace_ok
301197.SZ,20240301,EVENT,9.8624,9.8624,bear(LH+LL),down,BOS↓,no_retrace
301323.SZ,20240301,EVENT,13.029,13.029,bear(LH+LL),down,BOS↓,retrace_ok
600543.SH,20240301,EVENT,12.4817,12.4817,bear(LH+LL),down,CHoCH↓,retrace_ok
600843.SH,20240301,EVENT,33.5376,33.5376,expansion(HH+LL),down,BOS↓,retrace_ok
605018.SH,20240301,EVENT,9.4714,9.4714,bear(LH+LL),down,BOS↓,retrace_ok
688217.SH,20240301,EVENT,6.5217,6.5217,bear(LH+LL),down,BOS↓,retrace_ok
688603.SH,20240301,EVENT,-1.5692,-1.5692,bear(LH+LL),down,CHoCH↓,retrace_ok
688616.SH,20240301,EVENT,11.1147,11.1147,bear(LH+LL),down,CHoCH↓,no_retrace
002058.SZ,20240304,EVENT,0.7818,0.7818,bear(LH+LL),down,BOS↓,retrace_fail
002162.SZ,20240304,EVENT,-0.5818,-0.5818,bear(LH+LL),down,BOS↓,retrace_fail
300214.SZ,20240304,EVENT,12.5565,12.5565,bear(LH+LL),down,BOS↓,retrace_ok
300629.SZ,20240304,EVENT,8.1391,8.1391,bear(LH+LL),down,BOS↓,retrace_fail
301228.SZ,20240304,EVENT,8.7277,8.7277,bear(LH+LL),down,BOS↓,retrace_ok
301300.SZ,20240304,EVENT,12.6802,12.6802,expansion(HH+LL),down,BOS↓,no_retrace
301335.SZ,20240304,EVENT,6.6944,6.6944,bear(LH+LL),down,BOS↓,no_retrace
603219.SH,20240304,EVENT,15.8664,15.8664,bear(LH+LL),down,BOS↓,retrace_ok
603980.SH,20240304,EVENT,3.3618,3.3618,expansion(HH+LL),down,CHoCH↓,retrace_ok
688037.SH,20240304,EVENT,0.6184,0.6184,bear(LH+LL),down,BOS↓,retrace_fail
688123.SH,20240304,EVENT,14.0077,14.0077,bear(LH+LL),down,BOS↓,no_retrace
688229.SH,20240304,EVENT,3.4602,3.4602,bear(LH+LL),down,CHoCH↓,retrace_ok
300970.SZ,20240305,EVENT,9.4967,9.4967,bear(LH+LL),down,BOS↓,no_retrace
301009.SZ,20240305,EVENT,6.8719,6.8719,expansion(HH+LL),down,BOS↓,no_retrace
301181.SZ,20240305,EVENT,9.7201,9.7201,bear(LH+LL),down,BOS↓,retrace_ok
301197.SZ,20240305,EVENT,12.0026,12.0026,bear(LH+LL),down,BOS↓,no_retrace
301369.SZ,20240305,EVENT,10.5234,10.5234,bear(LH+LL),down,BOS↓,retrace_ok
001296.SZ,20240306,EVENT,11.1376,11.1376,bear(LH+LL),down,CHoCH↓,retrace_ok
600173.SH,20240306,EVENT,11.7916,11.7916,bear(LH+LL),down,BOS↓,retrace_ok
688120.SH,20240306,EVENT,-1.0301,-1.0301,expansion(HH+LL),up,CHoCH↑,retrace_ok
688558.SH,20240306,EVENT,3.1292,3.1292,bear(LH+LL),down,BOS↓,no_retrace
002846.SZ,20240307,EVENT,25.3099,25.3099,compress(LH+HL),down,BOS↓,retrace_ok
301125.SZ,20240307,EVENT,2.1432,2.1432,bear(LH+LL),down,BOS↓,retrace_fail
603818.SH,20240307,EVENT,-2.1911,-2.1911,compress(LH+HL),down,BOS↓,no_retrace
688291.SH,20240307,EVENT,8.4704,8.4704,bear(LH+LL),down,BOS↓,retrace_ok
001255.SZ,20240308,EVENT,1.7471,1.7471,compress(LH+HL),down,CHoCH↓,no_retrace
002769.SZ,20240308,EVENT,11.4043,11.4043,compress(LH+HL),down,BOS↓,no_retrace
003017.SZ,20240308,EVENT,8.7436,8.7436,bear(LH+LL),down,BOS↓,retrace_ok
300819.SZ,20240308,EVENT,8.7034,8.7034,bear(LH+LL),down,BOS↓,no_retrace
603116.SH,20240308,EVENT,5.0835,5.0835,bear(LH+LL),down,BOS↓,no_retrace
003004.SZ,20240311,EVENT,14.7783,14.7783,compress(LH+HL),up,CHoCH↑,no_retrace
300970.SZ,20240311,EVENT,6.4711,6.4711,compress(LH+HL),down,BOS↓,no_retrace
603811.SH,20240311,EVENT,-1.5284,-1.5284,bear(LH+LL),down,BOS↓,retrace_ok
002820.SZ,20240312,EVENT,3.7275,3.7275,compress(LH+HL),down,BOS↓,no_retrace
688433.SH,20240313,EVENT,27.3555,27.3555,bear(LH+LL),down,BOS↓,no_retrace
688173.SH,20240315,EVENT,-3.427,-3.427,compress(LH+HL),down,BOS↓,retrace_ok
002811.SZ,20240301,EVENT,18.7486,18.7486,bear(LH+LL),down,BOS↓,no_retrace
300605.SZ,20240301,EVENT,9.6561,9.6561,bear(LH+LL),down,BOS↓,no_retrace
300686.SZ,20240301,EVENT,24.0795,24.0795,expansion(HH+LL),down,BOS↓,no_retrace
300691.SZ,20240301,EVENT,5.783,5.783,bear(LH+LL),down,CHoCH↓,retrace_ok
300902.SZ,20240301,EVENT,9.4546,9.4546,bear(LH+LL),down,BOS↓,no_retrace
301486.SZ,20240301,EVENT,16.3549,16.3549,expansion(HH+LL),down,BOS↓,no_retrace
600067.SH,20240301,EVENT,2.9324,2.9324,compress(LH+HL),down,BOS↓,no_retrace
600080.SH,20240301,EVENT,-2.1082,-2.1082,bear(LH+LL),down,BOS↓,retrace_fail
600183.SH,20240301,EVENT,0.5686,0.5686,bear(LH+LL),down,CHoCH↓,retrace_ok
603217.SH,20240301,EVENT,6.7864,6.7864,expansion(HH+LL),down,CHoCH↓,no_retrace
603321.SH,20240301,EVENT,8.5213,8.5213,bear(LH+LL),down,CHoCH↓,no_retrace
688123.SH,20240301,EVENT,21.0033,21.0033,bear(LH+LL),down,BOS↓,no_retrace
688528.SH,20240301,EVENT,14.3556,14.3556,bear(LH+LL),down,CHoCH↓,no_retrace
001222.SZ,20240304,EVENT,3.9574,3.9574,expansion(HH+LL),down,BOS↓,retrace_ok
001259.SZ,20240304,EVENT,-7.9951,-7.9951,expansion(HH+LL),down,CHoCH↓,retrace_fail
002452.SZ,20240304,EVENT,10.9025,10.9025,bear(LH+LL),down,CHoCH↓,no_retrace
002821.SZ,20240304,EVENT,-4.6211,-4.6211,bear(LH+LL),down,BOS↓,retrace_ok
300132.SZ,20240304,EVENT,7.223,7.223,bear(LH+LL),down,CHoCH↓,no_retrace
300259.SZ,20240304,EVENT,5.3973,5.3973,bear(LH+LL),down,BOS↓,retrace_fail
300658.SZ,20240304,EVENT,7.6347,7.6347,expansion(HH+LL),down,CHoCH↓,retrace_ok
300836.SZ,20240304,EVENT,20.191,20.191,expansion(HH+LL),down,BOS↓,no_retrace
300877.SZ,20240304,EVENT,12.0064,12.0064,bear(LH+LL),down,BOS↓,no_retrace
301115.SZ,20240304,EVENT,3.0308,3.0308,bear(LH+LL),down,BOS↓,retrace_fail
301156.SZ,20240304,EVENT,11.599,11.599,bear(LH+LL),down,CHoCH↓,retrace_ok
301176.SZ,20240304,EVENT,9.4159,9.4159,expansion(HH+LL),down,BOS↓,no_retrace
301190.SZ,20240304,EVENT,5.8067,5.8067,bear(LH+LL),down,BOS↓,retrace_ok
301321.SZ,20240304,EVENT,5.0753,5.0753,expansion(HH+LL),down,CHoCH↓,no_retrace
600080.SH,20240304,EVENT,-0.3648,-0.3648,bear(LH+LL),down,BOS↓,retrace_ok
600543.SH,20240304,EVENT,13.0732,13.0732,bear(LH+LL),down,CHoCH↓,retrace_ok
603116.SH,20240304,EVENT,8.3871,8.3871,expansion(HH+LL),down,BOS↓,no_retrace
603321.SH,20240304,EVENT,8.9189,8.9189,bear(LH+LL),down,CHoCH↓,no_retrace
603726.SH,20240304,EVENT,6.4765,6.4765,bear(LH+LL),down,BOS↓,no_retrace
603879.SH,20240304,EVENT,41.9374,41.9374,bear(LH+LL),down,BOS↓,no_retrace
605388.SH,20240304,EVENT,4.8757,4.8757,bear(LH+LL),down,BOS↓,no_retrace
688129.SH,20240304,EVENT,8.7325,8.7325,bear(LH+LL),down,CHoCH↓,retrace_ok
688420.SH,20240304,EVENT,2.8441,2.8441,bear(LH+LL),down,BOS↓,retrace_fail
688519.SH,20240304,EVENT,24.6398,24.6398,compress(LH+HL),down,BOS↓,retrace_ok
300132.SZ,20240305,EVENT,10.7157,10.7157,bear(LH+LL),down,CHoCH↓,no_retrace
300005.SZ,20240306,EVENT,13.1121,13.1121,bear(LH+LL),down,BOS↓,retrace_ok
688455.SH,20240306,EVENT,7.7009,7.7009,bear(LH+LL),down,BOS↓,no_retrace
301130.SZ,20240307,EVENT,7.4225,7.4225,bear(LH+LL),down,BOS↓,no_retrace
603655.SH,20240307,EVENT,11.8046,11.8046,bear(LH+LL),down,CHoCH↓,no_retrace
002820.SZ,20240311,EVENT,8.3951,8.3951,bear(LH+LL),down,CHoCH↓,no_retrace
601089.SH,20240311,EVENT,1.9973,1.9973,expansion(HH+LL),up,CHoCH↑,retrace_ok
688528.SH,20240311,EVENT,6.0609,6.0609,compress(LH+HL),down,CHoCH↓,no_retrace
001231.SZ,20240312,EVENT,5.2152,5.2152,bear(LH+LL),down,BOS↓,no_retrace
300885.SZ,20240312,EVENT,-3.1571,-3.1571,bear(LH+LL),down,BOS↓,no_retrace
301126.SZ,20240312,EVENT,2.7391,2.7391,bear(LH+LL),down,BOS↓,no_retrace
301148.SZ,20240312,EVENT,11.7574,11.7574,compress(LH+HL),down,BOS↓,no_retrace
301313.SZ,20240320,EVENT,0.4828,0.4828,compress(LH+HL),down,CHoCH↓,retrace_ok
300819.SZ,20240325,EVENT,5.0346,5.0346,expansion(HH+LL),down,BOS↓,no_retrace
688515.SH,20240328,EVENT,-17.5801,-17.5801,bull(HH+HL),up,CHoCH↑,no_retrace
301166.SZ,20240329,EVENT,-3.365,-3.365,bear(LH+LL),down,BOS↓,retrace_ok
600160_SH.SH,20240301,CONT,3.1197,3.1197,bull(HH+HL),up,CHoCH↑,no_retrace
601666_SH.SH,20240304,CONT,-17.5077,-17.5077,bull(HH+HL),up,CHoCH↑,no_retrace
600707_SH.SH,20240311,CONT,-1.3236,-1.3236,bear(LH+LL),up,CHoCH↑,no_retrace
605196_SH.SH,20240314,CONT,14.3829,14.3829,expansion(HH+LL),up,CHoCH↑,no_retrace
300274_SZ.SZ,20240318,CONT,4.068,4.068,bear(LH+LL),up,CHoCH↑,retrace_ok
600233_SH.SH,20240321,CONT,2.9572,2.9572,bull(HH+HL),up,BOS↑,no_retrace
002496_SZ.SZ,20240329,CONT,0.6889,0.6889,bull(HH+HL),up,CHoCH↑,no_retrace
603219.SH,20240301,EVENT,24.3229,24.3229,bear(LH+LL),down,BOS↓,retrace_ok
300124.SZ,20240304,EVENT,1.7638,1.7638,bull(HH+HL),down,BOS↓,retrace_fail
688072.SH,20240322,EVENT,-1.544,-1.544,compress(LH+HL),up,CHoCH↑,retrace_ok
601689.SH,20240325,EVENT,0.396,0.396,bull(HH+HL),up,CHoCH↑,retrace_ok
688282.SH,20240325,EVENT,-17.5726,-17.5726,compress(LH+HL),up,CHoCH↑,no_retrace
688165.SH,20240329,EVENT,-17.8902,-17.8902,expansion(HH+LL),up,BOS↑,retrace_ok
301041.SZ,20240412,EVENT,-3.2129,-3.2129,bull(HH+HL),down,CHoCH↓,retrace_ok
688433.SH,20240415,EVENT,-4.8695,-4.8695,compress(LH+HL),up,CHoCH↑,retrace_fail
002726.SZ,20240417,EVENT,-6.553,-6.553,bull(HH+HL),up,CHoCH↑,retrace_ok
300759.SZ,20240430,EVENT,11.9649,11.9649,bear(LH+LL),down,BOS↓,retrace_ok
688550.SH,20240408,EVENT,-2.9917,-2.9917,bull(HH+HL),down,CHoCH↓,no_retrace
301156.SZ,20240410,EVENT,-14.4973,-14.4973,bull(HH+HL),up,CHoCH↑,retrace_ok
001209.SZ,20240412,EVENT,-4.5809,-4.5809,bull(HH+HL),up,CHoCH↑,retrace_ok
600400.SH,20240417,EVENT,11.4839,11.4839,expansion(HH+LL),up,CHoCH↑,retrace_fail
301429.SZ,20240419,EVENT,2.3244,2.3244,compress(LH+HL),down,BOS↓,retrace_fail
300470.SZ,20240426,EVENT,3.8176,3.8176,bear(LH+LL),down,BOS↓,retrace_fail
688580.SH,20240430,EVENT,0.9471,0.9471,bear(LH+LL),down,BOS↓,no_retrace
002782.SZ,20240408,EVENT,-5.3465,-5.3465,expansion(HH+LL),down,CHoCH↓,retrace_ok
301246.SZ,20240409,EVENT,-4.2764,-4.2764,bear(LH+LL),down,BOS↓,no_retrace
300875.SZ,20240410,EVENT,-9.8062,-9.8062,expansion(HH+LL),up,BOS↑,retrace_fail
301533.SZ,20240410,EVENT,3.0914,3.0914,bull(HH+HL),down,CHoCH↓,retrace_fail
688472.SH,20240410,EVENT,-1.4617,-1.4617,bull(HH+HL),down,BOS↓,retrace_ok
301227.SZ,20240411,EVENT,-9.0657,-9.0657,bull(HH+HL),up,BOS↑,retrace_fail
603980.SH,20240411,EVENT,-0.1829,-0.1829,compress(LH+HL),up,CHoCH↑,retrace_ok
300481.SZ,20240412,EVENT,7.172,7.172,expansion(HH+LL),up,CHoCH↑,retrace_fail
300801.SZ,20240416,EVENT,-6.1549,-6.1549,expansion(HH+LL),up,CHoCH↑,retrace_fail
000795.SZ,20240418,EVENT,6.3858,6.3858,bull(HH+HL),up,BOS↑,retrace_fail
301130.SZ,20240418,EVENT,6.7722,6.7722,bull(HH+HL),down,CHoCH↓,retrace_fail
301335.SZ,20240418,EVENT,-4.8306,-4.8306,bull(HH+HL),down,BOS↓,retrace_ok
603755.SH,20240418,EVENT,10.7912,10.7912,bull(HH+HL),down,CHoCH↓,retrace_fail
301263.SZ,20240424,EVENT,3.2607,3.2607,bear(LH+LL),down,BOS↓,retrace_ok
300102.SZ,20240425,EVENT,-0.3998,-0.3998,bull(HH+HL),down,CHoCH↓,no_retrace
301171.SZ,20240426,EVENT,1.0451,1.0451,bull(HH+HL),down,CHoCH↓,no_retrace
300158.SZ,20240430,EVENT,2.8127,2.8127,bear(LH+LL),down,CHoCH↓,retrace_ok
000960_SZ.SZ,20240416,CONT,-5.9714,-5.9714,bull(HH+HL),up,BOS↑,retrace_ok
000425_SZ.SZ,20240418,CONT,0.6075,0.6075,expansion(HH+LL),up,BOS↑,retrace_ok
603233.SH,20240403,EVENT,-0.9661,-0.9661,compress(LH+HL),down,BOS↓,retrace_ok
688183.SH,20240403,EVENT,2.6642,2.6642,bull(HH+HL),up,BOS↑,retrace_fail
301021.SZ,20240408,EVENT,-9.3871,-9.3871,expansion(HH+LL),up,CHoCH↑,retrace_fail
301095.SZ,20240412,EVENT,-3.4157,-3.4157,bear(LH+LL),down,BOS↓,retrace_ok
002932.SZ,20240418,EVENT,4.3182,4.3182,compress(LH+HL),up,CHoCH↑,retrace_ok
688371.SH,20240418,EVENT,-2.9182,-2.9182,bear(LH+LL),down,BOS↓,retrace_ok
300080.SZ,20240430,EVENT,-5.0194,-5.0194,bear(LH+LL),down,BOS↓,retrace_fail
300786.SZ,20240430,EVENT,1.4576,1.4576,expansion(HH+LL),down,BOS↓,retrace_ok
002426.SZ,20240507,EVENT,2.3564,2.3564,bear(LH+LL),down,CHoCH↓,retrace_fail
688202.SH,20240509,EVENT,-19.3939,-19.3939,expansion(HH+LL),down,CHoCH↓,retrace_fail
688502.SH,20240516,EVENT,2.6965,2.6965,bear(LH+LL),down,BOS↓,no_retrace
600666.SH,20240524,EVENT,-6.1923,-6.1923,bear(LH+LL),down,BOS↓,retrace_fail
000757.SZ,20240506,EVENT,-3.424,-3.424,bear(LH+LL),down,BOS↓,retrace_ok
002602.SZ,20240506,EVENT,-14.9458,-14.9458,compress(LH+HL),down,BOS↓,retrace_fail
600530.SH,20240520,EVENT,5.1973,5.1973,compress(LH+HL),up,CHoCH↑,no_retrace
301428.SZ,20240530,EVENT,4.4456,4.4456,compress(LH+HL),up,CHoCH↑,retrace_fail
002583.SZ,20240506,EVENT,-1.3239,-1.3239,bear(LH+LL),down,BOS↓,retrace_ok
300700.SZ,20240506,EVENT,0.1166,0.1166,expansion(HH+LL),down,CHoCH↓,retrace_ok
001267.SZ,20240508,EVENT,8.6069,8.6069,bear(LH+LL),down,BOS↓,retrace_ok
300138.SZ,20240510,EVENT,-9.5868,-9.5868,expansion(HH+LL),down,CHoCH↓,no_retrace
300759.SZ,20240510,EVENT,0.6372,0.6372,bear(LH+LL),down,BOS↓,retrace_ok
688084.SH,20240517,EVENT,19.6201,19.6201,bear(LH+LL),down,BOS↓,no_retrace
002289.SZ,20240520,EVENT,0.6579,0.6579,expansion(HH+LL),down,BOS↓,retrace_fail
300143.SZ,20240506,EVENT,0.4139,0.4139,bear(LH+LL),down,BOS↓,retrace_fail
300335.SZ,20240507,EVENT,7.4642,7.4642,bear(LH+LL),down,CHoCH↓,retrace_fail
301313.SZ,20240508,EVENT,-0.1965,-0.1965,bear(LH+LL),down,BOS↓,retrace_fail
600778.SH,20240508,EVENT,-0.9529,-0.9529,bull(HH+HL),down,BOS↓,retrace_fail
688184.SH,20240508,EVENT,-0.1891,-0.1891,bear(LH+LL),down,BOS↓,no_retrace
600337.SH,20240509,EVENT,-4.7052,-4.7052,expansion(HH+LL),down,CHoCH↓,retrace_ok
000989.SZ,20240510,EVENT,-9.7704,-9.7704,bear(LH+LL),down,BOS↓,retrace_ok
688677.SH,20240510,EVENT,-9.8115,-9.8115,expansion(HH+LL),down,CHoCH↓,no_retrace
688677.SH,20240516,EVENT,-4.3788,-4.3788,expansion(HH+LL),down,CHoCH↓,no_retrace
600183_SH.SH,20240513,CONT,3.1803,3.1803,compress(LH+HL),up,CHoCH↑,no_retrace
300910_SZ.SZ,20240514,CONT,-6.9431,-6.9431,compress(LH+HL),up,CHoCH↑,no_retrace
601113_SH.SH,20240514,CONT,-8.513,-8.513,expansion(HH+LL),up,BOS↑,no_retrace
300702_SZ.SZ,20240515,CONT,-6.9211,-6.9211,compress(LH+HL),up,CHoCH↑,retrace_ok
002155_SZ.SZ,20240516,CONT,8.2538,8.2538,bull(HH+HL),up,BOS↑,retrace_ok
002481_SZ.SZ,20240516,CONT,-8.3836,-8.3836,bear(LH+LL),up,CHoCH↑,no_retrace
603228_SH.SH,20240516,CONT,-3.3622,-3.3622,expansion(HH+LL),up,CHoCH↑,no_retrace
000791_SZ.SZ,20240520,CONT,-8.8402,-8.8402,compress(LH+HL),up,BOS↑,no_retrace
002569_SZ.SZ,20240520,CONT,-3.7294,-3.7294,bear(LH+LL),down,CHoCH↓,retrace_fail
603320_SH.SH,20240520,CONT,-2.1048,-2.1048,expansion(HH+LL),down,CHoCH↓,retrace_fail
603507_SH.SH,20240520,CONT,0.9066,0.9066,expansion(HH+LL),up,CHoCH↑,no_retrace
601825_SH.SH,20240522,CONT,-11.4053,-11.4053,bear(LH+LL),up,CHoCH↑,retrace_ok
000607.SZ,20240507,EVENT,-3.6919,-3.6919,compress(LH+HL),down,CHoCH↓,retrace_ok
002488.SZ,20240507,EVENT,-5.8091,-5.8091,bear(LH+LL),down,BOS↓,retrace_fail
300575.SZ,20240507,EVENT,1.8669,1.8669,compress(LH+HL),down,BOS↓,retrace_fail
300821.SZ,20240507,EVENT,1.4726,1.4726,bear(LH+LL),down,BOS↓,retrace_fail
003016.SZ,20240508,EVENT,4.1841,4.1841,expansion(HH+LL),down,CHoCH↓,retrace_fail
301037.SZ,20240508,EVENT,-0.1372,-0.1372,expansion(HH+LL),down,CHoCH↓,retrace_fail
600180.SH,20240508,EVENT,0.3775,0.3775,bear(LH+LL),down,BOS↓,retrace_ok
688420.SH,20240508,EVENT,-3.3257,-3.3257,bear(LH+LL),down,BOS↓,retrace_fail
300903.SZ,20240509,EVENT,4.3457,4.3457,bear(LH+LL),down,BOS↓,retrace_ok
301057.SZ,20240509,EVENT,0.7247,0.7247,expansion(HH+LL),down,CHoCH↓,retrace_fail
603153.SH,20240509,EVENT,-7.8974,-7.8974,expansion(HH+LL),down,CHoCH↓,retrace_fail
301313.SZ,20240506,EVENT,0.403,0.403,bear(LH+LL),down,BOS↓,retrace_fail
600703.SH,20240507,EVENT,-0.4045,-0.4045,compress(LH+HL),down,BOS↓,no_retrace
002426.SZ,20240510,EVENT,1.3093,1.3093,bear(LH+LL),down,CHoCH↓,retrace_fail
601929.SH,20240606,EVENT,-12.5406,-12.5406,bear(LH+LL),down,BOS↓,no_retrace
605338.SH,20240617,EVENT,-9.6896,-9.6896,expansion(HH+LL),down,CHoCH↓,retrace_ok
600653.SH,20240603,EVENT,4.6576,4.6576,compress(LH+HL),down,BOS↓,retrace_fail
301169.SZ,20240605,EVENT,-2.8396,-2.8396,bear(LH+LL),down,BOS↓,retrace_ok
002445.SZ,20240613,EVENT,-1.0907,-1.0907,compress(LH+HL),down,BOS↓,retrace_ok
605151.SH,20240613,EVENT,-3.574,-3.574,bear(LH+LL),down,BOS↓,retrace_fail
600022.SH,20240617,EVENT,0.2857,0.2857,bear(LH+LL),down,BOS↓,retrace_ok
002702.SZ,20240620,EVENT,-3.5921,-3.5921,bear(LH+LL),down,BOS↓,retrace_ok
688455.SH,20240620,EVENT,-3.8374,-3.8374,bear(LH+LL),down,BOS↓,no_retrace
300019.SZ,20240621,EVENT,-7.8939,-7.8939,expansion(HH+LL),down,CHoCH↓,retrace_fail
600234.SH,20240613,EVENT,0.2997,0.2997,bear(LH+LL),down,BOS↓,no_retrace
002105.SZ,20240617,EVENT,4.133,4.133,expansion(HH+LL),down,BOS↓,retrace_ok
600307.SH,20240617,EVENT,-0.2113,-0.2113,bear(LH+LL),down,BOS↓,retrace_ok
601005.SH,20240617,EVENT,-4.535,-4.535,compress(LH+HL),down,BOS↓,retrace_ok
603333.SH,20240619,EVENT,-7.6647,-7.6647,bear(LH+LL),down,BOS↓,no_retrace
002271.SZ,20240603,EVENT,-8.4132,-8.4132,bear(LH+LL),down,BOS↓,retrace_ok
688591.SH,20240606,EVENT,8.345,8.345,bear(LH+LL),down,BOS↓,retrace_ok
002367.SZ,20240614,EVENT,-2.7998,-2.7998,compress(LH+HL),down,BOS↓,no_retrace
688737.SH,20240614,EVENT,-8.0519,-8.0519,bear(LH+LL),down,BOS↓,no_retrace
600130.SH,20240617,EVENT,-0.086,-0.086,expansion(HH+LL),down,BOS↓,retrace_fail
688576.SH,20240619,EVENT,-5.9309,-5.9309,bear(LH+LL),down,BOS↓,retrace_ok
002203.SZ,20240620,EVENT,-5.2922,-5.2922,bear(LH+LL),down,CHoCH↓,retrace_ok
301115.SZ,20240604,EVENT,-2.738,-2.738,compress(LH+HL),down,CHoCH↓,retrace_fail
600576.SH,20240605,EVENT,-2.3336,-2.3336,expansion(HH+LL),down,BOS↓,retrace_ok
002132.SZ,20240614,EVENT,-3.0244,-3.0244,compress(LH+HL),down,BOS↓,retrace_ok
301207.SZ,20240614,EVENT,-5.6631,-5.6631,bear(LH+LL),down,BOS↓,no_retrace
600699.SH,20240614,EVENT,0.4238,0.4238,bear(LH+LL),down,CHoCH↓,retrace_ok
601880.SH,20240614,EVENT,-1.4729,-1.4729,bull(HH+HL),down,CHoCH↓,no_retrace
300597.SZ,20240617,EVENT,10.8356,10.8356,bear(LH+LL),down,BOS↓,no_retrace
688455.SH,20240617,EVENT,1.1136,1.1136,bear(LH+LL),down,BOS↓,retrace_ok
000672.SZ,20240619,EVENT,1.2249,1.2249,bear(LH+LL),down,BOS↓,no_retrace
002132.SZ,20240619,EVENT,-6.6096,-6.6096,bear(LH+LL),down,BOS↓,retrace_ok
688236.SH,20240619,EVENT,-1.4751,-1.4751,expansion(HH+LL),down,CHoCH↓,no_retrace
000510.SZ,20240620,EVENT,0.0041,0.0041,bear(LH+LL),down,BOS↓,retrace_ok
000672.SZ,20240620,EVENT,2.0385,2.0385,bear(LH+LL),down,BOS↓,no_retrace
603153.SH,20240620,EVENT,-6.183,-6.183,expansion(HH+LL),down,BOS↓,retrace_ok
603863.SH,20240620,EVENT,4.4413,4.4413,expansion(HH+LL),down,BOS↓,no_retrace
688232.SH,20240620,EVENT,-4.4588,-4.4588,bear(LH+LL),down,BOS↓,retrace_fail
600992_SH.SH,20240617,CONT,-3.9661,-3.9661,compress(LH+HL),up,CHoCH↑,retrace_ok
301248.SZ,20240606,EVENT,-3.1481,-3.1481,bull(HH+HL),down,CHoCH↓,retrace_ok
002932.SZ,20240611,EVENT,-2.6753,-2.6753,bear(LH+LL),down,CHoCH↓,retrace_ok
002570.SZ,20240614,EVENT,-6.2309,-6.2309,bear(LH+LL),down,BOS↓,no_retrace
000882.SZ,20240617,EVENT,-9.5978,-9.5978,bull(HH+HL),down,BOS↓,no_retrace
300841.SZ,20240618,EVENT,-3.427,-3.427,bull(HH+HL),up,CHoCH↑,retrace_fail
000795.SZ,20240619,EVENT,-4.7738,-4.7738,bear(LH+LL),down,CHoCH↓,retrace_ok
002700_SZ.SZ,20240701,CONT,14.6357,14.6357,compress(LH+HL),up,BOS↑,no_retrace
002700_SZ.SZ,20240708,CONT,23.7079,23.7079,bull(HH+HL),up,BOS↑,no_retrace
002255.SZ,20240816,EVENT,-3.1704,-3.1704,bear(LH+LL),down,BOS↓,retrace_ok
688211.SH,20240808,EVENT,-4.019,-4.019,compress(LH+HL),down,BOS↓,no_retrace
000981.SZ,20240805,EVENT,-15.8356,-15.8356,bear(LH+LL),up,CHoCH↑,no_retrace
002706.SZ,20240805,EVENT,-1.82,-1.82,expansion(HH+LL),down,BOS↓,retrace_fail
600955.SH,20240807,EVENT,-4.5581,-4.5581,bear(LH+LL),down,BOS↓,retrace_fail
688067.SH,20240807,EVENT,-6.0515,-6.0515,bear(LH+LL),down,BOS↓,retrace_fail
300770.SZ,20240808,EVENT,0.6872,0.6872,bear(LH+LL),down,BOS↓,retrace_fail
000538.SZ,20240809,EVENT,2.2671,2.2671,expansion(HH+LL),down,CHoCH↓,retrace_fail
002996.SZ,20240809,EVENT,-5.6483,-5.6483,bear(LH+LL),down,CHoCH↓,retrace_ok
600256.SH,20240812,EVENT,4.0851,4.0851,compress(LH+HL),down,BOS↓,retrace_fail
601966.SH,20240812,EVENT,-5.7839,-5.7839,bear(LH+LL),down,BOS↓,retrace_ok
001330.SZ,20240830,EVENT,-0.5997,-0.5997,bull(HH+HL),down,BOS↓,no_retrace
301035.SZ,20240807,EVENT,-7.0512,-7.0512,compress(LH+HL),up,CHoCH↑,no_retrace
688371.SH,20240807,EVENT,7.093,7.093,bear(LH+LL),down,BOS↓,retrace_fail
002706.SZ,20240808,EVENT,-6.0845,-6.0845,expansion(HH+LL),down,BOS↓,retrace_fail
002870.SZ,20240809,EVENT,2.5439,2.5439,bear(LH+LL),down,BOS↓,retrace_ok
600256.SH,20240809,EVENT,0.5542,0.5542,compress(LH+HL),down,BOS↓,retrace_fail
688371.SH,20240809,EVENT,0.7303,0.7303,bear(LH+LL),down,BOS↓,retrace_fail
002455.SZ,20240812,EVENT,-4.0221,-4.0221,bear(LH+LL),down,BOS↓,no_retrace
300432.SZ,20240813,EVENT,1.4077,1.4077,bear(LH+LL),down,BOS↓,retrace_fail
688475.SH,20240814,EVENT,-2.0543,-2.0543,bear(LH+LL),down,CHoCH↓,retrace_ok
688310.SH,20240816,EVENT,1.087,1.087,bull(HH+HL),down,CHoCH↓,no_retrace
605056.SH,20240822,EVENT,7.9197,7.9197,compress(LH+HL),down,BOS↓,retrace_fail
002493.SZ,20240823,EVENT,-1.3514,-1.3514,bear(LH+LL),down,BOS↓,retrace_ok
603815.SH,20240826,EVENT,7.2137,7.2137,bear(LH+LL),down,BOS↓,retrace_ok
688080.SH,20240826,EVENT,1.4011,1.4011,bear(LH+LL),down,BOS↓,retrace_fail
300982.SZ,20240805,EVENT,0.3629,0.3629,compress(LH+HL),up,CHoCH↑,retrace_fail
688499.SH,20240805,EVENT,-8.1738,-8.1738,bear(LH+LL),down,BOS↓,retrace_fail
300376.SZ,20240807,EVENT,-14.389,-14.389,compress(LH+HL),down,BOS↓,no_retrace
688610.SH,20240807,EVENT,-4.9406,-4.9406,expansion(HH+LL),down,CHoCH↓,no_retrace
603033.SH,20240808,EVENT,-2.5647,-2.5647,bear(LH+LL),down,BOS↓,retrace_ok
688400.SH,20240808,EVENT,-0.246,-0.246,expansion(HH+LL),down,BOS↓,no_retrace
688598.SH,20240808,EVENT,-11.2468,-11.2468,bear(LH+LL),up,CHoCH↑,retrace_ok
002440.SZ,20240809,EVENT,-3.5792,-3.5792,bear(LH+LL),up,CHoCH↑,retrace_ok
300687.SZ,20240809,EVENT,-2.0362,-2.0362,bull(HH+HL),down,BOS↓,retrace_ok
301260.SZ,20240809,EVENT,-4.1657,-4.1657,bear(LH+LL),down,BOS↓,retrace_ok
688707.SH,20240809,EVENT,-1.7012,-1.7012,bear(LH+LL),down,BOS↓,retrace_fail
300071.SZ,20240812,EVENT,5.5367,5.5367,bear(LH+LL),up,CHoCH↑,retrace_ok
601969.SH,20240812,EVENT,-4.1915,-4.1915,bear(LH+LL),down,BOS↓,retrace_ok
688598.SH,20240812,EVENT,-3.1823,-3.1823,bear(LH+LL),up,CHoCH↑,retrace_fail
600653.SH,20240814,EVENT,-7.5453,-7.5453,expansion(HH+LL),up,BOS↑,retrace_ok
300481.SZ,20240815,EVENT,-2.7073,-2.7073,bear(LH+LL),down,BOS↓,retrace_ok
300820.SZ,20240816,EVENT,0.9703,0.9703,expansion(HH+LL),up,BOS↑,retrace_fail
688496.SH,20240816,EVENT,-9.0387,-9.0387,bear(LH+LL),down,BOS↓,retrace_ok
688426.SH,20240819,EVENT,-5.8251,-5.8251,bull(HH+HL),up,CHoCH↑,retrace_fail
301093.SZ,20240820,EVENT,7.4717,7.4717,expansion(HH+LL),up,CHoCH↑,retrace_fail
002955.SZ,20240805,EVENT,10.2047,10.2047,bear(LH+LL),down,BOS↓,retrace_fail
605168.SH,20240805,EVENT,-0.1237,-0.1237,bear(LH+LL),down,BOS↓,retrace_fail
003023.SZ,20240807,EVENT,-0.4134,-0.4134,bear(LH+LL),down,CHoCH↓,retrace_fail
301260.SZ,20240807,EVENT,-4.4043,-4.4043,expansion(HH+LL),down,BOS↓,retrace_ok
600810.SH,20240807,EVENT,-1.7589,-1.7589,bear(LH+LL),down,BOS↓,retrace_fail
688078.SH,20240807,EVENT,1.8016,1.8016,bear(LH+LL),down,BOS↓,retrace_fail
002058.SZ,20240808,EVENT,-5.3696,-5.3696,bull(HH+HL),up,CHoCH↑,retrace_fail
300801.SZ,20240808,EVENT,-6.1345,-6.1345,bear(LH+LL),down,BOS↓,retrace_ok
300376.SZ,20240812,EVENT,-3.2884,-3.2884,compress(LH+HL),down,BOS↓,no_retrace
301115.SZ,20240812,EVENT,8.637,8.637,bear(LH+LL),down,BOS↓,retrace_fail
603201.SH,20240812,EVENT,-4.7656,-4.7656,bear(LH+LL),down,BOS↓,retrace_ok
002219.SZ,20240821,EVENT,1.1811,1.1811,expansion(HH+LL),up,CHoCH↑,retrace_fail
603566.SH,20240821,EVENT,-3.0096,-3.0096,expansion(HH+LL),down,BOS↓,retrace_ok
600143.SH,20240822,EVENT,2.2217,2.2217,expansion(HH+LL),up,CHoCH↑,no_retrace
603312.SH,20240826,EVENT,8.9924,8.9924,expansion(HH+LL),up,CHoCH↑,retrace_fail
301529.SZ,20240830,EVENT,8.5205,8.5205,bear(LH+LL),down,BOS↓,retrace_ok
000908_SZ.SZ,20240815,CONT,62.6906,62.6906,bear(LH+LL),up,CHoCH↑,no_retrace
000878.SZ,20240807,EVENT,-1.4033,-1.4033,bear(LH+LL),down,BOS↓,no_retrace
688163.SH,20240819,EVENT,3.5109,3.5109,bull(HH+HL),up,CHoCH↑,retrace_ok
688089.SH,20240822,EVENT,0.6818,0.6818,bull(HH+HL),up,BOS↑,retrace_fail
300627.SZ,20240830,EVENT,5.9623,5.9623,bear(LH+LL),down,BOS↓,retrace_ok
300801.SZ,20240830,EVENT,-4.4455,-4.4455,compress(LH+HL),down,BOS↓,retrace_ok
002627.SZ,20240812,EVENT,-2.029,-2.029,expansion(HH+LL),up,CHoCH↑,retrace_fail
600679.SH,20240812,EVENT,-6.7308,-6.7308,bull(HH+HL),up,BOS↑,retrace_ok
600382.SH,20240905,EVENT,3.784,3.784,bear(LH+LL),down,BOS↓,retrace_fail
300073.SZ,20240902,EVENT,4.5596,4.5596,expansion(HH+LL),down,BOS↓,retrace_fail
002706.SZ,20240905,EVENT,5.9111,5.9111,bear(LH+LL),down,BOS↓,retrace_ok
002758.SZ,20240925,EVENT,4.2006,4.2006,bear(LH+LL),up,CHoCH↑,no_retrace
301303.SZ,20240926,EVENT,2.9074,2.9074,bear(LH+LL),down,BOS↓,retrace_fail
601678.SH,20240925,EVENT,1.4093,1.4093,bear(LH+LL),down,BOS↓,retrace_fail
688686.SH,20240925,EVENT,15.2546,15.2546,bear(LH+LL),down,BOS↓,no_retrace
605266.SH,20240904,EVENT,15.4097,15.4097,bear(LH+LL),down,BOS↓,retrace_ok
688768.SH,20240906,EVENT,2.9221,2.9221,expansion(HH+LL),down,CHoCH↓,retrace_fail
002706.SZ,20240909,EVENT,11.4145,11.4145,bear(LH+LL),down,BOS↓,retrace_ok
601969.SH,20240909,EVENT,9.1517,9.1517,bear(LH+LL),down,BOS↓,retrace_ok
603918.SH,20240909,EVENT,0.3903,0.3903,bear(LH+LL),down,BOS↓,retrace_fail
002758.SZ,20240923,EVENT,8.1194,8.1194,bear(LH+LL),down,BOS↓,retrace_fail
600873.SH,20240925,EVENT,12.3754,12.3754,bear(LH+LL),down,BOS↓,retrace_ok
688448.SH,20240926,EVENT,10.7654,10.7654,bear(LH+LL),down,BOS↓,retrace_fail
688612.SH,20240926,EVENT,19.2173,19.2173,bear(LH+LL),down,BOS↓,retrace_fail
002443.SZ,20240902,EVENT,0.2029,0.2029,bear(LH+LL),down,BOS↓,retrace_fail
002014.SZ,20240904,EVENT,-1.5753,-1.5753,bear(LH+LL),down,BOS↓,no_retrace
002458.SZ,20240904,EVENT,-2.8145,-2.8145,expansion(HH+LL),down,CHoCH↓,retrace_ok
603300.SH,20240904,EVENT,-4.8901,-4.8901,compress(LH+HL),down,BOS↓,retrace_ok
688719.SH,20240904,EVENT,-5.2511,-5.2511,bear(LH+LL),down,BOS↓,retrace_ok
600588.SH,20240906,EVENT,0.4997,0.4997,bear(LH+LL),down,CHoCH↓,retrace_ok
603008.SH,20240906,EVENT,6.3068,6.3068,bear(LH+LL),down,BOS↓,retrace_fail
603087.SH,20240909,EVENT,-3.683,-3.683,bear(LH+LL),down,BOS↓,retrace_ok
688017.SH,20240909,EVENT,-6.3434,-6.3434,expansion(HH+LL),down,CHoCH↓,retrace_ok
300073.SZ,20240911,EVENT,0.0015,0.0015,expansion(HH+LL),up,CHoCH↑,retrace_fail
301047.SZ,20240911,EVENT,18.6695,18.6695,bear(LH+LL),down,CHoCH↓,retrace_ok
605009.SH,20240911,EVENT,14.4274,14.4274,bear(LH+LL),down,BOS↓,no_retrace
002706.SZ,20240912,EVENT,6.781,6.781,bear(LH+LL),down,BOS↓,retrace_ok
002901.SZ,20240912,EVENT,-0.1578,-0.1578,bull(HH+HL),down,BOS↓,retrace_fail
688153.SH,20240912,EVENT,-3.4932,-3.4932,bear(LH+LL),down,BOS↓,retrace_ok
301115.SZ,20240919,EVENT,16.0529,16.0529,expansion(HH+LL),up,CHoCH↑,retrace_fail
002702.SZ,20240923,EVENT,2.4845,2.4845,compress(LH+HL),down,BOS↓,retrace_fail
688172.SH,20240923,EVENT,8.959,8.959,bear(LH+LL),down,BOS↓,retrace_ok
600380.SH,20240925,EVENT,5.3841,5.3841,bear(LH+LL),down,BOS↓,retrace_fail
600497.SH,20240925,EVENT,4.4021,4.4021,bear(LH+LL),down,BOS↓,retrace_ok
603173.SH,20240925,EVENT,1.5293,1.5293,bear(LH+LL),down,CHoCH↓,no_retrace
688419.SH,20240925,EVENT,13.5469,13.5469,bear(LH+LL),down,BOS↓,retrace_fail
300447.SZ,20240926,EVENT,22.4329,22.4329,expansion(HH+LL),down,BOS↓,retrace_fail
603365.SH,20240926,EVENT,20.4467,20.4467,expansion(HH+LL),down,BOS↓,retrace_fail
688573.SH,20240926,EVENT,19.0012,19.0012,bear(LH+LL),down,BOS↓,retrace_fail
688496.SH,20240904,EVENT,-8.3409,-8.3409,bear(LH+LL),down,BOS↓,retrace_fail
301108.SZ,20240905,EVENT,-0.6357,-0.6357,bear(LH+LL),down,BOS↓,retrace_ok
301322.SZ,20240905,EVENT,1.1382,1.1382,bear(LH+LL),down,CHoCH↓,retrace_ok
600867.SH,20240905,EVENT,-1.3977,-1.3977,bull(HH+HL),down,CHoCH↓,retrace_ok
301223.SZ,20240909,EVENT,5.8559,5.8559,expansion(HH+LL),down,CHoCH↓,retrace_ok
002132.SZ,20240910,EVENT,3.4215,3.4215,compress(LH+HL),down,BOS↓,retrace_fail
300802.SZ,20240910,EVENT,-0.8303,-0.8303,bear(LH+LL),down,BOS↓,no_retrace
000592.SZ,20240911,EVENT,5.5125,5.5125,expansion(HH+LL),up,CHoCH↑,retrace_fail
002443.SZ,20240911,EVENT,4.4552,4.4552,bear(LH+LL),down,BOS↓,retrace_fail
002925.SZ,20240911,EVENT,0.2022,0.2022,expansion(HH+LL),up,CHoCH↑,retrace_fail
600060.SH,20240911,EVENT,0.3559,0.3559,bear(LH+LL),down,BOS↓,no_retrace
001203.SZ,20240912,EVENT,-1.0395,-1.0395,bear(LH+LL),down,BOS↓,retrace_ok
300736.SZ,20240919,EVENT,18.477,18.477,expansion(HH+LL),up,CHoCH↑,retrace_fail
002353.SZ,20240920,EVENT,14.8403,14.8403,bear(LH+LL),down,BOS↓,retrace_fail
300802.SZ,20240920,EVENT,9.1157,9.1157,expansion(HH+LL),down,BOS↓,retrace_fail
600507.SH,20240920,EVENT,13.1647,13.1647,bear(LH+LL),down,BOS↓,no_retrace
603365.SH,20240920,EVENT,22.3446,22.3446,expansion(HH+LL),down,BOS↓,retrace_fail
603182.SH,20240923,EVENT,2.246,2.246,bull(HH+HL),down,BOS↓,retrace_fail
600380.SH,20240904,EVENT,-3.3568,-3.3568,bear(LH+LL),down,BOS↓,retrace_ok
603282.SH,20240904,EVENT,9.4722,9.4722,expansion(HH+LL),down,CHoCH↓,no_retrace
301093.SZ,20240905,EVENT,-1.2055,-1.2055,bull(HH+HL),up,CHoCH↑,retrace_ok
002458.SZ,20240906,EVENT,-4.6595,-4.6595,expansion(HH+LL),down,CHoCH↓,retrace_fail
301223.SZ,20240906,EVENT,2.6504,2.6504,expansion(HH+LL),down,CHoCH↓,retrace_ok
600809.SH,20240912,EVENT,-4.1145,-4.1145,bear(LH+LL),down,CHoCH↓,retrace_ok
301107.SZ,20240924,EVENT,9.7304,9.7304,compress(LH+HL),down,BOS↓,retrace_ok
603356.SH,20240926,EVENT,8.8357,8.8357,compress(LH+HL),up,CHoCH↑,retrace_fail
600975.SH,20241010,EVENT,2.1715,2.1715,bear(LH+LL),up,CHoCH↑,no_retrace
002996.SZ,20241017,EVENT,15.6613,15.6613,expansion(HH+LL),up,CHoCH↑,retrace_ok
605296.SH,20241030,EVENT,-1.5553,-1.5553,bull(HH+HL),up,CHoCH↑,retrace_ok
601975.SH,20241015,EVENT,-0.5979,-0.5979,bear(LH+LL),up,CHoCH↑,retrace_ok
603173.SH,20241021,EVENT,24.1807,24.1807,expansion(HH+LL),up,CHoCH↑,retrace_ok
002993.SZ,20241030,EVENT,0.5854,0.5854,bull(HH+HL),up,CHoCH↑,no_retrace
601872.SH,20241021,EVENT,-6.0399,-6.0399,expansion(HH+LL),down,CHoCH↓,retrace_ok
601872.SH,20241022,EVENT,-4.2764,-4.2764,expansion(HH+LL),down,CHoCH↓,retrace_ok
603986.SH,20241022,EVENT,7.9918,7.9918,bull(HH+HL),up,CHoCH↑,no_retrace
600750.SH,20241023,EVENT,-3.5941,-3.5941,expansion(HH+LL),up,CHoCH↑,retrace_fail
601985.SH,20241023,EVENT,-4.7589,-4.7589,bull(HH+HL),down,BOS↓,retrace_fail
000703.SZ,20241025,EVENT,1.3455,1.3455,expansion(HH+LL),up,CHoCH↑,retrace_ok
000683.SZ,20241014,EVENT,7.7509,7.7509,bear(LH+LL),up,CHoCH↑,no_retrace
601872.SH,20241015,EVENT,-9.5685,-9.5685,expansion(HH+LL),down,CHoCH↓,retrace_fail
688443.SH,20241017,EVENT,17.4495,17.4495,expansion(HH+LL),up,CHoCH↑,retrace_fail
000157.SZ,20241021,EVENT,7.2997,7.2997,expansion(HH+LL),up,CHoCH↑,retrace_ok
002993.SZ,20241031,EVENT,10.68,10.68,bull(HH+HL),up,CHoCH↑,no_retrace
002302_SZ.SZ,20241011,CONT,3.6571,3.6571,bull(HH+HL),up,CHoCH↑,retrace_ok
600239_SH.SH,20241011,CONT,-2.3661,-2.3661,bear(LH+LL),up,CHoCH↑,retrace_ok
600322_SH.SH,20241011,CONT,0.8417,0.8417,compress(LH+HL),up,CHoCH↑,retrace_ok
600397_SH.SH,20241011,CONT,3.6627,3.6627,compress(LH+HL),up,BOS↑,retrace_ok
600835_SH.SH,20241011,CONT,21.0604,21.0604,bear(LH+LL),up,CHoCH↑,no_retrace
002058_SZ.SZ,20241014,CONT,52.0751,52.0751,expansion(HH+LL),up,BOS↑,retrace_ok
301165_SZ.SZ,20241014,CONT,12.8121,12.8121,bull(HH+HL),up,BOS↑,no_retrace
600281_SH.SH,20241014,CONT,12.3683,12.3683,bull(HH+HL),up,BOS↑,retrace_ok
002178_SZ.SZ,20241015,CONT,27.9184,27.9184,compress(LH+HL),up,CHoCH↑,no_retrace
002512_SZ.SZ,20241015,CONT,1.2706,1.2706,bull(HH+HL),up,BOS↑,no_retrace
002755_SZ.SZ,20241015,CONT,3.152,3.152,bear(LH+LL),up,CHoCH↑,no_retrace
300036_SZ.SZ,20241015,CONT,-4.2573,-4.2573,bear(LH+LL),up,CHoCH↑,no_retrace
300188_SZ.SZ,20241015,CONT,5.4081,5.4081,compress(LH+HL),up,CHoCH↑,no_retrace
600602_SH.SH,20241015,CONT,-2.5839,-2.5839,compress(LH+HL),up,CHoCH↑,no_retrace
600877_SH.SH,20241015,CONT,7.8692,7.8692,bear(LH+LL),up,CHoCH↑,no_retrace
603106_SH.SH,20241015,CONT,48.5342,48.5342,compress(LH+HL),up,BOS↑,no_retrace
688038_SH.SH,20241015,CONT,-1.5015,-1.5015,bear(LH+LL),up,CHoCH↑,no_retrace
688049_SH.SH,20241015,CONT,7.8234,7.8234,bear(LH+LL),up,CHoCH↑,no_retrace
688369_SH.SH,20241015,CONT,1.5991,1.5991,bear(LH+LL),up,CHoCH↑,no_retrace
688376_SH.SH,20241015,CONT,-4.9163,-4.9163,compress(LH+HL),up,CHoCH↑,no_retrace
600079_SH.SH,20241017,CONT,2.0167,2.0167,expansion(HH+LL),up,CHoCH↑,retrace_ok
600828_SH.SH,20241017,CONT,5.7801,5.7801,bull(HH+HL),up,BOS↑,retrace_ok
000510_SZ.SZ,20241021,CONT,2.55,2.55,expansion(HH+LL),up,CHoCH↑,no_retrace
000672_SZ.SZ,20241022,CONT,6.816,6.816,expansion(HH+LL),up,CHoCH↑,no_retrace
301317_SZ.SZ,20241025,CONT,-0.4803,-0.4803,bull(HH+HL),up,BOS↑,no_retrace
002430_SZ.SZ,20241029,CONT,6.9786,6.9786,bull(HH+HL),up,CHoCH↑,no_retrace
603019_SH.SH,20241030,CONT,38.867,38.867,bull(HH+HL),up,BOS↑,no_retrace
002612_SZ.SZ,20241031,CONT,-0.2625,-0.2625,bull(HH+HL),up,CHoCH↑,no_retrace
002318.SZ,20241016,EVENT,4.4552,4.4552,expansion(HH+LL),up,CHoCH↑,no_retrace
301227.SZ,20241017,EVENT,-2.838,-2.838,expansion(HH+LL),up,CHoCH↑,retrace_ok
600497.SH,20241021,EVENT,13.0287,13.0287,expansion(HH+LL),up,CHoCH↑,no_retrace
601975.SH,20241028,EVENT,-0.2208,-0.2208,expansion(HH+LL),up,CHoCH↑,retrace_ok
688392.SH,20241016,EVENT,21.0504,21.0504,expansion(HH+LL),up,CHoCH↑,no_retrace
001289.SZ,20241101,EVENT,-0.0646,-0.0646,bull(HH+HL),down,BOS↓,retrace_fail
688443.SH,20241121,EVENT,-7.5499,-7.5499,compress(LH+HL),down,CHoCH↓,retrace_fail
603500.SH,20241101,EVENT,12.3776,12.3776,bull(HH+HL),up,CHoCH↑,retrace_ok
601666.SH,20241114,EVENT,0.0872,0.0872,bear(LH+LL),up,BOS↑,retrace_fail
300639.SZ,20241118,EVENT,6.5372,6.5372,bear(LH+LL),down,CHoCH↓,retrace_fail
600416_SH.SH,20241101,CONT,-5.1863,-5.1863,bull(HH+HL),up,BOS↑,no_retrace
000096_SZ.SZ,20241104,CONT,3.2628,3.2628,expansion(HH+LL),up,BOS↑,no_retrace
000716_SZ.SZ,20241104,CONT,14.7105,14.7105,bull(HH+HL),up,BOS↑,no_retrace
600458_SH.SH,20241104,CONT,2.1271,2.1271,bull(HH+HL),up,BOS↑,no_retrace
000070_SZ.SZ,20241105,CONT,0.8753,0.8753,bull(HH+HL),up,BOS↑,no_retrace
002808_SZ.SZ,20241105,CONT,25.2545,25.2545,compress(LH+HL),up,BOS↑,no_retrace
002988_SZ.SZ,20241105,CONT,-1.9638,-1.9638,bull(HH+HL),up,BOS↑,no_retrace
600234_SH.SH,20241105,CONT,12.5451,12.5451,bull(HH+HL),up,BOS↑,retrace_ok
688616_SH.SH,20241105,CONT,3.8,3.8,bull(HH+HL),up,CHoCH↑,no_retrace
600624_SH.SH,20241106,CONT,-6.1524,-6.1524,bear(LH+LL),up,BOS↑,no_retrace
002517_SZ.SZ,20241107,CONT,1.4478,1.4478,bull(HH+HL),up,BOS↑,retrace_ok
002351_SZ.SZ,20241112,CONT,-4.9436,-4.9436,bull(HH+HL),up,BOS↑,retrace_ok
688320_SH.SH,20241114,CONT,2.4452,2.4452,compress(LH+HL),up,BOS↑,retrace_ok
002310_SZ.SZ,20241115,CONT,-8.842,-8.842,compress(LH+HL),up,BOS↑,no_retrace
601789_SH.SH,20241115,CONT,-1.3062,-1.3062,bull(HH+HL),up,BOS↑,no_retrace
000815_SZ.SZ,20241120,CONT,-0.2855,-0.2855,bull(HH+HL),up,BOS↑,no_retrace
603325_SH.SH,20241120,CONT,-0.5716,-0.5716,bull(HH+HL),up,BOS↑,no_retrace
301268_SZ.SZ,20241126,CONT,-10.3333,-10.3333,bull(HH+HL),up,BOS↑,no_retrace
002927_SZ.SZ,20241128,CONT,-2.5471,-2.5471,bull(HH+HL),up,BOS↑,no_retrace
300235_SZ.SZ,20241128,CONT,-1.8583,-1.8583,bull(HH+HL),up,BOS↑,no_retrace
300805_SZ.SZ,20241128,CONT,-0.2,-0.2,compress(LH+HL),up,BOS↑,retrace_ok
001376.SZ,20241202,EVENT,3.919,3.919,compress(LH+HL),down,BOS↓,retrace_ok
002122_SZ.SZ,20241206,CONT,44.4194,44.4194,bull(HH+HL),up,BOS↑,retrace_ok
002052_SZ.SZ,20241209,CONT,0.1257,0.1257,bull(HH+HL),up,BOS↑,no_retrace
002860_SZ.SZ,20241213,CONT,-10.6318,-10.6318,compress(LH+HL),up,BOS↑,retrace_ok
001313_SZ.SZ,20241217,CONT,-3.1967,-3.1967,bear(LH+LL),up,BOS↑,no_retrace
300809_SZ.SZ,20241219,CONT,-14.9894,-14.9894,bull(HH+HL),up,BOS↑,retrace_ok
603610_SH.SH,20241219,CONT,-11.0941,-11.0941,bull(HH+HL),up,BOS↑,retrace_ok
603390_SH.SH,20241226,CONT,-26.7132,-26.7132,bull(HH+HL),up,BOS↑,retrace_ok
002791.SZ,20250120,EVENT,3.974,3.974,expansion(HH+LL),down,BOS↓,no_retrace
688659.SH,20250122,EVENT,8.799,8.799,bear(LH+LL),down,CHoCH↓,retrace_ok
300457.SZ,20250124,EVENT,11.53,11.53,bear(LH+LL),down,CHoCH↓,retrace_ok
300250.SZ,20250115,EVENT,23.9321,23.9321,bull(HH+HL),down,CHoCH↓,retrace_ok
601678.SH,20250117,EVENT,1.718,1.718,bear(LH+LL),down,CHoCH↓,retrace_fail
688100.SH,20250117,EVENT,7.7157,7.7157,expansion(HH+LL),down,CHoCH↓,retrace_fail
002439.SZ,20250124,EVENT,17.1443,17.1443,bear(LH+LL),down,BOS↓,no_retrace
688100.SH,20250116,EVENT,7.0821,7.0821,expansion(HH+LL),down,CHoCH↓,retrace_ok
301391.SZ,20250121,EVENT,9.1833,9.1833,expansion(HH+LL),down,CHoCH↓,retrace_ok
300095.SZ,20250122,EVENT,5.358,5.358,bear(LH+LL),down,BOS↓,retrace_ok
301468.SZ,20250122,EVENT,1.1432,1.1432,expansion(HH+LL),down,CHoCH↓,no_retrace
688326.SH,20250122,EVENT,24.6478,24.6478,bear(LH+LL),down,CHoCH↓,retrace_ok
603858.SH,20250123,EVENT,-2.5498,-2.5498,bear(LH+LL),down,BOS↓,retrace_ok
688573.SH,20250123,EVENT,6.6081,6.6081,bear(LH+LL),down,CHoCH↓,no_retrace
600196.SH,20250124,EVENT,6.1746,6.1746,expansion(HH+LL),down,CHoCH↓,retrace_ok
003004.SZ,20250127,EVENT,4.6046,4.6046,bear(LH+LL),up,CHoCH↑,retrace_fail
600881.SH,20250102,EVENT,1.4198,1.4198,bull(HH+HL),up,BOS↑,retrace_fail
301176.SZ,20250109,EVENT,2.8929,2.8929,expansion(HH+LL),down,CHoCH↓,retrace_ok
688212.SH,20250110,EVENT,4.3183,4.3183,bear(LH+LL),down,CHoCH↓,retrace_ok
301227.SZ,20250114,EVENT,10.7373,10.7373,bull(HH+HL),down,CHoCH↓,no_retrace
301290.SZ,20250114,EVENT,7.2098,7.2098,compress(LH+HL),down,CHoCH↓,no_retrace
002252.SZ,20250115,EVENT,3.5473,3.5473,bear(LH+LL),down,CHoCH↓,retrace_ok
688310.SH,20250115,EVENT,2.4017,2.4017,expansion(HH+LL),down,CHoCH↓,retrace_ok
301391.SZ,20250116,EVENT,12.0466,12.0466,expansion(HH+LL),down,CHoCH↓,retrace_ok
603799.SH,20250117,EVENT,0.4971,0.4971,bear(LH+LL),down,BOS↓,retrace_fail
688061.SH,20250117,EVENT,18.673,18.673,expansion(HH+LL),down,BOS↓,no_retrace
000513.SZ,20250120,EVENT,-1.0534,-1.0534,compress(LH+HL),down,BOS↓,retrace_ok
002340.SZ,20250122,EVENT,2.4117,2.4117,compress(LH+HL),down,CHoCH↓,retrace_ok
600059.SH,20250122,EVENT,1.4731,1.4731,expansion(HH+LL),down,CHoCH↓,retrace_ok
600639.SH,20250122,EVENT,1.2073,1.2073,bear(LH+LL),down,CHoCH↓,no_retrace
605266.SH,20250122,EVENT,5.2975,5.2975,expansion(HH+LL),down,CHoCH↓,retrace_ok
000932.SZ,20250123,EVENT,9.7536,9.7536,expansion(HH+LL),down,CHoCH↓,retrace_ok
688659.SH,20250124,EVENT,4.7136,4.7136,bear(LH+LL),down,CHoCH↓,retrace_ok
688061.SH,20250127,EVENT,13.1334,13.1334,expansion(HH+LL),down,BOS↓,no_retrace
000534_SZ.SZ,20250123,CONT,-5.476,-5.476,bull(HH+HL),up,BOS↑,retrace_ok
002252.SZ,20250114,EVENT,5.2945,5.2945,compress(LH+HL),down,CHoCH↓,retrace_ok
600380.SH,20250116,EVENT,-1.1697,-1.1697,bear(LH+LL),down,BOS↓,no_retrace
688326.SH,20250116,EVENT,28.9273,28.9273,bear(LH+LL),down,CHoCH↓,retrace_ok
000513.SZ,20250122,EVENT,0.2254,0.2254,bear(LH+LL),down,BOS↓,retrace_fail
601666.SH,20250122,EVENT,1.4585,1.4585,compress(LH+HL),down,CHoCH↓,no_retrace
688184.SH,20250122,EVENT,0.2438,0.2438,bear(LH+LL),down,CHoCH↓,retrace_ok
000513.SZ,20250123,EVENT,-1.4335,-1.4335,bear(LH+LL),down,BOS↓,retrace_fail
000513.SZ,20250124,EVENT,-1.1746,-1.1746,bear(LH+LL),down,BOS↓,retrace_ok
300095.SZ,20250124,EVENT,6.7496,6.7496,bear(LH+LL),down,BOS↓,retrace_ok
601966.SH,20250124,EVENT,-0.0107,-0.0107,bear(LH+LL),down,BOS↓,retrace_ok
688381.SH,20250124,EVENT,6.3703,6.3703,bear(LH+LL),down,CHoCH↓,no_retrace
000513.SZ,20250127,EVENT,0.0096,0.0096,bear(LH+LL),down,BOS↓,retrace_ok
688238.SH,20250127,EVENT,11.4689,11.4689,bear(LH+LL),down,CHoCH↓,retrace_ok
002368.SZ,20250213,EVENT,0.0606,0.0606,bear(LH+LL),up,CHoCH↑,no_retrace
002386.SZ,20250212,EVENT,-1.7485,-1.7485,bear(LH+LL),down,BOS↓,retrace_fail
301589.SZ,20250214,EVENT,0.0867,0.0867,bear(LH+LL),down,BOS↓,retrace_fail
603978.SH,20250220,EVENT,11.122,11.122,bear(LH+LL),down,BOS↓,retrace_ok
605296.SH,20250221,EVENT,-0.1705,-0.1705,bear(LH+LL),down,BOS↓,retrace_fail
688238.SH,20250224,EVENT,-5.1077,-5.1077,compress(LH+HL),up,CHoCH↑,no_retrace
300146.SZ,20250207,EVENT,2.4199,2.4199,bear(LH+LL),down,CHoCH↓,retrace_ok
002840.SZ,20250210,EVENT,-0.9338,-0.9338,compress(LH+HL),down,BOS↓,no_retrace
300347.SZ,20250212,EVENT,7.5005,7.5005,bear(LH+LL),up,CHoCH↑,no_retrace
002727.SZ,20250213,EVENT,1.2492,1.2492,compress(LH+HL),up,CHoCH↑,retrace_ok
600821.SH,20250213,EVENT,5.0965,5.0965,expansion(HH+LL),up,CHoCH↑,retrace_fail
688338.SH,20250214,EVENT,3.2015,3.2015,compress(LH+HL),up,CHoCH↑,retrace_fail
603069.SH,20250224,EVENT,1.0748,1.0748,compress(LH+HL),down,CHoCH↓,retrace_ok
688560.SH,20250224,EVENT,6.2732,6.2732,compress(LH+HL),up,CHoCH↑,retrace_ok
300686.SZ,20250206,EVENT,5.4975,5.4975,bear(LH+LL),down,CHoCH↓,retrace_fail
688600.SH,20250207,EVENT,0.3494,0.3494,bear(LH+LL),down,CHoCH↓,retrace_fail
000932.SZ,20250220,EVENT,3.5922,3.5922,compress(LH+HL),down,CHoCH↓,retrace_fail
600611.SH,20250220,EVENT,-3.8119,-3.8119,compress(LH+HL),up,CHoCH↑,retrace_ok
603658.SH,20250224,EVENT,-3.3261,-3.3261,bear(LH+LL),down,BOS↓,retrace_ok
601869_SH.SH,20250207,CONT,1.5136,1.5136,expansion(HH+LL),up,CHoCH↑,no_retrace
002656_SZ.SZ,20250213,CONT,1.1636,1.1636,bull(HH+HL),up,BOS↑,no_retrace
601689_SH.SH,20250213,CONT,-4.0041,-4.0041,bear(LH+LL),up,CHoCH↑,no_retrace
600633_SH.SH,20250217,CONT,-19.27,-19.27,bear(LH+LL),up,CHoCH↑,no_retrace
300115_SZ.SZ,20250218,CONT,17.8851,17.8851,compress(LH+HL),up,CHoCH↑,retrace_ok
301252_SZ.SZ,20250218,CONT,1.8602,1.8602,bull(HH+HL),up,BOS↑,retrace_ok
688665_SH.SH,20250218,CONT,-10.6356,-10.6356,compress(LH+HL),up,BOS↑,no_retrace
603666_SH.SH,20250219,CONT,13.407,13.407,compress(LH+HL),up,CHoCH↑,retrace_ok
001339_SZ.SZ,20250224,CONT,9.3192,9.3192,expansion(HH+LL),up,BOS↑,retrace_ok
603360_SH.SH,20250224,CONT,7.3423,7.3423,bull(HH+HL),up,BOS↑,no_retrace
301280_SZ.SZ,20250226,CONT,29.6207,29.6207,bear(LH+LL),up,CHoCH↑,no_retrace
603895_SH.SH,20250226,CONT,5.2965,5.2965,compress(LH+HL),up,CHoCH↑,retrace_ok
688678_SH.SH,20250227,CONT,15.0118,15.0118,compress(LH+HL),up,BOS↑,no_retrace
603070_SH.SH,20250228,CONT,-4.2,-4.2,compress(LH+HL),up,BOS↑,retrace_ok
301227.SZ,20250205,EVENT,1.4474,1.4474,expansion(HH+LL),down,CHoCH↓,no_retrace
000513.SZ,20250206,EVENT,-0.4438,-0.4438,bear(LH+LL),down,BOS↓,retrace_ok
000513.SZ,20250207,EVENT,-5.1349,-5.1349,bear(LH+LL),down,BOS↓,retrace_ok
603027.SH,20250207,EVENT,-0.9831,-0.9831,bear(LH+LL),down,CHoCH↓,retrace_ok
000513.SZ,20250210,EVENT,-2.9792,-2.9792,bear(LH+LL),down,BOS↓,retrace_ok
000513.SZ,20250212,EVENT,-0.5807,-0.5807,bear(LH+LL),down,BOS↓,retrace_ok
300967.SZ,20250220,EVENT,5.0081,5.0081,bear(LH+LL),down,CHoCH↓,retrace_ok
600075.SH,20250221,EVENT,-3.4878,-3.4878,compress(LH+HL),up,CHoCH↑,retrace_ok
301515.SZ,20250227,EVENT,1.5492,1.5492,bull(HH+HL),up,CHoCH↑,retrace_ok
688317.SH,20250227,EVENT,0.9154,0.9154,bull(HH+HL),up,CHoCH↑,retrace_ok
301391.SZ,20250221,EVENT,0.3237,0.3237,compress(LH+HL),down,CHoCH↓,retrace_fail
000651.SZ,20250305,EVENT,1.9439,1.9439,bear(LH+LL),down,BOS↓,no_retrace
300457.SZ,20250304,EVENT,-0.7707,-0.7707,compress(LH+HL),up,CHoCH↑,retrace_ok
300371.SZ,20250306,EVENT,-0.6922,-0.6922,bull(HH+HL),down,CHoCH↓,retrace_fail
002203.SZ,20250307,EVENT,-1.4308,-1.4308,bear(LH+LL),down,CHoCH↓,no_retrace
001286.SZ,20250313,EVENT,2.0759,2.0759,bull(HH+HL),down,CHoCH↓,retrace_fail
603558.SH,20250326,EVENT,-8.8976,-8.8976,expansion(HH+LL),down,BOS↓,retrace_fail
002432.SZ,20250328,EVENT,-0.1933,-0.1933,compress(LH+HL),up,CHoCH↑,retrace_fail
300749.SZ,20250305,EVENT,0.2016,0.2016,bull(HH+HL),up,CHoCH↑,retrace_ok
000709.SZ,20250320,EVENT,0.8363,0.8363,bull(HH+HL),up,CHoCH↑,retrace_ok
301589.SZ,20250303,EVENT,1.0286,1.0286,compress(LH+HL),down,BOS↓,no_retrace
002252.SZ,20250305,EVENT,4.0469,4.0469,compress(LH+HL),down,CHoCH↓,retrace_ok
600603.SH,20250305,EVENT,-1.9765,-1.9765,bull(HH+HL),up,CHoCH↑,retrace_fail
300861.SZ,20250311,EVENT,-7.138,-7.138,bull(HH+HL),up,BOS↑,retrace_ok
002145.SZ,20250314,EVENT,3.7457,3.7457,expansion(HH+LL),up,CHoCH↑,retrace_ok
300749.SZ,20250314,EVENT,0.5507,0.5507,compress(LH+HL),up,CHoCH↑,retrace_ok
002145.SZ,20250321,EVENT,5.9623,5.9623,bull(HH+HL),up,CHoCH↑,retrace_ok
301507.SZ,20250324,EVENT,-0.717,-0.717,compress(LH+HL),up,CHoCH↑,no_retrace
002245_SZ.SZ,20250304,CONT,2.1873,2.1873,compress(LH+HL),up,BOS↑,retrace_ok
003019_SZ.SZ,20250304,CONT,18.548,18.548,compress(LH+HL),up,CHoCH↑,retrace_ok
002580_SZ.SZ,20250305,CONT,19.4159,19.4159,compress(LH+HL),up,CHoCH↑,retrace_ok
605100_SH.SH,20250305,CONT,11.0112,11.0112,bull(HH+HL),up,BOS↑,no_retrace
603067_SH.SH,20250311,CONT,10.2309,10.2309,bull(HH+HL),up,BOS↑,retrace_ok
002283_SZ.SZ,20250312,CONT,-6.216,-6.216,bull(HH+HL),up,BOS↑,retrace_ok
600595_SH.SH,20250312,CONT,-3.4138,-3.4138,bull(HH+HL),up,BOS↑,no_retrace
603615_SH.SH,20250317,CONT,-15.3288,-15.3288,bull(HH+HL),up,BOS↑,no_retrace
300402_SZ.SZ,20250321,CONT,-28.6137,-28.6137,bull(HH+HL),up,BOS↑,no_retrace
688359_SH.SH,20250326,CONT,-22.2777,-22.2777,bull(HH+HL),up,BOS↑,no_retrace
603579_SH.SH,20250327,CONT,-1.0075,-1.0075,bull(HH+HL),up,BOS↑,retrace_ok
001228.SZ,20250306,EVENT,2.8822,2.8822,compress(LH+HL),up,CHoCH↑,retrace_fail
000922.SZ,20250307,EVENT,5.6382,5.6382,bull(HH+HL),up,CHoCH↑,retrace_ok
000912.SZ,20250312,EVENT,4.6069,4.6069,bull(HH+HL),up,CHoCH↑,no_retrace
000958.SZ,20250313,EVENT,-1.7838,-1.7838,bear(LH+LL),up,CHoCH↑,retrace_fail
688317.SH,20250313,EVENT,-0.5465,-0.5465,bull(HH+HL),up,CHoCH↑,retrace_ok
301395.SZ,20250326,EVENT,3.9748,3.9748,bull(HH+HL),down,CHoCH↓,retrace_fail
000929.SZ,20250328,EVENT,-11.1801,-11.1801,bull(HH+HL),up,BOS↑,retrace_ok
603759.SH,20250328,EVENT,-5.853,-5.853,bull(HH+HL),up,BOS↑,no_retrace
003027.SZ,20250317,EVENT,0.9211,0.9211,bull(HH+HL),up,CHoCH↑,retrace_ok
002365_SZ.SZ,20250409,CONT,10.4064,10.4064,bear(LH+LL),up,CHoCH↑,retrace_ok
601086_SH.SH,20250417,CONT,10.2402,10.2402,expansion(HH+LL),up,CHoCH↑,no_retrace
603326_SH.SH,20250418,CONT,5.0363,5.0363,expansion(HH+LL),up,CHoCH↑,retrace_ok
603057_SH.SH,20250421,CONT,-7.3675,-7.3675,bull(HH+HL),up,BOS↑,no_retrace
301033_SZ.SZ,20250422,CONT,3.088,3.088,bull(HH+HL),up,CHoCH↑,no_retrace
603590_SH.SH,20250422,CONT,0.2512,0.2512,bull(HH+HL),up,BOS↑,no_retrace
002743_SZ.SZ,20250429,CONT,0.8072,0.8072,bear(LH+LL),up,CHoCH↑,retrace_ok
688501_SH.SH,20250429,CONT,13.5324,13.5324,compress(LH+HL),up,BOS↑,retrace_ok
300802.SZ,20250402,EVENT,-9.9329,-9.9329,bull(HH+HL),down,CHoCH↓,retrace_ok
688093_SH.SH,20250507,CONT,-5.951,-5.951,bear(LH+LL),up,CHoCH↑,retrace_ok
688112_SH.SH,20250507,CONT,-3.3276,-3.3276,expansion(HH+LL),up,CHoCH↑,no_retrace
002891_SZ.SZ,20250512,CONT,11.5261,11.5261,bear(LH+LL),up,CHoCH↑,retrace_ok
002620_SZ.SZ,20250515,CONT,-8.8449,-8.8449,compress(LH+HL),up,BOS↑,no_retrace
605016_SH.SH,20250515,CONT,6.8416,6.8416,compress(LH+HL),up,CHoCH↑,no_retrace
002052_SZ.SZ,20250516,CONT,1.3556,1.3556,bull(HH+HL),up,BOS↑,no_retrace
002956_SZ.SZ,20250516,CONT,-3.1642,-3.1642,expansion(HH+LL),up,BOS↑,no_retrace
002052_SZ.SZ,20250519,CONT,3.3599,3.3599,bull(HH+HL),up,BOS↑,no_retrace
600499_SH.SH,20250520,CONT,-0.4638,-0.4638,expansion(HH+LL),up,CHoCH↑,no_retrace
300069_SZ.SZ,20250527,CONT,-16.8596,-16.8596,compress(LH+HL),up,BOS↑,no_retrace
603195.SH,20250611,EVENT,-3.8806,-3.8806,bull(HH+HL),down,BOS↓,retrace_fail
688352.SH,20250619,EVENT,-0.639,-0.639,bear(LH+LL),down,BOS↓,retrace_fail
688352.SH,20250620,EVENT,1.4808,1.4808,bear(LH+LL),down,BOS↓,retrace_fail
688303.SH,20250605,EVENT,1.1051,1.1051,bull(HH+HL),up,CHoCH↑,retrace_fail
002919.SZ,20250612,EVENT,-2.9664,-2.9664,bull(HH+HL),up,CHoCH↑,retrace_ok
002992.SZ,20250613,EVENT,-0.8291,-0.8291,bear(LH+LL),down,BOS↓,retrace_ok
600756.SH,20250613,EVENT,-1.0674,-1.0674,bull(HH+HL),up,BOS↑,retrace_ok
000422.SZ,20250612,EVENT,-3.6192,-3.6192,expansion(HH+LL),up,CHoCH↑,retrace_fail
002111.SZ,20250613,EVENT,4.9953,4.9953,compress(LH+HL),up,BOS↑,retrace_fail
002023.SZ,20250619,EVENT,-2.3222,-2.3222,bull(HH+HL),up,BOS↑,retrace_fail
002262.SZ,20250619,EVENT,-0.8673,-0.8673,expansion(HH+LL),down,CHoCH↓,retrace_fail
002061.SZ,20250620,EVENT,5.032,5.032,compress(LH+HL),up,CHoCH↑,retrace_fail
600330.SH,20250620,EVENT,4.2286,4.2286,compress(LH+HL),up,CHoCH↑,retrace_fail
002192.SZ,20250623,EVENT,3.6801,3.6801,bull(HH+HL),up,CHoCH↑,retrace_ok
601390.SH,20250625,EVENT,0.0578,0.0578,compress(LH+HL),down,BOS↓,retrace_fail
002734_SZ.SZ,20250603,CONT,27.5617,27.5617,bull(HH+HL),up,BOS↑,retrace_ok
002174_SZ.SZ,20250605,CONT,-9.4443,-9.4443,bear(LH+LL),up,CHoCH↑,no_retrace
600521_SH.SH,20250609,CONT,3.3921,3.3921,compress(LH+HL),up,CHoCH↑,retrace_ok
603879_SH.SH,20250609,CONT,-6.3633,-6.3633,expansion(HH+LL),up,CHoCH↑,retrace_ok
600193_SH.SH,20250610,CONT,-2.9083,-2.9083,bull(HH+HL),up,BOS↑,retrace_ok
002565_SZ.SZ,20250617,CONT,13.6678,13.6678,expansion(HH+LL),up,BOS↑,retrace_ok
301345_SZ.SZ,20250620,CONT,43.1645,43.1645,bull(HH+HL),up,BOS↑,retrace_ok
688658_SH.SH,20250623,CONT,21.6978,21.6978,compress(LH+HL),up,CHoCH↑,retrace_ok
002309_SZ.SZ,20250624,CONT,8.5719,8.5719,compress(LH+HL),up,BOS↑,no_retrace
688183_SH.SH,20250625,CONT,1.4986,1.4986,bull(HH+HL),up,BOS↑,no_retrace
300548_SZ.SZ,20250626,CONT,18.9601,18.9601,bull(HH+HL),up,BOS↑,no_retrace
601598.SH,20250609,EVENT,-0.6416,-0.6416,compress(LH+HL),down,BOS↓,retrace_ok
603777.SH,20250609,EVENT,-13.3665,-13.3665,bear(LH+LL),down,CHoCH↓,retrace_ok
600022.SH,20250612,EVENT,-3.424,-3.424,bear(LH+LL),down,CHoCH↓,retrace_ok
688084.SH,20250619,EVENT,3.4287,3.4287,compress(LH+HL),up,BOS↑,retrace_fail
688298.SH,20250619,EVENT,6.0815,6.0815,bull(HH+HL),up,BOS↑,no_retrace
688739.SH,20250619,EVENT,2.8778,2.8778,compress(LH+HL),up,CHoCH↑,retrace_fail
300218.SZ,20250623,EVENT,6.6877,6.6877,compress(LH+HL),down,CHoCH↓,no_retrace
688739.SH,20250623,EVENT,2.3636,2.3636,bull(HH+HL),up,CHoCH↑,retrace_fail
000778.SZ,20250625,EVENT,2.4981,2.4981,compress(LH+HL),up,BOS↑,retrace_fail
601011.SH,20250625,EVENT,3.5823,3.5823,bull(HH+HL),up,CHoCH↑,retrace_ok
002716.SZ,20250626,EVENT,13.1501,13.1501,bull(HH+HL),up,CHoCH↑,no_retrace
603318.SH,20250626,EVENT,5.1566,5.1566,expansion(HH+LL),down,CHoCH↓,retrace_fail
002716.SZ,20250627,EVENT,12.2691,12.2691,bull(HH+HL),up,CHoCH↑,no_retrace
002049.SZ,20250701,EVENT,0.4093,0.4093,bear(LH+LL),down,BOS↓,retrace_fail
000921.SZ,20250710,EVENT,2.8109,2.8109,bear(LH+LL),down,CHoCH↓,retrace_ok
688788.SH,20250711,EVENT,12.7396,12.7396,bull(HH+HL),up,CHoCH↑,retrace_ok
688352.SH,20250703,EVENT,2.7613,2.7613,compress(LH+HL),up,CHoCH↑,retrace_ok
688521.SH,20250716,EVENT,0.8771,0.8771,bull(HH+HL),up,BOS↑,retrace_fail
000521.SZ,20250717,EVENT,2.1321,2.1321,bear(LH+LL),down,BOS↓,retrace_fail
002413_SZ.SZ,20250704,CONT,-12.0936,-12.0936,compress(LH+HL),up,BOS↑,retrace_ok
688518_SH.SH,20250704,CONT,-2.1858,-2.1858,bull(HH+HL),up,BOS↑,retrace_ok
001896_SZ.SZ,20250714,CONT,-14.8341,-14.8341,expansion(HH+LL),up,CHoCH↑,no_retrace
603127_SH.SH,20250716,CONT,31.8238,31.8238,bull(HH+HL),up,BOS↑,no_retrace
601869_SH.SH,20250718,CONT,16.7943,16.7943,bull(HH+HL),up,BOS↑,no_retrace
603083_SH.SH,20250718,CONT,-3.4724,-3.4724,bull(HH+HL),up,BOS↑,no_retrace
300308_SZ.SZ,20250724,CONT,9.2976,9.2976,bull(HH+HL),up,BOS↑,no_retrace
002384_SZ.SZ,20250729,CONT,3.3283,3.3283,bull(HH+HL),up,BOS↑,retrace_ok
688226_SH.SH,20250729,CONT,23.9755,23.9755,bull(HH+HL),up,CHoCH↑,retrace_ok
603836.SH,20250717,EVENT,0.4208,0.4208,bull(HH+HL),up,CHoCH↑,retrace_fail
688788.SH,20250724,EVENT,7.2203,7.2203,bull(HH+HL),up,CHoCH↑,retrace_ok
300433.SZ,20250703,EVENT,1.8045,1.8045,bull(HH+HL),up,CHoCH↑,retrace_ok
002327.SZ,20250804,EVENT,1.3809,1.3809,bear(LH+LL),down,BOS↓,retrace_ok
002327.SZ,20250814,EVENT,0.0115,0.0115,bear(LH+LL),down,BOS↓,retrace_ok
300096.SZ,20250819,EVENT,9.5979,9.5979,bear(LH+LL),down,BOS↓,retrace_fail
600343_SH.SH,20250804,CONT,-2.1974,-2.1974,bull(HH+HL),up,BOS↑,retrace_ok
688156_SH.SH,20250804,CONT,-0.4761,-0.4761,compress(LH+HL),up,CHoCH↑,no_retrace
688163_SH.SH,20250805,CONT,-1.8269,-1.8269,bull(HH+HL),up,BOS↑,no_retrace
688265_SH.SH,20250805,CONT,41.216,41.216,bull(HH+HL),up,BOS↑,no_retrace
300229_SZ.SZ,20250807,CONT,2.2231,2.2231,bull(HH+HL),up,CHoCH↑,no_retrace
300224_SZ.SZ,20250808,CONT,-4.8906,-4.8906,bull(HH+HL),up,BOS↑,no_retrace
301268_SZ.SZ,20250811,CONT,-3.3139,-3.3139,bull(HH+HL),up,BOS↑,no_retrace
603109_SH.SH,20250811,CONT,-4.8316,-4.8316,bull(HH+HL),up,BOS↑,retrace_ok
002148_SZ.SZ,20250812,CONT,2.1111,2.1111,bull(HH+HL),up,BOS↑,no_retrace
001277_SZ.SZ,20250814,CONT,-19.9775,-19.9775,expansion(HH+LL),up,BOS↑,retrace_ok
000501_SZ.SZ,20250818,CONT,-12.6448,-12.6448,bull(HH+HL),up,BOS↑,no_retrace
300855_SZ.SZ,20250818,CONT,-7.7048,-7.7048,bull(HH+HL),up,CHoCH↑,retrace_ok
688661_SH.SH,20250818,CONT,1.5822,1.5822,bull(HH+HL),up,BOS↑,retrace_ok
601231_SH.SH,20250819,CONT,1.0892,1.0892,bear(LH+LL),up,CHoCH↑,no_retrace
688226_SH.SH,20250819,CONT,-14.8419,-14.8419,bull(HH+HL),up,BOS↑,no_retrace
300809_SZ.SZ,20250820,CONT,-14.0701,-14.0701,compress(LH+HL),up,CHoCH↑,no_retrace
600884_SH.SH,20250820,CONT,-3.1412,-3.1412,compress(LH+HL),up,BOS↑,retrace_ok
603893_SH.SH,20250821,CONT,0.696,0.696,bull(HH+HL),up,BOS↑,no_retrace
002993_SZ.SZ,20250825,CONT,-13.2428,-13.2428,bear(LH+LL),up,BOS↑,no_retrace
300274_SZ.SZ,20250825,CONT,37.8121,37.8121,bear(LH+LL),up,BOS↑,no_retrace
301057_SZ.SZ,20250825,CONT,9.8277,9.8277,bull(HH+HL),up,BOS↑,no_retrace
301526_SZ.SZ,20250825,CONT,11.8244,11.8244,bear(LH+LL),up,BOS↑,no_retrace
300004_SZ.SZ,20250826,CONT,-14.9107,-14.9107,bear(LH+LL),up,CHoCH↑,no_retrace
301057_SZ.SZ,20250826,CONT,9.7279,9.7279,bull(HH+HL),up,BOS↑,no_retrace
300147_SZ.SZ,20250827,CONT,-5.6329,-5.6329,expansion(HH+LL),up,CHoCH↑,no_retrace
603021_SH.SH,20250827,CONT,7.3157,7.3157,bull(HH+HL),up,BOS↑,no_retrace
688260_SH.SH,20250827,CONT,-1.6071,-1.6071,bull(HH+HL),up,BOS↑,no_retrace
000029_SZ.SZ,20250829,CONT,-2.2234,-2.2234,bear(LH+LL),up,BOS↑,retrace_ok
301448_SZ.SZ,20250829,CONT,50.7873,50.7873,compress(LH+HL),up,BOS↑,retrace_ok
600107_SH.SH,20250829,CONT,17.9979,17.9979,bear(LH+LL),up,CHoCH↑,no_retrace
600487_SH.SH,20250829,CONT,-1.2728,-1.2728,compress(LH+HL),up,BOS↑,no_retrace
605288_SH.SH,20250829,CONT,35.4265,35.4265,bull(HH+HL),up,BOS↑,no_retrace
002221.SZ,20250926,EVENT,-9.0532,-9.0532,bear(LH+LL),up,CHoCH↑,no_retrace
301197.SZ,20250904,EVENT,16.3759,16.3759,compress(LH+HL),down,CHoCH↓,no_retrace
601665.SH,20250917,EVENT,5.5818,5.5818,bear(LH+LL),down,BOS↓,no_retrace
603121.SH,20250919,EVENT,3.2014,3.2014,bear(LH+LL),down,BOS↓,retrace_fail
002802.SZ,20250917,EVENT,0.127,0.127,bear(LH+LL),down,CHoCH↓,no_retrace
688232.SH,20250917,EVENT,-0.0233,-0.0233,expansion(HH+LL),down,CHoCH↓,retrace_ok
688232.SH,20250926,EVENT,-1.2672,-1.2672,bear(LH+LL),down,BOS↓,retrace_fail
301197.SZ,20250929,EVENT,3.5508,3.5508,expansion(HH+LL),up,CHoCH↑,retrace_ok
688218_SH.SH,20250901,CONT,-7.3678,-7.3678,bull(HH+HL),up,BOS↑,no_retrace
688433_SH.SH,20250901,CONT,18.9881,18.9881,expansion(HH+LL),up,BOS↑,no_retrace
000972_SZ.SZ,20250908,CONT,-22.9557,-22.9557,bull(HH+HL),up,BOS↑,retrace_ok
002943_SZ.SZ,20250908,CONT,-4.8138,-4.8138,bull(HH+HL),up,BOS↑,retrace_ok
300756_SZ.SZ,20250908,CONT,8.7757,8.7757,compress(LH+HL),up,BOS↑,retrace_ok
605133_SH.SH,20250908,CONT,2.2184,2.2184,bull(HH+HL),up,BOS↑,no_retrace
688088_SH.SH,20250908,CONT,-5.2341,-5.2341,bull(HH+HL),up,BOS↑,retrace_ok
688612_SH.SH,20250908,CONT,-2.8945,-2.8945,bull(HH+HL),up,BOS↑,retrace_ok
000830_SZ.SZ,20250909,CONT,-10.3974,-10.3974,bull(HH+HL),up,BOS↑,no_retrace
603285_SH.SH,20250911,CONT,-16.7533,-16.7533,bull(HH+HL),up,BOS↑,no_retrace
002715_SZ.SZ,20250912,CONT,1.558,1.558,bull(HH+HL),up,BOS↑,no_retrace
688325_SH.SH,20250912,CONT,67.9818,67.9818,bull(HH+HL),up,BOS↑,no_retrace
001234_SZ.SZ,20250916,CONT,-11.1748,-11.1748,bull(HH+HL),up,BOS↑,no_retrace
300736_SZ.SZ,20250916,CONT,-5.2462,-5.2462,bull(HH+HL),up,BOS↑,no_retrace
002715_SZ.SZ,20250919,CONT,-5.8693,-5.8693,bull(HH+HL),up,BOS↑,retrace_ok
300111_SZ.SZ,20250922,CONT,13.4134,13.4134,bull(HH+HL),up,BOS↑,no_retrace
603216_SH.SH,20250922,CONT,0.09,0.09,bull(HH+HL),up,BOS↑,retrace_ok
301288_SZ.SZ,20250923,CONT,-4.4802,-4.4802,bull(HH+HL),up,BOS↑,no_retrace
603298_SH.SH,20250924,CONT,-6.8595,-6.8595,bull(HH+HL),up,BOS↑,retrace_ok
300904_SZ.SZ,20250929,CONT,-4.27,-4.27,bull(HH+HL),up,BOS↑,no_retrace
301042_SZ.SZ,20250930,CONT,8.2663,8.2663,expansion(HH+LL),up,BOS↑,retrace_ok
603216_SH.SH,20250930,CONT,-11.442,-11.442,bull(HH+HL),up,BOS↑,retrace_ok
000526.SZ,20250924,EVENT,-3.5165,-3.5165,bear(LH+LL),down,CHoCH↓,no_retrace
002969.SZ,20250930,EVENT,5.0347,5.0347,bear(LH+LL),down,CHoCH↓,retrace_ok
300791.SZ,20250910,EVENT,-5.1692,-5.1692,bull(HH+HL),up,BOS↑,retrace_ok
000906.SZ,20251013,EVENT,0.3983,0.3983,bear(LH+LL),down,BOS↓,retrace_fail
002413.SZ,20251031,EVENT,0.4929,0.4929,bull(HH+HL),up,BOS↑,retrace_fail
002221.SZ,20251009,EVENT,-4.0416,-4.0416,bear(LH+LL),up,CHoCH↑,retrace_fail
301258.SZ,20251014,EVENT,2.7943,2.7943,bear(LH+LL),down,CHoCH↓,retrace_fail
301325.SZ,20251028,EVENT,7.1158,7.1158,expansion(HH+LL),down,CHoCH↓,no_retrace
300686_SZ.SZ,20251014,CONT,-1.2828,-1.2828,bull(HH+HL),up,BOS↑,retrace_ok
601011_SH.SH,20251017,CONT,-2.2619,-2.2619,bull(HH+HL),up,BOS↑,no_retrace
603530_SH.SH,20251017,CONT,-2.1152,-2.1152,bull(HH+HL),up,BOS↑,retrace_ok
601001_SH.SH,20251021,CONT,-2.355,-2.355,bull(HH+HL),up,BOS↑,no_retrace
603843_SH.SH,20251022,CONT,50.5326,50.5326,compress(LH+HL),up,CHoCH↑,no_retrace
000592_SZ.SZ,20251024,CONT,100.2505,100.2505,compress(LH+HL),up,BOS↑,retrace_ok
000933_SZ.SZ,20251030,CONT,9.0308,9.0308,bull(HH+HL),up,BOS↑,no_retrace
002481.SZ,20251009,EVENT,9.8173,9.8173,bull(HH+HL),up,BOS↑,retrace_fail
600686.SH,20251009,EVENT,4.2874,4.2874,bear(LH+LL),down,BOS↓,retrace_ok
605266.SH,20251013,EVENT,3.0364,3.0364,expansion(HH+LL),down,CHoCH↓,retrace_ok
688166.SH,20251103,EVENT,-8.351,-8.351,bear(LH+LL),down,BOS↓,no_retrace
688010.SH,20251121,EVENT,5.0704,5.0704,compress(LH+HL),down,BOS↓,retrace_ok
000513.SZ,20251110,EVENT,-4.8666,-4.8666,compress(LH+HL),down,BOS↓,retrace_ok
300592.SZ,20251105,EVENT,-1.2117,-1.2117,bear(LH+LL),down,CHoCH↓,retrace_ok
000513.SZ,20251106,EVENT,-2.8781,-2.8781,bear(LH+LL),down,BOS↓,retrace_ok
000513.SZ,20251107,EVENT,-3.446,-3.446,bear(LH+LL),down,BOS↓,retrace_ok
688321.SH,20251107,EVENT,-9.4927,-9.4927,expansion(HH+LL),down,BOS↓,retrace_fail
002892.SZ,20251119,EVENT,-2.9843,-2.9843,bear(LH+LL),down,BOS↓,retrace_ok
002892.SZ,20251121,EVENT,-2.0574,-2.0574,bear(LH+LL),down,BOS↓,retrace_ok
605555.SH,20251128,EVENT,7.4319,7.4319,expansion(HH+LL),up,BOS↑,retrace_fail
600872.SH,20251106,EVENT,0.3393,0.3393,compress(LH+HL),down,BOS↓,retrace_ok
601919.SH,20251107,EVENT,0.6842,0.6842,expansion(HH+LL),up,CHoCH↑,no_retrace
603369.SH,20251107,EVENT,0.5933,0.5933,bear(LH+LL),down,BOS↓,retrace_ok
600576.SH,20251119,EVENT,-0.2295,-0.2295,bull(HH+HL),down,CHoCH↓,retrace_ok
600858.SH,20251126,EVENT,6.1529,6.1529,bull(HH+HL),up,CHoCH↑,retrace_fail
688267.SH,20251126,EVENT,9.572,9.572,bull(HH+HL),down,CHoCH↓,retrace_fail
600278.SH,20251128,EVENT,-2.1869,-2.1869,compress(LH+HL),down,CHoCH↓,no_retrace
000908_SZ.SZ,20251103,CONT,16.3344,16.3344,compress(LH+HL),up,CHoCH↑,retrace_ok
002497_SZ.SZ,20251106,CONT,29.2072,29.2072,compress(LH+HL),up,CHoCH↑,retrace_ok
300438_SZ.SZ,20251106,CONT,-6.1222,-6.1222,bull(HH+HL),up,BOS↑,no_retrace
603185_SH.SH,20251106,CONT,5.5628,5.5628,compress(LH+HL),up,BOS↑,no_retrace
600815_SH.SH,20251111,CONT,-6.4657,-6.4657,expansion(HH+LL),up,CHoCH↑,retrace_ok
000007_SZ.SZ,20251113,CONT,1.7792,1.7792,compress(LH+HL),up,CHoCH↑,no_retrace
000820_SZ.SZ,20251114,CONT,1.262,1.262,bear(LH+LL),up,CHoCH↑,retrace_ok
300078_SZ.SZ,20251125,CONT,7.8508,7.8508,bear(LH+LL),up,CHoCH↑,no_retrace
002051.SZ,20251106,EVENT,-0.1661,-0.1661,bull(HH+HL),up,CHoCH↑,retrace_fail
600566.SH,20251126,EVENT,7.6558,7.6558,bull(HH+HL),up,CHoCH↑,retrace_ok
601233.SH,20251127,EVENT,0.5352,0.5352,bull(HH+HL),up,CHoCH↑,retrace_fail
002387.SZ,20251201,EVENT,0.2988,0.2988,expansion(HH+LL),up,CHoCH↑,retrace_fail
688310.SH,20251201,EVENT,-7.457,-7.457,bear(LH+LL),down,CHoCH↓,no_retrace
600873.SH,20251231,EVENT,1.3556,1.3556,bear(LH+LL),up,CHoCH↑,retrace_fail
000521.SZ,20251204,EVENT,-2.3233,-2.3233,expansion(HH+LL),down,CHoCH↓,retrace_ok
600734_SH.SH,20251202,CONT,-6.2606,-6.2606,bull(HH+HL),up,BOS↑,no_retrace
603355_SH.SH,20251209,CONT,-11.8637,-11.8637,bull(HH+HL),up,BOS↑,no_retrace
000901_SZ.SZ,20251215,CONT,14.1103,14.1103,bull(HH+HL),up,BOS↑,no_retrace
000935_SZ.SZ,20251216,CONT,-0.9149,-0.9149,bull(HH+HL),up,BOS↑,no_retrace
002297_SZ.SZ,20251225,CONT,5.4911,5.4911,bull(HH+HL),up,BOS↑,no_retrace
300118_SZ.SZ,20251225,CONT,41.002,41.002,bull(HH+HL),up,CHoCH↑,no_retrace
300531.SZ,20251204,EVENT,-2.52,-2.52,expansion(HH+LL),down,CHoCH↓,retrace_fail
300834.SZ,20260105,EVENT,1.5024,1.5024,bear(LH+LL),down,BOS↓,retrace_fail
000513.SZ,20260107,EVENT,0.8517,0.8517,bear(LH+LL),down,BOS↓,retrace_ok
603039.SH,20260108,EVENT,-0.1504,-0.1504,bear(LH+LL),up,CHoCH↑,retrace_ok
600872.SH,20260105,EVENT,0.5965,0.5965,bear(LH+LL),up,CHoCH↑,no_retrace
002675.SZ,20260106,EVENT,3.8865,3.8865,bear(LH+LL),down,CHoCH↓,retrace_ok
002875.SZ,20260121,EVENT,0.2274,0.2274,compress(LH+HL),down,BOS↓,retrace_fail
601618.SH,20260128,EVENT,-0.1137,-0.1137,bull(HH+HL),up,CHoCH↑,retrace_fail
688612.SH,20260128,EVENT,-1.9288,-1.9288,bull(HH+HL),down,CHoCH↓,retrace_fail
000048.SZ,20260109,EVENT,17.4427,17.4427,compress(LH+HL),up,CHoCH↑,no_retrace
002488.SZ,20260109,EVENT,1.8266,1.8266,bear(LH+LL),up,CHoCH↑,retrace_ok
688576.SH,20260109,EVENT,4.0171,4.0171,bull(HH+HL),down,BOS↓,retrace_fail
002422.SZ,20260107,EVENT,3.7599,3.7599,bear(LH+LL),down,BOS↓,retrace_fail
002675.SZ,20260107,EVENT,3.3676,3.3676,bear(LH+LL),down,CHoCH↓,retrace_ok
688506.SH,20260109,EVENT,-8.1724,-8.1724,expansion(HH+LL),down,CHoCH↓,retrace_ok
688506.SH,20260112,EVENT,-10.3783,-10.3783,expansion(HH+LL),down,CHoCH↓,retrace_ok
002608.SZ,20260119,EVENT,-0.319,-0.319,bear(LH+LL),down,CHoCH↓,retrace_ok
300129_SZ.SZ,20260105,CONT,50.0788,50.0788,bull(HH+HL),up,BOS↑,no_retrace
002169_SZ.SZ,20260107,CONT,1.0142,1.0142,compress(LH+HL),up,BOS↑,no_retrace
002582_SZ.SZ,20260109,CONT,36.5576,36.5576,bull(HH+HL),up,BOS↑,retrace_ok
300984_SZ.SZ,20260109,CONT,-2.2482,-2.2482,bull(HH+HL),up,BOS↑,no_retrace
000603_SZ.SZ,20260112,CONT,50.3059,50.3059,bull(HH+HL),up,BOS↑,retrace_ok
688503_SH.SH,20260114,CONT,3.8927,3.8927,bull(HH+HL),up,BOS↑,no_retrace
300054_SZ.SZ,20260116,CONT,-4.4044,-4.4044,bull(HH+HL),up,BOS↑,no_retrace
603650_SH.SH,20260116,CONT,-9.2833,-9.2833,compress(LH+HL),up,BOS↑,no_retrace
000612_SZ.SZ,20260120,CONT,2.1447,2.1447,bull(HH+HL),up,CHoCH↑,no_retrace
002112_SZ.SZ,20260120,CONT,11.4901,11.4901,bull(HH+HL),up,BOS↑,no_retrace
300855_SZ.SZ,20260120,CONT,-2.8142,-2.8142,bull(HH+HL),up,BOS↑,retrace_ok
301073_SZ.SZ,20260120,CONT,-1.6834,-1.6834,compress(LH+HL),up,BOS↑,retrace_ok
000960_SZ.SZ,20260121,CONT,-3.7313,-3.7313,bull(HH+HL),up,BOS↑,no_retrace
001373_SZ.SZ,20260121,CONT,6.6687,6.6687,expansion(HH+LL),up,CHoCH↑,no_retrace
600547_SH.SH,20260121,CONT,-2.7236,-2.7236,bull(HH+HL),up,BOS↑,no_retrace
300201_SZ.SZ,20260122,CONT,-0.3239,-0.3239,expansion(HH+LL),up,CHoCH↑,retrace_ok
688155_SH.SH,20260122,CONT,12.7928,12.7928,expansion(HH+LL),up,CHoCH↑,no_retrace
002358_SZ.SZ,20260123,CONT,6.4104,6.4104,bull(HH+HL),up,BOS↑,retrace_ok
002339_SZ.SZ,20260126,CONT,11.5343,11.5343,bull(HH+HL),up,BOS↑,no_retrace
603012_SH.SH,20260127,CONT,1.1959,1.1959,bear(LH+LL),up,CHoCH↑,retrace_ok
300594_SZ.SZ,20260128,CONT,5.7618,5.7618,expansion(HH+LL),up,BOS↑,retrace_ok
603861_SH.SH,20260128,CONT,5.0434,5.0434,expansion(HH+LL),up,BOS↑,no_retrace
603986_SH.SH,20260128,CONT,-9.5316,-9.5316,compress(LH+HL),up,CHoCH↑,retrace_ok
688008_SH.SH,20260128,CONT,-0.8447,-0.8447,bull(HH+HL),up,BOS↑,no_retrace
688179_SH.SH,20260128,CONT,-8.9233,-8.9233,bull(HH+HL),up,CHoCH↑,no_retrace
688536_SH.SH,20260128,CONT,-11.3217,-11.3217,compress(LH+HL),up,CHoCH↑,retrace_ok
600176_SH.SH,20260129,CONT,26.0257,26.0257,compress(LH+HL),up,CHoCH↑,retrace_ok
600211.SH,20260122,EVENT,-4.4005,-4.4005,bull(HH+HL),up,CHoCH↑,no_retrace
600329.SH,20260209,EVENT,-1.6533,-1.6533,compress(LH+HL),down,CHoCH↓,retrace_fail
603858.SH,20260204,EVENT,1.0734,1.0734,expansion(HH+LL),up,CHoCH↑,retrace_ok
002286.SZ,20260209,EVENT,-0.7673,-0.7673,bull(HH+HL),up,BOS↑,retrace_ok
601137.SH,20260211,EVENT,5.4141,5.4141,bull(HH+HL),down,CHoCH↓,retrace_ok
688617.SH,20260211,EVENT,-6.1587,-6.1587,bull(HH+HL),down,CHoCH↓,retrace_fail
301320.SZ,20260205,EVENT,3.3411,3.3411,expansion(HH+LL),up,BOS↑,retrace_fail
600436.SH,20260206,EVENT,-8.6772,-8.6772,expansion(HH+LL),down,BOS↓,retrace_fail
300679.SZ,20260210,EVENT,-6.9528,-6.9528,expansion(HH+LL),down,CHoCH↓,no_retrace
301130.SZ,20260211,EVENT,0.8623,0.8623,bull(HH+HL),up,BOS↑,retrace_ok
600743.SH,20260211,EVENT,-0.2508,-0.2508,bear(LH+LL),down,BOS↓,retrace_fail
300679.SZ,20260213,EVENT,-3.8248,-3.8248,expansion(HH+LL),down,CHoCH↓,no_retrace
688617.SH,20260213,EVENT,-1.5947,-1.5947,expansion(HH+LL),down,CHoCH↓,retrace_ok
600208.SH,20260224,EVENT,0.2476,0.2476,bear(LH+LL),down,BOS↓,no_retrace
002475.SZ,20260225,EVENT,-1.9758,-1.9758,expansion(HH+LL),down,BOS↓,retrace_ok
600331_SH.SH,20260202,CONT,21.1029,21.1029,bull(HH+HL),up,BOS↑,retrace_ok
603285_SH.SH,20260202,CONT,5.2827,5.2827,compress(LH+HL),up,CHoCH↑,no_retrace
603306_SH.SH,20260202,CONT,13.4052,13.4052,bull(HH+HL),up,BOS↑,retrace_ok
605056_SH.SH,20260202,CONT,10.0995,10.0995,expansion(HH+LL),up,CHoCH↑,no_retrace
002487_SZ.SZ,20260204,CONT,11.5697,11.5697,bull(HH+HL),up,BOS↑,no_retrace
000533_SZ.SZ,20260213,CONT,40.4357,40.4357,bull(HH+HL),up,BOS↑,no_retrace
603950_SH.SH,20260227,CONT,6.419,6.419,bull(HH+HL),up,BOS↑,no_retrace
600971.SH,20260211,EVENT,5.1356,5.1356,bull(HH+HL),up,BOS↑,retrace_ok
600801.SH,20260204,EVENT,-2.6805,-2.6805,expansion(HH+LL),up,BOS↑,retrace_fail
688317.SH,20260204,EVENT,0.042,0.042,bull(HH+HL),up,BOS↑,retrace_fail
002015.SZ,20260205,EVENT,6.3251,6.3251,bull(HH+HL),up,BOS↑,retrace_ok
600873.SH,20260206,EVENT,4.1276,4.1276,bull(HH+HL),up,BOS↑,retrace_ok
301307.SZ,20260306,EVENT,4.4752,4.4752,bear(LH+LL),up,BOS↑,retrace_fail
002955.SZ,20260319,EVENT,-2.8504,-2.8504,compress(LH+HL),down,BOS↓,retrace_ok
300633.SZ,20260319,EVENT,-5.5516,-5.5516,expansion(HH+LL),down,BOS↓,retrace_ok
603885.SH,20260326,EVENT,2.9426,2.9426,bear(LH+LL),down,BOS↓,retrace_fail
000009.SZ,20260311,EVENT,-5.9054,-5.9054,expansion(HH+LL),down,BOS↓,retrace_ok
000408.SZ,20260325,EVENT,6.9561,6.9561,bear(LH+LL),down,BOS↓,no_retrace
000408.SZ,20260326,EVENT,8.4677,8.4677,bear(LH+LL),down,BOS↓,retrace_fail
603836.SH,20260306,EVENT,-5.1864,-5.1864,bull(HH+HL),up,CHoCH↑,retrace_fail
300583.SZ,20260310,EVENT,-0.5219,-0.5219,bear(LH+LL),down,BOS↓,retrace_fail
688278.SH,20260316,EVENT,-2.1037,-2.1037,bear(LH+LL),down,BOS↓,retrace_ok
002655_SZ.SZ,20260302,CONT,5.9493,5.9493,expansion(HH+LL),up,CHoCH↑,retrace_ok
600188_SH.SH,20260302,CONT,11.4052,11.4052,bull(HH+HL),up,BOS↑,retrace_ok
600482_SH.SH,20260305,CONT,-11.9589,-11.9589,bull(HH+HL),up,BOS↑,no_retrace
601898_SH.SH,20260312,CONT,-2.7054,-2.7054,expansion(HH+LL),up,BOS↑,retrace_ok
301265_SZ.SZ,20260317,CONT,0.9915,0.9915,bull(HH+HL),up,BOS↑,no_retrace
300868_SZ.SZ,20260324,CONT,6.0426,6.0426,bull(HH+HL),up,BOS↑,no_retrace
688251_SH.SH,20260325,CONT,-3.1379,-3.1379,bear(LH+LL),up,CHoCH↑,retrace_ok
002309_SZ.SZ,20260331,CONT,-16.2417,-16.2417,bull(HH+HL),up,BOS↑,no_retrace
600909.SH,20260311,EVENT,-3.6518,-3.6518,expansion(HH+LL),down,CHoCH↓,no_retrace
600208.SH,20260316,EVENT,-4.9156,-4.9156,compress(LH+HL),down,BOS↓,retrace_ok
600679.SH,20260319,EVENT,-3.3432,-3.3432,bear(LH+LL),down,BOS↓,retrace_ok
603043.SH,20260330,EVENT,-3.9452,-3.9452,bear(LH+LL),down,BOS↓,no_retrace
605162_SH.SH,20260401,CONT,10.4529,10.4529,bull(HH+HL),up,BOS↑,retrace_ok
002713_SZ.SZ,20260408,CONT,10.1528,10.1528,bull(HH+HL),up,BOS↑,retrace_ok
002902_SZ.SZ,20260414,CONT,2.576,2.576,compress(LH+HL),up,CHoCH↑,no_retrace
002281_SZ.SZ,20260416,CONT,34.3896,34.3896,bull(HH+HL),up,BOS↑,no_retrace
002281_SZ.SZ,20260417,CONT,35.6861,35.6861,bull(HH+HL),up,BOS↑,no_retrace
301222_SZ.SZ,20260417,CONT,29.8452,29.8452,bear(LH+LL),up,CHoCH↑,retrace_ok
688383_SH.SH,20260417,CONT,3.5317,3.5317,expansion(HH+LL),up,CHoCH↑,no_retrace
603165_SH.SH,20260420,CONT,8.5821,8.5821,compress(LH+HL),up,BOS↑,no_retrace
301369_SZ.SZ,20260423,CONT,37.1808,37.1808,expansion(HH+LL),up,BOS↑,retrace_ok
603950_SH.SH,20260423,CONT,15.0388,15.0388,bull(HH+HL),up,BOS↑,retrace_ok
003031_SZ.SZ,20260428,CONT,26.8506,26.8506,bull(HH+HL),up,BOS↑,no_retrace
605006_SH.SH,20260428,CONT,28.4216,28.4216,bull(HH+HL),up,BOS↑,no_retrace
002273_SZ.SZ,20260430,CONT,10.7384,10.7384,bull(HH+HL),up,BOS↑,retrace_ok
002384_SZ.SZ,20260430,CONT,16.8197,16.8197,bull(HH+HL),up,BOS↑,no_retrace
003031_SZ.SZ,20260430,CONT,35.3134,35.3134,bull(HH+HL),up,BOS↑,no_retrace
301603_SZ.SZ,20260430,CONT,26.7856,26.7856,compress(LH+HL),up,CHoCH↑,retrace_ok
603139_SH.SH,20260430,CONT,5.5119,5.5119,bull(HH+HL),up,BOS↑,retrace_ok
688683_SH.SH,20260430,CONT,1.1268,1.1268,compress(LH+HL),up,CHoCH↑,no_retrace
000063.SZ,20260529,EVENT,1.4191,1.4191,bull(HH+HL),up,CHoCH↑,retrace_ok
600239.SH,20260529,EVENT,-6.55,-6.55,compress(LH+HL),down,BOS↓,no_retrace
603456.SH,20260527,EVENT,-1.7278,-1.7278,bear(LH+LL),down,CHoCH↓,no_retrace
002938_SZ.SZ,20260506,CONT,23.7167,23.7167,expansion(HH+LL),up,CHoCH↑,retrace_ok
003031_SZ.SZ,20260506,CONT,30.8796,30.8796,bull(HH+HL),up,BOS↑,no_retrace
688069_SH.SH,20260506,CONT,45.1166,45.1166,expansion(HH+LL),up,CHoCH↑,retrace_ok
002938_SZ.SZ,20260507,CONT,25.5635,25.5635,expansion(HH+LL),up,CHoCH↑,retrace_ok
301371_SZ.SZ,20260507,CONT,5.4799,5.4799,compress(LH+HL),up,CHoCH↑,no_retrace
688381_SH.SH,20260507,CONT,28.5425,28.5425,bull(HH+HL),up,CHoCH↑,retrace_ok
002916_SZ.SZ,20260512,CONT,25.5841,25.5841,bear(LH+LL),up,CHoCH↑,retrace_ok
300054_SZ.SZ,20260512,CONT,18.5593,18.5593,bull(HH+HL),up,BOS↑,no_retrace
603682_SH.SH,20260512,CONT,-5.4934,-5.4934,bull(HH+HL),up,BOS↑,no_retrace
688508_SH.SH,20260512,CONT,6.3858,6.3858,compress(LH+HL),up,CHoCH↑,retrace_ok
000668_SZ.SZ,20260514,CONT,1.0686,1.0686,bull(HH+HL),up,CHoCH↑,retrace_ok
300475_SZ.SZ,20260514,CONT,-3.6178,-3.6178,expansion(HH+LL),up,CHoCH↑,no_retrace
300706_SZ.SZ,20260514,CONT,6.7505,6.7505,compress(LH+HL),up,CHoCH↑,retrace_ok
688110_SH.SH,20260514,CONT,-11.271,-11.271,compress(LH+HL),up,CHoCH↑,no_retrace
688290_SH.SH,20260514,CONT,2.6271,2.6271,compress(LH+HL),up,CHoCH↑,no_retrace
000668_SZ.SZ,20260515,CONT,-0.9096,-0.9096,bull(HH+HL),up,CHoCH↑,retrace_ok
001339_SZ.SZ,20260518,CONT,3.8678,3.8678,bull(HH+HL),up,BOS↑,retrace_ok
301285_SZ.SZ,20260518,CONT,-5.3475,-5.3475,bull(HH+HL),up,BOS↑,retrace_ok
601208_SH.SH,20260518,CONT,5.0701,5.0701,bull(HH+HL),up,BOS↑,no_retrace
603162_SH.SH,20260518,CONT,-8.3698,-8.3698,bull(HH+HL),up,BOS↑,no_retrace
688017_SH.SH,20260518,CONT,-4.4363,-4.4363,bull(HH+HL),up,BOS↑,no_retrace
002635_SZ.SZ,20260519,CONT,-3.8504,-3.8504,bull(HH+HL),up,BOS↑,no_retrace
300408_SZ.SZ,20260519,CONT,49.9508,49.9508,bull(HH+HL),up,BOS↑,no_retrace
301123_SZ.SZ,20260519,CONT,17.8385,17.8385,bull(HH+HL),up,BOS↑,retrace_ok
603336_SH.SH,20260519,CONT,-27.5771,-27.5771,bull(HH+HL),up,CHoCH↑,no_retrace
603608_SH.SH,20260519,CONT,26.8395,26.8395,bull(HH+HL),up,BOS↑,retrace_ok
688179_SH.SH,20260519,CONT,-10.4508,-10.4508,compress(LH+HL),up,CHoCH↑,no_retrace
003004_SZ.SZ,20260520,CONT,58.5642,58.5642,expansion(HH+LL),up,CHoCH↑,no_retrace
002273_SZ.SZ,20260520,CONT,-5.8821,-5.8821,bull(HH+HL),up,BOS↑,no_retrace
002993_SZ.SZ,20260520,CONT,7.3483,7.3483,bull(HH+HL),up,BOS↑,no_retrace
603936_SH.SH,20260520,CONT,5.2934,5.2934,bull(HH+HL),up,BOS↑,no_retrace
605358_SH.SH,20260520,CONT,3.7469,3.7469,bear(LH+LL),up,CHoCH↑,retrace_ok
688052_SH.SH,20260520,CONT,7.7877,7.7877,bear(LH+LL),up,CHoCH↑,retrace_ok
600936_SH.SH,20260522,CONT,3.9812,3.9812,compress(LH+HL),up,BOS↑,no_retrace
300106_SZ.SZ,20260525,CONT,-10.9349,-10.9349,bull(HH+HL),up,CHoCH↑,no_retrace
600730_SH.SH,20260525,CONT,1.7685,1.7685,bear(LH+LL),up,CHoCH↑,no_retrace
300825_SZ.SZ,20260526,CONT,7.5147,7.5147,bear(LH+LL),up,CHoCH↑,retrace_ok
688107_SH.SH,20260526,CONT,-17.3429,-17.3429,compress(LH+HL),up,CHoCH↑,no_retrace
002782_SZ.SZ,20260527,CONT,-18.3149,-18.3149,bear(LH+LL),up,CHoCH↑,no_retrace
688068.SH,20260527,EVENT,-7.7309,-7.7309,compress(LH+HL),down,BOS↓,no_retrace
300883.SZ,20260528,EVENT,-7.1959,-7.1959,bull(HH+HL),up,BOS↑,retrace_ok
600567.SH,20260611,EVENT,-5.2521,-5.2521,bear(LH+LL),down,BOS↓,retrace_fail
002758.SZ,20260615,EVENT,-2.99,-2.99,bear(LH+LL),down,BOS↓,retrace_fail
600679.SH,20260608,EVENT,-10.6,-10.6,bear(LH+LL),down,BOS↓,retrace_ok
600567.SH,20260612,EVENT,7.0723,7.0723,bear(LH+LL),down,BOS↓,retrace_fail
603987.SH,20260612,EVENT,-0.934,-0.934,bear(LH+LL),down,BOS↓,retrace_ok
300871.SZ,20260615,EVENT,2.6908,2.6908,bear(LH+LL),down,CHoCH↓,no_retrace
300193.SZ,20260616,EVENT,-4.9122,-4.9122,bear(LH+LL),down,CHoCH↓,retrace_fail
301223.SZ,20260616,EVENT,-2.6463,-2.6463,expansion(HH+LL),down,BOS↓,retrace_ok
688377.SH,20260604,EVENT,-9.5393,-9.5393,bull(HH+HL),down,CHoCH↓,retrace_fail
605507.SH,20260605,EVENT,-4.4321,-4.4321,bear(LH+LL),down,BOS↓,retrace_ok
600187.SH,20260612,EVENT,-15.7731,-15.7731,bear(LH+LL),down,BOS↓,retrace_ok
301333.SZ,20260616,EVENT,13.6648,13.6648,bear(LH+LL),down,BOS↓,retrace_ok
603899.SH,20260601,EVENT,-2.9342,-2.9342,bear(LH+LL),down,BOS↓,retrace_fail
002637.SZ,20260603,EVENT,1.0045,1.0045,expansion(HH+LL),down,BOS↓,retrace_fail
600585.SH,20260603,EVENT,-4.9084,-4.9084,bear(LH+LL),down,BOS↓,no_retrace
605507.SH,20260603,EVENT,-2.0988,-2.0988,bear(LH+LL),down,BOS↓,retrace_ok
000100.SZ,20260604,EVENT,1.1383,1.1383,expansion(HH+LL),up,CHoCH↑,retrace_ok
000055.SZ,20260609,EVENT,7.7806,7.7806,expansion(HH+LL),up,BOS↑,retrace_fail
002206.SZ,20260611,EVENT,2.0874,2.0874,bear(LH+LL),down,BOS↓,retrace_ok
002332.SZ,20260611,EVENT,0.1146,0.1146,bear(LH+LL),down,BOS↓,retrace_ok
300347.SZ,20260611,EVENT,26.0276,26.0276,bear(LH+LL),down,BOS↓,retrace_fail
002223.SZ,20260615,EVENT,-4.0712,-4.0712,bear(LH+LL),down,BOS↓,no_retrace
300347.SZ,20260615,EVENT,0.5654,0.5654,bear(LH+LL),down,BOS↓,retrace_fail
603579.SH,20260615,EVENT,-0.2985,-0.2985,bear(LH+LL),down,BOS↓,retrace_fail
301263.SZ,20260617,EVENT,-9.2489,-9.2489,bull(HH+HL),down,CHoCH↓,retrace_ok
301333.SZ,20260617,EVENT,15.1185,15.1185,bear(LH+LL),down,BOS↓,retrace_ok
301097.SZ,20260618,EVENT,4.737,4.737,expansion(HH+LL),down,CHoCH↓,no_retrace
300245.SZ,20260601,EVENT,-2.2301,-2.2301,expansion(HH+LL),down,BOS↓,no_retrace
000409.SZ,20260604,EVENT,-4.5264,-4.5264,expansion(HH+LL),up,CHoCH↑,retrace_fail
300583.SZ,20260604,EVENT,-1.8729,-1.8729,bull(HH+HL),down,CHoCH↓,retrace_ok
603858.SH,20260604,EVENT,-3.5877,-3.5877,compress(LH+HL),down,BOS↓,no_retrace
300611.SZ,20260605,EVENT,-0.3183,-0.3183,expansion(HH+LL),up,CHoCH↑,retrace_fail
688278.SH,20260605,EVENT,9.9354,9.9354,compress(LH+HL),down,BOS↓,retrace_ok
688513.SH,20260605,EVENT,-2.2323,-2.2323,bear(LH+LL),down,BOS↓,no_retrace
688606.SH,20260608,EVENT,-7.2355,-7.2355,bear(LH+LL),down,BOS↓,no_retrace
000055.SZ,20260610,EVENT,0.9652,0.9652,expansion(HH+LL),up,BOS↑,retrace_fail
601800.SH,20260612,EVENT,-3.3188,-3.3188,bear(LH+LL),down,BOS↓,retrace_fail
688109.SH,20260612,EVENT,3.1232,3.1232,compress(LH+HL),down,BOS↓,retrace_ok
000801.SZ,20260615,EVENT,-1.4207,-1.4207,bear(LH+LL),down,BOS↓,retrace_ok
300791.SZ,20260615,EVENT,-4.8095,-4.8095,bear(LH+LL),down,BOS↓,retrace_fail
600872.SH,20260615,EVENT,-6.592,-6.592,expansion(HH+LL),down,CHoCH↓,retrace_fail
300883.SZ,20260616,EVENT,-3.0934,-3.0934,bull(HH+HL),up,BOS↑,retrace_fail
000564.SZ,20260617,EVENT,-4.9047,-4.9047,expansion(HH+LL),down,BOS↓,retrace_fail
300347.SZ,20260617,EVENT,0.9277,0.9277,bear(LH+LL),down,CHoCH↓,retrace_ok
002962_SZ.SZ,20260603,CONT,-11.0477,-11.0477,bull(HH+HL),up,BOS↑,retrace_ok
301566_SZ.SZ,20260603,CONT,-1.7802,-1.7802,bear(LH+LL),up,CHoCH↑,no_retrace
301568_SZ.SZ,20260603,CONT,47.2476,47.2476,compress(LH+HL),up,CHoCH↑,retrace_ok
300037_SZ.SZ,20260605,CONT,13.5243,13.5243,bull(HH+HL),up,BOS↑,retrace_ok
601678_SH.SH,20260623,CONT,-4.5478,-4.5478,bull(HH+HL),up,BOS↑,retrace_ok
002876_SZ.SZ,20260625,CONT,-11.6286,-11.6286,bull(HH+HL),up,BOS↑,no_retrace
002937_SZ.SZ,20260625,CONT,1.3998,1.3998,expansion(HH+LL),up,CHoCH↑,retrace_ok
603290_SH.SH,20260630,CONT,-20.5931,-20.5931,bull(HH+HL),up,BOS↑,retrace_ok
600179.SH,20260603,EVENT,4.5809,4.5809,bull(HH+HL),down,BOS↓,retrace_fail
301078.SZ,20260605,EVENT,-2.1953,-2.1953,bull(HH+HL),down,CHoCH↓,no_retrace
002452.SZ,20260610,EVENT,9.4688,9.4688,expansion(HH+LL),up,BOS↑,retrace_fail
002661.SZ,20260611,EVENT,-6.3837,-6.3837,compress(LH+HL),down,BOS↓,retrace_ok
300082.SZ,20260616,EVENT,-5.8697,-5.8697,bear(LH+LL),down,CHoCH↓,retrace_ok
000100.SZ,20260610,EVENT,2.0876,2.0876,bull(HH+HL),up,CHoCH↑,retrace_ok
300143.SZ,20260720,EVENT,5.307,5.307,compress(LH+HL),up,CHoCH↑,retrace_fail
600382.SH,20260729,EVENT,0.718,0.718,bear(LH+LL),down,BOS↓,retrace_fail
300906.SZ,20260730,EVENT,-0.3593,-0.3593,bear(LH+LL),down,BOS↓,retrace_fail
301032.SZ,20260722,EVENT,9.9244,9.9244,bear(LH+LL),down,BOS↓,no_retrace
300988.SZ,20260724,EVENT,-2.5251,-2.5251,bear(LH+LL),down,BOS↓,retrace_fail
301446.SZ,20260724,EVENT,23.6725,23.6725,bear(LH+LL),down,BOS↓,retrace_fail
002888.SZ,20260728,EVENT,17.0396,17.0396,bull(HH+HL),down,CHoCH↓,no_retrace
601799.SH,20260729,EVENT,1.0371,1.0371,bear(LH+LL),down,CHoCH↓,retrace_ok
603390.SH,20260729,EVENT,7.6932,7.6932,bear(LH+LL),down,BOS↓,retrace_ok
600382.SH,20260730,EVENT,0.2339,0.2339,bear(LH+LL),down,BOS↓,retrace_fail
301446.SZ,20260731,EVENT,14.5298,14.5298,bear(LH+LL),down,BOS↓,retrace_fail
603920.SH,20260731,EVENT,20.7129,20.7129,bear(LH+LL),down,BOS↓,no_retrace
002858.SZ,20260717,EVENT,-5.7828,-5.7828,bear(LH+LL),down,BOS↓,retrace_fail
601717.SH,20260717,EVENT,0.4206,0.4206,compress(LH+HL),down,BOS↓,no_retrace
688326.SH,20260717,EVENT,-4.9378,-4.9378,bear(LH+LL),down,BOS↓,retrace_fail
002340.SZ,20260720,EVENT,7.8089,7.8089,bear(LH+LL),down,BOS↓,retrace_ok
301087.SZ,20260721,EVENT,3.73,3.73,bull(HH+HL),up,CHoCH↑,retrace_ok
601600.SH,20260721,EVENT,7.2042,7.2042,bear(LH+LL),up,CHoCH↑,retrace_ok
000695.SZ,20260722,EVENT,4.2937,4.2937,bear(LH+LL),down,CHoCH↓,retrace_ok
002858.SZ,20260722,EVENT,13.1279,13.1279,bear(LH+LL),down,BOS↓,retrace_ok
300014.SZ,20260722,EVENT,0.4595,0.4595,expansion(HH+LL),down,CHoCH↓,retrace_fail
300183.SZ,20260723,EVENT,5.727,5.727,bear(LH+LL),down,BOS↓,retrace_ok
688032.SH,20260723,EVENT,4.7681,4.7681,bear(LH+LL),down,BOS↓,retrace_ok
002020.SZ,20260727,EVENT,6.4501,6.4501,compress(LH+HL),down,BOS↓,retrace_fail
002340.SZ,20260727,EVENT,4.0666,4.0666,bear(LH+LL),down,BOS↓,retrace_fail
300091.SZ,20260727,EVENT,7.9517,7.9517,bear(LH+LL),down,BOS↓,retrace_ok
300906.SZ,20260727,EVENT,15.8211,15.8211,bear(LH+LL),down,BOS↓,retrace_ok
300925.SZ,20260728,EVENT,7.7715,7.7715,bear(LH+LL),down,BOS↓,retrace_ok
301290.SZ,20260728,EVENT,11.6768,11.6768,bear(LH+LL),down,BOS↓,retrace_ok
002722.SZ,20260729,EVENT,3.8525,3.8525,expansion(HH+LL),down,BOS↓,retrace_ok
002778.SZ,20260729,EVENT,9.0299,9.0299,bear(LH+LL),down,BOS↓,retrace_ok
002812.SZ,20260729,EVENT,8.2768,8.2768,bear(LH+LL),down,BOS↓,retrace_ok
605588.SH,20260730,EVENT,19.1558,19.1558,expansion(HH+LL),down,CHoCH↓,no_retrace
688623.SH,20260730,EVENT,6.3355,6.3355,expansion(HH+LL),down,BOS↓,retrace_fail
002023.SZ,20260731,EVENT,15.9644,15.9644,expansion(HH+LL),down,CHoCH↓,no_retrace
002827.SZ,20260717,EVENT,0.168,0.168,bear(LH+LL),down,BOS↓,retrace_fail
301173.SZ,20260721,EVENT,-3.2819,-3.2819,compress(LH+HL),down,BOS↓,retrace_ok
301283.SZ,20260721,EVENT,9.1477,9.1477,bear(LH+LL),down,BOS↓,retrace_ok
688331.SH,20260721,EVENT,-3.6813,-3.6813,bull(HH+HL),down,CHoCH↓,retrace_ok
301533.SZ,20260723,EVENT,11.1636,11.1636,bear(LH+LL),down,BOS↓,no_retrace
600382.SH,20260723,EVENT,11.1156,11.1156,bear(LH+LL),down,BOS↓,retrace_ok
001233.SZ,20260724,EVENT,5.046,5.046,bear(LH+LL),down,BOS↓,retrace_fail
003008.SZ,20260724,EVENT,-2.2754,-2.2754,bear(LH+LL),down,BOS↓,no_retrace
301330.SZ,20260724,EVENT,-1.837,-1.837,expansion(HH+LL),down,BOS↓,retrace_ok
002722.SZ,20260727,EVENT,8.188,8.188,expansion(HH+LL),down,BOS↓,retrace_ok
002929.SZ,20260728,EVENT,-13.7508,-13.7508,compress(LH+HL),down,CHoCH↓,retrace_ok
300467.SZ,20260728,EVENT,8.6106,8.6106,compress(LH+HL),down,CHoCH↓,retrace_ok
301252.SZ,20260728,EVENT,15.9517,15.9517,compress(LH+HL),down,CHoCH↓,no_retrace
301662.SZ,20260728,EVENT,6.5845,6.5845,bear(LH+LL),down,BOS↓,no_retrace
002023.SZ,20260729,EVENT,20.1637,20.1637,expansion(HH+LL),down,CHoCH↓,no_retrace
002931.SZ,20260729,EVENT,16.0042,16.0042,bear(LH+LL),down,CHoCH↓,no_retrace
300690.SZ,20260729,EVENT,-0.5519,-0.5519,expansion(HH+LL),down,BOS↓,retrace_ok
301305.SZ,20260729,EVENT,17.6735,17.6735,expansion(HH+LL),down,BOS↓,no_retrace
600580.SH,20260729,EVENT,19.7701,19.7701,expansion(HH+LL),down,CHoCH↓,no_retrace
603920.SH,20260729,EVENT,19.6577,19.6577,bear(LH+LL),down,BOS↓,no_retrace
688162.SH,20260729,EVENT,11.4777,11.4777,bear(LH+LL),down,BOS↓,retrace_ok
688429.SH,20260729,EVENT,13.9964,13.9964,bear(LH+LL),down,BOS↓,retrace_ok
688638.SH,20260729,EVENT,14.7536,14.7536,bear(LH+LL),down,BOS↓,retrace_ok
002079.SZ,20260730,EVENT,7.9927,7.9927,bear(LH+LL),down,CHoCH↓,no_retrace
002931.SZ,20260730,EVENT,18.3857,18.3857,bear(LH+LL),down,CHoCH↓,no_retrace
300095.SZ,20260730,EVENT,2.602,2.602,bear(LH+LL),down,BOS↓,no_retrace
300183.SZ,20260730,EVENT,5.7276,5.7276,bear(LH+LL),down,BOS↓,retrace_fail
301306.SZ,20260730,EVENT,18.7909,18.7909,expansion(HH+LL),down,BOS↓,no_retrace
600580.SH,20260730,EVENT,19.2423,19.2423,expansion(HH+LL),down,CHoCH↓,no_retrace
688350.SH,20260730,EVENT,5.7156,5.7156,bear(LH+LL),down,CHoCH↓,no_retrace
002050.SZ,20260731,EVENT,6.4613,6.4613,expansion(HH+LL),down,BOS↓,no_retrace
002722.SZ,20260731,EVENT,1.48,1.48,bull(HH+HL),down,BOS↓,retrace_ok
003015.SZ,20260731,EVENT,14.1078,14.1078,bear(LH+LL),down,BOS↓,retrace_ok
300687.SZ,20260731,EVENT,29.5874,29.5874,expansion(HH+LL),down,BOS↓,no_retrace
603079.SH,20260731,EVENT,11.0598,11.0598,bear(LH+LL),down,BOS↓,retrace_fail
605588.SH,20260731,EVENT,23.652,23.652,expansion(HH+LL),down,CHoCH↓,no_retrace
688359.SH,20260731,EVENT,25.3043,25.3043,expansion(HH+LL),down,BOS↓,no_retrace
000923.SZ,20260717,EVENT,8.7403,8.7403,bear(LH+LL),down,BOS↓,retrace_fail
301283.SZ,20260720,EVENT,7.447,7.447,bear(LH+LL),down,BOS↓,retrace_ok
002020.SZ,20260722,EVENT,-2.8162,-2.8162,bull(HH+HL),down,BOS↓,retrace_fail
301026.SZ,20260722,EVENT,29.6587,29.6587,bear(LH+LL),down,BOS↓,retrace_ok
601799.SH,20260722,EVENT,5.2205,5.2205,bear(LH+LL),down,CHoCH↓,retrace_ok
000695.SZ,20260723,EVENT,-0.2131,-0.2131,bear(LH+LL),down,CHoCH↓,retrace_ok
001322.SZ,20260723,EVENT,-2.3781,-2.3781,compress(LH+HL),down,CHoCH↓,retrace_ok
002318.SZ,20260723,EVENT,5.3061,5.3061,bear(LH+LL),down,BOS↓,no_retrace
301439.SZ,20260728,EVENT,7.137,7.137,bear(LH+LL),down,BOS↓,retrace_ok
301248.SZ,20260729,EVENT,17.7349,17.7349,bear(LH+LL),down,CHoCH↓,no_retrace
600186.SH,20260729,EVENT,28.519,28.519,expansion(HH+LL),down,CHoCH↓,retrace_ok
603135.SH,20260729,EVENT,9.0864,9.0864,expansion(HH+LL),down,CHoCH↓,no_retrace
002203.SZ,20260730,EVENT,9.2758,9.2758,expansion(HH+LL),down,CHoCH↓,retrace_fail
603088.SH,20260730,EVENT,3.1506,3.1506,bear(LH+LL),down,BOS↓,retrace_ok
002203.SZ,20260731,EVENT,10.8095,10.8095,expansion(HH+LL),down,CHoCH↓,retrace_ok
002600.SZ,20260731,EVENT,2.2847,2.2847,expansion(HH+LL),down,CHoCH↓,no_retrace
301252.SZ,20260731,EVENT,22.5474,22.5474,bear(LH+LL),down,CHoCH↓,no_retrace
301322.SZ,20260731,EVENT,25.0864,25.0864,expansion(HH+LL),down,CHoCH↓,retrace_ok
603031.SH,20260731,EVENT,21.0513,21.0513,bear(LH+LL),down,BOS↓,no_retrace
688657.SH,20260731,EVENT,26.8827,26.8827,bear(LH+LL),down,CHoCH↓,no_retrace
603713_SH.SH,20260701,CONT,0.0088,0.0088,expansion(HH+LL),up,CHoCH↑,no_retrace
603259_SH.SH,20260702,CONT,2.3434,2.3434,bear(LH+LL),up,CHoCH↑,no_retrace
002860_SZ.SZ,20260710,CONT,7.3574,7.3574,bull(HH+HL),up,CHoCH↑,no_retrace
600918.SH,20260722,EVENT,-1.1665,-1.1665,compress(LH+HL),up,CHoCH↑,retrace_ok
000695.SZ,20260724,EVENT,-1.2316,-1.2316,bear(LH+LL),down,CHoCH↓,retrace_ok
688623.SH,20260724,EVENT,-1.3068,-1.3068,expansion(HH+LL),down,BOS↓,retrace_ok
002318.SZ,20260727,EVENT,5.2487,5.2487,bear(LH+LL),down,BOS↓,no_retrace
002820.SZ,20260729,EVENT,8.2918,8.2918,expansion(HH+LL),down,BOS↓,retrace_fail
603091.SH,20260729,EVENT,5.0222,5.0222,expansion(HH+LL),down,BOS↓,retrace_fail
001205.SZ,20260730,EVENT,4.6693,4.6693,bear(LH+LL),down,BOS↓,retrace_fail
603031.SH,20260730,EVENT,16.2418,16.2418,bear(LH+LL),down,BOS↓,no_retrace
688153.SH,20260730,EVENT,6.9575,6.9575,expansion(HH+LL),down,BOS↓,no_retrace
688755.SH,20260731,EVENT,18.4595,18.4595,expansion(HH+LL),down,BOS↓,no_retrace
301120.SZ,20260805,EVENT,-9.1353,-9.1353,bear(LH+LL),up,CHoCH↑,no_retrace
300274.SZ,20260810,EVENT,1.5689,1.5689,compress(LH+HL),down,CHoCH↓,no_retrace
002130.SZ,20260803,EVENT,0.6053,0.6053,bear(LH+LL),down,BOS↓,retrace_ok
688251.SH,20260806,EVENT,1.6539,1.6539,bear(LH+LL),down,BOS↓,no_retrace
688312.SH,20260806,EVENT,7.8912,7.8912,bear(LH+LL),down,CHoCH↓,retrace_ok
300637.SZ,20260807,EVENT,0.9466,0.9466,bear(LH+LL),down,CHoCH↓,no_retrace
300727.SZ,20260810,EVENT,-3.9514,-3.9514,bull(HH+HL),down,BOS↓,retrace_ok
301120.SZ,20260806,EVENT,-6.4337,-6.4337,bear(LH+LL),up,CHoCH↑,no_retrace
000035.SZ,20260807,EVENT,-5.6155,-5.6155,expansion(HH+LL),up,CHoCH↑,retrace_ok
688080.SH,20260810,EVENT,-0.5894,-0.5894,expansion(HH+LL),down,BOS↓,retrace_ok
002655.SZ,20260803,EVENT,67.5344,67.5344,expansion(HH+LL),down,BOS↓,retrace_ok
002787.SZ,20260803,EVENT,18.5229,18.5229,expansion(HH+LL),down,BOS↓,retrace_fail
300232.SZ,20260804,EVENT,-6.2704,-6.2704,bear(LH+LL),down,CHoCH↓,no_retrace
300274.SZ,20260804,EVENT,8.3237,8.3237,bear(LH+LL),down,CHoCH↓,no_retrace
301396.SZ,20260804,EVENT,28.3915,28.3915,compress(LH+HL),down,BOS↓,retrace_ok
300232.SZ,20260805,EVENT,-5.3545,-5.3545,bear(LH+LL),down,CHoCH↓,no_retrace
300811.SZ,20260805,EVENT,21.4881,21.4881,bear(LH+LL),down,CHoCH↓,retrace_ok
301330.SZ,20260806,EVENT,-3.4791,-3.4791,expansion(HH+LL),down,BOS↓,retrace_fail
301446.SZ,20260806,EVENT,1.9931,1.9931,bear(LH+LL),down,BOS↓,retrace_fail
300100.SZ,20260807,EVENT,-13.3471,-13.3471,bear(LH+LL),down,BOS↓,retrace_ok
601777.SH,20260807,EVENT,-1.3541,-1.3541,bear(LH+LL),up,CHoCH↑,retrace_ok
688395.SH,20260807,EVENT,3.6901,3.6901,bear(LH+LL),down,BOS↓,retrace_fail
688755.SH,20260810,EVENT,1.6361,1.6361,expansion(HH+LL),down,BOS↓,retrace_fail
688080.SH,20260811,EVENT,-0.5987,-0.5987,expansion(HH+LL),down,BOS↓,retrace_fail
002429.SZ,20260812,EVENT,2.1654,2.1654,bear(LH+LL),down,BOS↓,retrace_ok
301308.SZ,20260812,EVENT,-6.9372,-6.9372,expansion(HH+LL),down,CHoCH↓,no_retrace
688035.SH,20260812,EVENT,10.0792,10.0792,bear(LH+LL),down,CHoCH↓,no_retrace
300637.SZ,20260813,EVENT,0.7064,0.7064,bear(LH+LL),down,CHoCH↓,no_retrace
688035.SH,20260814,EVENT,9.0789,9.0789,bear(LH+LL),down,CHoCH↓,no_retrace
300637.SZ,20260820,EVENT,2.9787,2.9787,bear(LH+LL),down,CHoCH↓,retrace_ok
002188.SZ,20260803,EVENT,3.6202,3.6202,bear(LH+LL),down,BOS↓,retrace_fail
300906.SZ,20260803,EVENT,-0.0428,-0.0428,bear(LH+LL),down,BOS↓,retrace_fail
301010.SZ,20260803,EVENT,4.9813,4.9813,bear(LH+LL),down,BOS↓,retrace_fail
688258.SH,20260803,EVENT,8.6515,8.6515,expansion(HH+LL),down,CHoCH↓,no_retrace
688716.SH,20260803,EVENT,11.0995,11.0995,expansion(HH+LL),down,CHoCH↓,no_retrace
300095.SZ,20260804,EVENT,-5.9376,-5.9376,bear(LH+LL),down,BOS↓,retrace_fail
002655.SZ,20260805,EVENT,34.2503,34.2503,expansion(HH+LL),down,BOS↓,retrace_fail
688368.SH,20260807,EVENT,4.2912,4.2912,bear(LH+LL),down,BOS↓,retrace_fail
600186.SH,20260810,EVENT,11.9296,11.9296,bull(HH+HL),down,CHoCH↓,retrace_fail
002655.SZ,20260813,EVENT,17.8473,17.8473,expansion(HH+LL),down,BOS↓,retrace_fail
301359.SZ,20260813,EVENT,1.9942,1.9942,bear(LH+LL),down,BOS↓,retrace_fail
301396.SZ,20260813,EVENT,-2.487,-2.487,bear(LH+LL),down,BOS↓,retrace_fail
688525.SH,20260813,EVENT,-0.0072,-0.0072,bear(LH+LL),down,CHoCH↓,no_retrace
002655.SZ,20260814,EVENT,24.2614,24.2614,expansion(HH+LL),down,BOS↓,retrace_fail
688381.SH,20260814,EVENT,11.6065,11.6065,bear(LH+LL),down,BOS↓,retrace_fail
002683.SZ,20260803,EVENT,8.3203,8.3203,expansion(HH+LL),down,BOS↓,retrace_fail
002929.SZ,20260803,EVENT,17.7031,17.7031,bear(LH+LL),down,BOS↓,retrace_fail
300684.SZ,20260803,EVENT,55.7025,55.7025,expansion(HH+LL),down,BOS↓,retrace_fail
301265.SZ,20260803,EVENT,24.7689,24.7689,expansion(HH+LL),down,CHoCH↓,no_retrace
600252.SH,20260803,EVENT,5.0687,5.0687,compress(LH+HL),down,BOS↓,retrace_fail
600673.SH,20260803,EVENT,30.2536,30.2536,bear(LH+LL),down,BOS↓,retrace_fail
688381.SH,20260803,EVENT,28.8302,28.8302,bear(LH+LL),down,BOS↓,retrace_fail
301252.SZ,20260804,EVENT,8.5181,8.5181,bear(LH+LL),down,CHoCH↓,no_retrace
301322.SZ,20260804,EVENT,13.6472,13.6472,expansion(HH+LL),down,CHoCH↓,retrace_ok
300184.SZ,20260805,EVENT,-1.3139,-1.3139,bear(LH+LL),down,CHoCH↓,no_retrace
601006.SH,20260805,EVENT,-1.2471,-1.2471,compress(LH+HL),up,CHoCH↑,retrace_ok
002787.SZ,20260806,EVENT,1.4997,1.4997,bear(LH+LL),down,BOS↓,retrace_fail
300687.SZ,20260806,EVENT,-0.6894,-0.6894,bull(HH+HL),down,BOS↓,retrace_fail
301360.SZ,20260806,EVENT,14.5447,14.5447,bear(LH+LL),down,BOS↓,no_retrace
301396.SZ,20260806,EVENT,3.8444,3.8444,bear(LH+LL),down,BOS↓,retrace_fail
603091.SH,20260806,EVENT,2.046,2.046,expansion(HH+LL),down,BOS↓,retrace_fail
600673.SH,20260807,EVENT,0.8411,0.8411,bear(LH+LL),down,BOS↓,retrace_fail
603950.SH,20260807,EVENT,6.7524,6.7524,expansion(HH+LL),down,BOS↓,retrace_fail
688766.SH,20260810,EVENT,1.3835,1.3835,bear(LH+LL),down,CHoCH↓,retrace_fail
688755.SH,20260803,EVENT,15.2512,15.2512,expansion(HH+LL),down,BOS↓,no_retrace
300802.SZ,20260805,EVENT,9.9736,9.9736,bear(LH+LL),down,BOS↓,retrace_ok
688755.SH,20260805,EVENT,13.2862,13.2862,expansion(HH+LL),down,BOS↓,retrace_fail
603950.SH,20260806,EVENT,4.8254,4.8254,expansion(HH+LL),down,BOS↓,retrace_fail
001227.SZ,20260807,EVENT,-2.1663,-2.1663,bull(HH+HL),up,BOS↑,retrace_fail
688716.SH,20260807,EVENT,-6.0521,-6.0521,expansion(HH+LL),down,CHoCH↓,retrace_fail
000932.SZ,20260810,EVENT,-2.0095,-2.0095,bull(HH+HL),up,CHoCH↑,retrace_ok
002722.SZ,20260824,EVENT,1.886,1.886,bull(HH+HL),up,BOS↑,retrace_fail
300192.SZ,20260812,EVENT,1.5747,1.5747,expansion(HH+LL),down,CHoCH↓,retrace_fail
300002.SZ,20260813,EVENT,-4.6285,-4.6285,expansion(HH+LL),up,BOS↑,retrace_fail
