symbol,entry_date,buy_price,net_pnl_pct,mfe_pct,mae_pct,trend_state,loc20,newlow20,near_high,near_low,day_pos,gap_pct,vol_ratio,ret5,ret20,atr_pct
688381.SH,20230913,27.878,-3.1863,1.5122819100091833,-6.020431588613406,down,76.1,False,2.8,-12.1,33.7,0.0,0.6,-2.8,3.2,3.87
301308.SZ,20231009,86.98,8.3273,17.268337548861812,6.438261669349266,up,48.4,False,9.8,-4.4,83.8,-0.7,0.96,1.2,17.3,4.57
000651.SZ,20231030,33.878,-3.6222,1.6004581171150445,-4.598291506532304,down,20.2,False,8.8,-2.3,52.2,-0.4,1.3,1.8,-7.2,1.94
300138.SZ,20231103,13.83,0.7548,2.386117136659438,-1.0845986984815648,down,42.6,False,9.0,-6.7,97.0,0.1,1.08,4.1,-6.3,2.3
000651.SZ,20231109,33.67,-2.8346,0.08910008910010259,-4.009504009504017,down,23.6,False,2.2,-1.7,48.0,0.0,0.77,-1.0,-4.2,1.48
300001.SZ,20231130,18.958,-3.3229,1.6958092676108594,-3.0514017459187137,down,69.4,False,2.5,-1.7,73.5,-0.1,1.06,1.2,7.9,1.9
000651.SZ,20231101,33.85,-3.4155,1.68389955686854,-4.519940915805021,down,19.6,False,1.7,-2.2,38.2,-0.2,0.84,1.0,-7.4,1.6
601975.SH,20231226,2.745,6.2067,7.931096030627227,0.28157521846667866,down,56.3,False,3.6,-3.0,87.5,-0.7,1.64,4.5,-1.1,3.02
001323.SZ,20231228,29.72,-1.9246,3.264490339773496,-1.715354746667197,down,23.6,False,7.5,-0.2,75.0,-0.3,1.69,0.5,-4.6,2.43
600872.SH,20231229,26.306,-2.275,2.4546230025682236,-8.569360624155141,down,36.0,False,27.5,-11.0,72.7,-1.1,1.07,12.4,-13.7,4.09
603688.SH,20231229,53.666,1.9342,6.130669147198087,-8.808048012593462,down,90.9,False,-3.9,-20.7,50.5,-0.4,1.23,9.7,1.9,4.75
688420.SH,20231229,25.084,-2.5085,4.066337107319407,-3.388614256099498,down,47.4,False,5.3,-5.9,80.3,0.6,1.14,3.8,-4.3,2.96
301115.SZ,20231218,17.919,-2.0989,0.34042078240972273,-3.007980356046658,down,10.8,False,7.3,-0.9,5.7,-0.2,0.91,-1.4,-6.1,1.64
603267.SH,20231228,47.1,-5.1197,8.89596602972398,-8.49256900212314,down,12.1,False,7.1,-2.8,88.9,0.4,1.29,5.2,-10.8,3.74
603507.SH,20231229,14.461,-1.3586,1.826092789329592,-6.209351680701025,down,79.0,False,2.1,-12.3,90.6,-0.0,2.54,9.3,4.4,3.77
605303.SH,20231212,11.89,0.5571,4.121110176619003,-1.5979814970563555,down,34.2,False,4.4,0.4,90.0,0.0,1.2,-0.9,0.2,2.11
000651.SZ,20231215,33.25,-0.5799,0.39097744360903075,-1.834586466165411,down,87.4,False,-0.5,-3.1,13.8,0.3,1.07,0.7,1.8,1.44
301115.SZ,20231220,17.87,-1.8339,0.05595970900951208,-2.7420257414661586,down,15.3,False,2.0,-0.6,0.0,0.7,0.64,-1.5,-5.4,1.63
300943.SZ,20231221,13.385,-3.032,1.2342358496204575,-2.9496144880760244,down,22.1,False,9.1,-1.4,92.6,-0.4,1.13,0.1,-4.5,2.47
600382.SH,20231227,4.43,5.9081,8.352144469525967,-0.22573363431150906,up,8.0,False,4.7,0.0,85.7,0.0,0.85,-0.4,-2.2,1.78
000950.SZ,20231229,4.95,-3.9641,2.626262626262621,-3.838383838383841,down,19.7,False,9.9,-2.4,60.0,-0.2,0.8,1.4,-5.0,2.34
300993.SZ,20231229,10.24,2.4363,6.34765625,1.07421875,down,29.5,False,3.3,-4.0,77.4,0.1,0.94,1.5,-6.1,2.62
688013.SH,20231229,17.974,1.166,5.730499610548567,-0.1112718370980259,down,24.9,False,5.2,-4.5,96.4,-0.1,0.61,4.0,-9.7,2.74
300068.SZ,20231228,11.956,9.45,13.884242221478749,2.425560388089676,down,20.1,False,21.9,-2.9,91.3,-0.1,2.75,7.4,-1.7,2.48
301367.SZ,20231229,60.031,-1.2232,2.4587296563442163,-3.3949126284752773,up,51.7,False,10.0,-10.8,73.1,-0.5,0.56,0.3,3.0,3.76
000921.SZ,20240110,22.176,4.2581,10.29942279942282,1.0101010101010166,down,89.1,False,4.8,-11.2,78.6,0.3,2.8,10.8,10.0,3.06
603515.SH,20240110,14.258,3.7931,5.218270750835674,0.5191478736819688,down,9.5,False,4.5,-0.3,80.9,-0.7,1.15,-1.8,-3.1,1.99
002570.SZ,20240117,3.861,-4.2752,-0.8029008029007967,-5.464905464905456,down,32.6,False,3.3,-2.9,0.0,-0.3,1.9,0.3,-5.7,2.1
301093.SZ,20240117,17.772,-7.6494,3.6771457894452464,-10.310772610237862,down,47.1,False,5.5,-5.9,47.6,-0.3,3.03,6.5,-3.0,2.98
301093.SZ,20240118,17.949,-8.6933,2.6592455163883644,-11.191339762768326,down,55.0,False,4.4,-6.8,81.1,-1.5,3.33,6.0,-2.0,3.11
301093.SZ,20240119,18.054,-9.3026,-3.5762317183681502,-11.707555927779667,down,65.8,False,3.8,-7.4,3.1,0.2,2.29,2.9,-5.4,3.45
000818.SZ,20240126,27.007,-2.9115,2.565241861429546,-2.951805444474065,down,35.7,False,8.3,-10.7,24.7,-0.1,0.98,-0.6,-14.1,5.17
600718.SH,20240126,8.108,-2.148,0.5167671834338528,-2.936569603236272,down,51.5,False,4.0,-11.9,14.3,-0.2,1.26,3.5,-8.6,3.65
000498.SZ,20240129,4.972,-0.6563,2.6191826669724083,-4.21941437473099,down,80.0,False,-0.2,-11.3,52.9,0.0,2.23,11.8,-0.2,2.91
300656.SZ,20240131,19.77,-7.8417,-2.7834681314901633,-8.094464929717793,down,17.2,False,24.4,-5.1,58.6,0.2,1.65,-4.5,-19.7,5.16
301152.SZ,20240131,27.849,-12.6218,-4.878863286257529,-14.14320955735815,down,21.9,False,39.9,-8.1,1.5,-3.5,0.84,-2.9,-30.4,9.42
000589.SZ,20240110,5.462,5.0452,7.506407909190771,-1.0984987184181505,down,40.4,False,4.9,-3.8,50.0,0.4,0.77,-3.9,-4.6,2.38
002959.SZ,20240110,49.066,-1.442,1.11200377936993,-3.0252486529472766,up,79.7,False,0.0,-7.7,16.5,-0.1,1.51,5.6,0.1,3.97
301267.SZ,20240116,30.348,-6.0638,1.537310801704872,-6.568539744204394,down,28.8,False,6.0,-4.2,88.4,0.2,0.89,3.6,-6.2,3.08
603612.SH,20240116,13.772,-3.0797,-0.07907411401049114,-4.363162935515752,down,22.1,False,10.0,-1.0,38.2,0.0,1.03,-1.4,-2.9,3.69
002570.SZ,20240118,3.802,-2.8139,-0.3051346801346666,-8.985690235690225,down,15.3,False,4.9,-1.4,77.8,-0.5,1.87,-1.8,-5.5,2.05
603505.SH,20240125,17.66,-4.2218,3.556058890147229,-6.596828992072479,down,55.7,False,4.2,-1.8,100.0,0.3,1.83,6.5,1.1,4.07
301093.SZ,20240126,16.941,-4.1244,-1.1562563455971508,-7.75567739102101,down,43.5,False,9.6,-1.3,11.4,-0.2,0.64,-5.4,-9.6,5.65
600718.SH,20240129,8.009,-13.0675,-0.23847873044411383,-18.46774294240301,down,46.2,False,5.3,-10.9,3.6,0.4,0.84,8.1,-12.2,3.61
601969.SH,20240129,6.131,-9.8095,-7.4712896770057995,-10.896466685260474,down,77.0,False,1.0,-16.0,8.2,-2.7,3.05,5.7,-11.0,4.23
603060.SH,20240129,7.739,-3.5138,-1.5742689786440556,-5.063168463449896,down,61.8,False,6.2,-10.6,8.0,0.1,0.99,7.0,-5.7,3.94
300200.SZ,20240131,6.009,-10.0206,-7.476744379545053,-11.470553974672592,down,-0.8,True,10.7,0.8,16.0,-5.3,1.76,-13.3,-35.3,6.19
301087.SZ,20240131,26.344,-6.5368,0.2888714275411042,-6.164235363784398,down,12.9,False,7.0,-3.9,29.6,-0.6,1.24,-5.2,-21.8,4.69
688018.SH,20240131,83.309,-5.3678,3.5908700792836035,-8.628771373869416,down,8.8,False,22.1,-2.2,9.3,0.0,1.4,-4.7,-19.6,5.78
002624.SZ,20240102,11.045,-13.8728,2.082390221819841,-15.02942507922137,down,35.0,False,20.2,-10.9,0.0,1.9,0.99,3.8,-12.6,5.41
603515.SH,20240102,14.822,-5.0602,0.40480367021995534,-4.722709485899335,down,37.3,False,-0.5,-4.0,21.1,0.1,0.89,2.1,-5.8,1.99
300993.SZ,20240103,10.44,0.0017,2.3946360153256796,0.0,down,47.3,False,1.3,-5.8,78.6,-0.8,0.74,6.6,-2.0,2.58
688171.SH,20240105,15.657,-6.4065,0.04566691256542299,-6.322152923480773,down,32.7,False,3.5,-4.5,14.2,0.0,1.2,0.8,-6.8,2.98
002004.SZ,20240110,4.59,-2.3178,1.9607843137254832,-5.664488017429193,down,15.6,False,3.3,-1.1,45.5,0.0,0.99,-2.3,-4.2,1.7
600219.SH,20240110,2.256,-11.9983,0.5668798560417798,-12.729754765735446,down,81.7,False,2.3,-10.5,20.0,0.0,0.91,-2.6,5.2,2.36
688013.SH,20240110,18.002,-6.5313,2.8987632595199653,-9.266443582325678,down,45.5,False,5.6,-4.7,35.4,0.3,0.77,-4.6,-2.3,2.96
002624.SZ,20240111,9.895,-3.8074,3.840323395654388,-5.154118241536132,down,1.5,False,14.8,-0.5,81.8,-0.7,0.72,-5.2,-19.2,5.47
002930.SZ,20240111,18.351,-1.9575,2.5611683287014575,-1.8527600675712463,down,11.6,False,5.7,-0.4,93.2,0.3,0.87,0.1,-8.4,2.14
600351.SH,20240111,6.69,-1.2309,1.195814648729443,-1.195814648729443,down,4.0,False,5.8,0.3,90.9,0.1,0.53,-3.4,-10.0,2.19
688093.SH,20240111,15.14,-2.3891,3.566710700132103,-3.2364597093791247,down,10.2,False,11.1,-0.2,92.2,0.1,0.91,-5.0,-5.4,3.56
600703.SH,20240112,13.042,-1.6597,0.38337678270203845,-1.9935592700506044,down,16.3,False,6.7,-1.3,57.1,-0.3,0.7,-1.8,-3.5,2.32
688257.SH,20240112,8.433,-4.8923,2.6702811159256212,-11.891870098021794,up,44.1,False,4.0,-2.9,10.1,-0.1,0.81,-1.6,-2.8,2.81
600487.SH,20240117,10.443,-4.2931,1.0101010101010166,-5.310212477447973,down,20.1,False,10.1,-2.5,0.0,-0.2,0.63,0.1,-5.6,2.67
603822.SH,20240117,26.312,-2.1077,-0.32007941557191666,-4.234610382552284,down,7.8,False,7.9,-0.4,1.9,0.6,0.82,-1.3,-1.7,2.66
603882.SH,20240126,53.539,12.6687,19.98685075608151,-10.58887693503079,down,45.5,False,-1.6,-10.9,16.2,-0.5,0.75,1.0,-10.4,4.18
002859.SZ,20240129,20.876,-3.7899,-2.5346172877827366,-6.4625483746268975,down,29.7,False,7.0,-7.3,15.7,0.1,1.05,-1.2,-16.9,4.26
300148.SZ,20240129,3.435,-5.783,-4.229616045178009,-8.596046924577184,down,35.6,False,3.9,-8.3,5.3,0.0,0.89,2.5,-12.5,4.5
603727.SH,20240129,11.549,-3.8327,1.529611215879001,-4.444756150567919,down,61.1,False,8.1,-12.8,23.3,1.6,1.16,11.4,-2.8,4.03
301265.SZ,20240130,9.229,-6.9422,-2.348956200061092,-6.68322356801222,down,29.7,False,11.7,-5.0,0.0,0.9,0.85,-0.7,-11.7,3.38
001256.SZ,20240131,15.484,-6.6015,-2.542044485778505,-8.225477279185721,down,15.8,False,9.9,-4.0,2.0,5.0,1.28,-3.6,-19.1,4.77
002148.SZ,20240131,5.049,-6.3099,-4.535551594375109,-9.88314517726282,down,5.9,False,21.8,-1.4,6.7,1.8,1.32,-10.2,-21.7,4.69
600572.SH,20240131,4.038,-8.8383,3.2194155522535794,-11.391778107974249,down,25.5,False,4.2,-6.4,5.6,1.5,1.37,0.5,-15.7,4.09
300515.SZ,20240102,10.766,-0.5667,2.322125208991266,-1.6719301504737105,down,60.8,False,0.1,-8.4,50.0,0.5,1.35,6.1,-2.5,3.19
688093.SH,20240102,16.7,-8.0492,0.11976047904191933,-10.479041916167663,down,85.9,False,-0.7,-9.5,46.9,0.4,1.22,6.3,-0.4,3.29
300097.SZ,20240104,8.861,-8.4106,0.3329383217651527,-8.470176626601212,down,12.2,False,49.9,-1.9,58.3,-1.1,0.5,-0.5,-25.2,5.67
603156.SH,20240104,16.535,7.0665,12.258980657974794,-4.432905271128251,down,63.9,False,3.7,-8.4,20.0,0.4,0.76,2.1,-2.5,2.48
688093.SH,20240104,16.345,-9.5995,1.132463337187728,-10.369595408965504,down,72.2,False,1.4,-7.6,40.6,0.3,0.76,5.5,-0.8,3.29
002385.SZ,20240105,5.655,-2.2659,-1.1119599354893484,-4.825566590272468,down,2.3,False,4.2,-0.6,8.3,0.0,0.71,-3.3,-18.2,2.3
600433.SH,20240105,3.406,-6.5504,0.12919896640828377,-6.33074935400516,down,58.7,False,3.6,-5.2,25.0,0.3,0.94,1.2,-0.9,2.0
603156.SH,20240108,16.386,0.9989,13.276310714686756,-3.566842909520529,down,61.9,False,4.7,-7.6,7.6,0.0,0.78,-4.7,-5.6,2.7
603258.SH,20240108,22.26,-12.006,0.9651776829895597,-14.173983553569936,down,26.0,False,5.9,-8.8,12.7,0.4,0.44,-2.3,-15.8,5.6
603888.SH,20240108,16.236,-4.4324,1.0101010101010166,-4.717910815471771,down,4.1,False,7.5,-1.3,9.3,-0.9,0.29,-6.5,-18.3,5.13
300943.SZ,20240110,13.375,0.5966,3.3278753486007284,-1.4572071566890221,up,43.2,False,5.9,-4.5,24.3,3.3,1.27,-3.2,-1.2,3.13
301201.SZ,20240110,23.406,-0.4318,4.940787624147758,-0.6988931699193124,down,-0.2,True,8.2,1.4,18.2,1.9,1.1,-5.4,-8.4,2.7
000498.SZ,20240115,4.843,-1.1433,1.6295415314221406,-0.8482205538624332,down,14.5,False,5.1,0.2,77.8,0.0,0.82,1.0,-4.7,1.89
300699.SZ,20240115,24.415,-15.5158,-2.676100064795217,-16.315044041911285,up,62.3,False,7.9,-2.3,6.9,-0.9,0.89,-2.5,9.1,4.07
688326.SH,20240115,90.239,-1.9777,-0.4637710068319034,-3.178798406445138,down,-1.4,True,31.0,1.1,26.6,0.2,0.97,-2.0,-27.8,5.44
688819.SH,20240117,25.712,-6.869,0.2711544833830404,-7.4294461634674125,down,55.6,False,2.4,-5.1,3.1,-0.2,0.79,-0.2,-2.1,2.95
002555.SZ,20240119,15.707,-8.5328,6.430254026866988,-8.72222575921564,down,18.6,False,12.9,-5.7,77.6,1.9,1.59,7.7,-19.7,4.58
600487.SH,20240122,10.334,-4.3172,0.04238592090670679,-4.505874998306492,down,19.2,False,3.4,-1.5,23.2,-0.1,1.01,-3.7,-9.3,2.47
000661.SZ,20240124,113.394,-2.0054,3.8674048740489075,-2.7731809579040645,down,1.9,False,4.7,0.5,99.5,0.7,1.26,0.3,-13.8,3.93
300126.SZ,20240130,6.019,-8.2385,-2.3125996810207328,-11.948431685273786,down,16.3,False,26.4,-5.1,8.3,0.5,0.81,-0.9,-20.2,5.5
002166.SZ,20240131,6.465,-4.6405,-0.3820749609417362,-5.486720188098449,down,3.8,False,11.2,-0.9,5.7,-0.8,1.09,-7.7,-19.2,4.79
300888.SZ,20240131,31.956,-10.8532,-4.8729495769366915,-10.474364763531096,down,4.8,False,8.6,-0.8,13.0,-5.9,3.01,-11.6,-18.0,5.3
601600.SH,20240131,5.623,-0.5276,1.7214397496087663,-4.680608905961003,up,68.9,False,-0.2,-12.9,40.0,-0.5,1.54,8.0,1.1,3.59
688508.SH,20240131,34.651,-4.3168,-1.183198517560391,-7.157053810006586,down,-2.3,True,12.8,2.0,7.7,-2.5,1.13,-9.3,-28.0,5.43
002004.SZ,20240104,4.73,-5.1924,0.0,-8.456659619450324,down,59.4,False,2.7,-4.0,50.0,0.2,0.78,2.4,-2.3,1.58
000534.SZ,20240105,12.435,-8.128,-0.7590433432325017,-8.720192933233283,down,56.9,False,4.7,-6.2,34.1,-0.2,0.81,-1.6,-2.0,3.02
688420.SH,20240105,25.397,-8.8198,1.3644671553769694,-9.975249493453276,down,63.9,False,2.8,-7.0,10.8,0.4,0.72,1.1,-1.6,2.75
688093.SH,20240109,15.48,-4.5996,1.2919896640826822,-5.361757105943155,down,21.6,False,8.7,-2.4,12.5,0.0,0.98,-7.1,-6.3,3.59
002555.SZ,20240117,15.213,-5.8955,9.883897871143255,-5.760277335731234,down,6.5,False,16.5,-2.7,0.0,-0.7,0.53,-2.0,-28.6,5.64
603727.SH,20240131,10.965,-10.6743,-3.549762704692272,-13.034279231462332,down,36.9,False,13.9,-8.1,13.1,0.5,0.84,1.4,-12.9,4.73
002640.SZ,20240102,3.703,-2.3567,2.630583914006368,-2.771025765678181,down,19.1,False,22.1,11.0,0.0,-1.1,0.74,-15.7,-11.8,6.95
600623.SH,20240110,5.9,-0.8113,3.382821503626854,-1.362619483424854,down,5.4,False,5.9,0.7,46.2,0.0,0.89,-3.7,-3.7,2.23
600803.SH,20240110,14.085,2.4344,4.898828541001055,-0.3549875754348619,up,88.2,False,-6.5,-10.6,65.4,-0.3,0.9,2.8,8.7,2.7
688349.SH,20240206,18.172,0.5238,16.21994624827485,-0.046443955792396796,down,63.4,False,3.1,-6.6,76.2,-1.3,1.89,6.5,-1.7,5.11
002093.SZ,20240219,6.49,12.5788,15.716486902927574,-0.46224961479198745,down,62.9,False,9.6,-23.3,77.1,4.5,2.01,14.1,-8.2,6.15
300685.SZ,20240219,18.598,5.3305,6.97843977946182,0.042262290745198605,down,81.7,False,-0.7,-26.3,89.6,-3.4,2.07,23.0,-2.6,7.0
688068.SH,20240219,31.165,2.7463,12.657707956310249,-0.11294649159960812,down,47.6,False,10.5,-24.7,72.4,2.5,3.4,19.8,-14.7,7.27
688237.SH,20240223,21.536,4.4082,15.357862898545061,-2.5652312404174094,down,40.5,False,40.8,-32.0,100.0,-0.5,1.26,23.9,-26.0,10.14
301353.SZ,20240227,14.879,-2.5242,4.108487899824653,-13.870221275903628,down,72.4,False,10.8,-34.0,100.0,-2.6,1.92,21.2,-3.0,7.61
301225.SZ,20240228,20.454,-0.4749,4.6230173571541355,-12.03355367723018,up,85.9,False,-1.9,-36.9,1.4,-1.5,2.02,10.5,-4.5,8.37
300835.SZ,20240201,21.894,-3.4389,3.704921701756425,-7.302735699751284,down,10.1,False,15.9,-0.2,55.4,-1.8,1.13,-5.4,-19.7,6.09
002266.SZ,20240207,3.21,7.4661,14.953271028037385,5.919003115264787,down,60.3,False,3.7,-5.6,96.8,-0.3,3.56,13.3,2.9,4.57
300054.SZ,20240207,18.52,9.4239,16.09071274298057,3.455723542116629,down,58.7,False,4.2,-4.3,75.2,2.0,1.74,13.3,-4.9,5.64
300171.SZ,20240207,13.907,10.3431,15.891277773782985,3.739124182066589,down,49.2,False,9.7,1.9,74.3,0.9,2.22,10.5,-9.5,5.88
300285.SZ,20240207,18.453,1.6283,19.129680810708294,-0.4877255730775465,down,59.4,False,6.8,-4.9,70.2,0.3,2.84,14.6,0.0,5.41
002008.SZ,20240208,18.09,0.174,2.985074626865658,-1.8242122719734577,down,74.7,False,2.8,-20.1,47.8,1.3,4.76,12.1,-3.4,4.88
300910.SZ,20240208,30.637,-1.6818,4.567944030233173,-3.7293375818548746,down,90.1,False,-4.5,-18.4,2.2,2.0,1.83,16.6,1.0,6.09
600109.SH,20240208,8.561,0.1131,4.555542576801774,-2.9202196005139625,up,99.2,False,-0.9,-15.4,9.1,0.1,2.46,7.9,3.2,4.39
688596.SH,20240208,31.448,13.8809,17.74357669804121,3.2116509793945536,down,59.1,False,14.5,-21.0,48.1,-0.7,1.83,9.0,-4.7,7.38
688646.SH,20240219,28.112,5.7879,15.025448170961608,-3.685396008258379,down,50.9,False,11.0,-26.2,76.5,-3.3,1.87,16.3,-19.1,8.09
300143.SZ,20240220,6.265,0.2419,10.970641944093252,-1.1927109272242054,down,48.2,False,12.6,-20.3,83.1,-0.5,1.05,24.1,-15.1,7.29
001228.SZ,20240221,22.196,9.0165,18.49088566305337,0.559565323169231,down,32.2,False,27.0,-17.2,58.4,-1.7,2.36,13.2,-24.1,7.46
002885.SZ,20240221,12.176,10.2801,16.696684710344357,-0.7967306202935065,down,39.4,False,26.7,-24.7,28.2,-2.0,1.3,19.1,-27.4,8.08
301085.SZ,20240221,41.75,19.1961,35.572743464235444,5.417257081868687,down,51.3,False,20.0,-26.0,41.1,-0.8,1.58,22.7,-17.0,8.34
002093.SZ,20240222,6.67,9.5353,12.593703148425783,5.397301349325345,down,75.4,False,6.6,-25.3,100.0,0.2,1.46,21.1,-2.4,5.81
603626.SH,20240222,5.287,11.3687,17.466802860061282,2.334203457798978,down,36.4,False,27.3,-23.0,90.9,-1.1,0.79,28.9,-23.4,8.26
002312.SZ,20240223,6.93,-1.1487,1.443001443001446,-2.3088023088023157,up,85.4,False,-6.5,-29.6,70.8,-0.1,1.64,4.3,9.2,6.27
003004.SZ,20240223,19.119,20.2876,27.94682533704902,-9.764588720678214,down,42.4,False,34.5,-32.9,100.0,-0.6,1.6,36.6,-23.1,7.91
603111.SH,20240223,4.54,12.6103,30.524609373279233,4.97473646187121,down,80.7,False,5.6,-31.8,70.6,0.0,2.12,30.0,3.5,7.25
301366.SZ,20240226,16.773,11.349,14.19829268961601,-3.688043222926951,down,61.8,False,13.4,-30.6,74.4,-0.2,2.3,21.4,-9.2,8.14
002520.SZ,20240228,5.722,-6.5425,1.184858970326097,-14.368599489706746,down,97.6,False,-4.9,-41.3,0.0,3.5,5.36,22.6,-0.4,7.43
300100.SZ,20240228,8.771,-0.2339,6.9384590829286275,-14.152814830015725,down,97.2,False,0.6,-38.8,6.7,-1.0,2.43,9.1,-5.0,9.03
301072.SZ,20240228,21.216,13.2575,19.675523315280685,-15.392845864147775,down,88.5,False,5.9,-45.1,5.8,-2.3,2.14,4.2,-9.7,11.91
002098.SZ,20240229,4.999,9.9904,14.211421142114222,0.010001000100023916,down,41.8,False,15.0,-21.0,96.9,0.0,0.94,0.4,-14.4,7.85
300597.SZ,20240229,6.782,11.2254,14.74491300501326,4.276024771453857,down,49.4,False,24.2,-23.6,85.1,-0.9,1.11,2.7,-8.1,8.04
301248.SZ,20240229,12.089,18.5393,27.067083909275368,4.567085977289875,down,55.2,False,26.2,-32.2,88.0,-2.0,1.53,6.2,-11.1,10.36
688244.SH,20240229,20.119,5.8818,19.062885522879647,1.1045401361315266,down,70.3,False,3.5,-39.7,90.5,-0.8,1.24,14.3,15.1,9.82
002180.SZ,20240202,18.8,-4.6244,-3.670725155717247,-11.436641294461191,down,45.7,False,12.7,-1.7,29.8,-0.8,1.3,-8.6,-11.6,5.28
300702.SZ,20240202,16.177,-4.5123,-0.5971588590927723,-13.084331688982854,down,6.8,False,12.4,1.4,35.6,0.6,1.29,-11.5,-22.6,5.28
603990.SH,20240202,11.177,-19.5712,-1.6739583612922826,-19.20981292106182,down,47.6,False,-1.0,-11.4,13.5,0.0,5.15,3.0,-7.5,5.55
688069.SH,20240202,11.798,-12.4038,-2.965206313364399,-14.340179507587415,down,31.8,False,11.3,-7.6,33.0,0.0,1.78,-10.1,-15.4,7.73
688606.SH,20240202,58.004,-9.5947,-3.455100587717075,-9.213314231235382,down,20.0,False,12.1,-5.2,28.1,-1.7,1.25,-6.8,-18.4,5.9
000036.SZ,20240205,3.138,-11.794,-6.955995284071004,-16.196666985310525,down,21.4,False,15.4,0.7,0.0,-1.9,1.99,-17.6,-21.1,5.71
300128.SZ,20240205,3.673,-13.5212,2.9159519725557415,-19.137466307277617,down,34.9,False,7.0,-5.0,23.8,-2.4,2.66,-10.7,-20.7,7.98
000869.SZ,20240207,21.27,9.3268,10.29619181946404,4.043253408556646,down,42.1,False,8.8,0.0,89.2,0.5,2.07,2.0,-4.3,4.1
002008.SZ,20240207,17.49,8.8099,15.437392795883387,1.543739279588352,down,62.4,False,6.3,-1.5,100.0,7.7,2.32,8.2,-5.2,4.65
002532.SZ,20240207,4.3,10.4622,15.581395348837201,7.6744186046511675,down,55.5,False,5.3,-7.2,95.2,0.0,2.45,12.8,-1.3,5.71
002635.SZ,20240207,11.504,11.1055,13.875415080234376,0.8362454145586895,down,41.0,False,41.7,-1.9,46.4,-1.0,1.57,13.4,-12.9,6.37
300128.SZ,20240207,3.584,20.3522,29.471510686980285,8.54400357162788,down,40.1,False,9.7,-2.6,89.3,-0.6,3.4,29.2,1.7,8.1
300997.SZ,20240207,10.502,21.5435,26.053140759023098,1.4862044273808994,down,28.6,False,25.4,2.6,12.6,-0.8,2.62,-4.4,-23.8,10.25
301071.SZ,20240207,24.897,9.6276,15.510119486578855,3.1790788431475647,down,39.0,False,9.5,0.3,63.5,0.0,1.49,3.6,-11.0,5.27
600497.SH,20240207,4.341,6.4053,8.75374337710204,5.298318359824905,down,56.3,False,3.9,-7.6,100.0,0.0,2.35,7.2,0.0,4.24
600884.SH,20240207,10.712,4.7077,10.999085121081432,1.8502959353236648,down,48.0,False,19.2,-0.4,82.5,-1.2,1.97,13.9,-9.6,6.05
601969.SH,20240207,4.993,21.2073,25.63589024634487,4.606449028640092,down,27.5,False,25.8,3.2,78.4,-0.4,1.85,0.9,-11.1,7.01
688739.SH,20240207,26.509,3.5306,10.336112263759478,0.1508921498359017,down,52.1,False,8.1,-1.8,91.0,0.4,2.4,5.1,-7.5,4.95
300054.SZ,20240208,19.54,8.1808,10.030706243602872,-1.9447287615148356,down,76.6,False,-1.2,-22.4,44.4,0.8,1.69,17.6,-2.2,5.68
300285.SZ,20240208,19.595,-2.7736,2.7962645706292477,-4.909755361935431,down,82.0,False,0.6,-21.1,7.5,-0.4,2.23,14.5,-2.5,5.86
300463.SZ,20240208,11.843,6.9316,9.457063244110442,0.5910664527569054,down,47.2,False,9.7,-18.6,68.5,0.9,1.88,7.3,-13.1,5.55
300997.SZ,20240208,11.008,15.9465,20.257994186046524,0.7267441860465018,down,41.9,False,19.6,-2.1,75.7,12.8,2.87,6.1,-11.2,8.83
600120.SH,20240208,3.365,2.8623,4.576212254941292,0.4157491359609633,down,80.6,False,4.0,-9.7,52.6,-1.2,1.84,7.5,3.3,5.16
002635.SZ,20240219,12.038,10.3078,14.051701222753854,-2.229532163742687,down,55.8,False,35.4,-18.2,47.4,0.2,1.25,17.0,-10.5,6.29
300171.SZ,20240219,14.926,-0.5752,2.2160317776156457,-3.1436605224493985,down,69.1,False,2.2,-24.4,30.2,2.1,1.68,16.0,-9.6,6.49
300997.SZ,20240219,11.383,11.7517,16.296026889173532,2.591403687246463,down,51.7,False,15.7,-17.4,85.6,-2.9,1.91,-5.8,-8.5,9.51
600210.SH,20240219,3.75,0.0792,3.4666666666666623,-1.0666666666666713,down,85.4,False,3.7,-21.9,54.5,0.3,1.34,17.0,0.5,5.9
603039.SH,20240219,31.869,2.6034,9.805767360130524,-7.555932097022189,down,78.9,False,-0.0,-25.7,15.6,8.2,1.84,15.1,-9.5,6.72
688088.SH,20240219,27.934,-2.9683,3.687262833822569,-4.474833536192458,down,56.1,False,44.4,-28.2,95.5,11.1,3.2,24.9,-10.3,7.38
688298.SH,20240219,32.848,-3.466,4.419724672889225,-5.443829494462404,down,70.2,False,1.5,-23.9,14.6,-0.0,1.19,14.2,-7.2,7.19
600075.SH,20240220,3.792,2.7139,8.13091753039532,1.5375689004931914,down,61.5,False,9.7,-17.2,65.0,0.8,1.22,20.7,-6.2,5.41
301150.SZ,20240221,11.489,3.7442,5.840829666766756,-12.045922386292919,down,82.1,False,-3.9,-35.8,8.3,-3.8,1.97,34.1,-9.9,7.79
603096.SH,20240221,13.638,9.17,15.821396309201186,-2.9493541688663583,down,54.5,False,17.6,-27.5,59.7,-3.8,1.46,21.3,-18.6,8.8
688232.SH,20240221,24.159,2.4755,12.393036623663999,-0.6869912086483909,down,60.2,False,10.2,-27.1,23.7,-1.2,1.0,17.4,-14.3,7.96
300903.SZ,20240222,5.93,31.2737,60.87689713322091,18.381112984822924,down,30.4,False,40.5,-23.9,100.0,-0.2,1.16,54.0,-19.7,8.24
301225.SZ,20240222,17.634,15.6263,22.98400816604287,-0.5273902687989107,down,48.9,False,13.8,-26.8,67.2,6.7,2.25,29.8,-16.7,7.15
301270.SZ,20240222,28.756,6.0919,15.928965340243995,0.17547922939371574,down,62.8,False,11.1,-32.1,96.4,0.2,1.11,46.5,-8.5,9.58
600645.SH,20240222,16.078,0.9807,7.229934816141714,0.13932427725533714,down,53.6,False,9.8,-19.9,47.5,-0.2,0.73,6.6,-11.4,5.76
603596.SH,20240222,26.814,0.7211,12.742712336583484,-2.734190716468732,down,64.6,False,9.7,-17.7,39.8,-0.9,0.87,-3.0,2.1,7.24
688593.SH,20240222,9.696,5.9818,16.398514851485157,-1.753300330033003,down,39.3,False,28.4,-21.0,100.0,0.9,0.97,20.8,-20.9,8.82
001299.SZ,20240223,11.0,9.9431,21.636363636363654,-4.545454545454541,down,38.5,False,32.8,-24.4,97.9,-0.3,1.22,17.7,-22.6,7.29
002796.SZ,20240223,7.99,24.4566,27.40926157697121,-0.8760951188986232,down,49.9,False,28.7,-32.4,96.3,-0.1,1.62,31.0,-17.9,7.74
300135.SZ,20240223,2.317,5.7779,16.98178364845033,-1.1482344815678003,down,56.5,False,24.3,-32.7,92.3,0.9,1.39,32.8,-15.3,9.08
300915.SZ,20240223,18.243,-1.0384,6.656185779211787,-5.655567998868594,down,53.9,False,14.8,-22.9,92.3,-0.9,1.67,14.4,-12.4,7.32
301322.SZ,20240223,23.164,1.6251,5.6077485686854,-5.007852695689263,down,70.4,False,8.1,-27.1,79.7,0.5,2.44,5.1,-7.6,7.6
603119.SH,20240223,12.631,10.9629,15.232364816720768,3.744754967936026,down,67.6,False,7.5,-15.8,79.0,0.0,2.67,8.9,1.0,5.58
688195.SH,20240223,16.941,9.4854,14.96369753851603,-4.810814001534725,down,56.6,False,0.2,-33.0,68.3,1.2,1.31,22.3,-16.4,9.32
300597.SZ,20240226,7.249,2.8111,7.493950706187791,-6.439428427956151,down,61.3,False,16.2,-28.5,38.2,-0.4,1.29,13.1,-11.9,7.5
300786.SZ,20240226,12.038,7.3233,31.163609782030832,-6.964380648591173,down,50.8,False,44.6,-37.5,58.9,0.6,1.75,25.4,-21.1,10.64
300801.SZ,20240226,13.115,2.431,14.182234083110945,-5.947388486465877,down,60.7,False,9.5,-24.7,36.7,0.2,0.99,7.8,-11.0,6.62
300828.SZ,20240226,10.714,11.337,14.467052454732121,-8.306888183684901,down,60.8,False,19.7,-37.9,68.0,1.3,1.34,25.5,-14.4,9.46
301116.SZ,20240226,9.521,3.793,8.717571683646685,-4.936456254595112,down,53.4,False,21.5,-25.4,55.6,-0.1,1.14,11.6,-14.9,7.38
301225.SZ,20240226,18.272,2.5283,18.68979859894924,-0.19154991243433006,down,64.4,False,9.8,-29.3,39.7,-0.4,1.69,17.2,-9.9,7.42
603028.SH,20240226,8.366,5.5648,7.76954338991156,-4.781257470714795,down,67.4,False,13.0,-42.1,83.3,1.7,1.81,34.2,-11.2,7.66
603629.SH,20240226,15.961,10.9389,19.585239020111512,-4.0348349100933545,down,65.6,False,18.1,-34.6,25.2,0.0,2.35,20.8,-8.7,7.4
002796.SZ,20240227,8.81,6.9634,15.550510783200888,-10.102156640181615,down,69.9,False,16.7,-38.7,98.6,2.0,1.74,29.2,-2.9,7.33
301085.SZ,20240227,48.532,-3.4325,11.456863935342998,-5.727752000853858,down,91.4,False,3.2,-36.3,71.4,-1.8,2.11,25.2,13.5,7.53
301125.SZ,20240227,7.034,17.01,27.52436397756597,-14.912673533363186,down,66.0,False,22.2,-43.2,93.0,-0.8,2.37,30.2,-9.8,10.68
301158.SZ,20240227,9.19,3.2037,5.9610431580699785,-7.890713664709148,down,61.6,False,19.4,-31.0,96.3,0.0,1.06,18.0,-2.9,7.59
688455.SH,20240227,10.019,-2.5793,2.1080368906456037,-10.268694853675076,down,65.6,False,14.3,-27.2,85.3,-0.2,1.33,16.2,-6.2,6.34
301282.SZ,20240228,13.226,-5.7677,0.7984031936127733,-16.48521139539104,down,91.5,False,3.8,-41.4,0.8,-1.5,2.73,10.6,-10.8,9.63
600580.SH,20240228,8.697,-0.3441,2.3553692876401966,-3.4856246011624514,up,96.1,False,0.1,-6.8,3.5,0.4,1.59,2.2,6.5,5.16
688618.SH,20240228,30.275,-7.346,-1.9229937120130325,-11.951006748429982,down,93.0,False,2.6,-34.5,0.0,0.2,1.9,-1.0,-5.6,9.54
002436.SZ,20240229,12.177,8.9926,17.35238564506856,6.676521310667649,down,75.6,False,0.3,-32.1,86.1,-2.0,0.94,8.6,12.6,6.6
300095.SZ,20240229,6.137,8.5767,13.231035960508454,0.6842094114234865,down,58.4,False,17.1,-24.1,97.3,-1.5,0.99,6.6,-4.4,6.77
300405.SZ,20240229,5.277,0.7974,21.287926165974945,-6.001857221369411,down,38.7,False,58.2,-36.7,99.0,0.6,1.48,25.8,-19.5,10.65
300981.SZ,20240229,8.885,7.3386,13.086294701893596,0.08722320700038644,down,47.9,False,5.1,-26.5,83.3,-1.6,0.81,1.3,-13.7,8.86
300985.SZ,20240229,19.152,12.0101,24.60088086865031,5.490156149241177,down,50.1,False,26.7,-26.8,95.7,-2.1,2.63,15.8,0.0,8.74
301300.SZ,20240229,18.084,22.0613,34.22915284229153,2.7095775270957967,down,40.6,False,45.8,-31.2,100.0,-0.5,1.56,5.4,-19.2,10.58
688143.SH,20240229,23.968,1.589,10.272489454645584,-1.9521943933344166,down,84.6,False,6.6,-39.8,100.0,-2.0,0.8,15.7,5.3,9.71
688320.SH,20240229,29.69,15.3648,20.781001074432236,2.761526569462558,down,61.3,False,49.5,-29.2,99.2,-0.7,1.19,8.6,6.2,8.45
688383.SH,20240229,66.283,9.5067,16.006298402904974,-1.5093808456316582,down,44.0,False,61.6,-19.1,94.3,-1.5,1.19,4.4,-9.9,9.05
688432.SH,20240229,9.475,8.6059,10.659630606860148,3.693931398416872,down,70.7,False,9.4,-22.7,98.1,0.1,1.15,6.8,0.3,5.99
688543.SH,20240229,24.141,8.3346,14.04664264114992,1.8764757052317727,down,82.9,False,5.3,-25.8,82.9,-0.2,1.1,9.6,2.1,5.49
002373.SZ,20240201,8.611,-2.5872,1.5907523150567426,-8.744840913155471,down,0.5,False,13.2,-0.2,24.4,0.0,1.28,-10.3,-21.1,4.28
300702.SZ,20240201,16.226,-1.551,2.735715914483472,-7.309827993171492,down,-2.2,True,12.0,1.1,45.5,-2.0,1.75,-7.6,-21.4,4.8
600572.SH,20240201,3.938,-6.5235,3.5493192355937397,-9.146771891869943,down,16.7,False,6.9,-4.1,51.9,-0.8,1.5,-2.2,-13.7,4.17
300997.SZ,20240202,11.298,-7.4224,7.966011683483809,-11.8605062842981,down,39.9,False,4.8,-4.6,75.1,4.2,10.47,10.1,-0.5,4.9
600989.SH,20240202,11.86,-1.4112,1.0944166202930816,-3.4586263300787623,down,7.1,False,8.5,1.3,54.3,0.5,1.41,-5.5,-10.1,3.16
688383.SH,20240202,67.897,-10.6011,-6.9283741870243,-21.052674213078394,down,11.6,False,57.8,-6.3,42.5,-0.4,1.36,-18.7,-34.4,8.47
000878.SZ,20240207,10.33,6.3051,7.647628267182949,3.19457889641821,down,60.8,False,4.5,-8.5,98.0,-0.5,2.14,7.0,0.1,4.32
002506.SZ,20240207,2.34,13.4187,17.521367521367527,5.55555555555558,down,32.9,False,10.3,2.1,95.7,0.9,2.69,4.5,-9.0,4.71
688333.SH,20240207,50.546,16.243,21.366675899180933,3.2228069481264443,down,19.5,False,17.2,2.3,41.5,0.0,1.7,6.0,-29.7,7.62
002274.SZ,20240208,7.01,10.6907,16.405135520684745,0.8559201141226991,down,55.4,False,9.4,-3.4,58.8,1.3,1.93,3.0,-6.1,5.47
002402.SZ,20240208,10.942,10.7276,13.52586364467192,-4.112593675744824,down,56.0,False,28.8,-23.3,21.1,6.2,3.51,8.0,-17.1,6.47
002683.SZ,20240208,15.834,0.4322,3.7261588985726846,-2.3998989516230806,down,74.6,False,2.8,-25.3,41.9,3.3,1.76,14.4,-4.6,6.71
002895.SZ,20240208,12.141,10.8289,13.343217197924373,-0.41182769129396446,down,50.3,False,9.6,-24.6,24.3,0.4,2.28,14.4,-16.8,8.06
002925.SZ,20240208,14.228,9.5865,11.341637921097991,-2.2228969348368155,down,55.4,False,32.6,-20.3,38.7,-1.7,1.84,13.9,-11.0,5.82
300138.SZ,20240208,11.108,4.4358,11.003078917517417,2.9906912259853202,down,37.4,False,5.0,-9.3,98.1,0.4,2.14,14.9,-6.3,5.02
300233.SZ,20240208,12.47,17.7355,21.411387329591026,2.4057738572573983,down,48.3,False,11.0,-19.9,79.5,0.4,2.24,14.9,-9.3,6.03
600536.SH,20240208,27.07,22.2589,30.402659770964146,2.2903583302549047,down,54.5,False,10.1,-14.7,55.7,1.2,1.22,5.0,-6.9,5.97
000818.SZ,20240219,28.2,0.715,7.978723404255317,-7.765957446808502,down,89.5,False,-1.8,-31.6,51.9,8.5,3.03,23.1,-5.8,7.05
300128.SZ,20240219,4.109,0.7783,12.936594864305695,-2.884264330047459,down,74.4,False,-4.4,-27.7,57.1,-0.2,1.06,12.4,-1.2,9.61
300664.SZ,20240219,4.326,-2.852,-2.457064928460806,-4.537364491597895,down,45.7,False,12.6,-16.8,85.7,-5.3,2.78,1.9,-16.0,5.85
603416.SH,20240219,23.875,-1.0686,4.732984293193709,-2.4712041884816793,down,42.9,False,12.1,-25.4,68.5,4.4,1.37,8.9,-21.9,7.43
605183.SH,20240219,11.307,6.4054,12.381710444857163,2.211019722295915,down,52.5,False,10.3,-22.5,92.9,1.1,1.68,16.0,-10.6,6.41
300035.SZ,20240220,7.7,7.5293,13.347410853196395,-1.846960216721083,down,51.4,False,6.9,-23.1,65.2,-0.9,0.71,19.0,-16.4,6.63
300395.SZ,20240220,27.701,7.8138,12.345354116555995,-1.0475723245102486,down,66.8,False,36.1,-22.8,75.0,-0.7,0.73,24.2,-7.4,6.15
301370.SZ,20240220,12.459,6.2487,14.206597640260043,-2.0868448511116466,down,44.3,False,21.4,-17.0,37.0,1.3,1.06,14.8,-13.8,8.53
603067.SH,20240220,5.64,2.7161,11.666072698194863,-0.7806696063673457,down,51.4,False,10.4,-20.8,80.9,-1.0,0.58,18.2,-14.8,6.56
688166.SH,20240220,25.683,15.569,31.108323229208267,1.1269117043536836,down,57.9,False,35.1,-24.4,65.1,1.4,2.72,39.5,-5.4,6.83
002402.SZ,20240221,11.248,4.3347,11.589402207251176,0.7433959379039567,down,64.8,False,25.3,-25.4,20.0,-1.8,1.18,19.1,-12.3,6.43
002457.SZ,20240221,7.361,0.3094,12.42213663195506,-1.9787654622893336,down,78.4,False,2.4,-27.3,37.7,-2.4,2.96,25.0,-5.5,6.12
002820.SZ,20240221,7.37,8.869,18.243151558573388,2.6384207469645427,down,22.3,False,37.6,-14.7,57.8,-1.1,1.08,12.5,-30.2,8.56
300054.SZ,20240221,19.325,3.8618,11.256002649445286,-0.024838549428707335,down,66.5,False,10.8,-21.6,38.7,-1.1,0.81,7.9,-3.1,6.37
300656.SZ,20240221,19.364,1.7421,10.512073702257752,-2.0367271901014283,down,52.6,False,9.7,-18.7,46.3,-1.1,0.75,8.6,-11.6,7.44
301063.SZ,20240221,13.542,20.6775,24.294786589868565,1.624575395067196,down,29.2,False,41.1,-24.2,48.4,-0.6,1.45,22.3,-33.3,10.06
301206.SZ,20240221,21.633,-2.8978,8.31359540859815,-3.5199145028908863,down,44.7,False,12.5,-16.0,55.7,-0.6,0.89,11.3,-14.2,5.74
301317.SZ,20240221,12.578,24.6896,32.25525622219838,1.328117857043476,down,40.6,False,28.2,-27.5,58.0,-1.5,1.18,25.6,-26.0,9.99
301335.SZ,20240221,15.135,10.3673,21.294049865478428,2.06724492438779,down,30.7,False,28.3,-16.7,53.8,-0.3,1.19,14.7,-24.0,7.41
600212.SH,20240221,5.653,13.5845,21.884342549841662,-0.9358028622477033,down,42.9,False,15.9,-23.2,39.4,-0.7,0.84,18.4,-21.2,9.01
603111.SH,20240221,4.015,27.3513,32.388978542824695,10.224533301456384,down,50.8,False,19.5,-22.9,100.0,-1.2,0.63,34.8,-6.0,6.98
603166.SH,20240221,4.495,9.046,21.924086681795927,4.124949939927913,down,27.2,False,32.4,-17.2,64.4,-1.1,1.08,17.8,-24.2,7.61
603324.SH,20240221,18.795,4.288,16.76948574499273,0.12157391667533268,down,33.9,False,40.2,-20.6,51.1,-1.6,0.61,14.6,-15.4,9.29
688237.SH,20240221,20.378,7.8564,21.914834312813312,2.9729867662242393,down,30.3,False,48.8,-28.1,89.4,-2.0,1.89,17.8,-34.2,11.03
688255.SH,20240221,15.499,21.0842,32.882220260861025,4.04246863112474,down,38.2,False,24.7,-25.1,54.7,-0.4,0.81,21.9,-24.4,9.34
688291.SH,20240221,17.451,16.0495,24.56212433519973,2.500010028233768,down,31.5,False,32.1,-21.9,52.6,-1.6,1.01,15.6,-28.7,8.75
688435.SH,20240221,32.175,23.8779,27.925407925407917,2.595182595182588,down,44.5,False,26.8,-24.2,64.3,-0.8,1.19,19.6,-19.9,9.52
688478.SH,20240221,32.04,3.91,17.988686768812844,-0.6752733115358178,down,40.8,False,63.1,-25.6,35.3,-2.5,0.94,18.8,-25.9,9.44
688498.SH,20240221,87.721,20.8127,27.160074568292902,-1.8626455510674544,down,69.0,False,19.8,-37.7,44.0,-4.1,1.2,36.6,-11.8,10.83
001205.SZ,20240222,13.61,6.9331,13.152094048493757,1.3960323291697385,down,54.6,False,19.9,-24.0,96.3,-0.4,1.03,26.1,-11.2,7.42
003019.SZ,20240222,16.53,5.7335,14.16192227116344,0.6652740497143705,down,69.3,False,3.3,-24.2,90.5,-1.7,0.81,20.7,-3.8,7.23
300162.SZ,20240222,4.88,11.4617,20.491803278688515,3.4836065573770503,down,34.0,False,35.7,-26.2,95.7,0.6,1.04,36.6,-28.5,9.65
300642.SZ,20240222,12.479,1.7279,12.0687237307626,-1.7144871964388075,down,41.9,False,22.6,-23.5,72.7,-0.9,0.73,24.9,-20.3,8.03
300643.SZ,20240222,8.262,9.3845,18.27644638102155,4.357298474945526,down,43.3,False,23.6,-24.4,84.2,-0.7,0.93,32.4,-17.9,8.75
300978.SZ,20240222,8.732,10.3234,18.87583316154746,3.4151034151034043,down,39.7,False,25.1,-24.1,100.0,-0.2,1.2,25.5,-21.0,8.36
301065.SZ,20240222,14.526,6.8142,19.68883381522786,0.8261049153242439,down,31.6,False,34.7,-22.7,100.0,0.0,0.8,29.2,-27.3,9.51
301280.SZ,20240222,14.538,25.5601,32.98115647451703,2.516482496053496,down,54.1,False,11.9,-25.5,99.3,-0.9,0.85,26.7,-10.4,7.86
600080.SH,20240222,6.338,18.8741,22.310262891331313,0.06342714871299115,down,61.0,False,12.7,-29.0,72.4,-1.7,1.26,34.9,-12.2,7.65
600986.SH,20240222,4.66,9.2804,10.944206008583679,0.8583690987124415,down,78.5,False,7.3,-26.6,59.1,0.9,1.3,20.1,-0.8,6.65
603008.SH,20240222,13.751,11.5673,14.09996291205793,-0.6624924551490441,down,49.6,False,5.4,-18.4,73.7,-0.6,0.87,6.2,-12.1,7.0
603629.SH,20240222,14.33,17.6311,23.210048848569432,0.9979064898813617,down,46.2,False,31.5,-27.1,65.6,2.7,1.22,31.1,-17.0,8.09
605060.SH,20240222,15.3,-0.1365,11.5326673398495,-0.8852680803505764,down,78.6,False,0.9,-27.2,100.0,-1.3,0.75,27.9,-2.2,7.2
688173.SH,20240222,11.009,36.2719,59.8721023181455,0.19257321415595552,down,44.1,False,41.7,-28.7,82.1,-0.3,0.71,19.5,-21.4,9.27
688432.SH,20240222,9.165,8.6383,12.329514457174051,0.4364429896345001,down,48.7,False,13.1,-20.1,83.3,0.1,0.77,10.6,-13.2,6.42
688486.SH,20240222,29.413,10.2446,20.552546671698458,-1.5907985951742254,down,52.6,False,-4.2,-26.4,72.0,-0.4,1.17,15.2,-14.2,9.13
688628.SH,20240222,30.715,3.7926,10.191357572501802,-3.1247202077177905,down,79.9,False,-2.0,-25.8,48.3,-1.9,0.74,18.1,-1.2,8.95
688699.SH,20240222,26.898,10.1437,18.037199376912284,1.4934029288096173,down,42.8,False,22.3,-25.0,89.0,-2.2,1.03,29.5,-19.3,8.72
002910.SZ,20240223,7.583,1.2663,12.878128543924895,-3.7371100034285454,down,39.0,False,33.6,-26.0,70.0,0.0,0.88,21.5,-25.2,7.74
300074.SZ,20240223,3.46,16.8201,26.878612716762994,-3.4682080924855474,down,53.8,False,25.1,-30.3,85.2,0.0,1.32,29.6,-14.6,8.75
300378.SZ,20240223,17.552,9.2436,11.736554238833175,-2.6207839562443103,down,71.3,False,11.7,-29.1,94.9,2.6,1.37,17.9,-1.5,7.62
300897.SZ,20240223,7.935,10.8715,16.196273401513572,-2.2287755912210216,down,47.1,False,26.1,-29.1,92.8,0.1,1.03,16.9,-18.0,8.56
301068.SZ,20240223,14.209,3.7606,14.444803360012726,-4.176580829545362,down,67.9,False,13.9,-37.5,83.3,-0.7,1.3,25.6,-2.4,9.18
301085.SZ,20240223,46.542,1.8903,17.919298697950236,-0.9024107257960545,down,77.0,False,7.6,-33.6,66.2,2.2,1.97,26.5,-6.1,7.91
600199.SH,20240223,14.7,7.7539,16.598639455782326,-1.7006802721088454,down,57.4,False,13.3,-19.9,79.0,-0.3,1.98,18.4,-3.1,5.8
600543.SH,20240223,5.108,8.0321,10.210633466447415,-2.513507164669959,down,60.1,False,16.1,-24.2,75.6,-0.4,2.5,24.9,-9.4,4.78
603356.SH,20240223,11.55,14.9893,23.636363636363633,-6.493506493506496,down,53.5,False,18.3,-29.0,90.5,0.4,0.44,18.5,-18.4,7.64
688356.SH,20240223,77.139,2.7948,11.782887008123776,-4.758719410019507,down,48.7,False,31.4,-22.6,94.3,-1.0,0.67,0.8,-15.8,7.97
688519.SH,20240223,16.723,11.8278,14.703750744480072,1.368886592661167,down,50.2,False,43.3,-34.7,71.8,2.4,0.96,30.2,-21.2,8.95
688528.SH,20240223,7.05,9.0848,17.163120567375877,-4.964539007092195,down,37.9,False,44.4,-31.8,100.0,-0.3,0.93,28.4,-27.3,10.28
300232.SZ,20240226,6.554,-0.7622,6.350514205499103,-5.703561292685166,down,80.6,False,-3.6,-28.9,75.0,0.3,1.87,14.1,3.7,6.6
300331.SZ,20240226,17.721,5.2826,11.167541335139086,-7.84944416229334,down,68.4,False,11.9,-34.4,56.5,-0.6,1.23,17.9,-8.4,7.81
300448.SZ,20240226,4.007,9.8248,14.987283260077945,-7.975230436312719,down,62.2,False,20.2,-34.9,58.6,1.0,1.28,23.2,-15.9,8.98
300629.SZ,20240226,16.891,12.1887,13.916092113255395,-3.193226367531854,down,73.7,False,22.2,-25.7,36.5,-0.2,0.9,8.2,-4.5,6.74
300688.SZ,20240226,24.834,1.4699,9.707801555519314,-4.587030359404287,down,81.5,False,6.2,-33.9,42.4,-2.0,2.08,14.3,-2.5,7.77
300845.SZ,20240226,6.79,4.3561,13.468847978251697,-10.874306558808676,down,61.1,False,26.0,-42.8,58.0,2.2,1.51,29.9,-17.7,10.67
300912.SZ,20240226,12.81,3.4177,10.070257611241207,-9.055425448868071,down,57.0,False,25.3,-35.3,55.3,0.2,1.54,26.7,-15.2,8.97
301033.SZ,20240226,30.308,3.387,8.24864722185561,-11.152171043948789,down,54.7,False,17.4,-31.8,52.8,1.8,1.07,16.5,-18.4,9.17
301059.SZ,20240226,8.193,6.178,10.252654705236175,-7.567435615769547,down,53.7,False,24.3,-34.3,73.9,-0.4,1.17,23.7,-15.8,9.5
301222.SZ,20240226,14.539,5.7781,9.581126624939817,-5.110392736776948,down,52.0,False,20.2,-30.4,50.4,0.5,1.21,17.2,-17.5,8.49
301389.SZ,20240226,12.107,12.9871,23.540100768150673,-5.946972825638053,down,53.8,False,18.5,-32.8,63.0,1.1,1.33,16.2,-17.4,8.62
600232.SH,20240226,4.12,13.1653,14.320388349514568,-13.349514563106801,down,47.9,False,31.3,-30.6,57.7,1.5,0.82,20.6,-21.0,8.38
600525.SH,20240226,4.4,2.8664,12.045454545454536,-1.8181818181818188,down,60.1,False,-1.4,-20.2,60.0,-0.2,0.91,6.9,-8.4,5.8
600699.SH,20240226,15.441,-0.5099,5.543477345747028,-0.9975370813993578,down,80.1,False,1.7,-5.9,38.3,-0.1,1.12,4.3,-1.0,5.62
603017.SH,20240226,7.529,-0.3196,4.596258442412293,-7.756061602215447,down,48.5,False,24.5,-24.6,53.6,-0.5,0.91,13.8,-17.2,7.68
603321.SH,20240226,5.955,4.1251,11.92275398824516,-2.686817800167929,down,47.9,False,28.9,-29.4,80.0,1.0,1.38,24.8,-16.1,7.86
603687.SH,20240226,10.092,7.3328,9.432563817496131,-4.340640067538248,down,72.5,False,15.4,-27.5,25.0,0.0,1.2,10.3,-7.5,7.47
603726.SH,20240226,9.955,14.0364,19.387242591662467,-6.027122049221489,down,52.6,False,24.4,-33.5,53.8,0.0,1.16,24.0,-17.7,7.77
688383.SH,20240226,69.996,3.7165,10.696372948328325,-6.7332019257680065,down,47.5,False,53.0,-23.4,49.0,0.6,1.09,11.5,-11.9,8.64
688478.SH,20240226,35.08,-0.5297,7.766152807638393,-6.031016264125699,down,58.2,False,48.9,-32.1,32.4,0.3,1.1,12.1,-15.7,8.34
300124.SZ,20240227,60.48,7.0258,10.61507936507937,1.025132275132279,down,63.6,False,7.4,-10.7,87.4,-0.5,1.05,-1.6,16.0,4.18
300546.SZ,20240227,11.375,6.7498,11.29572487274837,-5.143691044474341,down,62.4,False,21.4,-35.5,89.2,-0.4,1.62,27.1,-1.7,8.15
300686.SZ,20240227,7.088,17.1515,33.739630946334856,-12.109926076406518,down,59.8,False,25.0,-41.7,100.0,-1.0,1.24,29.3,-12.8,9.51
301123.SZ,20240227,16.253,2.6704,6.152710268873429,-9.106011197932695,down,58.5,False,15.8,-32.9,99.0,1.1,1.09,19.3,-7.4,7.66
301397.SZ,20240227,34.79,1.0718,8.56567979304399,-7.099741304972696,down,77.6,False,4.9,-30.4,84.5,-0.1,1.56,12.9,4.1,6.87
688032.SH,20240227,137.301,3.677,16.068244745563632,-0.10787967352342553,down,60.5,False,13.6,-27.6,92.5,-1.1,0.78,5.3,-7.3,8.36
688133.SH,20240227,23.974,-0.4033,9.915641382440189,-7.1863331030823545,down,64.8,False,11.2,-27.0,97.4,-0.3,0.83,10.5,0.3,7.83
001360.SZ,20240228,13.9,-2.1919,1.5137126248237376,-7.623240956574284,down,70.1,False,12.2,-28.6,2.4,-0.2,1.74,6.4,-11.4,7.19
002671.SZ,20240228,4.217,-1.2848,2.9070043154550307,-11.082657561530795,down,68.2,False,14.5,-31.2,0.0,0.7,1.85,3.8,-12.9,8.15
300405.SZ,20240228,5.405,-3.0843,18.400118400118394,-8.239908239908244,down,41.2,False,54.5,-38.2,4.0,0.7,1.51,15.6,-21.2,12.57
300447.SZ,20240228,11.588,2.8389,7.137155407125495,-9.345483886278405,down,84.7,False,5.8,-32.4,0.0,0.8,1.8,5.5,-7.4,7.6
300538.SZ,20240228,15.078,1.0742,6.249626932489694,-14.177891853532042,down,88.5,False,4.9,-37.9,3.6,-1.5,2.1,7.1,-8.7,9.39
300836.SZ,20240228,14.62,16.0811,31.159919892314235,-13.681779878962985,down,76.8,False,13.1,-43.4,4.1,-0.6,1.67,10.1,-13.8,12.64
603626.SH,20240228,5.98,1.6097,7.365041139875572,-9.525720783998926,down,71.8,False,12.5,-31.9,2.8,0.2,1.48,3.2,-12.3,7.79
605018.SH,20240228,8.362,-1.6595,0.6513154275408661,-10.949418408570665,down,69.6,False,29.2,-30.4,3.0,0.6,2.03,3.7,-13.9,7.33
688317.SH,20240228,17.019,-5.7835,-0.04753485644649613,-10.036318040506275,down,73.5,False,-3.1,-26.7,0.0,-0.3,2.26,-1.1,-10.4,6.78
688593.SH,20240228,10.975,-6.1208,0.19006591259884686,-11.290425452431574,down,69.3,False,13.4,-30.2,13.1,-0.4,2.17,1.6,-15.3,8.38
001299.SZ,20240229,10.722,16.8977,24.79364279918297,2.6889392540361934,down,38.2,False,36.3,-22.4,77.1,-3.0,1.6,3.4,-15.9,7.61
002769.SZ,20240229,5.647,7.8543,11.989459815546777,2.0726196041764178,down,43.2,False,13.2,-30.0,97.4,-3.9,0.95,-4.7,-20.1,9.24
002899.SZ,20240229,11.299,16.5072,22.516676446405693,1.2756142870924192,down,40.1,False,35.4,-23.7,93.3,0.0,0.88,2.2,-15.8,8.52
300166.SZ,20240229,7.92,9.7566,12.62626262626263,4.419191919191912,down,67.7,False,12.4,-27.3,100.0,-0.6,0.89,-0.2,5.1,7.54
301125.SZ,20240229,6.134,35.596,46.2341049885882,7.662210629279431,down,46.5,False,28.8,-34.8,100.0,2.5,1.23,17.4,-8.3,11.12
301130.SZ,20240229,18.948,17.5159,23.229262160240793,8.187787272378921,down,44.9,False,28.5,-23.2,97.1,0.5,1.17,6.1,-9.2,8.8
301362.SZ,20240229,19.309,12.3873,15.298565435807143,4.0809984981097,down,60.6,False,16.0,-24.5,98.4,0.0,0.79,4.5,-2.8,8.37
600543.SH,20240229,5.089,13.9448,15.55241127225564,0.4205478913650307,down,59.2,False,16.5,-24.0,100.0,-0.8,1.19,1.4,-7.8,5.31
688081.SH,20240229,9.791,11.7186,16.02373584173382,1.5207688615170856,down,43.0,False,40.4,-30.4,86.7,-1.0,1.15,6.9,-17.3,11.15
688362.SH,20240229,20.03,9.4656,19.67049425861207,6.739890164752849,down,61.8,False,24.1,-25.7,90.0,-0.7,1.1,6.6,0.4,7.8
688536.SH,20240229,106.193,2.4739,9.645294139914995,-0.8450059109168184,down,67.2,False,9.6,-22.9,70.9,-2.1,1.83,0.6,0.7,7.28
688610.SH,20240229,30.595,26.1724,34.64309154187488,3.3961149156593207,down,55.1,False,20.0,-24.5,79.4,-3.2,0.73,5.9,-8.7,8.29
688630.SH,20240229,63.394,4.0402,14.07134404292163,1.7199511749282026,down,76.6,False,14.5,-32.0,91.0,-1.3,1.26,17.1,7.3,6.95
688018.SH,20240201,81.3,-3.0171,4.52644526445265,-6.371463714637137,down,5.0,False,25.1,0.2,63.7,0.8,1.64,-2.7,-14.5,5.02
688069.SH,20240201,11.391,-8.9829,7.910321711816581,-11.280368433158284,down,18.9,False,15.3,-5.2,80.9,-2.6,2.25,-5.8,-13.5,7.05
688072.SH,20240201,108.289,-0.8688,4.557085440769382,-3.9728534256934456,down,1.4,False,67.7,2.5,53.9,0.1,1.44,-8.4,-24.1,6.0
688281.SH,20240201,35.561,-1.1339,3.1838428831747256,-4.009471103012308,down,-2.7,True,13.7,1.9,46.4,-1.0,1.1,-8.9,-25.4,5.41
000404.SZ,20240202,4.227,-5.0578,-4.430724102855244,-15.312374328767763,down,7.9,False,20.7,2.2,35.4,0.0,1.21,-19.6,-21.4,6.14
301071.SZ,20240202,24.758,-4.3499,-3.190574975603766,-13.207571556899767,down,4.4,False,10.1,0.8,26.0,-0.7,1.18,-10.2,-18.6,4.15
600351.SH,20240202,5.623,-4.3611,-3.257931426945504,-12.14966567079242,down,3.0,False,13.6,0.7,40.0,0.0,1.65,-12.9,-20.2,4.55
600739.SH,20240202,9.871,-4.7284,-2.6368387515714686,-11.2476687444093,down,12.6,False,11.7,-2.3,32.4,0.0,1.49,-11.5,-15.1,4.31
601003.SH,20240202,2.742,-5.8255,-1.9071582248477603,-9.929621120956856,down,17.0,False,12.3,-3.4,40.9,0.7,1.37,-11.8,-14.0,4.29
300129.SZ,20240205,7.9,-8.9925,2.2758917495759423,-14.432546011493386,down,19.4,False,9.4,-4.4,12.5,-2.4,1.12,-3.9,-16.2,6.33
601003.SH,20240205,2.673,-5.7389,-0.486344930789373,-8.7167976056865,down,11.9,False,15.2,-0.9,27.3,-1.5,1.94,-14.5,-17.3,5.05
600337.SH,20240206,2.384,-2.4717,0.5906238464378211,-8.637873754152825,down,21.7,False,13.2,0.6,80.0,-2.9,1.11,-2.8,-10.4,5.67
001289.SZ,20240207,18.652,1.0263,6.049883119946831,-4.726672242595809,down,56.3,False,4.8,-6.1,38.1,0.0,2.04,-3.6,-3.8,3.52
600022.SH,20240207,1.32,4.6658,12.12121212121211,3.7878787878787845,down,65.0,False,4.5,-5.3,100.0,0.8,3.06,7.7,3.7,3.47
600031.SH,20240207,12.509,1.2466,6.366394455037128,1.7296031146446733,down,81.6,False,1.6,-7.3,88.2,0.2,1.93,5.7,4.4,3.22
601003.SH,20240207,2.594,-0.9033,3.7088441668594374,-2.845246356696729,down,23.3,False,18.7,2.2,63.6,0.0,1.55,-7.1,-14.4,5.59
688147.SH,20240207,32.105,12.7877,15.587401350144559,1.4773221748459742,down,43.5,False,12.3,-5.0,35.2,0.3,1.56,3.7,-5.9,7.56
002424.SZ,20240208,7.47,5.0511,10.174029451137901,-1.338688085676032,down,50.8,False,7.0,-12.2,64.0,0.7,1.1,7.1,-8.0,4.46
002484.SZ,20240208,14.222,10.299,11.838136340433447,-1.3101922749702233,down,61.3,False,11.6,-18.4,29.9,0.1,1.3,8.7,-0.9,6.15
003012.SZ,20240208,6.404,3.5691,14.282412937537359,1.0101010101009944,down,42.5,False,19.8,2.0,88.7,0.3,1.61,5.5,-8.5,6.73
601003.SH,20240208,2.594,9.4579,15.660421003932456,3.7088441668594374,down,23.7,False,18.7,2.2,100.0,0.4,1.68,-2.9,-11.8,5.34
603558.SH,20240208,7.638,8.8663,15.935767264347977,1.2719548040351691,down,50.7,False,13.3,-4.8,79.4,-2.7,1.14,18.0,-1.3,8.11
000534.SZ,20240219,10.841,0.4287,8.117332349414275,-1.5681210220459318,down,61.9,False,9.6,-22.5,82.4,0.2,1.1,13.5,-9.5,6.6
002111.SZ,20240219,7.15,12.1904,14.965034965034963,-0.9790209790209836,down,37.3,False,13.0,-18.7,61.9,1.0,0.89,7.8,-20.1,6.81
002252.SZ,20240219,6.821,4.8659,8.193693099353494,0.8634970899121797,down,62.3,False,1.9,-13.1,70.0,1.6,1.11,11.0,-3.5,4.19
002627.SZ,20240219,4.414,4.1222,9.288627095604895,-1.1327594019030274,down,48.5,False,16.8,-17.9,64.3,1.4,0.83,2.8,-12.9,6.88
301325.SZ,20240219,53.149,0.8973,10.246665036030777,-5.4601215450902245,down,49.2,False,6.1,-21.8,24.4,2.5,0.82,9.1,-18.8,6.96
605060.SH,20240219,14.555,1.0744,7.832360013740991,-3.778770182068014,down,57.2,False,6.0,-23.5,100.0,8.8,0.31,17.5,-11.0,6.8
000544.SZ,20240220,6.118,0.9345,4.115589552482768,-3.4029616553888364,down,74.9,False,5.3,-20.1,52.6,-0.5,0.65,16.6,-4.8,5.94
002687.SZ,20240220,4.258,11.9759,14.490639949835483,0.7752484153321193,down,43.3,False,18.2,-19.2,64.9,-0.2,0.87,18.7,-17.2,7.79
301196.SZ,20240220,18.911,6.578,13.457895889054928,1.0101010101010166,down,46.1,False,12.1,-21.9,44.8,0.0,0.47,21.4,-17.9,6.89
001283.SZ,20240221,33.541,2.4828,12.697220135236641,-0.1228340071315337,down,30.6,False,26.6,-20.5,46.9,-0.4,0.83,13.6,-28.5,7.37
002092.SZ,20240221,5.049,-0.1824,4.575163398692816,-1.5646662705486203,down,57.6,False,8.7,-17.8,30.4,-0.4,0.86,10.7,-7.8,5.87
002117.SZ,20240221,7.425,0.5545,6.801346801346808,-1.8181818181818188,down,73.5,False,6.8,-27.1,45.9,-0.3,1.43,25.8,-6.9,6.25
002132.SZ,20240221,2.544,2.9618,10.835986322367642,-0.9550760523523105,down,39.4,False,17.1,-20.6,54.5,-0.8,0.9,16.7,-21.1,6.62
002249.SZ,20240221,4.534,7.1234,15.786687839089586,1.2306470821754623,down,67.0,False,5.2,-18.2,52.4,-0.9,1.1,10.2,-5.3,5.12
002664.SZ,20240221,12.266,13.4636,19.108763176559783,0.8470499995923753,down,49.2,False,36.2,-23.6,32.8,-0.6,1.29,18.1,-17.5,7.32
300463.SZ,20240221,12.041,0.1939,7.653863306251685,-0.401698477831014,down,53.4,False,7.9,-19.9,29.3,-0.8,0.88,9.9,-12.2,5.61
300897.SZ,20240221,7.391,19.363,24.74057478075693,1.903037879464331,down,33.3,False,35.4,-23.9,51.2,-1.4,1.04,20.0,-29.3,9.23
301160.SZ,20240221,14.34,6.5969,15.91928954718047,0.3057848069929481,down,46.9,False,12.5,-21.1,40.4,-0.1,0.8,17.7,-15.8,6.87
600643.SH,20240221,4.554,-1.5832,6.2801932367149815,-2.0641194554237963,down,42.5,False,22.1,-16.3,43.5,-1.1,0.75,6.7,-9.6,6.36
600645.SH,20240221,15.81,1.997,9.042839161812232,1.5793501704584934,down,47.9,False,11.6,-18.5,57.1,0.1,1.27,11.5,-13.3,5.67
600699.SH,20240221,14.699,6.5494,10.875033081539453,0.7379649529578813,down,61.4,False,6.8,-18.7,48.9,-1.5,1.15,9.5,-3.1,6.03
603067.SH,20240221,5.625,2.8034,11.96086169687014,-0.25208082230258055,down,50.8,False,10.7,-20.6,61.4,-0.2,0.95,17.5,-13.4,6.2
603339.SH,20240221,8.72,10.2222,15.001055055550982,1.4688208148698756,down,39.9,False,30.3,-20.1,42.6,-1.4,0.9,15.8,-20.1,7.87
688005.SH,20240221,19.596,-3.8989,10.49159882139572,-5.200331086963395,down,45.4,False,8.4,-20.8,42.9,-0.5,1.03,11.5,-16.0,6.74
688010.SH,20240221,16.646,10.5608,19.933725262617852,2.5119759507769457,down,33.4,False,26.7,-21.0,51.6,-1.9,0.68,20.1,-25.8,8.52
688061.SH,20240221,26.008,10.0978,20.5038854918951,0.6640574985898873,down,43.2,False,17.8,-23.9,35.5,-0.6,0.99,16.2,-22.0,8.28
688105.SH,20240221,17.71,-1.905,12.043346992198245,-2.4681382554936127,down,53.9,False,14.6,-27.0,53.9,0.3,0.92,12.1,-16.8,9.01
688239.SH,20240221,24.714,4.497,16.466701949797603,2.0095199713850542,down,46.3,False,6.7,-20.7,60.4,-1.0,1.07,12.5,-15.6,7.43
688326.SH,20240221,70.508,2.8164,17.958580469111208,-0.20962219782776348,down,44.5,False,67.7,-22.0,66.9,0.8,0.83,17.8,-16.3,7.27
688349.SH,20240221,18.401,10.694,15.987442075568193,-1.9190669268680738,down,48.4,False,14.8,-13.8,45.7,-0.8,0.89,-2.5,1.6,6.58
688531.SH,20240221,31.251,5.523,18.177370371117018,2.5428357769093246,down,35.9,False,23.6,-19.6,67.6,-0.6,1.44,15.7,-21.8,7.29
002117.SZ,20240222,7.375,1.2307,7.5181343637719555,-1.159243441122637,down,75.9,False,7.5,-26.6,91.4,-0.7,1.08,30.9,-2.5,6.01
002132.SZ,20240222,2.554,4.9063,15.887557748022862,-1.3389711064129783,down,40.2,False,16.7,-20.9,54.5,-0.4,0.62,20.6,-19.1,6.45
002634.SZ,20240222,5.01,6.7715,13.772455089820369,-0.9980039920159611,down,37.4,False,23.8,-19.6,95.0,0.0,0.81,24.0,-19.5,7.21
300435.SZ,20240222,11.731,12.5059,17.04884494075527,-0.2557326741113197,down,55.2,False,3.3,-16.4,77.8,-0.3,0.69,10.0,-7.0,4.99
300700.SZ,20240222,7.83,16.3241,25.723028744902553,2.389427209252726,down,35.8,False,53.2,-24.2,83.2,-1.2,0.82,23.5,-24.7,8.29
300786.SZ,20240222,10.712,16.9128,47.40753188072966,4.557590694374425,down,34.0,False,62.5,-29.8,96.6,0.0,1.02,43.1,-31.6,10.91
300873.SZ,20240222,11.808,2.3843,15.02371273712737,-0.6690379403794133,down,59.8,False,10.7,-28.0,56.4,-0.7,0.78,18.1,-10.5,7.26
300985.SZ,20240222,18.508,11.9806,28.933085873444252,2.285221835903828,down,40.3,False,31.1,-24.3,79.8,-1.6,1.58,33.3,-19.2,9.55
300997.SZ,20240222,12.472,5.1694,8.867689436033599,-2.517795834195269,down,81.5,False,5.6,-24.6,87.2,-0.7,0.8,29.4,0.5,9.2
301047.SZ,20240222,61.822,1.8376,7.764226327197443,-0.35586037332989706,down,66.7,False,5.6,-21.7,82.4,-0.6,0.8,4.8,-5.1,6.01
301290.SZ,20240222,19.541,2.2049,12.947136789314783,-1.0234890742541247,down,44.2,False,3.5,-22.6,94.7,-0.7,1.08,25.3,-17.5,7.6
301366.SZ,20240222,15.152,25.691,26.412354804646256,6.612988384371699,down,36.7,False,25.5,-23.2,88.3,0.0,1.77,31.9,-19.6,8.5
600826.SH,20240222,5.234,2.6675,12.263165034112667,-2.1422853463708313,down,57.6,False,22.0,-29.9,72.7,-1.1,0.72,29.4,-0.9,9.0
603039.SH,20240222,31.428,2.8268,11.34656993763523,1.4827542318951226,down,83.7,False,1.4,-24.6,80.0,0.2,0.79,22.0,2.9,6.44
603416.SH,20240222,24.605,8.7467,14.83438325543589,1.1379800853485111,down,53.3,False,8.7,-27.6,95.3,0.0,0.62,22.1,-13.3,6.87
603755.SH,20240222,19.272,-7.1076,5.680008592629959,-8.277826292928781,down,48.3,False,19.5,-30.3,58.4,0.7,1.49,37.0,-18.8,8.19
603798.SH,20240222,7.109,32.489,67.40303747684335,4.52667603482253,down,23.6,False,55.3,-18.5,97.7,-0.8,0.58,28.8,-26.1,10.14
603950.SH,20240222,13.642,9.3357,18.74917535294893,-2.068581313864326,down,41.9,False,13.9,-20.3,85.3,-1.5,0.29,15.5,-9.2,7.99
688123.SH,20240222,43.352,18.3574,24.053967397196452,0.756364743576432,down,50.4,False,34.4,-24.9,64.8,-1.1,1.04,17.1,-12.7,8.17
688138.SH,20240222,15.218,14.1832,16.912029480335498,0.4844174243081367,down,46.1,False,45.4,-25.1,100.0,-1.2,1.15,25.1,-15.1,7.36
688237.SH,20240222,21.477,3.3964,15.67691294804785,-2.2957518394044474,down,37.4,False,41.2,-31.8,52.1,-2.0,2.75,32.7,-31.3,10.77
688252.SH,20240222,12.573,15.3961,20.99737532808399,5.249343832021003,down,44.6,False,62.0,-26.0,88.5,0.3,0.9,27.8,-15.4,8.21
688519.SH,20240222,15.732,20.3443,21.92982456140351,6.1657767607424585,down,40.0,False,52.4,-30.6,100.0,-0.1,0.86,50.1,-23.5,9.13
688616.SH,20240222,6.749,6.4024,16.224625870499352,-1.4965180026670577,down,35.9,False,39.1,-30.4,89.0,1.4,1.14,35.6,-31.2,11.38
001336.SZ,20240223,19.067,5.0049,11.551653607728362,-6.594501610077952,down,31.7,False,39.5,-20.9,91.8,-0.1,0.98,14.2,-25.4,9.91
002058.SZ,20240223,10.2,3.3182,13.921568627450975,-7.352941176470584,down,50.5,False,25.8,-27.8,79.4,2.0,0.66,18.2,-19.4,8.48
002548.SZ,20240223,4.31,-1.7891,12.296983758700698,-7.42459396751739,down,56.4,False,19.7,-25.5,80.0,0.0,0.88,20.9,-11.1,7.63
300745.SZ,20240223,17.83,6.1491,12.787436904094228,-3.7577117218171474,down,52.7,False,16.4,-29.4,97.9,0.5,0.93,22.6,-16.3,7.76
300834.SZ,20240223,16.159,7.1968,13.86224395073954,0.2475400705489461,down,49.1,False,16.0,-21.9,96.7,0.6,1.14,11.7,-12.8,5.7
300997.SZ,20240223,12.502,4.9191,8.609055393977783,-2.7493816850801434,down,82.3,False,5.3,-24.7,79.0,0.4,0.91,11.4,5.0,8.93
301006.SZ,20240223,12.185,5.4973,10.258514567090682,-5.580631924497325,down,47.5,False,27.2,-30.0,83.6,2.4,1.53,16.7,-21.1,8.75
301097.SZ,20240223,25.631,11.2736,16.066481994459835,-2.649135812102521,down,43.4,False,38.6,-23.8,73.8,3.1,0.81,11.1,-21.5,9.32
301176.SZ,20240223,10.53,10.2152,17.378917378917393,-2.1842355175688333,down,39.9,False,35.7,-29.7,100.0,2.2,1.2,30.5,-23.1,8.92
301237.SZ,20240223,19.512,4.4593,15.067650676506773,-4.663796637966378,down,36.5,False,36.1,-27.2,97.8,0.2,1.09,26.3,-25.4,8.51
301258.SZ,20240223,24.107,2.3739,9.748205915294328,-2.8207574563404836,down,51.0,False,19.8,-22.2,100.0,0.0,1.25,9.5,-14.7,6.78
301279.SZ,20240223,9.269,6.7496,18.3083396267127,-2.3087711727262983,down,42.3,False,33.0,-29.5,81.0,1.3,1.39,20.9,-23.0,9.53
301335.SZ,20240223,15.838,3.0029,15.91109988634929,-2.33615355474176,down,42.7,False,22.6,-20.4,64.4,0.0,1.28,11.9,-16.3,6.97
301353.SZ,20240223,13.114,8.7096,18.118041787402774,-2.2800061003507843,down,44.0,False,25.7,-25.1,94.0,-0.2,2.1,24.3,-17.4,7.93
600261.SH,20240223,2.47,6.4286,8.906882591093112,-2.429149797570851,down,71.4,False,7.7,-22.3,100.0,0.4,0.55,11.1,-4.6,5.61
601615.SH,20240223,8.878,8.7056,10.362694300518127,0.3379139445821133,down,49.6,False,13.9,-20.0,97.2,0.0,0.84,10.7,-11.2,6.28
603067.SH,20240223,5.746,1.937,9.607445927225378,-0.8520769375352399,down,60.2,False,8.4,-22.3,78.8,0.4,0.69,5.3,-9.3,5.91
603096.SH,20240223,13.51,13.9056,16.92478056247657,0.7140139486614627,down,54.9,False,18.7,-26.8,96.3,0.0,0.96,21.8,-9.5,7.62
603726.SH,20240223,9.585,17.4049,23.995826812728204,-2.399582681272827,down,46.0,False,29.2,-30.9,93.3,0.3,1.04,27.4,-22.4,7.94
603822.SH,20240223,19.708,3.9046,11.77186929165821,-4.110006088897899,down,38.5,False,27.0,-21.1,92.6,0.6,1.03,16.3,-20.9,7.21
605300.SH,20240223,12.993,2.1445,6.8595125285158876,-2.99212792355128,down,55.8,False,9.9,-22.3,92.7,0.2,0.78,9.1,-12.3,6.47
688247.SH,20240223,7.963,3.867,12.312984375647563,-1.8784136277608887,down,42.8,False,30.3,-22.6,80.8,-0.1,0.71,14.3,-13.5,8.15
688435.SH,20240223,34.353,17.4348,20.222396879457392,6.540913457339981,down,60.7,False,18.8,-29.0,85.5,0.2,1.13,24.9,-6.1,8.11
688485.SH,20240223,9.028,4.5747,12.516614975631368,-3.6552946389011964,down,39.6,False,24.6,-20.9,96.8,0.0,0.83,11.7,-19.2,7.48
688503.SH,20240223,32.522,23.645,28.11134694791204,-4.524530563311724,down,59.8,False,20.6,-30.6,28.6,1.0,0.72,11.3,-12.3,7.57
688523.SH,20240223,18.227,14.4119,20.541683194445113,2.601156862196463,down,47.5,False,15.5,-23.2,82.3,1.3,1.15,13.5,-16.4,7.42
000869.SZ,20240226,23.01,-0.2306,1.9556714471968606,-1.9556714471968828,down,92.5,False,1.2,-14.4,40.5,0.0,0.8,2.2,0.6,3.68
001313.SZ,20240226,7.554,2.1937,4.716893707719394,-9.713120722295033,down,74.6,False,10.3,-30.2,33.3,0.0,0.61,10.9,-6.2,7.82
001336.SZ,20240226,19.711,3.0892,7.909836689344485,-9.643902612260224,down,39.5,False,35.0,-23.4,54.5,1.1,1.49,14.0,-22.5,9.66
002084.SZ,20240226,2.83,2.4214,9.540636042402827,-9.893992932862194,down,41.4,False,36.4,-29.7,56.2,0.4,0.96,20.7,-24.7,7.93
002249.SZ,20240226,4.74,-0.2103,3.3755274261603407,-1.6877637130801704,down,97.2,False,0.6,-21.7,22.2,1.3,1.14,2.6,0.4,4.91
002683.SZ,20240226,16.394,2.7049,6.953763572038563,-0.3049896303525479,down,89.9,False,3.1,-27.8,40.0,-0.6,0.85,4.6,1.8,6.01
002753.SZ,20240226,5.942,-3.9269,2.524402558061256,-12.622012790306291,down,52.7,False,22.0,-29.3,27.8,0.5,0.72,15.6,-19.0,7.53
002899.SZ,20240226,12.022,3.763,9.578033484811055,-6.892360981136414,down,47.5,False,27.3,-28.3,66.7,-0.4,1.36,18.1,-18.8,8.25
300122.SZ,20240226,51.52,3.0103,6.09554422006382,-6.967445399420802,up,82.3,False,3.9,-18.1,59.4,-0.9,0.77,-0.8,8.0,4.99
300158.SZ,20240226,5.009,-0.1687,9.39433864335053,-3.3816425120772875,down,61.2,False,-0.6,-27.7,56.3,0.0,0.81,8.3,-10.1,7.26
300836.SZ,20240226,13.635,23.7028,39.21983209720086,-7.4459104953550685,down,60.5,False,21.3,-39.3,57.1,2.2,2.02,41.8,-10.4,10.38
301047.SZ,20240226,63.172,2.1011,5.461280314063188,-1.5829798011777418,down,87.4,False,3.4,-23.3,49.4,0.1,0.99,2.8,-0.1,5.72
301130.SZ,20240226,19.948,11.0648,17.052203508107013,-5.65739784063275,down,51.7,False,22.0,-27.1,56.1,0.0,1.0,15.2,-15.6,8.57
301336.SZ,20240226,24.823,0.0304,6.703460500342406,-11.859968577528901,down,54.8,False,24.7,-34.2,36.5,0.7,1.0,21.8,-20.1,9.5
600080.SH,20240226,7.072,6.5151,12.726244343891402,2.262443438914019,down,91.1,False,1.0,-36.3,53.8,0.3,2.22,29.5,3.5,6.96
603039.SH,20240226,32.631,0.6603,8.187239342240705,-2.2597566331069463,down,94.1,False,-2.4,-27.4,27.7,-0.0,0.75,8.2,3.9,6.39
603811.SH,20240226,5.177,4.599,6.380307183520029,-4.6498644892219225,down,64.2,False,9.7,-30.5,28.8,-0.8,0.96,10.9,-10.9,7.6
688138.SH,20240226,16.292,7.7474,11.600785661674418,-6.137981831573791,down,63.1,False,35.8,-30.0,50.0,-0.2,0.9,9.5,-10.8,7.03
688143.SH,20240226,22.315,11.9548,18.98039848350408,-0.8272610757082743,down,59.9,False,14.5,-35.3,50.6,-1.7,0.98,13.7,-15.7,10.73
688170.SH,20240226,28.961,1.2853,9.046648941680191,-5.386554331687443,down,72.5,False,5.6,-31.9,54.9,3.0,1.72,17.1,-4.7,7.49
688291.SH,20240226,19.737,5.9714,10.133252267315186,-6.130617621725676,down,56.7,False,16.8,-30.9,53.6,0.2,1.07,18.0,-13.0,7.72
688321.SH,20240226,16.922,0.131,6.145845644722847,-5.082141590828504,down,67.8,False,21.1,-26.7,51.5,0.5,1.06,6.1,-8.0,6.46
688362.SH,20240226,20.8,8.0448,15.240384615384617,-3.8461538461538547,down,59.4,False,19.5,-28.5,47.4,0.0,0.83,8.1,-10.8,7.23
688581.SH,20240226,54.403,0.3716,6.259766150945878,-5.160461272047556,down,33.0,False,-1.1,-27.3,76.7,0.0,1.0,6.6,-32.3,9.23
688628.SH,20240226,32.545,5.6719,16.162236902750028,-8.572745429405447,down,102.5,False,-7.5,-29.9,57.4,2.2,0.96,8.0,10.2,8.21
688662.SH,20240226,18.21,5.4147,13.305502562869108,-8.578005783616305,down,55.4,False,55.2,-38.7,51.2,2.7,0.93,14.4,-17.4,9.93
300685.SZ,20240227,19.44,1.9431,10.320973022134151,0.032716655246711746,down,89.6,False,2.3,-29.5,100.0,-0.4,0.93,5.6,19.8,6.96
300845.SZ,20240227,6.894,7.1802,11.75801669770653,-12.218102913105799,down,63.9,False,24.1,-43.6,79.7,-1.1,1.18,35.4,-5.4,10.03
301033.SZ,20240227,30.262,5.1923,8.808577795753902,-11.018058099973837,down,56.5,False,17.5,-31.7,100.0,0.2,0.55,18.1,-8.4,8.9
301197.SZ,20240227,13.124,2.9656,8.62947952787283,-8.895091063002347,down,55.0,False,25.4,-35.6,89.3,-0.1,1.21,26.1,-9.4,8.87
301370.SZ,20240227,13.463,-0.133,5.689589475161938,-6.863324026350726,down,65.2,False,12.4,-23.2,100.0,-0.4,0.88,10.8,8.7,7.09
600536.SH,20240227,31.611,14.0578,15.403961316895852,-3.102430506126086,up,82.0,False,-5.7,-26.9,97.6,-0.4,1.77,15.7,25.5,5.31
688244.SH,20240227,19.355,13.1981,23.758168870950836,0.7517763693918544,down,77.7,False,7.6,-37.3,79.0,0.0,1.7,27.9,16.4,8.38
000534.SZ,20240228,11.336,0.6083,2.8625262316642752,-5.517492627788679,down,84.3,False,4.8,-25.9,0.0,1.5,0.91,-1.9,2.1,5.57
001211.SZ,20240228,16.939,-4.5765,-1.764577392864941,-13.158469558235774,down,47.7,False,35.6,-32.5,0.0,0.8,1.44,2.2,-26.6,8.48
002452.SZ,20240228,5.645,13.3905,20.85073817799177,-4.481503920297325,down,74.6,False,11.5,-33.7,28.6,0.2,1.21,4.4,-6.3,7.27
002683.SZ,20240228,16.864,-0.1611,3.797159098321501,-1.9548544028994974,down,96.5,False,0.2,-29.8,4.1,0.1,1.17,4.6,8.2,5.76
002910.SZ,20240228,8.207,-3.283,6.858695519732927,-11.052625166014785,down,57.5,False,23.4,-31.6,0.0,0.5,1.28,3.9,-18.0,8.0
003019.SZ,20240228,18.041,2.4559,7.085229732433818,-7.764469033195354,down,86.9,False,-5.3,-30.5,0.0,-0.9,1.5,0.1,5.4,7.44
300143.SZ,20240228,6.722,-2.2423,0.6679460287707828,-8.272712396423731,down,83.9,False,1.9,-25.7,0.0,0.0,1.17,-1.1,-2.0,6.76
300598.SZ,20240228,30.321,12.5623,20.854610030827093,-7.564890423152725,down,81.9,False,6.2,-28.2,1.7,0.1,1.68,0.3,1.0,6.96
300618.SZ,20240228,22.918,-0.1888,2.7990488033684535,-3.09138905251215,down,79.0,False,0.7,-24.4,5.2,0.3,1.74,3.0,-4.1,6.39
300995.SZ,20240228,14.877,0.407,11.160181034407435,-16.735734264183044,down,61.8,False,27.2,-44.0,4.2,0.0,1.89,4.3,-23.9,11.7
301279.SZ,20240228,10.498,-5.0387,1.2863451565828132,-13.745146676116116,down,68.4,False,17.5,-37.8,5.6,0.1,1.91,4.3,-17.7,10.45
600080.SH,20240228,7.615,-7.2551,-0.5657195984809071,-8.444822641390493,down,95.8,False,-6.2,-40.9,21.6,1.3,1.45,15.5,12.0,7.53
603296.SH,20240228,32.561,8.8256,19.151380020945208,-3.771678475235807,down,94.2,False,19.7,-26.7,0.2,0.4,1.57,5.9,-0.3,5.56
603321.SH,20240228,6.4,-2.8222,-0.23983063426218365,-9.458076511440773,down,63.3,False,19.9,-34.3,6.5,-0.6,1.81,11.6,-15.0,8.58
603879.SH,20240228,4.881,29.8284,46.495379761099855,-14.971213145655327,down,62.6,False,23.5,-39.4,0.0,4.5,2.77,9.6,-18.7,9.31
605055.SH,20240228,5.06,-1.5613,-0.37332827393479207,-13.219457339981687,down,53.6,False,31.4,-36.3,0.0,2.0,1.47,6.0,-23.2,8.86
605337.SH,20240228,10.446,-5.0283,-1.574501650316651,-11.338556145227852,down,77.7,False,8.1,-28.2,2.8,0.9,1.63,-0.9,-6.8,6.76
688136.SH,20240228,15.172,2.9106,7.535386491340823,-10.458582562987118,down,63.2,False,18.7,-32.2,12.9,0.1,1.56,3.2,-17.9,9.94
688247.SH,20240228,8.438,-0.2197,8.239499298985375,-7.404444539256239,down,54.0,False,22.9,-27.0,1.0,0.2,1.12,0.5,-10.7,7.74
688252.SH,20240228,14.378,5.2589,8.382593406348837,-7.962083132502462,down,91.8,False,41.7,-35.3,3.4,-0.9,1.33,6.5,-7.8,8.52
688429.SH,20240228,16.627,1.5086,6.723682192571756,-6.988912645358026,down,56.3,False,35.8,-21.4,4.8,1.7,1.13,2.4,-15.0,7.32
688528.SH,20240228,7.88,0.355,3.167351911070515,-14.978935079437584,down,57.2,False,29.2,-39.0,0.0,1.0,2.01,7.9,-21.7,10.33
688598.SH,20240228,34.147,7.3245,13.113624942454827,-8.282055156692747,down,65.4,False,38.8,-28.1,0.0,0.5,1.31,2.3,-14.8,7.15
002034.SZ,20240229,13.8,4.3299,6.01449275362318,-3.3333333333333437,down,56.8,False,3.6,-14.3,83.3,0.2,1.02,0.8,-2.6,4.66
300321.SZ,20240229,13.225,35.5769,38.96733636235097,0.17836876134653679,down,52.7,False,16.5,-37.6,70.3,-0.3,0.76,-4.1,-14.0,11.28
300349.SZ,20240229,10.081,15.1231,22.51760738022024,2.1823231822239997,down,75.7,False,7.6,-28.8,93.8,0.3,0.91,4.4,4.2,6.89
300420.SZ,20240229,2.435,13.4124,16.427104722792606,2.4640657084188833,down,64.1,False,13.6,-24.2,100.0,0.8,1.59,8.3,-1.1,6.39
300708.SZ,20240229,6.34,1.1964,7.949526813880126,-2.429022082018928,up,66.5,False,5.3,-21.1,97.8,0.4,0.68,1.9,-1.5,6.07
300776.SZ,20240229,43.841,4.23,8.788179874802605,1.625960626954237,up,52.7,False,3.0,-18.8,99.6,-0.3,1.02,6.9,-7.9,5.73
301006.SZ,20240229,11.538,16.3501,20.163453496786833,3.176769843436511,down,43.2,False,34.3,-26.1,100.0,-1.3,1.2,2.4,-12.3,9.08
301033.SZ,20240229,27.916,15.2301,19.243359189454658,4.5206300898194,down,48.6,False,27.4,-25.9,93.7,-1.6,1.11,4.7,-14.4,10.32
603339.SH,20240229,8.898,11.2634,14.27132922460026,4.606366288609287,down,44.0,False,27.6,-21.7,100.0,-0.2,0.76,3.9,-2.6,6.38
603980.SH,20240229,3.193,3.7341,7.2742933208049365,-4.314462453997336,down,39.8,False,32.6,-21.5,100.0,-3.1,1.03,6.7,-15.7,7.52
605069.SH,20240229,6.346,15.7059,27.79905135599361,-0.2505554767645246,down,35.2,False,51.6,-28.0,92.2,-3.4,0.99,3.9,-22.2,9.24
605089.SH,20240229,26.714,12.2268,15.15990021771223,-0.4497989081446052,down,52.4,False,33.2,-20.3,90.0,-1.4,1.1,2.5,-10.3,6.65
688391.SH,20240229,24.902,16.4086,25.61240061039274,3.674403662356429,down,75.6,False,33.5,-33.4,97.4,0.0,1.05,11.5,5.6,8.14
688623.SH,20240229,38.143,3.6303,6.667799255008555,0.41234605188094076,down,55.4,False,12.7,-15.7,94.4,-0.9,1.01,3.2,-5.7,5.05
001217.SZ,20240201,11.098,-8.863,-3.315041584443912,-13.226826696942663,up,2.1,False,53.5,-0.4,13.0,-1.9,0.49,-26.8,-38.4,16.71
300802.SZ,20240202,14.374,-3.0691,-1.4248831729374523,-13.39109115815501,down,2.0,False,13.0,-0.4,37.8,1.3,1.71,-8.8,-17.2,4.69
600509.SH,20240202,4.785,-6.0217,-2.5429130953649848,-11.94795043336322,down,8.1,False,16.5,-3.0,55.3,-0.2,1.32,-6.5,-23.4,5.55
600718.SH,20240202,7.178,-6.9002,-6.374085684430519,-14.733542319749215,down,2.3,False,15.2,-0.5,33.0,0.0,1.98,-15.6,-20.7,4.81
688767.SH,20240202,16.007,-3.548,-2.9131065744338103,-15.232478161539941,down,2.8,False,11.5,-0.7,20.1,-1.5,1.39,-9.5,-18.1,5.32
603061.SH,20240207,44.571,-2.4651,5.342534875419513,-2.0995589263730907,down,26.7,False,51.0,-10.5,58.3,0.0,1.1,9.7,-20.1,7.06
688069.SH,20240208,10.427,3.8531,16.029263389688776,0.8758300820587372,down,23.9,False,25.9,4.5,60.8,-0.5,0.72,-9.1,-19.9,10.44
000404.SZ,20240219,4.51,16.6835,24.611973392461195,-0.44345898004433115,down,55.7,False,13.1,-23.7,53.8,4.4,1.56,13.1,-12.4,7.53
000862.SZ,20240219,5.623,10.6181,14.169867690994465,-0.41257646891449395,down,49.8,False,9.6,-11.6,81.3,1.2,0.63,7.5,-8.2,5.39
002713.SZ,20240219,3.986,17.7953,34.052898583449995,0.6337593520902018,down,31.0,False,7.3,-9.0,74.8,0.7,1.03,2.8,-14.1,7.3
300708.SZ,20240220,6.597,-3.6576,3.9506711775619374,-6.341324408551285,down,65.4,False,6.3,-24.1,47.6,-1.8,0.69,15.5,-12.9,6.85
301283.SZ,20240220,16.225,-1.4885,4.929951168281743,-1.1223960885319184,down,49.8,False,21.8,-23.3,63.8,-2.2,0.86,19.0,-16.9,9.32
002271.SZ,20240221,16.107,0.4844,11.005568903540631,-1.411161398868821,down,42.7,False,12.1,-9.0,75.9,-1.0,1.86,8.2,-2.4,4.46
002385.SZ,20240221,4.952,0.5072,6.86634437134237,-0.20153554739719137,down,62.2,False,7.5,-14.9,47.6,-0.2,0.87,7.2,-5.3,5.03
002431.SZ,20240221,1.99,7.6298,19.10146238504449,1.512638826071666,down,32.3,False,25.6,-15.1,69.2,0.0,0.77,13.8,-18.9,6.41
002879.SZ,20240221,11.85,12.0619,15.44011544011543,0.4193986650127046,down,34.4,False,30.2,-18.3,30.9,-0.6,0.54,19.7,-24.1,8.94
002917.SZ,20240221,6.756,9.1764,16.25635013677218,1.1581228462822946,down,35.4,False,27.4,-20.0,38.5,-0.3,0.94,14.5,-25.0,7.8
300014.SZ,20240221,33.091,9.5657,17.903039369007967,2.0073585518611825,down,35.8,False,21.9,-12.2,58.4,-0.6,0.93,4.3,-12.7,5.16
300877.SZ,20240221,11.585,3.968,18.705427199701695,0.8374636814219905,down,31.2,False,37.8,-21.6,60.5,-1.2,0.92,15.4,-28.3,9.43
300915.SZ,20240221,17.054,1.8181,14.09053594464642,0.9206051366248413,down,34.7,False,22.8,-17.6,54.3,1.5,2.97,20.1,-16.5,6.57
301003.SZ,20240221,15.047,20.6918,22.130657273875176,2.525420349571328,down,34.6,False,29.3,-23.9,68.9,-0.4,0.85,25.8,-26.1,9.52
301026.SZ,20240221,10.01,15.1348,20.470854325072494,2.1289944245141523,down,31.5,False,32.4,-19.1,51.0,-1.8,0.73,13.6,-25.8,9.03
301092.SZ,20240221,18.932,4.3511,16.592373560422512,0.21778206686431378,down,41.4,False,23.5,-22.1,42.8,-2.5,1.65,14.8,-21.8,7.98
301283.SZ,20240221,16.252,0.8232,9.741420048437588,-3.327869336641276,down,51.1,False,21.6,-23.4,45.8,-0.2,0.75,17.4,-15.8,9.17
600261.SH,20240221,2.346,5.2871,9.960363124920079,2.7149128414951207,down,50.1,False,13.4,-18.2,48.0,-1.3,1.33,15.0,-10.9,5.57
603687.SH,20240221,9.3,6.6177,13.590665006462332,0.6875224460917595,down,47.9,False,25.2,-21.4,60.7,-2.0,0.77,16.2,-15.8,8.03
688068.SH,20240221,32.264,-0.5764,8.820639658319894,-3.1431219218884365,down,57.3,False,6.7,-27.2,49.3,-1.4,0.99,23.6,-13.6,7.33
688581.SH,20240221,51.52,0.0252,12.207781116313022,-0.18556044689787,down,24.4,False,71.8,-23.2,67.0,-0.0,1.27,10.7,-38.2,10.67
001222.SZ,20240222,11.07,4.8291,15.627822944896108,1.2646793134598155,down,30.0,False,46.3,-19.9,88.9,0.0,0.44,20.1,-25.4,7.38
001296.SZ,20240222,18.38,5.2472,11.534276387377584,-2.4483133841131655,down,36.3,False,29.9,-17.0,100.0,0.1,0.73,18.7,-17.2,7.99
002753.SZ,20240222,5.312,3.3577,14.68373493975903,-2.259036144578319,down,31.1,False,36.5,-20.9,100.0,-0.7,0.69,23.9,-25.6,8.01
002917.SZ,20240222,6.854,8.6279,14.590020426028595,1.1672016340822822,down,38.1,False,25.5,-21.2,100.0,0.0,0.8,25.3,-20.6,7.49
300331.SZ,20240222,16.16,12.9398,21.90594059405939,1.0519801980197974,down,42.9,False,22.7,-28.0,80.4,1.3,1.42,31.2,-20.2,8.16
300395.SZ,20240222,27.582,5.312,12.829236335212425,0.10372560173357304,down,68.5,False,10.3,-22.4,92.7,0.1,0.66,-1.6,-1.2,5.99
300674.SZ,20240222,11.972,7.4278,12.278650183762107,1.5035081857667887,down,60.5,False,10.4,-23.6,88.9,0.7,1.0,11.9,-8.8,6.44
300963.SZ,20240222,4.385,10.2971,18.631698973774235,-0.5701254275940593,down,33.3,False,33.8,-23.3,76.3,0.0,0.92,29.9,-27.2,9.38
301110.SZ,20240222,14.387,10.6461,20.597663950265122,-0.12984232637411885,down,44.6,False,36.6,-29.1,94.5,-0.1,1.07,45.2,-18.8,8.85
301222.SZ,20240222,13.382,8.8702,19.055447616200883,2.5631445224929106,down,33.8,False,30.6,-24.4,83.7,-0.1,0.83,27.6,-27.9,9.27
301320.SZ,20240222,13.552,16.2434,24.940968122786302,2.951593860684776,down,25.0,False,26.9,-18.4,100.0,-0.2,0.86,26.4,-31.0,8.01
600382.SH,20240222,4.06,0.3376,3.4482758620689724,-3.2019704433497442,down,47.0,False,13.8,-13.5,100.0,0.0,0.55,14.8,-11.3,5.14
601615.SH,20240222,8.7,7.3762,12.27431345774541,1.8146876135041845,down,44.6,False,16.2,-18.4,88.5,-1.3,0.71,10.9,-12.8,6.67
603700.SH,20240222,9.675,5.4563,15.27326885968041,1.2168135876311492,down,33.1,False,28.0,-21.7,71.9,-0.4,0.61,22.1,-26.5,7.98
688068.SH,20240222,32.442,-1.1236,8.222906514026418,-3.675140171936031,down,62.0,False,3.7,-27.6,82.9,0.5,0.63,25.7,-10.2,7.21
688286.SH,20240222,26.122,13.9311,26.11591761733405,3.8090498430441766,down,29.9,False,98.7,-23.8,89.1,-0.5,0.86,26.9,-31.8,8.4
688718.SH,20240222,9.752,11.8661,29.723632261703337,2.138132594985387,down,31.8,False,32.8,-21.3,46.2,-1.0,0.57,25.9,-26.4,10.73
001202.SZ,20240223,12.36,2.4263,21.035598705501624,-2.265372168284785,down,37.5,False,39.2,-25.6,98.3,0.7,0.67,20.6,-25.0,8.32
001360.SZ,20240223,12.51,7.0194,13.029576338928873,2.6378896882494063,down,40.7,False,24.6,-20.6,89.0,0.1,1.48,18.3,-16.9,6.65
002420.SZ,20240223,4.05,4.775,16.049382716049386,-2.4691358024691246,down,42.5,False,33.6,-31.4,92.0,1.0,1.19,28.3,-24.5,7.68
002494.SZ,20240223,3.475,7.5012,16.550116550116556,-2.731013842124952,down,28.3,False,46.8,-27.2,94.1,-0.3,0.77,26.7,-32.4,9.73
002836.SZ,20240223,5.395,6.0747,19.833178869323454,-3.3364226135310426,down,41.7,False,41.9,-35.6,96.9,1.3,0.72,32.4,-27.0,9.96
002879.SZ,20240223,12.45,15.3117,17.108433734939776,-1.2048192771084265,down,48.0,False,23.9,-22.2,96.6,0.7,0.47,13.6,-16.3,7.99
300068.SZ,20240223,11.136,13.7601,15.894396551724155,-2.244971264367812,down,42.9,False,0.7,-19.8,87.9,1.2,0.67,1.2,-19.8,6.79
300132.SZ,20240223,3.6,5.4219,13.055555555555554,-2.777777777777779,down,42.1,False,29.4,-27.5,92.6,0.8,1.08,23.8,-20.3,8.39
300440.SZ,20240223,5.543,8.2425,12.989355944434422,-1.443261771603821,down,55.5,False,26.2,-32.7,100.0,1.7,0.78,22.1,-9.7,10.07
300828.SZ,20240223,10.094,18.089,20.705369526451367,-2.6748563503071088,down,49.4,False,27.0,-34.1,85.1,1.6,1.26,28.1,-20.3,9.61
301003.SZ,20240223,16.347,13.8434,19.330764054566597,-5.627943965253568,down,50.4,False,19.0,-30.0,100.0,0.3,0.74,14.8,-18.2,8.79
301012.SZ,20240223,10.399,23.948,28.675834214828356,-3.317626694874498,down,32.5,False,73.3,-31.5,55.2,0.8,1.11,28.9,-30.0,9.6
600094.SH,20240223,2.802,3.5181,7.137758743754441,-2.1413276231263434,down,62.5,False,11.8,-19.6,80.0,0.4,0.54,4.5,-2.8,6.5
603517.SH,20240223,20.84,0.0623,7.0083255356414575,-1.48516039252381,down,66.7,False,4.2,-20.3,98.2,0.1,0.98,3.8,-7.3,5.72
603928.SH,20240223,5.159,7.609,13.646055437100223,-1.1436324869160686,down,40.7,False,29.0,-25.7,91.2,0.9,1.2,21.1,-21.6,7.59
688037.SH,20240223,70.652,15.1388,20.331470974634392,1.6342841581751033,down,69.0,False,16.1,-24.8,83.2,0.9,1.51,15.7,-1.1,5.85
688232.SH,20240223,24.644,2.0165,10.180664151660013,-0.5318520844973973,down,71.1,False,8.1,-28.6,94.7,0.2,0.99,10.8,-2.3,7.01
688486.SH,20240223,29.68,14.1398,19.4676549865229,-2.4764150943396235,down,56.1,False,-5.0,-27.0,86.7,0.8,1.12,11.2,-13.7,8.62
688571.SH,20240223,5.077,4.5145,10.636202481780588,-3.7423675398857714,down,46.7,False,24.4,-26.6,100.0,0.6,0.68,11.9,-18.3,8.59
001211.SZ,20240226,16.44,-1.3711,6.690997566909962,-10.523114355231144,down,39.2,False,39.7,-30.4,50.0,2.0,0.82,21.2,-28.3,8.22
002117.SZ,20240226,7.692,-2.9466,3.0901030901030913,-5.229905229905219,down,90.6,False,3.1,-29.7,52.4,0.0,0.77,13.2,1.2,5.86
002391.SZ,20240226,4.873,0.8131,4.498869228653879,-4.325662147685705,down,55.7,False,11.5,-19.3,33.3,-0.2,0.73,5.8,-10.9,5.89
300776.SZ,20240226,45.174,3.9082,6.973037587993081,-2.9884446805684695,down,51.7,False,-0.0,-21.2,57.1,2.1,1.26,5.0,-14.0,6.21
301149.SZ,20240226,7.394,4.9678,11.734563468396653,-5.332613861198676,down,57.4,False,14.0,-26.4,54.2,-0.4,0.89,5.4,-13.2,7.22
603281.SH,20240226,14.483,0.1501,5.413243112614774,-1.9816336394393508,down,41.5,False,1.8,-5.5,52.8,0.2,0.91,0.9,-17.3,5.2
603551.SH,20240226,9.781,-0.3729,5.099578783789305,-2.1592442645074206,down,60.9,False,0.1,-21.5,39.5,0.9,0.53,4.7,-1.7,5.58
688193.SH,20240226,30.967,-3.6548,9.429392579197216,-12.949268576226302,down,50.1,False,25.0,-32.2,64.8,1.1,0.85,19.8,-20.1,8.8
688217.SH,20240226,27.088,-4.0707,12.712535781024936,-10.470836572729702,down,63.0,False,14.6,-29.2,54.4,-0.1,1.15,13.8,-11.5,7.7
688517.SH,20240226,10.272,9.9961,14.700155763239863,-2.7258566978193066,down,53.2,False,21.5,-36.6,51.2,1.2,1.07,12.9,-20.2,9.52
300296.SZ,20240227,5.22,-0.7248,4.022988505747116,-2.490421455938696,down,87.2,False,3.8,-26.1,100.0,0.0,0.87,5.5,12.8,5.51
301187.SZ,20240227,10.227,7.1076,9.761702210879374,-10.547879570144813,down,60.6,False,51.4,-34.6,94.8,-0.9,0.63,16.1,-4.9,8.07
301233.SZ,20240227,22.475,15.2903,28.338153503893217,-8.872080088987765,down,62.3,False,18.9,-31.3,100.0,-0.1,0.97,19.0,-4.8,7.92
002272.SZ,20240228,5.059,34.0269,43.70713000849986,-12.826899128268998,down,67.9,False,16.2,-34.4,0.0,-0.2,1.73,6.7,-14.7,7.98
002753.SZ,20240228,5.932,-3.7659,-1.181373143989961,-12.475893784304992,down,56.7,False,22.3,-29.2,0.0,0.0,1.23,0.2,-20.8,7.77
300339.SZ,20240228,23.216,6.9058,12.381328960579307,-6.656863289842696,down,92.4,False,9.9,-26.9,0.5,0.1,1.64,1.3,-3.0,5.94
300441.SZ,20240228,5.668,10.9797,14.066428476908822,-7.635305015217675,down,78.8,False,9.3,-34.6,0.0,0.3,1.19,3.0,-8.4,8.23
300768.SZ,20240228,12.17,-0.466,0.5992570297459254,-9.014492110563033,down,96.2,False,0.1,-30.1,4.1,-0.1,1.34,2.5,-0.4,7.11
300947.SZ,20240228,11.781,-5.3216,-1.7061370002546483,-12.061794414735605,down,51.9,False,32.8,-35.5,2.3,0.0,1.31,1.9,-17.8,10.51
301063.SZ,20240228,15.882,-0.2086,6.614077440657651,-13.157255134564705,down,63.5,False,20.3,-35.4,15.5,0.2,1.78,0.7,-19.3,9.77
301156.SZ,20240228,8.015,-3.2393,0.6358046871880907,-13.512596318920433,down,66.7,False,20.0,-40.1,1.5,0.0,1.31,5.6,-15.8,10.94
600865.SH,20240228,6.653,-4.1921,-2.146464646464652,-9.812409812409816,down,60.6,False,17.5,-27.0,1.3,-0.4,1.2,-1.0,-11.3,7.0
603818.SH,20240228,4.019,-4.8542,0.5125143056177839,-8.444046375080838,down,57.2,False,23.4,-31.3,6.0,0.0,1.4,3.3,-17.8,7.81
605169.SH,20240228,8.104,-2.101,0.5165261212170869,-11.57605865643978,down,57.3,False,22.7,-30.5,0.9,0.9,1.29,1.8,-19.6,8.0
688381.SH,20240228,19.295,1.8496,10.857160626273,-10.184450974599768,down,87.0,False,32.1,-31.5,0.0,-0.1,1.46,0.2,-8.6,8.04
688391.SH,20240228,26.643,8.4521,17.40472501471313,-7.160937556300217,down,93.0,False,24.8,-37.7,0.0,1.5,1.36,8.5,-0.1,8.26
688543.SH,20240228,24.814,0.337,7.2806662274047085,-2.7337004596130976,down,91.9,False,2.5,-27.8,5.2,0.0,1.43,7.8,0.7,5.69
600031.SH,20240202,12.063,4.2981,5.569440817696858,-3.549238797494858,down,41.8,False,5.4,-3.9,49.3,0.0,1.43,-4.5,-2.6,2.73
301305.SZ,20240301,15.485,3.2959,5.014081741912424,-7.1270211222899675,down,92.2,False,2.3,-27.3,37.7,-1.5,2.16,5.8,-2.6,6.02
001255.SZ,20240301,24.26,9.4733,11.211871393239893,-3.8334707337180696,down,43.4,False,29.8,-22.9,53.6,0.5,0.92,-1.0,-22.1,8.13
603005.SH,20240301,18.45,0.0221,4.932249322493232,-1.788617886178856,down,95.3,False,1.4,-28.5,81.3,1.0,1.62,7.2,0.1,5.96
603399.SH,20240301,8.009,-1.8839,0.6355270879374819,-8.603962992096491,down,89.4,False,4.0,-34.8,42.9,-1.1,1.46,9.4,-3.8,7.08
000576.SZ,20240306,7.663,6.5995,9.884373450264917,-7.342155404170914,down,93.5,False,-2.6,-13.9,38.9,-1.6,2.98,9.0,-1.5,5.94
603119.SH,20240301,14.158,-0.3209,2.84644723831049,-3.7646560248622674,up,89.9,False,-4.1,-24.8,40.4,4.6,3.1,5.5,6.9,5.85
688558.SH,20240301,22.153,0.9067,4.468920687942957,-4.288358235904843,down,97.1,False,21.2,-36.3,70.5,1.3,2.21,19.3,9.2,6.9
688651.SH,20240301,24.018,9.1074,13.785494212673832,-1.8985760679490316,down,62.0,False,12.3,-32.4,75.4,-0.7,1.12,4.8,-11.3,9.54
300684.SZ,20240304,16.376,0.9409,6.533952125061071,-8.671226184660485,up,106.8,False,-12.2,-48.2,23.4,11.9,3.55,18.8,10.8,8.35
603399.SH,20240304,7.801,0.4804,3.8301799723119423,-6.168281802799558,down,82.7,False,6.9,-33.1,16.7,0.3,1.02,5.6,-5.6,6.75
688320.SH,20240304,33.036,1.726,8.547264675523603,-7.647042798376313,down,84.9,False,6.5,-36.4,75.5,0.0,0.91,0.5,8.3,8.08
300684.SZ,20240307,16.519,-2.352,5.6108247765924935,-7.767595649652459,up,90.3,False,-13.0,-28.2,3.1,-0.2,1.67,20.0,32.4,8.88
000576.SZ,20240308,7.168,10.884,17.47307327417824,-0.8036162732295349,down,79.4,False,8.0,-7.9,76.5,0.1,0.94,3.0,8.7,5.5
001283.SZ,20240301,34.99,16.4028,26.378965418691045,-2.6864818519577116,down,52.7,False,7.8,-23.8,82.2,-0.1,1.63,2.2,-12.7,6.61
002420.SZ,20240301,4.23,8.3298,9.92907801418439,-4.018912529550844,down,55.1,False,27.9,-34.3,56.2,0.7,0.72,-0.2,-19.7,8.22
002671.SZ,20240301,4.07,7.9373,9.582309582309566,-1.2285012285012442,down,60.6,False,18.7,-28.7,65.0,0.0,1.32,7.7,-11.0,8.11
002836.SZ,20240301,5.589,12.216,14.072523284215045,-6.326327938373987,down,50.6,False,37.0,-37.8,37.5,0.4,0.84,-1.4,-24.3,10.1
002937.SZ,20240301,20.882,6.4823,9.290297864189245,-0.38310506656451526,down,86.4,False,23.4,-28.4,78.7,-0.4,0.56,4.8,-0.3,6.99
300097.SZ,20240301,7.771,0.9043,4.999034935340685,-2.2067811876729126,down,88.0,False,5.3,-38.7,88.0,1.0,1.42,8.2,2.9,9.88
300656.SZ,20240301,20.97,2.6651,8.24988078206963,-5.340963280877431,down,92.4,False,1.3,-24.9,28.3,1.5,1.22,3.3,0.5,6.63
301092.SZ,20240301,20.288,6.4621,8.945799181489434,-4.263934420573268,down,64.2,False,15.2,-27.3,51.3,-0.1,0.86,2.5,-10.7,7.89
301233.SZ,20240301,21.98,21.3333,31.22838944494997,-2.7070063694267454,down,57.9,False,21.6,-29.7,70.1,-0.2,0.91,1.0,-13.4,8.86
601089.SH,20240301,13.289,6.2709,7.933239870958708,-0.7206837051134118,up,73.6,False,-0.8,-4.9,43.6,0.1,0.85,2.9,-5.4,5.52
603626.SH,20240301,5.79,7.5291,10.880829015544036,-0.6908462867012077,down,64.7,False,16.2,-29.7,56.8,0.5,0.97,6.4,-9.9,7.52
605300.SH,20240301,13.131,4.7884,6.64546551156926,-3.48295987620475,down,72.5,False,8.8,-23.1,31.2,-0.1,0.65,-0.5,-6.5,6.68
688056.SH,20240301,21.717,10.5807,14.686249806599916,-2.9039483087623164,down,50.7,False,25.4,-26.1,95.6,-0.5,0.99,1.6,-16.5,8.94
688058.SH,20240301,26.066,11.7626,15.291951200797982,0.053709813550217866,down,68.1,False,13.9,-29.8,76.2,-0.8,1.01,4.2,-4.7,8.22
688079.SH,20240301,8.26,5.883,10.411622276029053,-2.4213075060532607,down,68.1,False,14.8,-31.5,41.3,3.0,2.75,4.7,-8.9,8.36
688252.SH,20240301,14.363,8.9111,11.627097403049525,-0.9051033906565364,down,88.0,False,41.8,-35.2,86.6,0.1,0.94,8.7,1.0,8.24
688315.SH,20240301,15.207,6.1865,7.520093849108878,-4.18474176042043,down,50.8,False,8.2,-20.9,65.6,1.0,0.92,-0.5,-13.7,8.85
688362.SH,20240301,21.7,4.2913,10.460829493087553,-1.4746543778801802,down,81.8,False,14.5,-31.4,42.5,-0.5,0.95,5.5,-3.4,7.96
688478.SH,20240301,35.119,-0.5,1.9782307485977757,-6.136974412331009,down,73.8,False,48.8,-32.1,41.2,-0.1,0.93,-0.4,-8.9,8.82
002846.SZ,20240304,7.307,15.8777,28.243551898883148,-5.55877156608765,down,53.0,False,10.5,-28.8,50.0,1.1,0.86,-4.7,-19.3,7.91
300538.SZ,20240304,15.315,3.8013,9.367756426579943,-6.368141662259319,down,89.4,False,3.3,-38.9,73.1,-1.0,1.25,8.8,-1.9,9.07
301225.SZ,20240304,20.476,2.3239,4.619174386616254,-5.3680449029286255,up,86.2,False,5.9,-36.9,54.9,-1.5,1.07,9.0,3.3,8.54
600212.SH,20240304,6.702,6.1177,9.067036688897856,-6.002417080703626,up,97.2,False,-2.3,-35.2,27.0,-0.7,1.66,10.9,7.3,6.67
603222.SH,20240304,6.257,5.234,7.882623705408509,-3.7846822656949275,down,61.8,False,6.4,-24.9,55.6,0.0,0.61,0.6,-9.9,6.23
688429.SH,20240304,16.469,4.6685,7.750179887240316,-5.5478135730615445,down,61.6,False,6.5,-20.7,13.0,0.7,0.71,0.2,-7.9,6.6
300250.SZ,20240305,15.424,0.5238,3.5385951945643868,-6.186382437987059,down,90.1,False,3.1,-11.8,18.5,-2.0,1.06,-1.0,3.5,7.11
300825.SZ,20240305,11.553,4.9274,12.781629491141056,-3.836998952680193,down,88.5,False,5.3,-8.2,32.8,-0.5,0.85,-3.0,9.0,7.46
301115.SZ,20240305,16.177,2.7059,3.5446261884450436,-1.7098772300730647,down,72.3,False,2.0,-4.7,9.5,0.0,0.78,-2.0,-3.5,3.57
688426.SH,20240306,21.206,3.6674,6.48030255873393,-9.883145177262831,down,82.4,False,6.9,-4.7,10.3,-2.8,0.8,2.1,-1.8,9.03
300881.SZ,20240307,18.516,0.8668,6.048822639879026,-1.8362497299632796,down,83.3,False,5.6,-11.3,40.4,0.8,2.59,6.3,5.3,7.44
688522.SH,20240307,14.529,28.5373,30.90843017253484,-1.6053145243660416,up,88.1,False,-2.4,-15.4,22.4,-0.6,1.08,10.8,16.0,6.78
605122.SH,20240311,10.717,5.1876,10.170756741625464,1.2130260334048515,down,55.1,False,11.5,-4.3,100.0,0.2,0.64,1.4,-9.2,5.33
688231.SH,20240321,12.445,0.488,2.3760796253040173,-9.853446564925372,down,68.3,False,4.0,-10.6,53.4,0.0,1.33,6.4,6.1,3.12
002760.SZ,20240301,15.238,10.3669,13.67573867573868,-0.8930258930258894,down,50.0,False,29.7,-29.7,40.3,0.0,0.63,-0.3,-18.6,8.75
003003.SZ,20240301,7.698,13.313,15.818680633495475,-3.276593091407898,down,40.3,False,41.3,-27.8,59.3,0.9,0.66,-2.1,-21.0,8.7
300250.SZ,20240301,14.7,2.0443,8.775510204081648,-1.1564625850340127,down,78.6,False,8.2,-29.9,89.8,1.1,1.82,4.1,-0.8,7.83
300447.SZ,20240301,11.295,9.0987,13.368747233289069,-0.6197432492253241,down,78.1,False,8.6,-30.6,100.0,0.2,0.95,4.6,-4.7,7.49
300563.SZ,20240301,10.892,13.7841,24.4215938303342,-1.1935365405802312,down,63.1,False,20.4,-34.8,100.0,0.0,0.8,4.7,-11.3,9.26
300884.SZ,20240301,9.958,5.7137,7.33078931512352,-2.7113878288812954,down,64.8,False,18.6,-34.2,55.0,1.0,0.77,-0.7,-12.8,9.37
301197.SZ,20240301,12.837,9.8624,11.451273662070594,-2.882293370725242,down,54.7,False,28.2,-34.1,58.7,1.0,0.91,1.8,-19.0,10.03
301323.SZ,20240301,27.468,13.029,16.892383864860918,-1.9659239842725995,down,70.4,False,12.5,-29.7,73.9,1.6,0.72,1.8,-8.2,7.85
600543.SH,20240301,5.178,12.4817,15.109025242868434,-0.7281225254456847,down,63.5,False,14.5,-25.3,45.5,-0.8,0.71,-2.8,-11.2,5.37
600843.SH,20240301,4.446,33.5376,36.54694349417129,-2.8134833078052868,down,39.4,False,35.4,-23.1,57.1,0.2,0.54,1.6,-16.9,7.16
605018.SH,20240301,7.886,9.4714,11.412629977174738,-2.662946994674109,down,56.6,False,37.0,-26.2,50.0,0.4,0.55,0.9,-15.0,7.5
688217.SH,20240301,25.653,6.5217,8.455658779832898,-5.460907313330909,down,54.6,False,19.0,-25.3,60.3,-0.0,0.7,-5.3,-15.1,9.26
688603.SH,20240301,24.612,-1.5692,6.8242458371576165,-8.611069465419662,down,84.6,False,42.0,-43.0,34.7,-0.8,0.63,5.7,1.9,10.77
688616.SH,20240301,7.153,11.1147,14.109957708573639,-2.7227290203068577,down,52.3,False,31.3,-34.3,68.6,0.0,0.92,-0.1,-20.3,10.37
002058.SZ,20240304,11.504,0.7818,7.529685842938871,-10.116657104608894,down,75.8,False,11.5,-36.0,39.3,-2.3,2.3,5.1,-10.7,7.35
002162.SZ,20240304,4.277,-0.5818,5.218855218855212,-6.472128694350932,down,84.8,False,5.2,-29.2,100.0,-1.9,2.43,15.4,3.7,5.79
300214.SZ,20240304,5.179,12.5565,24.761281327903404,-3.0449785563530507,down,66.7,False,4.7,-23.3,42.9,-0.2,0.59,-0.2,-8.8,5.33
300629.SZ,20240304,17.228,8.1391,11.69040131228385,-1.3117034034170194,down,81.5,False,6.2,-27.1,41.5,0.7,0.64,0.9,-1.1,6.38
301228.SZ,20240304,10.94,8.7277,17.738470679647158,-5.114493349787463,down,43.8,False,14.9,-36.7,56.5,-0.5,0.61,-3.1,-28.7,10.73
301300.SZ,20240304,19.428,12.6802,24.944924170362427,-4.39453647769994,down,50.2,False,11.6,-36.0,45.7,0.4,0.79,-4.0,-24.7,9.99
301335.SZ,20240304,16.234,6.6944,13.083512278536059,-3.856222919523322,down,53.2,False,6.9,-22.3,46.0,0.8,0.65,-2.1,-14.7,6.51
603219.SH,20240304,11.446,15.8664,38.13974374431044,-1.2613594865800382,down,64.6,False,19.4,-35.3,87.3,-0.5,0.79,6.9,-10.0,7.61
603980.SH,20240304,3.262,3.3618,7.754326267224609,-6.34723563403381,down,43.8,False,13.3,-23.2,15.4,-1.2,0.83,-2.8,-23.4,7.45
688037.SH,20240304,79.346,0.6184,5.738785789193157,-1.6857030257407257,down,90.1,False,3.4,-33.0,94.4,0.4,1.19,13.0,22.4,6.38
688123.SH,20240304,49.5,14.0077,17.73737373737374,-6.080808080808076,down,99.0,False,17.7,-34.2,67.9,2.0,1.01,5.4,18.7,7.11
688229.SH,20240304,32.195,3.4602,6.538944177320549,-7.749077490774914,down,56.3,False,9.0,-37.3,32.5,1.2,0.87,-2.5,-19.3,11.18
300970.SZ,20240305,9.197,9.4967,12.939001848428845,-3.1858214635207105,down,52.6,False,9.1,-8.2,36.5,2.3,2.05,-3.5,-14.2,7.16
301009.SZ,20240305,8.445,6.8719,7.996731677857127,-6.213364595545123,down,54.0,False,4.0,-8.2,10.8,-1.3,1.17,-6.4,-13.5,6.31
301181.SZ,20240305,14.965,9.7201,11.287524624386247,-1.9702181914407313,down,77.1,False,9.5,-7.2,61.6,-0.1,1.38,-5.2,-2.1,9.15
301197.SZ,20240305,12.788,12.0026,15.320582147244677,-2.508869761327759,down,54.9,False,11.5,-6.5,20.0,-0.5,0.66,-9.5,-17.1,8.55
301369.SZ,20240305,29.506,10.5234,27.004849189790804,0.37633074809293454,down,74.9,False,6.0,-11.3,67.2,-0.7,3.53,12.8,10.5,6.5
001296.SZ,20240306,18.84,11.1376,13.959660297239918,1.3800424628450214,down,49.9,False,8.8,-4.8,89.8,0.2,0.6,4.1,-11.8,5.08
600173.SH,20240306,3.651,11.7916,12.873185428649702,-0.2738975623116868,down,40.6,False,12.6,0.0,50.0,0.0,0.53,-0.3,-18.0,6.04
688120.SH,20240306,62.813,-1.0301,2.5957718945567088,-1.2935794816734902,up,84.0,False,5.1,-9.8,20.7,0.0,0.77,7.9,32.7,4.97
688558.SH,20240306,21.493,3.1292,6.8394360954729505,-1.8145442702275028,down,79.1,False,9.1,-9.1,56.0,-0.1,1.3,11.2,15.1,6.26
002846.SZ,20240307,7.03,25.3099,33.30033186391448,-1.5503578241220728,down,55.9,False,14.8,-3.3,17.2,1.1,0.75,-3.4,-9.1,7.22
301125.SZ,20240307,7.924,2.1432,15.851165326427697,-6.2085119056633165,down,95.2,False,2.5,-24.5,1.7,4.9,2.68,8.0,9.8,10.22
603818.SH,20240307,3.9,-2.1911,2.8205128205128105,-4.61538461538461,down,65.5,False,7.7,-5.6,36.4,0.3,0.85,2.4,-6.5,5.64
688291.SH,20240307,19.937,8.4704,13.392185383959454,-0.7523699653909977,down,77.8,False,9.0,-7.1,45.9,0.5,1.19,1.8,6.5,6.51
001255.SZ,20240308,24.997,1.7471,9.010901090109025,-0.9100910091009107,down,77.8,False,7.2,-11.0,44.5,-1.0,0.85,3.1,-2.1,6.36
002769.SZ,20240308,5.805,11.4043,14.618214891066206,2.0436286466300357,down,69.3,False,12.6,-5.5,100.0,-0.2,0.37,-1.2,-8.9,6.57
003017.SZ,20240308,13.181,8.7436,17.259691980881577,-0.697974357029052,down,72.1,False,4.0,-6.0,80.9,0.6,0.46,0.1,-4.7,6.03
300819.SZ,20240308,10.415,8.7034,16.418626980316866,-1.728276524243877,down,68.8,False,12.5,-7.6,39.4,3.4,1.49,1.3,-4.9,6.57
603116.SH,20240308,4.168,5.0835,9.836852207293667,0.0,down,65.7,False,11.3,-5.3,51.7,0.0,0.43,0.5,-5.0,5.16
003004.SZ,20240311,22.326,14.7783,29.541244298250334,-4.543842110355056,up,97.7,False,-2.4,-22.7,45.7,2.9,2.38,9.3,17.8,6.9
300970.SZ,20240311,9.097,6.4711,14.18049906562604,1.6159173353852863,down,72.5,False,7.0,-7.2,100.0,0.1,0.71,3.4,3.3,5.96
603811.SH,20240311,5.129,-1.5284,6.531487619418996,-3.626437902125168,down,80.2,False,7.4,-2.8,82.6,1.1,0.39,0.0,16.7,4.38
002820.SZ,20240312,8.294,3.7275,10.24837231733784,0.36170725825896977,down,82.7,False,5.1,-5.5,100.0,-0.2,0.68,6.2,19.8,4.05
688433.SH,20240313,22.477,27.3555,41.40702301378833,-2.1931791487816876,down,73.8,False,9.7,-7.2,49.1,0.0,0.61,3.8,9.1,5.27
688173.SH,20240315,13.603,-3.427,12.184435328540122,-11.634540455501163,down,51.8,False,29.4,-18.9,90.5,-0.1,0.63,-5.7,25.5,9.11
002811.SZ,20240301,5.392,18.7486,40.145487189189,-7.707259892349871,down,35.2,False,63.5,-34.4,32.7,0.0,0.64,-4.1,-36.0,10.58
300605.SZ,20240301,10.52,9.6561,11.501901140684412,-2.5665399239543696,down,57.4,False,25.7,-34.6,89.6,0.1,1.2,2.4,-13.9,9.15
300686.SZ,20240301,6.89,24.0795,37.59071117561685,4.644412191582004,down,58.4,False,28.6,-40.1,46.4,0.3,1.54,7.9,-16.2,10.17
300691.SZ,20240301,17.11,5.783,7.948568088836927,-3.27293980128579,down,73.1,False,21.6,-28.9,83.1,0.9,1.12,5.2,-6.4,6.6
300902.SZ,20240301,19.661,9.4546,11.263694345265352,0.715106757402828,down,73.8,False,10.7,-30.2,67.4,0.6,2.03,9.6,0.5,8.01
301486.SZ,20240301,33.166,16.3549,39.31737321353195,1.266357112705796,down,65.4,False,14.2,-26.8,61.5,-0.0,1.21,3.0,-8.9,7.9
600067.SH,20240301,1.718,2.9324,4.503245713620352,-5.393997613017798,down,37.5,False,40.0,-24.0,44.4,2.3,0.62,1.7,-23.0,8.35
600080.SH,20240301,7.348,-2.1082,0.7379099537547562,-5.114197757690064,down,82.0,False,-2.8,-38.7,11.1,0.0,0.58,2.8,4.5,7.8
600183.SH,20240301,14.84,0.5686,4.312668463611868,-0.26954177897573484,down,94.3,False,3.2,-26.9,69.4,-0.4,0.85,7.8,6.1,5.21
603217.SH,20240301,14.215,6.7864,8.396451456553145,-3.2106706735859136,down,55.0,False,54.6,-27.5,72.7,0.6,0.53,3.5,-16.3,6.99
603321.SH,20240301,6.054,8.5213,9.93004451712547,-4.275791438506071,down,53.3,False,26.8,-30.5,54.2,0.3,0.77,2.9,-18.2,8.46
688123.SH,20240301,47.79,21.0033,21.950198786356978,-2.720234358652429,down,89.0,False,21.9,-31.9,79.4,1.7,0.84,6.0,4.1,7.67
688528.SH,20240301,7.44,14.3556,17.069892473118276,-2.1505376344086002,down,49.0,False,36.8,-35.3,54.3,1.2,0.89,3.5,-22.9,10.23
001222.SZ,20240304,11.92,3.9574,5.959931541326902,-5.953219906708263,down,54.9,False,7.4,-25.6,16.1,0.4,0.6,-2.4,-14.5,5.91
001259.SZ,20240304,27.492,-7.9951,-0.9177115046758555,-13.030193908839927,down,59.8,False,13.4,-21.5,15.5,-0.3,1.25,-6.6,-9.7,6.98
002452.SZ,20240304,5.872,10.9025,16.17847411444142,0.0,down,83.5,False,7.2,-36.3,91.7,0.3,1.11,10.6,0.2,6.19
002821.SZ,20240304,97.877,-4.6211,6.375348651879409,-6.916844611093509,down,82.4,False,10.7,-21.8,78.4,-0.2,1.34,8.4,19.4,4.34
300132.SZ,20240304,3.772,7.223,10.819480898221045,-2.7015562448633346,down,56.7,False,7.9,-30.8,58.3,0.3,0.64,-3.6,-17.2,8.65
300259.SZ,20240304,2.918,5.3973,7.179703379228308,-1.389188800115182,down,78.6,False,3.1,-28.8,50.0,-0.3,0.65,0.7,-5.8,5.88
300658.SZ,20240304,4.829,7.6347,10.742521566629804,-3.959645657062638,down,48.5,False,11.6,-29.4,66.7,-0.2,0.62,-2.4,-21.8,8.46
300836.SZ,20240304,13.533,20.191,40.268818396104436,-5.115529841206512,down,63.6,False,17.0,-38.8,52.0,0.1,0.55,-9.4,-16.4,11.83
300877.SZ,20240304,12.258,12.0064,16.917845879241455,-4.129324255313582,down,46.2,False,12.2,-25.9,61.0,0.1,0.54,-6.2,-21.2,8.54
301115.SZ,20240304,16.0,3.0308,4.249999999999998,-0.6249999999999978,down,66.8,False,3.1,-15.6,76.6,0.1,1.38,1.4,-3.9,3.81
301156.SZ,20240304,7.491,11.599,21.28687429334977,-3.742059153715027,down,55.8,False,10.8,-35.9,31.3,0.1,0.7,-5.2,-21.0,10.23
301176.SZ,20240304,11.444,9.4159,17.087833350809124,-4.145258816539088,down,58.7,False,8.0,-35.3,44.0,0.1,0.65,-2.1,-18.4,9.1
301190.SZ,20240304,14.936,5.8067,17.41327907563739,-3.2078590638940585,down,50.1,False,7.2,-14.5,87.1,-0.1,0.47,-0.4,-9.8,5.46
301321.SZ,20240304,14.4,5.0753,7.361111111111107,-7.569444444444439,down,79.9,False,10.1,-40.4,58.9,4.2,1.28,5.6,-7.2,8.87
600080.SH,20240304,7.179,-0.3648,3.0993888136745307,-2.8899028899028845,down,77.1,False,11.0,-37.3,47.8,-0.6,0.4,-3.0,2.9,7.44
600543.SH,20240304,5.2,13.0732,14.615384615384608,2.115384615384608,down,64.6,False,6.3,-25.6,100.0,0.8,0.87,3.2,-8.1,4.94
603116.SH,20240304,4.106,8.3871,10.50948355023591,-2.619150268053083,down,29.7,False,12.9,-20.4,89.5,-0.7,0.58,-4.6,-30.1,6.82
603321.SH,20240304,6.004,8.9189,12.168677708661214,-3.486638853497892,down,51.8,False,11.0,-30.0,61.5,-0.2,0.59,-6.4,-21.1,7.9
603726.SH,20240304,10.595,6.4765,12.175554506842845,-5.474280320906089,down,68.9,False,16.9,-37.5,44.6,4.0,2.25,5.8,-10.2,7.25
603879.SH,20240304,4.465,41.9374,60.13796501601381,-6.380881990638098,down,49.0,False,16.2,-33.7,38.1,-0.9,0.69,-2.2,-25.4,9.15
605388.SH,20240304,6.197,4.8757,7.125568786910641,-2.346145157646762,down,52.1,False,8.0,-22.1,72.1,0.1,1.19,0.1,-11.9,6.08
688129.SH,20240304,11.793,8.7325,12.20329554782207,-5.180074756971997,down,54.9,False,13.2,-26.0,57.8,0.0,0.77,-6.0,-14.4,8.32
688420.SH,20240304,22.319,2.8441,4.32572710784207,-3.8289208622778625,down,69.1,False,7.6,-21.3,27.5,1.5,0.88,-5.5,-6.4,6.56
688519.SH,20240304,17.832,24.6398,45.87258860475549,-3.5329744279946063,down,78.7,False,6.6,-38.8,37.0,-0.7,0.74,3.1,-1.9,8.43
300132.SZ,20240305,3.752,10.7157,12.470349937368397,-1.6550731590309398,down,56.8,False,8.5,-6.7,56.2,0.8,0.55,-5.1,-14.2,7.58
300005.SZ,20240306,4.877,13.1121,17.00439227844832,-1.0404491525076276,down,73.5,False,10.2,-2.5,37.5,0.2,0.46,1.2,-4.8,6.04
688455.SH,20240306,9.24,7.7009,9.523809523809511,1.6233766233766378,down,55.1,False,11.4,-2.7,91.4,-0.4,0.71,4.6,-6.3,5.3
301130.SZ,20240307,21.383,7.4225,13.59018211187295,-2.2635260424046844,down,77.7,False,9.2,-12.0,2.9,0.9,0.39,2.1,3.3,7.17
603655.SH,20240307,14.405,11.8046,17.393869971189545,-1.4891179839633506,down,69.2,False,13.3,-5.8,26.1,0.8,0.59,-1.4,-5.1,7.74
002820.SZ,20240311,8.034,8.3951,13.816280806572067,2.6138909634055185,down,72.0,False,8.5,-2.5,100.0,-0.1,0.71,3.2,6.4,4.15
601089.SH,20240311,13.323,1.9973,3.978083014336109,1.3510470614726433,up,88.1,False,2.7,-5.1,100.0,-0.5,0.52,1.8,14.4,2.85
688528.SH,20240311,7.6,6.0609,14.605263157894743,1.4473684210526416,down,80.9,False,8.7,-4.2,88.9,0.7,0.33,3.2,5.8,6.78
001231.SZ,20240312,15.09,5.2152,12.59111994698474,2.054340622929085,down,72.9,False,10.4,-6.2,93.2,0.1,0.73,9.4,14.9,5.25
300885.SZ,20240312,7.239,-3.1571,10.91310954551734,-3.0390937974858367,down,79.5,False,11.6,-8.3,96.2,0.6,0.71,10.3,33.5,6.54
301126.SZ,20240312,8.966,2.7391,10.930180682578627,-0.11153245594467398,down,72.7,False,10.5,-3.8,100.0,0.3,0.95,3.6,20.2,5.94
301148.SZ,20240312,15.113,11.7574,27.989148415271625,0.5955137960696133,down,75.0,False,9.7,-7.5,93.6,0.1,0.77,8.3,24.3,5.38
301313.SZ,20240320,28.384,0.4828,16.44117221181154,-1.8788209956986823,down,54.9,False,2.9,-6.8,81.5,-1.8,1.42,4.1,32.0,6.98
300819.SZ,20240325,11.499,5.0346,7.793388034455617,-3.946916430773517,down,75.0,False,5.4,-14.2,10.7,-0.3,0.57,-3.0,1.8,4.96
688515.SH,20240328,73.6,-17.5801,20.095108695652186,-21.19565217391304,up,37.2,False,32.3,-17.5,66.3,1.7,0.66,-10.4,19.5,9.13
301166.SZ,20240329,28.609,-3.365,6.920899017791582,-8.109336222866926,down,20.7,False,8.5,-1.0,56.0,-0.3,0.4,-2.7,-2.5,3.55
603219.SH,20240301,10.972,24.3229,44.11228581844695,2.369668246445489,down,57.0,False,24.5,-32.5,89.4,-0.1,0.91,9.5,-6.7,8.45
300124.SZ,20240304,63.63,1.7176,5.280528052805278,1.3672795851013664,down,87.7,False,2.1,-6.3,68.4,-0.3,0.94,6.7,14.0,3.7
688072.SH,20240322,142.516,-1.544,3.7953633276263776,-5.181172640264942,up,84.0,False,0.5,-5.8,53.2,1.0,1.23,6.0,16.4,3.35
601689.SH,20240325,41.39,0.396,7.373969314267836,-3.7229354393533476,up,83.4,False,2.7,-13.4,1.8,-1.2,1.12,-1.6,5.2,4.54
688282.SH,20240325,28.215,-17.5726,1.7189438242069865,-19.936204146730464,up,81.1,False,-12.8,-24.2,0.0,-1.5,1.02,-2.8,16.0,5.96
688165.SH,20240329,9.969,-17.8902,5.523958552756958,-19.753643686116384,up,49.1,False,9.0,-15.4,93.3,0.0,0.66,-2.4,10.7,4.02
301041.SZ,20240412,21.894,-3.2129,0.22837307024756726,-10.276788161140038,down,5.4,False,15.4,0.6,48.7,1.1,0.36,-8.2,-4.2,6.44
688433.SH,20240415,22.774,-4.8695,-4.302984636839624,-10.406446661011092,up,8.1,False,25.2,2.3,27.7,-1.0,0.72,-12.8,-1.8,10.6
002726.SZ,20240417,7.247,-6.553,1.700060716454166,-8.787326820113705,up,72.1,False,3.4,-8.0,53.1,0.5,1.71,-2.2,3.9,3.01
300759.SZ,20240430,19.157,11.9649,20.845684899222185,0.33151524547319067,down,59.7,False,26.9,-9.8,32.4,-0.2,0.76,7.2,-3.1,4.04
688550.SH,20240408,25.449,-2.9917,-1.3829259686258033,-3.6895053389257026,down,37.4,False,12.9,2.1,1.1,0.0,0.99,-4.2,-5.6,4.5
301156.SZ,20240410,8.861,-14.4973,-4.215337734890811,-14.790361717736022,up,79.0,False,0.7,-11.9,5.3,-1.4,1.4,-1.4,10.0,4.85
001209.SZ,20240412,15.098,-4.5809,3.7920185461169043,-15.416459678754768,up,32.8,False,5.2,-1.9,86.4,0.3,1.57,3.3,3.5,3.48
600400.SH,20240417,2.386,11.4839,12.745714405465435,0.590971960266562,up,1.1,False,20.3,-0.3,95.5,-3.3,0.87,-6.3,0.0,6.89
301429.SZ,20240419,14.481,2.3244,3.9105072741498548,-10.591524046094369,down,88.3,False,0.9,-26.5,5.0,9.4,6.51,3.6,-6.4,6.61
300470.SZ,20240426,31.129,3.8176,6.728320639207008,1.5883479388870025,down,87.7,False,0.1,-11.3,85.4,-0.2,1.85,9.5,8.1,3.85
688580.SH,20240430,29.457,0.9471,9.181208828326959,-2.4694941347604638,down,32.0,False,4.1,-5.2,81.1,0.2,1.1,2.2,-7.1,4.74
002782.SZ,20240408,10.397,-5.3465,1.8757369928575462,-8.319531248497169,down,17.2,False,15.1,-3.1,4.7,-0.2,0.68,-2.3,-5.6,3.94
301246.SZ,20240409,17.221,-4.2764,2.206608210905281,-4.587422333197832,down,5.2,False,30.6,-1.7,100.0,0.1,0.79,3.3,-15.9,4.42
300875.SZ,20240410,28.136,-9.8062,13.023265732625333,-12.922326715430167,up,14.5,False,27.9,-4.7,98.0,-1.0,0.77,-12.8,-0.3,9.22
301533.SZ,20240410,28.129,3.0914,13.08258381030254,-3.3417469515446774,down,32.2,False,12.5,-2.6,18.6,2.4,0.91,-5.9,-2.8,6.21
688472.SH,20240410,11.606,-1.4617,0.8377729353588492,-1.5748201110309945,down,8.7,False,22.8,1.0,33.3,0.5,0.51,-6.1,-16.6,4.13
301227.SZ,20240411,19.382,-9.0657,-1.7965950236866646,-10.84096661785906,up,27.7,False,2.4,-6.5,40.3,-0.4,1.49,-5.6,-3.2,6.05
603980.SH,20240411,3.5,-0.1829,3.296043890103295,-5.276241909905277,up,42.9,False,12.7,-2.4,57.1,-0.3,0.79,-4.3,9.8,4.48
300481.SZ,20240412,12.126,7.172,8.494144812798954,-6.597394029358394,up,23.8,False,19.0,-5.9,63.0,0.0,1.25,-6.7,-2.7,5.38
300801.SZ,20240416,13.281,-6.1549,1.0101010101010166,-5.766573675630693,up,17.4,False,15.5,-3.3,2.0,-0.4,1.0,-17.2,-8.8,5.33
000795.SZ,20240418,5.355,6.3858,9.040114586426306,-0.8573440076490413,up,41.7,False,9.0,-6.5,76.5,-0.2,0.7,-3.6,1.3,4.16
301130.SZ,20240418,22.7,6.7722,9.688625978041143,-2.2939059573888865,down,35.3,False,5.1,-1.7,0.0,0.5,0.53,-2.2,-2.3,3.7
301335.SZ,20240418,17.432,-4.8306,0.7806369005823877,-4.841233782624066,down,56.3,False,6.3,-1.9,6.4,0.5,0.74,-2.3,-0.7,5.1
603755.SH,20240418,19.887,10.7912,15.940061346608324,-2.916478101272202,down,20.7,False,18.0,-3.0,30.6,0.3,1.1,-6.0,0.5,5.3
301263.SZ,20240424,10.652,3.2607,6.336838152459645,1.7179872324446288,down,45.1,False,2.7,-6.9,76.3,0.9,1.26,1.2,-2.3,3.62
300102.SZ,20240425,6.146,-0.3998,14.806378132118446,-0.976244712007801,down,29.7,False,19.7,-8.3,80.0,1.0,0.89,-1.1,-9.0,4.69
301171.SZ,20240426,12.337,1.0451,10.801482972884035,-2.175340307261342,down,52.0,False,11.1,-12.0,67.1,-0.1,1.61,15.2,1.6,4.36
300158.SZ,20240430,4.66,2.8127,17.16738197424892,-7.296137339055786,down,71.7,False,6.0,-15.2,75.0,0.9,1.27,8.3,-2.1,4.15
603233.SH,20240403,19.51,-0.9661,4.510507432086097,-2.4090210148641877,up,24.6,False,9.0,-2.9,83.3,-0.4,0.58,2.0,-3.9,2.32
688183.SH,20240403,8.023,2.6642,16.964312423345017,-8.213427463180667,up,44.0,False,19.2,-3.2,46.4,0.0,0.28,0.1,13.1,7.08
301021.SZ,20240408,17.89,-9.3871,0.39524233536738507,-13.9141959129785,up,18.6,False,7.3,-5.6,2.2,0.1,0.62,-5.0,-1.7,6.93
301095.SZ,20240412,50.027,-3.4157,9.155056269614414,-7.815779479081309,down,8.1,False,18.8,-0.2,27.3,0.9,0.87,-10.1,-19.5,5.54
002932.SZ,20240418,18.831,4.3182,7.382643001169886,-4.67208226526874,up,27.0,False,11.8,-3.7,28.3,-0.2,0.43,-2.8,1.7,5.28
688371.SH,20240418,10.188,-2.9182,-0.7566678346971778,-4.093897874871544,down,20.0,False,20.5,1.7,18.4,-0.4,0.97,-8.3,-25.0,6.44
300080.SZ,20240430,4.079,-5.0194,6.649014416004695,-7.325684024713164,down,48.2,False,11.1,-10.3,55.6,-0.2,0.8,7.1,-2.9,4.92
300786.SZ,20240430,11.751,1.4576,7.817858449703441,-3.244747389650504,down,42.1,False,26.8,-19.5,78.9,1.6,0.64,13.1,-15.0,6.48
002426.SZ,20240507,1.713,2.3564,6.264961756291254,-3.6608863198458574,down,70.5,False,5.1,-17.7,66.7,-0.6,1.18,17.4,-3.3,5.51
688202.SH,20240509,41.313,-19.3939,-2.7901831640149477,-22.541978616744974,down,93.8,False,5.3,-24.0,70.0,-3.4,2.32,11.1,2.2,5.14
688502.SH,20240516,92.766,2.6965,12.512163673812715,-3.323384642019034,down,73.2,False,4.0,-9.7,14.3,1.8,1.84,-2.8,1.6,5.02
600666.SH,20240524,1.426,-6.1923,-2.4971941638608386,-6.705948372615033,down,51.8,False,11.5,-3.9,16.7,-1.4,1.77,-3.5,-4.2,3.99
000757.SZ,20240506,3.3,-3.424,3.6363636363636376,-4.242424242424237,down,53.4,False,-0.3,-18.8,81.8,0.9,0.81,11.5,-9.8,6.36
002602.SZ,20240506,4.69,-14.9458,0.8528784648187626,-17.27078891257997,down,64.8,False,9.2,-16.8,25.0,1.5,1.21,14.4,-3.7,4.75
600530.SH,20240520,2.318,5.1973,15.962036238136324,-0.8628127696289956,up,128.9,False,-11.2,-19.8,100.0,5.0,4.99,24.1,17.2,3.2
301428.SZ,20240530,26.138,4.4456,13.138046627933742,-4.154796965947649,up,55.8,False,5.6,-7.1,5.1,-1.0,1.07,-9.1,-5.4,4.62
002583.SZ,20240506,4.32,-1.3239,3.47222222222221,-5.7870370370370345,down,59.0,False,-5.8,-17.6,56.5,1.6,1.17,16.2,-9.8,5.52
300700.SZ,20240506,7.73,0.1166,7.7619663648124115,-1.5523932729624823,down,35.1,False,1.7,-10.1,92.7,1.9,1.26,3.2,-12.5,4.96
001267.SZ,20240508,3.93,8.6069,19.07487978016944,-2.04310103554437,down,76.6,False,4.6,-15.0,14.3,-0.3,1.09,8.9,-1.8,3.41
300138.SZ,20240510,10.32,-9.5868,1.2596899224806002,-10.852713178294582,down,51.3,False,22.3,-13.8,46.3,0.2,2.02,12.5,-8.1,3.04
300759.SZ,20240510,20.211,0.6372,14.54653406560784,-1.9296422740091912,down,85.4,False,20.2,-14.5,84.3,-0.4,2.47,10.2,6.8,3.76
688084.SH,20240517,40.992,19.6201,25.63914910226388,0.6342701014832253,down,24.8,False,11.0,-3.6,100.0,0.3,1.64,2.0,10.6,4.01
002289.SZ,20240520,3.68,0.6579,5.163043478260865,-0.27173913043478937,down,53.4,False,3.5,-21.5,50.0,5.1,0.28,21.1,-11.3,4.91
300143.SZ,20240506,6.513,0.4139,2.8404729003531415,-0.2303086135421406,down,84.6,False,2.7,-14.9,62.3,2.6,1.02,8.3,-1.2,3.77
300335.SZ,20240507,4.178,7.4642,13.935564172531013,0.29201972329937487,down,66.1,False,7.7,-13.8,80.0,0.2,0.71,7.6,-4.9,5.18
301313.SZ,20240508,23.563,-0.1965,4.914529098386922,-6.416800244790666,down,56.2,False,40.3,-9.3,18.6,0.1,0.94,3.4,-7.0,5.71
600778.SH,20240508,4.475,-0.9529,5.256100831322086,-2.788951461517819,down,64.5,False,8.4,-16.4,76.9,0.0,0.76,8.4,-5.8,6.31
688184.SH,20240508,16.325,-0.1891,7.196893127760329,-1.8689012624731216,down,34.5,False,0.7,-6.9,26.5,0.5,0.79,-1.0,-10.2,3.41
600337.SH,20240509,2.318,-4.7052,8.196721311475397,-5.608283002588433,down,28.1,False,5.2,-6.9,42.9,1.3,0.78,-3.7,-11.8,5.28
000989.SZ,20240510,8.06,-9.7704,3.970223325062028,-9.925558312655092,down,41.7,False,2.2,-7.4,35.7,-0.2,1.47,4.5,-6.0,3.68
688677.SH,20240510,45.399,-9.8115,0.8118605920516275,-10.840270646629403,down,80.0,False,2.6,-17.7,8.1,0.0,0.77,5.7,-3.0,5.3
688677.SH,20240516,42.825,-4.3788,5.003056595825561,-8.306795356589614,down,53.5,False,11.1,-1.4,71.3,-1.1,0.36,-5.5,-1.4,5.39
000607.SZ,20240507,3.941,-3.6919,0.7612281146917033,-7.104795737122549,down,52.9,False,6.6,-8.4,30.0,0.0,0.77,7.9,-6.2,4.28
002488.SZ,20240507,5.443,-5.8091,1.9287086948054588,-8.54341891082524,down,85.3,False,-0.1,-19.8,85.7,0.2,0.72,10.0,3.8,4.7
300575.SZ,20240507,6.12,1.8669,4.90196078431373,0.0,down,83.9,False,0.3,-11.3,94.4,0.0,0.96,6.5,0.2,5.53
300821.SZ,20240507,7.995,1.4726,4.502814258911814,1.5009380863039379,down,96.6,False,-0.6,-17.8,57.4,0.4,1.98,15.5,5.4,4.14
003016.SZ,20240508,6.559,4.1841,8.176100628930815,-2.8016009148084553,down,57.6,False,13.1,-13.2,12.5,0.0,0.68,4.0,-7.0,4.29
301037.SZ,20240508,10.537,-0.1372,5.072143970950682,-3.9440728814025827,down,80.5,False,0.9,-26.4,18.4,-1.3,1.64,11.9,-4.8,7.4
600180.SH,20240508,4.622,0.3775,4.110774556469066,-3.0289917784508846,down,44.6,False,2.6,-7.6,15.8,-0.4,1.9,4.5,-8.4,5.05
688420.SH,20240508,22.071,-3.3257,0.9647928101323533,-4.1097255863560616,down,85.3,False,2.7,-13.5,26.4,0.2,0.76,3.0,-1.7,3.5
300903.SZ,20240509,6.94,4.3457,16.570605187319877,-6.91642651296831,down,67.7,False,15.9,-19.6,44.9,0.3,0.92,2.4,-0.4,6.02
301057.SZ,20240509,12.248,0.7247,9.715871979098644,-7.674722403657741,down,78.1,False,6.0,-21.6,40.9,1.4,0.65,4.2,3.5,5.42
603153.SH,20240509,18.304,-7.8974,4.01489064477869,-8.168165510368986,down,66.1,False,5.1,-16.1,98.7,0.1,1.07,0.0,2.1,5.11
301313.SZ,20240506,23.621,0.403,4.65687312137506,-4.783878751958004,down,47.8,False,39.9,-9.5,33.9,2.3,0.85,1.3,-15.3,5.68
600703.SH,20240507,12.417,-0.4045,2.1376256585952103,-0.43957353796294507,down,79.7,False,1.0,-10.9,80.0,0.0,0.84,10.4,2.8,2.81
002426.SZ,20240510,1.703,1.3093,6.882781301385954,-3.100775193798444,down,75.1,False,5.7,-17.2,75.0,0.0,0.61,0.0,-2.3,4.57
601929.SH,20240606,1.138,-12.5406,8.915239350021963,-16.5568730786122,down,45.0,False,21.3,-17.4,0.0,-4.3,2.28,3.0,-22.4,7.21
605338.SH,20240617,13.038,-9.6896,-3.131543222659383,-10.034283610593398,down,27.0,False,6.2,-7.3,30.2,-1.8,2.17,1.5,-16.7,4.39
600653.SH,20240603,1.48,4.6576,25.67567567567568,-4.729729729729737,down,100.0,False,-4.1,-6.1,100.0,5.7,3.6,18.5,4.8,3.9
301169.SZ,20240605,27.591,-2.8396,3.1122129076919025,-6.854696951575323,down,1.5,False,17.8,-0.4,43.0,0.0,1.06,-1.7,-16.3,4.36
002445.SZ,20240613,1.762,-1.0907,1.5775734876858571,-1.827261377823175,down,50.6,False,2.2,1.6,9.1,2.2,3.25,3.5,-7.4,4.1
605151.SH,20240613,15.127,-3.574,0.7456766619070354,-4.47670421492411,down,49.4,False,2.9,-7.3,2.3,-0.9,1.28,2.2,-5.9,3.16
600022.SH,20240617,1.238,0.2857,1.8181818181818077,-4.646464646464654,down,65.6,False,1.8,-9.5,33.3,-2.4,1.86,4.3,-6.2,3.01
002702.SZ,20240620,3.802,-3.5921,1.0101010101010166,-9.24873737373736,down,40.6,False,-0.8,-10.0,10.0,-1.6,1.68,-2.2,-16.3,4.03
688455.SH,20240620,8.306,-3.8374,4.742297829306152,-7.77862053189825,down,59.0,False,9.4,-11.9,90.9,-0.5,1.81,7.4,-4.0,3.79
300019.SZ,20240621,13.226,-7.8939,-1.6361216960019354,-7.911449827617489,down,53.2,False,7.9,-5.3,10.4,-0.4,1.16,0.8,4.6,4.0
600234.SH,20240613,2.14,0.2997,18.224299065420535,0.0,down,27.0,False,2.3,-7.5,100.0,4.9,0.54,0.9,-24.9,6.91
002105.SZ,20240617,4.247,4.133,29.029219938310867,-1.579901579901577,down,29.9,False,17.5,-7.5,8.3,-0.5,0.89,-1.6,-15.1,4.46
600307.SH,20240617,1.218,-0.2113,1.8313213435164677,-7.20210232405355,down,45.0,False,10.8,-8.9,0.0,-1.6,0.61,0.0,-10.4,3.51
601005.SH,20240617,1.109,-4.535,-0.7936507936507908,-4.401154401154395,down,23.3,False,14.5,-2.6,33.3,-0.9,1.03,-1.8,-14.2,3.41
603333.SH,20240619,3.257,-7.6647,0.08903625924903125,-8.507568082036165,down,34.1,False,17.6,-9.1,15.4,0.3,0.71,-0.6,-13.2,4.65
002271.SZ,20240603,14.602,-8.4132,7.926724875877422,-10.905666837870221,down,-2.3,True,23.3,-13.4,39.0,0.1,0.44,-8.1,-2.9,4.96
688591.SH,20240606,17.724,8.345,18.55695986847192,-4.6319757932336785,down,38.6,False,7.7,-5.0,7.8,0.3,1.47,-6.3,-9.6,4.28
002367.SZ,20240614,5.564,-2.7998,0.291167906826284,-2.4048312304540076,down,4.7,False,19.7,-1.0,78.6,-0.9,1.36,-1.4,-15.5,2.79
688737.SH,20240614,17.216,-8.0519,2.810741108613435,-8.051184646929332,down,27.1,False,9.5,-5.8,48.5,-0.6,1.07,6.2,-10.0,3.7
600130.SH,20240617,3.18,-0.086,3.7735849056603765,-4.716981132075482,down,42.6,False,9.7,-7.2,37.5,-0.3,0.6,3.6,-7.8,4.41
688576.SH,20240619,39.132,-5.9309,4.14238985996116,-6.68506593069611,down,22.1,False,16.9,-4.3,13.0,0.4,1.35,0.6,-12.0,2.86
002203.SZ,20240620,8.197,-5.2922,-1.063777875372074,-6.187478651246748,down,21.1,False,2.4,-3.5,17.1,-0.6,1.09,-0.4,-11.0,2.69
301115.SZ,20240604,15.295,-2.738,1.9254028962766956,-3.6971658330881563,down,8.3,False,10.4,-0.9,94.3,-1.9,0.89,-3.0,-3.6,2.83
600576.SH,20240605,5.089,-2.3336,-1.5446291710883076,-9.012302008410956,down,2.4,False,4.5,-0.2,0.0,-0.8,1.17,-5.4,-10.4,3.35
002132.SZ,20240614,2.198,-3.0244,4.650104650104647,-5.814905814905824,down,19.7,False,18.3,-5.8,83.3,0.0,0.62,6.7,-17.1,4.58
301207.SZ,20240614,16.686,-5.6631,1.378401054776468,-7.551240560949301,down,25.2,False,26.2,-6.4,83.3,0.0,1.34,6.9,-12.6,3.09
600699.SH,20240614,14.995,0.4238,6.6788310945184115,-0.05695406461285746,down,31.3,False,2.7,-4.3,95.6,-0.4,0.97,3.2,-5.0,2.76
601880.SH,20240614,1.229,-1.4729,2.4410089503661414,-1.6273393002441017,down,0.0,True,13.8,0.0,66.7,0.0,1.0,1.6,-9.4,2.06
300597.SZ,20240617,6.675,10.8356,21.8353814022755,-0.637942761941579,down,41.3,False,10.0,-8.3,20.0,0.0,0.68,2.9,-10.5,3.82
688455.SH,20240617,7.9,1.1136,10.123794334320625,-1.9012176906913814,down,32.8,False,15.1,-7.3,36.7,0.0,0.9,2.6,-12.2,3.73
000672.SZ,20240619,4.914,1.2249,5.291005291005302,-1.6280016280016296,down,17.4,False,20.5,-4.3,22.2,0.0,0.65,0.4,-14.5,3.21
002132.SZ,20240619,2.25,-6.6096,0.8888888888888946,-8.000000000000007,down,30.0,False,15.6,-8.0,0.0,-0.4,0.58,-0.4,-13.8,4.43
688236.SH,20240619,14.422,-1.4751,2.1888295364407506,-1.6247039311289568,down,-0.5,True,60.5,1.4,6.2,0.1,0.48,-2.8,-26.6,4.75
000510.SZ,20240620,2.95,0.0041,5.7555419971527355,-9.497661175513528,down,28.1,False,1.4,-6.1,0.0,0.0,0.7,1.0,-21.2,5.81
000672.SZ,20240620,4.885,2.0385,5.923441959112807,-1.037124385320587,down,15.0,False,21.2,-3.7,93.3,-0.2,1.78,7.3,-11.6,3.06
603153.SH,20240620,16.7,-6.183,0.47118885817090117,-7.193339524835151,down,26.6,False,3.6,-4.6,19.4,-0.2,0.58,-0.4,-11.0,2.34
603863.SH,20240620,18.226,4.4413,13.080835514295597,-16.87653284611459,down,10.8,False,15.9,-17.7,0.0,0.0,0.93,-4.4,-61.2,15.67
688232.SH,20240620,19.67,-4.4588,2.3385866802236865,-8.337569903406205,down,43.1,False,6.6,-6.3,10.8,0.0,1.5,-1.0,-7.2,4.15
301248.SZ,20240606,13.018,-3.1481,-0.14210546529938028,-3.0610285363137146,down,2.8,False,12.8,1.3,26.4,0.8,0.86,-6.9,-13.2,7.85
002932.SZ,20240611,17.502,-2.6753,1.8671356360139724,-2.9322582690985755,down,21.4,False,2.8,-0.9,88.0,-0.4,0.64,1.8,-7.0,2.74
002570.SZ,20240614,2.564,-6.2309,4.910104910104907,-6.009906009905997,down,12.4,False,26.0,-3.7,85.7,-0.8,0.88,4.4,-17.9,4.17
000882.SZ,20240617,1.138,-9.5978,0.13175230566535578,-10.408432147562575,down,19.1,False,32.7,-7.7,0.0,-0.9,0.6,-4.3,-23.8,6.7
300841.SZ,20240618,53.513,-3.427,0.3924280081475606,-3.531852073327979,up,9.3,False,4.1,-1.6,17.4,0.6,1.1,-2.6,-13.5,2.82
000795.SZ,20240619,5.331,-4.7738,0.822524220852916,-7.618431295311523,down,20.8,False,8.7,-2.9,28.6,-0.4,0.7,-0.4,-7.8,2.92
002255.SZ,20240816,4.396,-3.1704,7.835107835107835,-4.449904449904441,down,21.8,False,11.9,-1.0,60.0,-0.2,1.68,-1.6,-2.2,3.55
688211.SH,20240808,24.156,-4.019,0.3891372743831889,-3.874813710879288,down,59.6,False,1.8,-3.0,28.6,0.4,1.48,-0.9,-0.5,2.49
000981.SZ,20240805,1.396,-15.8356,-6.153735940969973,-26.212479403968757,up,97.8,False,-2.6,-44.8,0.0,-4.3,5.48,33.7,-3.8,7.37
002706.SZ,20240805,5.754,-1.82,1.5314883174483818,-1.4230397575201614,down,34.8,False,6.9,-3.7,4.2,-0.7,1.35,-1.2,-4.3,2.86
600955.SH,20240807,13.86,-4.5581,2.4531024531024626,-4.545454545454541,down,35.9,False,3.8,-3.0,69.2,0.5,0.83,-2.0,0.4,2.25
688067.SH,20240807,13.597,-6.0515,2.1328234169302185,-7.575200411855554,down,74.3,False,2.6,-7.6,44.4,0.6,0.86,-0.4,1.4,3.07
300770.SZ,20240808,26.714,0.6872,5.052900783704217,-2.1717321450496763,down,48.8,False,3.6,-6.6,85.3,-0.7,0.85,0.9,-4.4,3.09
000538.SZ,20240809,47.53,2.2671,3.8924971439031175,0.694510192531439,down,73.5,False,2.7,-7.4,60.0,-0.0,1.21,5.5,2.6,2.53
002996.SZ,20240809,5.202,-5.6483,-0.1922337562475951,-5.382545174932718,down,17.1,False,6.9,-3.7,6.7,0.6,1.36,-4.5,-14.0,3.17
600256.SH,20240812,5.282,4.0851,5.364800772485889,-0.12590762356460283,down,55.0,False,4.2,-1.8,60.0,0.0,1.32,3.2,-0.7,2.9
601966.SH,20240812,15.987,-5.7839,0.19691590164714334,-6.371117666634129,down,25.8,False,3.1,-3.9,17.9,-0.7,0.68,2.5,-9.6,3.26
001330.SZ,20240830,4.1,-0.5997,2.682926829268295,-0.7317073170731603,down,23.2,False,12.9,1.7,56.3,0.0,1.39,3.2,-4.8,3.7
301035.SZ,20240807,29.004,-7.0512,3.106361426325921,-7.94037931970143,up,79.2,False,-0.7,-8.7,61.6,-0.7,1.1,1.2,2.7,4.0
688371.SH,20240807,8.772,7.093,9.103676421134942,-2.5237136059842236,down,24.9,False,6.6,-2.7,36.1,1.6,1.41,-4.6,-5.4,4.76
002706.SZ,20240808,5.784,-6.0845,2.739133892848389,-6.251837097437917,down,39.7,False,3.4,-3.0,68.4,-0.5,1.02,0.3,-3.9,2.91
002870.SZ,20240809,28.616,2.5439,3.631016967809919,-1.1565228482716905,down,65.6,False,3.5,-3.1,1.5,-0.2,0.5,-0.0,-0.8,2.58
600256.SH,20240809,5.335,0.5542,3.373945641986875,-1.3120899718837897,down,64.8,False,3.2,-2.8,30.0,0.4,0.71,1.3,-1.5,3.12
688371.SH,20240809,8.831,0.7303,8.379571962405175,-3.17064885063979,down,29.0,False,5.9,-4.8,20.0,0.0,1.14,-0.1,-9.0,4.66
002455.SZ,20240812,7.267,-4.0221,2.111028541546256,-3.6688409985412673,down,7.3,False,12.0,-1.5,15.8,0.0,0.53,-3.1,-13.4,4.03
300432.SZ,20240813,4.257,1.4077,7.728447263330995,-0.6577401926239013,down,49.3,False,6.0,-5.9,51.0,2.9,5.43,6.2,1.5,3.13
688475.SH,20240814,26.304,-2.0543,-0.01634713716008873,-2.145276627775694,down,14.1,False,8.0,0.5,6.3,1.0,0.98,-5.5,-7.8,4.44
688310.SH,20240816,10.425,1.087,5.710476080846449,-8.582501175093771,down,42.2,False,8.9,-3.6,58.6,0.2,1.38,2.7,-2.2,5.43
605056.SH,20240822,8.559,7.9197,11.40905877747982,-2.1446389867442517,down,19.8,False,8.7,-1.4,21.6,-0.6,1.33,-2.1,-2.3,3.25
002493.SZ,20240823,8.39,-1.3514,1.7878426698450411,-2.1454112038140627,down,28.7,False,9.2,0.5,72.7,-0.2,0.99,-1.2,-2.2,2.63
603815.SH,20240826,5.086,7.2137,11.207235548564665,-2.9492725127801878,down,15.7,False,5.7,-1.6,68.7,0.0,1.24,-1.2,-2.3,2.77
688080.SH,20240826,23.918,1.4011,4.9401297745668815,-4.634089236738237,down,39.1,False,1.8,-6.4,31.3,0.5,2.11,2.1,-5.5,3.33
300982.SZ,20240805,16.261,0.3629,5.253447719201132,-2.7412634718570916,up,46.2,False,2.5,-3.6,0.0,-1.2,1.3,-5.5,-2.7,3.49
688499.SH,20240805,18.662,-8.1738,1.5459636149291356,-8.36749457439112,down,54.6,False,3.2,-5.9,0.0,-0.5,1.61,-0.3,-0.2,3.87
300376.SZ,20240807,2.767,-14.389,-2.5298156848572395,-15.17889410914347,down,86.5,False,2.9,-10.8,14.3,4.9,1.17,0.0,8.0,5.51
688610.SH,20240807,28.36,-4.9406,2.186177715091686,-4.795486600846255,down,27.5,False,4.3,-2.8,64.4,0.0,0.86,-1.4,-3.1,3.46
603033.SH,20240808,10.177,-2.5647,3.4665723381676727,-3.1167708210509737,down,1.9,False,11.7,-0.3,73.5,-0.1,0.92,-3.7,-8.9,3.66
688400.SH,20240808,14.019,-0.246,4.4339304349190645,-2.057079516298499,down,31.2,False,6.6,-2.3,71.9,-0.5,1.0,-4.1,-7.4,3.63
688598.SH,20240808,16.939,-11.2468,-0.17061320392706136,-11.387398237193679,up,69.6,False,2.1,-5.4,4.4,1.1,1.05,-0.9,-2.6,4.34
002440.SZ,20240809,5.482,-3.5792,0.09796356193321198,-6.286998575241309,up,89.5,False,0.6,-3.9,7.1,0.5,0.66,1.9,8.4,3.07
300687.SZ,20240809,12.306,-2.0362,-0.9402146972541159,-3.8656882582868035,down,11.6,False,9.5,0.2,2.4,0.8,0.77,-4.5,-7.6,3.67
301260.SZ,20240809,12.55,-4.1657,0.3984063745019917,-3.9043824701195273,down,10.5,False,4.2,-1.6,0.0,0.4,0.38,-3.0,-14.9,3.04
688707.SH,20240809,8.643,-1.7012,2.2828514237448916,-6.742106054820818,down,39.9,False,9.7,-7.2,6.7,0.1,0.68,-3.4,-10.1,4.63
300071.SZ,20240812,2.228,5.5367,9.539842873176196,-3.0303030303030276,up,61.2,False,-4.4,-17.9,27.3,0.0,0.8,8.8,10.4,6.69
601969.SH,20240812,5.471,-4.1915,2.1933832937305775,-4.021202705172722,down,14.1,False,5.1,-2.2,25.0,-0.4,0.5,0.6,-9.1,2.77
688598.SH,20240812,16.107,-3.1823,2.0655230858058315,-4.080758413886865,up,30.1,False,7.3,-0.5,19.3,0.5,0.79,0.3,-1.5,4.71
600653.SH,20240814,1.346,-7.5453,0.2673796791443861,-9.387997623291744,up,64.1,False,7.0,-13.1,22.2,2.2,1.99,-0.7,12.5,5.4
300481.SZ,20240815,11.693,-2.7073,3.335328829214057,-2.6511588129650265,down,7.1,False,5.3,-0.8,90.6,-0.3,0.88,-0.6,-4.3,2.91
300820.SZ,20240816,37.805,0.9703,5.26385398756779,-1.5870916545430491,up,38.0,False,17.2,-10.6,84.6,0.3,1.16,1.8,7.0,4.94
688496.SH,20240816,7.722,-9.0387,0.7511007511007639,-10.903910903910896,down,40.4,False,8.8,-7.3,11.3,0.6,1.35,5.1,-7.8,5.11
688426.SH,20240819,17.84,-5.8251,0.2253388490902397,-13.059563448020716,up,22.0,False,54.6,-15.4,9.2,-1.1,0.65,-31.4,9.4,12.32
301093.SZ,20240820,10.847,7.4717,9.850904776523105,-4.880695243020705,up,38.0,False,13.1,-8.0,3.0,-0.2,0.59,-4.2,1.7,2.88
002955.SZ,20240805,20.129,10.2047,13.579231226290055,0.5132974442437321,down,58.8,False,8.0,-11.4,38.8,-0.2,2.22,5.3,0.5,4.32
605168.SH,20240805,22.77,-0.1237,2.8107158541941235,-1.273605621431706,down,60.6,False,0.9,-6.6,1.6,-0.8,1.17,2.4,1.7,3.58
003023.SZ,20240807,14.71,-0.4134,2.58327668252889,-0.5438477226376581,down,46.8,False,4.0,-4.5,76.9,-0.3,0.7,-2.0,-2.5,2.46
301260.SZ,20240807,12.55,-4.4043,1.035856573705174,-4.7011952191235,down,9.3,False,4.2,-2.2,65.0,-0.7,0.32,-2.2,-15.6,3.23
600810.SH,20240807,5.902,-1.7589,3.3820255557927448,-3.39490171761222,down,41.3,False,3.9,-5.3,76.9,0.0,0.77,-2.3,0.0,2.62
688078.SH,20240807,20.854,1.8016,6.953102522297883,-3.30871775199002,down,39.0,False,5.7,-5.0,56.9,-0.2,1.02,-2.9,-1.0,3.94
002058.SZ,20240808,7.346,-5.3696,4.005009665387016,-6.749435051321839,up,20.1,False,6.2,-7.6,74.1,-0.7,0.54,-3.0,2.2,7.14
300801.SZ,20240808,13.765,-6.1345,2.099824481872803,-11.848635956806264,down,22.8,False,3.5,-1.9,55.2,-0.1,0.76,-1.8,-7.7,3.07
300376.SZ,20240812,2.561,-3.2884,-2.503972855731662,-6.0180467215643185,down,49.8,False,10.0,0.2,38.1,0.8,0.71,-5.7,10.1,5.46
301115.SZ,20240812,12.38,8.637,12.116316639741509,-1.2116316639741553,down,31.2,False,2.7,-1.8,21.1,0.2,0.8,1.6,-2.1,2.0
603201.SH,20240812,11.286,-4.7656,2.0733652312599604,-4.430267588162328,down,9.7,False,9.2,-0.6,52.0,-0.5,0.48,0.8,-9.3,4.51
002219.SZ,20240821,1.742,1.1811,4.453627180899922,-3.0073461891643727,up,11.2,False,37.2,-4.7,0.0,-0.6,0.6,-6.6,0.0,7.31
603566.SH,20240821,10.719,-3.0096,0.3570385670690568,-4.121103899435841,down,6.2,False,10.7,-0.8,4.5,-0.1,0.67,-5.8,-0.6,3.43
600143.SH,20240822,6.472,2.2217,7.2620519159456,-2.4721878862793645,up,85.5,False,2.3,-15.5,18.2,0.0,0.64,-2.4,14.8,2.24
603312.SH,20240826,24.79,8.9924,11.415893505445762,1.2101653892698794,up,24.1,False,9.9,0.4,97.5,-0.8,0.46,1.6,2.1,3.31
301529.SZ,20240830,19.985,8.5205,15.021265949462093,-2.832124093069799,down,27.6,False,9.5,-4.9,39.1,0.1,1.35,2.2,-10.7,3.82
000878.SZ,20240807,10.94,-1.4033,3.199268738574035,-2.376599634369281,down,4.2,False,6.5,-0.9,48.3,-0.5,0.67,-3.2,-11.9,3.1
688163.SH,20240819,12.721,3.5109,19.325551232166017,-8.108320559682426,up,75.0,False,3.9,-11.8,47.5,-0.1,1.26,3.3,10.9,3.52
688089.SH,20240822,14.602,0.6818,6.146207841123097,-5.0847457627118615,up,35.3,False,10.8,-5.9,21.7,0.3,0.49,-4.2,3.7,3.65
300627.SZ,20240830,18.479,5.9623,9.042697115644781,2.3540234861193943,down,13.5,False,15.8,-2.1,74.6,-0.0,1.2,2.0,-5.6,2.67
300801.SZ,20240830,13.074,-4.4455,6.50145326602416,-6.5779409515068,down,45.9,False,7.5,-7.2,59.5,0.5,1.16,5.7,-5.0,3.02
002627.SZ,20240812,4.541,-2.029,2.1111485467273594,-2.7334606144285734,up,28.3,False,11.4,-4.5,25.0,0.0,0.54,-5.6,-1.1,3.96
600679.SH,20240812,9.111,-6.7308,1.0101010101009944,-7.00221820508683,up,28.5,False,15.4,-9.9,52.9,-0.8,0.35,0.0,4.4,5.78
600382.SH,20240905,3.425,3.784,10.935949086238095,-4.828633152332573,down,46.2,False,2.8,-5.4,15.4,0.6,2.97,1.8,-3.2,2.69
300073.SZ,20240902,29.677,4.5596,10.10798514551392,-1.7192642305228656,down,66.1,False,5.6,-11.0,2.5,0.1,1.41,-1.5,2.3,5.18
002706.SZ,20240905,5.477,5.9111,9.409350190261257,-4.285077820869576,down,45.9,False,8.5,-7.2,73.3,-1.4,1.9,2.4,-6.5,3.41
002758.SZ,20240925,6.942,4.2006,18.582541054451163,0.8643042350907404,up,104.2,False,-1.6,-10.7,50.0,0.7,1.89,11.1,5.9,2.42
301303.SZ,20240926,10.26,2.9074,21.734892787524362,2.729044834307981,down,85.6,False,-0.9,-8.1,96.4,0.6,2.4,7.6,6.7,2.24
601678.SH,20240925,3.31,1.4093,11.17824773413898,2.4169184290030232,down,85.7,False,-3.3,-10.9,75.0,0.6,2.94,14.0,4.6,2.49
688686.SH,20240925,45.876,15.2546,33.15459063562647,-1.329671287819334,down,44.1,False,11.1,0.2,4.1,1.8,1.71,4.4,-7.5,3.6
605266.SH,20240904,16.918,15.4097,26.06691098238563,10.107577727863815,down,29.7,False,15.8,-6.1,100.0,1.1,6.65,15.6,-1.8,4.08
688768.SH,20240906,21.998,2.9221,9.783705643291608,-5.536008146269156,down,52.2,False,1.7,-6.8,13.3,0.0,1.25,-2.9,-4.6,3.78
002706.SZ,20240909,5.338,11.4145,14.123430147168992,-1.7998980906992923,down,34.1,False,5.9,-4.8,20.0,-0.9,0.92,0.6,-7.3,3.77
601969.SH,20240909,5.07,9.1517,14.028391708532295,-1.1596141063042076,down,5.3,False,7.9,-0.6,70.6,-0.2,1.14,-1.3,-5.5,2.89
603918.SH,20240909,9.158,0.3903,13.349713349713355,-3.357903357903369,down,54.1,False,-1.4,-9.2,19.4,-1.9,2.52,3.5,0.4,3.7
002758.SZ,20240923,6.572,8.1194,16.129032258064502,0.7608034083992576,down,58.7,False,4.0,-5.6,50.0,-0.8,1.01,3.8,1.7,2.45
600873.SH,20240925,8.422,12.3754,29.744607233733845,-0.296012909155019,down,58.9,False,11.2,-8.6,11.1,0.7,2.58,7.0,-3.5,2.9
688448.SH,20240926,12.185,10.7654,25.178498153467377,3.7669265490356985,down,70.3,False,4.4,-10.3,94.3,0.0,1.13,9.3,4.5,3.53
688612.SH,20240926,18.293,19.2173,32.71583679636498,6.640602365247883,down,56.8,False,2.3,-10.2,91.5,-0.3,4.28,15.0,13.6,3.87
002443.SZ,20240902,4.924,0.2029,2.2285581996076553,-2.8483467566700504,down,37.0,False,6.9,-4.1,0.0,-1.0,0.96,0.4,-3.1,2.48
002014.SZ,20240904,8.49,-1.5753,2.1201413427561766,-3.297997644287387,down,36.1,False,8.4,-5.2,50.0,0.1,0.59,1.7,-7.9,2.96
002458.SZ,20240904,5.783,-2.8145,4.486052097762427,-4.592924623741257,down,7.3,False,4.8,-1.1,41.3,-0.5,0.65,-0.1,-10.6,2.56
603300.SH,20240904,4.46,-4.8901,1.9069720512561839,-4.5953429971188005,down,26.4,False,12.9,-3.3,33.3,-0.4,0.88,3.0,-7.1,2.54
688719.SH,20240904,21.127,-5.2511,3.992123673473258,-6.042619257239679,down,20.0,False,7.0,-3.1,39.1,-0.8,0.71,-0.7,-9.9,3.49
600588.SH,20240906,8.524,0.4997,4.412299534250774,-3.330635037952101,down,39.5,False,3.0,-5.8,8.0,0.1,0.55,-3.0,-5.5,3.18
603008.SH,20240906,13.801,6.3068,11.371969334666598,-9.641609785081794,down,49.8,False,2.5,-8.4,4.8,-0.7,2.42,-2.9,-10.8,4.51
603087.SH,20240909,36.646,-3.683,0.8190834212014275,-3.574321123489055,down,11.9,False,6.9,-1.6,20.8,0.2,0.72,-0.8,-9.3,3.58
688017.SH,20240909,61.727,-6.3434,4.963022364786607,-6.182919815638344,down,16.8,False,6.1,-3.6,58.7,-1.9,0.64,0.7,-11.8,4.54
300073.SZ,20240911,30.291,0.0015,5.6319313011145455,-0.14535656265238783,up,52.1,False,11.7,-12.8,85.2,-1.2,1.38,-1.2,15.5,5.56
301047.SZ,20240911,48.96,18.6695,38.48039215686274,0.1225490196078427,down,17.0,False,3.7,-3.4,86.2,-0.4,0.94,0.4,-8.8,3.01
605009.SH,20240911,21.093,14.4274,23.21184244586103,0.4648948890007665,down,14.7,False,3.9,-3.2,88.5,1.0,0.73,0.7,-13.1,3.47
002706.SZ,20240912,5.462,6.781,9.703405346027093,-2.196997436836323,down,52.8,False,3.5,-7.0,33.3,-0.2,0.88,-0.2,-4.4,3.69
002901.SZ,20240912,23.503,-0.1578,3.233629749393696,-0.9360507169297483,down,87.1,False,1.6,-10.9,74.2,0.3,1.15,1.2,6.3,3.22
688153.SH,20240912,27.922,-3.4932,-0.028508027373441713,-4.720155748378707,down,15.3,False,15.8,-0.6,1.2,0.1,0.69,-4.2,-11.0,4.94
301115.SZ,20240919,12.15,16.0529,47.16049382716048,-0.4115226337448652,up,7.1,False,51.4,-4.0,84.4,0.5,0.32,-2.1,-2.0,6.32
002702.SZ,20240923,3.138,2.4845,6.745690341904842,0.054169454800367944,down,72.7,False,1.3,-9.5,14.3,0.0,0.77,2.3,2.3,3.14
688172.SH,20240923,12.21,8.959,18.263718263718243,-0.9828009828009909,down,14.3,False,2.8,-2.0,6.9,0.4,0.74,-2.5,-10.2,3.3
600380.SH,20240925,9.68,5.3841,9.607438016528924,-1.9628099173553681,down,85.4,False,1.2,-7.2,3.7,1.4,1.55,4.8,3.7,2.32
600497.SH,20240925,4.801,4.4021,15.830035409289733,-1.874609456363252,down,71.6,False,4.4,-11.0,6.2,2.1,1.99,8.0,-4.6,2.44
603173.SH,20240925,16.555,1.5293,8.0942313500453,-0.9664753850800345,down,70.5,False,1.9,-6.3,23.6,0.9,1.6,3.3,-1.1,3.01
688419.SH,20240925,15.36,13.5469,30.85286458333334,-1.2630208333333282,down,30.3,False,4.6,-7.8,7.6,0.8,0.92,7.3,-11.4,4.04
300447.SZ,20240926,11.041,22.4329,46.010325151707264,3.1700027171451817,down,83.9,False,-3.3,-9.0,94.3,0.2,1.34,7.7,3.7,2.41
603365.SH,20240926,10.245,20.4467,36.21278672523183,6.8326012689116755,down,69.8,False,-7.3,-13.6,97.5,0.5,1.48,15.6,4.9,2.72
688573.SH,20240926,13.39,19.0012,48.991784914115,3.8834951456310662,down,26.8,False,14.3,-1.0,100.0,0.0,1.31,5.4,2.8,4.03
688496.SH,20240904,7.257,-8.3409,4.455193131864332,-9.60078272493008,down,27.5,False,13.7,-5.2,59.7,-0.1,2.1,7.0,-1.0,5.21
301108.SZ,20240905,16.036,-0.6357,6.8159141930655975,-3.8787727612871192,down,45.9,False,2.8,-4.0,88.7,0.8,2.95,2.2,-0.1,2.32
301322.SZ,20240905,17.52,1.1382,6.678082191780832,-5.76484018264839,down,51.2,False,3.7,-7.4,75.9,0.2,0.89,3.4,-3.3,3.24
600867.SH,20240905,7.072,-1.3977,2.5452488687782715,-1.2726244343891358,down,31.8,False,6.2,-3.8,85.7,0.1,0.94,-2.7,-5.3,2.89
301223.SZ,20240909,13.385,5.8559,11.057153530070973,-1.2700784460216608,down,21.4,False,8.1,-0.9,84.6,-0.6,0.64,2.1,-5.8,2.69
002132.SZ,20240910,2.128,3.4215,6.647874089734573,1.0101010101010166,down,51.8,False,3.9,-4.1,100.0,0.0,0.84,0.0,1.4,2.84
300802.SZ,20240910,13.677,-0.8303,5.044966001316098,-5.118081450610513,down,62.7,False,1.0,-7.5,19.0,9.4,7.33,2.8,-0.2,3.49
000592.SZ,20240911,1.465,5.5125,11.93011193011191,-4.449904449904462,up,59.6,False,7.2,-10.6,66.7,0.0,1.37,2.7,7.9,4.24
002443.SZ,20240911,4.954,4.4552,6.459426725878092,-3.4315704481227227,down,42.6,False,1.6,-4.6,66.7,-0.2,0.51,0.2,-3.7,2.24
002925.SZ,20240911,10.992,0.2022,2.0108315433903012,-2.3559926018720923,up,66.3,False,5.6,-11.1,65.0,-0.6,0.67,0.7,2.7,4.03
600060.SH,20240911,13.87,0.3559,5.119719680747514,-0.7923633191299073,down,41.0,False,2.5,-10.2,67.6,-0.1,0.74,4.0,-7.4,4.59
001203.SZ,20240912,7.41,-1.0395,0.26990553306343035,-1.754385964912275,down,21.1,False,6.7,0.7,6.2,0.0,0.85,-2.8,-7.9,2.59
300736.SZ,20240919,8.2,18.477,38.780487804878064,0.6097560975609762,up,30.8,False,26.0,-11.6,52.4,2.4,1.18,-7.3,3.0,8.43
002353.SZ,20240920,27.047,14.8403,22.417439401333983,3.7460993537128173,down,34.9,False,11.4,-6.1,90.8,-0.1,1.52,6.1,-3.3,4.13
300802.SZ,20240920,13.174,9.1157,15.128894718584341,-2.026198712153471,down,33.8,False,11.6,-5.9,35.3,-0.5,0.72,-0.7,-5.8,4.89
600507.SH,20240920,3.354,13.1647,14.724577534494877,-0.48060295994180047,down,23.9,False,2.2,-2.6,75.0,0.0,0.76,1.5,-5.3,2.14
603365.SH,20240920,9.38,22.3446,34.5912955411636,-0.5890034913781705,down,23.6,False,1.2,-3.8,36.0,0.3,0.6,1.1,-13.7,3.1
603182.SH,20240923,9.811,2.246,5.189126379842834,1.3158833542284532,down,69.1,False,2.7,-5.0,94.7,0.0,0.64,2.3,6.2,2.56
600380.SH,20240904,9.45,-3.3568,1.5873015873015817,-4.973544973544963,down,26.3,False,3.7,-3.7,21.1,-0.3,1.14,0.4,-6.9,3.07
603282.SH,20240904,12.047,9.4722,20.682542409882366,-3.5552334919579542,down,6.8,False,3.8,-2.6,27.3,-0.1,0.59,1.8,-19.2,4.04
301093.SZ,20240905,11.768,-1.2055,3.9768864717878882,-4.724677090414686,up,90.7,False,-4.5,-12.3,92.0,0.6,1.08,3.4,6.2,3.45
002458.SZ,20240906,5.897,-4.6595,2.4514067992328803,-6.450776015993398,down,20.5,False,2.7,-3.0,53.4,0.4,0.96,-0.4,-7.8,2.39
301223.SZ,20240906,13.415,2.6504,5.516213194185604,-1.4908684308609699,down,23.1,False,7.8,-2.5,44.4,0.0,1.07,-0.5,-6.1,2.74
600809.SH,20240912,145.807,-4.1145,-2.7277116630728626,-5.985438304829927,down,4.0,False,14.8,-0.2,0.7,-0.3,1.33,-9.0,-18.0,4.7
301107.SZ,20240924,10.1,9.7304,30.61386138613862,4.257425742574261,down,31.5,False,9.8,-4.3,96.3,0.6,0.91,2.8,6.2,3.19
603356.SH,20240926,11.93,8.8357,12.992455993294216,0.3352891869237373,up,47.4,False,13.3,-6.0,77.3,0.2,1.13,-2.2,11.7,4.71
600975.SH,20241010,6.21,2.1715,6.602254428341392,-3.3816425120772986,up,52.5,False,-9.3,-18.8,100.0,3.2,3.12,16.5,20.1,4.65
002996.SZ,20241017,5.556,15.6613,21.888881689309336,-1.149772853265374,up,44.2,False,21.9,-17.4,0.0,0.4,2.05,-6.3,13.5,5.77
605296.SH,20241030,29.522,-1.5553,8.428347864967577,-3.7321572532840075,up,49.6,False,-0.9,-5.6,76.0,0.3,2.05,12.3,26.2,4.27
601975.SH,20241015,3.31,-0.5979,1.614409122635263,-5.335134171508682,up,56.2,False,14.3,-18.3,0.0,0.9,1.58,-6.3,14.0,5.38
603173.SH,20241021,17.215,24.1807,32.87830380482137,1.3941330235259786,up,28.7,False,24.6,-4.0,86.0,0.1,1.91,2.6,7.2,5.82
002993.SZ,20241030,25.873,0.5854,3.6383580196237997,-3.9758571403172294,up,47.6,False,3.3,-2.5,73.7,0.0,0.9,3.1,20.5,4.61
601872.SH,20241021,6.724,-6.0399,-0.1487209994051164,-9.36942296252231,down,41.2,False,22.8,-17.1,50.0,3.9,1.26,-4.8,14.4,7.12
601872.SH,20241022,6.538,-4.2764,1.4689597366762674,-6.790497341678437,down,31.9,False,26.2,-14.7,47.4,-0.6,0.76,1.7,13.2,7.01
603986.SH,20241022,89.021,7.9918,13.748696933750338,-3.1911643121607436,up,67.3,False,13.6,-8.5,37.3,-1.2,0.97,4.5,36.0,6.54
600750.SH,20241023,20.661,-3.5941,1.687696321141452,-10.218621287140694,up,64.5,False,13.1,-7.1,69.6,0.0,0.77,5.1,26.8,5.45
601985.SH,20241023,10.167,-4.7589,0.026555722758270228,-4.69446165648697,down,33.3,False,16.3,-2.9,33.3,0.0,0.72,1.3,7.4,4.83
000703.SZ,20241025,6.29,1.3455,5.882352941176472,-2.384737678855331,up,41.9,False,21.1,-4.0,88.2,-0.2,0.84,2.9,18.7,4.91
000683.SZ,20241014,5.51,7.7509,14.156079854809445,-2.5408348457350183,up,48.2,False,23.6,-22.0,73.5,0.4,1.27,-6.7,15.1,6.16
601872.SH,20241015,6.865,-9.5685,-2.049045400646199,-11.226484632887857,down,48.2,False,20.2,-18.8,0.0,0.3,1.5,-12.5,6.7,6.85
688443.SH,20241017,25.037,17.4495,22.9775013879403,0.2911679068262618,up,20.5,False,45.4,-0.2,56.5,1.6,0.63,-11.7,-3.0,9.37
000157.SZ,20241021,6.861,7.2997,9.318291136472956,-2.1965688632355262,up,43.7,False,21.4,-16.6,21.1,0.3,0.85,-3.7,16.5,5.84
002993.SZ,20241031,26.259,10.68,17.994909127468304,-5.387763930970091,up,52.2,False,4.1,-3.9,84.8,-0.8,0.98,4.1,16.1,4.37
002318.SZ,20241016,21.532,4.4552,12.48113317078834,3.053523743178932,up,50.0,False,16.0,-4.2,64.3,-1.1,0.93,6.7,15.3,5.58
301227.SZ,20241017,13.003,-2.838,7.577987888632021,-5.4578063257825775,up,49.2,False,22.5,-8.9,7.3,-0.7,1.45,-4.3,11.2,8.38
600497.SH,20241021,5.351,13.0287,23.360119603812368,-0.5606428704915012,up,60.0,False,13.5,-20.2,45.5,0.8,1.48,0.4,21.9,4.89
601975.SH,20241028,3.25,-0.2208,3.4715107209776885,-1.4513087007756553,up,46.2,False,2.6,-3.6,85.7,0.0,1.17,1.2,17.4,4.93
688392.SH,20241016,34.233,21.0504,39.24782396976503,-2.027884618474274,up,35.0,False,39.0,-21.0,15.2,-0.9,1.09,-15.3,10.0,9.31
001289.SZ,20241101,18.246,-0.0646,1.94182738946711,-4.0869903593723445,down,75.0,False,6.1,-18.2,26.2,-0.5,1.03,0.2,15.2,4.91
688443.SH,20241121,27.73,-7.5499,0.07248493503402287,-7.320257195301827,down,39.9,False,19.0,-12.6,17.8,1.2,0.82,-2.3,-4.8,7.02
603500.SH,20241101,5.97,12.3776,16.421260699867666,-1.670100675075803,up,34.0,False,5.5,-7.7,10.3,0.7,1.03,-3.3,2.6,3.77
601666.SH,20241114,9.732,0.0872,2.5514555524728477,-7.9297553356556305,up,61.4,False,4.1,-3.1,3.3,-0.2,0.99,-4.3,1.6,3.47
300639.SZ,20241118,6.178,6.5372,17.359492359492368,10.075110075110082,down,33.5,False,12.2,-6.1,99.2,1.3,4.25,11.8,19.4,3.84
001376.SZ,20241202,14.72,3.919,10.05434782608694,-3.125000000000011,down,70.5,False,3.8,-5.8,90.9,0.0,0.66,2.6,2.9,3.38
002791.SZ,20250120,22.133,3.974,6.099489450142337,-3.162698233407124,down,39.6,False,32.8,-9.4,45.5,-0.8,2.09,8.7,-10.3,3.68
688659.SH,20250122,6.336,8.799,13.636363636363624,1.799242424242431,down,24.1,False,7.8,-5.1,66.7,0.0,1.18,-2.9,-10.6,5.25
300457.SZ,20250124,18.145,11.53,16.47836869661066,-0.6613392119041106,down,39.2,False,3.3,-6.8,80.8,0.8,1.73,2.8,-4.7,3.33
300250.SZ,20250115,13.603,23.9321,29.01945216355697,-0.6072368517783477,down,26.0,False,28.1,-8.8,35.0,0.1,0.9,4.1,-12.6,5.85
601678.SH,20250117,3.77,1.718,3.7135278514588865,-2.917771883289122,down,67.4,False,0.3,-8.2,63.6,0.3,1.6,7.6,-0.8,3.55
688100.SH,20250117,33.419,7.7157,10.585369050280047,1.8479369636166698,down,36.1,False,15.3,-8.6,62.8,0.0,0.95,6.0,-5.2,4.65
002439.SZ,20250124,13.88,17.1443,22.406340057636864,7.636887608069154,down,11.2,False,8.0,-1.6,100.0,0.1,2.83,4.7,-8.3,3.09
688100.SH,20250116,32.947,7.0821,10.562418429599042,0.8498497587033471,down,30.2,False,16.9,-7.3,72.1,0.9,1.32,3.0,-4.1,4.86
301391.SZ,20250121,35.02,9.1833,17.28639364756286,0.1820089285459403,down,31.8,False,2.0,-6.8,63.2,0.6,1.13,2.0,-9.8,4.69
300095.SZ,20250122,6.093,5.358,10.364407683660314,-3.0926650747934215,down,21.4,False,3.8,-6.0,72.4,-4.1,1.28,-3.7,-10.1,4.29
301468.SZ,20250122,15.911,1.1432,2.5579787568349,-1.740933945069445,down,65.6,False,16.0,-6.8,23.0,0.0,0.81,1.2,-1.9,2.55
688326.SH,20250122,79.319,24.6478,32.024185943307245,-5.7978688532857365,down,40.8,False,20.7,-11.2,53.6,0.1,0.67,4.6,-12.2,4.64
603858.SH,20250123,14.39,-2.5498,-1.4593467685893091,-2.501737317581665,down,22.9,False,4.1,0.1,5.7,1.3,1.15,-4.2,-10.1,2.54
688573.SH,20250123,15.95,6.6081,11.410658307210042,-2.006269592476484,down,72.6,False,26.3,-6.6,36.9,0.6,1.24,5.6,-0.3,4.51
600196.SH,20250124,22.937,6.1746,12.68692505558704,0.523172167240693,down,30.0,False,2.2,-1.5,83.3,-0.1,0.74,1.4,-5.8,2.51
003004.SZ,20250127,24.25,4.6046,15.010309278350519,1.2783505154639219,up,52.3,False,1.0,-5.6,28.3,0.3,2.01,4.2,-6.4,4.54
600881.SH,20250102,1.81,1.4198,14.364640883977886,-1.6574585635359185,up,0.0,True,13.8,-7.2,100.0,0.0,1.07,4.2,4.7,9.8
301176.SZ,20250109,16.67,2.8929,17.15656868626274,-0.4199160167966398,down,26.1,False,38.5,-13.6,100.0,4.5,1.53,18.1,-8.3,6.49
688212.SH,20250110,39.132,4.3183,10.426249616682014,1.328835735459477,down,7.8,False,6.7,-1.8,36.9,0.0,1.06,3.9,-14.5,5.0
301227.SZ,20250114,11.04,10.7373,14.302536231884066,2.889492753623202,down,11.2,False,36.3,-3.9,92.9,1.0,0.87,0.8,-19.8,4.16
301290.SZ,20250114,20.853,7.2098,9.926629261976672,3.1170574977221532,down,11.9,False,29.1,-1.1,98.2,0.9,1.4,3.0,-13.7,3.66
002252.SZ,20250115,6.791,3.5473,4.543982095002486,-1.3458197131666516,down,22.9,False,14.4,-4.3,16.7,-0.3,0.57,0.4,-10.2,3.35
688310.SH,20250115,10.573,2.4017,8.292664472439748,-6.556198691030146,down,31.8,False,27.0,-8.7,15.0,1.0,0.88,3.3,-11.8,4.33
301391.SZ,20250116,34.824,12.0466,17.114633586032625,-1.2347806110728277,down,28.4,False,3.0,-6.3,32.1,0.2,0.54,0.1,-17.6,5.15
603799.SH,20250117,28.707,0.4971,4.249834535130792,-3.831818023478595,down,62.9,False,3.0,-7.6,34.0,0.0,0.76,6.5,-1.8,3.06
688061.SH,20250117,26.938,18.673,21.241819147001053,-2.0339373150839446,down,30.7,False,16.3,-9.0,64.9,0.4,1.19,8.2,-10.1,4.54
000513.SZ,20250120,33.591,-1.0534,2.054121639724915,-1.6671132148492251,down,28.3,False,7.1,-2.8,42.4,0.3,0.86,2.6,-4.3,2.18
002340.SZ,20250122,6.475,2.4117,5.952491273592209,-2.3877922960491627,down,50.0,False,4.1,-4.1,40.0,-0.6,0.66,0.8,-2.8,2.43
600059.SH,20250122,8.078,1.4731,3.238265002970886,-0.9704892057833314,down,21.0,False,10.2,-2.7,64.3,0.4,0.65,0.4,-8.0,2.33
600639.SH,20250122,9.996,1.2073,3.511093904279994,-0.89065358947501,down,41.2,False,6.4,-4.5,4.8,-0.2,0.78,-1.9,-5.8,2.3
605266.SH,20250122,19.155,5.2975,11.60812173836776,-1.0781789363554783,down,32.7,False,37.3,-9.4,16.9,-0.1,0.88,0.3,-17.6,4.61
000932.SZ,20250123,4.03,9.7536,15.136476426798984,-0.7444168734491385,down,39.6,False,4.2,-5.2,12.5,0.8,0.7,-1.0,-6.8,2.86
688659.SH,20250124,6.564,4.7136,9.694227341286176,1.771866477748829,down,44.7,False,4.1,-5.7,90.0,0.8,1.15,0.9,-4.3,4.81
688061.SH,20250127,28.255,13.1334,15.591797441832478,-1.5735490858125756,down,54.9,False,10.9,-6.6,5.2,-0.6,0.79,1.7,-8.8,3.69
002252.SZ,20250114,6.66,5.2945,6.45645645645645,0.6006006006006093,down,12.6,False,16.7,-2.4,100.0,0.6,0.89,-0.1,-9.0,3.24
600380.SH,20250116,10.37,-1.1697,1.2536162005786,-0.9643201542912205,down,26.2,False,7.3,-2.6,31.8,0.2,0.68,-1.5,-5.1,2.59
688326.SH,20250116,76.69,28.9273,36.54974572956058,-2.568783413743647,down,24.8,False,24.8,-8.2,23.0,0.6,0.78,5.9,-17.8,4.78
000513.SZ,20250122,33.521,0.2254,2.2672354643357817,-1.4617702335849247,down,26.2,False,7.3,-2.6,63.4,-0.5,0.58,1.0,-4.3,2.21
601666.SH,20250122,8.217,1.4585,4.17427284897165,0.5233053425824474,down,-1.8,True,4.5,0.3,94.1,0.1,0.81,-0.2,-8.3,2.79
688184.SH,20250122,13.692,0.2438,6.4878722145533585,-5.7823352834198705,down,46.8,False,3.9,-4.8,67.9,-0.4,1.1,-1.6,-2.0,2.68
000513.SZ,20250123,33.791,-1.4335,1.4500902607203159,-2.249119588055981,down,34.3,False,0.9,-3.4,2.3,0.4,0.6,1.0,-5.3,2.02
000513.SZ,20250124,33.491,-1.1746,2.3588426741512514,-1.7915260816338763,down,25.3,False,1.8,-2.5,75.7,-0.1,0.67,0.4,-4.6,1.92
300095.SZ,20250124,5.915,6.7496,13.689193187101134,2.193482946621028,down,11.0,False,6.9,-3.2,91.4,0.2,1.07,1.5,-4.2,3.69
601966.SH,20250124,17.699,-0.0107,1.6385106503192137,-1.638510650319247,down,51.6,False,1.3,-5.4,74.1,-0.2,0.76,1.9,-3.3,2.35
688381.SH,20250124,17.38,6.3703,10.471806674338314,-1.2082853855005626,down,11.0,False,7.2,-2.8,94.1,-0.2,0.85,-3.2,-15.1,3.8
000513.SZ,20250127,33.641,0.0096,1.6051841502928044,-0.5350613834309348,down,29.8,False,1.4,-2.9,44.6,0.0,0.81,0.5,-4.7,1.87
688238.SH,20250127,4.65,11.4689,23.225806451612897,0.4301075268817067,down,31.0,False,3.0,-2.2,16.7,0.2,0.86,-0.6,-13.1,3.63
002368.SZ,20250213,27.332,0.0606,11.620405738052785,-0.5631510702504561,up,94.4,False,-6.6,-26.2,32.8,0.0,1.54,8.8,28.6,3.65
002386.SZ,20250212,4.44,-1.7485,1.8018018018017834,-4.504504504504503,down,84.9,False,-0.7,-10.1,66.7,0.5,1.4,9.3,0.9,2.98
301589.SZ,20250214,169.855,0.0867,2.6257690382973653,-2.0605810838656535,down,64.0,False,5.6,-8.7,61.6,0.3,0.82,1.0,3.9,3.75
603978.SH,20250220,12.91,11.122,13.868748838073985,-0.771518869678367,down,7.2,False,11.5,0.5,85.3,-0.5,2.48,-1.5,-3.1,4.26
605296.SH,20250221,26.11,-0.1705,6.664113366526236,-1.1106855610876987,down,52.1,False,6.9,-7.3,75.3,-0.3,1.23,-2.8,2.6,3.21
688238.SH,20250224,5.762,-5.1077,-0.8990246103648181,-6.973515220937898,up,91.8,False,-16.9,-9.6,15.6,0.5,1.47,1.4,19.9,4.24
300146.SZ,20250207,10.618,2.4199,5.744961386325098,0.47089847428893883,down,29.2,False,3.5,-3.1,69.8,0.1,2.01,3.3,-1.7,2.12
002840.SZ,20250210,11.4,-0.9338,2.1929824561403466,-3.157894736842115,down,60.1,False,2.5,-3.7,100.0,0.4,1.03,1.5,2.9,3.05
300347.SZ,20250212,52.551,7.5005,8.506022720785511,-0.5899031417099576,up,73.9,False,-2.5,-9.8,95.1,-0.1,0.75,7.7,2.8,3.32
002727.SZ,20250213,12.104,1.2492,4.791804362194307,-1.0740251156642344,up,92.2,False,-3.6,-6.5,51.6,-0.2,1.62,4.0,6.2,2.02
600821.SH,20250213,5.359,5.0965,13.885949836439382,-1.2291770466534957,up,46.1,False,11.3,-9.6,14.3,0.4,2.16,-2.7,8.4,3.54
688338.SH,20250214,23.472,3.2015,8.478186775732777,0.3408316291751756,up,70.0,False,0.3,-5.3,71.8,-0.3,2.04,2.1,7.2,2.21
603069.SH,20250224,17.879,1.0748,7.889526494177668,-0.4440864905980946,down,15.0,False,7.6,-2.1,96.6,0.4,1.1,1.7,-2.6,2.89
688560.SH,20250224,14.622,6.2732,11.063239025324334,0.5997688462143547,up,75.6,False,6.7,-20.7,61.2,0.9,0.96,2.4,21.1,4.86
300686.SZ,20250206,8.8,5.4975,9.431818181818175,0.2272727272727204,down,74.1,False,1.9,-4.9,83.9,0.0,1.15,6.2,5.3,3.65
688600.SH,20250207,14.742,0.3494,4.808748284673348,-2.3137153551497702,down,87.3,False,2.5,-19.6,30.4,-0.1,1.25,1.5,13.6,4.38
000932.SZ,20250220,4.45,3.5922,12.35955056179774,-2.2471910112359716,down,74.0,False,4.3,-2.5,88.9,0.5,0.67,-0.2,12.9,3.98
600611.SH,20250220,6.999,-3.8119,6.15347249010616,-4.419013329904409,up,51.0,False,13.2,-13.7,45.5,-1.3,0.62,-8.9,9.2,4.97
603658.SH,20250224,40.333,-3.3261,1.6051531515449025,-6.700782989442777,down,59.4,False,5.6,-8.2,72.0,-2.2,1.51,-3.0,5.7,3.17
301227.SZ,20250205,12.013,1.4474,4.930964499120094,-0.6215109725905776,down,70.9,False,25.3,-4.2,44.6,2.2,0.65,3.8,3.4,3.18
000513.SZ,20250206,34.011,-0.4438,0.3822292787627468,-0.9114698185881065,down,42.8,False,0.3,-1.9,55.9,0.0,0.76,0.9,-4.4,1.72
000513.SZ,20250207,33.971,-5.1349,0.2943687262665362,-5.534132053810592,down,43.0,False,0.9,-1.8,56.8,0.1,1.11,1.3,-1.9,1.63
603027.SH,20250207,8.153,-0.9831,4.407769252942306,-2.2894396300589315,down,49.3,False,3.2,-1.3,38.5,-0.1,1.44,1.1,-4.2,3.07
000513.SZ,20250210,33.951,-2.9792,0.11781685370091388,-2.709787635121208,down,52.0,False,1.0,-1.8,38.5,0.0,0.79,0.8,-1.4,1.62
000513.SZ,20250212,33.156,-0.5807,1.0704217535903782,-0.3772760901541772,down,23.1,False,3.4,0.6,61.1,-0.2,1.09,-1.9,-2.2,1.49
300967.SZ,20250220,11.568,5.0081,9.827414063614315,0.4914355363649259,down,42.8,False,9.4,-1.0,42.3,-0.7,0.93,-3.6,6.6,4.42
600075.SH,20250221,4.386,-3.4878,1.4661285541646807,-4.234215746631087,up,60.0,False,2.8,-4.2,42.9,0.0,1.04,-1.8,3.3,1.69
301515.SZ,20250227,19.092,1.5492,2.5814274453112906,-2.0801743124792105,up,69.0,False,3.8,-4.0,100.0,-0.4,1.29,1.4,9.4,2.52
688317.SH,20250227,17.147,0.9154,5.209135232229922,-1.9058949774884981,up,66.2,False,4.4,-8.6,58.8,0.5,0.84,-0.1,8.2,2.33
301391.SZ,20250221,39.822,0.3237,2.7679339135186387,-0.2203820222913211,down,81.3,False,3.1,-1.2,71.5,0.3,1.4,1.9,17.0,2.9
000651.SZ,20250305,41.73,1.9439,5.823148813803014,-0.43134435657800063,down,30.2,False,6.1,-3.2,81.6,0.1,1.0,2.8,-4.0,2.01
300457.SZ,20250304,21.567,-0.7707,2.0765376973777228,-2.791977614102936,up,84.1,False,0.1,-8.3,26.6,-1.6,1.02,0.6,15.4,4.15
300371.SZ,20250306,10.437,-0.6922,1.1059178389855706,-1.3853197120129335,down,50.0,False,0.2,-6.3,40.0,1.0,2.34,3.2,7.9,3.9
002203.SZ,20250307,9.68,-1.4308,4.028925619834722,-2.4793388429752095,down,24.1,False,0.6,-3.3,92.5,-0.2,1.63,6.0,-5.2,2.06
001286.SZ,20250313,9.03,2.0759,4.097452934662238,0.0,down,68.9,False,2.9,-3.4,75.0,-0.4,1.69,3.8,0.3,1.2
603558.SH,20250326,9.408,-8.8976,1.5943877551020558,-11.479591836734693,down,71.9,False,2.9,-7.3,25.0,0.9,1.75,0.1,1.8,2.6
002432.SZ,20250328,40.584,-0.1933,3.0798791446691176,-1.5524814422214095,up,42.2,False,0.7,-2.9,8.1,-0.1,1.09,1.2,1.1,1.7
300749.SZ,20250305,7.009,0.2016,2.4367973520515784,-1.2726131370199179,up,39.7,False,2.0,-5.3,27.1,0.4,1.28,1.3,5.9,4.96
000709.SZ,20250320,2.18,0.8363,4.128440366972463,0.917431192660545,up,70.6,False,2.3,-2.8,50.0,0.0,0.99,0.9,5.3,2.24
301589.SZ,20250303,164.755,1.0286,6.057479287426792,-0.18208855573426108,down,16.1,False,7.2,1.0,51.7,0.5,0.59,-4.5,0.1,3.03
002252.SZ,20250305,6.791,4.0469,5.132962275819408,-0.1678593515328175,down,16.5,False,2.2,-0.9,33.3,-0.3,0.85,0.0,-3.5,1.53
600603.SH,20250305,8.88,-1.9765,-1.0168575385966827,-6.6472979516457915,up,11.3,False,23.9,-3.0,22.6,-0.1,0.94,-2.3,-4.4,5.24
300861.SZ,20250311,14.16,-7.138,2.825076606800714,-6.963079724038979,up,65.3,False,3.9,-3.9,91.2,-1.4,0.76,2.1,7.0,3.22
002145.SZ,20250314,4.55,3.7457,5.274725274725278,-3.076923076923066,up,61.8,False,4.6,-7.5,66.7,0.2,0.92,-1.3,5.0,3.34
300749.SZ,20250314,6.93,0.5507,4.18470418470418,-0.5772005772005762,up,23.8,False,6.2,-4.2,87.5,-0.1,0.67,2.0,6.5,3.48
002145.SZ,20250321,4.455,5.9623,7.519640852974185,-1.0101010101010055,up,44.5,False,6.8,0.6,11.1,-0.4,0.6,-3.0,2.5,3.33
301507.SZ,20250324,12.802,-0.717,0.38518351873855217,-1.17711020966762,up,31.0,False,7.0,1.0,42.3,-0.4,0.68,-4.8,1.9,2.57
001228.SZ,20250306,21.59,2.8822,5.465493283927736,-0.41685965724872487,up,24.4,False,12.5,-4.0,71.1,0.1,0.86,-7.4,1.0,3.43
000922.SZ,20250307,11.57,5.6382,8.210890233362145,1.123595505617958,up,47.4,False,6.1,-3.9,45.6,-0.3,1.91,5.6,5.4,3.45
000912.SZ,20250312,4.742,4.6069,7.125535100482905,-3.418316779485875,up,32.1,False,9.0,-1.9,11.1,0.2,0.44,1.3,3.1,3.68
000958.SZ,20250313,5.841,-1.7838,2.379729498373573,-2.0715630885122516,up,-1.3,True,11.6,1.5,25.0,-0.7,0.84,-8.0,-8.2,3.58
688317.SH,20250313,17.285,-0.5465,2.687817464449771,-2.9238548138891707,up,42.8,False,4.4,-2.7,33.3,0.0,0.66,-2.7,2.9,2.14
301395.SZ,20250326,9.67,3.9748,11.888748252384618,2.044192953283863,down,35.4,False,5.2,0.9,93.9,-0.1,6.19,8.5,11.2,2.06
000929.SZ,20250328,6.93,-11.1801,-0.5772005772005762,-12.265512265512257,up,41.3,False,12.1,-4.8,19.2,-0.6,0.5,-5.4,0.9,4.79
603759.SH,20250328,8.341,-5.853,2.9283937295806917,-9.420615652069664,up,55.8,False,8.3,-3.4,6.5,-0.1,0.54,-7.2,10.0,3.5
003027.SZ,20250317,15.111,0.9211,2.9117861160743885,0.5955926146515855,up,82.6,False,1.3,-6.3,96.2,0.1,1.55,2.9,7.0,2.21
300802.SZ,20250402,17.797,-9.9329,2.022812833623644,-21.23953475304827,down,20.3,False,13.7,-1.1,95.5,0.5,0.56,0.3,-1.6,3.15
603195.SH,20250611,48.0,-3.8806,1.1458333333333348,-3.5416666666666763,down,48.8,False,2.8,-2.6,19.1,-0.1,1.5,-0.2,-0.6,1.89
688352.SH,20250619,10.85,-0.639,0.8294930875575979,-2.304147465437789,down,60.7,False,0.3,-5.0,20.7,1.7,1.54,0.8,-3.4,1.8
688352.SH,20250620,10.72,1.4808,5.317164179104461,-1.1194029850746356,down,47.1,False,1.5,-3.8,31.6,0.5,1.27,3.3,-2.8,1.88
688303.SH,20250605,18.9,1.1051,5.026455026455046,-1.005291005290998,up,11.2,False,5.0,-6.4,90.9,0.1,0.42,-0.4,2.3,2.54
002919.SZ,20250612,16.72,-2.9664,2.9306220095693947,-5.861244019138745,up,76.3,False,3.5,-11.2,54.0,-0.9,1.27,2.0,9.8,3.31
002992.SZ,20250613,58.113,-0.8291,3.2471219864746326,-3.636019479290342,down,56.2,False,7.5,-10.3,11.8,-0.3,0.52,-7.6,-5.2,4.53
600756.SH,20250613,15.068,-1.0674,1.2092010777950302,-7.285735143816607,up,36.2,False,12.8,-7.3,7.7,-0.5,0.78,-6.8,3.2,4.45
000422.SZ,20250612,11.78,-3.6192,1.6129032258064724,-4.6689303904923545,up,12.5,False,2.8,-1.3,60.9,0.3,0.35,-0.1,-3.6,3.38
002111.SZ,20250613,10.1,4.9953,6.6336633663366396,-0.8910891089108919,up,23.9,False,3.5,-1.3,70.0,-0.2,1.08,0.6,2.1,2.21
002023.SZ,20250619,10.217,-2.3222,-1.143215096703487,-2.513507164669959,up,42.2,False,4.1,-0.5,25.8,-0.2,0.54,-4.1,2.9,2.92
002262.SZ,20250619,21.087,-0.8673,0.6307203490302005,-0.5074216341821924,down,6.9,False,13.2,1.0,19.5,0.0,0.86,-4.7,-4.2,2.83
002061.SZ,20250620,3.84,5.032,7.031250000000022,0.26041666666667407,up,6.3,False,7.8,1.8,57.1,0.0,0.65,0.0,-1.0,1.92
600330.SH,20250620,6.9,4.2286,6.376811594202891,-1.3043478260869712,up,50.2,False,4.6,-4.6,15.4,0.3,0.92,-2.7,3.0,2.09
002192.SZ,20250623,28.62,3.6801,8.979734451432563,2.0964360587002018,up,42.3,False,4.3,-1.9,86.9,-0.6,1.45,3.6,3.2,2.53
601390.SH,20250625,5.234,0.0578,1.910584638899504,0.0,down,72.4,False,1.5,-1.3,88.9,0.0,1.3,2.7,1.3,1.46
601598.SH,20250609,4.54,-0.6416,0.4405286343612147,-1.3215859030836885,down,57.8,False,2.2,-2.9,40.0,0.0,0.61,-1.3,4.6,1.45
603777.SH,20250609,14.28,-13.3665,-2.1008403361344463,-13.095238095238093,down,56.0,False,7.1,-3.9,65.0,0.4,0.72,2.9,8.5,5.23
600022.SH,20250612,1.32,-3.424,0.0,-3.0303030303030276,down,42.9,False,0.8,-2.3,0.0,0.0,0.88,0.8,-2.2,1.53
688084.SH,20250619,68.399,3.4287,9.913726935003542,-5.700513603249169,up,44.0,False,7.6,-4.5,85.3,-0.1,1.06,3.0,4.9,4.55
688298.SH,20250619,25.71,6.0815,6.494284391858507,-0.8957499523537193,up,63.5,False,6.5,-1.9,39.2,-0.7,0.69,-1.9,7.5,4.2
688739.SH,20250619,25.008,2.8778,5.808490670530975,0.41030230254728295,up,27.7,False,4.3,-1.6,35.3,-0.2,0.75,-3.2,-0.2,1.47
300218.SZ,20250623,13.884,6.6877,10.87582829155862,1.728608470181503,down,-2.7,True,9.1,0.2,87.5,-0.9,0.49,-3.0,-1.3,2.72
688739.SH,20250623,25.161,2.3636,5.166726282739154,1.470529788164221,up,38.1,False,3.6,-2.2,74.5,-0.2,0.84,-0.4,2.8,1.39
000778.SZ,20250625,3.375,2.4981,8.000000000000007,-0.2962962962962945,up,42.1,False,3.3,-1.8,75.0,0.0,0.93,1.2,0.3,1.47
601011.SH,20250625,2.584,3.5823,6.4282673478075925,-0.1509346336932449,up,62.1,False,3.7,-1.7,100.0,-0.4,0.75,-1.1,6.5,3.09
002716.SZ,20250626,3.83,13.1501,26.63185378590076,0.0,up,45.8,False,13.6,-1.6,54.5,0.5,0.92,-1.0,12.2,4.36
603318.SH,20250626,6.502,5.1566,6.459550907413103,-0.9227929867732909,down,41.5,False,5.8,-4.2,62.5,0.3,0.86,-3.6,2.4,2.79
002716.SZ,20250627,3.86,12.2691,25.647668393782386,-0.7772020725388518,up,49.0,False,12.7,-2.3,46.7,-0.3,1.0,3.7,13.3,3.86
002049.SZ,20250701,65.201,0.4093,1.8689782734726768,-1.8272613778231528,down,75.1,False,-3.3,-5.6,35.2,-0.4,1.33,3.6,2.0,1.63
000921.SZ,20250710,26.11,2.8109,4.5193412485637685,-0.45959402527767645,down,35.3,False,7.9,-3.6,39.3,0.1,0.91,2.6,-5.4,2.24
688788.SH,20250711,28.594,12.7396,19.42365531230328,0.5245855773938546,up,38.2,False,16.9,-10.5,72.5,0.0,0.52,-2.8,7.1,5.33
688352.SH,20250703,11.05,2.7613,3.9819004524886736,-1.4479638009049833,up,75.5,False,-1.5,-6.7,36.4,0.0,0.85,0.9,2.7,1.95
688521.SH,20250716,86.29,0.8771,4.5196430640862095,-0.33607602271411574,up,11.6,False,15.8,-2.1,77.9,0.9,1.29,2.3,0.4,4.94
000521.SZ,20250717,7.095,2.1321,4.228329809725162,-0.986610288935863,down,76.3,False,2.5,-1.1,62.5,0.1,0.96,0.3,6.9,1.95
603836.SH,20250717,9.608,0.4208,4.475437135720228,-0.8950874271440479,up,27.3,False,16.0,-6.0,59.3,-0.4,0.41,-1.0,6.4,3.76
688788.SH,20250724,31.066,7.2203,21.801969999356217,7.290928989892498,up,53.2,False,7.6,-8.7,91.6,0.0,1.65,11.7,10.6,2.81
300433.SZ,20250703,21.352,1.8045,9.788310228550024,4.1213937804421175,up,73.3,False,3.2,-3.8,81.8,0.7,3.48,12.5,13.1,3.19
002327.SZ,20250804,7.23,1.3809,2.0746887966804906,0.0,down,4.0,False,2.1,-0.1,88.9,-0.1,1.05,-0.3,-2.0,1.01
002327.SZ,20250814,7.28,0.0115,2.4725274725274637,-0.5494505494505475,down,50.0,False,0.3,-1.4,40.0,-0.1,0.73,-0.4,-0.5,0.88
300096.SZ,20250819,3.841,9.5979,25.481620326981158,3.0927835051546504,down,10.8,False,4.1,0.5,74.1,-1.3,2.41,1.0,-1.0,2.06
002221.SZ,20250926,9.009,-9.0532,-0.5439005439005329,-10.31191031191031,up,81.8,False,0.0,-7.5,61.5,-1.0,1.65,1.1,1.9,2.49
301197.SZ,20250904,18.692,16.3759,20.008559811684123,-0.5884870532848252,down,11.3,False,18.5,-2.4,52.7,1.8,0.59,-2.7,-7.5,4.29
601665.SH,20250917,5.297,5.5818,6.673160307994919,-1.2551227090565553,down,6.8,False,5.2,-0.5,33.3,-0.4,0.85,-3.8,-5.2,2.35
603121.SH,20250919,18.473,3.2014,5.8278389468100045,-3.158054283456213,down,73.5,False,1.0,-7.4,5.7,-0.2,0.72,4.2,-2.7,4.16
002802.SZ,20250917,13.072,0.127,2.294981640146876,-2.0654834761321905,down,23.4,False,1.8,-2.1,96.2,-0.3,0.68,1.7,-6.7,2.88
688232.SH,20250917,28.101,-0.0233,2.7757019323155774,-3.2027329988256636,down,12.2,False,2.4,-1.0,77.1,-0.3,0.39,0.8,-4.3,3.03
688232.SH,20250926,27.671,-1.2672,0.9016861759160832,-1.6279932883989878,down,36.2,False,4.4,-6.3,0.0,-0.1,0.65,-0.1,-8.0,2.8
301197.SZ,20250929,19.452,3.5508,5.654945506888742,-2.519021180341363,up,27.8,False,15.3,-3.5,78.4,0.0,0.6,-4.3,3.8,4.75
000526.SZ,20250924,46.55,-3.5165,0.96713627126217,-3.3293376126213303,down,11.0,False,6.5,-2.0,45.5,-0.4,0.56,-0.4,-8.4,2.35
002969.SZ,20250930,3.495,5.0347,6.160757718831378,-1.565227344264175,down,51.6,False,4.4,-4.7,0.0,0.0,0.66,1.8,-0.6,2.44
300791.SZ,20250910,24.871,-5.1692,3.538257408226464,-6.433195287684446,up,59.6,False,5.8,-4.8,63.8,0.0,0.66,4.8,7.6,3.79
000906.SZ,20251013,6.178,0.3983,1.1719761719761745,-0.2849002849002802,down,79.4,False,0.8,-4.5,87.5,-1.3,1.28,1.1,-0.3,1.7
002413.SZ,20251031,5.59,0.4929,5.903398926654746,-2.3255813953488302,up,73.3,False,0.9,-5.5,20.0,1.5,0.87,-1.3,3.8,2.7
002221.SZ,20251009,8.524,-4.0416,0.4235150576614055,-5.207710085758855,up,23.4,False,7.5,-2.3,56.2,-0.7,0.82,-1.4,-2.3,2.88
301258.SZ,20251014,33.557,2.7943,6.585809220132921,-0.5066007092410008,down,45.3,False,2.1,-5.5,20.3,1.4,0.97,-0.5,-5.0,3.24
301325.SZ,20251028,57.1,7.1158,17.338003502626975,-4.535901926444841,down,19.4,False,18.5,-4.2,50.0,0.6,0.98,4.0,-14.9,3.98
002481.SZ,20251009,5.494,9.8173,16.116116116116117,1.0101010101010166,up,15.4,False,11.4,-1.7,76.9,-0.4,0.67,0.2,1.8,2.47
600686.SH,20251009,11.37,4.2874,17.59014951627089,5.364995602462641,down,43.0,False,0.9,-5.6,88.2,2.4,4.06,7.2,3.0,2.25
605266.SH,20251013,19.318,3.0364,5.151344325228391,-0.2840375258763017,down,19.0,False,8.5,-2.0,85.2,-2.5,1.01,0.7,-5.0,2.37
688166.SH,20251103,56.81,-8.351,2.946374380920602,-11.628483355794106,down,38.6,False,-1.4,-10.6,72.1,2.3,1.33,5.4,0.2,4.11
688010.SH,20251121,26.75,5.0704,10.094281078737023,-1.9058086415599473,down,26.0,False,5.8,-2.2,13.1,-0.8,1.04,-1.8,-5.3,3.01
000513.SZ,20251110,35.9,-4.8666,1.4484679665738298,-5.153203342618385,down,55.4,False,-1.1,-3.7,95.7,-0.2,1.06,2.5,-1.7,1.61
300592.SZ,20251105,10.694,-1.2117,1.4961660744342575,-2.1507387319992577,down,76.6,False,0.6,-7.9,87.0,0.3,1.16,2.9,0.6,2.54
000513.SZ,20251106,35.15,-2.8781,3.6130867709815107,-3.1294452347083945,down,17.7,False,1.0,-1.7,84.2,0.1,0.76,2.1,-5.5,1.64
000513.SZ,20251107,35.36,-3.446,2.9977375565610975,-3.7047511312217285,down,24.1,False,0.4,-2.2,66.3,0.2,2.08,1.9,-4.2,1.54
688321.SH,20251107,30.128,-9.4927,2.0390551147648983,-10.374778276986474,down,54.0,False,6.0,-7.1,20.8,1.2,1.37,-1.5,-1.7,4.13
002892.SZ,20251119,13.017,-2.9843,0.16502106553826223,-5.443236748378211,down,15.8,False,8.2,-1.5,20.0,-0.5,0.76,-0.8,-5.5,2.12
002892.SZ,20251121,12.729,-2.0574,2.5812645038029824,-2.9963658988390707,down,-7.1,True,3.5,0.7,44.7,-1.0,1.05,-3.2,-9.7,2.0
605555.SH,20251128,16.91,7.4319,13.246599645180357,-0.47309284447073496,up,13.4,False,13.2,-3.0,73.1,0.2,0.99,5.7,-11.7,3.04
600872.SH,20251106,17.69,0.3393,3.78745053702656,-1.9785189372526935,down,26.8,False,1.2,-1.2,53.8,-0.1,0.84,1.3,-1.3,1.11
601919.SH,20251107,14.73,0.6842,2.3761031907671315,0.5431093007467691,up,90.5,False,1.1,-11.5,84.2,0.1,1.34,3.0,10.9,1.6
603369.SH,20251107,36.78,0.5933,4.812398042414334,-0.7612833061446445,down,10.3,False,3.3,-0.4,4.2,-0.3,0.92,-2.7,-3.2,1.54
600576.SH,20251119,7.385,-0.2295,1.8225146911474033,-3.051967395130928,down,12.9,False,28.0,-3.0,88.9,-0.3,1.19,-3.5,3.4,4.81
600858.SH,20251126,5.62,6.1529,8.185053380782925,0.3558718861209842,up,30.0,False,7.5,-3.2,68.4,0.5,0.87,-3.1,2.5,2.64
688267.SH,20251126,20.628,9.572,12.504387317211286,-1.4962448442962906,down,20.4,False,11.4,0.0,0.0,0.0,0.59,-3.7,-5.3,3.35
600278.SH,20251128,7.574,-2.1869,4.970763708183656,-2.8317418070391454,down,2.1,False,10.9,-0.3,89.3,-0.3,0.66,3.0,-5.4,2.82
002051.SZ,20251106,8.54,-0.1661,5.269320843091352,-2.1077283372365363,up,27.5,False,10.2,-1.2,75.0,-0.1,0.73,1.3,2.9,2.37
600566.SH,20251126,24.215,7.6558,9.640972273842262,-0.22878003254127588,up,39.0,False,10.2,-1.2,54.0,0.7,1.14,-1.8,6.1,3.35
601233.SH,20251127,14.41,0.5352,8.53573907009022,-1.179736294240108,up,24.1,False,14.2,-4.5,70.2,0.1,0.84,0.0,3.4,4.44
002387.SZ,20251201,9.0,0.2988,4.999999999999982,-0.5555555555555647,up,24.8,False,25.3,-3.7,78.4,0.4,1.16,5.0,9.4,5.21
688310.SH,20251201,15.622,-7.457,-0.9742545864218743,-7.439413142835183,down,17.5,False,35.6,-5.3,8.2,1.6,1.14,0.9,-20.1,3.93
600873.SH,20251231,9.722,1.3556,2.777206336144844,-0.7200164575190349,up,59.5,False,0.8,-1.5,36.4,-0.1,0.57,-0.9,-0.5,1.43
000521.SZ,20251204,6.529,-2.3233,-0.06203046385001576,-2.3594550508879486,down,32.2,False,5.6,-2.7,10.0,-0.2,0.58,0.2,-3.6,1.57
300531.SZ,20251204,16.772,-2.52,5.064576465320214,-2.5077526936921335,down,7.1,False,5.6,-1.0,40.5,0.3,0.74,-2.7,-9.9,2.42
300834.SZ,20260105,23.085,1.5024,8.706952566601679,3.6387264457439894,down,83.2,False,-3.4,-9.4,93.7,0.0,5.36,11.1,6.2,1.93
000513.SZ,20260107,34.29,0.8517,3.2662583843686033,1.1665208515602155,down,77.5,False,-1.2,-4.3,62.9,0.2,3.87,6.5,3.0,1.16
603039.SH,20260108,46.413,-0.1504,15.674487751276601,0.9156917243013929,up,77.2,False,3.9,-12.0,75.2,0.6,2.23,9.8,15.0,3.18
600872.SH,20260105,16.939,0.5965,5.024529337796424,2.0727438027262624,up,57.3,False,0.4,-1.8,85.2,0.0,1.57,3.5,2.6,1.66
002675.SZ,20260106,13.97,3.8865,7.874015748031482,-0.21474588403722628,down,45.5,False,-2.1,-7.2,82.1,0.4,1.11,4.4,-5.1,2.46
002875.SZ,20260121,17.513,0.2274,2.437603850831671,-2.9298068303155955,down,69.8,False,5.0,-2.6,88.5,-0.1,0.6,0.3,9.6,3.34
601618.SH,20260128,3.14,-0.1137,7.643312101910826,-0.9554140127388644,up,60.0,False,1.0,-5.1,50.0,-0.3,3.96,7.5,8.6,2.16
688612.SH,20260128,32.256,-1.9288,0.08004667632681706,-4.8182394815505125,down,26.7,False,8.0,1.0,13.3,-0.2,0.93,-5.4,-1.3,3.6
000048.SZ,20260109,15.27,17.4427,23.64112639161755,-4.060248853962012,up,48.7,False,17.9,-17.0,96.7,-0.5,0.86,-10.1,18.4,4.93
002488.SZ,20260109,10.31,1.8266,18.331716779825392,8.632395732298725,up,88.9,False,-14.0,-25.5,78.9,0.1,1.54,26.3,33.0,4.09
688576.SH,20260109,43.959,4.0171,6.31952501194295,2.5250801883573315,down,59.9,False,5.4,-6.0,70.2,-0.0,2.69,8.1,8.6,1.9
002422.SZ,20260107,30.182,3.7599,12.060168312239107,2.816248094891005,down,43.2,False,5.0,-8.3,83.2,0.2,1.24,8.9,-4.6,2.75
002675.SZ,20260107,14.04,3.3676,7.33618233618234,-0.6410256410256387,down,48.6,False,-2.6,-5.8,4.3,0.0,0.84,3.0,-5.2,2.41
688506.SH,20260109,332.3,-8.1724,6.52723442672285,-8.817333734577193,down,33.3,False,11.6,-5.8,87.9,-0.1,1.32,6.4,-6.0,3.45
688506.SH,20260112,340.461,-10.3783,3.9737297370330493,-11.00302237260654,down,49.7,False,2.2,-8.1,59.8,-0.3,1.05,6.2,-5.0,3.53
002608.SZ,20260119,7.41,-0.319,3.7786774628880027,-0.26990553306343035,down,31.5,False,0.3,-1.2,93.3,-0.5,1.1,2.0,-0.8,1.47
600211.SH,20260122,43.655,-4.4005,0.32069636925895484,-7.398923376474642,up,65.3,False,3.4,-2.3,13.0,1.0,0.66,-0.7,4.2,2.29
600329.SH,20260209,42.54,-1.6533,1.1981579819606125,-3.3152093426703555,down,84.6,False,-4.8,-11.2,36.1,-3.1,1.69,9.9,0.1,2.89
603858.SH,20260204,17.167,1.0734,3.6897230668857084,0.19456386238392298,up,76.2,False,1.5,-5.4,86.0,-0.1,1.41,3.2,8.4,2.15
002286.SZ,20260209,10.59,-0.7673,0.28328611898016387,-2.6440037771482516,up,84.3,False,-3.2,-12.2,38.9,0.5,0.91,10.0,8.9,4.1
601137.SH,20260211,19.569,5.4141,9.55593029792019,-1.2775307884919984,down,23.3,False,21.8,-6.6,54.8,-0.8,1.14,5.0,-9.5,4.85
688617.SH,20260211,244.003,-6.1587,3.23766511067487,-8.159735740954,down,46.6,False,10.1,-8.8,13.5,1.6,0.72,4.3,-7.3,3.58
301320.SZ,20260205,18.061,3.3411,4.706273185316445,-0.332207518963501,up,55.6,False,3.8,-4.3,68.4,0.0,0.84,4.3,4.0,2.74
600436.SH,20260206,171.45,-8.6772,-1.7964421114027296,-9.938757655293085,down,93.5,False,-2.0,-11.5,11.4,1.5,1.54,6.0,-1.2,2.67
300679.SZ,20260210,42.665,-6.9528,1.7344427516699845,-10.078518692136406,down,20.5,False,21.2,-4.9,6.2,2.3,0.59,0.6,-14.2,3.31
301130.SZ,20260211,31.43,0.8623,2.3464238886168554,-1.408007055784799,up,69.8,False,2.2,-3.1,11.1,0.9,0.65,0.2,3.2,2.19
600743.SH,20260211,2.01,-0.2508,2.9850746268656803,-3.482587064676612,down,93.3,False,-2.5,-7.0,33.3,0.0,0.88,3.1,1.5,2.11
300679.SZ,20260213,41.407,-3.8248,4.825903989083913,-7.346024500836212,down,8.1,False,3.5,-1.7,0.0,-0.1,0.55,-0.4,-16.2,3.38
688617.SH,20260213,233.306,-1.5947,7.970905380766058,-3.949043483039072,down,31.4,False,15.2,-4.6,4.6,-1.0,0.74,1.1,-7.7,3.69
600208.SH,20260224,3.7,0.2476,3.7837837837837673,-1.0810810810810811,down,25.0,False,2.2,-3.5,50.0,1.6,1.67,0.8,-4.6,3.38
002475.SZ,20260225,50.411,-1.9758,2.1423895578345897,-2.4399436630894167,down,14.4,False,19.4,-0.1,76.0,-0.2,1.1,0.1,-10.0,2.73
600971.SH,20260211,6.613,5.1356,5.848908244117834,0.2540373797858875,up,62.2,False,5.5,-9.1,65.4,-0.1,1.21,-3.3,10.1,3.84
600801.SH,20260204,23.63,-2.6805,3.4701650444350474,-5.628438425729998,up,29.2,False,11.0,-3.7,83.5,0.6,1.04,-6.5,-2.5,4.27
688317.SH,20260204,21.483,0.042,1.9410696830051588,-0.8518363357073011,up,14.2,False,33.0,-5.5,68.3,-0.6,0.74,-10.4,4.5,6.05
002015.SZ,20260205,10.771,6.3251,23.198900772430186,0.2673796791443861,up,46.2,False,6.0,-5.2,52.0,0.4,1.81,4.3,6.3,3.39
600873.SH,20260206,10.209,4.1276,5.907797917107471,2.577364020343076,up,52.8,False,4.5,-1.3,69.8,-0.8,1.32,-0.2,8.0,2.23
301307.SZ,20260306,37.165,4.4752,9.136113398233814,2.866706489508819,up,87.2,False,1.1,-13.9,38.4,-1.1,2.72,3.8,13.1,3.95
002955.SZ,20260319,25.413,-2.8504,1.2855473315153798,-3.2396422345779663,down,9.2,False,7.0,-1.0,17.5,-1.6,0.87,-3.1,-5.9,3.44
300633.SZ,20260319,25.761,-5.5516,-0.46500903116714065,-10.519048522968443,down,32.1,False,5.0,-3.1,12.7,-1.1,1.09,-1.9,-4.5,2.99
603885.SH,20260326,11.543,2.9426,10.799244589982138,-1.4155274875686463,down,30.8,False,4.4,-10.5,38.5,-0.9,1.1,3.1,-16.1,4.53
000009.SZ,20260311,9.18,-5.9054,5.555555555555558,-7.4074074074074066,down,38.0,False,6.2,-4.1,61.5,0.0,1.41,5.1,-1.7,2.71
000408.SZ,20260325,75.937,6.9561,8.981129093854134,-2.199191435005332,down,43.7,False,7.7,-2.5,40.3,3.5,1.29,0.2,-8.1,4.67
000408.SZ,20260326,74.881,8.4677,10.518568019526553,-0.8194776139036186,down,38.3,False,9.2,-9.8,30.5,-0.1,0.67,7.7,-10.9,4.82
603836.SH,20260306,10.11,-5.1864,1.7705242334322469,-5.252225519287823,up,26.5,False,9.1,-3.3,93.0,-0.7,0.76,-1.8,4.2,3.08
300583.SZ,20260310,14.595,-0.5219,3.2887975334018327,-0.6851661527920605,down,58.9,False,4.1,-6.4,89.8,0.0,0.79,6.6,5.4,2.85
688278.SH,20260316,69.473,-2.1037,1.6146502430791854,-2.0270391841464064,down,23.1,False,9.5,-0.1,65.1,-0.1,0.72,0.3,1.8,3.3
600909.SH,20260311,6.05,-3.6518,1.6528925619834878,-5.289256198347103,down,18.7,False,27.8,-2.3,71.4,0.0,0.79,2.2,-7.5,1.87
600208.SH,20260316,3.465,-4.9156,1.5873015873015817,-5.339105339105343,down,19.4,False,6.5,-2.7,25.0,0.3,0.59,0.9,-4.9,3.33
600679.SH,20260319,12.006,-3.3432,-0.1560088391126535,-4.820448235967323,down,18.0,False,2.6,-0.9,16.0,-0.1,0.88,-0.6,-8.0,2.17
603043.SH,20260330,15.256,-3.9452,2.124423993340274,-4.037126619865106,down,13.3,False,9.9,-2.3,53.3,-1.0,0.81,1.6,-11.4,2.23
000063.SZ,20260529,37.513,1.4191,9.007311583053168,-8.319977991676497,up,60.5,False,6.1,-8.4,12.0,0.5,1.97,3.1,2.0,4.66
600239.SH,20260529,1.53,-6.55,3.267973856209161,-8.496732026143794,down,22.7,False,13.7,-3.9,25.0,3.4,1.67,-1.3,-24.0,4.42
603456.SH,20260527,12.603,-1.7278,0.295968324247986,-2.243170114340576,down,9.3,False,10.6,-0.0,20.0,-0.5,0.63,-3.0,-14.7,2.71
688068.SH,20260527,85.209,-7.7309,10.293125280925919,-9.59906958512744,down,24.2,False,38.3,-12.3,33.9,-2.0,0.53,2.4,-22.3,7.98
300883.SZ,20260528,6.86,-7.1959,0.4373177842565523,-7.725947521865894,up,20.8,False,16.6,-4.5,63.6,0.4,1.02,-1.0,2.1,4.56
600567.SH,20260611,1.356,-5.2521,6.171201061712006,-4.888299048882994,down,53.8,False,1.8,-1.9,14.3,-0.7,2.36,-2.2,-6.4,3.38
002758.SZ,20260615,7.885,-2.99,1.775523145212432,-2.7901077996195234,down,45.0,False,6.5,-7.5,94.1,0.5,1.18,4.3,-4.9,3.09
600679.SH,20260608,10.402,-10.6,-0.8164830949641044,-11.872123730884566,down,46.3,False,8.8,-8.4,57.9,-1.0,1.64,3.4,-7.6,3.93
600567.SH,20260612,1.297,7.0723,11.8050736371347,6.407587323617858,down,18.0,False,6.4,-2.1,100.0,-0.8,5.17,6.7,2.9,3.12
603987.SH,20260612,7.118,-0.934,3.6793526362371987,-0.5352551945041473,down,17.7,False,7.1,1.6,95.0,0.4,0.98,0.6,-5.9,3.13
300871.SZ,20260615,22.281,2.6908,8.706970064180242,-4.488128899061983,down,61.8,False,-0.2,-12.2,65.8,1.2,1.37,8.8,-3.6,3.89
300193.SZ,20260616,8.316,-4.9122,-0.19240019240018835,-10.17316017316019,down,88.1,False,3.5,-14.6,66.7,-0.2,2.1,13.8,-0.4,3.61
301223.SZ,20260616,16.78,-2.6463,-1.0727056019070313,-4.290822407628148,down,42.7,False,4.2,-6.9,17.8,2.5,1.69,3.2,-8.5,3.03
688377.SH,20260604,31.373,-9.5393,-5.237289270107192,-12.026545033802838,down,42.5,False,18.9,-13.9,48.1,-7.5,2.42,0.8,-8.8,7.53
605507.SH,20260605,15.84,-4.4321,4.292929292929282,-5.5555555555555465,down,54.8,False,1.6,-5.9,57.1,-0.1,1.17,3.9,-1.3,3.02
600187.SH,20260612,1.584,-15.7731,-4.040404040404044,-21.085858585858585,down,68.5,False,11.7,-25.5,0.0,-2.5,1.26,-5.6,6.3,5.92
301333.SZ,20260616,45.442,13.6648,18.372896961598716,-1.0144582136477842,down,12.4,False,16.0,-4.0,30.2,2.4,1.06,1.4,-20.5,4.21
603899.SH,20260601,22.82,-2.9342,3.4203203400600346,-5.913801792326745,down,54.0,False,6.8,-7.9,98.8,-0.9,1.32,5.7,-2.7,3.31
002637.SZ,20260603,12.499,1.0045,6.930693069306937,-2.030203020302035,down,74.4,False,7.2,-20.8,67.9,-0.2,1.41,20.3,0.5,5.95
600585.SH,20260603,19.325,-4.9084,-0.95628415300546,-5.096042391124356,down,27.3,False,9.3,-3.5,15.3,-0.2,0.9,-0.6,-7.5,2.06
605507.SH,20260603,15.484,-2.0988,6.6935338035082115,-3.3816425120772986,down,30.6,False,7.3,-3.8,78.2,-0.7,1.35,2.3,-4.1,2.95
000100.SZ,20260604,4.604,1.1383,9.91636798088409,-1.8138372977082873,up,70.9,False,5.1,-9.4,68.6,-0.4,2.03,7.3,14.7,5.31
000055.SZ,20260609,3.534,7.7806,8.932461873638342,1.0101010101010166,up,17.6,False,25.6,-5.5,79.2,3.1,1.54,-11.7,0.3,6.41
002206.SZ,20260611,5.207,2.0874,8.883511925337029,-1.6783807658332317,down,12.1,False,8.3,-2.4,42.1,-0.6,0.78,-3.2,-14.3,3.83
002332.SZ,20260611,8.474,0.1146,2.190125554611533,-1.1139431700179392,down,47.4,False,1.7,-3.2,36.8,-0.2,2.17,2.8,-2.0,1.97
300347.SZ,20260611,38.253,26.0276,30.65513699588078,-0.16628930679501996,down,19.2,False,6.1,0.6,67.9,-1.7,1.56,0.3,-17.3,5.26
002223.SZ,20260615,25.96,-4.0712,0.500770416024654,-4.853620955315874,down,28.0,False,10.7,-4.7,90.7,0.0,0.91,3.4,-6.9,3.09
300347.SZ,20260615,39.302,0.5654,4.903031677005831,-2.3485058397776593,down,33.8,False,3.2,-9.8,74.7,-0.9,1.44,9.0,-14.6,5.11
603579.SH,20260615,18.72,-0.2985,11.538461538461542,-1.1217948717948567,down,22.8,False,2.5,-5.7,94.4,-0.1,1.03,8.8,-8.8,3.55
301263.SZ,20260617,19.523,-9.2489,5.517651156596393,-9.183108980269218,down,27.8,False,14.3,-7.0,7.3,0.4,0.99,1.7,-11.9,5.12
301333.SZ,20260617,45.135,15.1185,23.939046094734717,1.4532152256703235,down,10.6,False,16.8,-3.3,98.3,-1.0,1.18,3.9,-16.9,4.06
301097.SZ,20260618,36.016,4.737,8.229074694165384,-7.958085528179004,down,22.3,False,28.7,-3.8,94.9,0.1,1.03,6.4,-12.4,5.48
300245.SZ,20260601,6.66,-2.2301,6.606606606606591,-4.95495495495496,down,18.4,False,23.7,-10.4,90.2,0.8,1.0,11.6,-26.7,5.25
000409.SZ,20260604,9.524,-4.5264,2.165102165102173,-4.764904764904754,up,12.0,False,13.4,-1.2,5.0,0.2,0.48,-6.0,-7.4,4.56
300583.SZ,20260604,12.469,-1.8729,1.9724838700622582,-2.83943042974405,down,-0.8,True,27.2,1.7,26.0,0.5,0.78,-5.5,-19.7,4.66
603858.SH,20260604,14.84,-3.5877,0.807946038099483,-3.639463345934324,down,13.2,False,12.9,-2.0,8.7,-0.2,0.83,0.5,-8.3,2.4
300611.SZ,20260605,25.75,-0.3183,9.90333943044439,-0.34912756942745427,up,25.1,False,9.6,-1.6,67.8,0.0,0.85,4.6,4.7,5.71
688278.SH,20260605,53.559,9.9354,13.295617916690006,1.6262439552642949,down,-2.4,True,7.1,0.8,95.1,-0.0,0.79,-2.8,-2.8,3.33
688513.SH,20260605,46.391,-2.2323,2.0447755402941192,-2.589704126195802,down,4.5,False,17.3,-2.0,23.3,1.8,0.91,-10.6,-24.9,6.63
688606.SH,20260608,49.154,-7.2355,-0.08849827580945657,-8.226270764035116,down,24.2,False,16.7,-5.3,17.5,-0.9,0.65,1.6,-15.6,3.2
000055.SZ,20260610,3.663,0.9652,5.10510510510509,-2.5389025389025544,up,29.4,False,21.2,-8.8,31.2,1.4,1.06,-6.6,-0.5,6.68
601800.SH,20260612,6.203,-3.3188,4.0303079155247445,-3.7078832822827756,down,30.6,False,4.0,-3.5,25.0,0.0,1.95,0.5,-5.7,2.33
688109.SH,20260612,77.42,3.1232,13.588220098165849,-0.3229139757168653,down,8.0,False,19.6,-1.0,26.3,-0.6,0.96,-9.7,-17.2,7.62
000801.SZ,20260615,12.226,-1.4207,-0.05316321105793831,-4.1426409847462375,down,23.1,False,13.2,1.3,46.4,-0.5,0.99,-0.6,-7.9,4.71
300791.SZ,20260615,17.0,-4.8095,5.1764705882352935,-7.058823529411762,down,38.5,False,10.1,-1.9,29.1,-0.5,0.66,5.8,-1.8,5.18
600872.SH,20260615,17.51,-6.592,1.37064534551683,-7.881210736721888,down,23.2,False,11.1,-4.4,45.8,0.7,0.96,2.1,-11.2,3.46
300883.SZ,20260616,6.326,-3.0934,4.645832345362866,-4.838684181407182,up,7.7,False,26.5,-0.4,54.3,0.0,1.32,0.5,-10.1,4.36
000564.SZ,20260617,1.584,-4.9047,-2.146464646464652,-9.090909090909093,down,34.9,False,19.3,-10.4,9.1,0.0,1.33,3.4,-7.3,5.17
300347.SZ,20260617,38.847,0.9277,6.132813133501225,-0.6374043964196607,down,29.8,False,4.2,-8.7,82.9,0.1,0.97,3.7,-10.5,4.73
600179.SH,20260603,4.346,4.5809,9.75357216815076,2.1605577414233634,down,45.2,False,4.5,-1.7,63.2,-0.5,1.24,0.9,4.5,3.64
301078.SZ,20260605,8.187,-2.1953,-0.2113028715205134,-5.096918398006656,down,3.2,False,20.8,2.7,24.2,-0.6,0.66,-10.7,-7.2,5.79
002452.SZ,20260610,11.286,9.4688,17.667907141591343,-8.293460925039875,up,38.9,False,11.6,-7.4,19.2,-1.3,0.79,-3.5,-5.2,5.53
002661.SZ,20260611,7.861,-6.3837,1.3917512658066622,-8.403938630638885,down,37.6,False,3.0,-4.2,25.8,-0.1,1.1,1.9,-8.1,3.57
300082.SZ,20260616,9.67,-5.8697,5.480868665977234,-12.616339193381599,down,36.0,False,20.6,-11.6,61.7,1.3,1.56,9.1,-7.5,5.34
000100.SZ,20260610,4.722,2.0876,10.962878258475751,-5.76625796751582,up,67.2,False,7.2,-11.7,45.0,-1.9,0.83,-1.5,7.0,6.64
300143.SZ,20260720,7.009,5.307,8.42892198824401,-1.9859613079951988,up,41.7,False,2.7,-7.3,87.5,0.8,1.16,4.1,3.8,5.06
600382.SH,20260729,6.25,0.718,9.119999999999994,-1.5999999999999903,down,61.9,False,1.6,-15.4,75.0,1.5,1.02,10.4,-5.0,4.96
300906.SZ,20260730,25.146,-0.3593,3.3961663882923876,-2.3701582756700756,down,79.2,False,0.1,-17.6,27.3,-0.5,1.32,10.0,-1.4,6.18
301032.SZ,20260722,8.99,9.9244,11.012235817575089,-0.22246941045606095,down,27.1,False,10.5,0.9,37.0,0.9,1.01,-5.9,-9.4,5.97
300988.SZ,20260724,14.81,-2.5251,1.4152217360773323,-5.471830605520456,down,58.2,False,0.9,-16.0,19.8,-0.9,1.31,2.5,-7.4,7.14
301446.SZ,20260724,31.977,23.6725,24.71463864652721,-5.150576977202359,down,42.1,False,40.4,-17.5,31.2,-0.8,1.47,4.3,-18.9,7.84
002888.SZ,20260728,15.731,17.0396,20.525583080649177,-2.613294683779266,down,26.4,False,47.6,-14.6,17.1,0.1,0.98,8.4,-28.4,7.01
601799.SH,20260729,93.09,1.0371,8.110779173206062,-1.159849048820638,down,39.0,False,12.6,-8.0,41.4,-0.1,0.9,5.8,-2.8,3.75
603390.SH,20260729,9.52,7.6932,10.504201680672276,-0.9453781512605008,down,38.1,False,9.9,-10.3,73.1,1.2,0.84,9.2,-9.2,4.46
600382.SH,20260730,6.3,0.2339,5.0793650793650835,-2.3809523809523725,down,65.2,False,0.8,-16.0,3.8,0.3,1.73,5.7,-2.5,4.83
301446.SZ,20260731,33.29,14.5298,19.795734454791237,-1.6521477921297656,down,60.6,False,3.5,-20.7,37.5,1.0,0.74,9.0,-9.3,7.17
603920.SH,20260731,32.9,20.7129,27.051671732522784,-6.322188449848021,down,13.9,False,34.5,-3.0,1.3,4.0,1.6,-5.2,-30.7,8.3
002858.SZ,20260717,10.92,-5.7828,-1.370916783428111,-8.056082126798358,down,32.4,False,4.9,-8.1,9.4,-0.3,1.0,-2.1,-15.5,4.63
601717.SH,20260717,15.028,0.4206,5.202219826725751,-1.318853888023852,down,45.9,False,2.7,-6.6,13.0,0.1,1.19,3.0,-8.7,3.68
688326.SH,20260717,67.043,-4.9378,-0.8245479007440104,-7.372603769532294,down,36.5,False,7.0,-7.8,8.5,-0.9,1.27,-8.8,-15.8,5.53
002340.SZ,20260720,6.237,7.8089,9.828443161776491,0.5291005291005124,down,-0.8,True,15.0,1.8,68.0,0.6,0.81,-0.8,-19.8,3.8
301087.SZ,20260721,50.193,3.73,7.3257227103380895,-1.2611320303627993,up,77.6,False,4.1,-6.5,62.3,-0.0,1.58,5.6,15.6,4.79
601600.SH,20260721,9.078,7.2042,9.822323562781587,0.12887875483293953,up,64.0,False,-4.2,-14.0,62.2,0.0,1.31,3.4,0.8,4.51
000695.SZ,20260722,12.484,4.2937,6.777529457941833,2.7723708136079495,down,42.0,False,4.8,-8.6,34.3,0.0,1.24,8.8,-4.3,5.81
002858.SZ,20260722,10.108,13.1279,16.740371392673058,-1.2653469068748202,down,13.0,False,11.6,-0.7,50.0,-1.5,0.84,-4.4,-12.6,5.25
300014.SZ,20260722,53.668,0.4595,4.587658544493078,-3.853141263213211,down,22.4,False,31.3,-6.2,29.6,-0.9,0.79,1.4,-21.4,4.58
300183.SZ,20260723,9.92,5.727,8.870967741935498,-1.1088709677419262,down,44.8,False,4.9,-5.6,89.7,1.7,1.2,1.9,-4.2,4.44
688032.SH,20260723,74.854,4.7681,8.170716555850799,-1.7419266063625205,down,18.6,False,14.7,-3.4,94.1,-1.0,1.25,1.7,-6.0,3.71
002020.SZ,20260727,13.325,6.4501,11.06608432017051,0.7849670553979671,down,41.0,False,15.9,1.8,82.8,-0.4,0.43,-4.1,9.6,6.3
002340.SZ,20260727,6.48,4.0666,8.487654320987659,-0.30864197530865445,down,32.4,False,10.6,-5.1,93.8,0.0,0.74,4.3,0.2,3.34
300091.SZ,20260727,2.39,7.9517,10.460251046025103,0.0,down,32.8,False,16.3,-3.3,75.0,-0.8,0.53,2.5,2.5,4.23
300906.SZ,20260727,22.34,15.8211,19.024171888988374,1.611459265890769,down,29.1,False,12.7,-7.3,52.3,1.5,1.42,1.5,-8.6,5.89
300925.SZ,20260728,13.751,7.7715,14.463570187112307,2.682694475351055,down,19.3,False,6.6,-1.5,68.8,-0.7,1.24,-0.7,-3.7,4.64
301290.SZ,20260728,25.61,11.6768,14.603670441233895,-5.818039828192112,down,47.2,False,10.8,-15.7,25.2,0.5,1.26,11.5,-5.0,6.11
002722.SZ,20260729,12.0,3.8525,8.000000000000007,0.5833333333333357,down,53.2,False,4.3,-4.9,82.6,-0.2,0.82,6.4,2.9,3.39
002778.SZ,20260729,14.315,9.0299,14.631795129720437,-4.0194475879123175,down,35.8,False,10.2,-8.9,37.9,-0.4,1.48,7.9,-7.8,5.8
002812.SZ,20260729,51.797,8.2768,13.674976060297173,-1.0363574583758028,down,20.5,False,36.3,-9.4,58.6,1.2,0.88,11.5,-18.5,6.19
605588.SH,20260730,39.818,19.1558,24.843662884438622,-1.3004234287178118,down,14.6,False,61.9,-12.6,2.3,-1.5,0.67,-6.4,-42.5,10.52
688623.SH,20260730,60.816,6.3355,7.192715039044195,-3.610416389188975,down,35.0,False,23.7,-12.8,39.3,-1.1,0.46,-1.6,-19.5,5.45
002023.SZ,20260731,9.27,15.9644,24.379719525350584,0.9708737864077666,down,22.7,False,53.0,-12.4,37.1,2.0,0.92,7.6,-26.4,5.65
002827.SZ,20260717,24.819,0.168,2.5411675591173077,-5.8796984604722935,down,45.5,False,1.9,-10.6,20.2,0.0,1.12,9.2,-3.1,4.2
301173.SZ,20260721,29.136,-3.2819,-1.8729599769355176,-5.854329911414524,down,19.3,False,11.8,-0.5,28.3,0.9,1.79,-6.9,-13.2,5.21
301283.SZ,20260721,23.374,9.1477,10.764570739157776,-1.3001681362545314,down,8.3,False,12.9,-1.6,26.2,-0.0,1.65,-2.8,-12.8,4.42
688331.SH,20260721,121.879,-3.6813,8.714469854913354,-4.413315184170519,down,23.1,False,20.4,1.6,96.4,-0.1,0.69,-5.6,13.4,9.45
301533.SZ,20260723,22.88,11.1636,13.72377622377623,-0.7867132867132809,down,23.5,False,9.4,-0.1,93.5,2.3,1.33,-4.4,-3.0,4.68
600382.SH,20260723,5.72,11.1156,19.23076923076925,-0.6993006993006978,down,21.6,False,11.0,0.7,93.5,0.5,1.08,-2.3,-13.8,6.1
001233.SZ,20260724,43.382,5.046,15.232655168757425,-2.977746428225647,down,43.1,False,6.8,-8.5,14.4,0.2,0.52,1.6,-6.3,5.3
003008.SZ,20260724,16.612,-2.2754,1.1304944558818253,-1.8793416886384695,down,28.3,False,8.9,0.4,22.0,-1.1,0.63,-5.4,-6.9,3.99
301330.SZ,20260724,21.632,-1.837,6.280193236714959,-1.9485472574717555,down,14.3,False,22.2,-3.7,0.0,1.2,0.93,-4.2,-13.6,5.23
002722.SZ,20260727,11.52,8.188,12.500000000000021,2.430555555555558,down,20.6,False,8.7,-1.0,82.9,-0.8,0.79,1.1,1.4,3.55
002929.SZ,20260728,50.767,-13.7508,-1.8066783277391751,-15.023873682220025,down,15.7,False,27.3,-8.6,12.8,-2.5,0.56,-5.2,-26.1,9.36
300467.SZ,20260728,32.73,8.6106,13.962725328444847,-6.813321112129533,down,49.6,False,9.1,-17.3,15.3,0.0,0.86,9.7,-11.9,6.67
301252.SZ,20260728,28.75,15.9517,19.8277541252748,-9.28569440966135,down,27.1,False,48.1,-17.9,12.6,-1.9,0.8,1.0,-32.0,10.72
301662.SZ,20260728,67.132,6.5845,9.039070844114349,-3.771530375276144,down,21.5,False,65.3,-14.1,37.8,-1.2,2.05,7.1,-32.4,7.31
002023.SZ,20260729,8.93,20.1637,29.115341545352734,-0.33594624860021627,down,14.6,False,58.8,-9.1,87.5,0.3,0.64,6.9,-32.5,6.54
002931.SZ,20260729,44.144,16.0042,21.55644808706032,-8.436234966847211,down,10.6,False,85.4,-10.1,30.1,0.3,0.65,0.8,-32.7,9.05
300690.SZ,20260729,20.99,-0.5519,3.09671272034302,-0.8099094807050844,down,39.2,False,1.4,-11.3,85.1,1.7,0.89,10.7,-7.7,4.71
301305.SZ,20260729,20.176,17.6735,23.115353733606938,1.6048611730653084,down,10.8,False,6.9,-6.4,79.2,0.2,0.58,2.7,-27.8,6.57
600580.SH,20260729,29.49,19.7701,32.519498134961,-2.9840623940318722,down,18.0,False,33.9,-7.4,64.7,1.5,0.62,1.6,-10.9,5.22
603920.SH,20260729,32.482,19.6577,26.562793432650178,-5.116387896028263,down,3.4,False,36.2,-1.8,87.5,0.0,1.65,-5.1,-28.9,8.41
688162.SH,20260729,20.67,11.4777,16.110304789550067,-0.5805515239477588,down,23.8,False,25.7,-8.0,75.3,-0.3,0.88,8.4,-13.2,5.31
688429.SH,20260729,9.13,13.9964,23.767798466593646,0.4381161007666945,down,21.3,False,1.5,-4.3,92.3,0.4,0.87,2.7,-10.3,4.76
688638.SH,20260729,27.918,14.7536,18.883874203023133,3.445805573465144,down,41.2,False,8.1,-12.8,75.8,-0.2,0.9,13.8,-6.8,5.73
002079.SZ,20260730,8.92,7.9927,13.678404466417792,-1.4562943530757155,down,13.4,False,66.3,-10.9,12.5,-0.1,0.73,-0.9,-39.8,9.54
002931.SZ,20260730,43.114,18.3857,24.459288638393105,-0.7294529682589479,down,8.1,False,89.8,-7.9,13.9,-0.9,0.66,-7.3,-42.7,9.08
300095.SZ,20260730,8.009,2.602,7.627573634990181,-0.3633367044986291,down,44.0,False,17.1,-13.5,15.2,0.0,0.54,3.3,-9.3,6.29
300183.SZ,20260730,10.118,5.7276,7.632093933463802,0.31825100318250144,down,62.2,False,2.9,-11.0,30.3,-1.0,0.78,-0.2,-3.1,4.08
301306.SZ,20260730,80.685,18.7909,27.1611823759063,-3.017909152878484,down,3.1,False,123.1,-4.0,2.7,0.0,0.68,-12.8,-55.1,16.98
600580.SH,20260730,29.334,19.2423,33.22560740718012,3.39643481729206,down,16.7,False,34.6,-6.9,21.5,-1.3,0.64,-2.9,-15.1,5.16
688350.SH,20260730,28.334,5.7156,8.951146686995749,-7.74269600265407,down,48.0,False,26.7,-24.7,0.0,0.0,1.1,5.0,-18.2,7.54
002050.SZ,20260731,36.51,6.4613,10.791563955080807,2.848534648041623,down,11.0,False,35.3,-4.4,69.7,3.0,1.07,7.1,-23.4,5.0
002722.SZ,20260731,12.28,1.48,5.537459283387625,0.5700325732899136,down,78.4,False,2.0,-7.1,83.3,0.2,0.91,6.5,1.5,3.23
003015.SZ,20260731,10.36,14.1078,22.7799227799228,0.4826254826254983,down,27.0,False,5.2,-2.8,66.7,1.9,1.0,2.7,-14.5,4.63
300687.SZ,20260731,21.19,29.5874,43.747050495516746,7.126002831524292,down,19.2,False,6.6,-12.7,65.5,4.1,1.02,3.5,-21.0,9.15
603079.SH,20260731,10.86,11.0598,13.259668508287303,0.5524861878453136,down,40.7,False,9.5,-8.5,71.4,0.1,0.72,8.8,-9.0,4.74
605588.SH,20260731,40.0,23.652,24.875000000000004,-1.750000000000007,down,17.2,False,10.9,-12.9,12.7,5.4,0.75,-1.5,-34.8,9.43
688359.SH,20260731,90.0,25.3043,26.255555555555542,-13.888888888888884,down,6.4,False,137.4,-3.3,5.6,9.8,0.98,-15.2,-56.2,24.03
000923.SZ,20260717,13.622,8.7403,11.72774254169604,-7.358468404980034,down,69.4,False,-2.3,-12.1,8.3,-0.6,1.07,-0.9,-5.6,4.36
301283.SZ,20260720,23.641,7.447,9.512207502157267,-2.4161210090858254,down,14.1,False,11.6,-2.8,31.6,0.0,1.2,0.9,-9.4,4.4
002020.SZ,20260722,13.989,-2.8162,2.79725778664206,-4.851773216953692,down,56.3,False,10.4,-4.2,48.0,-0.2,0.79,-7.6,13.8,7.45
301026.SZ,20260722,17.246,29.6587,34.525507659835995,-3.918635261918857,down,15.8,False,3.7,-5.6,26.2,-0.7,0.96,3.0,-24.9,6.12
601799.SH,20260722,89.15,5.2205,12.889023494242814,-0.39203809331517236,down,13.0,False,17.5,-4.0,54.8,-0.9,0.56,-2.8,-19.4,4.86
000695.SZ,20260723,12.83,-0.2131,4.28682774746687,-0.4676539360872978,down,69.8,False,1.9,-11.1,88.9,0.0,0.78,7.6,1.6,5.89
001322.SZ,20260723,5.98,-2.3781,2.5152184092581464,-2.1673690547862723,down,32.2,False,10.0,0.3,93.3,-0.8,0.36,-4.1,6.6,3.97
002318.SZ,20260723,18.89,5.3061,13.552143991529908,-2.1704605611434613,down,24.9,False,33.9,-9.4,97.8,0.1,1.12,9.4,-18.1,4.87
301439.SZ,20260728,14.216,7.137,15.078360203708385,-1.4518443487802846,down,43.9,False,8.9,-12.6,21.7,-1.9,1.04,3.2,-12.1,5.73
301248.SZ,20260729,54.717,17.7349,31.804749137841238,-11.947409685784937,down,15.9,False,57.0,-12.1,29.2,0.4,0.76,-7.4,-37.8,14.43
600186.SH,20260729,8.474,28.519,43.84499197583307,-9.37411498159163,down,14.1,False,88.0,-11.4,52.0,0.4,0.78,-2.0,-35.3,9.65
603135.SH,20260729,8.593,9.0864,12.530838337289962,-1.899176092724475,down,8.0,False,76.9,-6.7,93.7,0.1,0.47,4.2,-29.6,8.47
002203.SZ,20260730,17.582,9.2758,19.210119210119213,1.1238511238511384,down,20.8,False,12.4,-7.1,76.4,-1.7,1.35,-8.0,-17.6,7.32
603088.SH,20260730,9.029,3.1506,7.877015771752638,0.45631756158073244,down,43.4,False,16.2,-8.6,17.6,-0.3,0.67,3.3,-10.4,5.33
002203.SZ,20260731,17.78,10.8095,17.885264341957253,1.7997750281214753,down,26.6,False,11.2,-8.2,53.6,3.1,1.1,2.9,-15.6,7.1
002600.SZ,20260731,12.64,2.2847,3.5601265822784667,-3.4810126582278555,down,21.8,False,46.7,-12.8,10.5,3.5,0.63,2.6,-31.2,6.12
301252.SZ,20260731,27.53,22.5474,25.136215038140207,-0.6901561932437406,down,20.7,False,6.5,-14.2,24.1,3.5,0.97,0.7,-29.1,9.05
301322.SZ,20260731,32.11,25.0864,31.765805045157293,-1.8685767673621845,down,24.0,False,10.4,-19.0,48.1,10.0,1.27,0.3,-35.0,11.33
603031.SH,20260731,36.01,21.0513,23.632324354346036,0.0,down,11.7,False,50.9,-0.7,100.0,5.7,0.98,-0.1,-29.1,10.07
688657.SH,20260731,28.24,26.8827,28.399433427762034,2.6912181303116123,down,25.9,False,31.8,-11.1,69.7,0.8,0.92,8.4,-19.2,6.83
600918.SH,20260722,5.623,-1.1665,1.8992744344857204,-2.902262057191629,up,68.2,False,2.8,-7.9,72.7,-0.5,0.73,-1.6,6.8,3.11
000695.SZ,20260724,13.018,-1.2316,2.776817605714954,-2.216077121020077,down,78.3,False,0.5,-13.4,10.6,-0.6,0.61,5.1,4.4,5.86
688623.SH,20260724,59.717,-1.3068,3.7731425662460127,-1.7361948396431126,down,30.0,False,26.0,-11.1,68.5,-0.7,0.47,-1.5,-12.0,5.78
002318.SZ,20260727,18.711,5.2487,14.63844797178131,4.53743787077121,down,22.3,False,35.2,-8.5,96.6,-0.2,1.49,11.1,-13.0,4.97
002820.SZ,20260729,8.326,8.2918,12.059957482074001,0.7698867389711594,down,44.7,False,9.9,-8.0,82.3,-0.1,1.56,11.1,2.1,4.84
603091.SH,20260729,46.2,5.0222,11.363636363636353,0.0,down,44.5,False,14.4,-11.6,31.1,0.0,0.54,7.6,-6.2,5.15
001205.SZ,20260730,13.25,4.6693,8.377358490566023,-0.30188679245282124,down,56.4,False,2.0,-8.3,21.8,-0.1,1.84,7.5,-2.7,2.97
603031.SH,20260730,35.749,16.2418,24.535300386865067,0.7303721233380633,down,3.1,False,52.0,0.0,23.7,-0.6,0.99,-8.4,-37.1,11.15
688153.SH,20260730,24.615,6.9575,11.434486434486434,-2.564902564902549,down,14.3,False,46.2,-7.7,7.3,-0.4,0.86,-4.4,-27.9,10.12
688755.SH,20260731,23.03,18.4595,22.796352583586632,2.2145028224055396,down,16.1,False,12.6,-5.0,64.6,0.2,0.68,6.4,-16.2,4.39
301120.SZ,20260805,15.979,-9.1353,6.3922997008498905,-9.879463782809506,up,87.8,False,-8.1,-26.3,81.8,-3.4,1.9,12.0,6.6,6.35
300274.SZ,20260810,113.018,1.5689,8.13283500739701,-1.5823972025793998,down,64.1,False,6.6,-10.9,33.3,-1.0,11.25,9.6,5.3,5.7
002130.SZ,20260803,16.88,0.6053,5.56872037914693,-4.68009478672985,down,44.3,False,-4.2,-8.6,86.8,1.1,1.17,7.3,-7.5,4.27
688251.SH,20260806,20.998,1.6539,7.010701070106995,-3.228418079903228,down,65.0,False,-6.7,-19.3,62.0,-0.5,0.99,15.4,-7.0,5.83
688312.SH,20260806,45.906,7.8912,18.2844184785095,-2.1920738547868024,down,26.2,False,54.9,-19.5,72.7,-2.6,1.05,24.3,-28.8,10.44
300637.SZ,20260807,8.89,0.9466,5.509437357989699,-0.5646667116600335,down,82.1,False,4.5,-22.2,78.1,0.1,0.9,12.0,1.9,5.97
300727.SZ,20260810,28.235,-3.9514,2.214288750053117,-7.02962301840282,down,45.8,False,-1.5,-10.2,33.0,-0.5,18.76,5.1,-6.9,4.31
301120.SZ,20260806,15.731,-6.4337,8.066187361341548,-9.542244344006455,up,82.7,False,-6.7,-25.1,33.3,-0.6,1.29,11.6,1.7,6.59
000035.SZ,20260807,4.875,-5.6155,2.0357925313246206,-7.400569463932582,up,62.5,False,5.5,-12.9,22.2,-0.8,1.17,-4.2,5.3,5.18
688080.SH,20260810,36.85,-0.5894,3.093622795115336,-5.128900949796478,down,85.8,False,24.2,-14.5,62.5,1.4,0.88,7.3,4.0,3.69
002655.SZ,20260803,22.622,67.5344,68.99851910792827,0.8774838096501147,down,6.2,False,133.0,2.3,30.0,-0.4,1.01,-15.0,-45.3,11.68
002787.SZ,20260803,19.275,18.5229,23.992882082250343,-6.564359568982048,down,13.1,False,13.8,-3.0,6.0,2.3,1.5,-16.6,-39.0,10.89
300232.SZ,20260804,5.27,-6.2704,3.6053130929791344,-6.072106261859567,down,80.0,False,-3.0,-9.7,83.3,1.0,1.57,9.5,2.9,3.21
300274.SZ,20260804,105.0,8.3237,16.39047619047618,-0.8000000000000007,down,16.4,False,14.7,-4.1,62.7,1.2,0.66,-5.1,-16.6,6.04
301396.SZ,20260804,157.16,28.3915,47.62025960804277,15.646474930007637,down,17.0,False,44.4,-19.0,100.0,6.8,1.44,10.4,-33.1,14.17
300232.SZ,20260805,5.356,-5.3545,1.0101010101010166,-7.5785582255083135,down,87.9,False,-4.6,-11.1,45.5,-0.4,0.94,7.4,4.9,3.33
300811.SZ,20260805,63.093,21.4881,32.86798631220411,4.607981588995247,down,23.4,False,45.7,-13.9,87.5,0.0,1.21,13.7,-18.3,9.24
301330.SZ,20260806,24.661,-3.4791,1.6994513582229143,-5.6401023482516965,down,92.3,False,7.2,-14.0,34.0,-0.9,0.83,8.9,2.7,4.47
301446.SZ,20260806,35.313,1.9931,12.931954815890911,-3.4358159673550714,down,93.2,False,-2.5,-25.3,97.2,-0.2,0.58,11.0,5.5,6.24
300100.SZ,20260807,23.027,-13.3471,2.747162076482801,-13.407505840867827,down,39.0,False,38.1,-10.4,63.6,1.2,0.88,5.1,-7.6,4.25
601777.SH,20260807,8.544,-1.3541,0.6589650853845441,-3.6717113194517648,up,77.8,False,0.2,-17.5,23.8,-0.1,0.89,2.2,9.2,4.21
688395.SH,20260807,21.503,3.6901,14.775750134866161,0.21950629685438816,down,77.7,False,9.2,-16.2,97.2,0.2,1.01,8.1,2.7,4.63
688755.SH,20260810,27.116,1.6361,8.533306780842388,-2.235203440022704,down,85.3,False,-4.3,-19.3,34.6,1.0,1.6,9.7,7.7,3.72
688080.SH,20260811,36.383,-0.5987,4.418332989761575,-3.909846766989622,down,88.6,False,25.7,-13.4,62.9,-1.0,0.77,3.6,2.7,3.44
002429.SZ,20260812,8.17,2.1654,8.44553243574051,-6.609547123623017,down,40.0,False,43.2,-13.7,66.7,-0.1,0.63,3.4,-10.9,4.73
301308.SZ,20260812,413.325,-6.9372,2.9891731688138856,-14.382144801306474,down,42.3,False,-6.4,-25.5,57.9,0.1,0.92,13.5,-15.1,7.42
688035.SH,20260812,62.0,10.0792,27.145161290322584,-0.6451612903225823,down,32.9,False,69.8,-16.1,51.8,1.3,0.78,3.6,-17.4,7.02
300637.SZ,20260813,8.94,0.7064,4.925221204290997,-1.1152499524592407,down,85.2,False,3.7,-22.6,0.0,2.0,0.6,-1.3,6.5,5.24
688035.SH,20260814,63.7,9.0789,23.751962323390895,-3.296703296703296,down,59.1,False,2.5,-18.4,51.3,2.8,1.55,2.0,5.7,6.48
300637.SZ,20260820,8.98,2.9787,10.579064587973264,-2.2271714922049157,down,81.4,False,4.5,-1.6,46.2,1.1,0.53,1.7,19.8,3.53
002188.SZ,20260803,4.99,3.6202,8.21643286573146,2.8056112224448926,down,82.1,False,2.2,-19.2,95.0,1.4,0.9,13.7,1.2,5.5
300906.SZ,20260803,26.0,-0.0428,2.269230769230779,-1.4615384615384586,down,94.5,False,-3.2,-20.3,56.2,3.5,1.0,11.3,1.7,5.86
301010.SZ,20260803,15.95,4.9813,9.717868338557988,1.5673981191222541,down,72.6,False,2.8,-17.2,87.5,1.1,0.98,10.8,-0.8,5.1
688258.SH,20260803,100.505,8.6515,17.606323280082158,-4.482173985720072,down,22.3,False,46.6,-12.4,8.7,-2.5,1.09,-4.4,-18.8,13.38
688716.SH,20260803,26.21,11.0995,14.269362838611222,2.9378099961846704,down,13.6,False,1.7,-7.5,82.1,0.5,0.96,7.7,-25.0,7.22
300095.SZ,20260804,8.29,-5.9376,3.9806996381182236,-5.790108564535579,down,55.5,False,13.1,-16.4,51.6,0.2,0.72,4.6,-4.5,4.78
002655.SZ,20260805,25.49,34.2503,49.980384464495884,5.727736367202829,down,21.5,False,106.8,-16.5,100.0,3.6,0.95,14.4,-27.5,9.42
688368.SH,20260807,116.523,4.2912,21.735623010049522,-4.602524823425414,down,19.3,False,78.4,-17.7,82.1,1.6,1.16,17.1,-30.5,10.18
600186.SH,20260810,10.28,11.9296,30.15564202334633,1.6536964980544688,down,69.8,False,-11.7,-25.3,100.0,3.9,21.26,30.1,-1.5,5.66
002655.SZ,20260813,32.86,17.8473,24.071819841752905,-3.590992087644551,down,87.7,False,60.4,-35.2,0.6,1.8,0.94,15.0,0.9,6.44
301359.SZ,20260813,16.563,1.9942,3.425166186672457,-1.4653407958847287,down,90.4,False,-3.5,-20.9,3.5,1.6,0.93,2.3,5.2,3.29
301396.SZ,20260813,209.67,-2.487,10.65006915629323,-8.89969952782944,down,80.2,False,-0.8,-39.3,13.6,7.6,1.95,2.4,-4.2,9.21
688525.SH,20260813,242.431,-0.0072,8.195644784994682,-5.95269915753418,down,38.5,False,3.1,-19.2,0.1,2.5,0.84,0.9,-21.7,8.17
002655.SZ,20260814,31.7,24.2614,28.612798818919984,5.994359585864895,down,84.2,False,66.3,-32.8,99.6,0.2,1.05,15.7,19.0,6.12
688381.SH,20260814,33.0,11.6065,15.090909090909088,-4.696969696969699,down,56.1,False,45.3,-27.1,54.2,1.1,0.65,4.8,0.1,7.89
002683.SZ,20260803,28.04,8.3203,11.091298145506423,-1.4978601997146845,down,51.4,False,13.3,-11.0,79.8,0.0,0.87,5.9,-5.4,3.84
002929.SZ,20260803,49.01,17.7031,22.628035094878605,2.2444399102224066,down,21.9,False,31.9,-5.3,31.1,2.2,0.97,-4.3,-22.9,8.53
300684.SZ,20260803,42.877,55.7025,88.5164272603663,-0.9723184278714103,down,4.3,False,26.2,0.7,44.4,-0.5,0.58,-17.7,-43.0,15.29
301265.SZ,20260803,16.771,24.7689,30.5856677757504,0.7715883748941499,down,0.8,False,94.4,1.0,39.0,0.4,0.81,-11.0,-38.3,9.29
600252.SH,20260803,2.19,5.0687,9.589041095890405,-1.82648401826484,down,73.3,False,5.5,-4.6,100.0,0.0,0.55,2.7,15.4,4.13
600673.SH,20260803,28.076,30.2536,35.309370147169886,6.388283398156469,down,17.3,False,42.1,-5.5,57.0,0.0,0.84,-4.9,-20.6,9.09
688381.SH,20260803,27.265,28.8302,39.301511850531455,-5.811931955722804,down,13.1,False,75.9,-8.3,9.2,0.6,0.84,-16.7,-42.8,17.21
301252.SZ,20260804,28.66,8.5181,20.202372644801137,3.628750872295883,down,27.8,False,2.3,-9.0,82.1,0.0,0.77,8.8,-20.8,7.7
301322.SZ,20260804,33.3,13.6472,27.057057057057076,2.2522522522522515,down,30.6,False,6.5,-13.7,79.5,2.0,0.76,3.8,-27.6,10.06
300184.SZ,20260805,12.01,-1.3139,10.241465445462117,-3.2472939217318975,down,16.7,False,52.4,-8.6,85.7,-0.7,0.87,8.6,-16.4,6.89
601006.SH,20260805,4.841,-1.2471,0.3904071388733943,-3.740885335977362,up,52.4,False,4.5,-5.0,20.0,-0.2,1.32,-2.4,1.9,2.26
002787.SZ,20260806,20.622,1.4997,7.459617781269268,-0.5901550308655357,down,28.2,False,6.3,-16.0,92.3,-0.7,0.92,18.4,-19.9,9.55
300687.SZ,20260806,26.918,-0.6894,14.829798537043848,-4.525207945583098,down,60.1,False,-16.1,-26.6,57.4,-0.8,0.88,36.2,-8.2,6.96
301360.SZ,20260806,49.698,14.5447,22.198076381343302,0.044267374944673143,down,33.6,False,-1.7,-13.7,60.0,-1.7,0.99,15.8,-24.4,7.83
301396.SZ,20260806,196.911,3.8444,17.81972566286292,-5.144963968493377,down,39.6,False,15.3,-35.4,57.2,-0.5,1.64,53.4,-30.0,13.18
603091.SH,20260806,48.72,2.046,8.70279146141215,-1.724137931034475,down,73.2,False,8.5,-16.1,57.1,-0.3,0.66,4.8,-1.6,4.12
600673.SH,20260807,32.17,0.8411,18.091389493316747,-2.5489586571339817,down,45.9,False,24.0,-20.4,65.5,0.0,0.71,16.0,-11.4,7.54
603950.SH,20260807,57.014,6.7524,16.813209363999416,-1.603287607802284,down,28.8,False,24.4,-17.8,72.5,0.0,0.84,15.8,-18.0,10.14
688766.SH,20260810,389.694,1.3835,25.55501923690324,-7.601790842397504,down,24.1,False,8.7,-21.6,47.8,-0.2,1.13,19.7,-37.9,14.47
688755.SH,20260803,23.67,15.2512,19.476130122517944,3.5910435149978825,down,28.3,False,9.6,-7.5,88.3,0.6,1.41,7.6,-9.7,4.18
300802.SZ,20260805,20.55,9.9736,16.885644768856434,0.48661800486617945,down,64.5,False,14.2,-25.8,83.3,-0.1,1.04,-3.7,-0.3,7.57
688755.SH,20260805,24.671,13.2862,19.29082153801256,0.11835854532482593,down,68.7,False,5.1,-11.3,36.4,-0.1,0.96,6.6,-1.0,4.13
603950.SH,20260806,57.034,4.8254,16.7726562623282,-1.6374472024532682,down,25.4,False,24.3,-17.8,70.0,-1.3,0.62,19.7,-25.4,11.07
001227.SZ,20260807,2.158,-2.1663,0.5467519228987028,-2.696691687517383,up,56.4,False,5.7,-4.1,33.3,-0.5,0.98,-3.2,5.4,2.67
688716.SH,20260807,28.769,-6.0521,4.103665700362202,-8.062038137743565,down,34.9,False,-7.3,-16.0,84.8,0.3,0.75,13.1,-16.1,5.87
000932.SZ,20260810,3.72,-2.0095,0.8064516129032251,-4.838709677419361,up,47.3,False,7.8,-0.5,33.3,-0.3,0.73,-6.0,5.7,3.26
002722.SZ,20260824,12.731,1.886,2.973749941090542,-0.4037262202114422,up,58.2,False,6.8,-0.8,28.6,0.1,1.32,-1.3,7.9,2.39
300192.SZ,20260812,13.424,1.5747,13.599118023896771,7.341855129465746,down,91.4,False,2.4,-24.7,94.9,0.9,2.24,8.7,29.1,5.09
300002.SZ,20260813,8.385,-4.6285,1.1293573277044278,-6.860815951725052,up,56.7,False,8.1,-0.5,3.2,0.1,0.8,-3.1,2.2,4.12
