symbol,entry_date,trend_state,breakout_kind,breakout_date,breakout_price,retrace_state,retrace_signal,retrace_price,in_ob,in_fvg,in_ote,ote_zone,buy_price,net_pnl_pct,verdict
688381.SH,20230913,down,BOS↓,20230807,29.5,no_retrace,尚未反抽,29.25,False,none,False,"[32.59, 33.26]",27.878,-3.1863,S1_TREND_FAIL
301308.SZ,20231009,up,BOS↑,20230920,92.5,retrace_fail,回踩跌破(突破失败),85.7,True,none,True,"[85.76, 87.88]",86.98,8.3273,S2_PULLBACK_BROKE
000651.SZ,20231030,down,CHoCH↓,20231010,35.61,retrace_ok,反抽受限(延续下跌),35.81,True,none,False,"[35.89, 36.11]",33.878,-3.6222,S1_TREND_FAIL
300138.SZ,20231103,down,BOS↓,20231011,14.55,no_retrace,尚未反抽,14.45,False,none,False,"[15.62, 15.74]",13.83,0.7548,S1_TREND_FAIL
000651.SZ,20231109,down,CHoCH↓,20231010,35.61,retrace_ok,反抽受限(延续下跌),35.81,True,bull,False,"[35.89, 36.11]",33.67,-2.8346,S1_TREND_FAIL
300001.SZ,20231130,up,BOS↑,20231115,19.02,retrace_ok,回踩到位(接多窗口),18.64,False,bull,False,"[17.25, 17.73]",18.958,-3.3229,ALL_OK
000651.SZ,20231101,down,CHoCH↓,20231010,35.61,retrace_ok,反抽受限(延续下跌),35.81,True,none,False,"[35.89, 36.11]",33.85,-3.4155,S1_TREND_FAIL
601975.SH,20231226,down,BOS↓,20231205,2.773,retrace_fail,反抽收复(破位失败),2.843,False,bear,False,"[2.65, 2.69]",2.745,6.2067,S1_TREND_FAIL
001323.SZ,20231228,down,BOS↓,20231214,30.83,retrace_ok,反抽受限(延续下跌),31.19,False,none,False,"[32.52, 32.95]",29.72,-1.9246,S1_TREND_FAIL
600872.SH,20231229,down,BOS↓,20231204,30.712,no_retrace,尚未反抽,30.192,False,bear,False,"[31.31, 31.8]",26.306,-2.275,S1_TREND_FAIL
603688.SH,20231229,up,CHoCH↑,20231228,51.553,no_retrace,尚未回踩,,False,none,False,"[55.42, 56.3]",53.666,1.9342,S2_NO_PULLBACK
688420.SH,20231229,down,BOS↓,20231218,24.954,retrace_ok,反抽受限(延续下跌),25.474,True,none,True,"[25.05, 25.58]",25.084,-2.5085,S1_TREND_FAIL
301115.SZ,20231218,down,CHoCH↓,20231130,18.66,retrace_ok,反抽受限(延续下跌),18.84,False,none,False,"[18.78, 18.88]",17.919,-2.0989,S1_TREND_FAIL
603267.SH,20231228,down,CHoCH↓,20231218,50.03,retrace_ok,反抽受限(延续下跌),50.45,False,none,False,"[50.75, 51.34]",47.1,-5.1197,S1_TREND_FAIL
603507.SH,20231229,down,CHoCH↓,20231122,14.642,retrace_ok,反抽受限(延续下跌),14.933,True,bear,False,"[14.67, 14.69]",14.461,-1.3586,S1_TREND_FAIL
605303.SH,20231212,down,CHoCH↓,20231208,11.94,retrace_ok,反抽受限(延续下跌),12.04,True,none,False,"[12.04, 12.12]",11.89,0.5571,S1_TREND_FAIL
000651.SZ,20231215,up,CHoCH↑,20231212,33.08,retrace_ok,回踩到位(接多窗口),32.82,True,bear,False,"[32.42, 32.6]",33.25,-0.5799,ALL_OK
301115.SZ,20231220,down,BOS↓,20231219,17.76,no_retrace,尚未反抽,,False,none,False,"[18.78, 18.88]",17.87,-1.8339,S1_TREND_FAIL
300943.SZ,20231221,down,CHoCH↓,20231206,13.82,retrace_ok,反抽受限(延续下跌),13.82,True,none,False,"[13.97, 14.11]",13.385,-3.032,S1_TREND_FAIL
600382.SH,20231227,up,CHoCH↑,20231115,4.68,retrace_fail,回踩跌破(突破失败),4.41,True,bull,False,"[4.63, 4.68]",4.43,5.9081,S2_PULLBACK_BROKE
000950.SZ,20231229,down,BOS↓,20231220,4.99,retrace_ok,反抽受限(延续下跌),4.98,False,none,False,"[5.08, 5.16]",4.95,-3.9641,S1_TREND_FAIL
300993.SZ,20231229,down,BOS↓,20231226,10.05,retrace_fail,反抽收复(破位失败),10.42,True,bear,False,,10.24,2.4363,S1_TREND_FAIL
688013.SH,20231229,down,BOS↓,20231220,18.204,retrace_ok,反抽受限(延续下跌),18.244,False,none,False,"[18.46, 18.91]",17.974,1.166,S1_TREND_FAIL
300068.SZ,20231228,down,CHoCH↓,20231204,12.976,retrace_ok,反抽受限(延续下跌),13.086,False,none,False,"[13.1, 13.42]",11.956,9.45,S1_TREND_FAIL
301367.SZ,20231229,up,BOS↑,20231213,60.991,retrace_fail,回踩跌破(突破失败),58.018,False,bear,False,"[56.19, 58.34]",60.031,-1.2232,S2_PULLBACK_BROKE
000921.SZ,20240110,down,BOS↓,20231130,22.06,retrace_fail,反抽收复(破位失败),22.48,False,none,False,"[22.31, 22.51]",22.176,4.2581,S1_TREND_FAIL
603515.SH,20240110,up,CHoCH↑,20231229,14.752,retrace_fail,回踩跌破(突破失败),14.172,False,none,False,"[14.36, 14.48]",14.258,3.7931,S2_PULLBACK_BROKE
002570.SZ,20240117,down,BOS↓,20240108,3.81,retrace_fail,反抽收复(破位失败),3.95,True,bear,True,"[3.85, 3.88]",3.861,-4.2752,S1_TREND_FAIL
301093.SZ,20240117,down,BOS↓,20240108,17.846,retrace_fail,反抽收复(破位失败),18.361,False,bear,False,"[18.03, 18.19]",17.772,-7.6494,S1_TREND_FAIL
301093.SZ,20240118,down,BOS↓,20240108,17.846,retrace_fail,反抽收复(破位失败),18.574,False,none,False,"[18.03, 18.19]",17.949,-8.6933,S1_TREND_FAIL
301093.SZ,20240119,down,BOS↓,20240108,17.846,retrace_fail,反抽收复(破位失败),18.574,False,bear,True,"[18.03, 18.19]",18.054,-9.3026,S1_TREND_FAIL
000818.SZ,20240126,down,BOS↓,20240118,27.0,retrace_fail,反抽收复(破位失败),27.38,True,none,False,"[30.24, 30.67]",27.007,-2.9115,S1_TREND_FAIL
600718.SH,20240126,down,BOS↓,20240117,8.1,retrace_fail,反抽收复(破位失败),8.23,False,none,False,"[8.66, 8.74]",8.108,-2.148,S1_TREND_FAIL
000498.SZ,20240129,up,CHoCH↑,20240125,4.962,retrace_ok,回踩到位(接多窗口),4.972,False,bull,False,"[4.9, 4.94]",4.972,-0.6563,ALL_OK
300656.SZ,20240131,down,BOS↓,20240117,22.02,no_retrace,尚未反抽,21.52,True,bull,False,"[22.91, 23.27]",19.77,-7.8417,S1_TREND_FAIL
301152.SZ,20240131,down,CHoCH↓,20240118,34.38,no_retrace,尚未反抽,32.98,False,none,False,"[35.34, 36.13]",27.849,-12.6218,S1_TREND_FAIL
000589.SZ,20240110,down,BOS↓,20231219,5.492,retrace_ok,反抽受限(延续下跌),5.732,False,none,False,"[5.35, 5.44]",5.462,5.0452,S1_TREND_FAIL
002959.SZ,20240110,up,CHoCH↑,20240105,49.072,retrace_ok,回踩到位(接多窗口),47.412,False,bear,False,"[46.54, 47.09]",49.066,-1.442,S3_NOT_AT_POI
301267.SZ,20240116,down,BOS↓,20231226,31.415,retrace_ok,反抽受限(延续下跌),32.165,False,bear,False,"[31.57, 31.7]",30.348,-6.0638,S1_TREND_FAIL
603612.SH,20240116,down,BOS↓,20231130,15.811,retrace_ok,反抽受限(延续下跌),15.841,False,none,False,"[13.92, 14.19]",13.772,-3.0797,S1_TREND_FAIL
002570.SZ,20240118,down,BOS↓,20240108,3.81,retrace_fail,反抽收复(破位失败),3.95,False,none,False,"[3.85, 3.88]",3.802,-2.8139,S1_TREND_FAIL
603505.SH,20240125,down,CHoCH↓,20240117,17.338,retrace_fail,反抽收复(破位失败),17.674,False,none,False,"[17.72, 18.04]",17.66,-4.2218,S1_TREND_FAIL
301093.SZ,20240126,down,BOS↓,20240122,16.727,retrace_fail,反抽收复(破位失败),18.0,False,bear,False,"[17.11, 17.43]",16.941,-4.1244,S1_TREND_FAIL
600718.SH,20240129,down,BOS↓,20240117,8.1,retrace_ok,反抽受限(延续下跌),8.27,False,bull,False,"[8.66, 8.74]",8.009,-13.0675,S1_TREND_FAIL
601969.SH,20240129,down,CHoCH↓,20240117,6.003,retrace_fail,反抽收复(破位失败),6.283,False,none,True,"[6.11, 6.18]",6.131,-9.8095,S1_TREND_FAIL
603060.SH,20240129,down,BOS↓,20240119,7.647,retrace_fail,反抽收复(破位失败),7.997,False,bull,False,"[7.77, 7.86]",7.739,-3.5138,S1_TREND_FAIL
300200.SZ,20240131,down,BOS↓,20240117,7.89,no_retrace,尚未反抽,6.88,False,bear,False,"[8.11, 8.22]",6.009,-10.0206,S1_TREND_FAIL
301087.SZ,20240131,down,BOS↓,20240109,30.48,retrace_ok,反抽受限(延续下跌),31.07,False,bull,False,"[31.09, 31.6]",26.344,-6.5368,S1_TREND_FAIL
688018.SH,20240131,down,BOS↓,20240122,89.0,no_retrace,尚未反抽,87.28,False,none,False,"[91.67, 93.86]",83.309,-5.3678,S1_TREND_FAIL
002624.SZ,20240102,down,CHoCH↓,20231222,11.405,no_retrace,尚未反抽,11.075,False,bear,False,"[11.8, 12.12]",11.045,-13.8728,S1_TREND_FAIL
603515.SH,20240102,up,CHoCH↑,20231229,14.752,no_retrace,尚未回踩,,False,none,False,"[14.38, 14.46]",14.822,-5.0602,S2_NO_PULLBACK
300993.SZ,20240103,down,BOS↓,20231226,10.05,retrace_fail,反抽收复(破位失败),10.58,True,none,False,,10.44,0.0017,S1_TREND_FAIL
688171.SH,20240105,down,BOS↓,20231220,16.374,retrace_ok,反抽受限(延续下跌),16.481,True,bull,False,"[17.08, 17.22]",15.657,-6.4065,S1_TREND_FAIL
002004.SZ,20240110,down,CHoCH↓,20231220,4.7,retrace_ok,反抽受限(延续下跌),4.74,False,none,False,"[4.71, 4.72]",4.59,-2.3178,S1_TREND_FAIL
600219.SH,20240110,down,BOS↓,20231213,2.099,retrace_fail,反抽收复(破位失败),2.309,True,bull,False,"[2.1, 2.14]",2.256,-11.9983,S1_TREND_FAIL
688013.SH,20240110,down,BOS↓,20231220,18.204,retrace_ok,反抽受限(延续下跌),19.004,False,none,False,"[17.55, 17.87]",18.002,-6.5313,S1_TREND_FAIL
002624.SZ,20240111,down,CHoCH↓,20231222,11.405,retrace_ok,反抽受限(延续下跌),11.355,False,none,False,"[10.16, 10.42]",9.895,-3.8074,S1_TREND_FAIL
002930.SZ,20240111,down,BOS↓,20240109,18.281,retrace_fail,反抽收复(破位失败),18.371,False,none,False,"[18.51, 18.71]",18.351,-1.9575,S1_TREND_FAIL
600351.SH,20240111,down,BOS↓,20240108,6.71,retrace_ok,反抽受限(延续下跌),6.8,False,none,False,"[6.79, 6.85]",6.69,-1.2309,S1_TREND_FAIL
688093.SH,20240111,up,CHoCH↑,20231229,16.58,retrace_fail,回踩跌破(突破失败),14.95,False,none,False,"[15.47, 15.76]",15.14,-2.3891,S2_PULLBACK_BROKE
600703.SH,20240112,down,BOS↓,20240110,13.032,retrace_fail,反抽收复(破位失败),13.142,False,none,False,"[13.19, 13.34]",13.042,-1.6597,S1_TREND_FAIL
688257.SH,20240112,down,BOS↓,20231218,8.485,retrace_fail,反抽收复(破位失败),8.768,True,bull,False,"[8.55, 8.6]",8.433,-4.8923,S1_TREND_FAIL
600487.SH,20240117,down,BOS↓,20240108,10.538,retrace_fail,反抽收复(破位失败),10.688,False,none,False,,10.443,-4.2931,S1_TREND_FAIL
603822.SH,20240117,up,CHoCH↑,20231228,27.458,retrace_fail,回踩跌破(突破失败),26.188,False,none,False,"[26.66, 27.03]",26.312,-2.1077,S2_PULLBACK_BROKE
603882.SH,20240126,up,CHoCH↑,20240125,52.66,no_retrace,尚未回踩,,False,none,False,"[61.69, 62.53]",53.539,12.6687,S2_NO_PULLBACK
002859.SZ,20240129,down,BOS↓,20240122,20.727,retrace_fail,反抽收复(破位失败),21.447,False,bear,False,"[23.2, 23.47]",20.876,-3.7899,S1_TREND_FAIL
300148.SZ,20240129,down,BOS↓,20240116,3.5,retrace_ok,反抽受限(延续下跌),3.58,True,none,False,"[3.59, 3.67]",3.435,-5.783,S1_TREND_FAIL
603727.SH,20240129,down,CHoCH↓,20240117,11.376,retrace_fail,反抽收复(破位失败),11.806,False,none,False,"[11.61, 11.8]",11.549,-3.8327,S1_TREND_FAIL
301265.SZ,20240130,down,BOS↓,20240117,9.782,retrace_ok,反抽受限(延续下跌),9.762,False,bear,False,"[9.83, 9.94]",9.229,-6.9422,S1_TREND_FAIL
001256.SZ,20240131,down,CHoCH↓,20240117,18.34,no_retrace,尚未反抽,17.98,False,none,False,"[17.6, 17.85]",15.484,-6.6015,S1_TREND_FAIL
002148.SZ,20240131,down,BOS↓,20240110,5.75,retrace_ok,反抽受限(延续下跌),5.87,False,none,False,"[5.83, 5.9]",5.049,-6.3099,S1_TREND_FAIL
600572.SH,20240131,down,BOS↓,20240110,4.428,retrace_ok,反抽受限(延续下跌),4.448,False,bull,False,"[4.51, 4.57]",4.038,-8.8383,S1_TREND_FAIL
300515.SZ,20240102,down,BOS↓,20231218,10.406,retrace_fail,反抽收复(破位失败),10.776,False,bull,False,"[11.06, 11.16]",10.766,-0.5667,S1_TREND_FAIL
688093.SH,20240102,up,CHoCH↑,20231229,16.58,no_retrace,尚未回踩,,True,none,False,"[16.17, 16.3]",16.7,-8.0492,S2_NO_PULLBACK
300097.SZ,20240104,down,CHoCH↓,20231213,11.1,no_retrace,尚未反抽,9.8,False,bear,False,"[11.56, 11.93]",8.861,-8.4106,S1_TREND_FAIL
603156.SH,20240104,down,BOS↓,20231204,17.652,no_retrace,尚未反抽,17.472,False,bull,False,"[19.27, 19.66]",16.535,7.0665,S1_TREND_FAIL
688093.SH,20240104,up,CHoCH↑,20231229,16.58,retrace_fail,回踩跌破(突破失败),16.31,False,bull,False,"[16.17, 16.3]",16.345,-9.5995,S2_PULLBACK_BROKE
002385.SZ,20240105,down,BOS↓,20231208,6.682,retrace_ok,反抽受限(延续下跌),6.682,True,none,False,"[6.72, 6.86]",5.655,-2.2659,S1_TREND_FAIL
600433.SH,20240105,down,BOS↓,20231225,3.34,retrace_fail,反抽收复(破位失败),3.45,True,bull,False,"[3.48, 3.5]",3.406,-6.5504,S1_TREND_FAIL
603156.SH,20240108,down,BOS↓,20231204,17.652,no_retrace,尚未反抽,17.472,True,none,False,"[15.56, 15.91]",16.386,0.9989,S1_TREND_FAIL
603258.SH,20240108,down,CHoCH↓,20231222,23.955,no_retrace,尚未反抽,23.565,False,bull,False,"[20.99, 21.55]",22.26,-12.006,S1_TREND_FAIL
603888.SH,20240108,down,CHoCH↓,20231225,17.428,retrace_ok,反抽受限(延续下跌),17.456,False,none,False,"[16.32, 16.57]",16.236,-4.4324,S1_TREND_FAIL
300943.SZ,20240110,up,CHoCH↑,20231229,13.82,retrace_fail,回踩跌破(突破失败),13.23,False,bull,False,"[13.06, 13.3]",13.375,0.5966,S2_PULLBACK_BROKE
301201.SZ,20240110,down,BOS↓,20240108,23.722,retrace_ok,反抽受限(延续下跌),23.932,False,bull,False,"[24.06, 24.33]",23.406,-0.4318,S1_TREND_FAIL
000498.SZ,20240115,down,BOS↓,20231220,5.022,retrace_ok,反抽受限(延续下跌),5.092,False,none,False,"[4.9, 4.94]",4.843,-1.1433,S1_TREND_FAIL
300699.SZ,20240115,down,CHoCH↓,20231122,24.262,retrace_fail,反抽收复(破位失败),26.342,True,bull,False,"[21.93, 22.89]",24.415,-15.5158,S1_TREND_FAIL
688326.SH,20240115,down,BOS↓,20240112,91.25,no_retrace,尚未反抽,,False,none,False,"[122.05, 124.38]",90.239,-1.9777,S1_TREND_FAIL
688819.SH,20240117,down,CHoCH↓,20240108,25.392,retrace_fail,反抽收复(破位失败),26.322,False,bull,True,"[25.62, 25.87]",25.712,-6.869,S1_TREND_FAIL
002555.SZ,20240119,down,CHoCH↓,20231222,19.257,no_retrace,尚未反抽,17.727,False,bear,True,"[15.42, 15.92]",15.707,-8.5328,S1_TREND_FAIL
600487.SH,20240122,down,BOS↓,20240108,10.538,retrace_ok,反抽受限(延续下跌),10.688,False,none,True,"[10.29, 10.37]",10.334,-4.3172,S1_TREND_FAIL
000661.SZ,20240124,down,BOS↓,20240108,130.589,retrace_ok,反抽受限(延续下跌),133.469,False,none,False,"[146.9, 149.28]",113.394,-2.0054,S1_TREND_FAIL
300126.SZ,20240130,down,CHoCH↓,20240117,6.99,no_retrace,尚未反抽,6.83,False,none,False,"[6.88, 7.04]",6.019,-8.2385,S1_TREND_FAIL
002166.SZ,20240131,down,BOS↓,20240117,7.21,retrace_ok,反抽受限(延续下跌),7.39,False,none,False,"[7.3, 7.37]",6.465,-4.6405,S1_TREND_FAIL
300888.SZ,20240131,down,CHoCH↓,20240122,34.159,retrace_ok,反抽受限(延续下跌),34.709,False,bear,False,"[34.8, 35.33]",31.956,-10.8532,S1_TREND_FAIL
601600.SH,20240131,up,CHoCH↑,20240125,5.61,retrace_ok,回踩到位(接多窗口),5.58,False,none,False,,5.623,-0.5276,S3_NOT_AT_POI
688508.SH,20240131,down,BOS↓,20240130,35.361,no_retrace,尚未反抽,,False,none,False,"[44.96, 45.71]",34.651,-4.3168,S1_TREND_FAIL
002004.SZ,20240104,down,CHoCH↓,20231220,4.7,retrace_fail,反抽收复(破位失败),4.73,False,bear,False,"[4.73, 4.76]",4.73,-5.1924,S1_TREND_FAIL
000534.SZ,20240105,up,CHoCH↑,20231229,12.881,retrace_fail,回踩跌破(突破失败),12.431,False,bull,True,"[12.38, 12.49]",12.435,-8.128,S2_PULLBACK_BROKE
688420.SH,20240105,down,BOS↓,20231218,24.954,retrace_fail,反抽收复(破位失败),26.104,True,none,True,"[25.05, 25.58]",25.397,-8.8198,S1_TREND_FAIL
688093.SH,20240109,up,CHoCH↑,20231229,16.58,retrace_fail,回踩跌破(突破失败),15.44,False,none,True,"[15.47, 15.76]",15.48,-4.5996,S2_PULLBACK_BROKE
002555.SZ,20240117,down,CHoCH↓,20231222,19.257,no_retrace,尚未反抽,17.727,False,none,False,"[15.42, 15.92]",15.213,-5.8955,S1_TREND_FAIL
603727.SH,20240131,down,CHoCH↓,20240117,11.376,retrace_ok,反抽受限(延续下跌),11.926,False,bull,False,"[11.61, 11.8]",10.965,-10.6743,S1_TREND_FAIL
002640.SZ,20240102,down,CHoCH↓,20231228,3.8,retrace_ok,反抽受限(延续下跌),3.89,False,none,False,"[3.95, 4.08]",3.703,-2.3567,S1_TREND_FAIL
600623.SH,20240110,down,CHoCH↓,20240108,5.94,retrace_fail,反抽收复(破位失败),6.02,False,bull,False,"[6.01, 6.06]",5.9,-0.8113,S1_TREND_FAIL
600803.SH,20240110,up,CHoCH↑,20231226,13.175,retrace_ok,回踩到位(接多窗口),13.215,False,bull,False,"[13.38, 13.62]",14.085,2.4344,ALL_OK
688349.SH,20240206,down,BOS↓,20240105,19.973,retrace_ok,反抽受限(延续下跌),19.934,False,none,False,"[20.23, 20.43]",18.172,0.5238,S1_TREND_FAIL
002093.SZ,20240219,down,BOS↓,20240131,6.32,no_retrace,尚未反抽,6.25,False,bear,True,"[6.49, 6.62]",6.49,12.5788,S1_TREND_FAIL
300685.SZ,20240219,up,CHoCH↑,20240207,18.476,retrace_ok,回踩到位(接多窗口),17.666,False,bear,False,"[20.07, 20.32]",18.598,5.3305,S3_NOT_AT_POI
688068.SH,20240219,down,BOS↓,20240130,31.96,no_retrace,尚未反抽,31.48,False,bear,False,"[39.89, 40.24]",31.165,2.7463,S1_TREND_FAIL
688237.SH,20240223,down,BOS↓,20240131,26.534,no_retrace,尚未反抽,25.684,False,bear,False,"[34.76, 35.34]",21.536,4.4082,S1_TREND_FAIL
301353.SZ,20240227,down,BOS↓,20240131,14.951,retrace_fail,反抽收复(破位失败),15.047,False,bear,False,"[17.63, 17.88]",14.879,-2.5242,S1_TREND_FAIL
301225.SZ,20240228,up,CHoCH↑,20240227,20.059,no_retrace,尚未回踩,,False,bear,False,,20.454,-0.4749,S2_NO_PULLBACK
300835.SZ,20240201,down,CHoCH↓,20240116,25.795,retrace_ok,反抽受限(延续下跌),25.905,False,none,False,"[26.09, 26.36]",21.894,-3.4389,S1_TREND_FAIL
002266.SZ,20240207,down,BOS↓,20240202,3.03,retrace_fail,反抽收复(破位失败),3.22,False,bear,False,"[3.09, 3.14]",3.21,7.4661,S1_TREND_FAIL
300054.SZ,20240207,down,BOS↓,20240130,17.72,retrace_fail,反抽收复(破位失败),18.22,False,bear,False,"[22.44, 22.81]",18.52,9.4239,S1_TREND_FAIL
300171.SZ,20240207,down,BOS↓,20240129,14.177,retrace_ok,反抽受限(延续下跌),14.367,False,bear,False,"[16.81, 17.0]",13.907,10.3431,S1_TREND_FAIL
300285.SZ,20240207,down,BOS↓,20240131,17.543,retrace_fail,反抽收复(破位失败),18.653,False,bull,False,"[18.0, 18.37]",18.453,1.6283,S1_TREND_FAIL
002008.SZ,20240208,down,BOS↓,20240131,17.22,retrace_fail,反抽收复(破位失败),17.86,False,bear,False,"[17.51, 17.75]",18.09,0.174,S1_TREND_FAIL
300910.SZ,20240208,down,BOS↓,20240122,28.103,retrace_fail,反抽收复(破位失败),31.255,False,none,False,"[34.73, 35.22]",30.637,-1.6818,S1_TREND_FAIL
600109.SH,20240208,up,CHoCH↑,20240207,8.481,no_retrace,尚未回踩,,False,none,False,"[7.86, 7.99]",8.561,0.1131,S2_NO_PULLBACK
688596.SH,20240208,down,BOS↓,20240131,31.368,retrace_fail,反抽收复(破位失败),32.538,False,bull,False,"[32.34, 33.14]",31.448,13.8809,S1_TREND_FAIL
688646.SH,20240219,down,BOS↓,20240130,27.936,retrace_fail,反抽收复(破位失败),28.446,False,bear,False,"[28.62, 29.19]",28.112,5.7879,S1_TREND_FAIL
300143.SZ,20240220,down,BOS↓,20240131,6.374,retrace_ok,反抽受限(延续下跌),6.852,False,bear,False,"[8.06, 8.11]",6.265,0.2419,S1_TREND_FAIL
001228.SZ,20240221,down,BOS↓,20240130,26.06,no_retrace,尚未反抽,25.42,False,none,False,"[30.69, 31.06]",22.196,9.0165,S1_TREND_FAIL
002885.SZ,20240221,down,BOS↓,20240130,14.069,no_retrace,尚未反抽,12.989,False,none,False,,12.176,10.2801,S1_TREND_FAIL
301085.SZ,20240221,down,BOS↓,20240130,45.602,no_retrace,尚未反抽,45.052,False,none,False,"[53.42, 54.27]",41.75,19.1961,S1_TREND_FAIL
002093.SZ,20240222,down,BOS↓,20240131,6.32,retrace_fail,反抽收复(破位失败),6.79,False,bear,False,"[6.49, 6.62]",6.67,9.5353,S1_TREND_FAIL
603626.SH,20240222,down,BOS↓,20240130,6.07,retrace_ok,反抽受限(延续下跌),6.1,False,bear,False,"[8.12, 8.37]",5.287,11.3687,S1_TREND_FAIL
002312.SZ,20240223,up,CHoCH↑,20240208,6.48,retrace_ok,回踩到位(接多窗口),6.29,True,bear,False,"[6.01, 6.11]",6.93,-1.1487,ALL_OK
003004.SZ,20240223,down,BOS↓,20240131,22.962,no_retrace,尚未反抽,21.702,False,none,False,"[28.05, 28.82]",19.119,20.2876,S1_TREND_FAIL
603111.SH,20240223,down,BOS↓,20240131,4.126,retrace_fail,反抽收复(破位失败),4.886,False,bear,False,"[4.27, 4.38]",4.54,12.6103,S1_TREND_FAIL
301366.SZ,20240226,down,BOS↓,20240130,17.357,retrace_ok,反抽受限(延续下跌),17.872,False,bear,False,,16.773,11.349,S1_TREND_FAIL
002520.SZ,20240228,up,CHoCH↑,20240227,5.44,no_retrace,尚未回踩,,False,bull,False,"[5.93, 6.05]",5.722,-6.5425,S2_NO_PULLBACK
300100.SZ,20240228,up,CHoCH↑,20240227,8.82,no_retrace,尚未回踩,,False,bear,False,"[9.68, 10.16]",8.771,-0.2339,S2_NO_PULLBACK
301072.SZ,20240228,down,BOS↓,20240130,20.46,retrace_fail,反抽收复(破位失败),21.86,False,bear,False,"[24.17, 24.46]",21.216,13.2575,S1_TREND_FAIL
002098.SZ,20240229,down,BOS↓,20240131,5.8,no_retrace,尚未反抽,5.75,False,bull,False,"[6.53, 6.64]",4.999,9.9904,S1_TREND_FAIL
300597.SZ,20240229,down,BOS↓,20240131,7.442,retrace_ok,反抽受限(延续下跌),7.792,False,bear,False,"[7.65, 7.82]",6.782,11.2254,S1_TREND_FAIL
301248.SZ,20240229,down,BOS↓,20240130,13.631,retrace_ok,反抽受限(延续下跌),14.361,False,bull,False,,12.089,18.5393,S1_TREND_FAIL
688244.SH,20240229,up,CHoCH↑,20240227,20.823,retrace_fail,回踩跌破(突破失败),20.322,True,bull,False,"[23.4, 23.87]",20.119,5.8818,S2_PULLBACK_BROKE
002180.SZ,20240202,down,BOS↓,20240130,18.48,retrace_fail,反抽收复(破位失败),20.21,False,none,False,"[19.84, 20.13]",18.8,-4.6244,S1_TREND_FAIL
300702.SZ,20240202,down,BOS↓,20240131,16.41,retrace_ok,反抽受限(延续下跌),16.94,False,none,False,"[22.42, 22.58]",16.177,-4.5123,S1_TREND_FAIL
603990.SH,20240202,up,CHoCH↑,20240201,11.06,no_retrace,尚未回踩,,False,bear,False,"[11.88, 12.03]",11.177,-19.5712,S2_NO_PULLBACK
688069.SH,20240202,down,CHoCH↓,20240117,13.129,retrace_ok,反抽受限(延续下跌),13.129,False,none,False,"[11.29, 11.69]",11.798,-12.4038,S1_TREND_FAIL
688606.SH,20240202,down,BOS↓,20240109,66.38,retrace_ok,反抽受限(延续下跌),67.0,False,none,False,,58.004,-9.5947,S1_TREND_FAIL
000036.SZ,20240205,down,CHoCH↓,20231222,3.97,no_retrace,尚未反抽,3.95,False,none,False,"[3.26, 3.34]",3.138,-11.794,S1_TREND_FAIL
300128.SZ,20240205,down,BOS↓,20240131,3.49,retrace_fail,反抽收复(破位失败),4.01,False,bear,False,"[4.27, 4.32]",3.673,-13.5212,S1_TREND_FAIL
000869.SZ,20240207,down,BOS↓,20240201,21.28,retrace_ok,反抽受限(延续下跌),21.98,True,none,False,"[21.67, 21.99]",21.27,9.3268,S1_TREND_FAIL
002008.SZ,20240207,down,BOS↓,20240131,17.22,no_retrace,尚未反抽,16.85,False,bear,False,"[17.51, 17.75]",17.49,8.8099,S1_TREND_FAIL
002532.SZ,20240207,down,BOS↓,20240202,3.99,retrace_fail,反抽收复(破位失败),4.31,True,bear,False,"[4.1, 4.2]",4.3,10.4622,S1_TREND_FAIL
002635.SZ,20240207,down,BOS↓,20240129,11.29,retrace_fail,反抽收复(破位失败),11.85,False,bear,False,"[13.81, 14.35]",11.504,11.1055,S1_TREND_FAIL
300128.SZ,20240207,down,BOS↓,20240131,3.49,retrace_fail,反抽收复(破位失败),4.01,False,bear,False,"[4.27, 4.32]",3.584,20.3522,S1_TREND_FAIL
300997.SZ,20240207,up,CHoCH↑,20240202,11.838,retrace_fail,回踩跌破(突破失败),9.408,True,none,False,"[12.59, 12.73]",10.502,21.5435,S2_PULLBACK_BROKE
301071.SZ,20240207,down,BOS↓,20240202,24.968,retrace_fail,反抽收复(破位失败),25.458,True,none,False,"[28.77, 29.09]",24.897,9.6276,S1_TREND_FAIL
600497.SH,20240207,down,BOS↓,20240119,4.361,retrace_ok,反抽受限(延续下跌),4.511,False,bull,False,"[4.12, 4.2]",4.341,6.4053,S1_TREND_FAIL
600884.SH,20240207,down,BOS↓,20240130,10.67,retrace_fail,反抽收复(破位失败),11.01,False,bear,False,"[12.29, 12.61]",10.712,4.7077,S1_TREND_FAIL
601969.SH,20240207,down,BOS↓,20240202,5.153,no_retrace,尚未反抽,5.073,False,none,False,"[5.39, 5.58]",4.993,21.2073,S1_TREND_FAIL
688739.SH,20240207,down,BOS↓,20240131,26.039,retrace_fail,反抽收复(破位失败),26.699,False,none,False,"[30.2, 30.37]",26.509,3.5306,S1_TREND_FAIL
300054.SZ,20240208,up,CHoCH↑,20240207,19.3,no_retrace,尚未回踩,,False,none,False,"[22.44, 22.81]",19.54,8.1808,S2_NO_PULLBACK
300285.SZ,20240208,up,CHoCH↑,20240207,19.703,no_retrace,尚未回踩,,False,none,False,"[18.0, 18.37]",19.595,-2.7736,S2_NO_PULLBACK
300463.SZ,20240208,down,BOS↓,20240131,11.943,no_retrace,尚未反抽,11.843,False,bear,False,"[14.4, 14.53]",11.843,6.9316,S1_TREND_FAIL
300997.SZ,20240208,up,CHoCH↑,20240202,11.838,retrace_fail,回踩跌破(突破失败),9.408,True,bear,False,"[12.58, 12.7]",11.008,15.9465,S2_PULLBACK_BROKE
600120.SH,20240208,down,CHoCH↓,20240205,3.039,retrace_fail,反抽收复(破位失败),3.429,False,bear,False,"[3.14, 3.21]",3.365,2.8623,S1_TREND_FAIL
002635.SZ,20240219,down,BOS↓,20240129,11.29,retrace_fail,反抽收复(破位失败),12.2,False,bear,False,"[13.81, 14.35]",12.038,10.3078,S1_TREND_FAIL
300171.SZ,20240219,down,BOS↓,20240129,14.177,retrace_fail,反抽收复(破位失败),15.747,False,bear,False,"[16.81, 17.0]",14.926,-0.5752,S1_TREND_FAIL
300997.SZ,20240219,up,CHoCH↑,20240202,11.838,retrace_fail,回踩跌破(突破失败),9.408,False,bear,False,"[12.58, 12.7]",11.383,11.7517,S2_PULLBACK_BROKE
600210.SH,20240219,down,BOS↓,20240202,3.28,retrace_fail,反抽收复(破位失败),3.85,False,bear,False,"[3.41, 3.51]",3.75,0.0792,S1_TREND_FAIL
603039.SH,20240219,down,BOS↓,20240130,29.178,retrace_fail,反抽收复(破位失败),30.353,False,bear,False,,31.869,2.6034,S1_TREND_FAIL
688088.SH,20240219,down,BOS↓,20240130,28.304,no_retrace,尚未反抽,27.914,False,bear,False,"[37.2, 37.88]",27.934,-2.9683,S1_TREND_FAIL
688298.SH,20240219,down,BOS↓,20240130,29.71,retrace_fail,反抽收复(破位失败),33.36,False,none,False,"[34.9, 35.44]",32.848,-3.466,S1_TREND_FAIL
600075.SH,20240220,down,BOS↓,20240202,3.68,retrace_fail,反抽收复(破位失败),4.02,False,bull,True,"[3.78, 3.86]",3.792,2.7139,S1_TREND_FAIL
301150.SZ,20240221,up,CHoCH↑,20240220,11.045,no_retrace,尚未回踩,,False,none,False,"[12.22, 12.34]",11.489,3.7442,S2_NO_PULLBACK
603096.SH,20240221,down,BOS↓,20240131,13.996,retrace_ok,反抽受限(延续下跌),14.106,False,none,False,"[14.42, 14.78]",13.638,9.17,S1_TREND_FAIL
688232.SH,20240221,down,BOS↓,20240130,23.933,retrace_fail,反抽收复(破位失败),24.793,False,bear,False,,24.159,2.4755,S1_TREND_FAIL
300903.SZ,20240222,down,BOS↓,20240130,7.48,no_retrace,尚未反抽,7.37,False,bull,False,"[7.66, 7.8]",5.93,31.2737,S1_TREND_FAIL
301225.SZ,20240222,down,BOS↓,20240130,18.481,retrace_ok,反抽受限(延续下跌),18.459,False,bear,False,,17.634,15.6263,S1_TREND_FAIL
301270.SZ,20240222,down,BOS↓,20240130,29.056,retrace_ok,反抽受限(延续下跌),30.926,False,bull,False,"[38.45, 39.1]",28.756,6.0919,S1_TREND_FAIL
600645.SH,20240222,down,BOS↓,20240131,16.55,retrace_ok,反抽受限(延续下跌),16.6,False,bear,False,"[19.39, 19.65]",16.078,0.9807,S1_TREND_FAIL
603596.SH,20240222,up,CHoCH↑,20240208,27.818,retrace_fail,回踩跌破(突破失败),24.729,False,bull,False,,26.814,0.7211,S2_PULLBACK_BROKE
688593.SH,20240222,down,BOS↓,20240131,10.936,no_retrace,尚未反抽,10.536,False,bear,False,"[11.25, 11.51]",9.696,5.9818,S1_TREND_FAIL
001299.SZ,20240223,down,BOS↓,20240131,13.01,no_retrace,尚未反抽,12.84,False,bull,False,"[15.22, 15.4]",11.0,9.9431,S1_TREND_FAIL
002796.SZ,20240223,down,BOS↓,20240131,9.26,no_retrace,尚未反抽,8.76,False,none,False,"[9.47, 9.65]",7.99,24.4566,S1_TREND_FAIL
300135.SZ,20240223,down,BOS↓,20240130,2.59,retrace_ok,反抽受限(延续下跌),2.59,False,bear,False,"[2.65, 2.7]",2.317,5.7779,S1_TREND_FAIL
300915.SZ,20240223,down,BOS↓,20240130,18.892,retrace_ok,反抽受限(延续下跌),19.914,False,bear,False,,18.243,-1.0384,S1_TREND_FAIL
301322.SZ,20240223,down,BOS↓,20240131,22.44,retrace_fail,反抽收复(破位失败),24.677,False,bull,True,"[22.99, 23.44]",23.164,1.6251,S1_TREND_FAIL
603119.SH,20240223,down,BOS↓,20240205,12.4,retrace_fail,反抽收复(破位失败),12.939,False,none,False,"[12.65, 12.85]",12.631,10.9629,S1_TREND_FAIL
688195.SH,20240223,down,BOS↓,20240116,21.126,retrace_ok,反抽受限(延续下跌),21.219,False,bear,False,"[23.54, 24.04]",16.941,9.4854,S1_TREND_FAIL
300597.SZ,20240226,down,BOS↓,20240131,7.442,no_retrace,尚未反抽,7.322,False,bear,False,,7.249,2.8111,S1_TREND_FAIL
300786.SZ,20240226,down,BOS↓,20240108,17.2,retrace_ok,反抽受限(延续下跌),17.52,False,bear,False,"[17.44, 17.63]",12.038,7.3233,S1_TREND_FAIL
300801.SZ,20240226,down,BOS↓,20240131,12.765,retrace_fail,反抽收复(破位失败),13.685,False,none,False,"[15.55, 15.7]",13.115,2.431,S1_TREND_FAIL
300828.SZ,20240226,down,BOS↓,20240131,11.294,no_retrace,尚未反抽,11.024,False,none,False,"[11.62, 11.88]",10.714,11.337,S1_TREND_FAIL
301116.SZ,20240226,down,BOS↓,20240131,10.321,no_retrace,尚未反抽,9.971,False,none,False,"[10.58, 10.8]",9.521,3.793,S1_TREND_FAIL
301225.SZ,20240226,down,BOS↓,20240130,18.481,retrace_ok,反抽受限(延续下跌),18.459,False,none,False,,18.272,2.5283,S1_TREND_FAIL
603028.SH,20240226,down,BOS↓,20240130,8.556,retrace_ok,反抽受限(延续下跌),8.636,False,bear,False,"[8.74, 8.9]",8.366,5.5648,S1_TREND_FAIL
603629.SH,20240226,down,BOS↓,20240122,16.776,retrace_ok,反抽受限(延续下跌),17.213,False,bear,False,"[17.21, 17.57]",15.961,10.9389,S1_TREND_FAIL
002796.SZ,20240227,down,BOS↓,20240131,9.26,no_retrace,尚未反抽,8.87,False,bear,False,"[9.47, 9.65]",8.81,6.9634,S1_TREND_FAIL
301085.SZ,20240227,down,BOS↓,20240130,45.602,retrace_fail,反抽收复(破位失败),50.112,False,bear,False,"[53.42, 54.27]",48.532,-3.4325,S1_TREND_FAIL
301125.SZ,20240227,down,BOS↓,20240131,7.457,retrace_ok,反抽受限(延续下跌),7.902,False,none,False,"[7.7, 7.89]",7.034,17.01,S1_TREND_FAIL
301158.SZ,20240227,down,BOS↓,20240131,9.545,no_retrace,尚未反抽,9.452,False,none,False,"[9.84, 10.09]",9.19,3.2037,S1_TREND_FAIL
688455.SH,20240227,down,BOS↓,20240130,10.33,retrace_ok,反抽受限(延续下跌),10.29,False,none,False,"[12.34, 12.46]",10.019,-2.5793,S1_TREND_FAIL
301282.SZ,20240228,down,BOS↓,20240131,12.242,retrace_fail,反抽收复(破位失败),13.718,False,bear,False,"[16.56, 16.77]",13.226,-5.7677,S1_TREND_FAIL
600580.SH,20240228,up,CHoCH↑,20240227,8.702,no_retrace,尚未回踩,,False,none,False,"[7.0, 7.37]",8.697,-0.3441,S2_NO_PULLBACK
688618.SH,20240228,down,BOS↓,20240130,27.938,retrace_fail,反抽收复(破位失败),30.635,False,bear,False,"[35.11, 35.99]",30.275,-7.346,S1_TREND_FAIL
002436.SZ,20240229,up,CHoCH↑,20240226,12.21,retrace_ok,回踩到位(接多窗口),12.12,True,none,False,"[13.96, 14.15]",12.177,8.9926,ALL_OK
300095.SZ,20240229,down,BOS↓,20240130,6.489,retrace_ok,反抽受限(延续下跌),6.829,False,bull,False,"[7.69, 7.79]",6.137,8.5767,S1_TREND_FAIL
300405.SZ,20240229,down,CHoCH↓,20240131,6.51,no_retrace,尚未反抽,6.28,False,bear,False,"[6.67, 7.04]",5.277,0.7974,S1_TREND_FAIL
300981.SZ,20240229,up,CHoCH↑,20240223,9.339,retrace_fail,回踩跌破(突破失败),8.957,False,bear,False,"[12.73, 12.96]",8.885,7.3386,S2_PULLBACK_BROKE
300985.SZ,20240229,down,BOS↓,20240130,21.347,retrace_ok,反抽受限(延续下跌),22.82,False,none,False,"[23.97, 24.03]",19.152,12.0101,S1_TREND_FAIL
301300.SZ,20240229,down,BOS↓,20240130,23.324,retrace_ok,反抽受限(延续下跌),23.784,False,bear,False,"[27.58, 28.12]",18.084,22.0613,S1_TREND_FAIL
688143.SH,20240229,down,BOS↓,20240130,22.76,retrace_fail,反抽收复(破位失败),25.7,False,bull,False,"[32.91, 33.56]",23.968,1.589,S1_TREND_FAIL
688320.SH,20240229,down,BOS↓,20240131,29.09,retrace_fail,反抽收复(破位失败),35.18,False,bull,False,"[41.66, 42.26]",29.69,15.3648,S1_TREND_FAIL
688383.SH,20240229,down,BOS↓,20240202,63.613,retrace_fail,反抽收复(破位失败),77.483,False,bear,False,"[98.19, 100.13]",66.283,9.5067,S1_TREND_FAIL
688432.SH,20240229,down,BOS↓,20240131,9.485,retrace_ok,反抽受限(延续下跌),10.295,True,bull,False,"[9.67, 9.82]",9.475,8.6059,S1_TREND_FAIL
688543.SH,20240229,down,BOS↓,20240131,23.085,retrace_fail,反抽收复(破位失败),25.355,False,bear,False,,24.141,8.3346,S1_TREND_FAIL
002373.SZ,20240201,down,BOS↓,20240108,10.598,no_retrace,尚未反抽,10.428,False,none,False,,8.611,-2.5872,S1_TREND_FAIL
300702.SZ,20240201,down,BOS↓,20240131,16.41,no_retrace,尚未反抽,,False,none,False,"[22.42, 22.58]",16.226,-1.551,S1_TREND_FAIL
600572.SH,20240201,down,BOS↓,20240110,4.428,retrace_ok,反抽受限(延续下跌),4.448,False,none,False,"[4.51, 4.57]",3.938,-6.5235,S1_TREND_FAIL
300997.SZ,20240202,down,BOS↓,20240130,10.778,retrace_fail,反抽收复(破位失败),11.578,False,bear,False,"[12.59, 12.73]",11.298,-7.4224,S1_TREND_FAIL
600989.SH,20240202,down,BOS↓,20240131,12.01,retrace_ok,反抽受限(延续下跌),12.19,False,none,False,"[12.19, 12.34]",11.86,-1.4112,S1_TREND_FAIL
688383.SH,20240202,down,BOS↓,20240108,95.813,no_retrace,尚未反抽,95.283,False,none,False,"[98.19, 100.13]",67.897,-10.6011,S1_TREND_FAIL
000878.SZ,20240207,down,CHoCH↓,20240119,10.23,retrace_fail,反抽收复(破位失败),10.8,False,bull,False,"[9.73, 9.97]",10.33,6.3051,S1_TREND_FAIL
002506.SZ,20240207,down,BOS↓,20240202,2.39,no_retrace,尚未反抽,2.32,True,bear,False,"[2.43, 2.46]",2.34,13.4187,S1_TREND_FAIL
688333.SH,20240207,down,BOS↓,20240131,51.718,retrace_ok,反抽受限(延续下跌),52.153,True,none,False,"[77.66, 78.8]",50.546,16.243,S1_TREND_FAIL
002274.SZ,20240208,down,BOS↓,20240205,6.77,retrace_fail,反抽收复(破位失败),7.0,False,bull,True,"[6.96, 7.11]",7.01,10.6907,S1_TREND_FAIL
002402.SZ,20240208,down,BOS↓,20240130,10.652,no_retrace,尚未反抽,10.402,False,bear,False,"[13.24, 13.42]",10.942,10.7276,S1_TREND_FAIL
002683.SZ,20240208,down,BOS↓,20240131,14.564,retrace_fail,反抽收复(破位失败),15.324,False,none,False,"[16.99, 17.32]",15.834,0.4322,S1_TREND_FAIL
002895.SZ,20240208,down,BOS↓,20240131,11.641,retrace_fail,反抽收复(破位失败),12.091,False,bear,False,"[13.76, 14.22]",12.141,10.8289,S1_TREND_FAIL
002925.SZ,20240208,down,BOS↓,20240130,13.702,retrace_fail,反抽收复(破位失败),14.372,False,bear,False,"[17.27, 17.61]",14.228,9.5865,S1_TREND_FAIL
300138.SZ,20240208,down,BOS↓,20240131,10.57,retrace_fail,反抽收复(破位失败),11.66,False,bear,False,"[10.8, 10.99]",11.108,4.4358,S1_TREND_FAIL
300233.SZ,20240208,down,BOS↓,20240131,12.39,retrace_fail,反抽收复(破位失败),12.7,False,bear,False,,12.47,17.7355,S1_TREND_FAIL
600536.SH,20240208,down,BOS↓,20240205,25.42,retrace_fail,反抽收复(破位失败),27.24,False,bull,True,"[26.34, 27.09]",27.07,22.2589,S1_TREND_FAIL
000818.SZ,20240219,down,BOS↓,20240131,24.13,retrace_fail,反抽收复(破位失败),26.0,False,none,False,"[24.88, 25.49]",28.2,0.715,S1_TREND_FAIL
300128.SZ,20240219,up,CHoCH↑,20240207,3.93,retrace_ok,回踩到位(接多窗口),3.89,False,bear,False,"[4.27, 4.32]",4.109,0.7783,S3_NOT_AT_POI
300664.SZ,20240219,down,BOS↓,20240201,4.42,retrace_ok,反抽受限(延续下跌),4.44,False,none,False,"[4.51, 4.59]",4.326,-2.852,S1_TREND_FAIL
603416.SH,20240219,down,BOS↓,20240130,24.575,retrace_ok,反抽受限(延续下跌),24.585,False,bear,False,"[33.24, 33.7]",23.875,-1.0686,S1_TREND_FAIL
605183.SH,20240219,down,BOS↓,20240130,11.297,retrace_ok,反抽受限(延续下跌),11.287,False,bear,False,"[13.05, 13.24]",11.307,6.4054,S1_TREND_FAIL
300035.SZ,20240220,down,BOS↓,20240130,7.598,retrace_fail,反抽收复(破位失败),8.158,False,none,False,"[9.01, 9.14]",7.7,7.5293,S1_TREND_FAIL
300395.SZ,20240220,down,BOS↓,20240130,25.981,retrace_fail,反抽收复(破位失败),30.431,False,bull,False,"[33.6, 34.5]",27.701,7.8138,S1_TREND_FAIL
301370.SZ,20240220,down,BOS↓,20240202,12.709,no_retrace,尚未反抽,12.489,False,bear,False,"[13.22, 13.63]",12.459,6.2487,S1_TREND_FAIL
603067.SH,20240220,down,BOS↓,20240131,5.675,retrace_fail,反抽收复(破位失败),5.754,False,none,False,"[6.56, 6.67]",5.64,2.7161,S1_TREND_FAIL
688166.SH,20240220,down,BOS↓,20240130,25.652,retrace_fail,反抽收复(破位失败),27.092,False,bear,False,"[32.45, 33.0]",25.683,15.569,S1_TREND_FAIL
002402.SZ,20240221,down,BOS↓,20240130,10.652,retrace_fail,反抽收复(破位失败),11.402,False,bear,False,"[13.24, 13.42]",11.248,4.3347,S1_TREND_FAIL
002457.SZ,20240221,down,BOS↓,20240131,6.725,retrace_fail,反抽收复(破位失败),7.435,False,bear,False,"[6.9, 7.03]",7.361,0.3094,S1_TREND_FAIL
002820.SZ,20240221,down,BOS↓,20240131,8.864,no_retrace,尚未反抽,8.454,False,bear,False,"[10.88, 11.05]",7.37,8.869,S1_TREND_FAIL
300054.SZ,20240221,up,CHoCH↑,20240207,19.3,retrace_ok,回踩到位(接多窗口),19.16,False,none,False,"[22.44, 22.81]",19.325,3.8618,S3_NOT_AT_POI
300656.SZ,20240221,down,BOS↓,20240205,18.77,retrace_fail,反抽收复(破位失败),19.96,False,bear,True,"[19.29, 19.72]",19.364,1.7421,S1_TREND_FAIL
301063.SZ,20240221,down,BOS↓,20240130,17.152,retrace_ok,反抽受限(延续下跌),17.082,False,none,False,"[21.27, 21.62]",13.542,20.6775,S1_TREND_FAIL
301206.SZ,20240221,down,BOS↓,20240130,22.542,retrace_ok,反抽受限(延续下跌),22.702,False,bull,False,"[25.26, 25.41]",21.633,-2.8978,S1_TREND_FAIL
301317.SZ,20240221,down,BOS↓,20240131,14.505,no_retrace,尚未反抽,13.735,False,none,False,"[17.49, 17.63]",12.578,24.6896,S1_TREND_FAIL
301335.SZ,20240221,down,BOS↓,20240131,17.628,no_retrace,尚未反抽,17.018,False,none,False,"[20.22, 20.4]",15.135,10.3673,S1_TREND_FAIL
600212.SH,20240221,down,CHoCH↓,20240122,6.68,retrace_ok,反抽受限(延续下跌),6.69,False,none,False,"[6.53, 6.53]",5.653,13.5845,S1_TREND_FAIL
603111.SH,20240221,down,BOS↓,20240131,4.126,retrace_ok,反抽受限(延续下跌),4.146,False,none,False,"[4.27, 4.38]",4.015,27.3513,S1_TREND_FAIL
603166.SH,20240221,down,BOS↓,20240131,5.31,no_retrace,尚未反抽,5.19,False,bear,False,"[6.25, 6.32]",4.495,9.046,S1_TREND_FAIL
603324.SH,20240221,down,CHoCH↓,20240131,21.03,no_retrace,尚未反抽,19.861,False,none,False,"[22.15, 23.06]",18.795,4.288,S1_TREND_FAIL
688237.SH,20240221,down,BOS↓,20240131,26.534,no_retrace,尚未反抽,25.684,False,bear,False,"[34.76, 35.34]",20.378,7.8564,S1_TREND_FAIL
688255.SH,20240221,down,BOS↓,20240131,17.196,no_retrace,尚未反抽,16.726,False,none,False,"[21.44, 21.76]",15.499,21.0842,S1_TREND_FAIL
688291.SH,20240221,down,BOS↓,20240130,20.637,retrace_ok,反抽受限(延续下跌),20.597,False,none,False,"[26.87, 27.16]",17.451,16.0495,S1_TREND_FAIL
688435.SH,20240221,down,BOS↓,20240131,35.1,no_retrace,尚未反抽,33.98,False,none,False,"[36.3, 37.28]",32.175,23.8779,S1_TREND_FAIL
688478.SH,20240221,down,CHoCH↓,20240103,46.684,retrace_ok,反抽受限(延续下跌),46.614,False,none,False,"[47.85, 48.81]",32.04,3.91,S1_TREND_FAIL
688498.SH,20240221,down,BOS↓,20240129,89.331,retrace_ok,反抽受限(延续下跌),94.785,False,bear,False,"[93.35, 95.9]",87.721,20.8127,S1_TREND_FAIL
001205.SZ,20240222,down,BOS↓,20240131,14.2,retrace_ok,反抽受限(延续下跌),14.54,False,none,False,"[14.65, 15.01]",13.61,6.9331,S1_TREND_FAIL
003019.SZ,20240222,down,BOS↓,20240131,15.076,retrace_fail,反抽收复(破位失败),17.536,False,bear,False,"[18.96, 19.36]",16.53,5.7335,S1_TREND_FAIL
300162.SZ,20240222,down,BOS↓,20240130,5.96,retrace_ok,反抽受限(延续下跌),5.96,False,none,False,"[7.58, 7.83]",4.88,11.4617,S1_TREND_FAIL
300642.SZ,20240222,down,BOS↓,20240131,13.685,no_retrace,尚未反抽,12.935,False,none,False,"[16.67, 16.88]",12.479,1.7279,S1_TREND_FAIL
300643.SZ,20240222,down,BOS↓,20240131,9.282,no_retrace,尚未反抽,8.932,False,bear,False,"[11.42, 11.55]",8.262,9.3845,S1_TREND_FAIL
300978.SZ,20240222,down,BOS↓,20240130,10.04,retrace_ok,反抽受限(延续下跌),10.01,False,bear,False,"[12.21, 12.35]",8.732,10.3234,S1_TREND_FAIL
301065.SZ,20240222,down,BOS↓,20240131,17.396,no_retrace,尚未反抽,16.716,False,bull,False,"[21.16, 21.78]",14.526,6.8142,S1_TREND_FAIL
301280.SZ,20240222,down,BOS↓,20240130,14.741,retrace_ok,反抽受限(延续下跌),15.118,False,bear,False,"[17.77, 18.08]",14.538,25.5601,S1_TREND_FAIL
600080.SH,20240222,down,BOS↓,20240131,6.312,retrace_fail,反抽收复(破位失败),6.942,False,bear,False,"[7.4, 7.51]",6.338,18.8741,S1_TREND_FAIL
600986.SH,20240222,down,BOS↓,20240201,4.36,retrace_fail,反抽收复(破位失败),4.81,False,bull,False,"[4.49, 4.6]",4.66,9.2804,S1_TREND_FAIL
603008.SH,20240222,down,BOS↓,20240131,14.22,retrace_ok,反抽受限(延续下跌),14.5,False,none,False,"[14.57, 14.86]",13.751,11.5673,S1_TREND_FAIL
603629.SH,20240222,down,BOS↓,20240122,16.776,retrace_ok,反抽受限(延续下跌),17.213,False,none,False,"[17.21, 17.57]",14.33,17.6311,S1_TREND_FAIL
605060.SH,20240222,up,CHoCH↑,20240221,15.435,no_retrace,尚未回踩,,False,none,False,,15.3,-0.1365,S2_NO_PULLBACK
688173.SH,20240222,down,BOS↓,20240130,12.34,no_retrace,尚未反抽,12.15,False,none,False,"[16.6, 16.84]",11.009,36.2719,S1_TREND_FAIL
688432.SH,20240222,down,BOS↓,20240131,9.485,no_retrace,尚未反抽,9.395,False,bear,False,"[11.54, 11.7]",9.165,8.6383,S1_TREND_FAIL
688486.SH,20240222,down,BOS↓,20240122,33.408,retrace_ok,反抽受限(延续下跌),33.359,False,bear,False,"[34.74, 35.83]",29.413,10.2446,S1_TREND_FAIL
688628.SH,20240222,up,CHoCH↑,20240219,30.105,retrace_ok,回踩到位(接多窗口),29.405,False,none,False,"[32.31, 32.79]",30.715,3.7926,S3_NOT_AT_POI
688699.SH,20240222,down,BOS↓,20240130,29.78,retrace_ok,反抽受限(延续下跌),29.76,False,none,False,"[37.79, 38.47]",26.898,10.1437,S1_TREND_FAIL
002910.SZ,20240223,down,BOS↓,20240131,8.97,no_retrace,尚未反抽,8.86,False,bear,False,"[10.66, 10.79]",7.583,1.2663,S1_TREND_FAIL
300074.SZ,20240223,down,BOS↓,20240131,3.77,no_retrace,尚未反抽,3.64,False,none,False,,3.46,16.8201,S1_TREND_FAIL
300378.SZ,20240223,down,BOS↓,20240131,16.402,retrace_fail,反抽收复(破位失败),17.502,False,bull,True,"[17.08, 17.63]",17.552,9.2436,S1_TREND_FAIL
300897.SZ,20240223,down,BOS↓,20240131,8.921,no_retrace,尚未反抽,8.404,False,none,False,"[10.88, 11.05]",7.935,10.8715,S1_TREND_FAIL
301068.SZ,20240223,down,BOS↓,20240131,13.361,retrace_fail,反抽收复(破位失败),15.215,False,none,True,"[13.95, 14.44]",14.209,3.7606,S1_TREND_FAIL
301085.SZ,20240223,down,BOS↓,20240130,45.602,retrace_ok,反抽受限(延续下跌),47.602,False,none,False,"[53.42, 54.27]",46.542,1.8903,S1_TREND_FAIL
600199.SH,20240223,down,BOS↓,20240131,14.98,retrace_ok,反抽受限(延续下跌),15.18,False,none,False,"[15.33, 15.62]",14.7,7.7539,S1_TREND_FAIL
600543.SH,20240223,down,BOS↓,20240131,5.4,no_retrace,尚未反抽,5.16,False,bull,False,"[5.51, 5.6]",5.108,8.0321,S1_TREND_FAIL
603356.SH,20240223,down,BOS↓,20240131,12.19,no_retrace,尚未反抽,11.95,False,none,False,"[13.81, 14.48]",11.55,14.9893,S1_TREND_FAIL
688356.SH,20240223,down,BOS↓,20240117,94.948,retrace_ok,反抽受限(延续下跌),95.508,False,bear,False,"[96.3, 97.4]",77.139,2.7948,S1_TREND_FAIL
688519.SH,20240223,down,BOS↓,20240103,23.772,retrace_ok,反抽受限(延续下跌),24.202,False,bear,False,"[23.81, 23.85]",16.723,11.8278,S1_TREND_FAIL
688528.SH,20240223,down,BOS↓,20240130,8.7,retrace_ok,反抽受限(延续下跌),8.82,False,bull,False,,7.05,9.0848,S1_TREND_FAIL
300232.SZ,20240226,up,CHoCH↑,20240223,6.32,no_retrace,尚未回踩,,False,bear,True,"[6.36, 6.58]",6.554,-0.7622,S2_NO_PULLBACK
300331.SZ,20240226,down,BOS↓,20240130,17.71,retrace_fail,反抽收复(破位失败),18.11,False,bear,False,"[23.24, 24.1]",17.721,5.2826,S1_TREND_FAIL
300448.SZ,20240226,down,BOS↓,20240131,4.297,no_retrace,尚未反抽,4.047,False,bear,False,"[4.41, 4.5]",4.007,9.8248,S1_TREND_FAIL
300629.SZ,20240226,down,BOS↓,20240131,16.402,retrace_fail,反抽收复(破位失败),17.272,False,none,False,"[19.73, 19.93]",16.891,12.1887,S1_TREND_FAIL
300688.SZ,20240226,down,BOS↓,20240130,24.155,retrace_fail,反抽收复(破位失败),25.505,False,bear,True,"[24.62, 25.01]",24.834,1.4699,S1_TREND_FAIL
300845.SZ,20240226,down,BOS↓,20240130,7.379,retrace_ok,反抽受限(延续下跌),7.456,False,bear,False,"[9.06, 9.26]",6.79,4.3561,S1_TREND_FAIL
300912.SZ,20240226,down,BOS↓,20240131,14.24,no_retrace,尚未反抽,13.78,False,bear,False,"[17.27, 17.43]",12.81,3.4177,S1_TREND_FAIL
301033.SZ,20240226,down,BOS↓,20240131,32.708,no_retrace,尚未反抽,31.528,False,none,False,"[40.4, 40.91]",30.308,3.387,S1_TREND_FAIL
301059.SZ,20240226,down,BOS↓,20240131,9.083,no_retrace,尚未反抽,8.623,False,bull,False,"[11.21, 11.35]",8.193,6.178,S1_TREND_FAIL
301222.SZ,20240226,down,BOS↓,20240131,15.746,no_retrace,尚未反抽,14.789,False,none,False,"[19.38, 19.74]",14.539,5.7781,S1_TREND_FAIL
301389.SZ,20240226,down,BOS↓,20240130,13.237,no_retrace,尚未反抽,12.867,False,bear,False,"[18.13, 18.44]",12.107,12.9871,S1_TREND_FAIL
600232.SH,20240226,down,BOS↓,20240131,4.74,no_retrace,尚未反抽,4.58,False,bear,False,"[4.88, 5.0]",4.12,13.1653,S1_TREND_FAIL
600525.SH,20240226,up,CHoCH↑,20240223,4.34,no_retrace,尚未回踩,,False,bear,False,"[4.53, 4.61]",4.4,2.8664,S2_NO_PULLBACK
600699.SH,20240226,down,CHoCH↓,20240122,15.177,retrace_fail,反抽收复(破位失败),15.697,False,none,False,"[12.73, 13.38]",15.441,-0.5099,S1_TREND_FAIL
603017.SH,20240226,down,BOS↓,20240131,8.035,no_retrace,尚未反抽,7.985,False,none,False,"[9.19, 9.36]",7.529,-0.3196,S1_TREND_FAIL
603321.SH,20240226,down,BOS↓,20240131,6.765,no_retrace,尚未反抽,6.505,False,bull,False,,5.955,4.1251,S1_TREND_FAIL
603687.SH,20240226,down,BOS↓,20240201,9.464,retrace_fail,反抽收复(破位失败),10.204,False,bear,False,"[11.0, 11.14]",10.092,7.3328,S1_TREND_FAIL
603726.SH,20240226,down,BOS↓,20240131,11.155,no_retrace,尚未反抽,10.775,False,bear,False,"[13.2, 13.33]",9.955,14.0364,S1_TREND_FAIL
688383.SH,20240226,down,BOS↓,20240202,63.613,retrace_fail,反抽收复(破位失败),71.383,False,none,False,"[98.19, 100.13]",69.996,3.7165,S1_TREND_FAIL
688478.SH,20240226,down,CHoCH↓,20240103,46.684,retrace_ok,反抽受限(延续下跌),46.614,False,bear,False,"[47.85, 48.81]",35.08,-0.5297,S1_TREND_FAIL
300124.SZ,20240227,up,CHoCH↑,20240205,57.66,no_retrace,尚未回踩,58.07,False,bear,False,"[54.9, 57.09]",60.48,7.0258,S2_NO_PULLBACK
300546.SZ,20240227,down,BOS↓,20240131,12.21,no_retrace,尚未反抽,11.81,False,bear,False,"[12.55, 12.82]",11.375,6.7498,S1_TREND_FAIL
300686.SZ,20240227,down,BOS↓,20240130,7.89,retrace_ok,反抽受限(延续下跌),7.93,False,none,False,"[9.93, 10.1]",7.088,17.1515,S1_TREND_FAIL
301123.SZ,20240227,down,BOS↓,20240130,16.973,retrace_ok,反抽受限(延续下跌),16.953,False,bear,False,"[22.1, 22.42]",16.253,2.6704,S1_TREND_FAIL
301397.SZ,20240227,down,BOS↓,20240130,33.8,retrace_fail,反抽收复(破位失败),35.65,False,none,False,"[49.15, 49.66]",34.79,1.0718,S1_TREND_FAIL
688032.SH,20240227,down,CHoCH↓,20240119,165.624,no_retrace,尚未反抽,161.975,False,bear,False,"[111.32, 121.05]",137.301,3.677,S1_TREND_FAIL
688133.SH,20240227,down,BOS↓,20240130,24.323,retrace_ok,反抽受限(延续下跌),25.059,False,none,False,"[34.44, 34.98]",23.974,-0.4033,S1_TREND_FAIL
001360.SZ,20240228,down,BOS↓,20240131,14.19,retrace_ok,反抽受限(延续下跌),14.14,False,bear,False,"[14.48, 14.72]",13.9,-2.1919,S1_TREND_FAIL
002671.SZ,20240228,down,BOS↓,20240131,4.33,no_retrace,尚未反抽,4.26,False,bear,False,"[5.51, 5.74]",4.217,-1.2848,S1_TREND_FAIL
300405.SZ,20240228,down,CHoCH↓,20240131,6.51,no_retrace,尚未反抽,6.27,False,bear,False,"[6.67, 7.04]",5.405,-3.0843,S1_TREND_FAIL
300447.SZ,20240228,down,BOS↓,20240131,11.115,retrace_fail,反抽收复(破位失败),11.705,False,bear,False,"[13.64, 13.84]",11.588,2.8389,S1_TREND_FAIL
300538.SZ,20240228,down,BOS↓,20240130,14.24,retrace_fail,反抽收复(破位失败),15.39,False,bear,False,"[18.69, 19.28]",15.078,1.0742,S1_TREND_FAIL
300836.SZ,20240228,down,BOS↓,20240131,14.658,retrace_fail,反抽收复(破位失败),15.832,False,bear,False,"[18.14, 18.45]",14.62,16.0811,S1_TREND_FAIL
603626.SH,20240228,down,BOS↓,20240130,6.07,retrace_ok,反抽受限(延续下跌),6.1,False,bear,False,"[8.12, 8.37]",5.98,1.6097,S1_TREND_FAIL
605018.SH,20240228,down,BOS↓,20240131,8.516,no_retrace,尚未反抽,8.466,False,bear,False,"[10.22, 10.35]",8.362,-1.6595,S1_TREND_FAIL
688317.SH,20240228,up,CHoCH↑,20240223,16.491,retrace_ok,回踩到位(接多窗口),16.421,False,bear,False,"[19.91, 20.16]",17.019,-5.7835,S3_NOT_AT_POI
688593.SH,20240228,down,BOS↓,20240131,10.936,retrace_fail,反抽收复(破位失败),11.096,False,bear,False,"[11.25, 11.51]",10.975,-6.1208,S1_TREND_FAIL
001299.SZ,20240229,down,BOS↓,20240131,13.01,no_retrace,尚未反抽,12.84,False,bull,False,"[13.35, 13.62]",10.722,16.8977,S1_TREND_FAIL
002769.SZ,20240229,down,BOS↓,20240131,6.914,no_retrace,尚未反抽,6.624,False,bull,False,"[7.12, 7.28]",5.647,7.8543,S1_TREND_FAIL
002899.SZ,20240229,down,BOS↓,20240130,13.623,retrace_ok,反抽受限(延续下跌),13.673,False,none,False,"[16.1, 16.33]",11.299,16.5072,S1_TREND_FAIL
300166.SZ,20240229,up,CHoCH↑,20240219,8.32,retrace_fail,回踩跌破(突破失败),8.0,False,bull,False,"[6.42, 6.96]",7.92,9.7566,S2_PULLBACK_BROKE
301125.SZ,20240229,down,BOS↓,20240131,7.457,retrace_ok,反抽受限(延续下跌),7.902,False,bull,False,"[7.7, 7.89]",6.134,35.596,S1_TREND_FAIL
301130.SZ,20240229,down,BOS↓,20240131,21.619,retrace_ok,反抽受限(延续下跌),21.749,False,bear,False,"[26.73, 26.99]",18.948,17.5159,S1_TREND_FAIL
301362.SZ,20240229,down,BOS↓,20240130,19.796,retrace_ok,反抽受限(延续下跌),21.926,False,none,False,,19.309,12.3873,S1_TREND_FAIL
600543.SH,20240229,down,BOS↓,20240131,5.4,retrace_ok,反抽受限(延续下跌),5.53,False,bull,False,"[5.51, 5.6]",5.089,13.9448,S1_TREND_FAIL
688081.SH,20240229,down,BOS↓,20240131,11.89,retrace_ok,反抽受限(延续下跌),11.96,False,bear,False,"[16.16, 16.47]",9.791,11.7186,S1_TREND_FAIL
688362.SH,20240229,down,BOS↓,20240122,22.13,retrace_ok,反抽受限(延续下跌),23.22,False,none,False,"[22.73, 23.23]",20.03,9.4656,S1_TREND_FAIL
688536.SH,20240229,down,BOS↓,20240104,136.726,retrace_ok,反抽受限(延续下跌),136.166,False,bear,False,"[89.1, 95.04]",106.193,2.4739,S1_TREND_FAIL
688610.SH,20240229,down,BOS↓,20240130,33.504,retrace_ok,反抽受限(延续下跌),35.474,False,bull,False,"[48.18, 48.99]",30.595,26.1724,S1_TREND_FAIL
688630.SH,20240229,down,BOS↓,20240117,70.414,retrace_ok,反抽受限(延续下跌),72.604,False,none,False,,63.394,4.0402,S1_TREND_FAIL
688018.SH,20240201,down,BOS↓,20240131,81.5,no_retrace,尚未反抽,,False,none,False,"[91.67, 93.86]",81.3,-3.0171,S1_TREND_FAIL
688069.SH,20240201,down,CHoCH↓,20240117,13.129,retrace_ok,反抽受限(延续下跌),13.129,False,none,True,"[11.29, 11.69]",11.391,-8.9829,S1_TREND_FAIL
688072.SH,20240201,down,BOS↓,20240130,111.04,retrace_ok,反抽受限(延续下跌),113.886,False,none,False,"[168.42, 171.28]",108.289,-0.8688,S1_TREND_FAIL
688281.SH,20240201,down,BOS↓,20240131,36.241,no_retrace,尚未反抽,,False,none,False,"[49.51, 50.04]",35.561,-1.1339,S1_TREND_FAIL
000404.SZ,20240202,down,BOS↓,20240201,4.32,no_retrace,尚未反抽,,False,none,False,"[4.48, 4.62]",4.227,-5.0578,S1_TREND_FAIL
301071.SZ,20240202,down,BOS↓,20240118,28.388,retrace_ok,反抽受限(延续下跌),28.528,False,none,False,"[28.77, 29.09]",24.758,-4.3499,S1_TREND_FAIL
600351.SH,20240202,down,BOS↓,20240108,6.71,retrace_ok,反抽受限(延续下跌),6.8,False,none,False,"[6.79, 6.85]",5.623,-4.3611,S1_TREND_FAIL
600739.SH,20240202,down,BOS↓,20240117,10.921,retrace_ok,反抽受限(延续下跌),11.021,False,none,False,"[9.93, 10.17]",9.871,-4.7284,S1_TREND_FAIL
601003.SH,20240202,down,BOS↓,20240117,2.96,retrace_ok,反抽受限(延续下跌),3.08,False,none,True,"[2.74, 2.81]",2.742,-5.8255,S1_TREND_FAIL
300129.SZ,20240205,down,BOS↓,20240129,7.67,retrace_fail,反抽收复(破位失败),8.31,False,none,False,"[9.18, 9.51]",7.9,-8.9925,S1_TREND_FAIL
601003.SH,20240205,down,BOS↓,20240117,2.96,retrace_ok,反抽受限(延续下跌),3.08,False,none,False,"[2.74, 2.81]",2.673,-5.7389,S1_TREND_FAIL
600337.SH,20240206,down,CHoCH↓,20240122,2.648,retrace_ok,反抽受限(延续下跌),2.698,False,none,False,"[2.46, 2.51]",2.384,-2.4717,S1_TREND_FAIL
001289.SZ,20240207,down,CHoCH↓,20240118,18.7,retrace_fail,反抽收复(破位失败),19.54,False,bull,False,"[17.94, 18.29]",18.652,1.0263,S1_TREND_FAIL
600022.SH,20240207,down,BOS↓,20240205,1.25,retrace_fail,反抽收复(破位失败),1.32,False,bear,False,"[1.34, 1.35]",1.32,4.6658,S1_TREND_FAIL
600031.SH,20240207,up,CHoCH↑,20240126,12.435,retrace_ok,回踩到位(接多窗口),11.635,False,bull,False,"[11.81, 12.02]",12.509,1.2466,ALL_OK
601003.SH,20240207,down,BOS↓,20240205,2.65,retrace_ok,反抽受限(延续下跌),2.66,False,none,False,"[2.74, 2.81]",2.594,-0.9033,S1_TREND_FAIL
688147.SH,20240207,down,BOS↓,20240119,33.729,retrace_ok,反抽受限(延续下跌),36.039,False,none,True,"[31.67, 32.62]",32.105,12.7877,S1_TREND_FAIL
002424.SZ,20240208,down,BOS↓,20240131,7.54,no_retrace,尚未反抽,7.48,False,bear,False,"[7.86, 7.97]",7.47,5.0511,S1_TREND_FAIL
002484.SZ,20240208,down,CHoCH↓,20240129,14.406,retrace_ok,反抽受限(延续下跌),14.556,False,bear,True,"[13.78, 14.24]",14.222,10.299,S1_TREND_FAIL
003012.SZ,20240208,down,BOS↓,20240202,6.529,retrace_ok,反抽受限(延续下跌),6.569,True,bear,False,"[6.77, 6.96]",6.404,3.5691,S1_TREND_FAIL
601003.SH,20240208,down,BOS↓,20240205,2.65,retrace_ok,反抽受限(延续下跌),2.66,False,none,False,"[2.74, 2.81]",2.594,9.4579,S1_TREND_FAIL
603558.SH,20240208,down,BOS↓,20240201,7.275,retrace_fail,反抽收复(破位失败),7.925,False,bear,True,"[7.56, 7.8]",7.638,8.8663,S1_TREND_FAIL
000534.SZ,20240219,down,BOS↓,20240202,10.291,retrace_fail,反抽收复(破位失败),10.821,False,bear,True,"[10.62, 10.9]",10.841,0.4287,S1_TREND_FAIL
002111.SZ,20240219,down,BOS↓,20240131,7.28,retrace_ok,反抽受限(延续下跌),7.27,False,none,False,"[7.45, 7.59]",7.15,12.1904,S1_TREND_FAIL
002252.SZ,20240219,down,BOS↓,20240131,6.54,retrace_fail,反抽收复(破位失败),7.0,False,bear,False,"[8.04, 8.16]",6.821,4.8659,S1_TREND_FAIL
002627.SZ,20240219,down,BOS↓,20240202,4.454,no_retrace,尚未反抽,4.364,False,none,False,"[4.6, 4.72]",4.414,4.1222,S1_TREND_FAIL
301325.SZ,20240219,down,BOS↓,20240130,50.923,retrace_fail,反抽收复(破位失败),52.874,False,bear,False,"[60.47, 61.48]",53.149,0.8973,S1_TREND_FAIL
605060.SH,20240219,down,BOS↓,20240131,13.925,no_retrace,尚未反抽,13.505,False,bear,False,,14.555,1.0744,S1_TREND_FAIL
000544.SZ,20240220,down,BOS↓,20240205,5.5,retrace_fail,反抽收复(破位失败),6.28,False,bull,False,"[5.7, 5.86]",6.118,0.9345,S1_TREND_FAIL
002687.SZ,20240220,down,BOS↓,20240131,4.4,retrace_ok,反抽受限(延续下跌),4.469,False,none,False,"[5.14, 5.18]",4.258,11.9759,S1_TREND_FAIL
301196.SZ,20240220,down,BOS↓,20240131,19.218,retrace_ok,反抽受限(延续下跌),19.687,False,bear,False,"[22.96, 23.27]",18.911,6.578,S1_TREND_FAIL
001283.SZ,20240221,down,BOS↓,20240130,38.59,no_retrace,尚未反抽,38.26,False,bear,False,"[48.65, 50.16]",33.541,2.4828,S1_TREND_FAIL
002092.SZ,20240221,down,BOS↓,20240201,4.88,retrace_fail,反抽收复(破位失败),5.49,False,bull,True,"[5.01, 5.12]",5.049,-0.1824,S1_TREND_FAIL
002117.SZ,20240221,down,BOS↓,20240131,7.19,retrace_fail,反抽收复(破位失败),7.5,False,none,True,"[7.35, 7.47]",7.425,0.5545,S1_TREND_FAIL
002132.SZ,20240221,down,BOS↓,20240131,2.71,no_retrace,尚未反抽,2.61,False,none,False,"[3.06, 3.17]",2.544,2.9618,S1_TREND_FAIL
002249.SZ,20240221,up,CHoCH↑,20240208,4.68,retrace_fail,回踩跌破(突破失败),4.51,False,bull,False,"[4.76, 4.82]",4.534,7.1234,S2_PULLBACK_BROKE
002664.SZ,20240221,down,BOS↓,20240130,12.75,retrace_ok,反抽受限(延续下跌),12.89,False,bear,False,"[16.66, 16.67]",12.266,13.4636,S1_TREND_FAIL
300463.SZ,20240221,down,BOS↓,20240131,11.943,retrace_fail,反抽收复(破位失败),12.523,False,bear,False,"[14.4, 14.53]",12.041,0.1939,S1_TREND_FAIL
300897.SZ,20240221,down,BOS↓,20240131,8.921,no_retrace,尚未反抽,8.404,False,none,False,"[10.88, 11.05]",7.391,19.363,S1_TREND_FAIL
301160.SZ,20240221,down,BOS↓,20240130,14.707,retrace_ok,反抽受限(延续下跌),14.789,False,bear,False,"[18.2, 18.43]",14.34,6.5969,S1_TREND_FAIL
600643.SH,20240221,down,CHoCH↓,20240202,4.54,retrace_fail,反抽收复(破位失败),4.65,True,none,False,"[4.75, 4.93]",4.554,-1.5832,S1_TREND_FAIL
600645.SH,20240221,down,BOS↓,20240131,16.55,no_retrace,尚未反抽,16.3,False,none,False,"[19.39, 19.65]",15.81,1.997,S1_TREND_FAIL
600699.SH,20240221,down,CHoCH↓,20240122,15.177,retrace_ok,反抽受限(延续下跌),15.697,False,bull,False,,14.699,6.5494,S1_TREND_FAIL
603067.SH,20240221,down,BOS↓,20240131,5.675,retrace_fail,反抽收复(破位失败),5.754,False,bull,False,"[6.56, 6.67]",5.625,2.8034,S1_TREND_FAIL
603339.SH,20240221,down,BOS↓,20240131,9.218,no_retrace,尚未反抽,9.008,False,none,False,"[9.67, 10.04]",8.72,10.2222,S1_TREND_FAIL
688005.SH,20240221,down,BOS↓,20240117,23.193,retrace_ok,反抽受限(延续下跌),24.166,False,none,False,"[16.72, 17.71]",19.596,-3.8989,S1_TREND_FAIL
688010.SH,20240221,down,BOS↓,20240130,19.144,retrace_ok,反抽受限(延续下跌),19.354,False,bear,False,"[24.03, 25.32]",16.646,10.5608,S1_TREND_FAIL
688061.SH,20240221,down,BOS↓,20240130,27.731,retrace_ok,反抽受限(延续下跌),27.701,False,none,False,"[37.17, 37.8]",26.008,10.0978,S1_TREND_FAIL
688105.SH,20240221,down,BOS↓,20240130,18.112,retrace_ok,反抽受限(延续下跌),20.297,False,bear,False,,17.71,-1.905,S1_TREND_FAIL
688239.SH,20240221,down,BOS↓,20240130,26.166,retrace_ok,反抽受限(延续下跌),26.374,False,none,False,"[32.63, 33.52]",24.714,4.497,S1_TREND_FAIL
688326.SH,20240221,down,BOS↓,20240112,91.25,retrace_ok,反抽受限(延续下跌),91.36,False,bear,False,"[122.05, 124.38]",70.508,2.8164,S1_TREND_FAIL
688349.SH,20240221,up,CHoCH↑,20240206,18.733,retrace_fail,回踩跌破(突破失败),18.025,False,none,False,"[20.23, 20.43]",18.401,10.694,S2_PULLBACK_BROKE
688531.SH,20240221,down,BOS↓,20240117,40.711,retrace_ok,反抽受限(延续下跌),41.1,False,bear,False,"[41.22, 41.64]",31.251,5.523,S1_TREND_FAIL
002117.SZ,20240222,down,BOS↓,20240131,7.19,retrace_fail,反抽收复(破位失败),7.65,False,bear,True,"[7.35, 7.47]",7.375,1.2307,S1_TREND_FAIL
002132.SZ,20240222,down,BOS↓,20240131,2.71,no_retrace,尚未反抽,2.63,False,none,False,"[3.06, 3.17]",2.554,4.9063,S1_TREND_FAIL
002634.SZ,20240222,down,BOS↓,20240130,5.63,no_retrace,尚未反抽,5.45,False,none,False,"[6.26, 6.48]",5.01,6.7715,S1_TREND_FAIL
300435.SZ,20240222,down,BOS↓,20240131,11.121,retrace_fail,反抽收复(破位失败),12.041,False,bear,False,"[13.13, 13.26]",11.731,12.5059,S1_TREND_FAIL
300700.SZ,20240222,down,CHoCH↓,20240118,10.761,retrace_ok,反抽受限(延续下跌),10.84,False,bear,False,"[11.02, 11.23]",7.83,16.3241,S1_TREND_FAIL
300786.SZ,20240222,down,BOS↓,20240108,17.2,retrace_ok,反抽受限(延续下跌),17.52,False,bear,False,"[17.44, 17.63]",10.712,16.9128,S1_TREND_FAIL
300873.SZ,20240222,down,BOS↓,20240130,11.708,retrace_fail,反抽收复(破位失败),12.473,False,bull,False,"[15.08, 15.42]",11.808,2.3843,S1_TREND_FAIL
300985.SZ,20240222,down,BOS↓,20240130,21.347,retrace_ok,反抽受限(延续下跌),21.44,False,bear,False,"[23.97, 24.03]",18.508,11.9806,S1_TREND_FAIL
300997.SZ,20240222,up,CHoCH↑,20240202,11.838,retrace_ok,回踩到位(接多窗口),9.408,False,none,False,"[12.58, 12.7]",12.472,5.1694,S3_NOT_AT_POI
301047.SZ,20240222,up,CHoCH↑,20240208,63.502,retrace_fail,回踩跌破(突破失败),60.822,False,bear,False,"[51.96, 54.87]",61.822,1.8376,S2_PULLBACK_BROKE
301290.SZ,20240222,down,BOS↓,20240131,20.821,no_retrace,尚未反抽,20.231,False,none,False,"[25.23, 25.56]",19.541,2.2049,S1_TREND_FAIL
301366.SZ,20240222,down,BOS↓,20240130,17.357,no_retrace,尚未反抽,16.934,False,none,False,,15.152,25.691,S1_TREND_FAIL
600826.SH,20240222,down,CHoCH↓,20240202,4.726,retrace_fail,反抽收复(破位失败),5.754,False,bear,True,"[5.07, 5.36]",5.234,2.6675,S1_TREND_FAIL
603039.SH,20240222,down,BOS↓,20240130,29.178,retrace_fail,反抽收复(破位失败),32.603,False,bear,False,,31.428,2.8268,S1_TREND_FAIL
603416.SH,20240222,down,BOS↓,20240130,24.575,retrace_fail,反抽收复(破位失败),25.475,False,bear,False,"[33.24, 33.7]",24.605,8.7467,S1_TREND_FAIL
603755.SH,20240222,down,BOS↓,20240131,20.677,no_retrace,尚未反抽,19.747,False,none,False,"[21.17, 21.58]",19.272,-7.1076,S1_TREND_FAIL
603798.SH,20240222,down,CHoCH↓,20240130,9.301,retrace_ok,反抽受限(延续下跌),9.321,False,bear,False,"[9.68, 10.37]",7.109,32.489,S1_TREND_FAIL
603950.SH,20240222,down,BOS↓,20240202,13.6,retrace_fail,反抽收复(破位失败),14.12,False,none,False,"[14.01, 14.34]",13.642,9.3357,S1_TREND_FAIL
688123.SH,20240222,down,BOS↓,20240117,53.38,no_retrace,尚未反抽,52.02,True,none,False,"[54.41, 55.25]",43.352,18.3574,S1_TREND_FAIL
688138.SH,20240222,down,BOS↓,20240130,16.232,no_retrace,尚未反抽,15.992,False,bear,False,"[20.69, 21.01]",15.218,14.1832,S1_TREND_FAIL
688237.SH,20240222,down,BOS↓,20240131,26.534,no_retrace,尚未反抽,25.684,False,bear,False,"[34.76, 35.34]",21.477,3.3964,S1_TREND_FAIL
688252.SH,20240222,down,BOS↓,20240130,13.533,retrace_ok,反抽受限(延续下跌),13.653,False,none,False,"[18.34, 18.78]",12.573,15.3961,S1_TREND_FAIL
688519.SH,20240222,down,BOS↓,20240103,23.772,retrace_ok,反抽受限(延续下跌),24.202,False,bull,False,"[23.81, 23.85]",15.732,20.3443,S1_TREND_FAIL
688616.SH,20240222,down,BOS↓,20240130,8.287,retrace_ok,反抽受限(延续下跌),8.262,False,bear,False,"[8.52, 8.71]",6.749,6.4024,S1_TREND_FAIL
001336.SZ,20240223,down,BOS↓,20240131,24.22,no_retrace,尚未反抽,23.5,False,bear,False,"[24.72, 25.13]",19.067,5.0049,S1_TREND_FAIL
002058.SZ,20240223,down,BOS↓,20240131,10.9,no_retrace,尚未反抽,10.73,False,none,False,"[11.31, 11.64]",10.2,3.3182,S1_TREND_FAIL
002548.SZ,20240223,down,BOS↓,20240202,4.41,retrace_ok,反抽受限(延续下跌),4.48,False,bear,False,"[4.57, 4.7]",4.31,-1.7891,S1_TREND_FAIL
300745.SZ,20240223,down,BOS↓,20240130,19.22,no_retrace,尚未反抽,18.8,False,none,False,"[26.38, 26.68]",17.83,6.1491,S1_TREND_FAIL
300834.SZ,20240223,down,BOS↓,20240131,17.109,no_retrace,尚未反抽,16.349,False,bear,False,"[20.14, 20.37]",16.159,7.1968,S1_TREND_FAIL
300997.SZ,20240223,up,CHoCH↑,20240202,11.838,retrace_ok,回踩到位(接多窗口),9.408,False,bear,False,"[12.58, 12.7]",12.502,4.9191,S3_NOT_AT_POI
301006.SZ,20240223,down,BOS↓,20240131,13.345,no_retrace,尚未反抽,12.775,False,none,False,"[16.29, 16.46]",12.185,5.4973,S1_TREND_FAIL
301097.SZ,20240223,down,BOS↓,20240131,27.892,no_retrace,尚未反抽,27.257,False,bear,False,,25.631,11.2736,S1_TREND_FAIL
301176.SZ,20240223,down,BOS↓,20240130,12.78,no_retrace,尚未反抽,12.7,False,none,False,"[15.86, 16.11]",10.53,10.2152,S1_TREND_FAIL
301237.SZ,20240223,down,BOS↓,20240131,23.812,no_retrace,尚未反抽,22.452,False,bull,False,"[28.77, 29.13]",19.512,4.4593,S1_TREND_FAIL
301258.SZ,20240223,down,BOS↓,20240131,25.777,no_retrace,尚未反抽,24.747,False,none,False,"[30.23, 30.33]",24.107,2.3739,S1_TREND_FAIL
301279.SZ,20240223,down,BOS↓,20240131,11.013,no_retrace,尚未反抽,10.633,False,bear,False,"[13.58, 13.77]",9.269,6.7496,S1_TREND_FAIL
301335.SZ,20240223,down,BOS↓,20240131,17.628,no_retrace,尚未反抽,17.018,False,bear,False,"[20.22, 20.4]",15.838,3.0029,S1_TREND_FAIL
301353.SZ,20240223,down,BOS↓,20240131,14.951,no_retrace,尚未反抽,13.952,False,bear,False,"[17.63, 17.88]",13.114,8.7096,S1_TREND_FAIL
600261.SH,20240223,down,BOS↓,20240201,2.38,retrace_fail,反抽收复(破位失败),2.58,False,bear,True,"[2.44, 2.49]",2.47,6.4286,S1_TREND_FAIL
601615.SH,20240223,down,BOS↓,20240130,9.348,no_retrace,尚未反抽,8.998,False,bear,False,"[9.51, 9.64]",8.878,8.7056,S1_TREND_FAIL
603067.SH,20240223,down,BOS↓,20240131,5.675,retrace_fail,反抽收复(破位失败),5.876,False,none,False,"[6.56, 6.67]",5.746,1.937,S1_TREND_FAIL
603096.SH,20240223,down,BOS↓,20240131,13.996,retrace_ok,反抽受限(延续下跌),14.106,False,none,False,"[14.42, 14.78]",13.51,13.9056,S1_TREND_FAIL
603726.SH,20240223,down,BOS↓,20240131,11.155,no_retrace,尚未反抽,10.775,False,bear,False,"[13.2, 13.33]",9.585,17.4049,S1_TREND_FAIL
603822.SH,20240223,down,BOS↓,20240130,22.438,retrace_ok,反抽受限(延续下跌),22.478,False,none,False,"[26.66, 27.03]",19.708,3.9046,S1_TREND_FAIL
605300.SH,20240223,down,BOS↓,20240131,12.994,retrace_fail,反抽收复(破位失败),13.184,False,bear,False,"[14.88, 15.12]",12.993,2.1445,S1_TREND_FAIL
688247.SH,20240223,down,BOS↓,20240131,8.533,retrace_ok,反抽受限(延续下跌),8.513,False,bear,False,"[8.92, 9.24]",7.963,3.867,S1_TREND_FAIL
688435.SH,20240223,down,BOS↓,20240131,35.1,no_retrace,尚未反抽,34.7,False,bear,False,"[36.3, 37.28]",34.353,17.4348,S1_TREND_FAIL
688485.SH,20240223,down,BOS↓,20240131,10.038,no_retrace,尚未反抽,9.668,False,bear,False,"[13.49, 13.61]",9.028,4.5747,S1_TREND_FAIL
688503.SH,20240223,down,CHoCH↓,20240129,32.406,retrace_fail,反抽收复(破位失败),33.583,False,bear,False,"[33.83, 35.0]",32.522,23.645,S1_TREND_FAIL
688523.SH,20240223,down,BOS↓,20240131,18.951,no_retrace,尚未反抽,18.411,False,none,False,"[25.0, 25.43]",18.227,14.4119,S1_TREND_FAIL
000869.SZ,20240226,down,BOS↓,20240201,21.28,retrace_fail,反抽收复(破位失败),23.28,False,bull,False,"[21.67, 21.99]",23.01,-0.2306,S1_TREND_FAIL
001313.SZ,20240226,down,BOS↓,20240131,7.34,retrace_fail,反抽收复(破位失败),7.68,False,bear,True,"[7.55, 7.72]",7.554,2.1937,S1_TREND_FAIL
001336.SZ,20240226,down,BOS↓,20240131,24.22,no_retrace,尚未反抽,23.5,True,bear,False,"[24.72, 25.13]",19.711,3.0892,S1_TREND_FAIL
002084.SZ,20240226,down,BOS↓,20240131,3.43,no_retrace,尚未反抽,3.18,False,bull,False,"[3.52, 3.59]",2.83,2.4214,S1_TREND_FAIL
002249.SZ,20240226,up,CHoCH↑,20240208,4.68,retrace_fail,回踩跌破(突破失败),4.51,False,none,False,"[3.93, 4.11]",4.74,-0.2103,S2_PULLBACK_BROKE
002683.SZ,20240226,down,BOS↓,20240131,14.564,retrace_fail,反抽收复(破位失败),16.904,False,none,False,"[12.9, 13.77]",16.394,2.7049,S1_TREND_FAIL
002753.SZ,20240226,down,BOS↓,20240130,6.502,no_retrace,尚未反抽,6.382,False,none,False,"[7.6, 7.67]",5.942,-3.9269,S1_TREND_FAIL
002899.SZ,20240226,down,BOS↓,20240130,13.623,retrace_ok,反抽受限(延续下跌),13.673,False,none,False,"[16.1, 16.33]",12.022,3.763,S1_TREND_FAIL
300122.SZ,20240226,up,CHoCH↑,20240206,49.5,retrace_ok,回踩到位(接多窗口),48.6,False,bull,False,"[44.56, 46.51]",51.52,3.0103,ALL_OK
300158.SZ,20240226,up,CHoCH↑,20240222,4.98,retrace_ok,回踩到位(接多窗口),4.9,False,bear,False,"[6.53, 6.63]",5.009,-0.1687,S3_NOT_AT_POI
300836.SZ,20240226,down,BOS↓,20240131,14.658,retrace_ok,反抽受限(延续下跌),14.893,False,none,False,"[18.14, 18.45]",13.635,23.7028,S1_TREND_FAIL
301047.SZ,20240226,up,CHoCH↑,20240208,63.502,retrace_fail,回踩跌破(突破失败),60.822,False,none,False,"[51.96, 54.87]",63.172,2.1011,S2_PULLBACK_BROKE
301130.SZ,20240226,down,BOS↓,20240131,21.619,no_retrace,尚未反抽,20.729,False,none,False,"[26.73, 26.99]",19.948,11.0648,S1_TREND_FAIL
301336.SZ,20240226,down,BOS↓,20240131,27.443,no_retrace,尚未反抽,26.402,False,bear,False,"[32.18, 32.76]",24.823,0.0304,S1_TREND_FAIL
600080.SH,20240226,down,BOS↓,20240131,6.312,retrace_fail,反抽收复(破位失败),7.052,False,bull,False,"[7.4, 7.51]",7.072,6.5151,S1_TREND_FAIL
603039.SH,20240226,up,CHoCH↑,20240222,31.861,retrace_ok,回踩到位(接多窗口),32.011,False,none,False,,32.631,0.6603,S3_NOT_AT_POI
603811.SH,20240226,down,BOS↓,20240131,5.079,retrace_fail,反抽收复(破位失败),5.321,False,bear,False,"[6.67, 6.76]",5.177,4.599,S1_TREND_FAIL
688138.SH,20240226,down,BOS↓,20240130,16.232,retrace_fail,反抽收复(破位失败),16.432,False,bear,False,"[20.69, 21.01]",16.292,7.7474,S1_TREND_FAIL
688143.SH,20240226,down,BOS↓,20240130,22.76,retrace_ok,反抽受限(延续下跌),23.4,False,none,False,"[32.91, 33.56]",22.315,11.9548,S1_TREND_FAIL
688170.SH,20240226,down,BOS↓,20240130,27.611,retrace_fail,反抽收复(破位失败),28.391,False,none,False,"[33.53, 33.98]",28.961,1.2853,S1_TREND_FAIL
688291.SH,20240226,down,BOS↓,20240130,20.637,retrace_ok,反抽受限(延续下跌),20.597,False,bull,False,"[26.87, 27.16]",19.737,5.9714,S1_TREND_FAIL
688321.SH,20240226,down,BOS↓,20240130,16.822,retrace_fail,反抽收复(破位失败),16.842,False,bear,False,"[22.1, 22.11]",16.922,0.131,S1_TREND_FAIL
688362.SH,20240226,down,BOS↓,20240122,22.13,retrace_ok,反抽受限(延续下跌),22.96,False,none,False,"[22.73, 23.23]",20.8,8.0448,S1_TREND_FAIL
688581.SH,20240226,up,CHoCH↑,20240223,53.815,no_retrace,尚未回踩,,False,bear,False,"[79.59, 81.53]",54.403,0.3716,S2_NO_PULLBACK
688628.SH,20240226,up,CHoCH↑,20240219,30.105,retrace_ok,回踩到位(接多窗口),29.405,False,none,True,"[32.31, 32.79]",32.545,5.6719,ALL_OK
688662.SH,20240226,down,BOS↓,20240112,24.656,retrace_ok,反抽受限(延续下跌),24.633,False,none,False,"[25.41, 26.03]",18.21,5.4147,S1_TREND_FAIL
300685.SZ,20240227,up,CHoCH↑,20240207,18.476,retrace_ok,回踩到位(接多窗口),17.666,False,none,False,"[16.96, 17.29]",19.44,1.9431,S3_NOT_AT_POI
300845.SZ,20240227,down,BOS↓,20240130,7.379,retrace_ok,反抽受限(延续下跌),7.456,False,bear,False,"[9.06, 9.26]",6.894,7.1802,S1_TREND_FAIL
301033.SZ,20240227,down,BOS↓,20240131,32.708,no_retrace,尚未反抽,31.528,False,none,False,"[40.4, 40.91]",30.262,5.1923,S1_TREND_FAIL
301197.SZ,20240227,down,BOS↓,20240131,14.447,no_retrace,尚未反抽,13.817,False,none,False,"[17.58, 17.81]",13.124,2.9656,S1_TREND_FAIL
301370.SZ,20240227,down,BOS↓,20240202,12.709,retrace_fail,反抽收复(破位失败),13.839,False,bear,True,"[13.22, 13.63]",13.463,-0.133,S1_TREND_FAIL
600536.SH,20240227,up,CHoCH↑,20240222,29.8,retrace_ok,回踩到位(接多窗口),29.56,False,bear,False,"[26.34, 27.09]",31.611,14.0578,S3_NOT_AT_POI
688244.SH,20240227,down,BOS↓,20240130,18.39,retrace_fail,反抽收复(破位失败),20.24,False,bear,False,"[23.4, 23.87]",19.355,13.1981,S1_TREND_FAIL
000534.SZ,20240228,down,BOS↓,20240202,10.291,retrace_fail,反抽收复(破位失败),11.491,False,bear,False,"[10.62, 10.9]",11.336,0.6083,S1_TREND_FAIL
001211.SZ,20240228,down,BOS↓,20240131,20.4,no_retrace,尚未反抽,18.64,False,bear,False,"[23.73, 24.06]",16.939,-4.5765,S1_TREND_FAIL
002452.SZ,20240228,down,CHoCH↓,20240119,6.702,no_retrace,尚未反抽,6.632,False,none,False,"[6.76, 6.81]",5.645,13.3905,S1_TREND_FAIL
002683.SZ,20240228,up,CHoCH↑,20240227,16.904,no_retrace,尚未回踩,,False,none,False,"[12.9, 13.77]",16.864,-0.1611,S2_NO_PULLBACK
002910.SZ,20240228,down,BOS↓,20240131,8.97,no_retrace,尚未反抽,8.86,False,none,False,"[10.66, 10.79]",8.207,-3.283,S1_TREND_FAIL
003019.SZ,20240228,up,CHoCH↑,20240223,17.079,retrace_ok,回踩到位(接多窗口),17.155,False,none,False,"[18.96, 19.36]",18.041,2.4559,S3_NOT_AT_POI
300143.SZ,20240228,down,BOS↓,20240131,6.374,retrace_fail,反抽收复(破位失败),6.852,False,bear,False,"[5.39, 5.7]",6.722,-2.2423,S1_TREND_FAIL
300598.SZ,20240228,down,BOS↓,20240202,26.819,retrace_fail,反抽收复(破位失败),30.681,False,bear,False,"[27.95, 28.88]",30.321,12.5623,S1_TREND_FAIL
300618.SZ,20240228,up,CHoCH↑,20240227,23.08,no_retrace,尚未回踩,,False,bear,False,"[18.53, 19.52]",22.918,-0.1888,S2_NO_PULLBACK
300995.SZ,20240228,down,BOS↓,20240131,16.437,no_retrace,尚未反抽,15.677,False,none,False,"[19.92, 20.31]",14.877,0.407,S1_TREND_FAIL
301279.SZ,20240228,down,BOS↓,20240131,11.013,no_retrace,尚未反抽,10.633,False,none,False,"[13.58, 13.77]",10.498,-5.0387,S1_TREND_FAIL
600080.SH,20240228,up,CHoCH↑,20240226,7.142,no_retrace,尚未回踩,7.282,False,none,False,"[7.4, 7.51]",7.615,-7.2551,S2_NO_PULLBACK
603296.SH,20240228,down,BOS↓,20240110,35.269,no_retrace,尚未反抽,34.856,False,none,False,"[36.05, 36.69]",32.561,8.8256,S1_TREND_FAIL
603321.SH,20240228,down,BOS↓,20240131,6.765,no_retrace,尚未反抽,6.555,False,none,False,,6.4,-2.8222,S1_TREND_FAIL
603879.SH,20240228,down,BOS↓,20240131,5.29,no_retrace,尚未反抽,5.02,False,none,False,"[5.45, 5.57]",4.881,29.8284,S1_TREND_FAIL
605055.SH,20240228,down,BOS↓,20240131,5.861,no_retrace,尚未反抽,5.361,False,none,False,"[6.83, 6.94]",5.06,-1.5613,S1_TREND_FAIL
605337.SH,20240228,down,BOS↓,20240131,10.302,retrace_fail,反抽收复(破位失败),10.552,False,bear,False,"[11.99, 12.16]",10.446,-5.0283,S1_TREND_FAIL
688136.SH,20240228,down,BOS↓,20240131,16.275,no_retrace,尚未反抽,15.605,False,none,False,"[19.6, 20.23]",15.172,2.9106,S1_TREND_FAIL
688247.SH,20240228,down,BOS↓,20240131,8.533,retrace_ok,反抽受限(延续下跌),8.543,False,none,False,"[8.92, 9.24]",8.438,-0.2197,S1_TREND_FAIL
688252.SH,20240228,down,BOS↓,20240130,13.533,retrace_fail,反抽收复(破位失败),14.533,False,none,False,"[18.34, 18.78]",14.378,5.2589,S1_TREND_FAIL
688429.SH,20240228,down,BOS↓,20240130,17.175,no_retrace,尚未反抽,16.825,False,none,False,"[20.19, 20.71]",16.627,1.5086,S1_TREND_FAIL
688528.SH,20240228,down,BOS↓,20240130,8.7,retrace_ok,反抽受限(延续下跌),8.82,False,none,False,,7.88,0.355,S1_TREND_FAIL
688598.SH,20240228,down,CHoCH↓,20240122,40.695,no_retrace,尚未反抽,39.21,False,bear,False,"[42.1, 43.25]",34.147,7.3245,S1_TREND_FAIL
002034.SZ,20240229,down,BOS↓,20240201,13.71,retrace_fail,反抽收复(破位失败),14.56,False,bear,False,"[12.35, 12.77]",13.8,4.3299,S1_TREND_FAIL
300321.SZ,20240229,down,BOS↓,20240131,15.429,retrace_ok,反抽受限(延续下跌),15.409,False,bull,False,"[9.75, 10.98]",13.225,35.5769,S1_TREND_FAIL
300349.SZ,20240229,down,BOS↓,20240130,9.581,retrace_fail,反抽收复(破位失败),11.011,False,bear,False,"[10.88, 11.12]",10.081,15.1231,S1_TREND_FAIL
300420.SZ,20240229,down,BOS↓,20240131,2.505,retrace_ok,反抽受限(延续下跌),2.665,False,bull,False,"[2.96, 3.08]",2.435,13.4124,S1_TREND_FAIL
300708.SZ,20240229,up,CHoCH↑,20240227,6.678,retrace_fail,回踩跌破(突破失败),6.277,False,bear,False,"[5.36, 5.64]",6.34,1.1964,S2_PULLBACK_BROKE
300776.SZ,20240229,up,CHoCH↑,20240227,45.154,retrace_fail,回踩跌破(突破失败),44.254,False,bear,False,"[37.59, 39.24]",43.841,4.23,S2_PULLBACK_BROKE
301006.SZ,20240229,down,BOS↓,20240131,13.345,retrace_ok,反抽受限(延续下跌),13.435,False,bear,False,"[16.29, 16.46]",11.538,16.3501,S1_TREND_FAIL
301033.SZ,20240229,down,BOS↓,20240131,32.708,retrace_ok,反抽受限(延续下跌),32.808,False,bear,False,"[40.4, 40.91]",27.916,15.2301,S1_TREND_FAIL
603339.SH,20240229,down,BOS↓,20240131,9.218,retrace_ok,反抽受限(延续下跌),9.868,False,none,False,"[9.67, 10.04]",8.898,11.2634,S1_TREND_FAIL
603980.SH,20240229,down,BOS↓,20240131,3.735,no_retrace,尚未反抽,3.695,False,bull,False,"[4.36, 4.48]",3.193,3.7341,S1_TREND_FAIL
605069.SH,20240229,down,BOS↓,20240131,8.15,no_retrace,尚未反抽,7.86,False,bear,False,"[8.46, 8.71]",6.346,15.7059,S1_TREND_FAIL
605089.SH,20240229,down,BOS↓,20240119,32.994,retrace_ok,反抽受限(延续下跌),32.954,False,bear,False,"[33.54, 33.99]",26.714,12.2268,S1_TREND_FAIL
688391.SH,20240229,down,BOS↓,20240130,23.778,retrace_fail,反抽收复(破位失败),27.578,False,bull,False,"[30.64, 31.21]",24.902,16.4086,S1_TREND_FAIL
688623.SH,20240229,down,BOS↓,20240131,40.52,retrace_ok,反抽受限(延续下跌),41.385,False,bear,False,"[41.04, 41.46]",38.143,3.6303,S1_TREND_FAIL
001217.SZ,20240201,up,CHoCH↑,20231227,11.62,retrace_fail,回踩跌破(突破失败),10.91,False,bear,False,"[12.31, 13.33]",11.098,-8.863,S2_PULLBACK_BROKE
300802.SZ,20240202,down,CHoCH↓,20240108,17.209,retrace_ok,反抽受限(延续下跌),17.379,False,none,False,"[14.72, 15.06]",14.374,-3.0691,S1_TREND_FAIL
600509.SH,20240202,down,CHoCH↓,20240108,6.103,retrace_ok,反抽受限(延续下跌),6.163,False,none,False,"[4.84, 5.0]",4.785,-6.0217,S1_TREND_FAIL
600718.SH,20240202,down,BOS↓,20240117,8.1,retrace_ok,反抽受限(延续下跌),8.27,False,none,False,"[7.38, 7.57]",7.178,-6.9002,S1_TREND_FAIL
688767.SH,20240202,down,BOS↓,20240116,18.241,retrace_ok,反抽受限(延续下跌),18.162,False,none,False,"[16.31, 16.64]",16.007,-3.548,S1_TREND_FAIL
603061.SH,20240207,down,BOS↓,20240130,45.09,retrace_ok,反抽受限(延续下跌),46.524,False,bear,False,"[57.42, 59.58]",44.571,-2.4651,S1_TREND_FAIL
688069.SH,20240208,down,BOS↓,20240205,10.9,retrace_ok,反抽受限(延续下跌),11.109,False,none,False,"[11.29, 11.69]",10.427,3.8531,S1_TREND_FAIL
000404.SZ,20240219,down,BOS↓,20240201,4.32,retrace_fail,反抽收复(破位失败),4.36,False,bear,True,"[4.48, 4.62]",4.51,16.6835,S1_TREND_FAIL
000862.SZ,20240219,down,BOS↓,20240201,5.56,retrace_fail,反抽收复(破位失败),5.71,False,none,False,"[5.69, 5.79]",5.623,10.6181,S1_TREND_FAIL
002713.SZ,20240219,down,BOS↓,20240131,4.011,retrace_fail,反抽收复(破位失败),4.277,False,none,False,"[4.12, 4.21]",3.986,17.7953,S1_TREND_FAIL
300708.SZ,20240220,down,BOS↓,20240130,6.349,retrace_fail,反抽收复(破位失败),6.678,True,bear,False,"[7.37, 7.63]",6.597,-3.6576,S1_TREND_FAIL
301283.SZ,20240220,down,BOS↓,20240131,16.818,retrace_ok,反抽受限(延续下跌),16.797,False,bear,False,"[17.44, 17.94]",16.225,-1.4885,S1_TREND_FAIL
002271.SZ,20240221,down,BOS↓,20240201,16.15,retrace_fail,反抽收复(破位失败),16.78,True,none,False,"[16.55, 16.88]",16.107,0.4844,S1_TREND_FAIL
002385.SZ,20240221,up,CHoCH↑,20240208,5.102,retrace_fail,回踩跌破(突破失败),4.942,False,bull,False,"[4.82, 4.88]",4.952,0.5072,S2_PULLBACK_BROKE
002431.SZ,20240221,down,BOS↓,20240202,2.15,no_retrace,尚未反抽,2.07,False,none,False,"[2.22, 2.28]",1.99,7.6298,S1_TREND_FAIL
002879.SZ,20240221,down,BOS↓,20240201,12.83,retrace_ok,反抽受限(延续下跌),12.91,False,bear,False,"[13.38, 13.82]",11.85,12.0619,S1_TREND_FAIL
002917.SZ,20240221,down,BOS↓,20240130,7.714,retrace_ok,反抽受限(延续下跌),7.804,False,bear,False,"[9.11, 9.17]",6.756,9.1764,S1_TREND_FAIL
300014.SZ,20240221,down,BOS↓,20240124,36.725,retrace_ok,反抽受限(延续下跌),37.505,False,bear,False,"[37.48, 38.1]",33.091,9.5657,S1_TREND_FAIL
300877.SZ,20240221,down,BOS↓,20240131,14.122,no_retrace,尚未反抽,13.532,False,bear,False,"[16.88, 17.02]",11.585,3.968,S1_TREND_FAIL
300915.SZ,20240221,down,BOS↓,20240130,18.892,retrace_ok,反抽受限(延续下跌),19.049,False,bull,False,,17.054,1.8181,S1_TREND_FAIL
301003.SZ,20240221,down,BOS↓,20240131,16.977,no_retrace,尚未反抽,16.397,False,bear,False,"[20.86, 21.28]",15.047,20.6918,S1_TREND_FAIL
301026.SZ,20240221,down,BOS↓,20240131,11.251,retrace_ok,反抽受限(延续下跌),11.256,False,none,False,"[11.67, 12.01]",10.01,15.1348,S1_TREND_FAIL
301092.SZ,20240221,down,BOS↓,20240131,21.033,no_retrace,尚未反抽,19.993,False,bear,False,"[24.61, 24.83]",18.932,4.3511,S1_TREND_FAIL
301283.SZ,20240221,down,BOS↓,20240131,16.818,retrace_ok,反抽受限(延续下跌),16.797,False,bear,False,"[17.44, 17.94]",16.252,0.8232,S1_TREND_FAIL
600261.SH,20240221,down,BOS↓,20240201,2.38,retrace_ok,反抽受限(延续下跌),2.4,False,none,False,"[2.44, 2.49]",2.346,5.2871,S1_TREND_FAIL
603687.SH,20240221,down,BOS↓,20240201,9.464,retrace_ok,反抽受限(延续下跌),9.514,False,none,False,"[11.0, 11.14]",9.3,6.6177,S1_TREND_FAIL
688068.SH,20240221,down,BOS↓,20240130,31.96,retrace_fail,反抽收复(破位失败),33.64,False,bear,False,"[39.89, 40.24]",32.264,-0.5764,S1_TREND_FAIL
688581.SH,20240221,down,CHoCH↓,20240126,77.219,no_retrace,尚未反抽,76.711,False,bull,False,"[79.59, 81.53]",51.52,0.0252,S1_TREND_FAIL
001222.SZ,20240222,down,BOS↓,20240130,13.25,no_retrace,尚未反抽,12.59,False,bear,False,"[14.49, 14.86]",11.07,4.8291,S1_TREND_FAIL
001296.SZ,20240222,down,BOS↓,20240131,21.08,no_retrace,尚未反抽,20.25,False,none,False,"[21.67, 22.15]",18.38,5.2472,S1_TREND_FAIL
002753.SZ,20240222,down,BOS↓,20240130,6.502,no_retrace,尚未反抽,6.382,False,bull,False,"[7.6, 7.67]",5.312,3.3577,S1_TREND_FAIL
002917.SZ,20240222,down,BOS↓,20240130,7.714,retrace_ok,反抽受限(延续下跌),7.804,False,bear,False,"[9.11, 9.17]",6.854,8.6279,S1_TREND_FAIL
300331.SZ,20240222,down,BOS↓,20240130,17.71,no_retrace,尚未反抽,17.49,False,none,False,"[23.24, 24.1]",16.16,12.9398,S1_TREND_FAIL
300395.SZ,20240222,down,BOS↓,20240130,25.981,retrace_fail,反抽收复(破位失败),30.431,False,bull,False,"[23.29, 24.84]",27.582,5.312,S1_TREND_FAIL
300674.SZ,20240222,down,BOS↓,20240131,12.082,retrace_ok,反抽受限(延续下跌),12.432,False,bear,False,"[15.45, 15.48]",11.972,7.4278,S1_TREND_FAIL
300963.SZ,20240222,down,BOS↓,20240131,5.151,no_retrace,尚未反抽,4.87,False,bull,False,"[6.31, 6.43]",4.385,10.2971,S1_TREND_FAIL
301110.SZ,20240222,down,BOS↓,20240130,16.516,no_retrace,尚未反抽,16.424,False,bear,False,"[18.81, 19.23]",14.387,10.6461,S1_TREND_FAIL
301222.SZ,20240222,down,BOS↓,20240131,15.746,no_retrace,尚未反抽,14.789,False,bull,False,"[19.38, 19.74]",13.382,8.8702,S1_TREND_FAIL
301320.SZ,20240222,down,BOS↓,20240129,15.712,no_retrace,尚未反抽,15.602,False,bear,False,,13.552,16.2434,S1_TREND_FAIL
600382.SH,20240222,down,BOS↓,20240202,4.08,retrace_ok,反抽受限(延续下跌),4.12,False,bear,False,"[4.19, 4.29]",4.06,0.3376,S1_TREND_FAIL
601615.SH,20240222,down,BOS↓,20240130,9.348,no_retrace,尚未反抽,8.998,False,bear,False,"[9.51, 9.64]",8.7,7.3762,S1_TREND_FAIL
603700.SH,20240222,down,BOS↓,20240131,10.903,no_retrace,尚未反抽,10.513,False,bear,False,"[13.39, 13.51]",9.675,5.4563,S1_TREND_FAIL
688068.SH,20240222,down,BOS↓,20240130,31.96,retrace_fail,反抽收复(破位失败),33.64,False,none,False,"[39.89, 40.24]",32.442,-1.1236,S1_TREND_FAIL
688286.SH,20240222,down,CHoCH↓,20240119,37.854,retrace_ok,反抽受限(延续下跌),38.033,False,bear,False,"[40.8, 43.22]",26.122,13.9311,S1_TREND_FAIL
688718.SH,20240222,down,BOS↓,20240131,11.31,retrace_ok,反抽受限(延续下跌),11.62,False,none,False,"[13.75, 13.89]",9.752,11.8661,S1_TREND_FAIL
001202.SZ,20240223,down,BOS↓,20240131,14.61,no_retrace,尚未反抽,14.28,False,bear,False,"[15.15, 15.6]",12.36,2.4263,S1_TREND_FAIL
001360.SZ,20240223,down,BOS↓,20240131,14.19,no_retrace,尚未反抽,13.6,False,bear,False,"[14.48, 14.72]",12.51,7.0194,S1_TREND_FAIL
002420.SZ,20240223,down,BOS↓,20240130,4.96,no_retrace,尚未反抽,4.88,False,bear,False,"[5.05, 5.13]",4.05,4.775,S1_TREND_FAIL
002494.SZ,20240223,down,BOS↓,20240131,4.24,retrace_ok,反抽受限(延续下跌),4.34,False,bear,False,"[5.26, 5.39]",3.475,7.5012,S1_TREND_FAIL
002836.SZ,20240223,down,BOS↓,20240131,6.535,no_retrace,尚未反抽,6.285,False,none,False,"[7.99, 8.12]",5.395,6.0747,S1_TREND_FAIL
002879.SZ,20240223,down,BOS↓,20240201,12.83,retrace_ok,反抽受限(延续下跌),12.91,False,none,False,"[13.38, 13.82]",12.45,15.3117,S1_TREND_FAIL
300068.SZ,20240223,down,CHoCH↓,20240129,12.086,retrace_ok,反抽受限(延续下跌),12.166,False,bear,False,"[12.63, 12.95]",11.136,13.7601,S1_TREND_FAIL
300132.SZ,20240223,down,BOS↓,20240131,4.22,no_retrace,尚未反抽,3.98,False,bull,False,"[5.15, 5.19]",3.6,5.4219,S1_TREND_FAIL
300440.SZ,20240223,down,BOS↓,20240201,5.573,retrace_ok,反抽受限(延续下跌),5.733,False,none,False,"[5.87, 6.12]",5.543,8.2425,S1_TREND_FAIL
300828.SZ,20240223,down,BOS↓,20240131,11.294,no_retrace,尚未反抽,11.024,False,bear,False,"[11.62, 11.88]",10.094,18.089,S1_TREND_FAIL
301003.SZ,20240223,down,BOS↓,20240131,16.977,no_retrace,尚未反抽,16.397,False,none,False,"[20.86, 21.28]",16.347,13.8434,S1_TREND_FAIL
301012.SZ,20240223,down,BOS↓,20240129,12.556,retrace_ok,反抽受限(延续下跌),12.521,False,none,False,"[15.28, 15.88]",10.399,23.948,S1_TREND_FAIL
600094.SH,20240223,down,BOS↓,20240205,2.722,retrace_fail,反抽收复(破位失败),2.832,False,none,False,"[2.81, 2.88]",2.802,3.5181,S1_TREND_FAIL
603517.SH,20240223,down,BOS↓,20240130,20.27,retrace_fail,反抽收复(破位失败),21.52,False,bear,False,"[22.94, 23.24]",20.84,0.0623,S1_TREND_FAIL
603928.SH,20240223,down,BOS↓,20240131,5.869,no_retrace,尚未反抽,5.71,False,bear,False,"[7.13, 7.22]",5.159,7.609,S1_TREND_FAIL
688037.SH,20240223,down,BOS↓,20240117,77.663,retrace_ok,反抽受限(延续下跌),78.526,False,none,False,"[78.58, 79.34]",70.652,15.1388,S1_TREND_FAIL
688232.SH,20240223,down,BOS↓,20240130,23.933,retrace_fail,反抽收复(破位失败),25.123,False,bear,False,,24.644,2.0165,S1_TREND_FAIL
688486.SH,20240223,down,BOS↓,20240122,33.408,retrace_ok,反抽受限(延续下跌),33.359,False,none,False,"[34.74, 35.83]",29.68,14.1398,S1_TREND_FAIL
688571.SH,20240223,down,BOS↓,20240131,5.487,no_retrace,尚未反抽,5.257,False,none,False,,5.077,4.5145,S1_TREND_FAIL
001211.SZ,20240226,down,BOS↓,20240131,20.4,no_retrace,尚未反抽,18.64,False,bear,False,"[23.73, 24.06]",16.44,-1.3711,S1_TREND_FAIL
002117.SZ,20240226,down,BOS↓,20240131,7.19,retrace_fail,反抽收复(破位失败),7.85,False,none,False,"[7.35, 7.47]",7.692,-2.9466,S1_TREND_FAIL
002391.SZ,20240226,down,BOS↓,20240131,4.962,no_retrace,尚未反抽,4.932,False,none,False,"[5.06, 5.14]",4.873,0.8131,S1_TREND_FAIL
300776.SZ,20240226,down,CHoCH↓,20240116,54.874,retrace_ok,反抽受限(延续下跌),54.694,False,none,False,"[37.59, 39.24]",45.174,3.9082,S1_TREND_FAIL
301149.SZ,20240226,down,BOS↓,20240131,7.577,no_retrace,尚未反抽,7.5,False,bear,False,"[9.11, 9.18]",7.394,4.9678,S1_TREND_FAIL
603281.SH,20240226,down,CHoCH↓,20240130,15.526,no_retrace,尚未反抽,14.749,False,none,False,"[16.03, 16.44]",14.483,0.1501,S1_TREND_FAIL
603551.SH,20240226,up,CHoCH↑,20240223,9.79,no_retrace,尚未回踩,,False,bear,False,"[10.16, 10.37]",9.781,-0.3729,S2_NO_PULLBACK
688193.SH,20240226,down,BOS↓,20240131,33.107,no_retrace,尚未反抽,32.427,False,none,False,,30.967,-3.6548,S1_TREND_FAIL
688217.SH,20240226,down,BOS↓,20240130,27.932,retrace_ok,反抽受限(延续下跌),27.852,False,bear,False,"[34.1, 34.55]",27.088,-4.0707,S1_TREND_FAIL
688517.SH,20240226,down,BOS↓,20240130,10.882,retrace_ok,反抽受限(延续下跌),10.902,False,bear,False,"[11.22, 11.49]",10.272,9.9961,S1_TREND_FAIL
300296.SZ,20240227,up,CHoCH↑,20240208,5.09,retrace_ok,回踩到位(接多窗口),5.0,False,none,False,"[4.19, 4.46]",5.22,-0.7248,S3_NOT_AT_POI
301187.SZ,20240227,down,BOS↓,20240130,10.473,retrace_ok,反抽受限(延续下跌),10.688,False,bear,False,"[12.03, 12.78]",10.227,7.1076,S1_TREND_FAIL
301233.SZ,20240227,down,BOS↓,20240131,23.465,no_retrace,尚未反抽,23.178,False,none,False,"[28.94, 29.54]",22.475,15.2903,S1_TREND_FAIL
002272.SZ,20240228,down,BOS↓,20240131,5.25,no_retrace,尚未反抽,5.14,False,none,False,"[6.54, 6.69]",5.059,34.0269,S1_TREND_FAIL
002753.SZ,20240228,down,BOS↓,20240130,6.502,no_retrace,尚未反抽,6.382,False,none,False,"[7.6, 7.67]",5.932,-3.7659,S1_TREND_FAIL
300339.SZ,20240228,down,BOS↓,20240130,21.621,retrace_fail,反抽收复(破位失败),23.501,False,bear,False,"[24.49, 25.09]",23.216,6.9058,S1_TREND_FAIL
300441.SZ,20240228,down,BOS↓,20240131,5.455,retrace_fail,反抽收复(破位失败),5.785,False,bear,False,"[6.01, 6.14]",5.668,10.9797,S1_TREND_FAIL
300768.SZ,20240228,up,CHoCH↑,20240227,12.183,no_retrace,尚未回踩,,False,none,False,"[14.87, 15.04]",12.17,-0.466,S2_NO_PULLBACK
300947.SZ,20240228,down,BOS↓,20240131,12.61,no_retrace,尚未反抽,12.32,False,none,False,"[13.25, 13.77]",11.781,-5.3216,S1_TREND_FAIL
301063.SZ,20240228,down,BOS↓,20240130,17.152,retrace_ok,反抽受限(延续下跌),17.082,False,bear,False,"[21.27, 21.62]",15.882,-0.2086,S1_TREND_FAIL
301156.SZ,20240228,down,BOS↓,20240130,8.345,retrace_ok,反抽受限(延续下跌),8.57,False,bear,False,,8.015,-3.2393,S1_TREND_FAIL
600865.SH,20240228,down,BOS↓,20240131,6.81,no_retrace,尚未反抽,6.74,False,bear,False,"[7.02, 7.2]",6.653,-4.1921,S1_TREND_FAIL
603818.SH,20240228,down,BOS↓,20240131,4.44,no_retrace,尚未反抽,4.21,False,none,False,"[5.24, 5.29]",4.019,-4.8542,S1_TREND_FAIL
605169.SH,20240228,down,BOS↓,20240131,8.846,no_retrace,尚未反抽,8.626,False,bear,False,"[10.6, 10.73]",8.104,-2.101,S1_TREND_FAIL
688381.SH,20240228,down,BOS↓,20240131,18.36,retrace_fail,反抽收复(破位失败),19.49,False,none,False,"[23.78, 24.15]",19.295,1.8496,S1_TREND_FAIL
688391.SH,20240228,down,BOS↓,20240130,23.778,retrace_fail,反抽收复(破位失败),27.405,False,bear,False,"[30.64, 31.21]",26.643,8.4521,S1_TREND_FAIL
688543.SH,20240228,down,BOS↓,20240131,23.085,retrace_fail,反抽收复(破位失败),25.21,False,bear,False,,24.814,0.337,S1_TREND_FAIL
600031.SH,20240202,up,CHoCH↑,20240126,12.435,retrace_fail,回踩跌破(突破失败),11.935,False,none,False,"[11.81, 12.02]",12.063,4.2981,S2_PULLBACK_BROKE
301305.SZ,20240301,down,BOS↓,20240131,14.651,retrace_fail,反抽收复(破位失败),15.641,False,bear,False,"[17.02, 17.19]",15.485,3.2959,S1_TREND_FAIL
001255.SZ,20240301,down,BOS↓,20240130,29.43,no_retrace,尚未反抽,28.5,False,bear,False,"[33.58, 33.99]",24.26,9.4733,S1_TREND_FAIL
603005.SH,20240301,down,BOS↓,20240130,17.22,retrace_fail,反抽收复(破位失败),18.58,True,bear,False,"[20.7, 20.95]",18.45,0.0221,S1_TREND_FAIL
603399.SH,20240301,down,BOS↓,20240130,7.6,retrace_fail,反抽收复(破位失败),8.34,False,bear,False,"[9.62, 9.77]",8.009,-1.8839,S1_TREND_FAIL
000576.SZ,20240306,up,CHoCH↑,20240305,7.46,no_retrace,尚未回踩,,False,bear,True,"[7.59, 7.72]",7.663,6.5995,S2_NO_PULLBACK
603119.SH,20240301,up,CHoCH↑,20240226,13.584,retrace_fail,回踩跌破(突破失败),12.927,False,none,False,"[12.65, 12.85]",14.158,-0.3209,S2_PULLBACK_BROKE
688558.SH,20240301,down,BOS↓,20240130,19.503,retrace_fail,反抽收复(破位失败),22.393,True,bear,False,"[25.05, 25.44]",22.153,0.9067,S1_TREND_FAIL
688651.SH,20240301,down,BOS↓,20240130,26.218,retrace_ok,反抽受限(延续下跌),26.961,True,bull,False,,24.018,9.1074,S1_TREND_FAIL
300684.SZ,20240304,up,CHoCH↑,20240301,14.376,no_retrace,尚未回踩,,False,none,False,"[12.46, 12.88]",16.376,0.9409,S2_NO_PULLBACK
603399.SH,20240304,down,BOS↓,20240130,7.6,retrace_fail,反抽收复(破位失败),8.34,False,bear,False,"[9.62, 9.77]",7.801,0.4804,S1_TREND_FAIL
688320.SH,20240304,down,BOS↓,20240131,29.09,retrace_fail,反抽收复(破位失败),35.18,True,none,False,"[23.99, 26.42]",33.036,1.726,S1_TREND_FAIL
300684.SZ,20240307,up,CHoCH↑,20240301,14.376,no_retrace,尚未回踩,14.956,False,none,False,"[12.46, 12.88]",16.519,-2.352,S2_NO_PULLBACK
000576.SZ,20240308,up,CHoCH↑,20240305,7.46,retrace_fail,回踩跌破(突破失败),7.14,True,bull,False,"[7.59, 7.72]",7.168,10.884,S2_PULLBACK_BROKE
001283.SZ,20240301,down,BOS↓,20240130,38.59,no_retrace,尚未反抽,38.26,False,none,False,"[48.65, 50.16]",34.99,16.4028,S1_TREND_FAIL
002420.SZ,20240301,down,BOS↓,20240130,4.96,no_retrace,尚未反抽,4.88,False,bear,False,"[5.05, 5.13]",4.23,8.3298,S1_TREND_FAIL
002671.SZ,20240301,down,BOS↓,20240131,4.33,retrace_ok,反抽受限(延续下跌),4.39,True,none,False,"[4.44, 4.52]",4.07,7.9373,S1_TREND_FAIL
002836.SZ,20240301,down,BOS↓,20240131,6.535,no_retrace,尚未反抽,6.465,False,bull,False,"[6.77, 6.96]",5.589,12.216,S1_TREND_FAIL
002937.SZ,20240301,down,BOS↓,20240130,19.562,retrace_fail,反抽收复(破位失败),21.812,False,bear,False,"[23.16, 23.73]",20.882,6.4823,S1_TREND_FAIL
300097.SZ,20240301,down,BOS↓,20240130,7.29,retrace_fail,反抽收复(破位失败),8.18,True,bear,False,,7.771,0.9043,S1_TREND_FAIL
300656.SZ,20240301,down,BOS↓,20240205,18.77,retrace_fail,反抽收复(破位失败),21.4,True,none,False,"[19.29, 19.72]",20.97,2.6651,S1_TREND_FAIL
301092.SZ,20240301,down,BOS↓,20240131,21.033,retrace_ok,反抽受限(延续下跌),22.073,False,bull,False,"[24.61, 24.83]",20.288,6.4621,S1_TREND_FAIL
301233.SZ,20240301,down,BOS↓,20240131,23.465,retrace_ok,反抽受限(延续下跌),23.981,False,bull,False,"[28.94, 29.54]",21.98,21.3333,S1_TREND_FAIL
601089.SH,20240301,up,CHoCH↑,20240227,13.183,retrace_ok,回踩到位(接多窗口),12.793,False,none,False,"[11.19, 11.63]",13.289,6.2709,S3_NOT_AT_POI
603626.SH,20240301,down,BOS↓,20240130,6.07,retrace_ok,反抽受限(延续下跌),6.21,True,bear,False,"[8.12, 8.37]",5.79,7.5291,S1_TREND_FAIL
605300.SH,20240301,down,BOS↓,20240131,12.994,retrace_fail,反抽收复(破位失败),13.884,False,bear,False,"[14.88, 15.12]",13.131,4.7884,S1_TREND_FAIL
688056.SH,20240301,down,BOS↓,20240130,23.996,retrace_ok,反抽受限(延续下跌),24.306,False,bull,False,,21.717,10.5807,S1_TREND_FAIL
688058.SH,20240301,down,BOS↓,20240131,25.684,retrace_fail,反抽收复(破位失败),28.971,False,bear,False,"[26.53, 27.22]",26.066,11.7626,S1_TREND_FAIL
688079.SH,20240301,down,BOS↓,20240130,8.61,retrace_ok,反抽受限(延续下跌),8.75,True,bear,False,"[11.69, 12.21]",8.26,5.883,S1_TREND_FAIL
688252.SH,20240301,down,BOS↓,20240130,13.533,retrace_fail,反抽收复(破位失败),15.053,False,none,False,"[18.34, 18.78]",14.363,8.9111,S1_TREND_FAIL
688315.SH,20240301,up,CHoCH↑,20240227,16.461,retrace_fail,回踩跌破(突破失败),14.751,False,bear,False,"[12.96, 13.72]",15.207,6.1865,S2_PULLBACK_BROKE
688362.SH,20240301,down,BOS↓,20240122,22.13,retrace_ok,反抽受限(延续下跌),23.22,True,none,False,"[22.73, 23.23]",21.7,4.2913,S1_TREND_FAIL
688478.SH,20240301,down,CHoCH↓,20240103,46.684,retrace_ok,反抽受限(延续下跌),46.614,False,bear,False,"[47.85, 48.81]",35.119,-0.5,S1_TREND_FAIL
002846.SZ,20240304,down,BOS↓,20240130,8.451,retrace_ok,反抽受限(延续下跌),8.471,True,bear,False,"[10.03, 10.16]",7.307,15.8777,S1_TREND_FAIL
300538.SZ,20240304,down,BOS↓,20240130,14.24,retrace_fail,反抽收复(破位失败),16.02,True,bear,False,"[18.69, 19.28]",15.315,3.8013,S1_TREND_FAIL
301225.SZ,20240304,up,CHoCH↑,20240227,20.059,retrace_ok,回踩到位(接多窗口),17.993,True,bear,False,"[14.76, 16.26]",20.476,2.3239,ALL_OK
600212.SH,20240304,up,CHoCH↑,20240301,6.55,no_retrace,尚未回踩,,False,bear,False,"[6.53, 6.53]",6.702,6.1177,S2_NO_PULLBACK
603222.SH,20240304,down,BOS↓,20240130,6.55,retrace_ok,反抽受限(延续下跌),6.66,True,none,False,"[9.17, 9.28]",6.257,5.234,S1_TREND_FAIL
688429.SH,20240304,down,BOS↓,20240130,17.175,retrace_ok,反抽受限(延续下跌),17.545,False,none,False,"[20.19, 20.71]",16.469,4.6685,S1_TREND_FAIL
300250.SZ,20240305,down,BOS↓,20240130,14.46,retrace_fail,反抽收复(破位失败),15.99,False,bear,False,"[16.67, 16.98]",15.424,0.5238,S1_TREND_FAIL
300825.SZ,20240305,up,CHoCH↑,20240226,11.3,retrace_ok,回踩到位(接多窗口),10.6,True,none,False,"[7.93, 8.85]",11.553,4.9274,ALL_OK
301115.SZ,20240305,down,BOS↓,20240131,15.54,retrace_fail,反抽收复(破位失败),16.5,True,bear,False,"[14.14, 14.65]",16.177,2.7059,S1_TREND_FAIL
688426.SH,20240306,down,BOS↓,20240131,21.09,retrace_fail,反抽收复(破位失败),22.67,True,bull,False,"[15.84, 17.32]",21.206,3.6674,S1_TREND_FAIL
300881.SZ,20240307,down,BOS↓,20240130,19.456,retrace_ok,反抽受限(延续下跌),19.746,True,bull,False,"[13.88, 15.12]",18.516,0.8668,S1_TREND_FAIL
688522.SH,20240307,up,CHoCH↑,20240301,14.18,retrace_ok,回踩到位(接多窗口),13.57,False,none,False,"[11.35, 11.96]",14.529,28.5373,S3_NOT_AT_POI
605122.SH,20240311,down,BOS↓,20240131,13.087,no_retrace,尚未反抽,13.007,False,bear,False,"[8.86, 9.53]",10.717,5.1876,S1_TREND_FAIL
688231.SH,20240321,down,BOS↓,20240130,13.104,retrace_ok,反抽受限(延续下跌),13.081,True,none,False,"[10.37, 10.93]",12.445,0.488,S1_TREND_FAIL
002760.SZ,20240301,down,BOS↓,20240131,17.152,retrace_ok,反抽受限(延续下跌),17.232,False,bull,False,"[21.26, 21.71]",15.238,10.3669,S1_TREND_FAIL
003003.SZ,20240301,down,BOS↓,20240201,8.576,retrace_ok,反抽受限(延续下跌),9.066,False,bull,False,"[9.06, 9.45]",7.698,13.313,S1_TREND_FAIL
300250.SZ,20240301,down,BOS↓,20240130,14.46,retrace_fail,反抽收复(破位失败),15.45,True,none,False,"[16.67, 16.98]",14.7,2.0443,S1_TREND_FAIL
300447.SZ,20240301,down,BOS↓,20240131,11.115,retrace_fail,反抽收复(破位失败),12.025,True,bear,False,"[13.64, 13.84]",11.295,9.0987,S1_TREND_FAIL
300563.SZ,20240301,down,BOS↓,20240130,11.662,retrace_ok,反抽受限(延续下跌),11.932,True,bull,False,"[14.12, 14.4]",10.892,13.7841,S1_TREND_FAIL
300884.SZ,20240301,down,BOS↓,20240130,10.068,retrace_ok,反抽受限(延续下跌),10.738,True,bear,False,"[12.2, 12.48]",9.958,5.7137,S1_TREND_FAIL
301197.SZ,20240301,down,BOS↓,20240131,14.447,no_retrace,尚未反抽,14.257,True,bear,False,"[17.58, 17.81]",12.837,9.8624,S1_TREND_FAIL
301323.SZ,20240301,down,BOS↓,20240131,27.868,retrace_ok,反抽受限(延续下跌),29.618,True,bear,False,"[34.35, 34.95]",27.468,13.029,S1_TREND_FAIL
600543.SH,20240301,down,BOS↓,20240131,5.4,retrace_ok,反抽受限(延续下跌),5.53,False,bull,False,"[5.51, 5.6]",5.178,12.4817,S1_TREND_FAIL
600843.SH,20240301,down,BOS↓,20240201,4.701,retrace_ok,反抽受限(延续下跌),4.841,False,bull,False,"[4.98, 5.21]",4.446,33.5376,S1_TREND_FAIL
605018.SH,20240301,down,BOS↓,20240131,8.516,retrace_ok,反抽受限(延续下跌),8.566,True,bear,False,"[10.22, 10.35]",7.886,9.4714,S1_TREND_FAIL
688217.SH,20240301,down,BOS↓,20240130,27.932,retrace_ok,反抽受限(延续下跌),30.532,False,none,False,"[34.1, 34.55]",25.653,6.5217,S1_TREND_FAIL
688603.SH,20240301,down,BOS↓,20240103,32.654,retrace_ok,反抽受限(延续下跌),32.649,False,bear,False,"[37.31, 38.36]",24.612,-1.5692,S1_TREND_FAIL
688616.SH,20240301,down,BOS↓,20240130,8.287,retrace_ok,反抽受限(延续下跌),8.262,False,bull,False,"[8.52, 8.71]",7.153,11.1147,S1_TREND_FAIL
002058.SZ,20240304,down,BOS↓,20240131,10.9,retrace_fail,反抽收复(破位失败),11.62,False,bear,True,"[11.31, 11.64]",11.504,0.7818,S1_TREND_FAIL
002162.SZ,20240304,down,BOS↓,20240131,3.96,retrace_fail,反抽收复(破位失败),4.35,False,bear,False,"[4.07, 4.17]",4.277,-0.5818,S1_TREND_FAIL
300214.SZ,20240304,down,BOS↓,20240131,5.261,retrace_ok,反抽受限(延续下跌),5.421,False,bear,False,"[4.28, 4.52]",5.179,12.5565,S1_TREND_FAIL
300629.SZ,20240304,down,BOS↓,20240131,16.402,retrace_fail,反抽收复(破位失败),18.292,True,bear,False,"[19.73, 19.93]",17.228,8.1391,S1_TREND_FAIL
301228.SZ,20240304,down,BOS↓,20240131,13.61,no_retrace,尚未反抽,12.96,True,bull,False,"[15.82, 15.88]",10.94,8.7277,S1_TREND_FAIL
301300.SZ,20240304,down,BOS↓,20240130,23.324,retrace_ok,反抽受限(延续下跌),23.784,False,bull,False,"[27.58, 28.12]",19.428,12.6802,S1_TREND_FAIL
301335.SZ,20240304,down,BOS↓,20240131,17.628,no_retrace,尚未反抽,17.348,True,none,False,"[18.0, 18.31]",16.234,6.6944,S1_TREND_FAIL
603219.SH,20240304,down,BOS↓,20240131,11.652,retrace_ok,反抽受限(延续下跌),11.912,True,none,False,"[12.07, 12.42]",11.446,15.8664,S1_TREND_FAIL
603980.SH,20240304,down,BOS↓,20240131,3.735,no_retrace,尚未反抽,3.695,False,bear,False,"[4.36, 4.48]",3.262,3.3618,S1_TREND_FAIL
688037.SH,20240304,down,BOS↓,20240117,77.663,retrace_fail,反抽收复(破位失败),82.237,True,none,False,"[78.58, 79.34]",79.346,0.6184,S1_TREND_FAIL
688123.SH,20240304,down,BOS↓,20240117,53.38,no_retrace,尚未反抽,52.02,False,none,False,"[54.41, 55.25]",49.5,14.0077,S1_TREND_FAIL
688229.SH,20240304,down,BOS↓,20240131,35.15,retrace_ok,反抽受限(延续下跌),35.09,True,none,False,"[36.49, 37.58]",32.195,3.4602,S1_TREND_FAIL
300970.SZ,20240305,down,BOS↓,20240131,10.418,no_retrace,尚未反抽,10.032,True,bear,False,"[7.35, 7.93]",9.197,9.4967,S1_TREND_FAIL
301009.SZ,20240305,down,BOS↓,20240130,9.28,no_retrace,尚未反抽,9.01,True,none,False,"[7.01, 7.4]",8.445,6.8719,S1_TREND_FAIL
301181.SZ,20240305,down,BOS↓,20240130,15.385,retrace_ok,反抽受限(延续下跌),16.385,True,bear,False,"[11.29, 12.4]",14.965,9.7201,S1_TREND_FAIL
301197.SZ,20240305,down,BOS↓,20240131,14.447,no_retrace,尚未反抽,14.257,False,bear,False,"[9.68, 10.67]",12.788,12.0026,S1_TREND_FAIL
301369.SZ,20240305,down,BOS↓,20240130,29.817,retrace_ok,反抽受限(延续下跌),31.28,True,none,False,,29.506,10.5234,S1_TREND_FAIL
001296.SZ,20240306,down,BOS↓,20240131,21.08,no_retrace,尚未反抽,20.5,False,bull,False,"[16.35, 17.26]",18.84,11.1376,S1_TREND_FAIL
600173.SH,20240306,down,BOS↓,20240201,4.191,retrace_ok,反抽受限(延续下跌),4.221,False,bear,False,"[3.17, 3.38]",3.651,11.7916,S1_TREND_FAIL
688120.SH,20240306,up,CHoCH↑,20240229,63.386,retrace_ok,回踩到位(接多窗口),62.612,False,bear,False,"[49.71, 52.69]",62.813,-1.0301,S3_NOT_AT_POI
688558.SH,20240306,down,BOS↓,20240130,19.503,retrace_fail,反抽收复(破位失败),23.443,True,bear,False,"[25.05, 25.44]",21.493,3.1292,S1_TREND_FAIL
002846.SZ,20240307,down,BOS↓,20240130,8.451,retrace_ok,反抽受限(延续下跌),8.471,False,bull,False,"[5.8, 6.3]",7.03,25.3099,S1_TREND_FAIL
301125.SZ,20240307,down,BOS↓,20240131,7.457,retrace_fail,反抽收复(破位失败),8.122,False,bear,False,"[7.7, 7.89]",7.924,2.1432,S1_TREND_FAIL
603818.SH,20240307,down,BOS↓,20240131,4.44,no_retrace,尚未反抽,4.21,True,bear,False,"[3.06, 3.31]",3.9,-2.1911,S1_TREND_FAIL
688291.SH,20240307,down,BOS↓,20240130,20.637,retrace_ok,反抽受限(延续下跌),21.737,True,bull,False,"[15.34, 16.73]",19.937,8.4704,S1_TREND_FAIL
001255.SZ,20240308,down,BOS↓,20240130,29.43,no_retrace,尚未反抽,28.5,True,bear,False,"[20.41, 21.8]",24.997,1.7471,S1_TREND_FAIL
002769.SZ,20240308,down,BOS↓,20240131,6.914,no_retrace,尚未反抽,6.624,False,bull,False,"[4.5, 4.94]",5.805,11.4043,S1_TREND_FAIL
003017.SZ,20240308,down,BOS↓,20240131,14.631,retrace_ok,反抽受限(延续下跌),14.873,False,bull,False,"[10.09, 11.13]",13.181,8.7436,S1_TREND_FAIL
300819.SZ,20240308,down,BOS↓,20240130,12.195,retrace_ok,反抽受限(延续下跌),12.235,False,bear,False,"[8.42, 9.14]",10.415,8.7034,S1_TREND_FAIL
603116.SH,20240308,down,CHoCH↓,20240131,4.977,no_retrace,尚未反抽,4.637,False,bull,False,"[3.56, 3.79]",4.168,5.0835,S1_TREND_FAIL
003004.SZ,20240311,up,CHoCH↑,20240308,21.782,no_retrace,尚未回踩,,False,bear,False,"[14.7, 16.24]",22.326,14.7783,S2_NO_PULLBACK
300970.SZ,20240311,down,BOS↓,20240131,10.418,no_retrace,尚未反抽,10.032,False,bull,False,"[7.35, 7.93]",9.097,6.4711,S1_TREND_FAIL
603811.SH,20240311,down,BOS↓,20240131,5.079,retrace_ok,反抽受限(延续下跌),5.507,False,bull,False,"[4.0, 4.33]",5.129,-1.5284,S1_TREND_FAIL
002820.SZ,20240312,down,BOS↓,20240131,8.864,no_retrace,尚未反抽,8.714,True,none,False,"[6.79, 7.21]",8.294,3.7275,S1_TREND_FAIL
688433.SH,20240313,down,BOS↓,20240307,21.404,retrace_fail,反抽收复(破位失败),22.774,False,bull,False,"[18.08, 19.51]",22.477,27.3555,S1_TREND_FAIL
688173.SH,20240315,up,CHoCH↑,20240305,15.6,retrace_fail,回踩跌破(突破失败),13.33,False,bull,False,"[12.41, 13.54]",13.603,-3.427,S2_PULLBACK_BROKE
002811.SZ,20240301,down,BOS↓,20240131,7.326,no_retrace,尚未反抽,7.006,False,bear,False,"[7.64, 7.9]",5.392,18.7486,S1_TREND_FAIL
300605.SZ,20240301,down,BOS↓,20240131,11.65,no_retrace,尚未反抽,11.58,True,bear,False,"[14.17, 14.43]",10.52,9.6561,S1_TREND_FAIL
300686.SZ,20240301,down,BOS↓,20240130,7.89,retrace_ok,反抽受限(延续下跌),7.93,True,bear,False,"[9.93, 10.1]",6.89,24.0795,S1_TREND_FAIL
300691.SZ,20240301,down,CHoCH↓,20240124,18.98,retrace_ok,反抽受限(延续下跌),18.93,True,bear,False,"[19.36, 19.68]",17.11,5.783,S1_TREND_FAIL
300902.SZ,20240301,down,BOS↓,20240130,19.802,retrace_fail,反抽收复(破位失败),21.418,False,bull,False,,19.661,9.4546,S1_TREND_FAIL
301486.SZ,20240301,down,BOS↓,20240130,34.546,retrace_ok,反抽受限(延续下跌),37.056,True,bear,False,"[43.61, 44.64]",33.166,16.3549,S1_TREND_FAIL
600067.SH,20240301,down,BOS↓,20240202,1.925,no_retrace,尚未反抽,1.865,False,none,False,"[2.32, 2.35]",1.718,2.9324,S1_TREND_FAIL
600080.SH,20240301,up,CHoCH↑,20240226,7.142,retrace_ok,回踩到位(接多窗口),7.122,False,bear,False,"[7.4, 7.51]",7.348,-2.1082,S3_NOT_AT_POI
600183.SH,20240301,down,BOS↓,20240122,14.12,retrace_fail,反抽收复(破位失败),15.08,True,bear,False,"[15.14, 15.18]",14.84,0.5686,S1_TREND_FAIL
603217.SH,20240301,down,CHoCH↓,20240129,15.679,no_retrace,尚未反抽,15.379,True,bull,False,"[17.0, 18.09]",14.215,6.7864,S1_TREND_FAIL
603321.SH,20240301,down,BOS↓,20240131,6.765,no_retrace,尚未反抽,6.665,True,bull,False,,6.054,8.5213,S1_TREND_FAIL
688123.SH,20240301,down,BOS↓,20240117,53.38,no_retrace,尚未反抽,52.02,True,bear,False,"[54.41, 55.25]",47.79,21.0033,S1_TREND_FAIL
688528.SH,20240301,down,BOS↓,20240130,8.7,retrace_ok,反抽受限(延续下跌),8.82,True,bull,False,,7.44,14.3556,S1_TREND_FAIL
001222.SZ,20240304,down,BOS↓,20240130,13.25,no_retrace,尚未反抽,12.8,False,bear,False,"[14.49, 14.86]",11.92,3.9574,S1_TREND_FAIL
001259.SZ,20240304,down,CHoCH↓,20240130,27.2,retrace_fail,反抽收复(破位失败),31.17,False,bull,False,"[28.46, 29.48]",27.492,-7.9951,S1_TREND_FAIL
002452.SZ,20240304,down,CHoCH↓,20240119,6.702,no_retrace,尚未反抽,6.632,False,bear,False,"[6.76, 6.81]",5.872,10.9025,S1_TREND_FAIL
002821.SZ,20240304,down,BOS↓,20240117,99.327,retrace_ok,反抽受限(延续下跌),102.427,False,none,False,,97.877,-4.6211,S1_TREND_FAIL
300132.SZ,20240304,down,BOS↓,20240131,4.22,no_retrace,尚未反抽,4.07,True,bear,False,"[5.15, 5.19]",3.772,7.223,S1_TREND_FAIL
300259.SZ,20240304,down,BOS↓,20240131,2.817,retrace_fail,反抽收复(破位失败),3.007,True,none,False,"[2.27, 2.43]",2.918,5.3973,S1_TREND_FAIL
300658.SZ,20240304,down,BOS↓,20240130,5.618,retrace_ok,反抽受限(延续下跌),5.598,True,bear,False,"[6.62, 6.92]",4.829,7.6347,S1_TREND_FAIL
300836.SZ,20240304,down,BOS↓,20240131,14.658,retrace_ok,反抽受限(延续下跌),15.832,False,bull,False,"[9.87, 11.17]",13.533,20.191,S1_TREND_FAIL
300877.SZ,20240304,down,BOS↓,20240131,14.122,no_retrace,尚未反抽,13.752,False,bear,False,"[16.88, 17.02]",12.258,12.0064,S1_TREND_FAIL
301115.SZ,20240304,down,BOS↓,20240131,15.54,retrace_fail,反抽收复(破位失败),16.5,True,bear,False,,16.0,3.0308,S1_TREND_FAIL
301156.SZ,20240304,down,BOS↓,20240130,8.345,retrace_ok,反抽受限(延续下跌),8.57,False,bull,False,,7.491,11.599,S1_TREND_FAIL
301176.SZ,20240304,down,BOS↓,20240130,12.78,no_retrace,尚未反抽,12.7,True,none,False,"[15.86, 16.11]",11.444,9.4159,S1_TREND_FAIL
301190.SZ,20240304,down,BOS↓,20240201,15.577,retrace_ok,反抽受限(延续下跌),16.017,False,bear,False,"[13.4, 13.92]",14.936,5.8067,S1_TREND_FAIL
301321.SZ,20240304,down,BOS↓,20240130,14.56,no_retrace,尚未反抽,14.46,False,none,False,"[17.15, 17.68]",14.4,5.0753,S1_TREND_FAIL
600080.SH,20240304,up,CHoCH↑,20240226,7.142,retrace_ok,回踩到位(接多窗口),7.122,False,bull,False,"[7.4, 7.51]",7.179,-0.3648,ALL_OK
600543.SH,20240304,down,BOS↓,20240131,5.4,retrace_ok,反抽受限(延续下跌),5.53,True,bear,False,"[5.51, 5.6]",5.2,13.0732,S1_TREND_FAIL
603116.SH,20240304,down,CHoCH↓,20240131,4.977,no_retrace,尚未反抽,4.637,False,bull,False,"[5.6, 5.82]",4.106,8.3871,S1_TREND_FAIL
603321.SH,20240304,down,BOS↓,20240131,6.765,no_retrace,尚未反抽,6.665,True,bull,False,,6.004,8.9189,S1_TREND_FAIL
603726.SH,20240304,down,BOS↓,20240131,11.155,no_retrace,尚未反抽,11.045,True,bull,False,"[13.2, 13.33]",10.595,6.4765,S1_TREND_FAIL
603879.SH,20240304,down,BOS↓,20240131,5.29,no_retrace,尚未反抽,5.19,True,bull,False,"[5.45, 5.57]",4.465,41.9374,S1_TREND_FAIL
605388.SH,20240304,down,BOS↓,20240130,6.861,retrace_ok,反抽受限(延续下跌),6.847,False,bear,False,"[8.5, 8.5]",6.197,4.8757,S1_TREND_FAIL
688129.SH,20240304,down,BOS↓,20240131,12.422,retrace_ok,反抽受限(延续下跌),13.352,False,bear,False,"[15.35, 15.59]",11.793,8.7325,S1_TREND_FAIL
688420.SH,20240304,down,BOS↓,20240202,21.664,retrace_fail,反抽收复(破位失败),24.014,False,bear,True,"[22.25, 22.73]",22.319,2.8441,S1_TREND_FAIL
688519.SH,20240304,down,BOS↓,20240103,23.772,retrace_ok,反抽受限(延续下跌),24.202,False,bear,False,"[23.81, 23.85]",17.832,24.6398,S1_TREND_FAIL
300132.SZ,20240305,down,BOS↓,20240131,4.22,no_retrace,尚未反抽,4.07,False,bear,False,"[2.92, 3.17]",3.752,10.7157,S1_TREND_FAIL
300005.SZ,20240306,down,BOS↓,20240131,5.086,retrace_ok,反抽受限(延续下跌),5.376,False,bear,False,"[3.89, 4.21]",4.877,13.1121,S1_TREND_FAIL
688455.SH,20240306,down,BOS↓,20240130,10.33,retrace_ok,反抽受限(延续下跌),10.29,False,bull,False,"[7.92, 8.44]",9.24,7.7009,S1_TREND_FAIL
301130.SZ,20240307,down,BOS↓,20240131,21.619,retrace_ok,反抽受限(延续下跌),23.349,False,bull,False,"[26.73, 26.99]",21.383,7.4225,S1_TREND_FAIL
603655.SH,20240307,down,BOS↓,20240131,15.99,retrace_ok,反抽受限(延续下跌),16.32,False,bear,False,"[10.88, 12.07]",14.405,11.8046,S1_TREND_FAIL
002820.SZ,20240311,down,BOS↓,20240131,8.864,no_retrace,尚未反抽,8.714,False,bear,False,"[6.79, 7.21]",8.034,8.3951,S1_TREND_FAIL
601089.SH,20240311,up,CHoCH↑,20240227,13.183,retrace_ok,回踩到位(接多窗口),12.793,True,bear,False,"[11.29, 11.8]",13.323,1.9973,ALL_OK
688528.SH,20240311,down,BOS↓,20240130,8.7,retrace_ok,反抽受限(延续下跌),8.82,True,none,False,"[5.53, 6.13]",7.6,6.0609,S1_TREND_FAIL
001231.SZ,20240312,down,BOS↓,20240131,17.7,no_retrace,尚未反抽,16.8,True,bear,False,"[12.08, 13.08]",15.09,5.2152,S1_TREND_FAIL
300885.SZ,20240312,down,BOS↓,20240131,7.929,retrace_ok,反抽受限(延续下跌),8.079,True,bear,False,"[4.84, 5.55]",7.239,-3.1571,S1_TREND_FAIL
301126.SZ,20240312,down,BOS↓,20240131,10.566,no_retrace,尚未反抽,10.146,True,bear,False,"[7.19, 7.78]",8.966,2.7391,S1_TREND_FAIL
301148.SZ,20240312,down,BOS↓,20240131,17.153,no_retrace,尚未反抽,16.583,True,bear,False,"[11.95, 12.96]",15.113,11.7574,S1_TREND_FAIL
301313.SZ,20240320,up,CHoCH↑,20240304,27.601,retrace_ok,回踩到位(接多窗口),26.261,False,bull,False,"[23.42, 24.68]",28.384,0.4828,ALL_OK
300819.SZ,20240325,up,CHoCH↑,20240314,11.185,retrace_ok,回踩到位(接多窗口),10.795,False,bear,False,"[8.51, 9.29]",11.499,5.0346,S3_NOT_AT_POI
688515.SH,20240328,up,CHoCH↑,20240311,69.59,no_retrace,尚未回踩,70.01,False,none,True,"[68.39, 74.7]",73.6,-17.5801,S2_NO_PULLBACK
301166.SZ,20240329,down,BOS↓,20240131,28.609,retrace_fail,反抽收复(破位失败),34.209,False,bear,False,"[23.51, 25.14]",28.609,-3.365,S1_TREND_FAIL
603219.SH,20240301,down,BOS↓,20240131,11.652,retrace_ok,反抽受限(延续下跌),11.912,True,none,False,"[12.07, 12.42]",10.972,24.3229,S1_TREND_FAIL
300124.SZ,20240304,up,CHoCH↑,20240205,57.66,no_retrace,尚未回踩,58.07,False,bear,False,"[54.9, 57.09]",63.63,1.7176,S2_NO_PULLBACK
688072.SH,20240322,up,CHoCH↑,20240229,133.82,retrace_ok,回踩到位(接多窗口),133.726,False,bear,False,"[135.72, 137.36]",142.516,-1.544,S3_NOT_AT_POI
601689.SH,20240325,up,CHoCH↑,20240314,40.573,retrace_ok,回踩到位(接多窗口),39.304,False,bear,False,"[37.25, 38.39]",41.39,0.396,S3_NOT_AT_POI
688282.SH,20240325,up,CHoCH↑,20240315,24.59,no_retrace,尚未回踩,25.9,True,bull,False,"[17.16, 18.77]",28.215,-17.5726,S2_NO_PULLBACK
688165.SH,20240329,up,BOS↑,20240318,9.84,retrace_ok,回踩到位(接多窗口),9.56,True,none,False,"[7.21, 8.01]",9.969,-17.8902,ALL_OK
301041.SZ,20240412,down,CHoCH↓,20240410,22.034,retrace_ok,反抽受限(延续下跌),22.214,False,bull,False,"[16.22, 19.56]",21.894,-3.2129,S1_TREND_FAIL
688433.SH,20240415,down,CHoCH↓,20240412,23.304,no_retrace,尚未反抽,,False,bear,False,"[24.4, 25.29]",22.774,-4.8695,S1_TREND_FAIL
002726.SZ,20240417,up,CHoCH↑,20240409,7.12,retrace_ok,回踩到位(接多窗口),7.0,False,bear,False,"[6.8, 6.95]",7.247,-6.553,S3_NOT_AT_POI
300759.SZ,20240430,down,BOS↓,20240412,18.521,retrace_fail,反抽收复(破位失败),19.641,False,none,False,"[21.7, 22.27]",19.157,11.9649,S1_TREND_FAIL
688550.SH,20240408,down,CHoCH↓,20240401,25.976,no_retrace,尚未反抽,25.76,False,none,False,"[26.55, 27.03]",25.449,-2.9917,S1_TREND_FAIL
301156.SZ,20240410,up,BOS↑,20240409,8.926,no_retrace,尚未回踩,,True,bear,False,"[7.38, 7.75]",8.861,-14.4973,S2_NO_PULLBACK
001209.SZ,20240412,up,CHoCH↑,20240402,15.55,retrace_fail,回踩跌破(突破失败),14.81,True,bull,False,"[15.12, 15.22]",15.098,-4.5809,S2_PULLBACK_BROKE
600400.SH,20240417,up,CHoCH↑,20240326,2.55,retrace_fail,回踩跌破(突破失败),2.41,False,none,False,"[2.49, 2.58]",2.386,11.4839,S2_PULLBACK_BROKE
301429.SZ,20240419,up,CHoCH↑,20240418,14.617,no_retrace,尚未回踩,,False,none,False,"[13.54, 13.78]",14.481,2.3244,S2_NO_PULLBACK
300470.SZ,20240426,up,CHoCH↑,20240425,31.163,no_retrace,尚未回踩,,False,none,False,"[27.95, 29.09]",31.129,3.8176,S2_NO_PULLBACK
688580.SH,20240430,down,BOS↓,20240412,31.302,retrace_ok,反抽受限(延续下跌),31.79,True,bull,False,"[31.91, 32.41]",29.457,0.9471,S1_TREND_FAIL
002782.SZ,20240408,down,CHoCH↓,20240327,10.692,retrace_ok,反抽受限(延续下跌),11.032,False,bear,False,"[10.96, 11.18]",10.397,-5.3465,S1_TREND_FAIL
301246.SZ,20240409,down,CHoCH↓,20240320,20.821,no_retrace,尚未反抽,19.671,True,none,False,"[21.17, 21.46]",17.221,-4.2764,S1_TREND_FAIL
300875.SZ,20240410,up,BOS↑,20240401,32.8,retrace_fail,回踩跌破(突破失败),28.15,False,none,False,"[28.73, 30.31]",28.136,-9.8062,S2_PULLBACK_BROKE
301533.SZ,20240410,down,CHoCH↓,20240408,27.409,retrace_fail,反抽收复(破位失败),27.689,True,bear,False,"[28.3, 29.02]",28.129,3.0914,S1_TREND_FAIL
688472.SH,20240410,down,BOS↓,20240408,11.723,retrace_fail,反抽收复(破位失败),11.853,False,none,False,"[12.88, 13.18]",11.606,-1.4617,S1_TREND_FAIL
301227.SZ,20240411,up,CHoCH↑,20240402,19.846,retrace_fail,回踩跌破(突破失败),18.252,False,none,False,"[17.63, 18.11]",19.382,-9.0657,S2_PULLBACK_BROKE
603980.SH,20240411,up,CHoCH↑,20240401,3.525,retrace_ok,回踩到位(接多窗口),3.415,False,bull,False,"[3.24, 3.39]",3.5,-0.1829,ALL_OK
300481.SZ,20240412,up,CHoCH↑,20240401,13.186,retrace_fail,回踩跌破(突破失败),12.086,False,bull,True,"[12.04, 12.56]",12.126,7.172,S2_PULLBACK_BROKE
300801.SZ,20240416,up,CHoCH↑,20240402,13.805,retrace_fail,回踩跌破(突破失败),13.185,False,bull,False,"[13.37, 13.8]",13.281,-6.1549,S2_PULLBACK_BROKE
000795.SZ,20240418,up,BOS↑,20240402,5.439,retrace_fail,回踩跌破(突破失败),5.099,True,bull,False,"[5.18, 5.33]",5.355,6.3858,S2_PULLBACK_BROKE
301130.SZ,20240418,down,CHoCH↓,20240416,22.319,retrace_fail,反抽收复(破位失败),22.949,False,bull,False,"[22.75, 23.09]",22.7,6.7722,S1_TREND_FAIL
301335.SZ,20240418,down,BOS↓,20240415,17.108,retrace_fail,反抽收复(破位失败),17.868,True,bear,False,"[17.04, 17.37]",17.432,-4.8306,S1_TREND_FAIL
603755.SH,20240418,down,CHoCH↓,20240416,19.287,retrace_fail,反抽收复(破位失败),20.507,False,bear,False,"[20.16, 20.88]",19.887,10.7912,S1_TREND_FAIL
301263.SZ,20240424,down,BOS↓,20240415,10.61,retrace_ok,反抽受限(延续下跌),10.944,False,bear,False,"[10.69, 10.78]",10.652,3.2607,S1_TREND_FAIL
300102.SZ,20240425,down,BOS↓,20240422,5.916,retrace_fail,反抽收复(破位失败),6.086,False,bear,False,"[6.76, 6.89]",6.146,-0.3998,S1_TREND_FAIL
301171.SZ,20240426,down,BOS↓,20240403,12.731,retrace_ok,反抽受限(延续下跌),12.669,False,bull,False,"[14.66, 15.19]",12.337,1.0451,S1_TREND_FAIL
300158.SZ,20240430,down,BOS↓,20240408,4.72,retrace_ok,反抽受限(延续下跌),4.76,False,none,False,"[3.98, 4.27]",4.66,2.8127,S1_TREND_FAIL
603233.SH,20240403,down,CHoCH↓,20240322,19.63,retrace_ok,反抽受限(延续下跌),20.06,False,none,False,"[19.69, 20.03]",19.51,-0.9661,S1_TREND_FAIL
688183.SH,20240403,up,BOS↑,20240318,8.844,retrace_fail,回踩跌破(突破失败),7.764,False,none,True,"[7.98, 8.32]",8.023,2.6642,S2_PULLBACK_BROKE
301021.SZ,20240408,up,CHoCH↑,20240318,19.081,retrace_fail,回踩跌破(突破失败),16.881,False,bear,True,"[17.33, 18.41]",17.89,-9.3871,S2_PULLBACK_BROKE
301095.SZ,20240412,down,BOS↓,20240410,49.927,retrace_ok,反抽受限(延续下跌),50.317,False,bull,False,"[51.92, 53.55]",50.027,-3.4157,S1_TREND_FAIL
002932.SZ,20240418,up,CHoCH↑,20240320,18.981,retrace_ok,回踩到位(接多窗口),17.971,False,bull,True,"[18.74, 19.25]",18.831,4.3182,ALL_OK
688371.SH,20240418,down,BOS↓,20240415,10.361,retrace_ok,反抽受限(延续下跌),10.321,True,bear,False,"[10.76, 11.09]",10.188,-2.9182,S1_TREND_FAIL
300080.SZ,20240430,down,BOS↓,20240415,4.28,no_retrace,尚未反抽,4.12,False,bear,False,"[4.17, 4.25]",4.079,-5.0194,S1_TREND_FAIL
300786.SZ,20240430,down,CHoCH↓,20240408,12.87,retrace_ok,反抽受限(延续下跌),13.01,True,bear,False,"[13.3, 13.65]",11.751,1.4576,S1_TREND_FAIL
002426.SZ,20240507,down,BOS↓,20240410,1.71,retrace_fail,反抽收复(破位失败),1.8,False,bull,False,"[1.74, 1.76]",1.713,2.3564,S1_TREND_FAIL
688202.SH,20240509,down,CHoCH↓,20240408,40.7,retrace_fail,反抽收复(破位失败),41.97,False,bear,True,"[41.22, 43.39]",41.313,-19.3939,S1_TREND_FAIL
688502.SH,20240516,up,CHoCH↑,20240429,93.733,retrace_fail,回踩跌破(突破失败),83.813,True,bear,False,"[85.09, 87.56]",92.766,2.6965,S2_PULLBACK_BROKE
600666.SH,20240524,down,BOS↓,20240521,1.37,retrace_fail,反抽收复(破位失败),1.44,True,none,True,"[1.42, 1.45]",1.426,-6.1923,S1_TREND_FAIL
000757.SZ,20240506,up,CHoCH↑,20240429,3.29,retrace_fail,回踩跌破(突破失败),3.23,True,bear,False,"[2.81, 2.91]",3.3,-3.424,S2_PULLBACK_BROKE
002602.SZ,20240506,down,BOS↓,20240422,4.11,retrace_fail,反抽收复(破位失败),4.71,True,bull,False,"[4.73, 4.82]",4.69,-14.9458,S1_TREND_FAIL
600530.SH,20240520,up,CHoCH↑,20240516,2.058,no_retrace,尚未回踩,2.208,False,bull,False,,2.318,5.1973,S2_NO_PULLBACK
301428.SZ,20240530,up,CHoCH↑,20240523,26.952,retrace_fail,回踩跌破(突破失败),25.302,True,bull,False,"[24.99, 25.56]",26.138,4.4456,S2_PULLBACK_BROKE
002583.SZ,20240506,up,CHoCH↑,20240429,4.07,no_retrace,尚未回踩,4.12,False,bear,False,"[3.52, 3.64]",4.32,-1.3239,S2_NO_PULLBACK
300700.SZ,20240506,down,CHoCH↓,20240408,8.64,retrace_ok,反抽受限(延续下跌),8.64,True,bear,False,"[8.42, 8.74]",7.73,0.1166,S1_TREND_FAIL
001267.SZ,20240508,down,BOS↓,20240410,3.88,retrace_fail,反抽收复(破位失败),4.01,False,bear,False,"[4.05, 4.07]",3.93,8.6069,S1_TREND_FAIL
300138.SZ,20240510,down,CHoCH↓,20240410,11.16,no_retrace,尚未反抽,10.6,False,bull,False,"[11.47, 11.72]",10.32,-9.5868,S1_TREND_FAIL
300759.SZ,20240510,down,BOS↓,20240412,18.521,retrace_fail,反抽收复(破位失败),20.711,False,bear,False,"[21.7, 22.27]",20.211,0.6372,S1_TREND_FAIL
688084.SH,20240517,down,BOS↓,20240408,48.702,no_retrace,尚未反抽,47.202,False,none,True,"[40.76, 41.8]",40.992,19.6201,S1_TREND_FAIL
002289.SZ,20240520,down,BOS↓,20240508,3.37,retrace_fail,反抽收复(破位失败),3.5,True,bull,False,"[3.46, 3.54]",3.68,0.6579,S1_TREND_FAIL
300143.SZ,20240506,down,BOS↓,20240412,6.205,retrace_fail,反抽收复(破位失败),6.405,False,bull,False,"[6.31, 6.39]",6.513,0.4139,S1_TREND_FAIL
300335.SZ,20240507,down,CHoCH↓,20240416,4.07,retrace_fail,反抽收复(破位失败),4.25,True,bear,False,"[3.85, 3.99]",4.178,7.4642,S1_TREND_FAIL
301313.SZ,20240508,down,BOS↓,20240408,24.871,retrace_ok,反抽受限(延续下跌),25.441,True,bear,False,"[24.23, 26.15]",23.563,-0.1965,S1_TREND_FAIL
600778.SH,20240508,down,CHoCH↓,20240415,4.56,retrace_ok,反抽受限(延续下跌),4.68,False,bear,False,"[4.53, 4.65]",4.475,-0.9529,S1_TREND_FAIL
688184.SH,20240508,up,CHoCH↑,20240507,16.44,no_retrace,尚未回踩,,True,none,False,"[17.5, 17.71]",16.325,-0.1891,S2_NO_PULLBACK
600337.SH,20240509,down,CHoCH↓,20240416,2.358,retrace_ok,反抽受限(延续下跌),2.438,False,none,False,"[2.22, 2.26]",2.318,-4.7052,S1_TREND_FAIL
000989.SZ,20240510,down,BOS↓,20240426,8.26,retrace_ok,反抽受限(延续下跌),8.24,False,bear,False,"[8.38, 8.47]",8.06,-9.7704,S1_TREND_FAIL
688677.SH,20240510,down,CHoCH↓,20240402,50.398,no_retrace,尚未反抽,49.658,False,none,False,"[49.8, 51.17]",45.399,-9.8115,S1_TREND_FAIL
688677.SH,20240516,down,CHoCH↓,20240402,50.398,no_retrace,尚未反抽,49.658,False,bear,False,"[49.8, 51.17]",42.825,-4.3788,S1_TREND_FAIL
000607.SZ,20240507,down,CHoCH↓,20240410,4.071,retrace_ok,反抽受限(延续下跌),4.201,True,bear,False,"[4.13, 4.17]",3.941,-3.6919,S1_TREND_FAIL
002488.SZ,20240507,up,CHoCH↑,20240429,5.438,retrace_ok,回踩到位(接多窗口),5.358,False,bear,False,"[4.54, 4.84]",5.443,-5.8091,S3_NOT_AT_POI
300575.SZ,20240507,down,BOS↓,20240416,5.65,retrace_fail,反抽收复(破位失败),6.14,True,bear,False,"[5.34, 5.52]",6.12,1.8669,S1_TREND_FAIL
300821.SZ,20240507,up,CHoCH↑,20240506,7.945,no_retrace,尚未回踩,,False,bear,False,"[7.47, 7.57]",7.995,1.4726,S2_NO_PULLBACK
003016.SZ,20240508,down,CHoCH↓,20240415,6.465,retrace_fail,反抽收复(破位失败),6.665,True,bear,False,"[6.66, 6.83]",6.559,4.1841,S1_TREND_FAIL
301037.SZ,20240508,up,CHoCH↑,20240507,10.629,no_retrace,尚未回踩,,False,bear,False,"[10.02, 10.29]",10.537,-0.1372,S2_NO_PULLBACK
600180.SH,20240508,down,BOS↓,20240415,4.752,retrace_ok,反抽受限(延续下跌),4.742,True,bear,False,"[4.32, 4.41]",4.622,0.3775,S1_TREND_FAIL
688420.SH,20240508,down,BOS↓,20240415,21.224,retrace_fail,反抽收复(破位失败),22.544,False,none,False,"[21.53, 21.77]",22.071,-3.3257,S1_TREND_FAIL
300903.SZ,20240509,down,BOS↓,20240410,7.14,retrace_ok,反抽受限(延续下跌),7.13,False,bull,False,"[7.53, 7.64]",6.94,4.3457,S1_TREND_FAIL
301057.SZ,20240509,down,CHoCH↓,20240416,11.188,retrace_fail,反抽收复(破位失败),12.438,True,bull,False,"[11.57, 11.88]",12.248,0.7247,S1_TREND_FAIL
603153.SH,20240509,down,CHoCH↓,20240411,17.649,retrace_fail,反抽收复(破位失败),19.819,False,bear,False,"[16.29, 17.06]",18.304,-7.8974,S1_TREND_FAIL
301313.SZ,20240506,down,BOS↓,20240408,24.871,retrace_ok,反抽受限(延续下跌),25.441,True,bear,False,"[24.23, 26.15]",23.621,0.403,S1_TREND_FAIL
600703.SH,20240507,down,BOS↓,20240408,11.882,retrace_fail,反抽收复(破位失败),12.762,False,bull,False,"[12.97, 13.05]",12.417,-0.4045,S1_TREND_FAIL
002426.SZ,20240510,down,BOS↓,20240410,1.71,retrace_fail,反抽收复(破位失败),1.8,False,none,False,"[1.74, 1.76]",1.703,1.3093,S1_TREND_FAIL
601929.SH,20240606,down,BOS↓,20240527,1.3,no_retrace,尚未反抽,1.29,False,bear,False,"[1.29, 1.31]",1.138,-12.5406,S1_TREND_FAIL
605338.SH,20240617,down,CHoCH↓,20240523,14.6,retrace_ok,反抽受限(延续下跌),14.72,False,bear,False,"[14.81, 14.98]",13.038,-9.6896,S1_TREND_FAIL
600653.SH,20240603,down,BOS↓,20240521,1.39,retrace_fail,反抽收复(破位失败),1.4,False,none,False,"[1.41, 1.42]",1.48,4.6576,S1_TREND_FAIL
301169.SZ,20240605,down,BOS↓,20240523,30.47,retrace_ok,反抽受限(延续下跌),30.36,False,none,False,"[30.9, 31.25]",27.591,-2.8396,S1_TREND_FAIL
002445.SZ,20240613,down,BOS↓,20240527,1.79,retrace_ok,反抽受限(延续下跌),1.8,False,none,False,"[1.92, 1.94]",1.762,-1.0907,S1_TREND_FAIL
605151.SH,20240613,down,BOS↓,20240605,14.86,retrace_fail,反抽收复(破位失败),15.58,False,bear,False,"[15.34, 15.39]",15.127,-3.574,S1_TREND_FAIL
600022.SH,20240617,down,BOS↓,20240523,1.26,retrace_ok,反抽受限(延续下跌),1.27,False,none,False,,1.238,0.2857,S1_TREND_FAIL
002702.SZ,20240620,up,CHoCH↑,20240619,3.77,no_retrace,尚未回踩,,True,none,False,"[4.28, 4.33]",3.802,-3.5921,S2_NO_PULLBACK
688455.SH,20240620,down,BOS↓,20240531,8.7,retrace_ok,反抽受限(延续下跌),8.69,False,bear,False,"[8.78, 8.85]",8.306,-3.8374,S1_TREND_FAIL
300019.SZ,20240621,down,CHoCH↓,20240422,12.9,retrace_fail,反抽收复(破位失败),14.27,False,bear,False,"[12.51, 12.89]",13.226,-7.8939,S1_TREND_FAIL
600234.SH,20240613,down,BOS↓,20240607,1.98,retrace_fail,反抽收复(破位失败),2.04,False,none,False,,2.14,0.2997,S1_TREND_FAIL
002105.SZ,20240617,down,BOS↓,20240528,4.72,retrace_ok,反抽受限(延续下跌),4.78,True,none,True,"[4.22, 4.42]",4.247,4.133,S1_TREND_FAIL
600307.SH,20240617,down,BOS↓,20240524,1.3,retrace_ok,反抽受限(延续下跌),1.3,False,bear,False,"[1.36, 1.36]",1.218,-0.2113,S1_TREND_FAIL
601005.SH,20240617,down,BOS↓,20240613,1.08,retrace_fail,反抽收复(破位失败),1.13,False,none,False,"[1.24, 1.25]",1.109,-4.535,S1_TREND_FAIL
603333.SH,20240619,down,BOS↓,20240603,3.58,no_retrace,尚未反抽,3.43,False,bear,False,"[3.61, 3.66]",3.257,-7.6647,S1_TREND_FAIL
002271.SZ,20240603,up,CHoCH↑,20240516,16.61,retrace_fail,回踩跌破(突破失败),14.68,False,bear,True,"[13.77, 14.69]",14.602,-8.4132,S2_PULLBACK_BROKE
688591.SH,20240606,down,BOS↓,20240408,19.523,retrace_ok,反抽受限(延续下跌),19.823,True,bear,False,"[16.94, 17.42]",17.724,8.345,S1_TREND_FAIL
002367.SZ,20240614,down,CHoCH↓,20240523,6.291,retrace_ok,反抽受限(延续下跌),6.29,False,none,False,"[6.39, 6.47]",5.564,-2.7998,S1_TREND_FAIL
688737.SH,20240614,down,BOS↓,20240603,18.06,retrace_ok,反抽受限(延续下跌),18.08,False,none,False,"[18.33, 19.02]",17.216,-8.0519,S1_TREND_FAIL
600130.SH,20240617,down,BOS↓,20240604,3.18,retrace_fail,反抽收复(破位失败),3.22,False,bear,False,"[3.25, 3.3]",3.18,-0.086,S1_TREND_FAIL
688576.SH,20240619,down,BOS↓,20240523,43.982,retrace_ok,反抽受限(延续下跌),43.78,False,none,False,"[44.67, 45.37]",39.132,-5.9309,S1_TREND_FAIL
002203.SZ,20240620,down,BOS↓,20240603,8.45,retrace_ok,反抽受限(延续下跌),8.44,False,none,False,"[8.94, 9.05]",8.197,-5.2922,S1_TREND_FAIL
301115.SZ,20240604,up,CHoCH↑,20240528,15.94,retrace_fail,回踩跌破(突破失败),15.15,False,none,False,"[15.52, 15.81]",15.295,-2.738,S2_PULLBACK_BROKE
600576.SH,20240605,down,BOS↓,20240527,5.32,retrace_ok,反抽受限(延续下跌),5.32,False,none,False,"[5.44, 5.53]",5.089,-2.3336,S1_TREND_FAIL
002132.SZ,20240614,down,BOS↓,20240603,2.5,no_retrace,尚未反抽,2.42,True,none,False,"[2.64, 2.66]",2.198,-3.0244,S1_TREND_FAIL
301207.SZ,20240614,down,BOS↓,20240521,18.546,no_retrace,尚未反抽,18.116,False,none,False,"[19.07, 19.5]",16.686,-5.6631,S1_TREND_FAIL
600699.SH,20240614,down,CHoCH↓,20240523,15.407,retrace_ok,反抽受限(延续下跌),15.407,False,bull,False,"[14.74, 14.88]",14.995,0.4238,S1_TREND_FAIL
601880.SH,20240614,down,BOS↓,20240529,1.329,retrace_ok,反抽受限(延续下跌),1.329,True,none,False,"[1.34, 1.35]",1.229,-1.4729,S1_TREND_FAIL
300597.SZ,20240617,down,BOS↓,20240604,6.882,no_retrace,尚未反抽,6.772,False,bear,False,"[6.98, 7.06]",6.675,10.8356,S1_TREND_FAIL
688455.SH,20240617,down,BOS↓,20240531,8.7,retrace_ok,反抽受限(延续下跌),8.69,True,bull,False,"[8.78, 8.85]",7.9,1.1136,S1_TREND_FAIL
000672.SZ,20240619,down,CHoCH↓,20240603,5.229,no_retrace,尚未反抽,5.139,False,bull,False,"[5.31, 5.4]",4.914,1.2249,S1_TREND_FAIL
002132.SZ,20240619,down,BOS↓,20240603,2.5,no_retrace,尚未反抽,2.42,True,none,False,"[2.64, 2.66]",2.25,-6.6096,S1_TREND_FAIL
688236.SH,20240619,down,BOS↓,20240617,14.628,retrace_ok,反抽受限(延续下跌),14.758,False,none,False,"[18.31, 19.36]",14.422,-1.4751,S1_TREND_FAIL
000510.SZ,20240620,down,BOS↓,20240521,3.78,retrace_ok,反抽受限(延续下跌),3.77,True,bear,False,"[3.56, 3.66]",2.95,0.0041,S1_TREND_FAIL
000672.SZ,20240620,down,CHoCH↓,20240603,5.229,no_retrace,尚未反抽,5.139,False,bull,False,"[5.31, 5.4]",4.885,2.0385,S1_TREND_FAIL
603153.SH,20240620,down,BOS↓,20240605,16.809,retrace_fail,反抽收复(破位失败),17.039,True,bear,False,"[17.93, 18.17]",16.7,-6.183,S1_TREND_FAIL
603863.SH,20240620,down,CHoCH↓,20240524,40.01,no_retrace,尚未反抽,39.74,False,bull,False,"[36.74, 38.49]",18.226,4.4413,S1_TREND_FAIL
688232.SH,20240620,down,BOS↓,20240606,19.293,retrace_fail,反抽收复(破位失败),20.34,False,none,True,"[19.64, 19.93]",19.67,-4.4588,S1_TREND_FAIL
301248.SZ,20240606,down,CHoCH↓,20240605,13.191,no_retrace,尚未反抽,,False,bull,False,"[14.17, 14.97]",13.018,-3.1481,S1_TREND_FAIL
002932.SZ,20240611,down,BOS↓,20240604,17.341,retrace_fail,反抽收复(破位失败),17.749,False,none,True,"[17.48, 17.59]",17.502,-2.6753,S1_TREND_FAIL
002570.SZ,20240614,down,BOS↓,20240523,3.09,no_retrace,尚未反抽,3.05,True,none,False,"[3.12, 3.14]",2.564,-6.2309,S1_TREND_FAIL
000882.SZ,20240617,down,CHoCH↓,20240603,1.3,no_retrace,尚未反抽,1.27,False,none,True,"[1.11, 1.15]",1.138,-9.5978,S1_TREND_FAIL
300841.SZ,20240618,down,CHoCH↓,20240523,59.023,retrace_ok,反抽受限(延续下跌),59.403,False,bull,False,"[54.17, 56.4]",53.513,-3.427,S1_TREND_FAIL
000795.SZ,20240619,down,BOS↓,20240605,5.465,retrace_ok,反抽受限(延续下跌),5.475,False,bull,False,"[5.53, 5.59]",5.331,-4.7738,S1_TREND_FAIL
002255.SZ,20240816,up,CHoCH↑,20240801,4.76,retrace_fail,回踩跌破(突破失败),4.25,False,bear,False,"[4.47, 4.57]",4.396,-3.1704,S2_PULLBACK_BROKE
688211.SH,20240808,down,BOS↓,20240724,23.6,retrace_fail,反抽收复(破位失败),24.73,True,bull,False,"[23.34, 23.61]",24.156,-4.019,S1_TREND_FAIL
000981.SZ,20240805,up,CHoCH↑,20240802,1.36,no_retrace,尚未回踩,,False,none,False,"[1.3, 1.31]",1.396,-15.8356,S2_NO_PULLBACK
002706.SZ,20240805,down,BOS↓,20240723,5.792,retrace_fail,反抽收复(破位失败),5.982,True,bull,False,"[5.87, 5.93]",5.754,-1.82,S1_TREND_FAIL
600955.SH,20240807,up,CHoCH↑,20240731,14.21,retrace_fail,回踩跌破(突破失败),13.81,True,none,True,"[13.84, 14.01]",13.86,-4.5581,S2_PULLBACK_BROKE
688067.SH,20240807,up,CHoCH↑,20240731,13.387,retrace_ok,回踩到位(接多窗口),13.117,True,bear,False,"[13.12, 13.29]",13.597,-6.0515,ALL_OK
300770.SZ,20240808,down,BOS↓,20240722,26.864,retrace_fail,反抽收复(破位失败),27.684,False,bull,False,"[25.52, 25.99]",26.714,0.6872,S1_TREND_FAIL
000538.SZ,20240809,down,CHoCH↓,20240729,45.75,retrace_fail,反抽收复(破位失败),48.41,True,bear,False,"[45.93, 46.56]",47.53,2.2671,S1_TREND_FAIL
002996.SZ,20240809,down,CHoCH↓,20240718,5.462,retrace_ok,反抽受限(延续下跌),5.562,True,bull,True,"[5.13, 5.22]",5.202,-5.6483,S1_TREND_FAIL
600256.SH,20240812,down,BOS↓,20240722,5.065,retrace_fail,反抽收复(破位失败),5.505,False,bull,False,"[5.16, 5.23]",5.282,4.0851,S1_TREND_FAIL
601966.SH,20240812,down,BOS↓,20240723,16.408,retrace_ok,反抽受限(延续下跌),16.648,True,bull,False,"[15.6, 15.79]",15.987,-5.7839,S1_TREND_FAIL
001330.SZ,20240830,down,BOS↓,20240822,4.17,no_retrace,尚未反抽,4.13,False,none,False,"[4.27, 4.35]",4.1,-0.5997,S1_TREND_FAIL
301035.SZ,20240807,up,CHoCH↑,20240806,28.811,no_retrace,尚未回踩,,False,none,False,"[26.9, 27.32]",29.004,-7.0512,S2_NO_PULLBACK
688371.SH,20240807,down,BOS↓,20240805,8.531,retrace_fail,反抽收复(破位失败),9.051,True,none,True,"[8.7, 8.84]",8.772,7.093,S1_TREND_FAIL
002706.SZ,20240808,down,BOS↓,20240723,5.792,retrace_fail,反抽收复(破位失败),5.982,True,bull,False,"[5.63, 5.71]",5.784,-6.0845,S1_TREND_FAIL
002870.SZ,20240809,up,CHoCH↑,20240731,29.075,retrace_fail,回踩跌破(突破失败),27.725,False,bear,False,"[27.31, 27.81]",28.616,2.5439,S2_PULLBACK_BROKE
600256.SH,20240809,down,BOS↓,20240722,5.065,retrace_fail,反抽收复(破位失败),5.505,False,bull,False,"[5.16, 5.23]",5.335,0.5542,S1_TREND_FAIL
688371.SH,20240809,down,BOS↓,20240805,8.531,retrace_fail,反抽收复(破位失败),9.061,True,none,True,"[8.7, 8.84]",8.831,0.7303,S1_TREND_FAIL
002455.SZ,20240812,down,BOS↓,20240716,8.27,retrace_ok,反抽受限(延续下跌),8.24,False,none,False,"[7.37, 7.53]",7.267,-4.0221,S1_TREND_FAIL
300432.SZ,20240813,down,BOS↓,20240724,4.114,retrace_fail,反抽收复(破位失败),4.514,True,bull,False,"[4.11, 4.2]",4.257,1.4077,S1_TREND_FAIL
688475.SH,20240814,down,BOS↓,20240716,28.95,retrace_ok,反抽受限(延续下跌),28.94,False,none,False,"[26.65, 27.06]",26.304,-2.0543,S1_TREND_FAIL
688310.SH,20240816,down,BOS↓,20240724,10.07,retrace_fail,反抽收复(破位失败),11.35,True,bull,False,"[17.17, 17.65]",10.425,1.087,S1_TREND_FAIL
605056.SH,20240822,down,BOS↓,20240724,8.605,retrace_fail,反抽收复(破位失败),9.305,False,none,False,"[8.67, 8.8]",8.559,7.9197,S1_TREND_FAIL
002493.SZ,20240823,down,CHoCH↓,20240820,8.43,retrace_ok,反抽受限(延续下跌),8.53,False,bear,False,"[8.58, 8.71]",8.39,-1.3514,S1_TREND_FAIL
603815.SH,20240826,down,BOS↓,20240812,5.176,retrace_ok,反抽受限(延续下跌),5.376,False,none,True,"[5.08, 5.15]",5.086,7.2137,S1_TREND_FAIL
688080.SH,20240826,down,BOS↓,20240820,22.94,retrace_fail,反抽收复(破位失败),24.68,False,none,False,"[24.76, 25.1]",23.918,1.4011,S1_TREND_FAIL
300982.SZ,20240805,up,CHoCH↑,20240726,16.675,retrace_fail,回踩跌破(突破失败),16.325,True,bear,False,"[15.76, 15.96]",16.261,0.3629,S2_PULLBACK_BROKE
688499.SH,20240805,down,BOS↓,20240724,17.81,retrace_fail,反抽收复(破位失败),19.4,True,bull,False,"[18.02, 18.29]",18.662,-8.1738,S1_TREND_FAIL
300376.SZ,20240807,down,BOS↓,20240709,3.808,no_retrace,尚未反抽,2.887,False,bear,False,"[2.55, 2.61]",2.767,-14.389,S1_TREND_FAIL
688610.SH,20240807,down,BOS↓,20240718,28.5,retrace_ok,反抽受限(延续下跌),29.87,True,none,False,"[33.26, 34.78]",28.36,-4.9406,S1_TREND_FAIL
603033.SH,20240808,down,BOS↓,20240723,10.79,retrace_ok,反抽受限(延续下跌),11.37,True,none,False,"[10.41, 10.62]",10.177,-2.5647,S1_TREND_FAIL
688400.SH,20240808,up,CHoCH↑,20240731,14.731,retrace_fail,回踩跌破(突破失败),13.691,True,bear,False,"[13.72, 13.99]",14.019,-0.246,S2_PULLBACK_BROKE
688598.SH,20240808,up,CHoCH↑,20240731,16.99,retrace_ok,回踩到位(接多窗口),16.03,False,bear,False,"[16.29, 16.44]",16.939,-11.2468,S3_NOT_AT_POI
002440.SZ,20240809,up,BOS↑,20240808,5.517,no_retrace,尚未回踩,,False,bear,False,"[4.92, 5.05]",5.482,-3.5792,S2_NO_PULLBACK
300687.SZ,20240809,down,BOS↓,20240805,12.33,retrace_fail,反抽收复(破位失败),12.85,False,none,False,"[12.43, 12.66]",12.306,-2.0362,S1_TREND_FAIL
301260.SZ,20240809,down,BOS↓,20240724,12.7,retrace_ok,反抽受限(延续下跌),13.08,False,none,True,"[12.44, 12.58]",12.55,-4.1657,S1_TREND_FAIL
688707.SH,20240809,down,BOS↓,20240723,8.69,retrace_fail,反抽收复(破位失败),9.48,True,bull,False,"[8.33, 8.58]",8.643,-1.7012,S1_TREND_FAIL
300071.SZ,20240812,up,CHoCH↑,20240802,2.13,retrace_ok,回踩到位(接多窗口),2.04,False,bear,False,"[1.96, 2.0]",2.228,5.5367,S3_NOT_AT_POI
601969.SH,20240812,down,BOS↓,20240722,5.761,retrace_ok,反抽受限(延续下跌),5.751,True,bull,True,"[5.43, 5.5]",5.471,-4.1915,S1_TREND_FAIL
688598.SH,20240812,up,CHoCH↑,20240731,16.99,retrace_fail,回踩跌破(突破失败),16.03,False,none,False,"[16.29, 16.44]",16.107,-3.1823,S2_PULLBACK_BROKE
600653.SH,20240814,up,BOS↑,20240729,1.21,no_retrace,尚未回踩,1.22,True,bull,False,"[1.22, 1.27]",1.346,-7.5453,S2_NO_PULLBACK
300481.SZ,20240815,down,BOS↓,20240805,11.783,retrace_ok,反抽受限(延续下跌),12.313,False,none,False,"[11.75, 11.87]",11.693,-2.7073,S1_TREND_FAIL
300820.SZ,20240816,up,BOS↑,20240801,39.535,retrace_fail,回踩跌破(突破失败),36.655,False,bull,True,"[36.01, 37.82]",37.805,0.9703,S2_PULLBACK_BROKE
688496.SH,20240816,down,BOS↓,20240724,7.65,retrace_fail,反抽收复(破位失败),8.4,False,none,False,"[7.49, 7.69]",7.722,-9.0387,S1_TREND_FAIL
688426.SH,20240819,up,CHoCH↑,20240723,16.67,retrace_ok,回踩到位(接多窗口),16.7,False,bull,True,"[17.72, 19.87]",17.84,-5.8251,ALL_OK
301093.SZ,20240820,up,CHoCH↑,20240730,10.827,retrace_ok,回踩到位(接多窗口),10.827,False,bear,True,"[10.46, 10.85]",10.847,7.4717,ALL_OK
002955.SZ,20240805,down,BOS↓,20240724,18.672,retrace_fail,反抽收复(破位失败),21.532,True,bull,True,"[19.75, 20.18]",20.129,10.2047,S1_TREND_FAIL
605168.SH,20240805,up,CHoCH↑,20240731,22.98,retrace_ok,回踩到位(接多窗口),22.91,True,bull,False,"[22.28, 22.59]",22.77,-0.1237,ALL_OK
003023.SZ,20240807,up,CHoCH↑,20240731,14.89,retrace_fail,回踩跌破(突破失败),14.56,True,none,True,"[14.5, 14.71]",14.71,-0.4134,S2_PULLBACK_BROKE
301260.SZ,20240807,down,BOS↓,20240724,12.7,retrace_ok,反抽受限(延续下跌),13.08,False,none,True,"[12.44, 12.58]",12.55,-4.4043,S1_TREND_FAIL
600810.SH,20240807,down,BOS↓,20240723,5.832,retrace_fail,反抽收复(破位失败),6.132,False,bull,False,"[5.71, 5.8]",5.902,-1.7589,S1_TREND_FAIL
688078.SH,20240807,down,BOS↓,20240718,20.414,retrace_fail,反抽收复(破位失败),22.044,False,bear,False,"[20.87, 21.25]",20.854,1.8016,S1_TREND_FAIL
002058.SZ,20240808,up,CHoCH↑,20240717,7.89,retrace_fail,回踩跌破(突破失败),6.79,False,bull,True,"[7.22, 7.73]",7.346,-5.3696,S2_PULLBACK_BROKE
300801.SZ,20240808,down,BOS↓,20240724,13.534,retrace_fail,反抽收复(破位失败),14.244,False,none,False,"[13.58, 13.72]",13.765,-6.1345,S1_TREND_FAIL
300376.SZ,20240812,down,BOS↓,20240709,3.808,no_retrace,尚未反抽,2.887,True,bull,True,"[2.55, 2.61]",2.561,-3.2884,S1_TREND_FAIL
301115.SZ,20240812,down,BOS↓,20240724,12.21,retrace_fail,反抽收复(破位失败),12.71,True,none,False,"[12.18, 12.3]",12.38,8.637,S1_TREND_FAIL
603201.SH,20240812,down,BOS↓,20240724,11.378,retrace_ok,反抽受限(延续下跌),12.32,True,none,False,"[12.0, 12.33]",11.286,-4.7656,S1_TREND_FAIL
002219.SZ,20240821,up,CHoCH↑,20240802,1.86,retrace_fail,回踩跌破(突破失败),1.76,False,bull,False,"[1.81, 1.94]",1.742,1.1811,S2_PULLBACK_BROKE
603566.SH,20240821,down,BOS↓,20240723,11.227,retrace_ok,反抽受限(延续下跌),11.957,False,none,False,"[10.91, 11.14]",10.719,-3.0096,S1_TREND_FAIL
600143.SH,20240822,up,BOS↑,20240808,6.362,retrace_ok,回踩到位(接多窗口),6.382,False,bull,False,"[5.72, 5.92]",6.472,2.2217,ALL_OK
603312.SH,20240826,down,CHoCH↓,20240822,24.89,retrace_fail,反抽收复(破位失败),25.24,False,bear,False,"[23.45, 24.27]",24.79,8.9924,S1_TREND_FAIL
301529.SZ,20240830,down,BOS↓,20240816,20.401,retrace_ok,反抽受限(延续下跌),20.487,False,none,False,"[22.14, 22.5]",19.985,8.5205,S1_TREND_FAIL
000878.SZ,20240807,down,BOS↓,20240719,12.24,no_retrace,尚未反抽,11.99,True,none,False,"[11.01, 11.15]",10.94,-1.4033,S1_TREND_FAIL
688163.SH,20240819,up,CHoCH↑,20240731,11.89,retrace_ok,回踩到位(接多窗口),11.75,False,none,False,"[11.6, 11.95]",12.721,3.5109,S3_NOT_AT_POI
688089.SH,20240822,up,BOS↑,20240801,15.13,retrace_fail,回踩跌破(突破失败),14.6,False,bull,True,"[14.25, 14.67]",14.602,0.6818,S2_PULLBACK_BROKE
300627.SZ,20240830,down,BOS↓,20240826,18.564,retrace_ok,反抽受限(延续下跌),18.636,False,bear,False,"[19.8, 20.15]",18.479,5.9623,S1_TREND_FAIL
300801.SZ,20240830,down,BOS↓,20240819,13.604,retrace_ok,反抽受限(延续下跌),13.644,False,none,False,"[13.58, 13.72]",13.074,-4.4455,S1_TREND_FAIL
002627.SZ,20240812,up,CHoCH↑,20240801,4.787,retrace_fail,回踩跌破(突破失败),4.587,False,none,True,"[4.49, 4.61]",4.541,-2.029,S2_PULLBACK_BROKE
600679.SH,20240812,up,BOS↑,20240723,9.213,retrace_fail,回踩跌破(突破失败),9.063,False,bull,False,"[8.7, 9.09]",9.111,-6.7308,S2_PULLBACK_BROKE
600382.SH,20240905,down,BOS↓,20240822,3.44,retrace_fail,反抽收复(破位失败),3.64,False,none,False,"[3.44, 3.46]",3.425,3.784,S1_TREND_FAIL
300073.SZ,20240902,down,BOS↓,20240809,28.197,retrace_fail,反抽收复(破位失败),31.347,True,bull,False,"[27.46, 28.31]",29.677,4.5596,S1_TREND_FAIL
002706.SZ,20240905,down,BOS↓,20240819,5.612,retrace_ok,反抽受限(延续下跌),5.652,True,none,False,"[5.63, 5.69]",5.477,5.9111,S1_TREND_FAIL
002758.SZ,20240925,up,CHoCH↑,20240924,6.832,no_retrace,尚未回踩,,True,bull,False,"[6.52, 6.59]",6.942,4.2006,S2_NO_PULLBACK
301303.SZ,20240926,down,BOS↓,20240913,9.7,retrace_fail,反抽收复(破位失败),10.4,False,bear,True,"[10.14, 10.28]",10.26,2.9074,S1_TREND_FAIL
601678.SH,20240925,up,CHoCH↑,20240924,3.2,no_retrace,尚未回踩,,False,bear,False,,3.31,1.4093,S2_NO_PULLBACK
688686.SH,20240925,down,BOS↓,20240909,45.946,retrace_ok,反抽受限(延续下跌),46.376,False,none,False,,45.876,15.2546,S1_TREND_FAIL
605266.SH,20240904,down,BOS↓,20240819,17.648,retrace_ok,反抽受限(延续下跌),17.688,True,none,False,"[18.06, 18.39]",16.918,15.4097,S1_TREND_FAIL
688768.SH,20240906,down,CHoCH↓,20240820,21.3,retrace_fail,反抽收复(破位失败),22.41,True,none,False,"[22.07, 22.69]",21.998,2.9221,S1_TREND_FAIL
002706.SZ,20240909,down,BOS↓,20240819,5.612,retrace_ok,反抽受限(延续下跌),5.652,True,none,False,"[5.63, 5.69]",5.338,11.4145,S1_TREND_FAIL
601969.SH,20240909,down,BOS↓,20240816,5.401,retrace_ok,反抽受限(延续下跌),5.491,True,none,False,"[5.13, 5.21]",5.07,9.1517,S1_TREND_FAIL
603918.SH,20240909,up,CHoCH↑,20240906,9.03,no_retrace,尚未回踩,,False,none,False,"[8.86, 8.94]",9.158,0.3903,S2_NO_PULLBACK
002758.SZ,20240923,down,BOS↓,20240909,6.572,retrace_fail,反抽收复(破位失败),6.762,True,none,True,"[6.52, 6.59]",6.572,8.1194,S1_TREND_FAIL
600873.SH,20240925,down,BOS↓,20240906,8.417,retrace_fail,反抽收复(破位失败),8.507,False,none,False,"[8.71, 8.85]",8.422,12.3754,S1_TREND_FAIL
688448.SH,20240926,down,BOS↓,20240906,11.947,retrace_fail,反抽收复(破位失败),12.718,False,none,True,"[12.18, 12.67]",12.185,10.7654,S1_TREND_FAIL
688612.SH,20240926,down,BOS↓,20240724,22.738,retrace_ok,反抽受限(延续下跌),23.248,False,none,False,"[17.13, 17.48]",18.293,19.2173,S1_TREND_FAIL
002443.SZ,20240902,down,CHoCH↓,20240816,5.084,retrace_ok,反抽受限(延续下跌),5.114,False,none,False,"[4.92, 5.0]",4.924,0.2029,S1_TREND_FAIL
002014.SZ,20240904,down,BOS↓,20240823,8.72,no_retrace,尚未反抽,8.61,False,none,False,"[8.82, 8.9]",8.49,-1.5753,S1_TREND_FAIL
002458.SZ,20240904,down,CHoCH↓,20240814,6.382,retrace_ok,反抽受限(延续下跌),6.467,False,none,False,"[6.08, 6.25]",5.783,-2.8145,S1_TREND_FAIL
603300.SH,20240904,down,BOS↓,20240819,4.575,retrace_ok,反抽受限(延续下跌),4.665,False,none,False,"[4.74, 4.81]",4.46,-4.8901,S1_TREND_FAIL
688719.SH,20240904,down,BOS↓,20240812,22.69,retrace_ok,反抽受限(延续下跌),22.76,True,bear,False,"[22.83, 23.23]",21.127,-5.2511,S1_TREND_FAIL
600588.SH,20240906,down,CHoCH↓,20240805,9.09,retrace_ok,反抽受限(延续下跌),9.28,True,none,False,"[8.19, 8.32]",8.524,0.4997,S1_TREND_FAIL
603008.SH,20240906,down,BOS↓,20240819,14.17,retrace_ok,反抽受限(延续下跌),14.28,False,none,True,"[13.6, 13.9]",13.801,6.3068,S1_TREND_FAIL
603087.SH,20240909,down,BOS↓,20240823,38.956,retrace_ok,反抽受限(延续下跌),39.176,True,none,False,"[36.72, 37.25]",36.646,-3.683,S1_TREND_FAIL
688017.SH,20240909,down,CHoCH↓,20240820,67.18,retrace_ok,反抽受限(延续下跌),67.17,False,none,False,"[68.36, 69.33]",61.727,-6.3434,S1_TREND_FAIL
300073.SZ,20240911,up,CHoCH↑,20240904,31.347,retrace_fail,回踩跌破(突破失败),29.687,True,none,False,"[27.46, 28.31]",30.291,0.0015,S2_PULLBACK_BROKE
301047.SZ,20240911,down,CHoCH↓,20240816,54.72,retrace_ok,反抽受限(延续下跌),54.48,True,none,False,"[48.03, 48.62]",48.96,18.6695,S1_TREND_FAIL
605009.SH,20240911,down,BOS↓,20240822,22.939,retrace_ok,反抽受限(延续下跌),23.017,False,none,False,"[23.41, 23.8]",21.093,14.4274,S1_TREND_FAIL
002706.SZ,20240912,down,BOS↓,20240819,5.612,retrace_ok,反抽受限(延续下跌),5.652,True,none,False,"[5.2, 5.3]",5.462,6.781,S1_TREND_FAIL
002901.SZ,20240912,up,CHoCH↑,20240830,22.873,retrace_ok,回踩到位(接多窗口),22.433,False,bull,True,"[23.15, 23.79]",23.503,-0.1578,ALL_OK
688153.SH,20240912,down,BOS↓,20240909,27.744,retrace_fail,反抽收复(破位失败),28.484,False,none,False,"[33.74, 34.08]",27.922,-3.4932,S1_TREND_FAIL
301115.SZ,20240919,up,CHoCH↑,20240826,13.88,retrace_fail,回踩跌破(突破失败),11.9,False,bull,False,"[13.08, 14.24]",12.15,16.0529,S2_PULLBACK_BROKE
002702.SZ,20240923,down,BOS↓,20240913,3.03,retrace_fail,反抽收复(破位失败),3.18,False,none,False,"[3.23, 3.23]",3.138,2.4845,S1_TREND_FAIL
688172.SH,20240923,down,BOS↓,20240904,12.7,retrace_ok,反抽受限(延续下跌),12.92,False,none,False,"[12.91, 13.08]",12.21,8.959,S1_TREND_FAIL
600380.SH,20240925,down,BOS↓,20240912,9.27,retrace_fail,反抽收复(破位失败),9.55,True,none,False,"[9.25, 9.37]",9.68,5.3841,S1_TREND_FAIL
600497.SH,20240925,down,BOS↓,20240902,4.781,no_retrace,尚未反抽,4.701,False,bear,False,"[4.83, 4.87]",4.801,4.4021,S1_TREND_FAIL
603173.SH,20240925,down,BOS↓,20240827,16.485,retrace_ok,反抽受限(延续下跌),16.875,False,none,False,"[16.08, 16.25]",16.555,1.5293,S1_TREND_FAIL
688419.SH,20240925,down,BOS↓,20240918,14.508,retrace_fail,反抽收复(破位失败),15.353,False,bear,False,"[16.9, 17.16]",15.36,13.5469,S1_TREND_FAIL
300447.SZ,20240926,down,BOS↓,20240913,10.421,retrace_fail,反抽收复(破位失败),11.231,False,bear,False,"[12.48, 12.74]",11.041,22.4329,S1_TREND_FAIL
603365.SH,20240926,up,CHoCH↑,20240924,9.495,no_retrace,尚未回踩,10.115,False,bear,False,"[11.42, 11.63]",10.245,20.4467,S2_NO_PULLBACK
688573.SH,20240926,down,BOS↓,20240918,13.25,retrace_fail,反抽收复(破位失败),13.75,True,none,False,"[13.68, 14.03]",13.39,19.0012,S1_TREND_FAIL
688496.SH,20240904,down,BOS↓,20240822,7.16,retrace_fail,反抽收复(破位失败),7.75,False,bull,False,"[7.46, 7.63]",7.257,-8.3409,S1_TREND_FAIL
301108.SZ,20240905,down,BOS↓,20240819,16.286,retrace_ok,反抽受限(延续下跌),16.493,True,none,False,"[15.63, 15.82]",16.036,-0.6357,S1_TREND_FAIL
301322.SZ,20240905,down,CHoCH↓,20240816,17.97,retrace_ok,反抽受限(延续下跌),18.17,False,bear,False,"[18.13, 18.27]",17.52,1.1382,S1_TREND_FAIL
600867.SH,20240905,down,BOS↓,20240902,7.102,retrace_ok,反抽受限(延续下跌),7.142,False,none,False,"[7.19, 7.26]",7.072,-1.3977,S1_TREND_FAIL
301223.SZ,20240909,down,CHoCH↓,20240820,13.905,retrace_ok,反抽受限(延续下跌),14.465,True,none,False,"[14.07, 14.21]",13.385,5.8559,S1_TREND_FAIL
002132.SZ,20240910,up,CHoCH↑,20240731,2.1,retrace_ok,回踩到位(接多窗口),2.04,False,bull,False,"[2.1, 2.12]",2.128,3.4215,ALL_OK
300802.SZ,20240910,down,BOS↓,20240906,12.657,retrace_ok,反抽受限(延续下跌),12.687,True,bear,True,"[13.53, 13.73]",13.677,-0.8303,S1_TREND_FAIL
000592.SZ,20240911,up,CHoCH↑,20240902,1.51,retrace_fail,回踩跌破(突破失败),1.41,False,bull,False,"[1.36, 1.41]",1.465,5.5125,S2_PULLBACK_BROKE
002443.SZ,20240911,down,CHoCH↓,20240816,5.084,retrace_ok,反抽受限(延续下跌),5.114,False,bear,True,"[4.92, 5.0]",4.954,4.4552,S1_TREND_FAIL
002925.SZ,20240911,up,CHoCH↑,20240903,11.213,retrace_fail,回踩跌破(突破失败),10.693,True,bear,False,"[10.16, 10.48]",10.992,0.2022,S2_PULLBACK_BROKE
600060.SH,20240911,down,BOS↓,20240826,14.88,no_retrace,尚未反抽,14.22,False,bear,False,"[15.07, 15.39]",13.87,0.3559,S1_TREND_FAIL
001203.SZ,20240912,down,BOS↓,20240906,7.46,retrace_ok,反抽受限(延续下跌),7.45,False,none,False,"[7.55, 7.63]",7.41,-1.0395,S1_TREND_FAIL
300736.SZ,20240919,up,CHoCH↑,20240906,8.4,retrace_fail,回踩跌破(突破失败),7.77,False,bull,True,"[7.9, 8.43]",8.2,18.477,S2_PULLBACK_BROKE
002353.SZ,20240920,down,BOS↓,20240909,26.5,retrace_fail,反抽收复(破位失败),27.66,True,none,False,"[27.26, 27.88]",27.047,14.8403,S1_TREND_FAIL
300802.SZ,20240920,down,BOS↓,20240906,12.657,retrace_fail,反抽收复(破位失败),14.697,False,bull,True,"[12.88, 13.28]",13.174,9.1157,S1_TREND_FAIL
600507.SH,20240920,down,BOS↓,20240902,3.528,no_retrace,尚未反抽,3.478,True,bull,False,"[3.5, 3.56]",3.354,13.1647,S1_TREND_FAIL
603365.SH,20240920,down,BOS↓,20240913,9.025,retrace_fail,反抽收复(破位失败),9.555,False,none,False,"[11.42, 11.63]",9.38,22.3446,S1_TREND_FAIL
603182.SH,20240923,down,BOS↓,20240913,9.69,retrace_fail,反抽收复(破位失败),9.97,False,none,False,"[9.29, 9.46]",9.811,2.246,S1_TREND_FAIL
600380.SH,20240904,down,BOS↓,20240826,9.55,retrace_ok,反抽受限(延续下跌),9.8,True,none,False,"[9.94, 10.04]",9.45,-3.3568,S1_TREND_FAIL
603282.SH,20240904,down,CHoCH↓,20240815,14.479,retrace_ok,反抽受限(延续下跌),14.739,False,none,False,"[14.86, 15.17]",12.047,9.4722,S1_TREND_FAIL
301093.SZ,20240905,up,BOS↑,20240828,11.241,retrace_ok,回踩到位(接多窗口),11.241,False,none,False,"[10.46, 10.85]",11.768,-1.2055,S3_NOT_AT_POI
002458.SZ,20240906,down,CHoCH↓,20240814,6.382,retrace_ok,反抽受限(延续下跌),6.467,True,bear,False,"[5.79, 5.85]",5.897,-4.6595,S1_TREND_FAIL
301223.SZ,20240906,down,CHoCH↓,20240820,13.905,retrace_ok,反抽受限(延续下跌),14.465,True,none,False,"[14.07, 14.21]",13.415,2.6504,S1_TREND_FAIL
600809.SH,20240912,down,CHoCH↓,20240828,160.58,retrace_ok,反抽受限(延续下跌),167.37,False,none,False,"[150.14, 153.89]",145.807,-4.1145,S1_TREND_FAIL
301107.SZ,20240924,down,BOS↓,20240918,10.115,retrace_ok,反抽受限(延续下跌),10.371,True,none,True,"[9.95, 10.2]",10.1,9.7304,S1_TREND_FAIL
603356.SH,20240926,up,CHoCH↑,20240918,12.18,retrace_fail,回踩跌破(突破失败),11.59,False,bear,True,"[11.65, 12.16]",11.93,8.8357,S2_PULLBACK_BROKE
600975.SH,20241010,up,CHoCH↑,20240926,5.63,no_retrace,尚未回踩,5.79,True,bull,False,"[5.31, 5.38]",6.21,2.1715,S2_NO_PULLBACK
002996.SZ,20241017,up,CHoCH↑,20240924,5.202,retrace_ok,回踩到位(接多窗口),5.212,False,bull,False,"[5.05, 5.42]",5.556,15.6613,ALL_OK
605296.SH,20241030,up,BOS↑,20241029,29.25,no_retrace,尚未回踩,,True,bear,False,"[26.63, 28.23]",29.522,-1.5553,S2_NO_PULLBACK
601975.SH,20241015,up,CHoCH↑,20240927,3.103,retrace_ok,回踩到位(接多窗口),3.073,True,bull,False,"[2.93, 3.12]",3.31,-0.5979,ALL_OK
603173.SH,20241021,up,CHoCH↑,20240926,16.875,retrace_ok,回踩到位(接多窗口),16.525,False,bull,True,"[16.75, 17.78]",17.215,24.1807,ALL_OK
002993.SZ,20241030,up,BOS↑,20241025,26.724,retrace_fail,回踩跌破(突破失败),26.124,True,bull,False,"[22.46, 24.15]",25.873,0.5854,S2_PULLBACK_BROKE
601872.SH,20241021,down,CHoCH↓,20240829,7.344,retrace_ok,反抽受限(延续下跌),8.254,False,bear,False,"[6.14, 6.6]",6.724,-6.0399,S1_TREND_FAIL
601872.SH,20241022,down,CHoCH↓,20240829,7.344,retrace_ok,反抽受限(延续下跌),8.254,False,bull,True,"[6.14, 6.6]",6.538,-4.2764,S1_TREND_FAIL
603986.SH,20241022,up,CHoCH↑,20240926,72.93,no_retrace,尚未回踩,75.74,False,bull,False,"[71.9, 78.27]",89.021,7.9918,S2_NO_PULLBACK
600750.SH,20241023,up,CHoCH↑,20240927,18.82,no_retrace,尚未回踩,19.2,True,none,False,"[17.22, 18.56]",20.661,-3.5941,S2_NO_PULLBACK
601985.SH,20241023,down,BOS↓,20240903,10.24,retrace_fail,反抽收复(破位失败),11.82,True,bear,True,"[9.81, 10.25]",10.167,-4.7589,S1_TREND_FAIL
000703.SZ,20241025,up,CHoCH↑,20240927,6.14,retrace_ok,回踩到位(接多窗口),6.04,False,bull,False,"[5.76, 6.17]",6.29,1.3455,ALL_OK
000683.SZ,20241014,up,CHoCH↑,20240927,5.25,no_retrace,尚未回踩,5.4,False,bull,False,"[4.83, 5.26]",5.51,7.7509,S2_NO_PULLBACK
601872.SH,20241015,down,CHoCH↓,20240829,7.344,retrace_ok,反抽受限(延续下跌),8.254,False,bull,False,"[6.14, 6.6]",6.865,-9.5685,S1_TREND_FAIL
688443.SH,20241017,up,CHoCH↑,20240930,29.2,retrace_fail,回踩跌破(突破失败),24.99,False,bull,False,"[25.11, 27.57]",25.037,17.4495,S2_PULLBACK_BROKE
000157.SZ,20241021,up,CHoCH↑,20240924,6.1,no_retrace,尚未回踩,6.47,False,bull,False,"[6.27, 6.72]",6.861,7.2997,S2_NO_PULLBACK
002993.SZ,20241031,up,BOS↑,20241025,26.724,retrace_fail,回踩跌破(突破失败),25.824,False,bull,False,"[22.46, 24.15]",26.259,10.68,S2_PULLBACK_BROKE
002318.SZ,20241016,up,CHoCH↑,20240926,20.07,no_retrace,尚未回踩,20.63,False,bull,False,"[19.54, 20.72]",21.532,4.4552,S2_NO_PULLBACK
301227.SZ,20241017,up,CHoCH↑,20240926,12.206,retrace_ok,回踩到位(接多窗口),11.844,True,bull,False,"[11.37, 12.37]",13.003,-2.838,ALL_OK
600497.SH,20241021,up,CHoCH↑,20240927,5.011,no_retrace,尚未回踩,5.181,True,bull,False,"[4.65, 4.96]",5.351,13.0287,S2_NO_PULLBACK
601975.SH,20241028,up,CHoCH↑,20240927,3.103,retrace_ok,回踩到位(接多窗口),3.073,True,bull,False,"[2.93, 3.12]",3.25,-0.2208,ALL_OK
688392.SH,20241016,up,CHoCH↑,20240927,31.879,no_retrace,尚未回踩,33.969,False,bull,True,"[31.36, 34.89]",34.233,21.0504,S2_NO_PULLBACK
001289.SZ,20241101,down,BOS↓,20240820,16.9,retrace_fail,反抽收复(破位失败),19.35,False,none,False,"[15.86, 16.62]",18.246,-0.0646,S1_TREND_FAIL
688443.SH,20241121,down,CHoCH↓,20241115,26.68,retrace_fail,反抽收复(破位失败),28.77,False,bear,True,"[26.67, 28.05]",27.73,-7.5499,S1_TREND_FAIL
603500.SH,20241101,up,CHoCH↑,20240930,5.8,retrace_ok,回踩到位(接多窗口),5.51,True,bull,False,"[5.28, 5.64]",5.97,12.3776,ALL_OK
601666.SH,20241114,up,BOS↑,20241107,9.89,retrace_fail,回踩跌破(突破失败),9.43,True,bull,False,"[9.32, 9.49]",9.732,0.0872,S2_PULLBACK_BROKE
300639.SZ,20241118,down,CHoCH↓,20241101,5.93,retrace_fail,反抽收复(破位失败),6.93,True,bear,True,"[6.1, 6.24]",6.178,6.5372,S1_TREND_FAIL
001376.SZ,20241202,down,CHoCH↓,20241101,16.06,no_retrace,尚未反抽,15.39,True,bear,False,"[14.98, 15.51]",14.72,3.919,S1_TREND_FAIL
002791.SZ,20250120,down,BOS↓,20250110,20.863,retrace_fail,反抽收复(破位失败),23.333,False,bull,False,"[27.03, 27.55]",22.133,3.974,S1_TREND_FAIL
688659.SH,20250122,down,CHoCH↓,20241217,8.21,no_retrace,尚未反抽,7.87,False,none,False,"[6.18, 6.32]",6.336,8.799,S1_TREND_FAIL
300457.SZ,20250124,down,BOS↓,20241213,21.385,retrace_ok,反抽受限(延续下跌),21.325,False,none,False,"[21.02, 21.41]",18.145,11.53,S1_TREND_FAIL
300250.SZ,20250115,down,BOS↓,20241225,15.31,retrace_ok,反抽受限(延续下跌),15.42,False,bear,False,"[15.33, 15.83]",13.603,23.9321,S1_TREND_FAIL
601678.SH,20250117,down,BOS↓,20241231,3.71,retrace_fail,反抽收复(破位失败),3.92,False,bull,False,"[3.94, 4.0]",3.77,1.718,S1_TREND_FAIL
688100.SH,20250117,down,BOS↓,20250108,33.647,retrace_fail,反抽收复(破位失败),34.187,False,none,False,"[34.35, 35.26]",33.419,7.7157,S1_TREND_FAIL
002439.SZ,20250124,down,BOS↓,20241231,16.26,no_retrace,尚未反抽,15.82,False,none,False,"[13.94, 14.17]",13.88,17.1443,S1_TREND_FAIL
688100.SH,20250116,down,BOS↓,20250108,33.647,retrace_ok,反抽受限(延续下跌),33.807,False,none,False,"[34.35, 35.26]",32.947,7.0821,S1_TREND_FAIL
301391.SZ,20250121,down,BOS↓,20241231,37.784,no_retrace,尚未反抽,37.254,False,none,False,"[40.61, 41.76]",35.02,9.1833,S1_TREND_FAIL
300095.SZ,20250122,down,BOS↓,20250103,6.305,retrace_ok,反抽受限(延续下跌),6.325,False,bear,False,"[6.79, 6.93]",6.093,5.358,S1_TREND_FAIL
301468.SZ,20250122,down,BOS↓,20250102,15.726,retrace_fail,反抽收复(破位失败),16.049,False,none,False,"[17.06, 17.37]",15.911,1.1432,S1_TREND_FAIL
688326.SH,20250122,down,CHoCH↓,20241227,87.29,retrace_ok,反抽受限(延续下跌),86.9,False,none,False,"[89.06, 90.52]",79.319,24.6478,S1_TREND_FAIL
603858.SH,20250123,down,BOS↓,20250121,14.4,retrace_ok,反抽受限(延续下跌),14.43,False,none,False,"[16.24, 16.38]",14.39,-2.5498,S1_TREND_FAIL
688573.SH,20250123,down,BOS↓,20241231,15.83,retrace_fail,反抽收复(破位失败),16.49,False,none,False,"[19.0, 19.25]",15.95,6.6081,S1_TREND_FAIL
600196.SH,20250124,down,BOS↓,20241223,24.997,retrace_ok,反抽受限(延续下跌),25.197,False,bear,False,"[25.52, 25.69]",22.937,6.1746,S1_TREND_FAIL
003004.SZ,20250127,up,CHoCH↑,20250123,24.5,retrace_fail,回踩跌破(突破失败),24.05,True,none,False,"[22.03, 22.57]",24.25,4.6046,S2_PULLBACK_BROKE
600881.SH,20250102,up,CHoCH↑,20241202,1.92,retrace_fail,回踩跌破(突破失败),1.81,False,bear,True,"[1.76, 1.83]",1.81,1.4198,S2_PULLBACK_BROKE
301176.SZ,20250109,down,BOS↓,20241231,16.9,retrace_ok,反抽受限(延续下跌),16.88,False,none,False,"[19.76, 20.48]",16.67,2.8929,S1_TREND_FAIL
688212.SH,20250110,down,BOS↓,20250103,38.932,retrace_fail,反抽收复(破位失败),41.772,False,none,False,"[49.6, 50.14]",39.132,4.3183,S1_TREND_FAIL
301227.SZ,20250114,down,CHoCH↓,20241217,13.547,no_retrace,尚未反抽,13.431,False,bear,False,"[13.86, 14.12]",11.04,10.7373,S1_TREND_FAIL
301290.SZ,20250114,down,BOS↓,20250102,22.163,no_retrace,尚未反抽,21.963,False,none,False,"[25.18, 25.55]",20.853,7.2098,S1_TREND_FAIL
002252.SZ,20250115,down,CHoCH↓,20241217,7.35,retrace_ok,反抽受限(延续下跌),7.36,True,bear,False,"[7.44, 7.51]",6.791,3.5473,S1_TREND_FAIL
688310.SH,20250115,down,BOS↓,20241223,11.38,retrace_ok,反抽受限(延续下跌),11.42,False,none,False,"[11.81, 12.16]",10.573,2.4017,S1_TREND_FAIL
301391.SZ,20250116,down,BOS↓,20241231,37.784,no_retrace,尚未反抽,37.254,False,bear,False,"[40.61, 41.76]",34.824,12.0466,S1_TREND_FAIL
603799.SH,20250117,down,BOS↓,20241231,28.687,retrace_fail,反抽收复(破位失败),29.307,False,bear,False,"[28.84, 29.09]",28.707,0.4971,S1_TREND_FAIL
688061.SH,20250117,down,BOS↓,20241231,28.92,no_retrace,尚未反抽,28.68,False,bear,False,"[29.65, 30.25]",26.938,18.673,S1_TREND_FAIL
000513.SZ,20250120,down,CHoCH↓,20250103,34.531,retrace_ok,反抽受限(延续下跌),34.871,False,none,False,"[34.83, 35.08]",33.591,-1.0534,S1_TREND_FAIL
002340.SZ,20250122,down,BOS↓,20250102,6.5,retrace_fail,反抽收复(破位失败),6.6,False,bear,False,"[6.55, 6.59]",6.475,2.4117,S1_TREND_FAIL
600059.SH,20250122,down,BOS↓,20250102,8.68,no_retrace,尚未反抽,8.62,False,bear,False,"[8.81, 8.83]",8.078,1.4731,S1_TREND_FAIL
600639.SH,20250122,down,BOS↓,20250102,10.377,no_retrace,尚未反抽,10.317,False,bear,False,"[10.43, 10.48]",9.996,1.2073,S1_TREND_FAIL
605266.SH,20250122,down,CHoCH↓,20241225,22.478,retrace_ok,反抽受限(延续下跌),22.458,False,none,False,"[23.28, 23.94]",19.155,5.2975,S1_TREND_FAIL
000932.SZ,20250123,down,CHoCH↓,20241230,4.26,retrace_ok,反抽受限(延续下跌),4.32,True,bear,False,"[4.36, 4.45]",4.03,9.7536,S1_TREND_FAIL
688659.SH,20250124,down,CHoCH↓,20241217,8.21,no_retrace,尚未反抽,7.87,False,bull,False,"[6.18, 6.32]",6.564,4.7136,S1_TREND_FAIL
688061.SH,20250127,down,BOS↓,20241231,28.92,no_retrace,尚未反抽,28.68,False,bear,False,"[29.65, 30.25]",28.255,13.1334,S1_TREND_FAIL
002252.SZ,20250114,down,CHoCH↓,20241217,7.35,retrace_ok,反抽受限(延续下跌),7.36,False,none,False,"[7.44, 7.51]",6.66,5.2945,S1_TREND_FAIL
600380.SH,20250116,down,BOS↓,20250110,10.5,no_retrace,尚未反抽,10.44,False,bear,False,"[10.81, 10.88]",10.37,-1.1697,S1_TREND_FAIL
688326.SH,20250116,down,CHoCH↓,20241227,87.29,retrace_ok,反抽受限(延续下跌),86.9,False,bear,False,"[89.06, 90.52]",76.69,28.9273,S1_TREND_FAIL
000513.SZ,20250122,down,CHoCH↓,20250103,34.531,retrace_ok,反抽受限(延续下跌),34.871,False,none,False,"[34.83, 35.08]",33.521,0.2254,S1_TREND_FAIL
601666.SH,20250122,down,BOS↓,20250103,8.97,retrace_ok,反抽受限(延续下跌),9.06,False,none,False,,8.217,1.4585,S1_TREND_FAIL
688184.SH,20250122,down,BOS↓,20250102,13.65,retrace_fail,反抽收复(破位失败),14.23,False,bull,False,"[13.28, 13.49]",13.692,0.2438,S1_TREND_FAIL
000513.SZ,20250123,down,CHoCH↓,20250103,34.531,retrace_ok,反抽受限(延续下跌),34.871,False,none,False,"[34.83, 35.08]",33.791,-1.4335,S1_TREND_FAIL
000513.SZ,20250124,down,CHoCH↓,20250103,34.531,retrace_ok,反抽受限(延续下跌),34.871,False,none,False,"[34.83, 35.08]",33.491,-1.1746,S1_TREND_FAIL
300095.SZ,20250124,down,BOS↓,20250103,6.305,retrace_ok,反抽受限(延续下跌),6.325,False,none,True,"[5.85, 5.95]",5.915,6.7496,S1_TREND_FAIL
601966.SH,20250124,up,CHoCH↑,20250122,17.929,retrace_fail,回踩跌破(突破失败),17.719,False,none,False,"[18.13, 18.23]",17.699,-0.0107,S2_PULLBACK_BROKE
688381.SH,20250124,down,BOS↓,20250102,19.2,no_retrace,尚未反抽,18.66,False,none,True,"[17.27, 17.56]",17.38,6.3703,S1_TREND_FAIL
000513.SZ,20250127,down,CHoCH↓,20250103,34.531,retrace_ok,反抽受限(延续下跌),34.871,False,none,False,"[34.83, 35.08]",33.641,0.0096,S1_TREND_FAIL
688238.SH,20250127,down,BOS↓,20250110,4.48,retrace_fail,反抽收复(破位失败),4.79,False,bear,False,"[4.39, 4.48]",4.65,11.4689,S1_TREND_FAIL
002368.SZ,20250213,up,CHoCH↑,20250210,25.528,retrace_ok,回踩到位(接多窗口),25.648,False,bear,False,"[25.96, 26.29]",27.332,0.0606,S3_NOT_AT_POI
002386.SZ,20250212,up,CHoCH↑,20250211,4.41,no_retrace,尚未回踩,,False,none,False,"[4.2, 4.25]",4.44,-1.7485,S2_NO_PULLBACK
301589.SZ,20250214,up,CHoCH↑,20250210,172.615,retrace_fail,回踩跌破(突破失败),169.135,True,bear,False,"[171.06, 175.0]",169.855,0.0867,S2_PULLBACK_BROKE
603978.SH,20250220,down,BOS↓,20250127,13.21,retrace_ok,反抽受限(延续下跌),14.4,False,none,False,"[13.5, 13.73]",12.91,11.122,S1_TREND_FAIL
605296.SH,20250221,up,CHoCH↑,20250213,26.31,retrace_fail,回踩跌破(突破失败),25.74,False,bull,False,"[24.94, 25.59]",26.11,-0.1705,S2_PULLBACK_BROKE
688238.SH,20250224,up,CHoCH↑,20250206,4.79,no_retrace,尚未回踩,4.82,False,bear,False,"[4.39, 4.48]",5.762,-5.1077,S2_NO_PULLBACK
300146.SZ,20250207,down,CHoCH↓,20241223,11.668,retrace_ok,反抽受限(延续下跌),11.878,False,bear,False,"[10.44, 10.56]",10.618,2.4199,S1_TREND_FAIL
002840.SZ,20250210,down,BOS↓,20250102,12.55,no_retrace,尚未反抽,12.07,True,none,False,"[10.64, 10.84]",11.4,-0.9338,S1_TREND_FAIL
300347.SZ,20250212,up,CHoCH↑,20250207,51.231,retrace_ok,回踩到位(接多窗口),51.131,False,none,False,"[48.75, 49.29]",52.551,7.5005,S3_NOT_AT_POI
002727.SZ,20250213,up,CHoCH↑,20250127,11.674,retrace_ok,回踩到位(接多窗口),11.494,False,bear,False,"[13.07, 13.36]",12.104,1.2492,S3_NOT_AT_POI
600821.SH,20250213,up,CHoCH↑,20250207,5.663,retrace_fail,回踩跌破(突破失败),5.293,False,bull,False,"[5.08, 5.27]",5.359,5.0965,S2_PULLBACK_BROKE
688338.SH,20250214,up,CHoCH↑,20250207,23.542,retrace_fail,回踩跌破(突破失败),23.422,False,none,False,"[22.14, 22.45]",23.472,3.2015,S2_PULLBACK_BROKE
603069.SH,20250224,down,BOS↓,20250102,18.02,retrace_fail,反抽收复(破位失败),20.47,False,bull,True,"[17.8, 18.11]",17.879,1.0748,S1_TREND_FAIL
688560.SH,20250224,up,CHoCH↑,20250207,12.62,retrace_ok,回踩到位(接多窗口),12.53,True,bear,False,"[12.44, 13.13]",14.622,6.2732,ALL_OK
300686.SZ,20250206,down,BOS↓,20250102,8.62,retrace_fail,反抽收复(破位失败),8.97,False,none,False,"[7.86, 8.1]",8.8,5.4975,S1_TREND_FAIL
688600.SH,20250207,up,CHoCH↑,20250114,13.901,retrace_ok,回踩到位(接多窗口),13.711,False,bear,False,"[14.04, 14.7]",14.742,0.3494,S3_NOT_AT_POI
000932.SZ,20250220,up,CHoCH↑,20250124,4.2,no_retrace,尚未回踩,4.25,True,bull,False,"[4.09, 4.21]",4.45,3.5922,S2_NO_PULLBACK
600611.SH,20250220,up,CHoCH↑,20250210,6.73,retrace_ok,回踩到位(接多窗口),6.64,True,bull,False,"[6.43, 6.76]",6.999,-3.8119,ALL_OK
603658.SH,20250224,up,BOS↑,20250217,39.5,retrace_ok,回踩到位(接多窗口),39.15,False,bear,False,"[38.18, 39.15]",40.333,-3.3261,S3_NOT_AT_POI
301227.SZ,20250205,down,CHoCH↓,20241217,13.547,no_retrace,尚未反抽,13.431,False,none,False,"[13.86, 14.12]",12.013,1.4474,S1_TREND_FAIL
000513.SZ,20250206,down,CHoCH↓,20250103,34.531,retrace_ok,反抽受限(延续下跌),34.871,False,none,False,"[34.83, 35.08]",34.011,-0.4438,S1_TREND_FAIL
000513.SZ,20250207,down,CHoCH↓,20250103,34.531,retrace_ok,反抽受限(延续下跌),34.871,False,none,False,"[34.83, 35.08]",33.971,-5.1349,S1_TREND_FAIL
603027.SH,20250207,down,CHoCH↓,20241230,8.974,retrace_ok,反抽受限(延续下跌),8.943,False,bear,False,"[7.76, 7.95]",8.153,-0.9831,S1_TREND_FAIL
000513.SZ,20250210,down,CHoCH↓,20250103,34.531,retrace_ok,反抽受限(延续下跌),34.871,False,none,False,"[34.83, 35.08]",33.951,-2.9792,S1_TREND_FAIL
000513.SZ,20250212,down,CHoCH↓,20250103,34.531,retrace_ok,反抽受限(延续下跌),34.871,False,none,True,"[32.99, 33.27]",33.156,-0.5807,S1_TREND_FAIL
300967.SZ,20250220,down,CHoCH↓,20250218,11.455,retrace_fail,反抽收复(破位失败),11.705,False,none,False,"[10.4, 10.79]",11.568,5.0081,S1_TREND_FAIL
600075.SH,20250221,up,CHoCH↑,20250127,4.35,retrace_ok,回踩到位(接多窗口),4.3,False,bear,False,"[4.44, 4.59]",4.386,-3.4878,S3_NOT_AT_POI
301515.SZ,20250227,up,BOS↑,20250217,18.915,retrace_ok,回踩到位(接多窗口),18.915,False,bear,False,"[17.97, 18.38]",19.092,1.5492,S3_NOT_AT_POI
688317.SH,20250227,up,BOS↑,20250214,17.07,retrace_ok,回踩到位(接多窗口),16.92,True,bull,False,"[16.14, 16.52]",17.147,0.9154,ALL_OK
301391.SZ,20250221,up,CHoCH↑,20250122,35.734,no_retrace,尚未回踩,36.084,False,bear,False,"[33.42, 35.09]",39.822,0.3237,S2_NO_PULLBACK
000651.SZ,20250305,down,BOS↓,20250218,43.31,no_retrace,尚未反抽,43.09,True,none,True,"[41.69, 42.65]",41.73,1.9439,S1_TREND_FAIL
300457.SZ,20250304,up,BOS↑,20250303,21.585,no_retrace,尚未回踩,,True,bear,False,"[21.02, 21.41]",21.567,-0.7707,S2_NO_PULLBACK
300371.SZ,20250306,up,BOS↑,20250304,10.462,retrace_ok,回踩到位(接多窗口),10.262,True,none,False,"[10.07, 10.37]",10.437,-0.6922,ALL_OK
002203.SZ,20250307,down,BOS↓,20250224,9.75,retrace_ok,反抽受限(延续下跌),9.74,False,none,False,"[9.82, 10.11]",9.68,-1.4308,S1_TREND_FAIL
001286.SZ,20250313,down,CHoCH↓,20250219,8.95,retrace_fail,反抽收复(破位失败),9.11,False,bull,False,"[8.82, 8.93]",9.03,2.0759,S1_TREND_FAIL
603558.SH,20250326,down,BOS↓,20250306,9.148,retrace_fail,反抽收复(破位失败),9.678,True,none,False,"[8.92, 9.08]",9.408,-8.8976,S1_TREND_FAIL
002432.SZ,20250328,up,CHoCH↑,20250327,40.864,no_retrace,尚未回踩,,False,bull,True,"[40.14, 40.59]",40.584,-0.1933,S2_NO_PULLBACK
300749.SZ,20250305,up,BOS↑,20250217,7.04,retrace_ok,回踩到位(接多窗口),6.64,True,none,True,"[6.89, 7.12]",7.009,0.2016,ALL_OK
000709.SZ,20250320,up,CHoCH↑,20250207,2.09,retrace_ok,回踩到位(接多窗口),2.06,False,bull,False,"[2.12, 2.14]",2.18,0.8363,ALL_OK
301589.SZ,20250303,down,CHoCH↓,20250228,166.355,no_retrace,尚未反抽,,False,none,False,"[158.56, 163.08]",164.755,1.0286,S1_TREND_FAIL
002252.SZ,20250305,down,CHoCH↓,20241217,7.35,retrace_ok,反抽受限(延续下跌),7.36,True,bear,False,"[6.63, 6.73]",6.791,4.0469,S1_TREND_FAIL
600603.SH,20250305,down,CHoCH↓,20250226,8.99,retrace_ok,反抽受限(延续下跌),9.22,False,bull,False,"[9.41, 9.76]",8.88,-1.9765,S1_TREND_FAIL
300861.SZ,20250311,up,BOS↑,20250226,13.96,retrace_ok,回踩到位(接多窗口),13.61,False,none,False,"[13.45, 13.72]",14.16,-7.138,S3_NOT_AT_POI
002145.SZ,20250314,up,CHoCH↑,20250303,4.48,retrace_ok,回踩到位(接多窗口),4.41,False,none,False,"[4.33, 4.42]",4.55,3.7457,S3_NOT_AT_POI
300749.SZ,20250314,up,BOS↑,20250217,7.04,retrace_fail,回踩跌破(突破失败),6.64,True,bull,False,"[6.79, 6.92]",6.93,0.5507,S2_PULLBACK_BROKE
002145.SZ,20250321,up,CHoCH↑,20250303,4.48,retrace_ok,回踩到位(接多窗口),4.41,False,bear,False,"[4.33, 4.42]",4.455,5.9623,S3_NOT_AT_POI
301507.SZ,20250324,up,BOS↑,20250227,12.761,no_retrace,尚未回踩,12.841,False,bull,False,"[12.5, 12.76]",12.802,-0.717,S2_NO_PULLBACK
001228.SZ,20250306,up,CHoCH↑,20250221,21.5,retrace_ok,回踩到位(接多窗口),21.21,False,bull,True,"[21.47, 22.08]",21.59,2.8822,ALL_OK
000922.SZ,20250307,up,CHoCH↑,20250219,11.52,retrace_ok,回踩到位(接多窗口),11.12,True,bear,False,"[11.22, 11.45]",11.57,5.6382,ALL_OK
000912.SZ,20250312,up,BOS↑,20250212,4.58,retrace_ok,回踩到位(接多窗口),4.58,True,bear,False,"[4.51, 4.65]",4.742,4.6069,ALL_OK
000958.SZ,20250313,down,CHoCH↓,20250312,5.93,no_retrace,尚未反抽,,False,bull,False,"[6.05, 6.16]",5.841,-1.7838,S1_TREND_FAIL
688317.SH,20250313,up,BOS↑,20250214,17.07,retrace_ok,回踩到位(接多窗口),16.82,True,bull,False,"[16.14, 16.52]",17.285,-0.5465,ALL_OK
301395.SZ,20250326,down,CHoCH↓,20250324,9.759,retrace_fail,反抽收复(破位失败),9.926,True,none,False,"[9.85, 9.92]",9.67,3.9748,S1_TREND_FAIL
000929.SZ,20250328,up,BOS↑,20250310,6.98,retrace_ok,回踩到位(接多窗口),6.6,False,bear,False,"[6.64, 6.89]",6.93,-11.1801,S3_NOT_AT_POI
603759.SH,20250328,up,BOS↑,20250314,8.605,retrace_fail,回踩跌破(突破失败),8.365,False,bull,False,"[6.92, 7.12]",8.341,-5.853,S2_PULLBACK_BROKE
003027.SZ,20250317,up,BOS↑,20250305,15.041,retrace_ok,回踩到位(接多窗口),14.811,False,bear,False,"[14.4, 14.6]",15.111,0.9211,S3_NOT_AT_POI
300802.SZ,20250402,down,CHoCH↓,20250321,18.787,retrace_ok,反抽受限(延续下跌),18.857,True,bear,False,"[18.32, 18.73]",17.797,-9.9329,S1_TREND_FAIL
603195.SH,20250611,up,CHoCH↑,20250606,49.279,retrace_fail,回踩跌破(突破失败),47.16,False,none,False,"[47.0, 47.5]",48.0,-3.8806,S2_PULLBACK_BROKE
688352.SH,20250619,down,BOS↓,20250613,10.47,retrace_fail,反抽收复(破位失败),10.75,True,bear,False,"[10.56, 10.63]",10.85,-0.639,S1_TREND_FAIL
688352.SH,20250620,down,BOS↓,20250613,10.47,retrace_fail,反抽收复(破位失败),10.9,True,bear,False,"[10.56, 10.63]",10.72,1.4808,S1_TREND_FAIL
688303.SH,20250605,up,CHoCH↑,20250512,19.05,retrace_fail,回踩跌破(突破失败),18.74,False,none,True,"[18.89, 19.88]",18.9,1.1051,S2_PULLBACK_BROKE
002919.SZ,20250612,up,CHoCH↑,20250603,16.16,retrace_ok,回踩到位(接多窗口),16.21,False,bull,False,"[15.36, 15.79]",16.72,-2.9664,ALL_OK
002992.SZ,20250613,up,CHoCH↑,20250606,58.5,retrace_ok,回踩到位(接多窗口),58.3,False,bull,False,"[54.28, 56.07]",58.113,-0.8291,ALL_OK
600756.SH,20250613,up,CHoCH↑,20250526,15.17,retrace_ok,回踩到位(接多窗口),14.96,False,bear,True,"[14.61, 15.13]",15.068,-1.0674,ALL_OK
000422.SZ,20250612,down,CHoCH↓,20250603,11.77,retrace_ok,反抽受限(延续下跌),12.11,True,bull,False,"[10.96, 11.64]",11.78,-3.6192,S1_TREND_FAIL
002111.SZ,20250613,up,CHoCH↑,20250508,10.21,retrace_fail,回踩跌破(突破失败),9.82,True,bull,False,"[9.95, 10.06]",10.1,4.9953,S2_PULLBACK_BROKE
002023.SZ,20250619,up,BOS↑,20250603,10.79,retrace_fail,回踩跌破(突破失败),10.13,False,bull,False,"[8.82, 9.25]",10.217,-2.3222,S2_PULLBACK_BROKE
002262.SZ,20250619,down,CHoCH↓,20250613,21.3,retrace_fail,反抽收复(破位失败),21.33,False,none,False,"[21.84, 22.28]",21.087,-0.8673,S1_TREND_FAIL
002061.SZ,20250620,down,CHoCH↓,20250619,3.86,no_retrace,尚未反抽,,False,bull,False,"[3.9, 3.94]",3.84,5.032,S1_TREND_FAIL
600330.SH,20250620,up,BOS↑,20250605,6.808,retrace_ok,回踩到位(接多窗口),6.79,True,bear,False,"[6.71, 6.82]",6.9,4.2286,ALL_OK
002192.SZ,20250623,down,CHoCH↓,20250528,28.17,retrace_fail,反抽收复(破位失败),29.85,False,bear,False,"[28.17, 28.53]",28.62,3.6801,S1_TREND_FAIL
601390.SH,20250625,down,BOS↓,20250618,5.164,retrace_fail,反抽收复(破位失败),5.254,True,bear,True,"[5.22, 5.26]",5.234,0.0578,S1_TREND_FAIL
601598.SH,20250609,up,CHoCH↑,20250514,4.55,retrace_fail,回踩跌破(突破失败),4.41,False,bear,False,"[4.32, 4.41]",4.54,-0.6416,S2_PULLBACK_BROKE
603777.SH,20250609,down,CHoCH↓,20250523,12.96,retrace_fail,反抽收复(破位失败),15.46,False,none,False,"[13.31, 13.74]",14.28,-13.3665,S1_TREND_FAIL
600022.SH,20250612,down,CHoCH↓,20250603,1.31,retrace_fail,反抽收复(破位失败),1.33,True,bear,False,"[1.3, 1.31]",1.32,-3.424,S1_TREND_FAIL
688084.SH,20250619,up,BOS↑,20250613,70.89,retrace_fail,回踩跌破(突破失败),67.0,True,none,False,"[65.74, 66.9]",68.399,3.4287,S2_PULLBACK_BROKE
688298.SH,20250619,up,BOS↑,20250530,24.22,no_retrace,尚未回踩,24.47,False,bear,False,"[23.77, 24.56]",25.71,6.0815,S2_NO_PULLBACK
688739.SH,20250619,up,CHoCH↑,20250603,25.36,retrace_fail,回踩跌破(突破失败),25.111,False,bear,True,"[24.91, 25.16]",25.008,2.8778,S2_PULLBACK_BROKE
300218.SZ,20250623,up,CHoCH↑,20250506,13.307,retrace_ok,回踩到位(接多窗口),13.367,False,bear,False,"[14.18, 14.39]",13.884,6.6877,S3_NOT_AT_POI
688739.SH,20250623,up,CHoCH↑,20250603,25.36,retrace_fail,回踩跌破(突破失败),25.001,False,bear,True,"[24.91, 25.16]",25.161,2.3636,S2_PULLBACK_BROKE
000778.SZ,20250625,up,BOS↑,20250606,3.445,retrace_fail,回踩跌破(突破失败),3.295,True,bear,False,"[3.09, 3.14]",3.375,2.4981,S2_PULLBACK_BROKE
601011.SH,20250625,down,CHoCH↓,20250523,2.46,retrace_fail,反抽收复(破位失败),2.69,True,bear,False,"[2.51, 2.54]",2.584,3.5823,S1_TREND_FAIL
002716.SZ,20250626,up,CHoCH↑,20250604,3.58,retrace_ok,回踩到位(接多窗口),3.53,False,bear,False,"[3.59, 3.76]",3.83,13.1501,S3_NOT_AT_POI
603318.SH,20250626,down,CHoCH↓,20250530,6.312,retrace_fail,反抽收复(破位失败),6.882,False,bull,False,"[6.37, 6.48]",6.502,5.1566,S1_TREND_FAIL
002716.SZ,20250627,up,CHoCH↑,20250604,3.58,retrace_ok,回踩到位(接多窗口),3.53,False,bear,False,"[3.59, 3.76]",3.86,12.2691,S3_NOT_AT_POI
002049.SZ,20250701,up,CHoCH↑,20250624,63.08,retrace_ok,回踩到位(接多窗口),63.06,False,bear,False,"[63.57, 64.04]",65.201,0.4093,S3_NOT_AT_POI
000921.SZ,20250710,down,BOS↓,20250620,26.45,retrace_ok,反抽受限(延续下跌),26.62,True,none,False,,26.11,2.8109,S1_TREND_FAIL
688788.SH,20250711,up,BOS↑,20250625,29.84,retrace_fail,回踩跌破(突破失败),28.451,False,bear,False,"[27.23, 28.58]",28.594,12.7396,S2_PULLBACK_BROKE
688352.SH,20250703,up,CHoCH↑,20250624,10.88,retrace_ok,回踩到位(接多窗口),10.84,False,bull,False,"[10.56, 10.63]",11.05,2.7613,ALL_OK
688521.SH,20250716,up,BOS↑,20250627,89.97,retrace_fail,回踩跌破(突破失败),84.5,False,bear,False,"[87.92, 90.52]",86.29,0.8771,S2_PULLBACK_BROKE
000521.SZ,20250717,down,BOS↓,20250618,6.765,retrace_fail,反抽收复(破位失败),7.275,False,bull,False,"[6.67, 6.81]",7.095,2.1321,S1_TREND_FAIL
603836.SH,20250717,up,CHoCH↑,20250707,10.111,retrace_fail,回踩跌破(突破失败),9.436,False,bull,False,"[9.61, 9.95]",9.608,0.4208,S2_PULLBACK_BROKE
688788.SH,20250724,up,BOS↑,20250625,29.84,retrace_ok,回踩到位(接多窗口),28.372,False,bear,False,"[27.23, 28.58]",31.066,7.2203,S3_NOT_AT_POI
300433.SZ,20250703,up,CHoCH↑,20250605,20.844,retrace_ok,回踩到位(接多窗口),19.914,False,bear,False,"[19.56, 20.07]",21.352,1.8045,S3_NOT_AT_POI
002327.SZ,20250804,down,BOS↓,20250715,7.33,retrace_ok,反抽受限(延续下跌),7.38,False,none,False,"[7.25, 7.28]",7.23,1.3809,S1_TREND_FAIL
002327.SZ,20250814,down,BOS↓,20250715,7.33,retrace_ok,反抽受限(延续下跌),7.38,True,bull,True,"[7.25, 7.28]",7.28,0.0115,S1_TREND_FAIL
300096.SZ,20250819,down,BOS↓,20250814,3.86,retrace_fail,反抽收复(破位失败),3.93,False,none,False,"[4.07, 4.12]",3.841,9.5979,S1_TREND_FAIL
002221.SZ,20250926,up,CHoCH↑,20250925,9.01,no_retrace,尚未回踩,,False,bear,False,"[8.57, 8.66]",9.009,-9.0532,S2_NO_PULLBACK
301197.SZ,20250904,down,CHoCH↓,20250826,20.202,retrace_ok,反抽受限(延续下跌),20.772,False,none,False,"[20.15, 20.59]",18.692,16.3759,S1_TREND_FAIL
601665.SH,20250917,up,CHoCH↑,20250911,5.531,retrace_fail,回踩跌破(突破失败),5.271,False,none,False,"[5.33, 5.39]",5.297,5.5818,S2_PULLBACK_BROKE
603121.SH,20250919,up,CHoCH↑,20250918,18.65,no_retrace,尚未回踩,,True,none,True,"[18.31, 18.53]",18.473,3.2014,S2_NO_PULLBACK
002802.SZ,20250917,down,CHoCH↓,20250901,13.462,no_retrace,尚未反抽,13.302,False,none,False,"[12.76, 12.88]",13.072,0.127,S1_TREND_FAIL
688232.SH,20250917,down,BOS↓,20250903,28.781,retrace_ok,反抽受限(延续下跌),28.781,False,none,False,"[29.38, 29.87]",28.101,-0.0233,S1_TREND_FAIL
688232.SH,20250926,down,BOS↓,20250919,27.811,retrace_fail,反抽收复(破位失败),28.891,False,bear,False,"[27.88, 28.1]",27.671,-1.2672,S1_TREND_FAIL
301197.SZ,20250929,up,CHoCH↑,20250916,19.252,retrace_ok,回踩到位(接多窗口),19.212,False,bear,True,"[19.13, 19.85]",19.452,3.5508,ALL_OK
000526.SZ,20250924,down,BOS↓,20250909,47.19,retrace_ok,反抽受限(延续下跌),49.57,False,none,False,"[51.63, 52.21]",46.55,-3.5165,S1_TREND_FAIL
002969.SZ,20250930,down,CHoCH↓,20250827,3.56,retrace_ok,反抽受限(延续下跌),3.65,False,none,False,"[3.44, 3.48]",3.495,5.0347,S1_TREND_FAIL
300791.SZ,20250910,down,CHoCH↓,20250903,24.171,retrace_fail,反抽收复(破位失败),25.641,True,bear,False,"[23.48, 24.1]",24.871,-5.1692,S1_TREND_FAIL
000906.SZ,20251013,up,CHoCH↑,20251010,6.23,no_retrace,尚未回踩,,True,none,False,,6.178,0.3983,S2_NO_PULLBACK
002413.SZ,20251031,up,BOS↑,20251028,5.64,retrace_fail,回踩跌破(突破失败),5.48,False,bear,False,"[5.24, 5.33]",5.59,0.4929,S2_PULLBACK_BROKE
002221.SZ,20251009,up,CHoCH↑,20250925,9.01,retrace_fail,回踩跌破(突破失败),8.57,True,bear,True,"[8.5, 8.65]",8.524,-4.0416,S2_PULLBACK_BROKE
301258.SZ,20251014,down,BOS↓,20250919,33.587,retrace_ok,反抽受限(延续下跌),34.267,False,none,False,"[32.24, 32.68]",33.557,2.7943,S1_TREND_FAIL
301325.SZ,20251028,down,BOS↓,20251010,63.17,no_retrace,尚未反抽,61.55,False,none,False,"[61.51, 63.9]",57.1,7.1158,S1_TREND_FAIL
002481.SZ,20251009,up,BOS↑,20250908,5.91,retrace_fail,回踩跌破(突破失败),5.38,True,none,True,"[5.46, 5.6]",5.494,9.8173,S2_PULLBACK_BROKE
600686.SH,20251009,down,BOS↓,20250916,11.65,retrace_ok,反抽受限(延续下跌),11.74,False,bull,False,"[12.16, 12.29]",11.37,4.2874,S1_TREND_FAIL
605266.SH,20251013,down,CHoCH↓,20250922,20.253,no_retrace,尚未反抽,19.783,True,none,False,"[19.43, 19.76]",19.318,3.0364,S1_TREND_FAIL
688166.SH,20251103,up,CHoCH↑,20251031,56.034,no_retrace,尚未回踩,,False,bear,False,"[90.29, 93.0]",56.81,-8.351,S2_NO_PULLBACK
688010.SH,20251121,up,CHoCH↑,20251117,27.32,retrace_fail,回踩跌破(突破失败),26.5,False,bull,True,"[26.61, 26.97]",26.75,5.0704,S2_PULLBACK_BROKE
000513.SZ,20251110,up,CHoCH↑,20251107,35.51,no_retrace,尚未回踩,,False,bear,False,"[36.6, 36.87]",35.9,-4.8666,S2_NO_PULLBACK
300592.SZ,20251105,down,CHoCH↓,20250923,10.904,retrace_ok,反抽受限(延续下跌),11.084,False,bear,False,"[11.13, 11.31]",10.694,-1.2117,S1_TREND_FAIL
000513.SZ,20251106,down,BOS↓,20251017,36.27,retrace_ok,反抽受限(延续下跌),36.42,True,none,False,"[36.6, 36.87]",35.15,-2.8781,S1_TREND_FAIL
000513.SZ,20251107,down,BOS↓,20251017,36.27,retrace_ok,反抽受限(延续下跌),36.42,False,bear,False,"[36.6, 36.87]",35.36,-3.446,S1_TREND_FAIL
688321.SH,20251107,down,BOS↓,20251014,30.312,retrace_fail,反抽收复(破位失败),31.942,False,bull,False,"[28.83, 29.51]",30.128,-9.4927,S1_TREND_FAIL
002892.SZ,20251119,down,BOS↓,20251107,13.398,retrace_ok,反抽受限(延续下跌),13.428,False,none,False,"[13.49, 13.61]",13.017,-2.9843,S1_TREND_FAIL
002892.SZ,20251121,down,BOS↓,20251107,13.398,retrace_ok,反抽受限(延续下跌),13.428,False,none,False,"[13.49, 13.61]",12.729,-2.0574,S1_TREND_FAIL
605555.SH,20251128,up,CHoCH↑,20251028,17.32,retrace_fail,回踩跌破(突破失败),16.4,False,none,True,"[16.53, 17.09]",16.91,7.4319,S2_PULLBACK_BROKE
600872.SH,20251106,down,BOS↓,20251027,17.76,retrace_ok,反抽受限(延续下跌),17.91,False,none,False,,17.69,0.3393,S1_TREND_FAIL
601919.SH,20251107,up,CHoCH↑,20251027,14.1,no_retrace,尚未回踩,14.21,False,bull,False,"[13.42, 13.74]",14.73,0.6842,S2_NO_PULLBACK
603369.SH,20251107,down,BOS↓,20251029,37.12,retrace_ok,反抽受限(延续下跌),38.0,False,none,False,"[37.3, 37.46]",36.78,0.5933,S1_TREND_FAIL
600576.SH,20251119,up,CHoCH↑,20251110,7.44,retrace_ok,回踩到位(接多窗口),7.42,False,bull,False,"[8.22, 8.38]",7.385,-0.2295,ALL_OK
600858.SH,20251126,down,CHoCH↓,20251121,5.45,retrace_fail,反抽收复(破位失败),5.66,False,bear,True,"[5.57, 5.68]",5.62,6.1529,S1_TREND_FAIL
688267.SH,20251126,down,CHoCH↓,20251121,20.628,retrace_fail,反抽收复(破位失败),20.998,False,bull,False,"[21.12, 21.53]",20.628,9.572,S1_TREND_FAIL
600278.SH,20251128,down,CHoCH↓,20251121,7.951,no_retrace,尚未反抽,7.771,False,bull,False,"[8.05, 8.12]",7.574,-2.1869,S1_TREND_FAIL
002051.SZ,20251106,up,CHoCH↑,20251021,8.51,retrace_ok,回踩到位(接多窗口),8.44,False,bull,True,"[8.36, 8.59]",8.54,-0.1661,ALL_OK
600566.SH,20251126,up,CHoCH↑,20251107,24.11,retrace_ok,回踩到位(接多窗口),23.92,True,bull,False,"[23.47, 24.17]",24.215,7.6558,ALL_OK
601233.SH,20251127,up,CHoCH↑,20251107,14.86,retrace_fail,回踩跌破(突破失败),14.38,False,bull,True,"[14.33, 14.79]",14.41,0.5352,S2_PULLBACK_BROKE
002387.SZ,20251201,up,CHoCH↑,20251110,9.21,retrace_fail,回踩跌破(突破失败),8.67,True,bear,True,"[8.89, 9.41]",9.0,0.2988,S2_PULLBACK_BROKE
688310.SH,20251201,down,CHoCH↓,20251107,17.81,no_retrace,尚未反抽,17.28,True,none,False,"[18.57, 19.2]",15.622,-7.457,S1_TREND_FAIL
600873.SH,20251231,up,CHoCH↑,20251226,9.802,retrace_fail,回踩跌破(突破失败),9.712,False,bull,False,"[9.54, 9.6]",9.722,1.3556,S2_PULLBACK_BROKE
000521.SZ,20251204,down,BOS↓,20251128,6.455,retrace_fail,反抽收复(破位失败),6.615,False,bear,False,"[6.7, 6.74]",6.529,-2.3233,S1_TREND_FAIL
300531.SZ,20251204,down,CHoCH↓,20251121,17.281,retrace_ok,反抽受限(延续下跌),17.711,False,none,False,"[17.64, 18.22]",16.772,-2.52,S1_TREND_FAIL
300834.SZ,20260105,up,CHoCH↑,20251229,22.305,retrace_ok,回踩到位(接多窗口),22.155,False,bear,False,"[21.2, 21.44]",23.085,1.5024,S3_NOT_AT_POI
000513.SZ,20260107,up,CHoCH↑,20260106,33.89,no_retrace,尚未回踩,,False,bull,False,"[36.6, 36.87]",34.29,0.8517,S2_NO_PULLBACK
603039.SH,20260108,up,CHoCH↑,20251230,42.813,retrace_ok,回踩到位(接多窗口),42.604,False,none,False,"[40.75, 41.2]",46.413,-0.1504,S3_NOT_AT_POI
600872.SH,20260105,up,CHoCH↑,20251231,17.01,no_retrace,尚未回踩,,False,bull,False,"[16.43, 16.56]",16.939,0.5965,S2_NO_PULLBACK
002675.SZ,20260106,up,CHoCH↑,20260105,13.67,no_retrace,尚未回踩,,False,bear,False,"[14.65, 14.84]",13.97,3.8865,S2_NO_PULLBACK
002875.SZ,20260121,up,CHoCH↑,20251226,16.21,no_retrace,尚未回踩,16.42,False,bear,False,"[16.11, 16.61]",17.513,0.2274,S2_NO_PULLBACK
601618.SH,20260128,up,CHoCH↑,20260126,3.17,retrace_fail,回踩跌破(突破失败),3.14,False,bear,False,"[3.0, 3.03]",3.14,-0.1137,S2_PULLBACK_BROKE
688612.SH,20260128,down,CHoCH↓,20260126,32.582,retrace_fail,反抽收复(破位失败),33.002,False,none,False,"[33.05, 33.44]",32.256,-1.9288,S1_TREND_FAIL
000048.SZ,20260109,up,CHoCH↑,20251224,13.98,no_retrace,尚未回踩,14.19,False,bear,False,"[13.8, 14.71]",15.27,17.4427,S2_NO_PULLBACK
002488.SZ,20260109,up,CHoCH↑,20251229,8.87,retrace_ok,回踩到位(接多窗口),8.73,False,none,False,"[8.1, 8.27]",10.31,1.8266,S3_NOT_AT_POI
688576.SH,20260109,down,BOS↓,20251211,41.403,retrace_fail,反抽收复(破位失败),46.333,True,bull,False,"[43.97, 44.46]",43.959,4.0171,S1_TREND_FAIL
002422.SZ,20260107,down,BOS↓,20251225,30.052,retrace_fail,反抽收复(破位失败),30.282,False,none,False,"[31.5, 31.54]",30.182,3.7599,S1_TREND_FAIL
002675.SZ,20260107,up,CHoCH↑,20260105,13.67,no_retrace,尚未回踩,13.81,False,bear,False,"[14.65, 14.84]",14.04,3.3676,S2_NO_PULLBACK
688506.SH,20260109,down,BOS↓,20251224,346.2,retrace_ok,反抽受限(延续下跌),348.0,False,none,False,"[356.29, 366.68]",332.3,-8.1724,S1_TREND_FAIL
688506.SH,20260112,down,BOS↓,20251224,346.2,retrace_ok,反抽受限(延续下跌),348.0,True,none,False,"[356.29, 366.68]",340.461,-10.3783,S1_TREND_FAIL
002608.SZ,20260119,up,CHoCH↑,20260116,7.43,no_retrace,尚未回踩,,False,bear,False,"[7.56, 7.61]",7.41,-0.319,S2_NO_PULLBACK
600211.SH,20260122,up,CHoCH↑,20260105,41.745,no_retrace,尚未回踩,42.635,False,none,False,"[41.77, 42.5]",43.655,-4.4005,S2_NO_PULLBACK
600329.SH,20260209,up,CHoCH↑,20260205,40.48,no_retrace,尚未回踩,42.1,False,none,False,"[41.19, 41.54]",42.54,-1.6533,S2_NO_PULLBACK
603858.SH,20260204,up,BOS↑,20260120,16.77,retrace_ok,回踩到位(接多窗口),16.53,False,none,False,"[15.85, 16.19]",17.167,1.0734,S3_NOT_AT_POI
002286.SZ,20260209,up,CHoCH↑,20260204,10.25,retrace_ok,回踩到位(接多窗口),10.22,False,none,False,"[9.67, 9.87]",10.59,-0.7673,S3_NOT_AT_POI
601137.SH,20260211,down,BOS↓,20260202,19.279,retrace_fail,反抽收复(破位失败),19.829,False,bear,False,"[21.73, 22.19]",19.569,5.4141,S1_TREND_FAIL
688617.SH,20260211,down,BOS↓,20260202,230.013,retrace_fail,反抽收复(破位失败),243.453,False,bull,False,"[244.5, 249.76]",244.003,-6.1587,S1_TREND_FAIL
301320.SZ,20260205,up,BOS↑,20260114,18.341,retrace_fail,回踩跌破(突破失败),17.291,False,none,False,"[16.41, 16.92]",18.061,3.3411,S2_PULLBACK_BROKE
600436.SH,20260206,up,CHoCH↑,20260205,167.97,no_retrace,尚未回踩,,False,bear,False,"[166.5, 166.82]",171.45,-8.6772,S2_NO_PULLBACK
300679.SZ,20260210,down,BOS↓,20260126,44.375,retrace_ok,反抽受限(延续下跌),45.495,False,bear,False,"[48.61, 49.29]",42.665,-6.9528,S1_TREND_FAIL
301130.SZ,20260211,up,BOS↑,20260121,31.127,retrace_ok,回踩到位(接多窗口),30.457,True,bear,False,"[28.84, 29.49]",31.43,0.8623,ALL_OK
600743.SH,20260211,down,BOS↓,20260202,1.91,retrace_fail,反抽收复(破位失败),2.02,False,bear,False,"[1.97, 1.98]",2.01,-0.2508,S1_TREND_FAIL
300679.SZ,20260213,down,BOS↓,20260126,44.375,retrace_ok,反抽受限(延续下跌),45.495,True,none,False,"[48.61, 49.29]",41.407,-3.8248,S1_TREND_FAIL
688617.SH,20260213,down,BOS↓,20260202,230.013,retrace_fail,反抽收复(破位失败),244.003,False,bull,False,"[244.5, 249.76]",233.306,-1.5947,S1_TREND_FAIL
600208.SH,20260224,down,CHoCH↓,20260130,3.89,no_retrace,尚未反抽,3.83,False,none,False,"[3.93, 3.97]",3.7,0.2476,S1_TREND_FAIL
002475.SZ,20260225,down,BOS↓,20260212,50.351,retrace_fail,反抽收复(破位失败),51.351,False,none,False,"[54.45, 55.7]",50.411,-1.9758,S1_TREND_FAIL
600971.SH,20260211,up,BOS↑,20260126,6.26,retrace_ok,回踩到位(接多窗口),6.13,True,bear,False,"[6.21, 6.38]",6.613,5.1356,ALL_OK
600801.SH,20260204,up,BOS↑,20260122,25.19,retrace_fail,回踩跌破(突破失败),22.56,False,bear,True,"[23.48, 24.08]",23.63,-2.6805,S2_PULLBACK_BROKE
688317.SH,20260204,up,BOS↑,20260126,21.8,retrace_fail,回踩跌破(突破失败),21.36,False,bull,True,"[21.42, 22.98]",21.483,0.042,S2_PULLBACK_BROKE
002015.SZ,20260205,up,BOS↑,20260112,10.59,retrace_ok,回踩到位(接多窗口),10.21,False,none,False,"[10.2, 10.49]",10.771,6.3251,S3_NOT_AT_POI
600873.SH,20260206,up,BOS↑,20260115,9.992,retrace_ok,回踩到位(接多窗口),9.892,False,bull,False,"[9.9, 10.07]",10.209,4.1276,ALL_OK
301307.SZ,20260306,down,BOS↓,20260113,33.97,retrace_fail,反抽收复(破位失败),39.58,False,none,False,"[33.17, 34.13]",37.165,4.4752,S1_TREND_FAIL
002955.SZ,20260319,down,BOS↓,20260302,26.85,retrace_ok,反抽受限(延续下跌),27.5,True,none,False,"[26.92, 26.98]",25.413,-2.8504,S1_TREND_FAIL
300633.SZ,20260319,down,BOS↓,20260302,26.421,retrace_ok,反抽受限(延续下跌),27.451,False,none,False,"[27.96, 28.19]",25.761,-5.5516,S1_TREND_FAIL
603885.SH,20260326,down,BOS↓,20260319,11.4,retrace_fail,反抽收复(破位失败),11.7,False,none,False,"[11.7, 11.94]",11.543,2.9426,S1_TREND_FAIL
000009.SZ,20260311,down,BOS↓,20260303,9.32,retrace_ok,反抽受限(延续下跌),9.29,False,bear,False,"[9.41, 9.48]",9.18,-5.9054,S1_TREND_FAIL
000408.SZ,20260325,down,BOS↓,20260319,74.007,no_retrace,尚未反抽,73.347,False,bear,True,"[75.65, 76.99]",75.937,6.9561,S1_TREND_FAIL
000408.SZ,20260326,down,BOS↓,20260319,74.007,retrace_fail,反抽收复(破位失败),76.837,False,bear,False,"[75.65, 76.99]",74.881,8.4677,S1_TREND_FAIL
603836.SH,20260306,up,BOS↑,20260303,10.64,retrace_fail,回踩跌破(突破失败),9.974,False,bull,False,"[9.64, 9.85]",10.11,-5.1864,S2_PULLBACK_BROKE
300583.SZ,20260310,down,BOS↓,20260302,14.775,retrace_ok,反抽受限(延续下跌),15.195,False,bear,False,"[14.38, 14.57]",14.595,-0.5219,S1_TREND_FAIL
688278.SH,20260316,down,BOS↓,20260310,69.415,retrace_fail,反抽收复(破位失败),70.765,False,bull,True,"[69.29, 70.77]",69.473,-2.1037,S1_TREND_FAIL
600909.SH,20260311,down,BOS↓,20260212,6.4,retrace_ok,反抽受限(延续下跌),6.43,False,bear,False,"[7.02, 7.17]",6.05,-3.6518,S1_TREND_FAIL
600208.SH,20260316,down,BOS↓,20260303,3.61,retrace_ok,反抽受限(延续下跌),3.69,False,bull,False,"[3.63, 3.68]",3.465,-4.9156,S1_TREND_FAIL
600679.SH,20260319,down,BOS↓,20260302,12.667,no_retrace,尚未反抽,12.577,False,none,False,"[12.86, 12.9]",12.006,-3.3432,S1_TREND_FAIL
603043.SH,20260330,down,BOS↓,20260319,16.07,retrace_ok,反抽受限(延续下跌),16.17,False,none,False,"[16.22, 16.34]",15.256,-3.9452,S1_TREND_FAIL
000063.SZ,20260529,up,BOS↑,20260506,37.372,retrace_ok,回踩到位(接多窗口),34.022,False,bull,False,"[35.49, 36.43]",37.513,1.4191,ALL_OK
600239.SH,20260529,down,BOS↓,20260526,1.47,retrace_fail,反抽收复(破位失败),1.48,True,none,False,"[2.24, 2.28]",1.53,-6.55,S1_TREND_FAIL
603456.SH,20260527,down,BOS↓,20260525,12.6,retrace_fail,反抽收复(破位失败),12.95,True,none,False,,12.603,-1.7278,S1_TREND_FAIL
688068.SH,20260527,down,BOS↓,20260513,106.61,no_retrace,尚未反抽,102.34,False,none,False,"[108.97, 110.9]",85.209,-7.7309,S1_TREND_FAIL
300883.SZ,20260528,up,BOS↑,20260429,6.82,retrace_ok,回踩到位(接多窗口),6.78,False,none,True,"[6.85, 7.1]",6.86,-7.1959,ALL_OK
600567.SH,20260611,down,BOS↓,20260609,1.31,retrace_fail,反抽收复(破位失败),1.41,True,none,False,"[1.33, 1.34]",1.356,-5.2521,S1_TREND_FAIL
002758.SZ,20260615,down,BOS↓,20260608,7.805,retrace_fail,反抽收复(破位失败),7.865,False,bear,False,"[7.93, 8.03]",7.885,-2.99,S1_TREND_FAIL
600679.SH,20260608,down,BOS↓,20260512,10.917,retrace_ok,反抽受限(延续下跌),11.417,False,bull,False,"[11.41, 11.57]",10.402,-10.6,S1_TREND_FAIL
600567.SH,20260612,down,BOS↓,20260609,1.31,retrace_fail,反抽收复(破位失败),1.41,True,none,False,"[1.33, 1.34]",1.297,7.0723,S1_TREND_FAIL
603987.SH,20260612,down,BOS↓,20260604,7.23,retrace_ok,反抽受限(延续下跌),7.37,False,none,False,"[7.31, 7.38]",7.118,-0.934,S1_TREND_FAIL
300871.SZ,20260615,down,CHoCH↓,20260430,26.121,retrace_ok,反抽受限(延续下跌),26.621,False,bear,False,"[24.85, 25.55]",22.281,2.6908,S1_TREND_FAIL
300193.SZ,20260616,down,CHoCH↓,20260521,7.94,retrace_fail,反抽收复(破位失败),8.48,False,bear,False,"[8.09, 8.22]",8.316,-4.9122,S1_TREND_FAIL
301223.SZ,20260616,down,BOS↓,20260604,16.663,retrace_ok,反抽受限(延续下跌),16.753,True,none,False,"[18.96, 19.19]",16.78,-2.6463,S1_TREND_FAIL
688377.SH,20260604,down,CHoCH↓,20260527,30.133,retrace_fail,反抽收复(破位失败),31.69,True,bull,False,"[31.64, 32.87]",31.373,-9.5393,S1_TREND_FAIL
605507.SH,20260605,down,BOS↓,20260518,15.943,retrace_ok,反抽受限(延续下跌),16.09,False,bear,False,"[16.42, 16.46]",15.84,-4.4321,S1_TREND_FAIL
600187.SH,20260612,down,BOS↓,20260508,1.66,retrace_ok,反抽受限(延续下跌),1.77,True,bear,False,"[1.77, 1.79]",1.584,-15.7731,S1_TREND_FAIL
301333.SZ,20260616,down,BOS↓,20260603,48.361,retrace_ok,反抽受限(延续下跌),48.341,False,bear,False,"[64.97, 66.08]",45.442,13.6648,S1_TREND_FAIL
603899.SH,20260601,down,BOS↓,20260513,23.456,retrace_ok,反抽受限(延续下跌),23.506,False,bear,False,"[23.19, 23.45]",22.82,-2.9342,S1_TREND_FAIL
002637.SZ,20260603,down,CHoCH↓,20260521,11.705,retrace_fail,反抽收复(破位失败),12.865,False,bear,False,"[12.06, 12.35]",12.499,1.0045,S1_TREND_FAIL
600585.SH,20260603,down,BOS↓,20260515,20.29,no_retrace,尚未反抽,19.79,True,none,False,"[20.46, 20.61]",19.325,-4.9084,S1_TREND_FAIL
605507.SH,20260603,down,BOS↓,20260518,15.943,retrace_ok,反抽受限(延续下跌),16.09,False,bull,False,"[16.08, 16.2]",15.484,-2.0988,S1_TREND_FAIL
000100.SZ,20260604,up,CHoCH↑,20260525,4.32,retrace_ok,回踩到位(接多窗口),4.17,False,none,False,"[4.2, 4.34]",4.604,1.1383,S3_NOT_AT_POI
000055.SZ,20260609,up,BOS↑,20260602,3.83,retrace_fail,回踩跌破(突破失败),3.51,False,bull,False,"[3.57, 3.76]",3.534,7.7806,S2_PULLBACK_BROKE
002206.SZ,20260611,down,CHoCH↓,20260512,5.99,retrace_ok,反抽受限(延续下跌),6.13,False,none,False,"[5.23, 5.32]",5.207,2.0874,S1_TREND_FAIL
002332.SZ,20260611,down,BOS↓,20260514,8.7,retrace_ok,反抽受限(延续下跌),8.8,False,bear,False,"[8.29, 8.36]",8.474,0.1146,S1_TREND_FAIL
300347.SZ,20260611,down,BOS↓,20260608,38.479,retrace_fail,反抽收复(破位失败),39.539,False,bear,False,"[49.61, 51.73]",38.253,26.0276,S1_TREND_FAIL
002223.SZ,20260615,down,BOS↓,20260608,25.44,retrace_fail,反抽收复(破位失败),25.96,False,none,False,"[29.21, 29.46]",25.96,-4.0712,S1_TREND_FAIL
300347.SZ,20260615,down,BOS↓,20260608,38.479,retrace_fail,反抽收复(破位失败),40.479,False,none,False,"[49.61, 51.73]",39.302,0.5654,S1_TREND_FAIL
603579.SH,20260615,down,BOS↓,20260608,18.09,retrace_fail,反抽收复(破位失败),18.83,False,bull,False,"[19.71, 20.28]",18.72,-0.2985,S1_TREND_FAIL
301263.SZ,20260617,down,BOS↓,20260525,21.608,retrace_ok,反抽受限(延续下跌),22.32,True,none,False,"[21.42, 22.21]",19.523,-9.2489,S1_TREND_FAIL
301333.SZ,20260617,down,BOS↓,20260603,48.361,retrace_ok,反抽受限(延续下跌),48.341,False,bull,False,"[64.97, 66.08]",45.135,15.1185,S1_TREND_FAIL
301097.SZ,20260618,down,CHoCH↓,20260527,41.222,no_retrace,尚未反抽,40.138,True,none,False,"[42.3, 43.18]",36.016,4.737,S1_TREND_FAIL
300245.SZ,20260601,down,BOS↓,20260525,6.72,no_retrace,尚未反抽,6.66,False,bear,False,"[13.24, 13.61]",6.66,-2.2301,S1_TREND_FAIL
000409.SZ,20260604,up,CHoCH↑,20260525,10.42,retrace_fail,回踩跌破(突破失败),9.41,False,none,False,"[9.65, 9.9]",9.524,-4.5264,S2_PULLBACK_BROKE
300583.SZ,20260604,down,BOS↓,20260603,12.675,no_retrace,尚未反抽,,False,none,False,"[13.82, 14.26]",12.469,-1.8729,S1_TREND_FAIL
603858.SH,20260604,down,CHoCH↓,20260515,15.89,no_retrace,尚未反抽,15.67,False,none,False,"[16.09, 16.23]",14.84,-3.5877,S1_TREND_FAIL
300611.SZ,20260605,up,CHoCH↑,20260519,25.82,retrace_ok,回踩到位(接多窗口),25.35,True,bull,True,"[25.42, 26.38]",25.75,-0.3183,ALL_OK
688278.SH,20260605,down,BOS↓,20260527,55.385,retrace_ok,反抽受限(延续下跌),57.38,False,none,False,"[55.2, 56.24]",53.559,9.9354,S1_TREND_FAIL
688513.SH,20260605,down,BOS↓,20260602,47.126,retrace_ok,反抽受限(延续下跌),48.52,False,none,False,"[62.53, 63.36]",46.391,-2.2323,S1_TREND_FAIL
688606.SH,20260608,down,BOS↓,20260518,53.56,no_retrace,尚未反抽,53.0,False,none,False,"[54.36, 55.02]",49.154,-7.2355,S1_TREND_FAIL
000055.SZ,20260610,up,BOS↑,20260602,3.83,retrace_fail,回踩跌破(突破失败),3.51,False,bull,True,"[3.57, 3.76]",3.663,0.9652,S2_PULLBACK_BROKE
601800.SH,20260612,down,BOS↓,20260608,6.093,retrace_fail,反抽收复(破位失败),6.213,True,none,True,"[6.17, 6.23]",6.203,-3.3188,S1_TREND_FAIL
688109.SH,20260612,up,CHoCH↑,20260604,86.53,retrace_fail,回踩跌破(突破失败),77.23,False,none,False,"[94.88, 97.47]",77.42,3.1232,S2_PULLBACK_BROKE
000801.SZ,20260615,down,BOS↓,20260608,12.38,retrace_ok,反抽受限(延续下跌),12.7,False,none,False,"[13.07, 13.41]",12.226,-1.4207,S1_TREND_FAIL
300791.SZ,20260615,down,BOS↓,20260608,16.681,retrace_fail,反抽收复(破位失败),17.28,False,bear,False,"[17.11, 17.46]",17.0,-4.8095,S1_TREND_FAIL
600872.SH,20260615,down,BOS↓,20260604,18.31,no_retrace,尚未反抽,18.16,False,none,False,"[18.55, 18.75]",17.51,-6.592,S1_TREND_FAIL
300883.SZ,20260616,down,CHoCH↓,20260529,6.55,retrace_ok,反抽受限(延续下跌),6.82,False,none,False,"[6.85, 7.1]",6.326,-3.0934,S1_TREND_FAIL
000564.SZ,20260617,down,BOS↓,20260609,1.55,retrace_fail,反抽收复(破位失败),1.6,False,bear,False,"[1.62, 1.68]",1.584,-4.9047,S1_TREND_FAIL
300347.SZ,20260617,down,BOS↓,20260608,38.479,retrace_fail,反抽收复(破位失败),40.479,False,none,False,"[49.61, 51.73]",38.847,0.9277,S1_TREND_FAIL
600179.SH,20260603,up,CHoCH↑,20260521,4.43,retrace_fail,回踩跌破(突破失败),4.27,False,bear,True,"[4.33, 4.37]",4.346,4.5809,S2_PULLBACK_BROKE
301078.SZ,20260605,down,CHoCH↓,20260604,8.41,no_retrace,尚未反抽,,False,none,False,"[8.82, 9.05]",8.187,-2.1953,S1_TREND_FAIL
002452.SZ,20260610,up,BOS↑,20260525,11.94,retrace_fail,回踩跌破(突破失败),10.87,False,bull,False,"[10.9, 11.27]",11.286,9.4688,S2_PULLBACK_BROKE
002661.SZ,20260611,down,CHoCH↓,20260512,8.513,retrace_ok,反抽受限(延续下跌),8.553,False,bear,False,"[8.35, 8.47]",7.861,-6.3837,S1_TREND_FAIL
300082.SZ,20260616,down,CHoCH↓,20260514,11.43,retrace_ok,反抽受限(延续下跌),11.66,False,bear,False,"[11.48, 11.52]",9.67,-5.8697,S1_TREND_FAIL
000100.SZ,20260610,up,CHoCH↑,20260525,4.32,retrace_ok,回踩到位(接多窗口),4.17,False,none,False,"[4.2, 4.34]",4.722,2.0876,S3_NOT_AT_POI
300143.SZ,20260720,up,CHoCH↑,20260715,7.2,retrace_fail,回踩跌破(突破失败),7.01,True,bear,False,"[6.57, 6.71]",7.009,5.307,S2_PULLBACK_BROKE
600382.SH,20260729,down,BOS↓,20260717,5.76,retrace_fail,反抽收复(破位失败),6.22,False,none,False,"[8.21, 8.37]",6.25,0.718,S1_TREND_FAIL
300906.SZ,20260730,up,CHoCH↑,20260729,25.18,no_retrace,尚未回踩,,False,none,False,"[24.42, 24.59]",25.146,-0.3593,S2_NO_PULLBACK
301032.SZ,20260722,down,BOS↓,20260721,9.07,no_retrace,尚未反抽,,False,none,False,"[9.38, 9.64]",8.99,9.9244,S1_TREND_FAIL
300988.SZ,20260724,up,CHoCH↑,20260722,14.95,retrace_ok,回踩到位(接多窗口),14.6,False,none,False,"[15.28, 15.55]",14.81,-2.5251,S3_NOT_AT_POI
301446.SZ,20260724,down,BOS↓,20260717,31.4,retrace_fail,反抽收复(破位失败),32.99,False,bear,False,"[41.05, 41.88]",31.977,23.6725,S1_TREND_FAIL
002888.SZ,20260728,down,CHoCH↓,20260706,20.51,retrace_ok,反抽受限(延续下跌),20.43,False,none,False,"[19.1, 19.99]",15.731,17.0396,S1_TREND_FAIL
601799.SH,20260729,down,BOS↓,20260717,87.28,retrace_fail,反抽收复(破位失败),95.09,True,bull,True,"[90.96, 93.97]",93.09,1.0371,S1_TREND_FAIL
603390.SH,20260729,down,BOS↓,20260708,10.21,retrace_ok,反抽受限(延续下跌),10.46,False,none,False,"[10.4, 10.55]",9.52,7.6932,S1_TREND_FAIL
600382.SH,20260730,down,BOS↓,20260717,5.76,retrace_fail,反抽收复(破位失败),6.33,False,bull,False,"[8.21, 8.37]",6.3,0.2339,S1_TREND_FAIL
301446.SZ,20260731,down,BOS↓,20260717,31.4,retrace_fail,反抽收复(破位失败),34.44,False,bear,False,"[41.05, 41.88]",33.29,14.5298,S1_TREND_FAIL
603920.SH,20260731,down,BOS↓,20260730,31.91,no_retrace,尚未反抽,,True,none,False,"[54.27, 56.06]",32.9,20.7129,S1_TREND_FAIL
002858.SZ,20260717,down,BOS↓,20260709,10.57,retrace_fail,反抽收复(破位失败),11.23,False,bear,False,"[11.84, 12.04]",10.92,-5.7828,S1_TREND_FAIL
601717.SH,20260717,down,BOS↓,20260623,15.96,no_retrace,尚未反抽,15.45,False,bull,False,"[14.03, 14.34]",15.028,0.4206,S1_TREND_FAIL
688326.SH,20260717,down,BOS↓,20260713,65.74,retrace_fail,反抽收复(破位失败),68.14,True,none,False,"[67.47, 68.89]",67.043,-4.9378,S1_TREND_FAIL
002340.SZ,20260720,down,BOS↓,20260716,6.35,retrace_ok,反抽受限(延续下跌),6.43,False,none,False,"[6.52, 6.66]",6.237,7.8089,S1_TREND_FAIL
301087.SZ,20260721,up,CHoCH↑,20260629,46.0,retrace_ok,回踩到位(接多窗口),45.84,False,none,False,"[44.95, 46.55]",50.193,3.73,S3_NOT_AT_POI
601600.SH,20260721,up,CHoCH↑,20260714,8.7,retrace_ok,回踩到位(接多窗口),8.33,False,bear,False,"[8.15, 8.27]",9.078,7.2042,S3_NOT_AT_POI
000695.SZ,20260722,down,BOS↓,20260626,12.42,retrace_fail,反抽收复(破位失败),13.08,True,none,False,"[11.99, 12.23]",12.484,4.2937,S1_TREND_FAIL
002858.SZ,20260722,down,BOS↓,20260709,10.57,retrace_ok,反抽受限(延续下跌),11.28,False,none,False,"[11.84, 12.04]",10.108,13.1279,S1_TREND_FAIL
300014.SZ,20260722,down,CHoCH↓,20260706,60.52,retrace_ok,反抽受限(延续下跌),60.59,False,bear,False,"[57.39, 60.23]",53.668,0.4595,S1_TREND_FAIL
300183.SZ,20260723,down,BOS↓,20260720,9.36,retrace_fail,反抽收复(破位失败),9.94,True,none,False,"[13.52, 13.62]",9.92,5.727,S1_TREND_FAIL
688032.SH,20260723,down,BOS↓,20260721,74.03,retrace_fail,反抽收复(破位失败),75.69,False,none,False,"[108.53, 110.09]",74.854,4.7681,S1_TREND_FAIL
002020.SZ,20260727,down,CHoCH↓,20260724,13.57,no_retrace,尚未反抽,,False,bull,False,"[13.83, 14.18]",13.325,6.4501,S1_TREND_FAIL
002340.SZ,20260727,down,BOS↓,20260716,6.35,retrace_fail,反抽收复(破位失败),6.67,True,none,False,"[6.52, 6.66]",6.48,4.0666,S1_TREND_FAIL
300091.SZ,20260727,down,BOS↓,20260610,2.85,retrace_ok,反抽受限(延续下跌),2.89,False,none,True,"[2.32, 2.42]",2.39,7.9517,S1_TREND_FAIL
300906.SZ,20260727,down,BOS↓,20260722,22.45,retrace_ok,反抽受限(延续下跌),22.58,False,none,False,"[24.42, 24.59]",22.34,15.8211,S1_TREND_FAIL
300925.SZ,20260728,down,BOS↓,20260724,13.55,retrace_fail,反抽收复(破位失败),13.93,True,none,False,"[16.57, 17.29]",13.751,7.7715,S1_TREND_FAIL
301290.SZ,20260728,down,BOS↓,20260720,25.5,retrace_ok,反抽受限(延续下跌),25.6,False,bear,False,"[26.52, 26.92]",25.61,11.6768,S1_TREND_FAIL
002722.SZ,20260729,down,BOS↓,20260722,11.62,retrace_fail,反抽收复(破位失败),12.06,True,bull,False,"[11.53, 11.74]",12.0,3.8525,S1_TREND_FAIL
002778.SZ,20260729,down,BOS↓,20260720,14.16,retrace_fail,反抽收复(破位失败),15.01,False,bull,False,"[15.16, 15.3]",14.315,9.0299,S1_TREND_FAIL
002812.SZ,20260729,down,BOS↓,20260708,62.11,retrace_ok,反抽受限(延续下跌),62.24,False,none,False,"[63.89, 65.35]",51.797,8.2768,S1_TREND_FAIL
605588.SH,20260730,down,CHoCH↓,20260707,60.48,retrace_ok,反抽受限(延续下跌),64.46,False,none,False,"[53.68, 57.67]",39.818,19.1558,S1_TREND_FAIL
688623.SH,20260730,down,BOS↓,20260717,60.988,retrace_fail,反抽收复(破位失败),63.14,True,none,False,"[63.98, 66.43]",60.816,6.3355,S1_TREND_FAIL
002023.SZ,20260731,down,CHoCH↓,20260707,12.24,retrace_ok,反抽受限(延续下跌),12.25,False,bear,False,"[11.38, 11.99]",9.27,15.9644,S1_TREND_FAIL
002827.SZ,20260717,down,BOS↓,20260708,23.2,retrace_fail,反抽收复(破位失败),25.63,False,bear,False,"[23.64, 24.0]",24.819,0.168,S1_TREND_FAIL
301173.SZ,20260721,down,BOS↓,20260618,32.46,retrace_ok,反抽受限(延续下跌),33.1,False,none,True,"[29.04, 29.74]",29.136,-3.2819,S1_TREND_FAIL
301283.SZ,20260721,down,BOS↓,20260709,24.03,retrace_ok,反抽受限(延续下跌),24.58,False,none,False,"[24.52, 24.93]",23.374,9.1477,S1_TREND_FAIL
688331.SH,20260721,down,CHoCH↓,20260717,123.8,retrace_ok,反抽受限(延续下跌),126.62,False,bull,False,"[108.99, 119.62]",121.879,-3.6813,S1_TREND_FAIL
301533.SZ,20260723,down,BOS↓,20260721,22.85,retrace_ok,反抽受限(延续下跌),22.94,False,none,False,"[23.09, 23.51]",22.88,11.1636,S1_TREND_FAIL
600382.SH,20260723,down,BOS↓,20260717,5.76,retrace_ok,反抽受限(延续下跌),5.95,False,none,False,"[8.21, 8.37]",5.72,11.1156,S1_TREND_FAIL
001233.SZ,20260724,down,BOS↓,20260707,43.61,retrace_fail,反抽收复(破位失败),46.33,False,bear,False,"[41.05, 42.2]",43.382,5.046,S1_TREND_FAIL
003008.SZ,20260724,down,BOS↓,20260721,16.68,retrace_fail,反抽收复(破位失败),16.8,True,bear,False,"[17.16, 17.36]",16.612,-2.2754,S1_TREND_FAIL
301330.SZ,20260724,down,BOS↓,20260722,21.91,retrace_ok,反抽受限(延续下跌),21.95,False,none,False,,21.632,-1.837,S1_TREND_FAIL
002722.SZ,20260727,down,BOS↓,20260722,11.62,retrace_ok,反抽受限(延续下跌),11.96,False,none,False,"[11.53, 11.74]",11.52,8.188,S1_TREND_FAIL
002929.SZ,20260728,down,BOS↓,20260716,56.43,no_retrace,尚未反抽,55.67,False,none,False,"[62.61, 65.13]",50.767,-13.7508,S1_TREND_FAIL
300467.SZ,20260728,down,BOS↓,20260717,32.98,retrace_ok,反抽受限(延续下跌),33.6,False,bear,False,"[33.56, 34.03]",32.73,8.6106,S1_TREND_FAIL
301252.SZ,20260728,down,BOS↓,20260716,33.48,retrace_ok,反抽受限(延续下跌),33.37,False,none,False,"[34.67, 36.4]",28.75,15.9517,S1_TREND_FAIL
301662.SZ,20260728,down,BOS↓,20260707,85.54,no_retrace,尚未反抽,84.97,False,bear,False,"[90.89, 95.27]",67.132,6.5845,S1_TREND_FAIL
002023.SZ,20260729,down,CHoCH↓,20260707,12.24,retrace_ok,反抽受限(延续下跌),12.25,False,none,False,"[11.38, 11.99]",8.93,20.1637,S1_TREND_FAIL
002931.SZ,20260729,down,CHoCH↓,20260709,60.96,retrace_ok,反抽受限(延续下跌),61.78,False,bull,False,"[65.35, 68.94]",44.144,16.0042,S1_TREND_FAIL
300690.SZ,20260729,down,BOS↓,20260708,21.68,retrace_ok,反抽受限(延续下跌),22.54,True,none,False,"[22.31, 22.82]",20.99,-0.5519,S1_TREND_FAIL
301305.SZ,20260729,down,BOS↓,20260707,26.95,no_retrace,尚未反抽,26.52,False,none,False,"[28.37, 29.42]",20.176,17.6735,S1_TREND_FAIL
600580.SH,20260729,down,CHoCH↓,20260717,31.06,no_retrace,尚未反抽,29.99,True,none,False,"[32.83, 34.28]",29.49,19.7701,S1_TREND_FAIL
603920.SH,20260729,down,BOS↓,20260625,52.08,no_retrace,尚未反抽,50.55,True,none,False,"[54.27, 56.06]",32.482,19.6577,S1_TREND_FAIL
688162.SH,20260729,down,BOS↓,20260713,22.21,retrace_ok,反抽受限(延续下跌),22.6,False,bear,False,"[23.0, 23.65]",20.67,11.4777,S1_TREND_FAIL
688429.SH,20260729,down,BOS↓,20260720,9.21,retrace_ok,反抽受限(延续下跌),9.27,False,bear,False,"[9.77, 9.95]",9.13,13.9964,S1_TREND_FAIL
688638.SH,20260729,down,BOS↓,20260708,29.66,retrace_ok,反抽受限(延续下跌),30.41,False,none,False,"[33.08, 33.56]",27.918,14.7536,S1_TREND_FAIL
002079.SZ,20260730,down,CHoCH↓,20260715,11.37,no_retrace,尚未反抽,10.86,False,none,False,"[12.1, 12.69]",8.92,7.9927,S1_TREND_FAIL
002931.SZ,20260730,down,CHoCH↓,20260709,60.96,retrace_ok,反抽受限(延续下跌),61.78,False,none,False,"[65.35, 68.94]",43.114,18.3857,S1_TREND_FAIL
300095.SZ,20260730,down,BOS↓,20260717,8.27,no_retrace,尚未反抽,8.17,False,none,False,"[8.5, 8.69]",8.009,2.602,S1_TREND_FAIL
300183.SZ,20260730,down,BOS↓,20260720,9.36,retrace_fail,反抽收复(破位失败),10.24,True,none,False,"[13.52, 13.62]",10.118,5.7276,S1_TREND_FAIL
301306.SZ,20260730,down,CHoCH↓,20260708,155.0,retrace_ok,反抽受限(延续下跌),180.0,False,none,False,"[133.8, 144.29]",80.685,18.7909,S1_TREND_FAIL
600580.SH,20260730,down,CHoCH↓,20260717,31.06,no_retrace,尚未反抽,29.99,True,none,False,"[32.83, 34.28]",29.334,19.2423,S1_TREND_FAIL
688350.SH,20260730,down,BOS↓,20260703,32.03,retrace_ok,反抽受限(延续下跌),32.07,False,bear,False,"[32.86, 33.52]",28.334,5.7156,S1_TREND_FAIL
002050.SZ,20260731,down,BOS↓,20260724,35.78,retrace_ok,反抽受限(延续下跌),36.75,False,bear,False,"[42.25, 43.81]",36.51,6.4613,S1_TREND_FAIL
002722.SZ,20260731,down,BOS↓,20260722,11.62,retrace_fail,反抽收复(破位失败),12.41,True,bear,False,"[11.53, 11.74]",12.28,1.48,S1_TREND_FAIL
003015.SZ,20260731,down,BOS↓,20260713,11.2,retrace_ok,反抽受限(延续下跌),11.27,False,bear,False,"[11.99, 12.26]",10.36,14.1078,S1_TREND_FAIL
300687.SZ,20260731,down,CHoCH↓,20260716,25.68,no_retrace,尚未反抽,25.43,False,bear,False,"[27.11, 28.29]",21.19,29.5874,S1_TREND_FAIL
603079.SH,20260731,down,BOS↓,20260721,10.64,retrace_fail,反抽收复(破位失败),11.05,False,bear,False,"[10.9, 11.12]",10.86,11.0598,S1_TREND_FAIL
605588.SH,20260731,down,CHoCH↓,20260707,60.48,retrace_ok,反抽受限(延续下跌),64.46,False,none,False,"[53.68, 57.67]",40.0,23.652,S1_TREND_FAIL
688359.SH,20260731,down,BOS↓,20260730,87.02,no_retrace,尚未反抽,,False,none,False,"[139.77, 156.81]",90.0,25.3043,S1_TREND_FAIL
000923.SZ,20260717,up,CHoCH↑,20260714,13.31,retrace_ok,回踩到位(接多窗口),13.35,False,bull,False,"[13.91, 14.12]",13.622,8.7403,ALL_OK
301283.SZ,20260720,down,BOS↓,20260709,24.03,retrace_ok,反抽受限(延续下跌),24.58,False,none,False,"[24.52, 24.93]",23.641,7.447,S1_TREND_FAIL
002020.SZ,20260722,up,CHoCH↑,20260701,12.87,no_retrace,尚未回踩,13.4,False,bull,True,"[13.83, 14.18]",13.989,-2.8162,S2_NO_PULLBACK
301026.SZ,20260722,down,BOS↓,20260707,19.74,no_retrace,尚未反抽,18.63,True,bear,False,"[21.56, 22.44]",17.246,29.6587,S1_TREND_FAIL
601799.SH,20260722,down,BOS↓,20260717,87.28,retrace_fail,反抽收复(破位失败),92.58,True,none,False,"[90.96, 93.97]",89.15,5.2205,S1_TREND_FAIL
000695.SZ,20260723,down,BOS↓,20260626,12.42,retrace_fail,反抽收复(破位失败),13.5,False,bull,False,"[11.99, 12.23]",12.83,-0.2131,S1_TREND_FAIL
001322.SZ,20260723,down,CHoCH↓,20260525,7.0,retrace_ok,反抽受限(延续下跌),6.98,True,bull,False,"[5.81, 5.97]",5.98,-2.3781,S1_TREND_FAIL
002318.SZ,20260723,down,BOS↓,20260707,22.46,no_retrace,尚未反抽,21.97,False,bear,False,"[22.3, 22.95]",18.89,5.3061,S1_TREND_FAIL
301439.SZ,20260728,down,BOS↓,20260707,15.34,retrace_ok,反抽受限(延续下跌),15.48,True,none,False,"[17.31, 17.54]",14.216,7.137,S1_TREND_FAIL
301248.SZ,20260729,down,BOS↓,20260720,59.81,retrace_ok,反抽受限(延续下跌),61.4,False,none,False,"[72.92, 75.75]",54.717,17.7349,S1_TREND_FAIL
600186.SH,20260729,down,CHoCH↓,20260717,9.09,retrace_ok,反抽受限(延续下跌),9.39,False,none,False,"[10.53, 11.7]",8.474,28.519,S1_TREND_FAIL
603135.SH,20260729,down,CHoCH↓,20260714,11.5,no_retrace,尚未反抽,11.05,False,none,False,"[12.28, 12.91]",8.593,9.0864,S1_TREND_FAIL
002203.SZ,20260730,down,CHoCH↓,20260717,17.68,retrace_fail,反抽收复(破位失败),19.77,True,none,False,"[19.64, 21.24]",17.582,9.2758,S1_TREND_FAIL
603088.SH,20260730,down,BOS↓,20260713,9.25,retrace_ok,反抽受限(延续下跌),9.33,False,bear,False,"[9.51, 9.72]",9.029,3.1506,S1_TREND_FAIL
002203.SZ,20260731,down,CHoCH↓,20260717,17.68,retrace_ok,反抽受限(延续下跌),19.77,True,none,False,"[19.64, 21.24]",17.78,10.8095,S1_TREND_FAIL
002600.SZ,20260731,down,CHoCH↓,20260708,15.14,retrace_ok,反抽受限(延续下跌),16.15,False,none,False,"[15.85, 16.44]",12.64,2.2847,S1_TREND_FAIL
301252.SZ,20260731,down,BOS↓,20260716,33.48,retrace_ok,反抽受限(延续下跌),33.37,False,bear,False,"[34.67, 36.4]",27.53,22.5474,S1_TREND_FAIL
301322.SZ,20260731,down,CHoCH↓,20260630,53.64,retrace_ok,反抽受限(延续下跌),56.2,False,bear,False,"[49.34, 52.69]",32.11,25.0864,S1_TREND_FAIL
603031.SH,20260731,down,BOS↓,20260730,35.75,no_retrace,尚未反抽,,False,none,False,"[46.15, 47.93]",36.01,21.0513,S1_TREND_FAIL
688657.SH,20260731,down,CHoCH↓,20260717,34.38,no_retrace,尚未反抽,32.47,False,bear,False,"[34.94, 35.44]",28.24,26.8827,S1_TREND_FAIL
600918.SH,20260722,up,CHoCH↑,20260713,5.51,retrace_ok,回踩到位(接多窗口),5.43,False,bear,False,"[5.16, 5.26]",5.623,-1.1665,S3_NOT_AT_POI
000695.SZ,20260724,up,CHoCH↑,20260723,13.08,no_retrace,尚未回踩,,False,none,False,"[11.99, 12.23]",13.018,-1.2316,S2_NO_PULLBACK
688623.SH,20260724,down,BOS↓,20260717,60.988,retrace_ok,反抽受限(延续下跌),63.14,True,none,False,"[63.98, 66.43]",59.717,-1.3068,S1_TREND_FAIL
002318.SZ,20260727,down,BOS↓,20260707,22.46,no_retrace,尚未反抽,21.97,False,bear,False,"[22.3, 22.95]",18.711,5.2487,S1_TREND_FAIL
002820.SZ,20260729,down,CHoCH↓,20260721,8.164,retrace_fail,反抽收复(破位失败),8.48,True,bear,False,"[8.37, 8.54]",8.326,8.2918,S1_TREND_FAIL
603091.SH,20260729,down,BOS↓,20260715,48.0,no_retrace,尚未反抽,47.58,False,none,False,"[47.26, 48.47]",46.2,5.0222,S1_TREND_FAIL
001205.SZ,20260730,down,BOS↓,20260717,13.0,retrace_fail,反抽收复(破位失败),13.3,False,none,False,"[13.11, 13.19]",13.25,4.6693,S1_TREND_FAIL
603031.SH,20260730,down,BOS↓,20260720,43.98,no_retrace,尚未反抽,41.56,False,none,False,"[46.15, 47.93]",35.749,16.2418,S1_TREND_FAIL
688153.SH,20260730,down,CHoCH↓,20260715,30.024,retrace_ok,反抽受限(延续下跌),31.304,False,none,False,"[30.13, 31.41]",24.615,6.9575,S1_TREND_FAIL
688755.SH,20260731,down,BOS↓,20260717,24.51,no_retrace,尚未反抽,24.38,False,none,False,"[25.44, 26.59]",23.03,18.4595,S1_TREND_FAIL
301120.SZ,20260805,up,CHoCH↑,20260803,14.68,no_retrace,尚未回踩,14.82,False,bear,False,"[12.39, 12.89]",15.979,-9.1353,S2_NO_PULLBACK
300274.SZ,20260810,down,CHoCH↓,20260701,145.25,no_retrace,尚未反抽,135.24,False,bear,False,"[104.11, 107.67]",113.018,1.5689,S1_TREND_FAIL
002130.SZ,20260803,up,CHoCH↑,20260729,16.17,retrace_ok,回踩到位(接多窗口),16.12,False,bear,False,"[17.7, 18.06]",16.88,0.6053,S3_NOT_AT_POI
688251.SH,20260806,up,CHoCH↑,20260803,19.59,no_retrace,尚未回踩,20.1,True,none,False,"[23.96, 25.11]",20.998,1.6539,S2_NO_PULLBACK
688312.SH,20260806,down,BOS↓,20260702,75.27,retrace_ok,反抽受限(延续下跌),75.8,False,none,False,"[80.16, 84.22]",45.906,7.8912,S1_TREND_FAIL
300637.SZ,20260807,down,CHoCH↓,20260706,10.0,no_retrace,尚未反抽,9.74,True,none,False,"[7.42, 7.83]",8.89,0.9466,S1_TREND_FAIL
300727.SZ,20260810,up,CHoCH↑,20260805,27.81,no_retrace,尚未回踩,27.95,False,bear,False,"[32.54, 34.15]",28.235,-3.9514,S2_NO_PULLBACK
301120.SZ,20260806,up,CHoCH↑,20260803,14.68,no_retrace,尚未回踩,14.82,True,bear,False,"[12.39, 12.89]",15.731,-6.4337,S2_NO_PULLBACK
000035.SZ,20260807,up,CHoCH↑,20260723,4.624,retrace_ok,回踩到位(接多窗口),4.464,False,bull,False,"[4.43, 4.59]",4.875,-5.6155,ALL_OK
688080.SH,20260810,down,BOS↓,20260720,34.1,retrace_fail,反抽收复(破位失败),36.9,True,bear,False,"[38.51, 40.09]",36.85,-0.5894,S1_TREND_FAIL
002655.SZ,20260803,down,BOS↓,20260730,23.14,retrace_ok,反抽受限(延续下跌),23.42,False,none,False,"[36.74, 40.22]",22.622,67.5344,S1_TREND_FAIL
002787.SZ,20260803,down,BOS↓,20260730,18.69,retrace_fail,反抽收复(破位失败),19.73,False,none,False,"[19.37, 19.93]",19.275,18.5229,S1_TREND_FAIL
300232.SZ,20260804,up,CHoCH↑,20260803,5.11,no_retrace,尚未回踩,,False,bear,False,"[6.3, 6.4]",5.27,-6.2704,S2_NO_PULLBACK
300274.SZ,20260804,down,CHoCH↓,20260701,145.25,no_retrace,尚未反抽,135.24,False,bull,True,"[104.11, 107.67]",105.0,8.3237,S1_TREND_FAIL
301396.SZ,20260804,down,BOS↓,20260728,165.0,retrace_ok,反抽受限(延续下跌),166.47,True,bear,False,"[192.14, 224.2]",157.16,28.3915,S1_TREND_FAIL
300232.SZ,20260805,up,CHoCH↑,20260803,5.11,no_retrace,尚未回踩,5.21,False,bear,False,"[6.3, 6.4]",5.356,-5.3545,S2_NO_PULLBACK
300811.SZ,20260805,down,CHoCH↓,20260703,89.52,retrace_ok,反抽受限(延续下跌),91.9,True,none,False,"[87.32, 91.17]",63.093,21.4881,S1_TREND_FAIL
301330.SZ,20260806,down,BOS↓,20260722,21.91,retrace_fail,反抽收复(破位失败),24.98,False,bear,False,,24.661,-3.4791,S1_TREND_FAIL
301446.SZ,20260806,up,CHoCH↑,20260804,34.44,no_retrace,尚未回踩,35.0,False,none,False,"[41.05, 41.88]",35.313,1.9931,S2_NO_PULLBACK
300100.SZ,20260807,down,BOS↓,20260724,21.41,retrace_fail,反抽收复(破位失败),23.86,False,bear,False,"[27.23, 28.22]",23.027,-13.3471,S1_TREND_FAIL
601777.SH,20260807,up,CHoCH↑,20260803,8.56,retrace_ok,回踩到位(接多窗口),8.56,False,bull,False,,8.544,-1.3541,ALL_OK
688395.SH,20260807,down,BOS↓,20260717,20.09,retrace_fail,反抽收复(破位失败),22.5,False,none,True,"[21.29, 21.77]",21.503,3.6901,S1_TREND_FAIL
688755.SH,20260810,up,CHoCH↑,20260807,25.94,no_retrace,尚未回踩,,False,bull,False,"[24.81, 25.06]",27.116,1.6361,S2_NO_PULLBACK
688080.SH,20260811,down,BOS↓,20260720,34.1,retrace_fail,反抽收复(破位失败),37.14,False,bear,False,"[38.51, 40.09]",36.383,-0.5987,S1_TREND_FAIL
002429.SZ,20260812,down,BOS↓,20260730,7.15,retrace_fail,反抽收复(破位失败),8.38,False,none,False,"[10.26, 10.58]",8.17,2.1654,S1_TREND_FAIL
301308.SZ,20260812,up,CHoCH↑,20260810,386.88,no_retrace,尚未回踩,406.66,False,none,False,"[324.56, 338.13]",413.325,-6.9372,S2_NO_PULLBACK
688035.SH,20260812,down,CHoCH↓,20260713,84.33,no_retrace,尚未反抽,82.35,True,bull,False,"[88.72, 92.32]",62.0,10.0792,S1_TREND_FAIL
300637.SZ,20260813,down,CHoCH↓,20260706,10.0,no_retrace,尚未反抽,9.74,True,none,False,"[7.41, 7.82]",8.94,0.7064,S1_TREND_FAIL
688035.SH,20260814,down,CHoCH↓,20260713,84.33,no_retrace,尚未反抽,82.35,True,bull,False,"[88.72, 92.32]",63.7,9.0789,S1_TREND_FAIL
300637.SZ,20260820,up,CHoCH↑,20260817,9.27,retrace_fail,回踩跌破(突破失败),8.85,True,bull,False,"[7.41, 7.82]",8.98,2.9787,S2_PULLBACK_BROKE
002188.SZ,20260803,down,BOS↓,20260720,4.57,retrace_fail,反抽收复(破位失败),4.92,False,bear,False,"[4.72, 4.8]",4.99,3.6202,S1_TREND_FAIL
300906.SZ,20260803,up,CHoCH↑,20260729,25.18,retrace_fail,回踩跌破(突破失败),24.41,False,bear,False,"[24.42, 24.59]",26.0,-0.0428,S2_PULLBACK_BROKE
301010.SZ,20260803,down,BOS↓,20260720,15.0,retrace_fail,反抽收复(破位失败),15.83,False,none,False,"[15.29, 15.53]",15.95,4.9813,S1_TREND_FAIL
688258.SH,20260803,down,BOS↓,20260730,88.01,retrace_fail,反抽收复(破位失败),104.63,False,bear,False,"[117.05, 123.65]",100.505,8.6515,S1_TREND_FAIL
688716.SH,20260803,down,CHoCH↓,20260720,27.9,no_retrace,尚未反抽,27.1,False,none,False,"[30.26, 32.19]",26.21,11.0995,S1_TREND_FAIL
300095.SZ,20260804,down,BOS↓,20260717,8.27,retrace_fail,反抽收复(破位失败),8.29,False,bear,False,"[8.5, 8.69]",8.29,-5.9376,S1_TREND_FAIL
002655.SZ,20260805,down,BOS↓,20260730,23.14,retrace_fail,反抽收复(破位失败),24.61,False,none,False,"[36.74, 40.22]",25.49,34.2503,S1_TREND_FAIL
688368.SH,20260807,down,BOS↓,20260730,107.77,retrace_fail,反抽收复(破位失败),119.99,False,none,False,"[180.59, 186.54]",116.523,4.2912,S1_TREND_FAIL
600186.SH,20260810,up,CHoCH↑,20260804,9.08,no_retrace,尚未回踩,9.15,False,none,False,"[7.84, 8.11]",10.28,11.9296,S2_NO_PULLBACK
002655.SZ,20260813,down,BOS↓,20260730,23.14,retrace_fail,反抽收复(破位失败),32.88,False,bear,False,"[36.74, 40.22]",32.86,17.8473,S1_TREND_FAIL
301359.SZ,20260813,up,CHoCH↑,20260806,15.99,retrace_ok,回踩到位(接多窗口),15.81,False,bear,False,"[15.55, 15.86]",16.563,1.9942,S3_NOT_AT_POI
301396.SZ,20260813,down,BOS↓,20260728,165.0,retrace_fail,反抽收复(破位失败),207.96,False,bull,True,"[192.14, 224.2]",209.67,-2.487,S1_TREND_FAIL
688525.SH,20260813,down,BOS↓,20260728,219.09,retrace_fail,反抽收复(破位失败),251.0,True,bear,False,"[207.34, 216.63]",242.431,-0.0072,S1_TREND_FAIL
002655.SZ,20260814,down,BOS↓,20260730,23.14,retrace_fail,反抽收复(破位失败),33.66,False,none,False,"[36.74, 40.22]",31.7,24.2614,S1_TREND_FAIL
688381.SH,20260814,down,BOS↓,20260730,25.0,retrace_fail,反抽收复(破位失败),34.88,False,bear,False,"[42.96, 44.04]",33.0,11.6065,S1_TREND_FAIL
002683.SZ,20260803,down,BOS↓,20260717,26.23,retrace_fail,反抽收复(破位失败),28.63,False,bull,True,"[27.39, 28.35]",28.04,8.3203,S1_TREND_FAIL
002929.SZ,20260803,down,BOS↓,20260730,46.4,retrace_fail,反抽收复(破位失败),47.97,False,bear,False,"[62.61, 65.13]",49.01,17.7031,S1_TREND_FAIL
300684.SZ,20260803,down,BOS↓,20260730,43.17,retrace_fail,反抽收复(破位失败),46.46,False,none,False,"[45.47, 47.35]",42.877,55.7025,S1_TREND_FAIL
301265.SZ,20260803,down,BOS↓,20260730,16.94,retrace_fail,反抽收复(破位失败),18.19,False,none,False,"[25.73, 27.22]",16.771,24.7689,S1_TREND_FAIL
600252.SH,20260803,down,CHoCH↓,20260724,2.12,retrace_fail,反抽收复(破位失败),2.24,True,none,False,"[1.95, 2.03]",2.19,5.0687,S1_TREND_FAIL
600673.SH,20260803,down,BOS↓,20260730,26.54,retrace_fail,反抽收复(破位失败),28.36,False,none,False,"[33.41, 34.82]",28.076,30.2536,S1_TREND_FAIL
688381.SH,20260803,down,BOS↓,20260730,25.0,retrace_fail,反抽收复(破位失败),28.66,False,none,False,"[42.96, 44.04]",27.265,28.8302,S1_TREND_FAIL
301252.SZ,20260804,down,BOS↓,20260716,33.48,retrace_ok,反抽受限(延续下跌),33.37,False,bear,False,"[34.67, 36.4]",28.66,8.5181,S1_TREND_FAIL
301322.SZ,20260804,down,CHoCH↓,20260630,53.64,retrace_ok,反抽受限(延续下跌),56.2,False,bear,False,"[27.99, 29.61]",33.3,13.6472,S1_TREND_FAIL
300184.SZ,20260805,down,BOS↓,20260715,14.52,no_retrace,尚未反抽,13.5,False,none,False,"[15.01, 15.73]",12.01,-1.3139,S1_TREND_FAIL
601006.SH,20260805,up,CHoCH↑,20260715,4.728,retrace_ok,回踩到位(接多窗口),4.66,False,bull,False,"[4.7, 4.78]",4.841,-1.2471,ALL_OK
002787.SZ,20260806,down,BOS↓,20260730,18.69,retrace_fail,反抽收复(破位失败),21.26,False,bear,False,"[19.37, 19.93]",20.622,1.4997,S1_TREND_FAIL
300687.SZ,20260806,up,CHoCH↑,20260803,22.58,no_retrace,尚未回踩,24.16,False,bear,False,"[27.11, 28.29]",26.918,-0.6894,S2_NO_PULLBACK
301360.SZ,20260806,up,CHoCH↑,20260805,48.84,no_retrace,尚未回踩,,False,none,False,"[67.03, 69.09]",49.698,14.5447,S2_NO_PULLBACK
301396.SZ,20260806,down,BOS↓,20260728,165.0,retrace_fail,反抽收复(破位失败),203.89,False,bear,True,"[192.14, 224.2]",196.911,3.8444,S1_TREND_FAIL
603091.SH,20260806,down,BOS↓,20260715,48.0,retrace_fail,反抽收复(破位失败),49.77,True,bear,False,"[47.26, 48.47]",48.72,2.046,S1_TREND_FAIL
600673.SH,20260807,down,BOS↓,20260730,26.54,retrace_fail,反抽收复(破位失败),33.2,False,bear,False,"[33.41, 34.82]",32.17,0.8411,S1_TREND_FAIL
603950.SH,20260807,down,BOS↓,20260730,51.41,retrace_fail,反抽收复(破位失败),58.5,False,bear,False,"[65.4, 71.38]",57.014,6.7524,S1_TREND_FAIL
688766.SH,20260810,down,BOS↓,20260727,373.66,retrace_fail,反抽收复(破位失败),423.74,True,bull,False,"[314.14, 338.0]",389.694,1.3835,S1_TREND_FAIL
688755.SH,20260803,down,BOS↓,20260717,24.51,no_retrace,尚未反抽,24.38,False,bear,False,"[25.44, 26.59]",23.67,15.2512,S1_TREND_FAIL
300802.SZ,20260805,down,BOS↓,20260713,20.928,retrace_ok,反抽受限(延续下跌),23.47,False,bull,False,"[16.97, 18.38]",20.55,9.9736,S1_TREND_FAIL
688755.SH,20260805,down,BOS↓,20260717,24.51,retrace_fail,反抽收复(破位失败),25.37,True,none,False,"[25.44, 26.59]",24.671,13.2862,S1_TREND_FAIL
603950.SH,20260806,down,BOS↓,20260730,51.41,retrace_fail,反抽收复(破位失败),57.98,False,bear,False,"[65.4, 71.38]",57.034,4.8254,S1_TREND_FAIL
001227.SZ,20260807,up,BOS↑,20260730,2.19,retrace_fail,回踩跌破(突破失败),2.15,False,none,False,"[2.11, 2.15]",2.158,-2.1663,S2_PULLBACK_BROKE
688716.SH,20260807,up,CHoCH↑,20260803,26.66,no_retrace,尚未回踩,27.43,False,none,False,"[30.26, 32.19]",28.769,-6.0521,S2_NO_PULLBACK
000932.SZ,20260810,up,CHoCH↑,20260715,3.63,retrace_ok,回踩到位(接多窗口),3.56,True,none,False,"[3.46, 3.58]",3.72,-2.0095,ALL_OK
002722.SZ,20260824,up,BOS↑,20260818,13.05,retrace_fail,回踩跌破(突破失败),12.8,False,bull,False,"[11.53, 11.74]",12.731,1.886,S2_PULLBACK_BROKE
300192.SZ,20260812,down,CHoCH↓,20260709,11.564,retrace_fail,反抽收复(破位失败),13.75,True,none,False,"[11.86, 12.23]",13.424,1.5747,S1_TREND_FAIL
300002.SZ,20260813,up,CHoCH↑,20260804,8.63,retrace_fail,回踩跌破(突破失败),8.34,True,none,False,"[7.83, 8.1]",8.385,-4.6285,S2_PULLBACK_BROKE
