symbol,entry_date,src,net_pnl_pct,resonance_break,resonance_side,breakout_price,breakout_date
688381.SH,20230913,EVENT,-3.1863,False,,29.5,20230807
301308.SZ,20231009,EVENT,8.3273,False,,92.5,20230920
000651.SZ,20231030,EVENT,-3.6222,False,,35.61,20231010
300138.SZ,20231103,EVENT,0.7548,False,,14.55,20231011
000651.SZ,20231109,EVENT,-2.8346,False,,35.61,20231010
000651.SZ,20231101,EVENT,-3.4155,False,,35.61,20231010
603808.SH,20231221,EVENT,-7.1322,False,,9.282,20231219
601975.SH,20231226,EVENT,6.2067,False,,2.773,20231205
001323.SZ,20231228,EVENT,-1.9246,False,,30.83,20231214
600872.SH,20231229,EVENT,-2.275,False,,30.712,20231204
603688.SH,20231229,EVENT,1.9342,False,,51.553,20231228
000703.SZ,20231220,EVENT,0.3681,False,,6.798,20231121
002978.SZ,20231220,EVENT,-0.9853,False,,29.663,20231218
300993.SZ,20231222,EVENT,-2.1188,False,,10.23,20231218
688420.SH,20231229,EVENT,-2.5085,False,,24.954,20231218
600219.SH,20231215,EVENT,-2.4856,False,,2.099,20231213
002985.SZ,20231218,EVENT,-0.2539,False,,35.727,20231205
301115.SZ,20231218,EVENT,-2.0989,False,,18.66,20231130
002568.SZ,20231220,EVENT,-1.8283,False,,22.775,20231218
301305.SZ,20231220,EVENT,-1.9595,False,,18.161,20231205
603267.SH,20231228,EVENT,-5.1197,False,,50.03,20231218
603507.SH,20231229,EVENT,-1.3586,False,,14.642,20231122
605303.SH,20231212,EVENT,0.5571,False,,11.94,20231208
000651.SZ,20231215,EVENT,-0.5799,False,,33.08,20231212
002568.SZ,20231218,EVENT,-1.8487,False,,25.185,20231129
600703.SH,20231218,EVENT,-2.635,False,,13.502,20231205
002625.SZ,20231220,EVENT,2.1291,False,,13.943,20231124
301115.SZ,20231220,EVENT,-1.8339,False,,17.76,20231219
300943.SZ,20231221,EVENT,-3.032,False,,13.82,20231206
600313.SH,20231221,EVENT,-3.5146,False,,7.301,20231218
002857.SZ,20231222,EVENT,-2.1348,False,,15.93,20231218
600382.SH,20231227,EVENT,5.9081,False,,4.68,20231115
000950.SZ,20231229,EVENT,-3.9641,False,,4.99,20231220
300993.SZ,20231229,EVENT,2.4363,False,,10.05,20231226
688013.SH,20231229,EVENT,1.166,False,,18.204,20231220
000526_SZ.SZ,20231208,CONT,12.2571,,,37.36,20231128
600971_SH.SH,20231212,CONT,-4.3082,,,9.78,20231211
000404.SZ,20231220,EVENT,-2.6398,False,,5.17,20231208
000975.SZ,20231220,EVENT,6.2535,False,,14.42,20231129
300068.SZ,20231228,EVENT,9.45,False,,12.976,20231204
301367.SZ,20231229,EVENT,-1.2232,False,,60.991,20231213
000921.SZ,20240110,EVENT,4.2581,False,,22.06,20231130
603515.SH,20240110,EVENT,3.7931,False,,14.752,20231229
002570.SZ,20240117,EVENT,-4.2752,False,,3.81,20240108
301093.SZ,20240117,EVENT,-7.6494,False,,17.846,20240108
301093.SZ,20240118,EVENT,-8.6933,False,,17.846,20240108
301093.SZ,20240119,EVENT,-9.3026,False,,17.846,20240108
000818.SZ,20240126,EVENT,-2.9115,False,,27.0,20240118
600718.SH,20240126,EVENT,-2.148,False,,8.1,20240117
000498.SZ,20240129,EVENT,-0.6563,False,,4.962,20240125
300656.SZ,20240131,EVENT,-7.8417,False,,22.02,20240117
301152.SZ,20240131,EVENT,-12.6218,False,,34.38,20240118
000589.SZ,20240110,EVENT,5.0452,False,,5.492,20231219
002959.SZ,20240110,EVENT,-1.442,False,,49.072,20240105
301267.SZ,20240116,EVENT,-6.0638,False,,31.415,20231226
603612.SH,20240116,EVENT,-3.0797,False,,15.811,20231130
002570.SZ,20240118,EVENT,-2.8139,False,,3.81,20240108
603505.SH,20240125,EVENT,-4.2218,False,,17.338,20240117
301093.SZ,20240126,EVENT,-4.1244,False,,16.727,20240122
600718.SH,20240129,EVENT,-13.0675,False,,8.1,20240117
601969.SH,20240129,EVENT,-9.8095,False,,6.003,20240117
603060.SH,20240129,EVENT,-3.5138,False,,7.647,20240119
300200.SZ,20240131,EVENT,-10.0206,False,,7.89,20240117
301087.SZ,20240131,EVENT,-6.5368,False,,30.48,20240109
688018.SH,20240131,EVENT,-5.3678,False,,89.0,20240122
002624.SZ,20240102,EVENT,-13.8728,False,,11.405,20231222
603515.SH,20240102,EVENT,-5.0602,False,,14.752,20231229
300993.SZ,20240103,EVENT,0.0017,False,,10.05,20231226
688171.SH,20240105,EVENT,-6.4065,False,,16.374,20231220
002004.SZ,20240110,EVENT,-2.3178,False,,4.7,20231220
600219.SH,20240110,EVENT,-11.9983,False,,2.099,20231213
688013.SH,20240110,EVENT,-6.5313,False,,18.204,20231220
002624.SZ,20240111,EVENT,-3.8074,False,,11.405,20231222
002930.SZ,20240111,EVENT,-1.9575,False,,18.281,20240109
600351.SH,20240111,EVENT,-1.2309,False,,6.71,20240108
688093.SH,20240111,EVENT,-2.3891,False,,16.58,20231229
600703.SH,20240112,EVENT,-1.6597,False,,13.032,20240110
688257.SH,20240112,EVENT,-4.8923,False,,8.485,20231218
600487.SH,20240117,EVENT,-4.2931,False,,10.538,20240108
603822.SH,20240117,EVENT,-2.1077,False,,27.458,20231228
603882.SH,20240126,EVENT,12.6687,False,,52.66,20240125
002859.SZ,20240129,EVENT,-3.7899,False,,20.727,20240122
300148.SZ,20240129,EVENT,-5.783,False,,3.5,20240116
603727.SH,20240129,EVENT,-3.8327,False,,11.376,20240117
301265.SZ,20240130,EVENT,-6.9422,False,,9.782,20240117
001256.SZ,20240131,EVENT,-6.6015,False,,18.34,20240117
002148.SZ,20240131,EVENT,-6.3099,False,,5.75,20240110
600572.SH,20240131,EVENT,-8.8383,False,,4.428,20240110
300515.SZ,20240102,EVENT,-0.5667,False,,10.406,20231218
688093.SH,20240102,EVENT,-8.0492,False,,16.58,20231229
300097.SZ,20240104,EVENT,-8.4106,False,,11.1,20231213
603156.SH,20240104,EVENT,7.0665,False,,17.652,20231204
688093.SH,20240104,EVENT,-9.5995,False,,16.58,20231229
002385.SZ,20240105,EVENT,-2.2659,False,,6.682,20231208
600433.SH,20240105,EVENT,-6.5504,False,,3.34,20231225
603156.SH,20240108,EVENT,0.9989,False,,17.652,20231204
603258.SH,20240108,EVENT,-12.006,False,,23.955,20231222
603888.SH,20240108,EVENT,-4.4324,False,,17.428,20231225
300943.SZ,20240110,EVENT,0.5966,False,,13.82,20231229
301201.SZ,20240110,EVENT,-0.4318,False,,23.722,20240108
000498.SZ,20240115,EVENT,-1.1433,False,,5.022,20231220
300699.SZ,20240115,EVENT,-15.5158,False,,24.262,20231122
688326.SH,20240115,EVENT,-1.9777,False,,91.25,20240112
688819.SH,20240117,EVENT,-6.869,False,,25.392,20240108
002555.SZ,20240119,EVENT,-8.5328,False,,19.257,20231222
600487.SH,20240122,EVENT,-4.3172,False,,10.538,20240108
000661.SZ,20240124,EVENT,-2.0054,False,,130.589,20240108
300126.SZ,20240130,EVENT,-8.2385,False,,6.99,20240117
002166.SZ,20240131,EVENT,-4.6405,False,,7.21,20240117
300888.SZ,20240131,EVENT,-10.8532,False,,34.159,20240122
601600.SH,20240131,EVENT,-0.5276,False,,5.61,20240125
688508.SH,20240131,EVENT,-4.3168,False,,35.361,20240130
603977_SH.SH,20240109,CONT,-14.6161,,,9.89,20231229
002004.SZ,20240104,EVENT,-5.1924,False,,4.7,20231220
000534.SZ,20240105,EVENT,-8.128,False,,12.881,20231229
688420.SH,20240105,EVENT,-8.8198,False,,24.954,20231218
688093.SH,20240109,EVENT,-4.5996,False,,16.58,20231229
002555.SZ,20240117,EVENT,-5.8955,False,,19.257,20231222
603727.SH,20240131,EVENT,-10.6743,False,,11.376,20240117
002640.SZ,20240102,EVENT,-2.3567,False,,3.8,20231228
600623.SH,20240110,EVENT,-0.8113,True,EQL,5.94,20240108
600803.SH,20240110,EVENT,2.4344,False,,13.175,20231226
688349.SH,20240206,EVENT,0.5238,False,,19.973,20240105
002093.SZ,20240219,EVENT,12.5788,False,,6.32,20240131
300685.SZ,20240219,EVENT,5.3305,False,,18.476,20240207
688068.SH,20240219,EVENT,2.7463,False,,31.96,20240130
688237.SH,20240223,EVENT,4.4082,False,,26.534,20240131
301353.SZ,20240227,EVENT,-2.5242,False,,14.951,20240131
301225.SZ,20240228,EVENT,-0.4749,False,,20.059,20240227
300835.SZ,20240201,EVENT,-3.4389,False,,25.795,20240116
002266.SZ,20240207,EVENT,7.4661,False,,3.03,20240202
300054.SZ,20240207,EVENT,9.4239,False,,17.72,20240130
300171.SZ,20240207,EVENT,10.3431,False,,14.177,20240129
300285.SZ,20240207,EVENT,1.6283,False,,17.543,20240131
002008.SZ,20240208,EVENT,0.174,False,,17.22,20240131
300910.SZ,20240208,EVENT,-1.6818,False,,28.103,20240122
600109.SH,20240208,EVENT,0.1131,False,,8.481,20240207
688596.SH,20240208,EVENT,13.8809,False,,31.368,20240131
688646.SH,20240219,EVENT,5.7879,False,,27.936,20240130
300143.SZ,20240220,EVENT,0.2419,False,,6.374,20240131
001228.SZ,20240221,EVENT,9.0165,False,,26.06,20240130
002885.SZ,20240221,EVENT,10.2801,False,,14.069,20240130
301085.SZ,20240221,EVENT,19.1961,False,,45.602,20240130
002093.SZ,20240222,EVENT,9.5353,False,,6.32,20240131
603626.SH,20240222,EVENT,11.3687,False,,6.07,20240130
002312.SZ,20240223,EVENT,-1.1487,False,,6.48,20240208
003004.SZ,20240223,EVENT,20.2876,False,,22.962,20240131
603111.SH,20240223,EVENT,12.6103,False,,4.126,20240131
301366.SZ,20240226,EVENT,11.349,False,,17.357,20240130
002520.SZ,20240228,EVENT,-6.5425,False,,5.44,20240227
300100.SZ,20240228,EVENT,-0.2339,False,,8.82,20240227
301072.SZ,20240228,EVENT,13.2575,False,,20.46,20240130
002098.SZ,20240229,EVENT,9.9904,False,,5.8,20240131
300597.SZ,20240229,EVENT,11.2254,False,,7.442,20240131
301248.SZ,20240229,EVENT,18.5393,False,,13.631,20240130
688244.SH,20240229,EVENT,5.8818,False,,20.823,20240227
002180.SZ,20240202,EVENT,-4.6244,False,,18.48,20240130
300702.SZ,20240202,EVENT,-4.5123,False,,16.41,20240131
603990.SH,20240202,EVENT,-19.5712,False,,11.06,20240201
688069.SH,20240202,EVENT,-12.4038,False,,13.129,20240117
688606.SH,20240202,EVENT,-9.5947,False,,66.38,20240109
000036.SZ,20240205,EVENT,-11.794,False,,3.97,20231222
300128.SZ,20240205,EVENT,-13.5212,False,,3.49,20240131
000869.SZ,20240207,EVENT,9.3268,False,,21.28,20240201
002008.SZ,20240207,EVENT,8.8099,False,,17.22,20240131
002532.SZ,20240207,EVENT,10.4622,False,,3.99,20240202
002635.SZ,20240207,EVENT,11.1055,False,,11.29,20240129
300128.SZ,20240207,EVENT,20.3522,False,,3.49,20240131
300997.SZ,20240207,EVENT,21.5435,False,,11.838,20240202
301071.SZ,20240207,EVENT,9.6276,False,,24.968,20240202
600497.SH,20240207,EVENT,6.4053,False,,4.361,20240119
600884.SH,20240207,EVENT,4.7077,False,,10.67,20240130
601969.SH,20240207,EVENT,21.2073,False,,5.153,20240202
688739.SH,20240207,EVENT,3.5306,False,,26.039,20240131
300054.SZ,20240208,EVENT,8.1808,False,,19.3,20240207
300285.SZ,20240208,EVENT,-2.7736,False,,19.703,20240207
300463.SZ,20240208,EVENT,6.9316,False,,11.943,20240131
300997.SZ,20240208,EVENT,15.9465,False,,11.838,20240202
600120.SH,20240208,EVENT,2.8623,False,,3.039,20240205
002635.SZ,20240219,EVENT,10.3078,False,,11.29,20240129
300171.SZ,20240219,EVENT,-0.5752,False,,14.177,20240129
300997.SZ,20240219,EVENT,11.7517,False,,11.838,20240202
600210.SH,20240219,EVENT,0.0792,False,,3.28,20240202
603039.SH,20240219,EVENT,2.6034,False,,29.178,20240130
688088.SH,20240219,EVENT,-2.9683,False,,28.304,20240130
688298.SH,20240219,EVENT,-3.466,False,,29.71,20240130
600075.SH,20240220,EVENT,2.7139,False,,3.68,20240202
301150.SZ,20240221,EVENT,3.7442,False,,11.045,20240220
603096.SH,20240221,EVENT,9.17,False,,13.996,20240131
688232.SH,20240221,EVENT,2.4755,False,,23.933,20240130
300903.SZ,20240222,EVENT,31.2737,False,,7.48,20240130
301225.SZ,20240222,EVENT,15.6263,False,,18.481,20240130
301270.SZ,20240222,EVENT,6.0919,False,,29.056,20240130
600645.SH,20240222,EVENT,0.9807,False,,16.55,20240131
603596.SH,20240222,EVENT,0.7211,False,,27.818,20240208
688593.SH,20240222,EVENT,5.9818,False,,10.936,20240131
001299.SZ,20240223,EVENT,9.9431,False,,13.01,20240131
002796.SZ,20240223,EVENT,24.4566,False,,9.26,20240131
300135.SZ,20240223,EVENT,5.7779,False,,2.59,20240130
300915.SZ,20240223,EVENT,-1.0384,False,,18.892,20240130
301322.SZ,20240223,EVENT,1.6251,False,,22.44,20240131
603119.SH,20240223,EVENT,10.9629,False,,12.4,20240205
688195.SH,20240223,EVENT,9.4854,False,,21.126,20240116
300597.SZ,20240226,EVENT,2.8111,False,,7.442,20240131
300786.SZ,20240226,EVENT,7.3233,False,,17.2,20240108
300801.SZ,20240226,EVENT,2.431,False,,12.765,20240131
300828.SZ,20240226,EVENT,11.337,False,,11.294,20240131
301116.SZ,20240226,EVENT,3.793,False,,10.321,20240131
301225.SZ,20240226,EVENT,2.5283,False,,18.481,20240130
603028.SH,20240226,EVENT,5.5648,False,,8.556,20240130
603629.SH,20240226,EVENT,10.9389,False,,16.776,20240122
002796.SZ,20240227,EVENT,6.9634,False,,9.26,20240131
301085.SZ,20240227,EVENT,-3.4325,False,,45.602,20240130
301125.SZ,20240227,EVENT,17.01,False,,7.457,20240131
301158.SZ,20240227,EVENT,3.2037,False,,9.545,20240131
688455.SH,20240227,EVENT,-2.5793,False,,10.33,20240130
301282.SZ,20240228,EVENT,-5.7677,False,,12.242,20240131
600580.SH,20240228,EVENT,-0.3441,False,,8.702,20240227
688618.SH,20240228,EVENT,-7.346,False,,27.938,20240130
002436.SZ,20240229,EVENT,8.9926,False,,12.21,20240226
300095.SZ,20240229,EVENT,8.5767,False,,6.489,20240130
300405.SZ,20240229,EVENT,0.7974,False,,6.51,20240131
300981.SZ,20240229,EVENT,7.3386,False,,9.339,20240223
300985.SZ,20240229,EVENT,12.0101,False,,21.347,20240130
301300.SZ,20240229,EVENT,22.0613,False,,23.324,20240130
688143.SH,20240229,EVENT,1.589,False,,22.76,20240130
688320.SH,20240229,EVENT,15.3648,False,,29.09,20240131
688383.SH,20240229,EVENT,9.5067,False,,63.613,20240202
688432.SH,20240229,EVENT,8.6059,False,,9.485,20240131
688543.SH,20240229,EVENT,8.3346,False,,23.085,20240131
002373.SZ,20240201,EVENT,-2.5872,False,,10.598,20240108
300702.SZ,20240201,EVENT,-1.551,False,,16.41,20240131
600572.SH,20240201,EVENT,-6.5235,False,,4.428,20240110
300997.SZ,20240202,EVENT,-7.4224,False,,10.778,20240130
600989.SH,20240202,EVENT,-1.4112,False,,12.01,20240131
688383.SH,20240202,EVENT,-10.6011,False,,95.813,20240108
000878.SZ,20240207,EVENT,6.3051,False,,10.23,20240119
002506.SZ,20240207,EVENT,13.4187,False,,2.39,20240202
688333.SH,20240207,EVENT,16.243,False,,51.718,20240131
002274.SZ,20240208,EVENT,10.6907,False,,6.77,20240205
002402.SZ,20240208,EVENT,10.7276,False,,10.652,20240130
002683.SZ,20240208,EVENT,0.4322,False,,14.564,20240131
002895.SZ,20240208,EVENT,10.8289,False,,11.641,20240131
002925.SZ,20240208,EVENT,9.5865,False,,13.702,20240130
300138.SZ,20240208,EVENT,4.4358,False,,10.57,20240131
300233.SZ,20240208,EVENT,17.7355,False,,12.39,20240131
600536.SH,20240208,EVENT,22.2589,False,,25.42,20240205
000818.SZ,20240219,EVENT,0.715,False,,24.13,20240131
300128.SZ,20240219,EVENT,0.7783,False,,3.93,20240207
300664.SZ,20240219,EVENT,-2.852,False,,4.42,20240201
603416.SH,20240219,EVENT,-1.0686,False,,24.575,20240130
605183.SH,20240219,EVENT,6.4054,False,,11.297,20240130
300035.SZ,20240220,EVENT,7.5293,False,,7.598,20240130
300395.SZ,20240220,EVENT,7.8138,False,,25.981,20240130
301370.SZ,20240220,EVENT,6.2487,False,,12.709,20240202
603067.SH,20240220,EVENT,2.7161,False,,5.675,20240131
688166.SH,20240220,EVENT,15.569,False,,25.652,20240130
002402.SZ,20240221,EVENT,4.3347,False,,10.652,20240130
002457.SZ,20240221,EVENT,0.3094,False,,6.725,20240131
002820.SZ,20240221,EVENT,8.869,False,,8.864,20240131
300054.SZ,20240221,EVENT,3.8618,False,,19.3,20240207
300656.SZ,20240221,EVENT,1.7421,False,,18.77,20240205
301063.SZ,20240221,EVENT,20.6775,False,,17.152,20240130
301206.SZ,20240221,EVENT,-2.8978,False,,22.542,20240130
301317.SZ,20240221,EVENT,24.6896,False,,14.505,20240131
301335.SZ,20240221,EVENT,10.3673,False,,17.628,20240131
600212.SH,20240221,EVENT,13.5845,False,,6.68,20240122
603111.SH,20240221,EVENT,27.3513,False,,4.126,20240131
603166.SH,20240221,EVENT,9.046,False,,5.31,20240131
603324.SH,20240221,EVENT,4.288,False,,21.03,20240131
688237.SH,20240221,EVENT,7.8564,False,,26.534,20240131
688255.SH,20240221,EVENT,21.0842,False,,17.196,20240131
688291.SH,20240221,EVENT,16.0495,False,,20.637,20240130
688435.SH,20240221,EVENT,23.8779,False,,35.1,20240131
688478.SH,20240221,EVENT,3.91,False,,46.684,20240103
688498.SH,20240221,EVENT,20.8127,False,,89.331,20240129
001205.SZ,20240222,EVENT,6.9331,False,,14.2,20240131
003019.SZ,20240222,EVENT,5.7335,False,,15.076,20240131
300162.SZ,20240222,EVENT,11.4617,False,,5.96,20240130
300642.SZ,20240222,EVENT,1.7279,False,,13.685,20240131
300643.SZ,20240222,EVENT,9.3845,False,,9.282,20240131
300978.SZ,20240222,EVENT,10.3234,False,,10.04,20240130
301065.SZ,20240222,EVENT,6.8142,False,,17.396,20240131
301280.SZ,20240222,EVENT,25.5601,False,,14.741,20240130
600080.SH,20240222,EVENT,18.8741,False,,6.312,20240131
600986.SH,20240222,EVENT,9.2804,False,,4.36,20240201
603008.SH,20240222,EVENT,11.5673,False,,14.22,20240131
603629.SH,20240222,EVENT,17.6311,False,,16.776,20240122
605060.SH,20240222,EVENT,-0.1365,False,,15.435,20240221
688173.SH,20240222,EVENT,36.2719,False,,12.34,20240130
688432.SH,20240222,EVENT,8.6383,False,,9.485,20240131
688486.SH,20240222,EVENT,10.2446,False,,33.408,20240122
688628.SH,20240222,EVENT,3.7926,False,,30.105,20240219
688699.SH,20240222,EVENT,10.1437,False,,29.78,20240130
002910.SZ,20240223,EVENT,1.2663,False,,8.97,20240131
300074.SZ,20240223,EVENT,16.8201,False,,3.77,20240131
300378.SZ,20240223,EVENT,9.2436,False,,16.402,20240131
300897.SZ,20240223,EVENT,10.8715,False,,8.921,20240131
301068.SZ,20240223,EVENT,3.7606,False,,13.361,20240131
301085.SZ,20240223,EVENT,1.8903,False,,45.602,20240130
600199.SH,20240223,EVENT,7.7539,False,,14.98,20240131
600543.SH,20240223,EVENT,8.0321,False,,5.4,20240131
603356.SH,20240223,EVENT,14.9893,False,,12.19,20240131
688356.SH,20240223,EVENT,2.7948,False,,94.948,20240117
688519.SH,20240223,EVENT,11.8278,False,,23.772,20240103
688528.SH,20240223,EVENT,9.0848,False,,8.7,20240130
300232.SZ,20240226,EVENT,-0.7622,False,,6.32,20240223
300331.SZ,20240226,EVENT,5.2826,False,,17.71,20240130
300448.SZ,20240226,EVENT,9.8248,False,,4.297,20240131
300629.SZ,20240226,EVENT,12.1887,False,,16.402,20240131
300688.SZ,20240226,EVENT,1.4699,False,,24.155,20240130
300845.SZ,20240226,EVENT,4.3561,False,,7.379,20240130
300912.SZ,20240226,EVENT,3.4177,False,,14.24,20240131
301033.SZ,20240226,EVENT,3.387,False,,32.708,20240131
301059.SZ,20240226,EVENT,6.178,False,,9.083,20240131
301222.SZ,20240226,EVENT,5.7781,False,,15.746,20240131
301389.SZ,20240226,EVENT,12.9871,False,,13.237,20240130
600232.SH,20240226,EVENT,13.1653,False,,4.74,20240131
600525.SH,20240226,EVENT,2.8664,False,,4.34,20240223
600699.SH,20240226,EVENT,-0.5099,False,,15.177,20240122
603017.SH,20240226,EVENT,-0.3196,False,,8.035,20240131
603321.SH,20240226,EVENT,4.1251,False,,6.765,20240131
603687.SH,20240226,EVENT,7.3328,False,,9.464,20240201
603726.SH,20240226,EVENT,14.0364,False,,11.155,20240131
688383.SH,20240226,EVENT,3.7165,False,,63.613,20240202
688478.SH,20240226,EVENT,-0.5297,False,,46.684,20240103
300124.SZ,20240227,EVENT,7.1965,False,,56.301,20240205
300546.SZ,20240227,EVENT,6.7498,False,,12.21,20240131
300686.SZ,20240227,EVENT,17.1515,False,,7.89,20240130
301123.SZ,20240227,EVENT,2.6704,False,,16.973,20240130
301397.SZ,20240227,EVENT,1.0718,False,,33.8,20240130
688032.SH,20240227,EVENT,3.677,False,,165.624,20240119
688133.SH,20240227,EVENT,-0.4033,False,,24.323,20240130
001360.SZ,20240228,EVENT,-2.1919,False,,14.19,20240131
002671.SZ,20240228,EVENT,-1.2848,False,,4.33,20240131
300405.SZ,20240228,EVENT,-3.0843,False,,6.51,20240131
300447.SZ,20240228,EVENT,2.8389,False,,11.115,20240131
300538.SZ,20240228,EVENT,1.0742,False,,14.24,20240130
300836.SZ,20240228,EVENT,16.0811,False,,14.658,20240131
603626.SH,20240228,EVENT,1.6097,False,,6.07,20240130
605018.SH,20240228,EVENT,-1.6595,False,,8.516,20240131
688317.SH,20240228,EVENT,-5.7835,False,,16.491,20240223
688593.SH,20240228,EVENT,-6.1208,False,,10.936,20240131
001299.SZ,20240229,EVENT,16.8977,False,,13.01,20240131
002769.SZ,20240229,EVENT,7.8543,False,,6.914,20240131
002899.SZ,20240229,EVENT,16.5072,False,,13.623,20240130
300166.SZ,20240229,EVENT,9.7566,False,,8.32,20240219
301125.SZ,20240229,EVENT,35.596,False,,7.457,20240131
301130.SZ,20240229,EVENT,17.5159,False,,21.619,20240131
301362.SZ,20240229,EVENT,12.3873,False,,19.796,20240130
600543.SH,20240229,EVENT,13.9448,False,,5.4,20240131
688081.SH,20240229,EVENT,11.7186,False,,11.89,20240131
688362.SH,20240229,EVENT,9.4656,False,,22.13,20240122
688536.SH,20240229,EVENT,2.4739,False,,136.726,20240104
688610.SH,20240229,EVENT,26.1724,False,,33.504,20240130
688630.SH,20240229,EVENT,4.0402,False,,70.414,20240117
688018.SH,20240201,EVENT,-3.0171,False,,81.5,20240131
688069.SH,20240201,EVENT,-8.9829,False,,13.129,20240117
688072.SH,20240201,EVENT,-0.8688,False,,111.04,20240130
688281.SH,20240201,EVENT,-1.1339,False,,36.241,20240131
000404.SZ,20240202,EVENT,-5.0578,False,,4.32,20240201
301071.SZ,20240202,EVENT,-4.3499,False,,28.388,20240118
600351.SH,20240202,EVENT,-4.3611,False,,6.71,20240108
600739.SH,20240202,EVENT,-4.7284,False,,10.921,20240117
601003.SH,20240202,EVENT,-5.8255,False,,2.96,20240117
300129.SZ,20240205,EVENT,-8.9925,False,,7.67,20240129
601003.SH,20240205,EVENT,-5.7389,False,,2.96,20240117
600337.SH,20240206,EVENT,-2.4717,False,,2.648,20240122
001289.SZ,20240207,EVENT,1.0263,False,,18.7,20240118
600022.SH,20240207,EVENT,4.6658,False,,1.25,20240205
600031.SH,20240207,EVENT,1.2466,False,,12.435,20240126
601003.SH,20240207,EVENT,-0.9033,False,,2.65,20240205
688147.SH,20240207,EVENT,12.7877,False,,33.729,20240119
002424.SZ,20240208,EVENT,5.0511,False,,7.54,20240131
002484.SZ,20240208,EVENT,10.299,False,,14.406,20240129
003012.SZ,20240208,EVENT,3.5691,False,,6.529,20240202
601003.SH,20240208,EVENT,9.4579,False,,2.65,20240205
603558.SH,20240208,EVENT,8.8663,False,,7.275,20240201
000534.SZ,20240219,EVENT,0.4287,False,,10.291,20240202
002111.SZ,20240219,EVENT,12.1904,False,,7.28,20240131
002252.SZ,20240219,EVENT,4.8659,False,,6.54,20240131
002627.SZ,20240219,EVENT,4.1222,False,,4.454,20240202
301325.SZ,20240219,EVENT,0.8973,False,,50.923,20240130
605060.SH,20240219,EVENT,1.0744,False,,13.925,20240131
000544.SZ,20240220,EVENT,0.9345,False,,5.5,20240205
002687.SZ,20240220,EVENT,11.9759,False,,4.4,20240131
301196.SZ,20240220,EVENT,6.578,False,,19.218,20240131
001283.SZ,20240221,EVENT,2.4828,False,,38.59,20240130
002092.SZ,20240221,EVENT,-0.1824,False,,4.88,20240201
002117.SZ,20240221,EVENT,0.5545,False,,7.19,20240131
002132.SZ,20240221,EVENT,2.9618,False,,2.71,20240131
002249.SZ,20240221,EVENT,7.1234,False,,4.68,20240208
002664.SZ,20240221,EVENT,13.4636,False,,12.75,20240130
300463.SZ,20240221,EVENT,0.1939,False,,11.943,20240131
300897.SZ,20240221,EVENT,19.363,False,,8.921,20240131
301160.SZ,20240221,EVENT,6.5969,False,,14.707,20240130
600643.SH,20240221,EVENT,-1.5832,False,,4.54,20240202
600645.SH,20240221,EVENT,1.997,False,,16.55,20240131
600699.SH,20240221,EVENT,6.5494,False,,15.177,20240122
603067.SH,20240221,EVENT,2.8034,False,,5.675,20240131
603339.SH,20240221,EVENT,10.2222,False,,9.218,20240131
688005.SH,20240221,EVENT,-3.8989,False,,23.193,20240117
688010.SH,20240221,EVENT,10.5608,False,,19.144,20240130
688061.SH,20240221,EVENT,10.0978,False,,27.731,20240130
688105.SH,20240221,EVENT,-1.905,False,,18.112,20240130
688239.SH,20240221,EVENT,4.497,False,,26.166,20240130
688326.SH,20240221,EVENT,2.8164,False,,91.25,20240112
688349.SH,20240221,EVENT,10.694,False,,18.733,20240206
688531.SH,20240221,EVENT,5.523,False,,40.711,20240117
002117.SZ,20240222,EVENT,1.2307,False,,7.19,20240131
002132.SZ,20240222,EVENT,4.9063,False,,2.71,20240131
002634.SZ,20240222,EVENT,6.7715,False,,5.63,20240130
300435.SZ,20240222,EVENT,12.5059,False,,11.121,20240131
300700.SZ,20240222,EVENT,16.3241,False,,10.761,20240118
300786.SZ,20240222,EVENT,16.9128,False,,17.2,20240108
300873.SZ,20240222,EVENT,2.3843,False,,11.708,20240130
300985.SZ,20240222,EVENT,11.9806,False,,21.347,20240130
300997.SZ,20240222,EVENT,5.1694,False,,11.838,20240202
301047.SZ,20240222,EVENT,1.8376,False,,63.502,20240208
301290.SZ,20240222,EVENT,2.2049,False,,20.821,20240131
301366.SZ,20240222,EVENT,25.691,False,,17.357,20240130
600826.SH,20240222,EVENT,2.6675,False,,4.726,20240202
603039.SH,20240222,EVENT,2.8268,False,,29.178,20240130
603416.SH,20240222,EVENT,8.7467,False,,24.575,20240130
603755.SH,20240222,EVENT,-7.1076,False,,20.677,20240131
603798.SH,20240222,EVENT,32.489,False,,9.301,20240130
603950.SH,20240222,EVENT,9.3357,False,,13.6,20240202
688123.SH,20240222,EVENT,18.3574,False,,53.38,20240117
688138.SH,20240222,EVENT,14.1832,False,,16.232,20240130
688237.SH,20240222,EVENT,3.3964,False,,26.534,20240131
688252.SH,20240222,EVENT,15.3961,False,,13.533,20240130
688519.SH,20240222,EVENT,20.3443,False,,23.772,20240103
688616.SH,20240222,EVENT,6.4024,False,,8.287,20240130
001336.SZ,20240223,EVENT,5.0049,False,,24.22,20240131
002058.SZ,20240223,EVENT,3.3182,False,,10.9,20240131
002548.SZ,20240223,EVENT,-1.7891,False,,4.41,20240202
300745.SZ,20240223,EVENT,6.1491,False,,19.22,20240130
300834.SZ,20240223,EVENT,7.1968,False,,17.109,20240131
300997.SZ,20240223,EVENT,4.9191,False,,11.838,20240202
301006.SZ,20240223,EVENT,5.4973,False,,13.345,20240131
301097.SZ,20240223,EVENT,11.2736,False,,27.892,20240131
301176.SZ,20240223,EVENT,10.2152,False,,12.78,20240130
301237.SZ,20240223,EVENT,4.4593,False,,23.812,20240131
301258.SZ,20240223,EVENT,2.3739,False,,25.777,20240131
301279.SZ,20240223,EVENT,6.7496,False,,11.013,20240131
301335.SZ,20240223,EVENT,3.0029,False,,17.628,20240131
301353.SZ,20240223,EVENT,8.7096,False,,14.951,20240131
600261.SH,20240223,EVENT,6.4286,False,,2.38,20240201
601615.SH,20240223,EVENT,8.7056,False,,9.348,20240130
603067.SH,20240223,EVENT,1.937,False,,5.675,20240131
603096.SH,20240223,EVENT,13.9056,False,,13.996,20240131
603726.SH,20240223,EVENT,17.4049,False,,11.155,20240131
603822.SH,20240223,EVENT,3.9046,False,,22.438,20240130
605300.SH,20240223,EVENT,2.1445,False,,12.994,20240131
688247.SH,20240223,EVENT,3.867,False,,8.533,20240131
688435.SH,20240223,EVENT,17.4348,False,,35.1,20240131
688485.SH,20240223,EVENT,4.5747,False,,10.038,20240131
688503.SH,20240223,EVENT,23.645,False,,32.406,20240129
688523.SH,20240223,EVENT,14.4119,False,,18.951,20240131
000869.SZ,20240226,EVENT,-0.2306,False,,21.28,20240201
001313.SZ,20240226,EVENT,2.1937,False,,7.34,20240131
001336.SZ,20240226,EVENT,3.0892,False,,24.22,20240131
002084.SZ,20240226,EVENT,2.4214,False,,3.43,20240131
002249.SZ,20240226,EVENT,-0.2103,False,,4.68,20240208
002683.SZ,20240226,EVENT,2.7049,False,,14.564,20240131
002753.SZ,20240226,EVENT,-3.9269,False,,6.502,20240130
002899.SZ,20240226,EVENT,3.763,False,,13.623,20240130
300122.SZ,20240226,EVENT,3.0103,False,,49.5,20240206
300158.SZ,20240226,EVENT,-0.1687,False,,4.98,20240222
300836.SZ,20240226,EVENT,23.7028,False,,14.658,20240131
301047.SZ,20240226,EVENT,2.1011,False,,63.502,20240208
301130.SZ,20240226,EVENT,11.0648,False,,21.619,20240131
301336.SZ,20240226,EVENT,0.0304,False,,27.443,20240131
600080.SH,20240226,EVENT,6.5151,False,,6.312,20240131
603039.SH,20240226,EVENT,0.6603,False,,31.861,20240222
603811.SH,20240226,EVENT,4.599,False,,5.079,20240131
688138.SH,20240226,EVENT,7.7474,False,,16.232,20240130
688143.SH,20240226,EVENT,11.9548,False,,22.76,20240130
688170.SH,20240226,EVENT,1.2853,False,,27.611,20240130
688291.SH,20240226,EVENT,5.9714,False,,20.637,20240130
688321.SH,20240226,EVENT,0.131,False,,16.822,20240130
688362.SH,20240226,EVENT,8.0448,False,,22.13,20240122
688581.SH,20240226,EVENT,0.3716,False,,53.815,20240223
688628.SH,20240226,EVENT,5.6719,False,,30.105,20240219
688662.SH,20240226,EVENT,5.4147,False,,24.656,20240112
300685.SZ,20240227,EVENT,1.9431,False,,18.476,20240207
300845.SZ,20240227,EVENT,7.1802,False,,7.379,20240130
301033.SZ,20240227,EVENT,5.1923,False,,32.708,20240131
301197.SZ,20240227,EVENT,2.9656,False,,14.447,20240131
301370.SZ,20240227,EVENT,-0.133,False,,12.709,20240202
600536.SH,20240227,EVENT,14.0578,False,,29.8,20240222
688244.SH,20240227,EVENT,13.1981,False,,18.39,20240130
000534.SZ,20240228,EVENT,0.6083,False,,10.291,20240202
001211.SZ,20240228,EVENT,-4.5765,False,,20.4,20240131
002452.SZ,20240228,EVENT,13.3905,False,,6.702,20240119
002683.SZ,20240228,EVENT,-0.1611,False,,16.904,20240227
002910.SZ,20240228,EVENT,-3.283,False,,8.97,20240131
003019.SZ,20240228,EVENT,2.4559,False,,17.079,20240223
300143.SZ,20240228,EVENT,-2.2423,False,,6.374,20240131
300598.SZ,20240228,EVENT,12.5623,False,,26.819,20240202
300618.SZ,20240228,EVENT,-0.1888,False,,23.08,20240227
300995.SZ,20240228,EVENT,0.407,False,,16.437,20240131
301279.SZ,20240228,EVENT,-5.0387,False,,11.013,20240131
600080.SH,20240228,EVENT,-7.2551,False,,7.142,20240226
603296.SH,20240228,EVENT,8.8256,False,,35.269,20240110
603321.SH,20240228,EVENT,-2.8222,False,,6.765,20240131
603879.SH,20240228,EVENT,29.8284,False,,5.29,20240131
605055.SH,20240228,EVENT,-1.5613,False,,5.861,20240131
605337.SH,20240228,EVENT,-5.0283,False,,10.302,20240131
688136.SH,20240228,EVENT,2.9106,False,,16.275,20240131
688247.SH,20240228,EVENT,-0.2197,False,,8.533,20240131
688252.SH,20240228,EVENT,5.2589,False,,13.533,20240130
688429.SH,20240228,EVENT,1.5086,False,,17.175,20240130
688528.SH,20240228,EVENT,0.355,False,,8.7,20240130
688598.SH,20240228,EVENT,7.3245,False,,40.695,20240122
002034.SZ,20240229,EVENT,4.3299,False,,13.71,20240201
300321.SZ,20240229,EVENT,35.5769,False,,15.429,20240131
300349.SZ,20240229,EVENT,15.1231,False,,9.581,20240130
300420.SZ,20240229,EVENT,13.4124,False,,2.505,20240131
300708.SZ,20240229,EVENT,1.1964,False,,6.678,20240227
300776.SZ,20240229,EVENT,4.23,False,,45.154,20240227
301006.SZ,20240229,EVENT,16.3501,False,,13.345,20240131
301033.SZ,20240229,EVENT,15.2301,False,,32.708,20240131
603339.SH,20240229,EVENT,11.2634,False,,9.218,20240131
603980.SH,20240229,EVENT,3.7341,False,,3.735,20240131
605069.SH,20240229,EVENT,15.7059,False,,8.15,20240131
605089.SH,20240229,EVENT,12.2268,False,,32.994,20240119
688391.SH,20240229,EVENT,16.4086,False,,23.778,20240130
688623.SH,20240229,EVENT,3.6303,False,,40.52,20240131
001217.SZ,20240201,EVENT,-8.863,False,,11.62,20231227
300802.SZ,20240202,EVENT,-3.0691,False,,17.209,20240108
600509.SH,20240202,EVENT,-6.0217,False,,6.103,20240108
600718.SH,20240202,EVENT,-6.9002,False,,8.1,20240117
688767.SH,20240202,EVENT,-3.548,False,,18.241,20240116
603061.SH,20240207,EVENT,-2.4651,False,,45.09,20240130
688069.SH,20240208,EVENT,3.8531,False,,10.9,20240205
000404.SZ,20240219,EVENT,16.6835,False,,4.32,20240201
000862.SZ,20240219,EVENT,10.6181,False,,5.56,20240201
002713.SZ,20240219,EVENT,17.7953,False,,4.011,20240131
300708.SZ,20240220,EVENT,-3.6576,False,,6.349,20240130
301283.SZ,20240220,EVENT,-1.4885,False,,16.818,20240131
002271.SZ,20240221,EVENT,0.4844,False,,16.15,20240201
002385.SZ,20240221,EVENT,0.5072,False,,5.102,20240208
002431.SZ,20240221,EVENT,7.6298,False,,2.15,20240202
002879.SZ,20240221,EVENT,12.0619,False,,12.83,20240201
002917.SZ,20240221,EVENT,9.1764,False,,7.714,20240130
300014.SZ,20240221,EVENT,9.5657,False,,36.725,20240124
300877.SZ,20240221,EVENT,3.968,False,,14.122,20240131
300915.SZ,20240221,EVENT,1.8181,False,,18.892,20240130
301003.SZ,20240221,EVENT,20.6918,False,,16.977,20240131
301026.SZ,20240221,EVENT,15.1348,False,,11.251,20240131
301092.SZ,20240221,EVENT,4.3511,False,,21.033,20240131
301283.SZ,20240221,EVENT,0.8232,False,,16.818,20240131
600261.SH,20240221,EVENT,5.2871,False,,2.38,20240201
603687.SH,20240221,EVENT,6.6177,False,,9.464,20240201
688068.SH,20240221,EVENT,-0.5764,False,,31.96,20240130
688581.SH,20240221,EVENT,0.0252,False,,77.219,20240126
001222.SZ,20240222,EVENT,4.8291,False,,13.25,20240130
001296.SZ,20240222,EVENT,5.2472,False,,21.08,20240131
002753.SZ,20240222,EVENT,3.3577,False,,6.502,20240130
002917.SZ,20240222,EVENT,8.6279,False,,7.714,20240130
300331.SZ,20240222,EVENT,12.9398,False,,17.71,20240130
300395.SZ,20240222,EVENT,5.312,False,,25.981,20240130
300674.SZ,20240222,EVENT,7.4278,False,,12.082,20240131
300963.SZ,20240222,EVENT,10.2971,False,,5.151,20240131
301110.SZ,20240222,EVENT,10.6461,False,,16.516,20240130
301222.SZ,20240222,EVENT,8.8702,False,,15.746,20240131
301320.SZ,20240222,EVENT,16.2434,False,,15.712,20240129
600382.SH,20240222,EVENT,0.3376,False,,4.08,20240202
601615.SH,20240222,EVENT,7.3762,False,,9.348,20240130
603700.SH,20240222,EVENT,5.4563,False,,10.903,20240131
688068.SH,20240222,EVENT,-1.1236,False,,31.96,20240130
688286.SH,20240222,EVENT,13.9311,False,,37.854,20240119
688718.SH,20240222,EVENT,11.8661,False,,11.31,20240131
001202.SZ,20240223,EVENT,2.4263,False,,14.61,20240131
001360.SZ,20240223,EVENT,7.0194,False,,14.19,20240131
002420.SZ,20240223,EVENT,4.775,False,,4.96,20240130
002494.SZ,20240223,EVENT,7.5012,False,,4.24,20240131
002836.SZ,20240223,EVENT,6.0747,False,,6.535,20240131
002879.SZ,20240223,EVENT,15.3117,False,,12.83,20240201
300068.SZ,20240223,EVENT,13.7601,False,,12.086,20240129
300132.SZ,20240223,EVENT,5.4219,False,,4.22,20240131
300440.SZ,20240223,EVENT,8.2425,False,,5.573,20240201
300828.SZ,20240223,EVENT,18.089,False,,11.294,20240131
301003.SZ,20240223,EVENT,13.8434,False,,16.977,20240131
301012.SZ,20240223,EVENT,23.948,False,,12.556,20240129
600094.SH,20240223,EVENT,3.5181,False,,2.722,20240205
603517.SH,20240223,EVENT,0.0623,False,,20.27,20240130
603928.SH,20240223,EVENT,7.609,False,,5.869,20240131
688037.SH,20240223,EVENT,15.1388,False,,77.663,20240117
688232.SH,20240223,EVENT,2.0165,False,,23.933,20240130
688486.SH,20240223,EVENT,14.1398,False,,33.408,20240122
688571.SH,20240223,EVENT,4.5145,False,,5.487,20240131
001211.SZ,20240226,EVENT,-1.3711,False,,20.4,20240131
002117.SZ,20240226,EVENT,-2.9466,False,,7.19,20240131
002391.SZ,20240226,EVENT,0.8131,False,,4.962,20240131
300776.SZ,20240226,EVENT,3.9082,False,,54.874,20240116
301149.SZ,20240226,EVENT,4.9678,False,,7.577,20240131
603281.SH,20240226,EVENT,0.1501,False,,15.526,20240130
603551.SH,20240226,EVENT,-0.3729,False,,9.79,20240223
688193.SH,20240226,EVENT,-3.6548,False,,33.107,20240131
688217.SH,20240226,EVENT,-4.0707,False,,27.932,20240130
688517.SH,20240226,EVENT,9.9961,False,,10.882,20240130
300296.SZ,20240227,EVENT,-0.7248,False,,5.09,20240208
301187.SZ,20240227,EVENT,7.1076,False,,10.473,20240130
301233.SZ,20240227,EVENT,15.2903,False,,23.465,20240131
002272.SZ,20240228,EVENT,34.0269,False,,5.25,20240131
002753.SZ,20240228,EVENT,-3.7659,False,,6.502,20240130
300339.SZ,20240228,EVENT,6.9058,False,,21.621,20240130
300441.SZ,20240228,EVENT,10.9797,False,,5.455,20240131
300768.SZ,20240228,EVENT,-0.466,False,,12.183,20240227
300947.SZ,20240228,EVENT,-5.3216,False,,12.61,20240131
301063.SZ,20240228,EVENT,-0.2086,False,,17.152,20240130
301156.SZ,20240228,EVENT,-3.2393,False,,8.345,20240130
600865.SH,20240228,EVENT,-4.1921,False,,6.81,20240131
603818.SH,20240228,EVENT,-4.8542,False,,4.44,20240131
605169.SH,20240228,EVENT,-2.101,False,,8.846,20240131
688381.SH,20240228,EVENT,1.8496,False,,18.36,20240131
688391.SH,20240228,EVENT,8.4521,False,,23.778,20240130
688543.SH,20240228,EVENT,0.337,False,,23.085,20240131
601666_SH.SH,20240229,CONT,-8.6288,,,10.23,20240207
600031.SH,20240202,EVENT,4.2981,False,,12.435,20240126
301305.SZ,20240301,EVENT,3.2959,False,,14.651,20240131
001255.SZ,20240301,EVENT,9.4733,False,,29.43,20240130
603005.SH,20240301,EVENT,0.0221,False,,17.22,20240130
603399.SH,20240301,EVENT,-1.8839,False,,7.6,20240130
000576.SZ,20240306,EVENT,6.5995,False,,7.46,20240305
603119.SH,20240301,EVENT,-0.3209,False,,13.584,20240226
688558.SH,20240301,EVENT,0.9067,False,,19.503,20240130
688651.SH,20240301,EVENT,9.1074,False,,26.218,20240130
300684.SZ,20240304,EVENT,0.9409,False,,14.376,20240301
603399.SH,20240304,EVENT,0.4804,False,,7.6,20240130
688320.SH,20240304,EVENT,1.726,False,,29.09,20240131
300684.SZ,20240307,EVENT,-2.352,False,,14.376,20240301
000576.SZ,20240308,EVENT,10.884,False,,7.46,20240305
001283.SZ,20240301,EVENT,16.4028,False,,38.59,20240130
002420.SZ,20240301,EVENT,8.3298,False,,4.96,20240130
002671.SZ,20240301,EVENT,7.9373,False,,4.33,20240131
002836.SZ,20240301,EVENT,12.216,False,,6.535,20240131
002937.SZ,20240301,EVENT,6.4823,False,,19.562,20240130
300097.SZ,20240301,EVENT,0.9043,False,,7.29,20240130
300656.SZ,20240301,EVENT,2.6651,False,,18.77,20240205
301092.SZ,20240301,EVENT,6.4621,False,,21.033,20240131
301233.SZ,20240301,EVENT,21.3333,False,,23.465,20240131
601089.SH,20240301,EVENT,6.2709,False,,13.183,20240227
603626.SH,20240301,EVENT,7.5291,False,,6.07,20240130
605300.SH,20240301,EVENT,4.7884,False,,12.994,20240131
688056.SH,20240301,EVENT,10.5807,False,,23.996,20240130
688058.SH,20240301,EVENT,11.7626,False,,25.684,20240131
688079.SH,20240301,EVENT,5.883,False,,8.61,20240130
688252.SH,20240301,EVENT,8.9111,False,,13.533,20240130
688315.SH,20240301,EVENT,6.1865,False,,16.461,20240227
688362.SH,20240301,EVENT,4.2913,False,,22.13,20240122
688478.SH,20240301,EVENT,-0.5,False,,46.684,20240103
002846.SZ,20240304,EVENT,15.8777,False,,8.451,20240130
300538.SZ,20240304,EVENT,3.8013,False,,14.24,20240130
301225.SZ,20240304,EVENT,2.3239,False,,20.059,20240227
600212.SH,20240304,EVENT,6.1177,False,,6.55,20240301
603222.SH,20240304,EVENT,5.234,False,,6.55,20240130
688429.SH,20240304,EVENT,4.6685,False,,17.175,20240130
300250.SZ,20240305,EVENT,0.5238,False,,14.46,20240130
300825.SZ,20240305,EVENT,4.9274,False,,11.3,20240226
301115.SZ,20240305,EVENT,2.7059,False,,15.54,20240131
688426.SH,20240306,EVENT,3.6674,False,,21.09,20240131
300881.SZ,20240307,EVENT,0.8668,False,,19.456,20240130
688522.SH,20240307,EVENT,28.5373,False,,14.18,20240301
605122.SH,20240311,EVENT,5.1876,False,,13.087,20240131
688231.SH,20240321,EVENT,0.488,False,,13.104,20240130
002760.SZ,20240301,EVENT,10.3669,False,,17.152,20240131
003003.SZ,20240301,EVENT,13.313,False,,8.576,20240201
300250.SZ,20240301,EVENT,2.0443,False,,14.46,20240130
300447.SZ,20240301,EVENT,9.0987,False,,11.115,20240131
300563.SZ,20240301,EVENT,13.7841,False,,11.662,20240130
300884.SZ,20240301,EVENT,5.7137,False,,10.068,20240130
301197.SZ,20240301,EVENT,9.8624,False,,14.447,20240131
301323.SZ,20240301,EVENT,13.029,False,,27.868,20240131
600543.SH,20240301,EVENT,12.4817,False,,5.4,20240131
600843.SH,20240301,EVENT,33.5376,False,,4.701,20240201
605018.SH,20240301,EVENT,9.4714,False,,8.516,20240131
688217.SH,20240301,EVENT,6.5217,False,,27.932,20240130
688603.SH,20240301,EVENT,-1.5692,False,,32.654,20240103
688616.SH,20240301,EVENT,11.1147,False,,8.287,20240130
002058.SZ,20240304,EVENT,0.7818,False,,10.9,20240131
002162.SZ,20240304,EVENT,-0.5818,False,,3.96,20240131
300214.SZ,20240304,EVENT,12.5565,False,,5.261,20240131
300629.SZ,20240304,EVENT,8.1391,False,,16.402,20240131
301228.SZ,20240304,EVENT,8.7277,False,,13.61,20240131
301300.SZ,20240304,EVENT,12.6802,False,,23.324,20240130
301335.SZ,20240304,EVENT,6.6944,False,,17.628,20240131
603219.SH,20240304,EVENT,15.8664,False,,11.652,20240131
603980.SH,20240304,EVENT,3.3618,False,,3.735,20240131
688037.SH,20240304,EVENT,0.6184,False,,77.663,20240117
688123.SH,20240304,EVENT,14.0077,False,,53.38,20240117
688229.SH,20240304,EVENT,3.4602,False,,35.15,20240131
300970.SZ,20240305,EVENT,9.4967,False,,10.418,20240131
301009.SZ,20240305,EVENT,6.8719,False,,9.28,20240130
301181.SZ,20240305,EVENT,9.7201,False,,15.385,20240130
301197.SZ,20240305,EVENT,12.0026,False,,14.447,20240131
301369.SZ,20240305,EVENT,10.5234,False,,29.817,20240130
001296.SZ,20240306,EVENT,11.1376,False,,21.08,20240131
600173.SH,20240306,EVENT,11.7916,False,,4.191,20240201
688120.SH,20240306,EVENT,-1.0301,False,,63.386,20240229
688558.SH,20240306,EVENT,3.1292,False,,19.503,20240130
002846.SZ,20240307,EVENT,25.3099,False,,8.451,20240130
301125.SZ,20240307,EVENT,2.1432,False,,7.457,20240131
603818.SH,20240307,EVENT,-2.1911,False,,4.44,20240131
688291.SH,20240307,EVENT,8.4704,False,,20.637,20240130
001255.SZ,20240308,EVENT,1.7471,False,,29.43,20240130
002769.SZ,20240308,EVENT,11.4043,False,,6.914,20240131
003017.SZ,20240308,EVENT,8.7436,False,,14.631,20240131
300819.SZ,20240308,EVENT,8.7034,False,,12.195,20240130
603116.SH,20240308,EVENT,5.0835,False,,4.977,20240131
003004.SZ,20240311,EVENT,14.7783,False,,21.782,20240308
300970.SZ,20240311,EVENT,6.4711,False,,10.418,20240131
603811.SH,20240311,EVENT,-1.5284,False,,5.079,20240131
002820.SZ,20240312,EVENT,3.7275,False,,8.864,20240131
688433.SH,20240313,EVENT,27.3555,False,,21.404,20240307
688173.SH,20240315,EVENT,-3.427,False,,15.6,20240305
002811.SZ,20240301,EVENT,18.7486,False,,7.326,20240131
300605.SZ,20240301,EVENT,9.6561,False,,11.65,20240131
300686.SZ,20240301,EVENT,24.0795,False,,7.89,20240130
300691.SZ,20240301,EVENT,5.783,False,,18.98,20240124
300902.SZ,20240301,EVENT,9.4546,False,,19.802,20240130
301486.SZ,20240301,EVENT,16.3549,False,,34.546,20240130
600067.SH,20240301,EVENT,2.9324,False,,1.925,20240202
600080.SH,20240301,EVENT,-2.1082,False,,7.142,20240226
600183.SH,20240301,EVENT,0.5686,False,,14.12,20240122
603217.SH,20240301,EVENT,6.7864,False,,15.679,20240129
603321.SH,20240301,EVENT,8.5213,False,,6.765,20240131
688123.SH,20240301,EVENT,21.0033,False,,53.38,20240117
688528.SH,20240301,EVENT,14.3556,False,,8.7,20240130
001222.SZ,20240304,EVENT,3.9574,False,,13.25,20240130
001259.SZ,20240304,EVENT,-7.9951,False,,27.2,20240130
002452.SZ,20240304,EVENT,10.9025,False,,6.702,20240119
002821.SZ,20240304,EVENT,-4.6211,False,,99.327,20240117
300132.SZ,20240304,EVENT,7.223,False,,4.22,20240131
300259.SZ,20240304,EVENT,5.3973,False,,2.817,20240131
300658.SZ,20240304,EVENT,7.6347,False,,5.618,20240130
300836.SZ,20240304,EVENT,20.191,False,,14.658,20240131
300877.SZ,20240304,EVENT,12.0064,False,,14.122,20240131
301115.SZ,20240304,EVENT,3.0308,False,,15.54,20240131
301156.SZ,20240304,EVENT,11.599,False,,8.345,20240130
301176.SZ,20240304,EVENT,9.4159,False,,12.78,20240130
301190.SZ,20240304,EVENT,5.8067,False,,15.577,20240201
301321.SZ,20240304,EVENT,5.0753,False,,14.56,20240130
600080.SH,20240304,EVENT,-0.3648,False,,7.142,20240226
600543.SH,20240304,EVENT,13.0732,False,,5.4,20240131
603116.SH,20240304,EVENT,8.3871,False,,4.977,20240131
603321.SH,20240304,EVENT,8.9189,False,,6.765,20240131
603726.SH,20240304,EVENT,6.4765,False,,11.155,20240131
603879.SH,20240304,EVENT,41.9374,False,,5.29,20240131
605388.SH,20240304,EVENT,4.8757,False,,6.861,20240130
688129.SH,20240304,EVENT,8.7325,False,,12.422,20240131
688420.SH,20240304,EVENT,2.8441,False,,21.664,20240202
688519.SH,20240304,EVENT,24.6398,False,,23.772,20240103
300132.SZ,20240305,EVENT,10.7157,False,,4.22,20240131
300005.SZ,20240306,EVENT,13.1121,False,,5.086,20240131
688455.SH,20240306,EVENT,7.7009,False,,10.33,20240130
301130.SZ,20240307,EVENT,7.4225,False,,21.619,20240131
603655.SH,20240307,EVENT,11.8046,False,,15.99,20240131
002820.SZ,20240311,EVENT,8.3951,False,,8.864,20240131
601089.SH,20240311,EVENT,1.9973,False,,13.183,20240227
688528.SH,20240311,EVENT,6.0609,False,,8.7,20240130
001231.SZ,20240312,EVENT,5.2152,False,,17.7,20240131
300885.SZ,20240312,EVENT,-3.1571,False,,7.929,20240131
301126.SZ,20240312,EVENT,2.7391,False,,10.566,20240131
301148.SZ,20240312,EVENT,11.7574,False,,17.153,20240131
301313.SZ,20240320,EVENT,0.4828,False,,27.601,20240304
300819.SZ,20240325,EVENT,5.0346,False,,11.185,20240314
688515.SH,20240328,EVENT,-17.5801,False,,69.59,20240311
301166.SZ,20240329,EVENT,-3.365,False,,28.609,20240131
600160_SH.SH,20240301,CONT,3.1197,,,15.48,20240206
601666_SH.SH,20240304,CONT,-17.5077,,,10.23,20240207
600707_SH.SH,20240311,CONT,-1.3236,,,6.72,20240227
605196_SH.SH,20240314,CONT,14.3829,,,7.886,20240226
300274_SZ.SZ,20240318,CONT,4.068,,,59.445,20240304
600233_SH.SH,20240321,CONT,2.9572,,,14.11,20240320
002496_SZ.SZ,20240329,CONT,0.6889,,,1.79,20240314
603219.SH,20240301,EVENT,24.3229,False,,11.652,20240131
300124.SZ,20240304,EVENT,1.7638,False,,56.301,20240205
688072.SH,20240322,EVENT,-1.544,False,,133.82,20240229
601689.SH,20240325,EVENT,0.396,False,,40.573,20240314
688282.SH,20240325,EVENT,-17.5726,False,,24.59,20240315
688165.SH,20240329,EVENT,-17.8902,False,,9.84,20240318
301041.SZ,20240412,EVENT,-3.2129,False,,22.034,20240410
688433.SH,20240415,EVENT,-4.8695,False,,23.304,20240412
002726.SZ,20240417,EVENT,-6.553,False,,7.12,20240409
300759.SZ,20240430,EVENT,11.9649,False,,18.521,20240412
688550.SH,20240408,EVENT,-2.9917,False,,25.976,20240401
301156.SZ,20240410,EVENT,-14.4973,False,,8.926,20240409
001209.SZ,20240412,EVENT,-4.5809,False,,15.55,20240402
600400.SH,20240417,EVENT,11.4839,False,,2.55,20240326
301429.SZ,20240419,EVENT,2.3244,False,,14.617,20240418
300470.SZ,20240426,EVENT,3.8176,False,,31.163,20240425
688580.SH,20240430,EVENT,0.9471,False,,31.302,20240412
002782.SZ,20240408,EVENT,-5.3465,False,,10.692,20240327
301246.SZ,20240409,EVENT,-4.2764,False,,20.821,20240320
300875.SZ,20240410,EVENT,-9.8062,False,,32.8,20240401
301533.SZ,20240410,EVENT,3.0914,False,,27.409,20240408
688472.SH,20240410,EVENT,-1.4617,False,,11.723,20240408
301227.SZ,20240411,EVENT,-9.0657,False,,19.846,20240402
603980.SH,20240411,EVENT,-0.1829,False,,3.525,20240401
300481.SZ,20240412,EVENT,7.172,False,,13.186,20240401
300801.SZ,20240416,EVENT,-6.1549,False,,13.805,20240402
000795.SZ,20240418,EVENT,6.3858,False,,5.439,20240402
301130.SZ,20240418,EVENT,6.7722,False,,22.319,20240416
301335.SZ,20240418,EVENT,-4.8306,False,,17.108,20240415
603755.SH,20240418,EVENT,10.7912,False,,19.287,20240416
301263.SZ,20240424,EVENT,3.2607,False,,10.61,20240415
300102.SZ,20240425,EVENT,-0.3998,False,,5.916,20240422
301171.SZ,20240426,EVENT,1.0451,False,,12.731,20240403
300158.SZ,20240430,EVENT,2.8127,False,,4.72,20240408
000960_SZ.SZ,20240416,CONT,-5.9714,,,16.45,20240410
000425_SZ.SZ,20240418,CONT,0.6075,,,6.37,20240401
603233.SH,20240403,EVENT,-0.9661,False,,19.63,20240322
688183.SH,20240403,EVENT,2.6642,False,,8.844,20240318
301021.SZ,20240408,EVENT,-9.3871,False,,19.081,20240318
301095.SZ,20240412,EVENT,-3.4157,False,,49.927,20240410
002932.SZ,20240418,EVENT,4.3182,False,,18.981,20240320
688371.SH,20240418,EVENT,-2.9182,False,,10.361,20240415
300080.SZ,20240430,EVENT,-5.0194,False,,4.28,20240415
300786.SZ,20240430,EVENT,1.4576,False,,12.87,20240408
002426.SZ,20240507,EVENT,2.3564,False,,1.71,20240410
688202.SH,20240509,EVENT,-19.3939,False,,40.7,20240408
688502.SH,20240516,EVENT,2.6965,False,,93.733,20240429
600666.SH,20240524,EVENT,-6.1923,False,,1.37,20240521
000757.SZ,20240506,EVENT,-3.424,False,,3.29,20240429
002602.SZ,20240506,EVENT,-14.9458,False,,4.11,20240422
600530.SH,20240520,EVENT,5.1973,False,,2.058,20240516
301428.SZ,20240530,EVENT,4.4456,False,,26.952,20240523
002583.SZ,20240506,EVENT,-1.3239,False,,4.07,20240429
300700.SZ,20240506,EVENT,0.1166,False,,8.64,20240408
001267.SZ,20240508,EVENT,8.6069,False,,3.88,20240410
300138.SZ,20240510,EVENT,-9.5868,False,,11.16,20240410
300759.SZ,20240510,EVENT,0.6372,False,,18.521,20240412
688084.SH,20240517,EVENT,19.6201,False,,48.702,20240408
002289.SZ,20240520,EVENT,0.6579,False,,3.37,20240508
300143.SZ,20240506,EVENT,0.4139,False,,6.205,20240412
300335.SZ,20240507,EVENT,7.4642,False,,4.07,20240416
301313.SZ,20240508,EVENT,-0.1965,False,,24.871,20240408
600778.SH,20240508,EVENT,-0.9529,False,,4.56,20240415
688184.SH,20240508,EVENT,-0.1891,False,,16.44,20240507
600337.SH,20240509,EVENT,-4.7052,False,,2.358,20240416
000989.SZ,20240510,EVENT,-9.7704,False,,8.26,20240426
688677.SH,20240510,EVENT,-9.8115,False,,50.398,20240402
688677.SH,20240516,EVENT,-4.3788,False,,50.398,20240402
600183_SH.SH,20240513,CONT,3.1803,,,14.55,20240426
300910_SZ.SZ,20240514,CONT,-6.9431,,,28.605,20240417
601113_SH.SH,20240514,CONT,-8.513,,,3.79,20240513
300702_SZ.SZ,20240515,CONT,-6.9211,,,17.81,20240423
002155_SZ.SZ,20240516,CONT,8.2538,,,15.13,20240426
002481_SZ.SZ,20240516,CONT,-8.3836,,,4.21,20240506
603228_SH.SH,20240516,CONT,-3.3622,,,17.96,20240425
000791_SZ.SZ,20240520,CONT,-8.8402,,,5.68,20240429
002569_SZ.SZ,20240520,CONT,-3.7294,,,5.22,20240510
603320_SH.SH,20240520,CONT,-2.1048,,,11.58,20240416
603507_SH.SH,20240520,CONT,0.9066,,,18.033,20240513
601825_SH.SH,20240522,CONT,-11.4053,,,5.854,20240508
000607.SZ,20240507,EVENT,-3.6919,False,,4.071,20240410
002488.SZ,20240507,EVENT,-5.8091,False,,5.438,20240429
300575.SZ,20240507,EVENT,1.8669,False,,5.65,20240416
300821.SZ,20240507,EVENT,1.4726,False,,7.945,20240506
003016.SZ,20240508,EVENT,4.1841,False,,6.465,20240415
301037.SZ,20240508,EVENT,-0.1372,False,,10.629,20240507
600180.SH,20240508,EVENT,0.3775,False,,4.752,20240415
688420.SH,20240508,EVENT,-3.3257,False,,21.224,20240415
300903.SZ,20240509,EVENT,4.3457,False,,7.14,20240410
301057.SZ,20240509,EVENT,0.7247,False,,11.188,20240416
603153.SH,20240509,EVENT,-7.8974,False,,17.649,20240411
301313.SZ,20240506,EVENT,0.403,False,,24.871,20240408
600703.SH,20240507,EVENT,-0.4045,False,,11.882,20240408
002426.SZ,20240510,EVENT,1.3093,False,,1.71,20240410
601929.SH,20240606,EVENT,-12.5406,False,,1.3,20240527
605338.SH,20240617,EVENT,-9.6896,False,,14.6,20240523
600653.SH,20240603,EVENT,4.6576,False,,1.39,20240521
301169.SZ,20240605,EVENT,-2.8396,False,,30.47,20240523
002445.SZ,20240613,EVENT,-1.0907,False,,1.79,20240527
605151.SH,20240613,EVENT,-3.574,False,,14.86,20240605
600022.SH,20240617,EVENT,0.2857,False,,1.26,20240523
002702.SZ,20240620,EVENT,-3.5921,False,,3.77,20240619
688455.SH,20240620,EVENT,-3.8374,False,,8.7,20240531
300019.SZ,20240621,EVENT,-7.8939,False,,12.9,20240422
600234.SH,20240613,EVENT,0.2997,False,,1.98,20240607
002105.SZ,20240617,EVENT,4.133,False,,4.72,20240528
600307.SH,20240617,EVENT,-0.2113,False,,1.3,20240524
601005.SH,20240617,EVENT,-4.535,False,,1.08,20240613
603333.SH,20240619,EVENT,-7.6647,False,,3.58,20240603
002271.SZ,20240603,EVENT,-8.4132,False,,16.61,20240516
688591.SH,20240606,EVENT,8.345,False,,19.523,20240408
002367.SZ,20240614,EVENT,-2.7998,False,,6.291,20240523
688737.SH,20240614,EVENT,-8.0519,False,,18.06,20240603
600130.SH,20240617,EVENT,-0.086,False,,3.18,20240604
688576.SH,20240619,EVENT,-5.9309,False,,43.982,20240523
002203.SZ,20240620,EVENT,-5.2922,False,,8.45,20240603
301115.SZ,20240604,EVENT,-2.738,False,,15.94,20240528
600576.SH,20240605,EVENT,-2.3336,False,,5.32,20240527
002132.SZ,20240614,EVENT,-3.0244,False,,2.5,20240603
301207.SZ,20240614,EVENT,-5.6631,False,,18.546,20240521
600699.SH,20240614,EVENT,0.4238,False,,15.407,20240523
601880.SH,20240614,EVENT,-1.4729,False,,1.329,20240529
300597.SZ,20240617,EVENT,10.8356,False,,6.882,20240604
688455.SH,20240617,EVENT,1.1136,False,,8.7,20240531
000672.SZ,20240619,EVENT,1.2249,False,,5.229,20240603
002132.SZ,20240619,EVENT,-6.6096,False,,2.5,20240603
688236.SH,20240619,EVENT,-1.4751,False,,14.628,20240617
000510.SZ,20240620,EVENT,0.0041,False,,3.78,20240521
000672.SZ,20240620,EVENT,2.0385,False,,5.229,20240603
603153.SH,20240620,EVENT,-6.183,False,,16.809,20240605
603863.SH,20240620,EVENT,4.4413,False,,40.01,20240524
688232.SH,20240620,EVENT,-4.4588,False,,19.293,20240606
600992_SH.SH,20240617,CONT,-3.9661,,,16.286,20240614
301248.SZ,20240606,EVENT,-3.1481,False,,13.191,20240605
002932.SZ,20240611,EVENT,-2.6753,False,,17.341,20240604
002570.SZ,20240614,EVENT,-6.2309,False,,3.09,20240523
000882.SZ,20240617,EVENT,-9.5978,False,,1.3,20240603
300841.SZ,20240618,EVENT,-3.427,False,,59.023,20240523
000795.SZ,20240619,EVENT,-4.7738,False,,5.465,20240605
002700_SZ.SZ,20240701,CONT,14.6357,,,5.929,20240611
002700_SZ.SZ,20240708,CONT,23.7079,,,5.929,20240611
002255.SZ,20240816,EVENT,-3.1704,False,,4.76,20240801
688211.SH,20240808,EVENT,-4.019,False,,23.6,20240724
000981.SZ,20240805,EVENT,-15.8356,False,,1.36,20240802
002706.SZ,20240805,EVENT,-1.82,False,,5.792,20240723
600955.SH,20240807,EVENT,-4.5581,False,,14.21,20240731
688067.SH,20240807,EVENT,-6.0515,False,,13.387,20240731
300770.SZ,20240808,EVENT,0.6872,False,,26.864,20240722
000538.SZ,20240809,EVENT,2.2671,False,,45.75,20240729
002996.SZ,20240809,EVENT,-5.6483,False,,5.462,20240718
600256.SH,20240812,EVENT,4.0851,False,,5.065,20240722
601966.SH,20240812,EVENT,-5.7839,False,,16.408,20240723
001330.SZ,20240830,EVENT,-0.5997,False,,4.17,20240822
301035.SZ,20240807,EVENT,-7.0512,False,,28.811,20240806
688371.SH,20240807,EVENT,7.093,False,,8.531,20240805
002706.SZ,20240808,EVENT,-6.0845,False,,5.792,20240723
002870.SZ,20240809,EVENT,2.5439,False,,29.075,20240731
600256.SH,20240809,EVENT,0.5542,False,,5.065,20240722
688371.SH,20240809,EVENT,0.7303,False,,8.531,20240805
002455.SZ,20240812,EVENT,-4.0221,False,,8.27,20240716
300432.SZ,20240813,EVENT,1.4077,False,,4.114,20240724
688475.SH,20240814,EVENT,-2.0543,False,,28.95,20240716
688310.SH,20240816,EVENT,1.087,False,,10.07,20240724
605056.SH,20240822,EVENT,7.9197,False,,8.605,20240724
002493.SZ,20240823,EVENT,-1.3514,False,,8.43,20240820
603815.SH,20240826,EVENT,7.2137,False,,5.176,20240812
688080.SH,20240826,EVENT,1.4011,False,,22.94,20240820
300982.SZ,20240805,EVENT,0.3629,False,,16.675,20240726
688499.SH,20240805,EVENT,-8.1738,False,,17.81,20240724
300376.SZ,20240807,EVENT,-14.389,False,,3.808,20240709
688610.SH,20240807,EVENT,-4.9406,False,,28.5,20240718
603033.SH,20240808,EVENT,-2.5647,False,,10.79,20240723
688400.SH,20240808,EVENT,-0.246,False,,14.731,20240731
688598.SH,20240808,EVENT,-11.2468,False,,16.99,20240731
002440.SZ,20240809,EVENT,-3.5792,False,,5.517,20240808
300687.SZ,20240809,EVENT,-2.0362,False,,12.33,20240805
301260.SZ,20240809,EVENT,-4.1657,False,,12.7,20240724
688707.SH,20240809,EVENT,-1.7012,False,,8.69,20240723
300071.SZ,20240812,EVENT,5.5367,False,,2.13,20240802
601969.SH,20240812,EVENT,-4.1915,False,,5.761,20240722
688598.SH,20240812,EVENT,-3.1823,False,,16.99,20240731
600653.SH,20240814,EVENT,-7.5453,False,,1.21,20240729
300481.SZ,20240815,EVENT,-2.7073,False,,11.783,20240805
300820.SZ,20240816,EVENT,0.9703,False,,39.535,20240801
688496.SH,20240816,EVENT,-9.0387,False,,7.65,20240724
688426.SH,20240819,EVENT,-5.8251,False,,16.67,20240723
301093.SZ,20240820,EVENT,7.4717,False,,10.827,20240730
002955.SZ,20240805,EVENT,10.2047,False,,18.672,20240724
605168.SH,20240805,EVENT,-0.1237,False,,22.98,20240731
003023.SZ,20240807,EVENT,-0.4134,False,,14.89,20240731
301260.SZ,20240807,EVENT,-4.4043,False,,12.7,20240724
600810.SH,20240807,EVENT,-1.7589,False,,5.832,20240723
688078.SH,20240807,EVENT,1.8016,False,,20.414,20240718
002058.SZ,20240808,EVENT,-5.3696,False,,7.89,20240717
300801.SZ,20240808,EVENT,-6.1345,False,,13.534,20240724
300376.SZ,20240812,EVENT,-3.2884,False,,3.808,20240709
301115.SZ,20240812,EVENT,8.637,False,,12.21,20240724
603201.SH,20240812,EVENT,-4.7656,False,,11.378,20240724
002219.SZ,20240821,EVENT,1.1811,False,,1.86,20240802
603566.SH,20240821,EVENT,-3.0096,False,,11.227,20240723
600143.SH,20240822,EVENT,2.2217,False,,6.362,20240808
603312.SH,20240826,EVENT,8.9924,False,,24.89,20240822
301529.SZ,20240830,EVENT,8.5205,False,,20.401,20240816
000908_SZ.SZ,20240815,CONT,62.6906,,,2.08,20240801
000878.SZ,20240807,EVENT,-1.4033,False,,12.24,20240719
688163.SH,20240819,EVENT,3.5109,False,,11.89,20240731
688089.SH,20240822,EVENT,0.6818,False,,15.13,20240801
300627.SZ,20240830,EVENT,5.9623,False,,18.564,20240826
300801.SZ,20240830,EVENT,-4.4455,False,,13.604,20240819
002627.SZ,20240812,EVENT,-2.029,False,,4.787,20240801
600679.SH,20240812,EVENT,-6.7308,False,,9.213,20240723
600382.SH,20240905,EVENT,3.784,True,EQL,3.44,20240822
300073.SZ,20240902,EVENT,4.5596,False,,28.197,20240809
002706.SZ,20240905,EVENT,5.9111,False,,5.612,20240819
002758.SZ,20240925,EVENT,4.2006,False,,6.832,20240924
301303.SZ,20240926,EVENT,2.9074,False,,9.7,20240913
601678.SH,20240925,EVENT,1.4093,False,,3.2,20240924
688686.SH,20240925,EVENT,15.2546,False,,45.946,20240909
605266.SH,20240904,EVENT,15.4097,False,,17.648,20240819
688768.SH,20240906,EVENT,2.9221,False,,21.3,20240820
002706.SZ,20240909,EVENT,11.4145,False,,5.612,20240819
601969.SH,20240909,EVENT,9.1517,False,,5.401,20240816
603918.SH,20240909,EVENT,0.3903,False,,9.03,20240906
002758.SZ,20240923,EVENT,8.1194,False,,6.572,20240909
600873.SH,20240925,EVENT,12.3754,False,,8.417,20240906
688448.SH,20240926,EVENT,10.7654,False,,11.947,20240906
688612.SH,20240926,EVENT,19.2173,False,,22.738,20240724
002443.SZ,20240902,EVENT,0.2029,False,,5.084,20240816
002014.SZ,20240904,EVENT,-1.5753,False,,8.72,20240823
002458.SZ,20240904,EVENT,-2.8145,False,,6.382,20240814
603300.SH,20240904,EVENT,-4.8901,False,,4.575,20240819
688719.SH,20240904,EVENT,-5.2511,False,,22.69,20240812
600588.SH,20240906,EVENT,0.4997,False,,9.09,20240805
603008.SH,20240906,EVENT,6.3068,False,,14.17,20240819
603087.SH,20240909,EVENT,-3.683,False,,38.956,20240823
688017.SH,20240909,EVENT,-6.3434,False,,67.18,20240820
300073.SZ,20240911,EVENT,0.0015,False,,31.347,20240904
301047.SZ,20240911,EVENT,18.6695,False,,54.72,20240816
605009.SH,20240911,EVENT,14.4274,False,,22.939,20240822
002706.SZ,20240912,EVENT,6.781,False,,5.612,20240819
002901.SZ,20240912,EVENT,-0.1578,False,,22.873,20240830
688153.SH,20240912,EVENT,-3.4932,False,,27.744,20240909
301115.SZ,20240919,EVENT,16.0529,False,,13.88,20240826
002702.SZ,20240923,EVENT,2.4845,False,,3.03,20240913
688172.SH,20240923,EVENT,8.959,False,,12.7,20240904
600380.SH,20240925,EVENT,5.3841,False,,9.27,20240912
600497.SH,20240925,EVENT,4.4021,False,,4.781,20240902
603173.SH,20240925,EVENT,1.5293,False,,16.485,20240827
688419.SH,20240925,EVENT,13.5469,False,,14.508,20240918
300447.SZ,20240926,EVENT,22.4329,False,,10.421,20240913
603365.SH,20240926,EVENT,20.4467,False,,9.495,20240924
688573.SH,20240926,EVENT,19.0012,False,,13.25,20240918
688496.SH,20240904,EVENT,-8.3409,False,,7.16,20240822
301108.SZ,20240905,EVENT,-0.6357,False,,16.286,20240819
301322.SZ,20240905,EVENT,1.1382,False,,17.97,20240816
600867.SH,20240905,EVENT,-1.3977,False,,7.102,20240902
301223.SZ,20240909,EVENT,5.8559,False,,13.905,20240820
002132.SZ,20240910,EVENT,3.4215,False,,2.1,20240731
300802.SZ,20240910,EVENT,-0.8303,False,,12.657,20240906
000592.SZ,20240911,EVENT,5.5125,False,,1.51,20240902
002443.SZ,20240911,EVENT,4.4552,False,,5.084,20240816
002925.SZ,20240911,EVENT,0.2022,False,,11.213,20240903
600060.SH,20240911,EVENT,0.3559,False,,14.88,20240826
001203.SZ,20240912,EVENT,-1.0395,False,,7.46,20240906
300736.SZ,20240919,EVENT,18.477,False,,8.4,20240906
002353.SZ,20240920,EVENT,14.8403,False,,26.5,20240909
300802.SZ,20240920,EVENT,9.1157,False,,12.657,20240906
600507.SH,20240920,EVENT,13.1647,False,,3.528,20240902
603365.SH,20240920,EVENT,22.3446,False,,9.025,20240913
603182.SH,20240923,EVENT,2.246,False,,9.69,20240913
600380.SH,20240904,EVENT,-3.3568,False,,9.55,20240826
603282.SH,20240904,EVENT,9.4722,False,,14.479,20240815
301093.SZ,20240905,EVENT,-1.2055,False,,11.241,20240828
002458.SZ,20240906,EVENT,-4.6595,False,,6.382,20240814
301223.SZ,20240906,EVENT,2.6504,False,,13.905,20240820
600809.SH,20240912,EVENT,-4.1145,False,,160.58,20240828
301107.SZ,20240924,EVENT,9.7304,False,,10.115,20240918
603356.SH,20240926,EVENT,8.8357,False,,12.18,20240918
600975.SH,20241010,EVENT,2.1715,False,,5.63,20240926
002996.SZ,20241017,EVENT,15.6613,False,,5.202,20240924
605296.SH,20241030,EVENT,-1.5553,False,,29.25,20241029
601975.SH,20241015,EVENT,-0.5979,False,,3.103,20240927
603173.SH,20241021,EVENT,24.1807,False,,16.875,20240926
002993.SZ,20241030,EVENT,0.5854,False,,26.724,20241025
601872.SH,20241021,EVENT,-6.0399,False,,7.344,20240829
601872.SH,20241022,EVENT,-4.2764,False,,7.344,20240829
603986.SH,20241022,EVENT,7.9918,False,,72.93,20240926
600750.SH,20241023,EVENT,-3.5941,False,,18.82,20240927
601985.SH,20241023,EVENT,-4.7589,False,,10.24,20240903
000703.SZ,20241025,EVENT,1.3455,False,,6.14,20240927
000683.SZ,20241014,EVENT,7.7509,False,,5.25,20240927
601872.SH,20241015,EVENT,-9.5685,False,,7.344,20240829
688443.SH,20241017,EVENT,17.4495,False,,29.2,20240930
000157.SZ,20241021,EVENT,7.2997,False,,6.1,20240924
002993.SZ,20241031,EVENT,10.68,False,,26.724,20241025
002302_SZ.SZ,20241011,CONT,3.6571,,,5.9,20240926
600239_SH.SH,20241011,CONT,-2.3661,,,1.93,20240919
600322_SH.SH,20241011,CONT,0.8417,,,1.36,20240919
600397_SH.SH,20241011,CONT,3.6627,,,1.9,20240919
600835_SH.SH,20241011,CONT,21.0604,,,10.65,20240924
002058_SZ.SZ,20241014,CONT,52.0751,,,8.38,20240925
301165_SZ.SZ,20241014,CONT,12.8121,,,16.091,20240926
600281_SH.SH,20241014,CONT,12.3683,,,3.21,20240930
002178_SZ.SZ,20241015,CONT,27.9184,,,3.63,20240923
002512_SZ.SZ,20241015,CONT,1.2706,,,3.67,20240927
002755_SZ.SZ,20241015,CONT,3.152,,,11.02,20240930
300036_SZ.SZ,20241015,CONT,-4.2573,,,13.421,20240923
300188_SZ.SZ,20241015,CONT,5.4081,,,10.93,20240920
600602_SH.SH,20241015,CONT,-2.5839,,,9.732,20240919
600877_SH.SH,20241015,CONT,7.8692,,,11.74,20240927
603106_SH.SH,20241015,CONT,48.5342,,,4.96,20240923
688038_SH.SH,20241015,CONT,-1.5015,,,8.89,20240924
688049_SH.SH,20241015,CONT,7.8234,,,18.447,20240927
688369_SH.SH,20241015,CONT,1.5991,,,13.05,20240924
688376_SH.SH,20241015,CONT,-4.9163,,,28.55,20240927
600079_SH.SH,20241017,CONT,2.0167,,,19.85,20240930
600828_SH.SH,20241017,CONT,5.7801,,,2.92,20240930
000510_SZ.SZ,20241021,CONT,2.55,,,3.04,20240925
000672_SZ.SZ,20241022,CONT,6.816,,,5.484,20240926
301317_SZ.SZ,20241025,CONT,-0.4803,,,17.876,20241024
002430_SZ.SZ,20241029,CONT,6.9786,,,17.78,20240926
603019_SH.SH,20241030,CONT,38.867,,,58.39,20241029
002612_SZ.SZ,20241031,CONT,-0.2625,,,11.55,20240924
002318.SZ,20241016,EVENT,4.4552,False,,20.07,20240926
301227.SZ,20241017,EVENT,-2.838,False,,12.206,20240926
600497.SH,20241021,EVENT,13.0287,False,,5.011,20240927
601975.SH,20241028,EVENT,-0.2208,False,,3.103,20240927
688392.SH,20241016,EVENT,21.0504,False,,31.879,20240927
001289.SZ,20241101,EVENT,-0.0646,False,,16.9,20240820
688443.SH,20241121,EVENT,-7.5499,False,,26.68,20241115
603500.SH,20241101,EVENT,12.3776,False,,5.8,20240930
601666.SH,20241114,EVENT,0.0872,False,,9.89,20241107
300639.SZ,20241118,EVENT,6.5372,False,,5.93,20241101
600416_SH.SH,20241101,CONT,-5.1863,,,13.5,20241031
000096_SZ.SZ,20241104,CONT,3.2628,,,10.72,20241021
000716_SZ.SZ,20241104,CONT,14.7105,,,3.66,20240925
600458_SH.SH,20241104,CONT,2.1271,,,11.442,20241023
000070_SZ.SZ,20241105,CONT,0.8753,,,4.88,20241023
002808_SZ.SZ,20241105,CONT,25.2545,,,2.19,20241022
002988_SZ.SZ,20241105,CONT,-1.9638,,,17.844,20241023
600234_SH.SH,20241105,CONT,12.5451,,,3.33,20241021
688616_SH.SH,20241105,CONT,3.8,,,7.13,20240926
600624_SH.SH,20241106,CONT,-6.1524,,,4.28,20241024
002517_SZ.SZ,20241107,CONT,1.4478,,,12.881,20241021
002351_SZ.SZ,20241112,CONT,-4.9436,,,14.52,20241028
688320_SH.SH,20241114,CONT,2.4452,,,30.44,20241107
002310_SZ.SZ,20241115,CONT,-8.842,,,1.39,20241025
601789_SH.SH,20241115,CONT,-1.3062,,,4.16,20241107
000815_SZ.SZ,20241120,CONT,-0.2855,,,10.6,20241119
603325_SH.SH,20241120,CONT,-0.5716,,,64.075,20241119
301268_SZ.SZ,20241126,CONT,-10.3333,,,20.66,20241125
002927_SZ.SZ,20241128,CONT,-2.5471,,,13.87,20241127
300235_SZ.SZ,20241128,CONT,-1.8583,,,12.06,20241127
300805_SZ.SZ,20241128,CONT,-0.2,,,9.6,20241127
001376.SZ,20241202,EVENT,3.919,False,,16.06,20241101
002122_SZ.SZ,20241206,CONT,44.4194,,,3.3,20241202
002052_SZ.SZ,20241209,CONT,0.1257,,,4.14,20241120
002860_SZ.SZ,20241213,CONT,-10.6318,,,10.574,20241212
001313_SZ.SZ,20241217,CONT,-3.1967,,,7.77,20241205
300809_SZ.SZ,20241219,CONT,-14.9894,,,30.06,20241206
603610_SH.SH,20241219,CONT,-11.0941,,,10.212,20241211
603390_SH.SH,20241226,CONT,-26.7132,,,9.83,20241213
002791.SZ,20250120,EVENT,3.974,False,,20.863,20250110
688659.SH,20250122,EVENT,8.799,False,,8.21,20241217
300457.SZ,20250124,EVENT,11.53,False,,21.385,20241213
300250.SZ,20250115,EVENT,23.9321,False,,15.31,20241225
601678.SH,20250117,EVENT,1.718,False,,3.71,20241231
688100.SH,20250117,EVENT,7.7157,False,,33.647,20250108
002439.SZ,20250124,EVENT,17.1443,False,,16.26,20241231
688100.SH,20250116,EVENT,7.0821,False,,33.647,20250108
301391.SZ,20250121,EVENT,9.1833,False,,37.784,20241231
300095.SZ,20250122,EVENT,5.358,False,,6.305,20250103
301468.SZ,20250122,EVENT,1.1432,False,,15.726,20250102
688326.SH,20250122,EVENT,24.6478,False,,87.29,20241227
603858.SH,20250123,EVENT,-2.5498,False,,14.4,20250121
688573.SH,20250123,EVENT,6.6081,False,,15.83,20241231
600196.SH,20250124,EVENT,6.1746,False,,24.997,20241223
003004.SZ,20250127,EVENT,4.6046,False,,24.5,20250123
600881.SH,20250102,EVENT,1.4198,False,,1.92,20241202
301176.SZ,20250109,EVENT,2.8929,False,,16.9,20241231
688212.SH,20250110,EVENT,4.3183,False,,38.932,20250103
301227.SZ,20250114,EVENT,10.7373,False,,13.547,20241217
301290.SZ,20250114,EVENT,7.2098,False,,22.163,20250102
002252.SZ,20250115,EVENT,3.5473,False,,7.35,20241217
688310.SH,20250115,EVENT,2.4017,False,,11.38,20241223
301391.SZ,20250116,EVENT,12.0466,False,,37.784,20241231
603799.SH,20250117,EVENT,0.4971,False,,28.687,20241231
688061.SH,20250117,EVENT,18.673,False,,28.92,20241231
000513.SZ,20250120,EVENT,-1.0534,False,,34.531,20250103
002340.SZ,20250122,EVENT,2.4117,False,,6.5,20250102
600059.SH,20250122,EVENT,1.4731,False,,8.68,20250102
600639.SH,20250122,EVENT,1.2073,False,,10.377,20250102
605266.SH,20250122,EVENT,5.2975,False,,22.478,20241225
000932.SZ,20250123,EVENT,9.7536,False,,4.26,20241230
688659.SH,20250124,EVENT,4.7136,False,,8.21,20241217
688061.SH,20250127,EVENT,13.1334,False,,28.92,20241231
000534_SZ.SZ,20250123,CONT,-5.476,,,13.953,20250114
002252.SZ,20250114,EVENT,5.2945,False,,7.35,20241217
600380.SH,20250116,EVENT,-1.1697,False,,10.5,20250110
688326.SH,20250116,EVENT,28.9273,False,,87.29,20241227
000513.SZ,20250122,EVENT,0.2254,False,,34.531,20250103
601666.SH,20250122,EVENT,1.4585,False,,8.97,20250103
688184.SH,20250122,EVENT,0.2438,False,,13.65,20250102
000513.SZ,20250123,EVENT,-1.4335,False,,34.531,20250103
000513.SZ,20250124,EVENT,-1.1746,False,,34.531,20250103
300095.SZ,20250124,EVENT,6.7496,False,,6.305,20250103
601966.SH,20250124,EVENT,-0.0107,False,,17.929,20250122
688381.SH,20250124,EVENT,6.3703,False,,19.2,20250102
000513.SZ,20250127,EVENT,0.0096,False,,34.531,20250103
688238.SH,20250127,EVENT,11.4689,False,,4.48,20250110
002368.SZ,20250213,EVENT,0.0606,False,,25.528,20250210
002386.SZ,20250212,EVENT,-1.7485,False,,4.41,20250211
301589.SZ,20250214,EVENT,0.0867,False,,172.615,20250210
603978.SH,20250220,EVENT,11.122,False,,13.21,20250127
605296.SH,20250221,EVENT,-0.1705,False,,26.31,20250213
688238.SH,20250224,EVENT,-5.1077,False,,4.79,20250206
300146.SZ,20250207,EVENT,2.4199,False,,11.668,20241223
002840.SZ,20250210,EVENT,-0.9338,False,,12.55,20250102
300347.SZ,20250212,EVENT,7.5005,True,EQH,51.231,20250207
002727.SZ,20250213,EVENT,1.2492,False,,11.674,20250127
600821.SH,20250213,EVENT,5.0965,False,,5.663,20250207
688338.SH,20250214,EVENT,3.2015,False,,23.542,20250207
603069.SH,20250224,EVENT,1.0748,False,,18.02,20250102
688560.SH,20250224,EVENT,6.2732,False,,12.62,20250207
300686.SZ,20250206,EVENT,5.4975,False,,8.62,20250102
688600.SH,20250207,EVENT,0.3494,False,,13.901,20250114
000932.SZ,20250220,EVENT,3.5922,False,,4.2,20250124
600611.SH,20250220,EVENT,-3.8119,False,,6.73,20250210
603658.SH,20250224,EVENT,-3.3261,False,,39.5,20250217
601869_SH.SH,20250207,CONT,1.5136,,,30.542,20250122
002656_SZ.SZ,20250213,CONT,1.1636,,,1.56,20250117
601689_SH.SH,20250213,CONT,-4.0041,,,56.991,20250121
600633_SH.SH,20250217,CONT,-19.27,,,9.77,20250127
300115_SZ.SZ,20250218,CONT,17.8851,,,22.91,20250217
301252_SZ.SZ,20250218,CONT,1.8602,,,26.211,20250212
688665_SH.SH,20250218,CONT,-10.6356,,,37.24,20250211
603666_SH.SH,20250219,CONT,13.407,,,27.02,20250123
001339_SZ.SZ,20250224,CONT,9.3192,,,47.7,20250217
603360_SH.SH,20250224,CONT,7.3423,,,18.414,20250217
301280_SZ.SZ,20250226,CONT,29.6207,,,26.071,20250225
603895_SH.SH,20250226,CONT,5.2965,,,25.3,20250217
688678_SH.SH,20250227,CONT,15.0118,,,15.271,20250219
603070_SH.SH,20250228,CONT,-4.2,,,16.02,20250227
301227.SZ,20250205,EVENT,1.4474,False,,13.547,20241217
000513.SZ,20250206,EVENT,-0.4438,False,,34.531,20250103
000513.SZ,20250207,EVENT,-5.1349,False,,34.531,20250103
603027.SH,20250207,EVENT,-0.9831,False,,8.974,20241230
000513.SZ,20250210,EVENT,-2.9792,False,,34.531,20250103
000513.SZ,20250212,EVENT,-0.5807,False,,34.531,20250103
300967.SZ,20250220,EVENT,5.0081,False,,11.455,20250218
600075.SH,20250221,EVENT,-3.4878,False,,4.35,20250127
301515.SZ,20250227,EVENT,1.5492,False,,18.915,20250217
688317.SH,20250227,EVENT,0.9154,False,,17.07,20250214
301391.SZ,20250221,EVENT,0.3237,False,,35.734,20250122
000651.SZ,20250305,EVENT,1.9439,False,,43.31,20250218
300457.SZ,20250304,EVENT,-0.7707,False,,21.585,20250303
300371.SZ,20250306,EVENT,-0.6922,False,,10.462,20250304
002203.SZ,20250307,EVENT,-1.4308,False,,9.75,20250224
001286.SZ,20250313,EVENT,2.0759,False,,8.95,20250219
603558.SH,20250326,EVENT,-8.8976,False,,9.148,20250306
002432.SZ,20250328,EVENT,-0.1933,False,,40.864,20250327
300749.SZ,20250305,EVENT,0.2016,False,,7.04,20250217
000709.SZ,20250320,EVENT,0.8363,False,,2.09,20250207
301589.SZ,20250303,EVENT,1.0286,False,,166.355,20250228
002252.SZ,20250305,EVENT,4.0469,False,,7.35,20241217
600603.SH,20250305,EVENT,-1.9765,False,,8.99,20250226
300861.SZ,20250311,EVENT,-7.138,False,,13.96,20250226
002145.SZ,20250314,EVENT,3.7457,False,,4.48,20250303
300749.SZ,20250314,EVENT,0.5507,False,,7.04,20250217
002145.SZ,20250321,EVENT,5.9623,False,,4.48,20250303
301507.SZ,20250324,EVENT,-0.717,False,,12.761,20250227
002245_SZ.SZ,20250304,CONT,2.1873,,,13.38,20250219
003019_SZ.SZ,20250304,CONT,18.548,,,24.75,20250217
002580_SZ.SZ,20250305,CONT,19.4159,,,9.47,20250217
605100_SH.SH,20250305,CONT,11.0112,,,10.336,20250221
603067_SH.SH,20250311,CONT,10.2309,,,10.719,20250220
002283_SZ.SZ,20250312,CONT,-6.216,,,7.4,20250306
600595_SH.SH,20250312,CONT,-3.4138,,,3.645,20250304
603615_SH.SH,20250317,CONT,-15.3288,,,24.3,20250304
300402_SZ.SZ,20250321,CONT,-28.6137,,,16.46,20250313
688359_SH.SH,20250326,CONT,-22.2777,,,58.81,20250325
603579_SH.SH,20250327,CONT,-1.0075,,,19.485,20250326
001228.SZ,20250306,EVENT,2.8822,False,,21.5,20250221
000922.SZ,20250307,EVENT,5.6382,False,,11.52,20250219
000912.SZ,20250312,EVENT,4.6069,False,,4.58,20250212
000958.SZ,20250313,EVENT,-1.7838,False,,5.93,20250312
688317.SH,20250313,EVENT,-0.5465,False,,17.07,20250214
301395.SZ,20250326,EVENT,3.9748,False,,9.759,20250324
000929.SZ,20250328,EVENT,-11.1801,False,,6.98,20250310
603759.SH,20250328,EVENT,-5.853,False,,8.605,20250314
003027.SZ,20250317,EVENT,0.9211,False,,15.041,20250305
002365_SZ.SZ,20250409,CONT,10.4064,,,8.464,20250403
601086_SH.SH,20250417,CONT,10.2402,,,4.981,20250403
603326_SH.SH,20250418,CONT,5.0363,,,7.54,20250414
603057_SH.SH,20250421,CONT,-7.3675,,,19.59,20250409
301033_SZ.SZ,20250422,CONT,3.088,,,56.876,20250421
603590_SH.SH,20250422,CONT,0.2512,,,26.661,20250411
002743_SZ.SZ,20250429,CONT,0.8072,,,6.24,20250417
688501_SH.SH,20250429,CONT,13.5324,,,14.329,20250411
300802.SZ,20250402,EVENT,-9.9329,False,,18.787,20250321
688093_SH.SH,20250507,CONT,-5.951,,,21.285,20250418
688112_SH.SH,20250507,CONT,-3.3276,,,31.33,20250424
002891_SZ.SZ,20250512,CONT,11.5261,,,43.64,20250414
002620_SZ.SZ,20250515,CONT,-8.8449,,,3.86,20250507
605016_SH.SH,20250515,CONT,6.8416,,,13.974,20250425
002052_SZ.SZ,20250516,CONT,1.3556,,,7.06,20250422
002956_SZ.SZ,20250516,CONT,-3.1642,,,15.189,20250515
002052_SZ.SZ,20250519,CONT,3.3599,,,7.06,20250422
600499_SH.SH,20250520,CONT,-0.4638,,,9.636,20250519
300069_SZ.SZ,20250527,CONT,-16.8596,,,17.55,20250519
603195.SH,20250611,EVENT,-3.8806,False,,49.279,20250606
688352.SH,20250619,EVENT,-0.639,False,,10.47,20250613
688352.SH,20250620,EVENT,1.4808,False,,10.47,20250613
688303.SH,20250605,EVENT,1.1051,False,,19.05,20250512
002919.SZ,20250612,EVENT,-2.9664,False,,16.16,20250603
002992.SZ,20250613,EVENT,-0.8291,False,,58.5,20250606
600756.SH,20250613,EVENT,-1.0674,False,,15.17,20250526
000422.SZ,20250612,EVENT,-3.6192,False,,11.77,20250603
002111.SZ,20250613,EVENT,4.9953,False,,10.21,20250508
002023.SZ,20250619,EVENT,-2.3222,False,,10.79,20250603
002262.SZ,20250619,EVENT,-0.8673,False,,21.3,20250613
002061.SZ,20250620,EVENT,5.032,False,,3.86,20250619
600330.SH,20250620,EVENT,4.2286,False,,6.808,20250605
002192.SZ,20250623,EVENT,3.6801,False,,28.17,20250528
601390.SH,20250625,EVENT,0.0578,False,,5.164,20250618
002734_SZ.SZ,20250603,CONT,27.5617,,,13.747,20250514
002174_SZ.SZ,20250605,CONT,-9.4443,,,9.63,20250514
600521_SH.SH,20250609,CONT,3.3921,,,16.792,20250529
603879_SH.SH,20250609,CONT,-6.3633,,,5.04,20250530
600193_SH.SH,20250610,CONT,-2.9083,,,4.33,20250527
002565_SZ.SZ,20250617,CONT,13.6678,,,4.051,20250526
301345_SZ.SZ,20250620,CONT,43.1645,,,66.18,20250529
688658_SH.SH,20250623,CONT,21.6978,,,15.4,20250609
002309_SZ.SZ,20250624,CONT,8.5719,,,3.2,20250617
688183_SH.SH,20250625,CONT,1.4986,,,32.254,20250605
300548_SZ.SZ,20250626,CONT,18.9601,,,57.13,20250613
601598.SH,20250609,EVENT,-0.6416,False,,4.55,20250514
603777.SH,20250609,EVENT,-13.3665,False,,12.96,20250523
600022.SH,20250612,EVENT,-3.424,False,,1.31,20250603
688084.SH,20250619,EVENT,3.4287,False,,70.89,20250613
688298.SH,20250619,EVENT,6.0815,False,,24.22,20250530
688739.SH,20250619,EVENT,2.8778,False,,25.36,20250603
300218.SZ,20250623,EVENT,6.6877,False,,13.307,20250506
688739.SH,20250623,EVENT,2.3636,False,,25.36,20250603
000778.SZ,20250625,EVENT,2.4981,False,,3.445,20250606
601011.SH,20250625,EVENT,3.5823,False,,2.46,20250523
002716.SZ,20250626,EVENT,13.1501,False,,3.58,20250604
603318.SH,20250626,EVENT,5.1566,False,,6.312,20250530
002716.SZ,20250627,EVENT,12.2691,False,,3.58,20250604
002049.SZ,20250701,EVENT,0.4093,False,,63.08,20250624
000921.SZ,20250710,EVENT,2.8109,False,,26.45,20250620
688788.SH,20250711,EVENT,12.7396,False,,29.84,20250625
688352.SH,20250703,EVENT,2.7613,False,,10.88,20250624
688521.SH,20250716,EVENT,0.8771,False,,89.97,20250627
000521.SZ,20250717,EVENT,2.1321,False,,6.765,20250618
002413_SZ.SZ,20250704,CONT,-12.0936,,,5.99,20250703
688518_SH.SH,20250704,CONT,-2.1858,,,18.3,20250617
001896_SZ.SZ,20250714,CONT,-14.8341,,,5.12,20250707
603127_SH.SH,20250716,CONT,31.8238,,,22.61,20250707
601869_SH.SH,20250718,CONT,16.7943,,,40.832,20250717
603083_SH.SH,20250718,CONT,-3.4724,,,49.275,20250717
300308_SZ.SZ,20250724,CONT,9.2976,,,145.38,20250714
002384_SZ.SZ,20250729,CONT,3.3283,,,38.35,20250701
688226_SH.SH,20250729,CONT,23.9755,,,32.408,20250715
603836.SH,20250717,EVENT,0.4208,False,,10.111,20250707
688788.SH,20250724,EVENT,7.2203,False,,29.84,20250625
300433.SZ,20250703,EVENT,1.8045,False,,20.844,20250605
002327.SZ,20250804,EVENT,1.3809,False,,7.33,20250715
002327.SZ,20250814,EVENT,0.0115,False,,7.33,20250715
300096.SZ,20250819,EVENT,9.5979,False,,3.86,20250814
600343_SH.SH,20250804,CONT,-2.1974,,,14.24,20250728
688156_SH.SH,20250804,CONT,-0.4761,,,21.3,20250801
688163_SH.SH,20250805,CONT,-1.8269,,,25.86,20250804
688265_SH.SH,20250805,CONT,41.216,,,38.186,20250804
300229_SZ.SZ,20250807,CONT,2.2231,,,23.0,20250725
300224_SZ.SZ,20250808,CONT,-4.8906,,,17.281,20250807
301268_SZ.SZ,20250811,CONT,-3.3139,,,19.9,20250804
603109_SH.SH,20250811,CONT,-4.8316,,,30.034,20250722
002148_SZ.SZ,20250812,CONT,2.1111,,,7.31,20250804
001277_SZ.SZ,20250814,CONT,-19.9775,,,49.9,20250804
000501_SZ.SZ,20250818,CONT,-12.6448,,,10.245,20250807
300855_SZ.SZ,20250818,CONT,-7.7048,,,28.84,20250815
688661_SH.SH,20250818,CONT,1.5822,,,44.36,20250811
601231_SH.SH,20250819,CONT,1.0892,,,15.79,20250806
688226_SH.SH,20250819,CONT,-14.8419,,,38.56,20250805
300809_SZ.SZ,20250820,CONT,-14.0701,,,48.36,20250819
600884_SH.SH,20250820,CONT,-3.1412,,,10.84,20250808
603893_SH.SH,20250821,CONT,0.696,,,165.88,20250812
002993_SZ.SZ,20250825,CONT,-13.2428,,,39.956,20250812
300274_SZ.SZ,20250825,CONT,37.8121,,,75.024,20250806
301057_SZ.SZ,20250825,CONT,9.8277,,,18.192,20250805
301526_SZ.SZ,20250825,CONT,11.8244,,,5.17,20250813
300004_SZ.SZ,20250826,CONT,-14.9107,,,8.86,20250818
301057_SZ.SZ,20250826,CONT,9.7279,,,18.192,20250805
300147_SZ.SZ,20250827,CONT,-5.6329,,,9.15,20250819
603021_SH.SH,20250827,CONT,7.3157,,,3.94,20250818
688260_SH.SH,20250827,CONT,-1.6071,,,22.6,20250811
000029_SZ.SZ,20250829,CONT,-2.2234,,,19.545,20250804
301448_SZ.SZ,20250829,CONT,50.7873,,,31.19,20250815
600107_SH.SH,20250829,CONT,17.9979,,,4.45,20250818
600487_SH.SH,20250829,CONT,-1.2728,,,18.728,20250825
605288_SH.SH,20250829,CONT,35.4265,,,41.329,20250819
002221.SZ,20250926,EVENT,-9.0532,False,,9.01,20250925
301197.SZ,20250904,EVENT,16.3759,False,,20.202,20250826
601665.SH,20250917,EVENT,5.5818,False,,5.531,20250911
603121.SH,20250919,EVENT,3.2014,False,,18.65,20250918
002802.SZ,20250917,EVENT,0.127,False,,13.462,20250901
688232.SH,20250917,EVENT,-0.0233,False,,28.781,20250903
688232.SH,20250926,EVENT,-1.2672,False,,27.811,20250919
301197.SZ,20250929,EVENT,3.5508,False,,19.252,20250916
688218_SH.SH,20250901,CONT,-7.3678,,,24.69,20250825
688433_SH.SH,20250901,CONT,18.9881,,,44.449,20250829
000972_SZ.SZ,20250908,CONT,-22.9557,,,3.92,20250821
002943_SZ.SZ,20250908,CONT,-4.8138,,,22.417,20250806
300756_SZ.SZ,20250908,CONT,8.7757,,,27.629,20250905
605133_SH.SH,20250908,CONT,2.2184,,,40.21,20250829
688088_SH.SH,20250908,CONT,-5.2341,,,52.68,20250822
688612_SH.SH,20250908,CONT,-2.8945,,,33.922,20250822
000830_SZ.SZ,20250909,CONT,-10.3974,,,12.4,20250821
603285_SH.SH,20250911,CONT,-16.7533,,,24.91,20250904
002715_SZ.SZ,20250912,CONT,1.558,,,23.8,20250911
688325_SH.SH,20250912,CONT,67.9818,,,64.53,20250911
001234_SZ.SZ,20250916,CONT,-11.1748,,,26.77,20250915
300736_SZ.SZ,20250916,CONT,-5.2462,,,13.05,20250915
002715_SZ.SZ,20250919,CONT,-5.8693,,,23.8,20250911
300111_SZ.SZ,20250922,CONT,13.4134,,,4.78,20250905
603216_SH.SH,20250922,CONT,0.09,,,16.79,20250916
301288_SZ.SZ,20250923,CONT,-4.4802,,,15.75,20250908
603298_SH.SH,20250924,CONT,-6.8595,,,24.53,20250910
300904_SZ.SZ,20250929,CONT,-4.27,,,73.3,20250926
301042_SZ.SZ,20250930,CONT,8.2663,,,30.549,20250912
603216_SH.SH,20250930,CONT,-11.442,,,16.79,20250916
000526.SZ,20250924,EVENT,-3.5165,False,,47.19,20250909
002969.SZ,20250930,EVENT,5.0347,False,,3.56,20250827
300791.SZ,20250910,EVENT,-5.1692,False,,24.171,20250903
000906.SZ,20251013,EVENT,0.3983,False,,6.23,20251010
002413.SZ,20251031,EVENT,0.4929,False,,5.64,20251028
002221.SZ,20251009,EVENT,-4.0416,False,,9.01,20250925
301258.SZ,20251014,EVENT,2.7943,False,,33.587,20250919
301325.SZ,20251028,EVENT,7.1158,False,,63.17,20251010
300686_SZ.SZ,20251014,CONT,-1.2828,,,14.44,20250925
601011_SH.SH,20251017,CONT,-2.2619,,,2.97,20251010
603530_SH.SH,20251017,CONT,-2.1152,,,31.65,20250926
601001_SH.SH,20251021,CONT,-2.355,,,15.563,20251020
603843_SH.SH,20251022,CONT,50.5326,,,4.88,20250926
000592_SZ.SZ,20251024,CONT,100.2505,,,3.7,20251017
000933_SZ.SZ,20251030,CONT,9.0308,,,20.18,20251009
002481.SZ,20251009,EVENT,9.8173,False,,5.91,20250908
600686.SH,20251009,EVENT,4.2874,False,,11.65,20250916
605266.SH,20251013,EVENT,3.0364,False,,20.253,20250922
688166.SH,20251103,EVENT,-8.351,False,,56.034,20251031
688010.SH,20251121,EVENT,5.0704,False,,27.32,20251117
000513.SZ,20251110,EVENT,-4.8666,False,,35.51,20251107
300592.SZ,20251105,EVENT,-1.2117,False,,10.904,20250923
000513.SZ,20251106,EVENT,-2.8781,False,,36.27,20251017
000513.SZ,20251107,EVENT,-3.446,False,,36.27,20251017
688321.SH,20251107,EVENT,-9.4927,False,,30.312,20251014
002892.SZ,20251119,EVENT,-2.9843,False,,13.398,20251107
002892.SZ,20251121,EVENT,-2.0574,False,,13.398,20251107
605555.SH,20251128,EVENT,7.4319,False,,17.32,20251028
600872.SH,20251106,EVENT,0.3393,False,,17.76,20251027
601919.SH,20251107,EVENT,0.6842,False,,14.1,20251027
603369.SH,20251107,EVENT,0.5933,False,,37.12,20251029
600576.SH,20251119,EVENT,-0.2295,False,,7.44,20251110
600858.SH,20251126,EVENT,6.1529,False,,5.45,20251121
688267.SH,20251126,EVENT,9.572,False,,20.628,20251121
600278.SH,20251128,EVENT,-2.1869,False,,7.951,20251121
000908_SZ.SZ,20251103,CONT,16.3344,,,6.03,20251016
002497_SZ.SZ,20251106,CONT,29.2072,,,16.681,20251024
300438_SZ.SZ,20251106,CONT,-6.1222,,,42.18,20251030
603185_SH.SH,20251106,CONT,5.5628,,,23.4,20251028
600815_SH.SH,20251111,CONT,-6.4657,,,3.48,20251105
000007_SZ.SZ,20251113,CONT,1.7792,,,7.54,20251029
000820_SZ.SZ,20251114,CONT,1.262,,,2.91,20251103
300078_SZ.SZ,20251125,CONT,7.8508,,,3.69,20251117
002051.SZ,20251106,EVENT,-0.1661,False,,8.51,20251021
600566.SH,20251126,EVENT,7.6558,False,,24.11,20251107
601233.SH,20251127,EVENT,0.5352,False,,14.86,20251107
002387.SZ,20251201,EVENT,0.2988,False,,9.21,20251110
688310.SH,20251201,EVENT,-7.457,False,,17.81,20251107
600873.SH,20251231,EVENT,1.3556,False,,9.802,20251226
000521.SZ,20251204,EVENT,-2.3233,False,,6.455,20251128
600734_SH.SH,20251202,CONT,-6.2606,,,4.09,20251120
603355_SH.SH,20251209,CONT,-11.8637,,,29.68,20251127
000901_SZ.SZ,20251215,CONT,14.1103,,,21.82,20251208
000935_SZ.SZ,20251216,CONT,-0.9149,,,24.79,20251215
002297_SZ.SZ,20251225,CONT,5.4911,,,10.84,20251224
300118_SZ.SZ,20251225,CONT,41.002,,,10.47,20251202
300531.SZ,20251204,EVENT,-2.52,False,,17.281,20251121
300834.SZ,20260105,EVENT,1.5024,False,,22.305,20251229
000513.SZ,20260107,EVENT,0.8517,False,,33.89,20260106
603039.SH,20260108,EVENT,-0.1504,False,,42.813,20251230
600872.SH,20260105,EVENT,0.5965,False,,17.01,20251231
002675.SZ,20260106,EVENT,3.8865,False,,13.67,20260105
002875.SZ,20260121,EVENT,0.2274,False,,16.21,20251226
601618.SH,20260128,EVENT,-0.1137,False,,3.17,20260126
688612.SH,20260128,EVENT,-1.9288,False,,32.582,20260126
000048.SZ,20260109,EVENT,17.4427,False,,13.98,20251224
002488.SZ,20260109,EVENT,1.8266,False,,8.87,20251229
688576.SH,20260109,EVENT,4.0171,False,,41.403,20251211
002422.SZ,20260107,EVENT,3.7599,False,,30.052,20251225
002675.SZ,20260107,EVENT,3.3676,False,,13.67,20260105
688506.SH,20260109,EVENT,-8.1724,False,,346.2,20251224
688506.SH,20260112,EVENT,-10.3783,False,,346.2,20251224
002608.SZ,20260119,EVENT,-0.319,False,,7.43,20260116
300129_SZ.SZ,20260105,CONT,50.0788,,,9.41,20251225
002169_SZ.SZ,20260107,CONT,1.0142,,,9.21,20251222
002582_SZ.SZ,20260109,CONT,36.5576,,,10.609,20260105
300984_SZ.SZ,20260109,CONT,-2.2482,,,49.236,20251229
000603_SZ.SZ,20260112,CONT,50.3059,,,32.3,20260105
688503_SH.SH,20260114,CONT,3.8927,,,65.587,20260107
300054_SZ.SZ,20260116,CONT,-4.4044,,,46.36,20260115
603650_SH.SH,20260116,CONT,-9.2833,,,47.392,20260107
000612_SZ.SZ,20260120,CONT,2.1447,,,10.005,20251226
002112_SZ.SZ,20260120,CONT,11.4901,,,13.99,20260106
300855_SZ.SZ,20260120,CONT,-2.8142,,,37.3,20260119
301073_SZ.SZ,20260120,CONT,-1.6834,,,28.03,20260107
000960_SZ.SZ,20260121,CONT,-3.7313,,,28.65,20260106
001373_SZ.SZ,20260121,CONT,6.6687,,,32.08,20251230
600547_SH.SH,20260121,CONT,-2.7236,,,41.52,20260109
300201_SZ.SZ,20260122,CONT,-0.3239,,,6.82,20260107
688155_SH.SH,20260122,CONT,12.7928,,,61.87,20260105
002358_SZ.SZ,20260123,CONT,6.4104,,,5.78,20260108
002339_SZ.SZ,20260126,CONT,11.5343,,,9.94,20260116
603012_SH.SH,20260127,CONT,1.1959,,,6.03,20260106
300594_SZ.SZ,20260128,CONT,5.7618,,,24.75,20260122
603861_SH.SH,20260128,CONT,5.0434,,,12.97,20260109
603986_SH.SH,20260128,CONT,-9.5316,,,273.77,20260116
688008_SH.SH,20260128,CONT,-0.8447,,,142.904,20260121
688179_SH.SH,20260128,CONT,-8.9233,,,12.76,20260105
688536_SH.SH,20260128,CONT,-11.3217,,,180.086,20260121
600176_SH.SH,20260129,CONT,26.0257,,,21.39,20260128
600211.SH,20260122,EVENT,-4.4005,False,,41.745,20260105
600329.SH,20260209,EVENT,-1.6533,False,,40.48,20260205
603858.SH,20260204,EVENT,1.0734,False,,16.77,20260120
002286.SZ,20260209,EVENT,-0.7673,False,,10.25,20260204
601137.SH,20260211,EVENT,5.4141,False,,19.279,20260202
688617.SH,20260211,EVENT,-6.1587,False,,230.013,20260202
301320.SZ,20260205,EVENT,3.3411,False,,18.341,20260114
600436.SH,20260206,EVENT,-8.6772,False,,167.97,20260205
300679.SZ,20260210,EVENT,-6.9528,False,,44.375,20260126
301130.SZ,20260211,EVENT,0.8623,False,,31.127,20260121
600743.SH,20260211,EVENT,-0.2508,False,,1.91,20260202
300679.SZ,20260213,EVENT,-3.8248,False,,44.375,20260126
688617.SH,20260213,EVENT,-1.5947,False,,230.013,20260202
600208.SH,20260224,EVENT,0.2476,False,,3.89,20260130
002475.SZ,20260225,EVENT,-1.9758,False,,50.351,20260212
600331_SH.SH,20260202,CONT,21.1029,,,14.23,20260123
603285_SH.SH,20260202,CONT,5.2827,,,25.21,20260114
603306_SH.SH,20260202,CONT,13.4052,,,67.802,20260119
605056_SH.SH,20260202,CONT,10.0995,,,18.84,20260123
002487_SZ.SZ,20260204,CONT,11.5697,,,54.403,20260116
000533_SZ.SZ,20260213,CONT,40.4357,,,9.93,20260203
603950_SH.SH,20260227,CONT,6.419,,,33.89,20260210
600971.SH,20260211,EVENT,5.1356,False,,6.26,20260126
600801.SH,20260204,EVENT,-2.6805,False,,25.19,20260122
688317.SH,20260204,EVENT,0.042,False,,21.8,20260126
002015.SZ,20260205,EVENT,6.3251,False,,10.59,20260112
600873.SH,20260206,EVENT,4.1276,False,,9.992,20260115
301307.SZ,20260306,EVENT,4.4752,False,,33.97,20260113
002955.SZ,20260319,EVENT,-2.8504,False,,26.85,20260302
300633.SZ,20260319,EVENT,-5.5516,False,,26.421,20260302
603885.SH,20260326,EVENT,2.9426,False,,11.4,20260319
000009.SZ,20260311,EVENT,-5.9054,False,,9.32,20260303
000408.SZ,20260325,EVENT,6.9561,False,,74.007,20260319
000408.SZ,20260326,EVENT,8.4677,False,,74.007,20260319
603836.SH,20260306,EVENT,-5.1864,False,,10.64,20260303
300583.SZ,20260310,EVENT,-0.5219,False,,14.775,20260302
688278.SH,20260316,EVENT,-2.1037,False,,69.415,20260310
002655_SZ.SZ,20260302,CONT,5.9493,,,13.65,20260210
600188_SH.SH,20260302,CONT,11.4052,,,14.1,20260128
600482_SH.SH,20260305,CONT,-11.9589,,,27.827,20260210
601898_SH.SH,20260312,CONT,-2.7054,,,14.55,20260212
301265_SZ.SZ,20260317,CONT,0.9915,,,16.502,20260306
300868_SZ.SZ,20260324,CONT,6.0426,,,41.38,20260323
688251_SH.SH,20260325,CONT,-3.1379,,,33.9,20260312
002309_SZ.SZ,20260331,CONT,-16.2417,,,3.68,20260320
600909.SH,20260311,EVENT,-3.6518,False,,6.4,20260212
600208.SH,20260316,EVENT,-4.9156,False,,3.61,20260303
600679.SH,20260319,EVENT,-3.3432,False,,12.667,20260302
603043.SH,20260330,EVENT,-3.9452,False,,16.07,20260319
605162_SH.SH,20260401,CONT,10.4529,,,11.16,20260331
002713_SZ.SZ,20260408,CONT,10.1528,,,11.75,20260327
002902_SZ.SZ,20260414,CONT,2.576,,,29.87,20260413
002281_SZ.SZ,20260416,CONT,34.3896,,,89.8,20260403
002281_SZ.SZ,20260417,CONT,35.6861,,,89.8,20260403
301222_SZ.SZ,20260417,CONT,29.8452,,,27.414,20260416
688383_SH.SH,20260417,CONT,3.5317,,,76.98,20260401
603165_SH.SH,20260420,CONT,8.5821,,,14.96,20260417
301369_SZ.SZ,20260423,CONT,37.1808,,,113.609,20260416
603950_SH.SH,20260423,CONT,15.0388,,,57.43,20260415
003031_SZ.SZ,20260428,CONT,26.8506,,,87.63,20260403
605006_SH.SH,20260428,CONT,28.4216,,,10.96,20260422
002273_SZ.SZ,20260430,CONT,10.7384,,,31.34,20260421
002384_SZ.SZ,20260430,CONT,16.8197,,,119.55,20260408
003031_SZ.SZ,20260430,CONT,35.3134,,,87.63,20260403
301603_SZ.SZ,20260430,CONT,26.7856,,,111.59,20260429
603139_SH.SH,20260430,CONT,5.5119,,,36.3,20260429
688683_SH.SH,20260430,CONT,1.1268,,,33.52,20260408
000063.SZ,20260529,EVENT,1.4191,False,,37.372,20260506
600239.SH,20260529,EVENT,-6.55,False,,1.47,20260526
603456.SH,20260527,EVENT,-1.7278,False,,12.6,20260525
002938_SZ.SZ,20260506,CONT,23.7167,,,53.56,20260408
003031_SZ.SZ,20260506,CONT,30.8796,,,87.63,20260403
688069_SH.SH,20260506,CONT,45.1166,,,25.602,20260420
002938_SZ.SZ,20260507,CONT,25.5635,,,53.56,20260408
301371_SZ.SZ,20260507,CONT,5.4799,,,22.31,20260413
688381_SH.SH,20260507,CONT,28.5425,,,25.98,20260422
002916_SZ.SZ,20260512,CONT,25.5841,,,289.5,20260421
300054_SZ.SZ,20260512,CONT,18.5593,,,54.71,20260423
603682_SH.SH,20260512,CONT,-5.4934,,,7.44,20260427
688508_SH.SH,20260512,CONT,6.3858,,,66.84,20260420
000668_SZ.SZ,20260514,CONT,1.0686,,,15.31,20260427
300475_SZ.SZ,20260514,CONT,-3.6178,,,167.458,20260427
300706_SZ.SZ,20260514,CONT,6.7505,,,40.95,20260428
688110_SH.SH,20260514,CONT,-11.271,,,122.97,20260427
688290_SH.SH,20260514,CONT,2.6271,,,55.99,20260427
000668_SZ.SZ,20260515,CONT,-0.9096,,,15.31,20260427
001339_SZ.SZ,20260518,CONT,3.8678,,,72.98,20260422
301285_SZ.SZ,20260518,CONT,-5.3475,,,110.99,20260513
601208_SH.SH,20260518,CONT,5.0701,,,36.73,20260429
603162_SH.SH,20260518,CONT,-8.3698,,,10.169,20260429
688017_SH.SH,20260518,CONT,-4.4363,,,219.79,20260430
002635_SZ.SZ,20260519,CONT,-3.8504,,,17.48,20260518
300408_SZ.SZ,20260519,CONT,49.9508,,,70.5,20260424
301123_SZ.SZ,20260519,CONT,17.8385,,,70.84,20260507
603336_SH.SH,20260519,CONT,-27.5771,,,12.744,20260518
603608_SH.SH,20260519,CONT,26.8395,,,13.58,20260508
688179_SH.SH,20260519,CONT,-10.4508,,,19.8,20260506
003004_SZ.SZ,20260520,CONT,58.5642,,,34.49,20260506
002273_SZ.SZ,20260520,CONT,-5.8821,,,34.99,20260507
002993_SZ.SZ,20260520,CONT,7.3483,,,55.408,20260513
603936_SH.SH,20260520,CONT,5.2934,,,16.87,20260506
605358_SH.SH,20260520,CONT,3.7469,,,54.51,20260519
688052_SH.SH,20260520,CONT,7.7877,,,165.58,20260417
600936_SH.SH,20260522,CONT,3.9812,,,4.22,20260506
300106_SZ.SZ,20260525,CONT,-10.9349,,,9.91,20260423
600730_SH.SH,20260525,CONT,1.7685,,,9.17,20260506
300825_SZ.SZ,20260526,CONT,7.5147,,,9.07,20260427
688107_SH.SH,20260526,CONT,-17.3429,,,32.18,20260430
002782_SZ.SZ,20260527,CONT,-18.3149,,,23.52,20260513
688068.SH,20260527,EVENT,-7.7309,False,,106.61,20260513
300883.SZ,20260528,EVENT,-7.1959,False,,6.82,20260429
600567.SH,20260611,EVENT,-5.2521,False,,1.31,20260609
002758.SZ,20260615,EVENT,-2.99,False,,7.805,20260608
600679.SH,20260608,EVENT,-10.6,False,,10.917,20260512
600567.SH,20260612,EVENT,7.0723,False,,1.31,20260609
603987.SH,20260612,EVENT,-0.934,False,,7.23,20260604
300871.SZ,20260615,EVENT,2.6908,False,,26.121,20260430
300193.SZ,20260616,EVENT,-4.9122,False,,7.94,20260521
301223.SZ,20260616,EVENT,-2.6463,False,,16.663,20260604
688377.SH,20260604,EVENT,-9.5393,False,,30.133,20260527
605507.SH,20260605,EVENT,-4.4321,False,,15.943,20260518
600187.SH,20260612,EVENT,-15.7731,False,,1.66,20260508
301333.SZ,20260616,EVENT,13.6648,False,,48.361,20260603
603899.SH,20260601,EVENT,-2.9342,False,,23.456,20260513
002637.SZ,20260603,EVENT,1.0045,False,,11.705,20260521
600585.SH,20260603,EVENT,-4.9084,False,,20.29,20260515
605507.SH,20260603,EVENT,-2.0988,False,,15.943,20260518
000100.SZ,20260604,EVENT,1.1383,False,,4.32,20260525
000055.SZ,20260609,EVENT,7.7806,False,,3.83,20260602
002206.SZ,20260611,EVENT,2.0874,False,,5.99,20260512
002332.SZ,20260611,EVENT,0.1146,False,,8.7,20260514
300347.SZ,20260611,EVENT,26.0276,False,,38.479,20260608
002223.SZ,20260615,EVENT,-4.0712,False,,25.44,20260608
300347.SZ,20260615,EVENT,0.5654,False,,38.479,20260608
603579.SH,20260615,EVENT,-0.2985,False,,18.09,20260608
301263.SZ,20260617,EVENT,-9.2489,False,,21.608,20260525
301333.SZ,20260617,EVENT,15.1185,False,,48.361,20260603
301097.SZ,20260618,EVENT,4.737,False,,41.222,20260527
300245.SZ,20260601,EVENT,-2.2301,False,,6.72,20260525
000409.SZ,20260604,EVENT,-4.5264,False,,10.42,20260525
300583.SZ,20260604,EVENT,-1.8729,False,,12.675,20260603
603858.SH,20260604,EVENT,-3.5877,False,,15.89,20260515
300611.SZ,20260605,EVENT,-0.3183,False,,25.82,20260519
688278.SH,20260605,EVENT,9.9354,False,,55.385,20260527
688513.SH,20260605,EVENT,-2.2323,False,,47.126,20260602
688606.SH,20260608,EVENT,-7.2355,False,,53.56,20260518
000055.SZ,20260610,EVENT,0.9652,False,,3.83,20260602
601800.SH,20260612,EVENT,-3.3188,False,,6.093,20260608
688109.SH,20260612,EVENT,3.1232,False,,86.53,20260604
000801.SZ,20260615,EVENT,-1.4207,False,,12.38,20260608
300791.SZ,20260615,EVENT,-4.8095,False,,16.681,20260608
600872.SH,20260615,EVENT,-6.592,False,,18.31,20260604
300883.SZ,20260616,EVENT,-3.0934,False,,6.55,20260529
000564.SZ,20260617,EVENT,-4.9047,False,,1.55,20260609
300347.SZ,20260617,EVENT,0.9277,False,,38.479,20260608
002962_SZ.SZ,20260603,CONT,-11.0477,,,20.771,20260602
301566_SZ.SZ,20260603,CONT,-1.7802,,,25.53,20260507
301568_SZ.SZ,20260603,CONT,47.2476,,,61.154,20260519
300037_SZ.SZ,20260605,CONT,13.5243,,,72.86,20260522
601678_SH.SH,20260623,CONT,-4.5478,,,5.82,20260611
002876_SZ.SZ,20260625,CONT,-11.6286,,,33.56,20260624
002937_SZ.SZ,20260625,CONT,1.3998,,,37.362,20260612
603290_SH.SH,20260630,CONT,-20.5931,,,116.692,20260601
600179.SH,20260603,EVENT,4.5809,False,,4.43,20260521
301078.SZ,20260605,EVENT,-2.1953,False,,8.41,20260604
002452.SZ,20260610,EVENT,9.4688,False,,11.94,20260525
002661.SZ,20260611,EVENT,-6.3837,True,EQL,8.513,20260512
300082.SZ,20260616,EVENT,-5.8697,False,,11.43,20260514
000100.SZ,20260610,EVENT,2.0876,False,,4.32,20260525
300143.SZ,20260720,EVENT,5.307,False,,7.2,20260715
600382.SH,20260729,EVENT,0.718,False,,5.76,20260717
300906.SZ,20260730,EVENT,-0.3593,False,,25.18,20260729
301032.SZ,20260722,EVENT,9.9244,False,,9.07,20260721
300988.SZ,20260724,EVENT,-2.5251,False,,14.95,20260722
301446.SZ,20260724,EVENT,23.6725,False,,31.4,20260717
002888.SZ,20260728,EVENT,17.0396,False,,20.51,20260706
601799.SH,20260729,EVENT,1.0371,False,,87.28,20260717
603390.SH,20260729,EVENT,7.6932,False,,10.21,20260708
600382.SH,20260730,EVENT,0.2339,False,,5.76,20260717
301446.SZ,20260731,EVENT,14.5298,False,,31.4,20260717
603920.SH,20260731,EVENT,20.7129,False,,31.91,20260730
002858.SZ,20260717,EVENT,-5.7828,False,,10.57,20260709
601717.SH,20260717,EVENT,0.4206,False,,15.96,20260623
688326.SH,20260717,EVENT,-4.9378,False,,65.74,20260713
002340.SZ,20260720,EVENT,7.8089,False,,6.35,20260716
301087.SZ,20260721,EVENT,3.73,False,,46.0,20260629
601600.SH,20260721,EVENT,7.2042,False,,8.7,20260714
000695.SZ,20260722,EVENT,4.2937,False,,12.42,20260626
002858.SZ,20260722,EVENT,13.1279,False,,10.57,20260709
300014.SZ,20260722,EVENT,0.4595,False,,60.52,20260706
300183.SZ,20260723,EVENT,5.727,False,,9.36,20260720
688032.SH,20260723,EVENT,4.7681,False,,74.03,20260721
002020.SZ,20260727,EVENT,6.4501,False,,13.57,20260724
002340.SZ,20260727,EVENT,4.0666,False,,6.35,20260716
300091.SZ,20260727,EVENT,7.9517,False,,2.85,20260610
300906.SZ,20260727,EVENT,15.8211,False,,22.45,20260722
300925.SZ,20260728,EVENT,7.7715,False,,13.55,20260724
301290.SZ,20260728,EVENT,11.6768,False,,25.5,20260720
002722.SZ,20260729,EVENT,3.8525,False,,11.62,20260722
002778.SZ,20260729,EVENT,9.0299,False,,14.16,20260720
002812.SZ,20260729,EVENT,8.2768,False,,62.11,20260708
605588.SH,20260730,EVENT,19.1558,False,,60.48,20260707
688623.SH,20260730,EVENT,6.3355,False,,60.988,20260717
002023.SZ,20260731,EVENT,15.9644,False,,12.24,20260707
002827.SZ,20260717,EVENT,0.168,False,,23.2,20260708
301173.SZ,20260721,EVENT,-3.2819,False,,32.46,20260618
301283.SZ,20260721,EVENT,9.1477,False,,24.03,20260709
688331.SH,20260721,EVENT,-3.6813,False,,123.8,20260717
301533.SZ,20260723,EVENT,11.1636,False,,22.85,20260721
600382.SH,20260723,EVENT,11.1156,False,,5.76,20260717
001233.SZ,20260724,EVENT,5.046,False,,43.61,20260707
003008.SZ,20260724,EVENT,-2.2754,False,,16.68,20260721
301330.SZ,20260724,EVENT,-1.837,False,,21.91,20260722
002722.SZ,20260727,EVENT,8.188,False,,11.62,20260722
002929.SZ,20260728,EVENT,-13.7508,False,,56.43,20260716
300467.SZ,20260728,EVENT,8.6106,False,,32.98,20260717
301252.SZ,20260728,EVENT,15.9517,False,,33.48,20260716
301662.SZ,20260728,EVENT,6.5845,False,,85.54,20260707
002023.SZ,20260729,EVENT,20.1637,False,,12.24,20260707
002931.SZ,20260729,EVENT,16.0042,False,,60.96,20260709
300690.SZ,20260729,EVENT,-0.5519,False,,21.68,20260708
301305.SZ,20260729,EVENT,17.6735,False,,26.95,20260707
600580.SH,20260729,EVENT,19.7701,False,,31.06,20260717
603920.SH,20260729,EVENT,19.6577,False,,52.08,20260625
688162.SH,20260729,EVENT,11.4777,False,,22.21,20260713
688429.SH,20260729,EVENT,13.9964,False,,9.21,20260720
688638.SH,20260729,EVENT,14.7536,False,,29.66,20260708
002079.SZ,20260730,EVENT,7.9927,False,,11.37,20260715
002931.SZ,20260730,EVENT,18.3857,False,,60.96,20260709
300095.SZ,20260730,EVENT,2.602,False,,8.27,20260717
300183.SZ,20260730,EVENT,5.7276,False,,9.36,20260720
301306.SZ,20260730,EVENT,18.7909,False,,155.0,20260708
600580.SH,20260730,EVENT,19.2423,False,,31.06,20260717
688350.SH,20260730,EVENT,5.7156,False,,32.03,20260703
002050.SZ,20260731,EVENT,6.4613,False,,35.78,20260724
002722.SZ,20260731,EVENT,1.48,False,,11.62,20260722
003015.SZ,20260731,EVENT,14.1078,False,,11.2,20260713
300687.SZ,20260731,EVENT,29.5874,False,,25.68,20260716
603079.SH,20260731,EVENT,11.0598,False,,10.64,20260721
605588.SH,20260731,EVENT,23.652,False,,60.48,20260707
688359.SH,20260731,EVENT,25.3043,False,,87.02,20260730
000923.SZ,20260717,EVENT,8.7403,False,,13.31,20260714
301283.SZ,20260720,EVENT,7.447,False,,24.03,20260709
002020.SZ,20260722,EVENT,-2.8162,False,,12.87,20260701
301026.SZ,20260722,EVENT,29.6587,False,,19.74,20260707
601799.SH,20260722,EVENT,5.2205,False,,87.28,20260717
000695.SZ,20260723,EVENT,-0.2131,False,,12.42,20260626
001322.SZ,20260723,EVENT,-2.3781,False,,7.0,20260525
002318.SZ,20260723,EVENT,5.3061,False,,22.46,20260707
301439.SZ,20260728,EVENT,7.137,False,,15.34,20260707
301248.SZ,20260729,EVENT,17.7349,False,,59.81,20260720
600186.SH,20260729,EVENT,28.519,False,,9.09,20260717
603135.SH,20260729,EVENT,9.0864,False,,11.5,20260714
002203.SZ,20260730,EVENT,9.2758,False,,17.68,20260717
603088.SH,20260730,EVENT,3.1506,False,,9.25,20260713
002203.SZ,20260731,EVENT,10.8095,False,,17.68,20260717
002600.SZ,20260731,EVENT,2.2847,False,,15.14,20260708
301252.SZ,20260731,EVENT,22.5474,False,,33.48,20260716
301322.SZ,20260731,EVENT,25.0864,False,,53.64,20260630
603031.SH,20260731,EVENT,21.0513,False,,35.75,20260730
688657.SH,20260731,EVENT,26.8827,False,,34.38,20260717
603713_SH.SH,20260701,CONT,0.0088,,,59.0,20260617
603259_SH.SH,20260702,CONT,2.3434,,,104.39,20260622
002860_SZ.SZ,20260710,CONT,7.3574,,,15.26,20260703
600918.SH,20260722,EVENT,-1.1665,False,,5.51,20260713
000695.SZ,20260724,EVENT,-1.2316,False,,13.08,20260723
688623.SH,20260724,EVENT,-1.3068,False,,60.988,20260717
002318.SZ,20260727,EVENT,5.2487,False,,22.46,20260707
002820.SZ,20260729,EVENT,8.2918,False,,8.164,20260721
603091.SH,20260729,EVENT,5.0222,False,,48.0,20260715
001205.SZ,20260730,EVENT,4.6693,False,,13.0,20260717
603031.SH,20260730,EVENT,16.2418,False,,43.98,20260720
688153.SH,20260730,EVENT,6.9575,False,,30.024,20260715
688755.SH,20260731,EVENT,18.4595,False,,24.51,20260717
301120.SZ,20260805,EVENT,-9.1353,False,,14.68,20260803
300274.SZ,20260810,EVENT,1.5689,False,,145.25,20260701
002130.SZ,20260803,EVENT,0.6053,False,,16.17,20260729
688251.SH,20260806,EVENT,1.6539,False,,19.59,20260803
688312.SH,20260806,EVENT,7.8912,False,,75.27,20260702
300637.SZ,20260807,EVENT,0.9466,False,,10.0,20260706
300727.SZ,20260810,EVENT,-3.9514,False,,27.81,20260805
301120.SZ,20260806,EVENT,-6.4337,False,,14.68,20260803
000035.SZ,20260807,EVENT,-5.6155,False,,4.624,20260723
688080.SH,20260810,EVENT,-0.5894,False,,34.1,20260720
002655.SZ,20260803,EVENT,67.5344,False,,23.14,20260730
002787.SZ,20260803,EVENT,18.5229,False,,18.69,20260730
300232.SZ,20260804,EVENT,-6.2704,False,,5.11,20260803
300274.SZ,20260804,EVENT,8.3237,False,,145.25,20260701
301396.SZ,20260804,EVENT,28.3915,False,,165.0,20260728
300232.SZ,20260805,EVENT,-5.3545,False,,5.11,20260803
300811.SZ,20260805,EVENT,21.4881,False,,89.52,20260703
301330.SZ,20260806,EVENT,-3.4791,False,,21.91,20260722
301446.SZ,20260806,EVENT,1.9931,False,,34.44,20260804
300100.SZ,20260807,EVENT,-13.3471,False,,21.41,20260724
601777.SH,20260807,EVENT,-1.3541,False,,8.56,20260803
688395.SH,20260807,EVENT,3.6901,False,,20.09,20260717
688755.SH,20260810,EVENT,1.6361,False,,25.94,20260807
688080.SH,20260811,EVENT,-0.5987,False,,34.1,20260720
002429.SZ,20260812,EVENT,2.1654,False,,7.15,20260730
301308.SZ,20260812,EVENT,-6.9372,False,,386.88,20260810
688035.SH,20260812,EVENT,10.0792,False,,84.33,20260713
300637.SZ,20260813,EVENT,0.7064,False,,10.0,20260706
688035.SH,20260814,EVENT,9.0789,False,,84.33,20260713
300637.SZ,20260820,EVENT,2.9787,True,EQH,9.27,20260817
002188.SZ,20260803,EVENT,3.6202,False,,4.57,20260720
300906.SZ,20260803,EVENT,-0.0428,False,,25.18,20260729
301010.SZ,20260803,EVENT,4.9813,False,,15.0,20260720
688258.SH,20260803,EVENT,8.6515,False,,88.01,20260730
688716.SH,20260803,EVENT,11.0995,False,,27.9,20260720
300095.SZ,20260804,EVENT,-5.9376,False,,8.27,20260717
002655.SZ,20260805,EVENT,34.2503,False,,23.14,20260730
688368.SH,20260807,EVENT,4.2912,False,,107.77,20260730
600186.SH,20260810,EVENT,11.9296,False,,9.08,20260804
002655.SZ,20260813,EVENT,17.8473,False,,23.14,20260730
301359.SZ,20260813,EVENT,1.9942,False,,15.99,20260806
301396.SZ,20260813,EVENT,-2.487,False,,165.0,20260728
688525.SH,20260813,EVENT,-0.0072,False,,219.09,20260728
002655.SZ,20260814,EVENT,24.2614,False,,23.14,20260730
688381.SH,20260814,EVENT,11.6065,False,,25.0,20260730
002683.SZ,20260803,EVENT,8.3203,False,,26.23,20260717
002929.SZ,20260803,EVENT,17.7031,False,,46.4,20260730
300684.SZ,20260803,EVENT,55.7025,False,,43.17,20260730
301265.SZ,20260803,EVENT,24.7689,False,,16.94,20260730
600252.SH,20260803,EVENT,5.0687,False,,2.12,20260724
600673.SH,20260803,EVENT,30.2536,False,,26.54,20260730
688381.SH,20260803,EVENT,28.8302,False,,25.0,20260730
301252.SZ,20260804,EVENT,8.5181,False,,33.48,20260716
301322.SZ,20260804,EVENT,13.6472,False,,53.64,20260630
300184.SZ,20260805,EVENT,-1.3139,False,,14.52,20260715
601006.SH,20260805,EVENT,-1.2471,False,,4.728,20260715
002787.SZ,20260806,EVENT,1.4997,False,,18.69,20260730
300687.SZ,20260806,EVENT,-0.6894,False,,22.58,20260803
301360.SZ,20260806,EVENT,14.5447,False,,48.84,20260805
301396.SZ,20260806,EVENT,3.8444,False,,165.0,20260728
603091.SH,20260806,EVENT,2.046,False,,48.0,20260715
600673.SH,20260807,EVENT,0.8411,False,,26.54,20260730
603950.SH,20260807,EVENT,6.7524,False,,51.41,20260730
688766.SH,20260810,EVENT,1.3835,False,,373.66,20260727
688755.SH,20260803,EVENT,15.2512,False,,24.51,20260717
300802.SZ,20260805,EVENT,9.9736,False,,20.928,20260713
688755.SH,20260805,EVENT,13.2862,False,,24.51,20260717
603950.SH,20260806,EVENT,4.8254,False,,51.41,20260730
001227.SZ,20260807,EVENT,-2.1663,False,,2.19,20260730
688716.SH,20260807,EVENT,-6.0521,False,,26.66,20260803
000932.SZ,20260810,EVENT,-2.0095,False,,3.63,20260715
002722.SZ,20260824,EVENT,1.886,False,,13.05,20260818
300192.SZ,20260812,EVENT,1.5747,False,,11.564,20260709
300002.SZ,20260813,EVENT,-4.6285,False,,8.63,20260804
