leg_id,symbol,entry_date,src,pnl,year,month,trend_own,hold,risk_pct,mfe,mae,p_valid,trend,timing,tpsl,direction,trend_conf,timing_conf,tpsl_conf,direction_conf
301308.SZ|20231009|1,301308.SZ,20231009,EVENT,8.3273,2023,202310,up,2,6.817,17.268337548861812,6.438261669349266,0.4,mild_up,1.47,tp_sys_ok,unknown,0.38,0.25,0.37,0.36
688381.SH|20230913|0,688381.SH,20230913,EVENT,-3.1863,2023,202309,down,12,14.155,1.5122819100091833,-6.020431588613406,0.33,strong_down,1.69,tp_sys_ok,down,0.57,0.55,0.6,0.55
300138.SZ|20231103|3,300138.SZ,20231103,EVENT,0.7548,2023,202311,down,12,7.822,2.386117136659438,-1.0845986984815648,0.34,strong_down,1.7,tp_sys_ok,down,0.64,0.56,0.63,0.53
000651.SZ|20231101|5,000651.SZ,20231101,EVENT,-3.4155,2023,202311,down,8,3.022,1.68389955686854,-4.519940915805021,0.35,mild_down,2.01,tp_sys_ok,down,0.4,0.73,0.66,0.64
600872.SH|20231229|9,600872.SH,20231229,EVENT,-2.275,2023,202312,down,12,12.828,2.4546230025682236,-8.569360624155141,0.3,strong_down,1.78,tp_sys_ok,down,0.57,0.62,0.51,0.61
601975.SH|20231226|7,601975.SH,20231226,EVENT,6.2067,2023,202312,down,5,7.043,7.931096030627227,0.28157521846667866,0.38,strong_down,2.01,tp_sys_ok,down,0.6,0.52,0.54,0.59
000651.SZ|20231030|2,000651.SZ,20231030,EVENT,-3.6222,2023,202310,down,10,3.229,1.6004581171150445,-4.598291506532304,0.35,mild_down,1.96,tp_sys_ok,down,0.48,0.72,0.67,0.53
000703.SZ|20231220|11,000703.SZ,20231220,EVENT,0.3681,2023,202312,down,12,2.792,2.923976608187129,-2.6161895967990123,0.33,mild_down,1.82,tp_sys_ok,down,0.42,0.65,0.6,0.68
603808.SH|20231221|6,603808.SH,20231221,EVENT,-7.1322,2023,202312,up,2,6.746,4.0459965928449915,-10.221465076660973,0.62,mild_up,2.73,tp_sys_ok,up,0.63,0.73,0.85,0.42
600219.SH|20231215|15,600219.SH,20231215,EVENT,-2.4856,2023,202312,down,1,2.09,-0.9438414346389812,-3.7753657385559247,0.34,strong_down,2.1,tp_sys_ok,down,0.63,0.44,0.49,0.59
300993.SZ|20231222|13,300993.SZ,20231222,EVENT,-2.1188,2023,202312,down,1,1.722,-0.05930333168063795,-2.5869863213462962,0.36,strong_down,2.14,tp_sys_ok,down,0.39,0.48,0.57,0.6
301305.SZ|20231220|19,301305.SZ,20231220,EVENT,-1.9595,2023,202312,down,1,1.563,1.2767686147060475,-1.624978236898622,0.31,strong_down,1.89,tp_sys_ok,down,0.55,0.63,0.59,0.57
000651.SZ|20231109|4,000651.SZ,20231109,EVENT,-2.8346,2023,202311,down,2,2.44,0.08910008910010259,-4.009504009504017,0.33,mild_down,1.95,tp_sys_ok,down,0.41,0.72,0.63,0.58
603688.SH|20231229|10,603688.SH,20231229,EVENT,1.9342,2023,202312,up,12,22.891,6.130669147198087,-8.808048012593462,0.53,mild_up,1.98,tp_sys_ok,unknown,0.62,0.51,0.82,0.34
000651.SZ|20231215|23,000651.SZ,20231215,EVENT,-0.5799,2023,202312,up,2,3.771,0.39097744360903075,-1.834586466165411,0.65,mild_up,2.75,tp_sys_ok,up,0.59,0.75,0.88,0.39
688420.SH|20231229|14,688420.SH,20231229,EVENT,-2.5085,2023,202312,down,10,1.966,4.066337107319407,-3.388614256099498,0.28,strong_down,1.74,tp_sys_ok,down,0.5,0.6,0.56,0.68
301115.SZ|20231220|27,301115.SZ,20231220,EVENT,-1.8339,2023,202312,down,1,1.437,0.05595970900951208,-2.7420257414661586,0.36,mild_down,2.12,tp_sys_ok,down,0.38,0.64,0.77,0.39
002568.SZ|20231220|18,002568.SZ,20231220,EVENT,-1.8283,2023,202312,down,1,0.295,3.5403474427864623,-1.653316287462614,0.31,strong_down,1.99,tp_sys_ok,down,0.47,0.63,0.64,0.51
301115.SZ|20231218|17,301115.SZ,20231218,EVENT,-2.0989,2023,202312,down,3,1.703,0.34042078240972273,-3.007980356046658,0.3,mild_down,1.8,tp_sys_ok,down,0.69,0.7,0.52,0.73
605303.SH|20231212|22,605303.SH,20231212,EVENT,0.5571,2023,202312,down,9,0.583,4.121110176619003,-1.5979814970563555,0.36,mild_down,1.96,tp_sys_ok,down,0.68,0.64,0.58,0.65
603507.SH|20231229|21,603507.SH,20231229,EVENT,-1.3586,2023,202312,down,12,13.907,1.826092789329592,-6.209351680701025,0.33,mild_down,1.79,tp_sys_ok,down,0.49,0.63,0.55,0.59
600382.SH|20231227|31,600382.SH,20231227,EVENT,5.9081,2023,202312,up,6,0.911,8.352144469525967,-0.22573363431150906,0.37,mild_up,1.74,sl_too_tight,up,0.71,0.46,0.28,0.31
001323.SZ|20231228|8,001323.SZ,20231228,EVENT,-1.9246,2023,202312,down,3,1.528,3.264490339773496,-1.715354746667197,0.33,strong_down,1.81,tp_sys_ok,down,0.69,0.59,0.56,0.75
600703.SH|20231218|25,600703.SH,20231218,EVENT,-2.635,2023,202312,down,3,2.24,1.3861064486436758,-2.298746849074418,0.37,strong_down,1.93,tp_sys_ok,down,0.67,0.63,0.65,0.65
002978.SZ|20231220|12,002978.SZ,20231220,EVENT,-0.9853,2023,202312,down,1,0.587,0.3387189648748512,-1.998441892761571,0.31,strong_down,2.01,tp_sys_ok,down,0.38,0.68,0.63,0.6
600313.SH|20231221|29,600313.SH,20231221,EVENT,-3.5146,2023,202312,down,2,3.121,0.13403029084573248,-3.4847875619890223,0.3,strong_down,1.75,tp_sys_ok,down,0.47,0.54,0.5,0.63
002985.SZ|20231218|16,002985.SZ,20231218,EVENT,-0.2539,2023,202312,down,12,10.127,3.601860466224771,-6.9439193897270375,0.32,mild_down,1.78,tp_sys_ok,down,0.41,0.64,0.59,0.71
300993.SZ|20231229|33,300993.SZ,20231229,EVENT,2.4363,2023,202312,down,12,3.146,6.34765625,1.07421875,0.39,strong_down,2.11,tp_sys_ok,down,0.61,0.48,0.62,0.68
000526_SZ.SZ|20231208|35,000526_SZ.SZ,20231208,CONT,12.2571,2023,202312,up,0,0.0,0.0,0.0,0.36,mild_up,0.75,tp_sys_ok,unknown,0.57,0.65,0.85,0.35
603267.SH|20231228|20,603267.SH,20231228,EVENT,-5.1197,2023,202312,down,6,4.729,8.89596602972398,-8.49256900212314,0.32,mild_down,1.76,tp_sys_ok,down,0.42,0.59,0.54,0.6
002625.SZ|20231220|26,002625.SZ,20231220,EVENT,2.1291,2023,202312,down,12,4.177,9.562086297711714,-1.4439469419959772,0.34,mild_down,1.97,tp_sys_ok,down,0.45,0.72,0.65,0.76
300068.SZ|20231228|39,300068.SZ,20231228,EVENT,9.45,2023,202312,down,12,4.287,13.884242221478749,2.425560388089676,0.36,strong_down,1.93,tp_sys_ok,down,0.37,0.71,0.64,0.65
002568.SZ|20231218|24,002568.SZ,20231218,EVENT,-1.8487,2023,202312,down,1,1.452,-0.21771875472765823,-1.8840455784236987,0.35,mild_down,1.99,tp_sys_ok,down,0.37,0.76,0.67,0.64
000404.SZ|20231220|37,000404.SZ,20231220,EVENT,-2.6398,2023,202312,down,1,2.244,-0.19762845849802257,-2.9644268774703497,0.36,mild_down,1.99,tp_sys_ok,down,0.46,0.73,0.63,0.67
300943.SZ|20231221|28,300943.SZ,20231221,EVENT,-3.032,2023,202312,down,2,2.637,1.2342358496204575,-2.9496144880760244,0.36,mild_down,1.97,tp_sys_ok,down,0.57,0.7,0.66,0.71
000950.SZ|20231229|32,000950.SZ,20231229,EVENT,-3.9641,2023,202312,down,11,3.571,2.626262626262621,-3.838383838383841,0.32,strong_down,1.88,tp_sys_ok,down,0.55,0.58,0.57,0.6
600971_SH.SH|20231212|36,600971_SH.SH,20231212,CONT,-4.3082,2023,202312,up,0,0.0,0.0,0.0,0.36,strong_up,0.92,tp_sys_ok,up,0.72,0.59,0.88,0.44
301367.SZ|20231229|40,301367.SZ,20231229,EVENT,-1.2232,2023,202312,up,2,12.82,2.4587296563442163,-3.3949126284752773,0.41,strong_up,1.67,tp_sys_ok,unknown,0.37,0.36,0.56,0.34
301093.SZ|20240117|44,301093.SZ,20240117,EVENT,-7.6494,2024,202401,down,3,7.264,3.6771457894452464,-10.310772610237862,0.29,strong_down,1.87,tp_sys_ok,down,0.67,0.51,0.46,0.7
002570.SZ|20240117|43,002570.SZ,20240117,EVENT,-4.2752,2024,202401,down,1,3.883,-0.8029008029007967,-5.464905464905456,0.35,strong_down,1.98,tp_sys_ok,down,0.6,0.56,0.53,0.64
000818.SZ|20240126|47,000818.SZ,20240126,EVENT,-2.9115,2024,202401,down,1,2.517,2.565241861429546,-2.951805444474065,0.3,strong_down,2.07,tp_sys_ok,down,0.7,0.46,0.55,0.6
301152.SZ|20240131|51,301152.SZ,20240131,EVENT,-12.6218,2024,202401,down,2,12.246,-4.878863286257529,-14.14320955735815,0.32,strong_down,1.6,tp_sys_ok,down,0.45,0.42,0.57,0.58
002857.SZ|20231222|30,002857.SZ,20231222,EVENT,-2.1348,2023,202312,down,1,1.694,-0.6765240531474426,-2.862889875876895,0.37,strong_down,2.08,tp_sys_ok,down,0.62,0.49,0.58,0.57
688013.SH|20231229|34,688013.SH,20231229,EVENT,1.166,2023,202312,down,5,0.133,5.730499610548567,-0.1112718370980259,0.34,strong_down,1.83,tp_sys_ok,down,0.58,0.61,0.58,0.72
603612.SH|20240116|55,603612.SH,20240116,EVENT,-3.0797,2024,202401,down,1,2.685,-0.07907411401049114,-4.363162935515752,0.28,strong_down,1.84,tp_sys_ok,down,0.69,0.7,0.54,0.67
000975.SZ|20231220|38,000975.SZ,20231220,EVENT,6.2535,2023,202312,up,5,3.395,7.147766323024052,0.27491408934707806,0.7,strong_up,2.72,tp_sys_ok,up,0.41,0.72,0.89,0.44
600718.SH|20240126|48,600718.SH,20240126,EVENT,-2.148,2024,202401,down,1,1.752,0.5167671834338528,-2.936569603236272,0.3,strong_down,1.77,tp_sys_ok,down,0.67,0.43,0.41,0.59
000589.SZ|20240110|52,000589.SZ,20240110,EVENT,5.0452,2024,202401,down,5,5.067,7.506407909190771,-1.0984987184181505,0.32,strong_down,1.96,tp_sys_ok,down,0.6,0.65,0.61,0.7
600718.SH|20240129|59,600718.SH,20240129,EVENT,-13.0675,2024,202401,down,4,12.693,-0.23847873044411383,-18.46774294240301,0.3,strong_down,1.72,tp_sys_ok,down,0.71,0.6,0.46,0.7
603515.SH|20240110|42,603515.SH,20240110,EVENT,3.7931,2024,202401,up,3,1.262,5.218270750835674,0.5191478736819688,0.34,mild_up,1.53,sl_too_tight,unknown,0.63,0.3,0.31,0.28
002570.SZ|20240118|56,002570.SZ,20240118,EVENT,-2.8139,2024,202401,down,2,2.419,-0.3051346801346666,-8.985690235690225,0.37,strong_down,2.11,tp_sys_ok,down,0.58,0.56,0.59,0.64
301093.SZ|20240119|46,301093.SZ,20240119,EVENT,-9.3026,2024,202401,down,1,8.921,-3.5762317183681502,-11.707555927779667,0.29,strong_down,1.72,tp_sys_ok,down,0.7,0.45,0.51,0.66
300656.SZ|20240131|50,300656.SZ,20240131,EVENT,-7.8417,2024,202401,down,1,7.457,-2.7834681314901633,-8.094464929717793,0.36,strong_down,1.85,tp_sys_ok,down,0.78,0.62,0.61,0.41
601969.SH|20240129|60,601969.SH,20240129,EVENT,-9.8095,2024,202401,down,1,3.813,-7.4712896770057995,-10.896466685260474,0.31,mild_down,1.81,tp_sys_ok,down,0.62,0.54,0.44,0.74
688018.SH|20240131|64,688018.SH,20240131,EVENT,-5.3678,2024,202401,down,2,4.978,3.5908700792836035,-8.628771373869416,0.3,strong_down,1.54,tp_sys_ok,down,0.79,0.41,0.55,0.61
688171.SH|20240105|68,688171.SH,20240105,EVENT,-6.4065,2024,202401,down,7,6.019,0.04566691256542299,-6.322152923480773,0.3,strong_down,1.81,tp_sys_ok,down,0.44,0.69,0.53,0.7
301267.SZ|20240116|54,301267.SZ,20240116,EVENT,-6.0638,2024,202401,down,2,5.675,1.537310801704872,-6.568539744204394,0.29,strong_down,1.89,tp_sys_ok,down,0.7,0.69,0.59,0.71
002624.SZ|20240111|72,002624.SZ,20240111,EVENT,-3.8074,2024,202401,down,4,3.414,3.840323395654388,-5.154118241536132,0.3,strong_down,1.8,tp_sys_ok,down,0.42,0.65,0.57,0.72
301093.SZ|20240126|58,301093.SZ,20240126,EVENT,-4.1244,2024,202401,down,1,3.732,-1.1562563455971508,-7.75567739102101,0.3,strong_down,1.94,tp_sys_ok,down,0.76,0.45,0.48,0.67
600703.SH|20240112|76,600703.SH,20240112,EVENT,-1.6597,2024,202401,down,2,1.262,0.38337678270203845,-1.9935592700506044,0.31,strong_down,1.8,tp_sys_ok,down,0.71,0.43,0.47,0.62
000921.SZ|20240110|41,000921.SZ,20240110,EVENT,4.2581,2024,202401,down,4,12.6,10.29942279942282,1.0101010101010166,0.34,strong_down,2.03,tp_sys_ok,down,0.44,0.51,0.56,0.55
603882.SH|20240126|80,603882.SH,20240126,EVENT,12.6687,2024,202401,up,9,12.91,19.98685075608151,-10.58887693503079,0.54,mild_up,2.03,tp_sys_ok,up,0.69,0.63,0.83,0.33
301093.SZ|20240118|45,301093.SZ,20240118,EVENT,-8.6933,2024,202401,down,2,8.31,2.6592455163883644,-11.191339762768326,0.29,strong_down,1.91,tp_sys_ok,down,0.7,0.46,0.47,0.7
301265.SZ|20240130|84,301265.SZ,20240130,EVENT,-6.9422,2024,202401,down,1,6.556,-2.348956200061092,-6.68322356801222,0.33,strong_down,1.77,tp_sys_ok,down,0.63,0.54,0.58,0.68
300515.SZ|20240102|88,300515.SZ,20240102,EVENT,-0.5667,2024,202401,down,2,4.979,2.322125208991266,-1.6719301504737105,0.38,mild_down,2.04,tp_sys_ok,down,0.4,0.57,0.55,0.49
000498.SZ|20240129|49,000498.SZ,20240129,EVENT,-0.6563,2024,202401,up,2,5.268,2.6191826669724083,-4.21941437473099,0.64,mild_up,2.78,tp_sys_ok,up,0.8,0.78,0.88,0.45
688093.SH|20240104|92,688093.SH,20240104,EVENT,-9.5995,2024,202401,up,9,9.218,1.132463337187728,-10.369595408965504,0.38,mild_up,1.72,sl_too_tight,unknown,0.62,0.37,0.27,0.35
300200.SZ|20240131|62,300200.SZ,20240131,EVENT,-10.0206,2024,202401,down,1,1.944,-7.476744379545053,-11.470553974672592,0.3,strong_down,1.53,tp_sys_ok,down,0.76,0.38,0.47,0.68
603258.SH|20240108|96,603258.SH,20240108,EVENT,-12.006,2024,202401,down,10,11.629,0.9651776829895597,-14.173983553569936,0.32,mild_down,1.78,tp_sys_ok,down,0.44,0.6,0.6,0.62
002959.SZ|20240110|53,002959.SZ,20240110,EVENT,-1.442,2024,202401,up,2,14.294,1.11200377936993,-3.0252486529472766,0.61,mild_up,2.57,tp_sys_ok,up,0.52,0.57,0.88,0.48
603505.SH|20240125|57,603505.SH,20240125,EVENT,-4.2218,2024,202401,down,4,3.83,3.556058890147229,-6.596828992072479,0.32,mild_down,1.82,tp_sys_ok,down,0.62,0.51,0.5,0.58
000498.SZ|20240115|100,000498.SZ,20240115,EVENT,-1.1433,2024,202401,down,2,0.745,1.6295415314221406,-0.8482205538624332,0.34,strong_down,1.98,tp_sys_ok,down,0.59,0.75,0.63,0.73
603515.SH|20240102|66,603515.SH,20240102,EVENT,-5.0602,2024,202401,up,6,4.67,0.40480367021995534,-4.722709485899335,0.57,mild_up,2.1,tp_sys_ok,unknown,0.52,0.58,0.85,0.36
002555.SZ|20240119|104,002555.SZ,20240119,EVENT,-8.5328,2024,202401,down,7,8.149,6.430254026866988,-8.72222575921564,0.33,strong_down,1.69,tp_sys_ok,down,0.52,0.53,0.6,0.52
600219.SH|20240110|70,600219.SH,20240110,EVENT,-11.9983,2024,202401,down,9,11.622,0.5668798560417798,-12.729754765735446,0.34,strong_down,1.83,tp_sys_ok,down,0.6,0.47,0.46,0.58
603060.SH|20240129|61,603060.SH,20240129,EVENT,-3.5138,2024,202401,down,1,3.12,-1.5742689786440556,-5.063168463449896,0.33,strong_down,1.9,tp_sys_ok,down,0.71,0.47,0.48,0.53
002166.SZ|20240131|108,002166.SZ,20240131,EVENT,-4.6405,2024,202401,down,1,3.05,-0.3820749609417362,-5.486720188098449,0.32,strong_down,1.74,tp_sys_ok,down,0.66,0.61,0.6,0.71
600351.SH|20240111|74,600351.SH,20240111,EVENT,-1.2309,2024,202401,down,2,0.833,1.195814648729443,-1.195814648729443,0.29,strong_down,1.78,tp_sys_ok,down,0.69,0.57,0.52,0.7
002624.SZ|20240102|65,002624.SZ,20240102,EVENT,-13.8728,2024,202401,down,11,13.5,2.082390221819841,-15.02942507922137,0.36,mild_down,1.81,tp_sys_ok,down,0.53,0.56,0.66,0.54
603977_SH.SH|20240109|112,603977_SH.SH,20240109,CONT,-14.6161,2024,202401,up,0,0.0,0.0,0.0,0.55,strong_up,1.81,tp_sys_ok,up,0.63,0.15,0.88,0.53
002004.SZ|20240110|69,002004.SZ,20240110,EVENT,-2.3178,2024,202401,down,6,1.922,1.9607843137254832,-5.664488017429193,0.32,mild_down,1.94,tp_sys_ok,down,0.44,0.73,0.64,0.61
002930.SZ|20240111|73,002930.SZ,20240111,EVENT,-1.9575,2024,202401,down,4,1.561,2.5611683287014575,-1.8527600675712463,0.36,strong_down,1.97,tp_sys_ok,down,0.57,0.46,0.5,0.49
688257.SH|20240112|77,688257.SH,20240112,EVENT,-4.8923,2024,202401,down,6,4.502,2.6702811159256212,-11.891870098021794,0.32,strong_down,1.94,tp_sys_ok,down,0.38,0.58,0.46,0.67
688093.SH|20240109|116,688093.SH,20240109,EVENT,-4.5996,2024,202401,up,6,4.208,1.2919896640826822,-5.361757105943155,0.39,mild_up,1.79,tp_sys_ok,up,0.59,0.44,0.22,0.37
600623.SH|20240110|120,600623.SH,20240110,EVENT,-0.8113,2024,202401,down,5,0.412,3.382821503626854,-1.362619483424854,0.4,mild_down,2.41,tp_sys_ok,down,0.59,0.41,0.59,0.59
300685.SZ|20240219|124,300685.SZ,20240219,EVENT,5.3305,2024,202402,up,2,14.32,6.97843977946182,0.042262290745198605,0.64,mild_up,2.46,tp_sys_ok,up,0.58,0.46,0.88,0.46
301225.SZ|20240228|128,301225.SZ,20240228,EVENT,-0.4749,2024,202402,up,12,40.222,4.6230173571541355,-12.03355367723018,0.54,mild_up,1.99,tp_sys_ok,unknown,0.54,0.57,0.87,0.34
300171.SZ|20240207|132,300171.SZ,20240207,EVENT,10.3431,2024,202402,down,12,0.835,15.891277773782985,3.739124182066589,0.3,strong_down,1.89,tp_sys_ok,down,0.78,0.67,0.6,0.69
301087.SZ|20240131|63,301087.SZ,20240131,EVENT,-6.5368,2024,202401,down,1,6.149,0.2888714275411042,-6.164235363784398,0.31,strong_down,1.77,tp_sys_ok,down,0.68,0.63,0.63,0.65
600487.SH|20240117|78,600487.SH,20240117,EVENT,-4.2931,2024,202401,down,3,3.901,1.0101010101010166,-5.310212477447973,0.31,strong_down,1.8,tp_sys_ok,down,0.65,0.57,0.39,0.64
600109.SH|20240208|136,600109.SH,20240208,EVENT,0.1131,2024,202402,up,9,12.298,4.555542576801774,-2.9202196005139625,0.51,mild_up,1.88,tp_sys_ok,unknown,0.61,0.63,0.81,0.41
001228.SZ|20240221|140,001228.SZ,20240221,EVENT,9.0165,2024,202402,down,12,21.042,18.49088566305337,0.559565323169231,0.29,strong_down,1.68,tp_sys_ok,down,0.78,0.5,0.53,0.58
603626.SH|20240222|144,603626.SH,20240222,EVENT,11.3687,2024,202402,down,12,27.33,17.466802860061282,2.334203457798978,0.31,strong_down,1.85,tp_sys_ok,down,0.65,0.67,0.56,0.66
301366.SZ|20240226|148,301366.SZ,20240226,EVENT,11.349,2024,202402,down,12,34.525,14.19829268961601,-3.688043222926951,0.3,strong_down,1.81,tp_sys_ok,down,0.7,0.67,0.51,0.68
002098.SZ|20240229|152,002098.SZ,20240229,EVENT,9.9904,2024,202402,down,12,24.878,14.211421142114222,0.010001000100023916,0.3,strong_down,1.66,tp_sys_ok,down,0.7,0.56,0.53,0.71
002859.SZ|20240129|81,002859.SZ,20240129,EVENT,-3.7899,2024,202401,down,1,2.772,-2.5346172877827366,-6.4625483746268975,0.3,strong_down,1.95,tp_sys_ok,down,0.73,0.53,0.5,0.68
300148.SZ|20240129|82,300148.SZ,20240129,EVENT,-5.783,2024,202401,down,1,0.196,-4.229616045178009,-8.596046924577184,0.32,strong_down,1.92,tp_sys_ok,down,0.55,0.74,0.62,0.56
002180.SZ|20240202|156,002180.SZ,20240202,EVENT,-4.6244,2024,202402,down,1,4.233,-3.670725155717247,-11.436641294461191,0.34,strong_down,2.14,tp_sys_ok,down,0.73,0.5,0.51,0.6
002148.SZ|20240131|86,002148.SZ,20240131,EVENT,-6.3099,2024,202401,down,1,3.531,-4.535551594375109,-9.88314517726282,0.32,strong_down,1.81,tp_sys_ok,down,0.6,0.68,0.58,0.63
001256.SZ|20240131|85,001256.SZ,20240131,EVENT,-6.6015,2024,202401,down,1,6.214,-2.542044485778505,-8.225477279185721,0.34,mild_down,1.69,tp_sys_ok,down,0.46,0.51,0.59,0.57
300097.SZ|20240104|90,300097.SZ,20240104,EVENT,-8.4106,2024,202401,down,9,8.027,0.3329383217651527,-8.470176626601212,0.31,strong_down,1.5,tp_sys_ok,down,0.39,0.43,0.53,0.61
688093.SH|20240102|89,688093.SH,20240102,EVENT,-8.0492,2024,202401,up,6,7.665,0.11976047904191933,-10.479041916167663,0.56,mild_up,1.99,tp_sys_ok,unknown,0.63,0.61,0.81,0.34
600433.SH|20240105|94,600433.SH,20240105,EVENT,-6.5504,2024,202401,down,7,6.163,0.12919896640828377,-6.33074935400516,0.33,strong_down,1.93,tp_sys_ok,down,0.44,0.51,0.5,0.73
002385.SZ|20240105|93,002385.SZ,20240105,EVENT,-2.2659,2024,202401,down,1,1.87,-1.1119599354893484,-4.825566590272468,0.34,strong_down,1.82,tp_sys_ok,down,0.63,0.67,0.47,0.57
300943.SZ|20240110|98,300943.SZ,20240110,EVENT,0.5966,2024,202401,up,3,6.095,3.3278753486007284,-1.4572071566890221,0.38,mild_up,1.69,tp_sys_ok,up,0.67,0.35,0.25,0.33
603888.SH|20240108|97,603888.SH,20240108,EVENT,-4.4324,2024,202401,down,1,4.041,1.0101010101010166,-4.717910815471771,0.29,strong_down,1.87,tp_sys_ok,down,0.43,0.67,0.61,0.79
688606.SH|20240202|160,688606.SH,20240202,EVENT,-9.5947,2024,202402,down,1,7.944,-3.455100587717075,-9.213314231235382,0.3,strong_down,1.79,tp_sys_ok,down,0.61,0.67,0.54,0.68
300699.SZ|20240115|101,300699.SZ,20240115,EVENT,-15.5158,2024,202401,down,6,15.146,-2.676100064795217,-16.315044041911285,0.33,mild_down,1.97,tp_sys_ok,down,0.47,0.61,0.51,0.57
600487.SH|20240122|105,600487.SH,20240122,EVENT,-4.3172,2024,202401,down,1,2.747,0.04238592090670679,-4.505874998306492,0.31,strong_down,1.78,tp_sys_ok,down,0.67,0.66,0.51,0.65
002008.SZ|20240207|164,002008.SZ,20240207,EVENT,8.8099,2024,202402,down,7,3.71,15.437392795883387,1.543739279588352,0.29,strong_down,1.76,tp_sys_ok,down,0.68,0.49,0.64,0.55
688326.SH|20240115|102,688326.SH,20240115,EVENT,-1.9777,2024,202401,down,1,1.581,-0.4637710068319034,-3.178798406445138,0.31,strong_down,1.77,tp_sys_ok,down,0.74,0.54,0.58,0.62
000661.SZ|20240124|106,000661.SZ,20240124,EVENT,-2.0054,2024,202401,down,4,1.609,3.8674048740489075,-2.7731809579040645,0.33,strong_down,1.93,tp_sys_ok,down,0.68,0.69,0.61,0.68
601600.SH|20240131|110,601600.SH,20240131,EVENT,-0.5276,2024,202401,up,2,14.627,1.7214397496087663,-4.680608905961003,0.61,mild_up,2.69,tp_sys_ok,up,0.52,0.69,0.86,0.36
300997.SZ|20240207|168,300997.SZ,20240207,EVENT,21.5435,2024,202402,up,12,1.84,26.053140759023098,1.4862044273808994,0.35,mild_up,1.7,tp_sys_ok,up,0.68,0.41,0.36,0.29
300888.SZ|20240131|109,300888.SZ,20240131,EVENT,-10.8532,2024,202401,down,1,3.296,-4.8729495769366915,-10.474364763531096,0.36,mild_down,1.86,tp_sys_ok,down,0.62,0.64,0.61,0.6
601969.SH|20240207|172,601969.SH,20240207,EVENT,21.2073,2024,202402,down,12,0.315,25.63589024634487,4.606449028640092,0.35,strong_down,1.62,tp_sys_ok,down,0.55,0.49,0.6,0.71
000534.SZ|20240105|114,000534.SZ,20240105,EVENT,-8.128,2024,202401,up,9,7.744,-0.7590433432325017,-8.720192933233283,0.38,mild_up,1.73,sl_too_tight,up,0.54,0.36,0.29,0.39
603727.SH|20240131|118,603727.SH,20240131,EVENT,-10.6743,2024,202401,down,2,10.295,-3.549762704692272,-13.034279231462332,0.34,mild_down,1.85,tp_sys_ok,down,0.44,0.67,0.61,0.68
300463.SZ|20240208|176,300463.SZ,20240208,EVENT,6.9316,2024,202402,down,12,1.948,9.457063244110442,0.5910664527569054,0.32,strong_down,1.81,tp_sys_ok,down,0.6,0.54,0.63,0.42
002004.SZ|20240104|113,002004.SZ,20240104,EVENT,-5.1924,2024,202401,down,10,4.802,0.0,-8.456659619450324,0.34,mild_down,2.09,tp_sys_ok,down,0.57,0.52,0.48,0.65
688349.SH|20240206|122,688349.SH,20240206,EVENT,0.5238,2024,202402,down,3,8.667,16.21994624827485,-0.046443955792396796,0.3,strong_down,1.73,tp_sys_ok,down,0.68,0.55,0.54,0.72
300171.SZ|20240219|180,300171.SZ,20240219,EVENT,-0.5752,2024,202402,down,3,8.049,2.2160317776156457,-3.1436605224493985,0.32,strong_down,1.79,tp_sys_ok,down,0.66,0.51,0.41,0.64
688237.SH|20240223|126,688237.SH,20240223,EVENT,4.4082,2024,202402,down,12,37.445,15.357862898545061,-2.5652312404174094,0.32,strong_down,1.74,tp_sys_ok,down,0.74,0.57,0.58,0.56
300993.SZ|20240103|67,300993.SZ,20240103,EVENT,0.0017,2024,202401,down,2,7.143,2.3946360153256796,0.0,0.34,strong_down,1.8,tp_sys_ok,down,0.51,0.44,0.49,0.68
002266.SZ|20240207|130,002266.SZ,20240207,EVENT,7.4661,2024,202402,down,2,7.766,14.953271028037385,5.919003115264787,0.35,strong_down,1.84,tp_sys_ok,down,0.67,0.43,0.49,0.57
002008.SZ|20240208|134,002008.SZ,20240208,EVENT,0.174,2024,202402,down,4,7.105,2.985074626865658,-1.8242122719734577,0.3,strong_down,1.65,tp_sys_ok,down,0.7,0.44,0.52,0.63
688013.SH|20240110|71,688013.SH,20240110,EVENT,-6.5313,2024,202401,down,6,6.144,2.8987632595199653,-9.266443582325678,0.35,strong_down,1.95,tp_sys_ok,down,0.47,0.71,0.57,0.68
688093.SH|20240111|75,688093.SH,20240111,EVENT,-2.3891,2024,202401,up,4,1.993,3.566710700132103,-3.2364597093791247,0.4,mild_up,1.76,tp_sys_ok,up,0.59,0.4,0.36,0.33
688088.SH|20240219|184,688088.SH,20240219,EVENT,-2.9683,2024,202402,down,2,2.574,3.687262833822569,-4.474833536192458,0.34,strong_down,1.7,tp_sys_ok,down,0.38,0.5,0.58,0.51
603822.SH|20240117|79,603822.SH,20240117,EVENT,-2.1077,2024,202401,up,1,1.711,-0.32007941557191666,-4.234610382552284,0.37,mild_up,1.85,tp_sys_ok,unknown,0.64,0.53,0.35,0.39
002555.SZ|20240117|117,002555.SZ,20240117,EVENT,-5.8955,2024,202401,down,9,5.507,9.883897871143255,-5.760277335731234,0.33,strong_down,1.87,tp_sys_ok,down,0.55,0.66,0.65,0.48
603096.SH|20240221|188,603096.SH,20240221,EVENT,9.17,2024,202402,down,12,31.598,15.821396309201186,-2.9493541688663583,0.31,strong_down,1.88,tp_sys_ok,down,0.69,0.64,0.65,0.62
688646.SH|20240219|138,688646.SH,20240219,EVENT,5.7879,2024,202402,down,12,4.05,15.025448170961608,-3.685396008258379,0.29,strong_down,1.62,tp_sys_ok,down,0.73,0.44,0.43,0.66
603727.SH|20240129|83,603727.SH,20240129,EVENT,-3.8327,2024,202401,down,1,3.44,1.529611215879001,-4.444756150567919,0.31,mild_down,1.91,tp_sys_ok,down,0.63,0.58,0.5,0.62
301085.SZ|20240221|142,301085.SZ,20240221,EVENT,19.1961,2024,202402,down,12,30.208,35.572743464235444,5.417257081868687,0.29,strong_down,1.77,tp_sys_ok,down,0.71,0.59,0.57,0.61
600572.SH|20240131|87,600572.SH,20240131,EVENT,-8.8383,2024,202401,down,3,8.455,3.2194155522535794,-11.391778107974249,0.32,strong_down,1.85,tp_sys_ok,down,0.53,0.63,0.56,0.63
301270.SZ|20240222|192,301270.SZ,20240222,EVENT,6.0919,2024,202402,down,12,37.007,15.928965340243995,0.17547922939371574,0.29,strong_down,1.9,tp_sys_ok,down,0.65,0.67,0.57,0.74
003004.SZ|20240223|146,003004.SZ,20240223,EVENT,20.2876,2024,202402,down,12,37.191,27.94682533704902,-9.764588720678214,0.31,strong_down,1.75,tp_sys_ok,down,0.74,0.61,0.59,0.62
600803.SH|20240110|121,600803.SH,20240110,EVENT,2.4344,2024,202401,up,2,11.912,4.898828541001055,-0.3549875754348619,0.66,mild_up,2.59,tp_sys_ok,up,0.49,0.59,0.89,0.54
300100.SZ|20240228|150,300100.SZ,20240228,EVENT,-0.2339,2024,202402,up,9,42.569,6.9384590829286275,-14.152814830015725,0.5,mild_up,1.95,tp_sys_ok,up,0.64,0.61,0.84,0.65
603156.SH|20240104|91,603156.SH,20240104,EVENT,7.0665,2024,202401,down,12,9.731,12.258980657974794,-4.432905271128251,0.31,strong_down,1.64,tp_sys_ok,down,0.49,0.5,0.6,0.55
301248.SZ|20240229|154,301248.SZ,20240229,EVENT,18.5393,2024,202402,down,12,37.295,27.067083909275368,4.567085977289875,0.29,strong_down,1.82,tp_sys_ok,down,0.68,0.65,0.54,0.75
001299.SZ|20240223|196,001299.SZ,20240223,EVENT,9.9431,2024,202402,down,12,28.256,21.636363636363654,-4.545454545454541,0.31,strong_down,1.79,tp_sys_ok,down,0.75,0.64,0.61,0.59
603990.SH|20240202|158,603990.SH,20240202,EVENT,-19.5712,2024,202402,up,2,13.362,-1.6739583612922826,-19.20981292106182,0.54,mild_up,2.13,tp_sys_ok,up,0.7,0.64,0.78,0.33
300128.SZ|20240205|162,300128.SZ,20240205,EVENT,-13.5212,2024,202402,down,1,8.12,2.9159519725557415,-19.137466307277617,0.31,strong_down,1.89,tp_sys_ok,down,0.65,0.49,0.42,0.57
688068.SH|20240219|125,688068.SH,20240219,EVENT,2.7463,2024,202402,down,11,0.835,12.657707956310249,-0.11294649159960812,0.31,strong_down,1.54,tp_sys_ok,down,0.59,0.4,0.58,0.59
002635.SZ|20240207|166,002635.SZ,20240207,EVENT,11.1055,2024,202402,down,12,4.882,13.875415080234376,0.8362454145586895,0.34,strong_down,1.94,tp_sys_ok,down,0.5,0.54,0.49,0.57
603156.SH|20240108|95,603156.SH,20240108,EVENT,0.9989,2024,202401,down,11,8.902,13.276310714686756,-3.566842909520529,0.34,strong_down,1.9,tp_sys_ok,down,0.48,0.7,0.55,0.54
301322.SZ|20240223|200,301322.SZ,20240223,EVENT,1.6251,2024,202402,down,12,30.95,5.6077485686854,-5.007852695689263,0.31,strong_down,1.92,tp_sys_ok,down,0.65,0.53,0.5,0.62
301201.SZ|20240110|99,301201.SZ,20240110,EVENT,-0.4318,2024,202401,down,3,0.032,4.940787624147758,-0.6988931699193124,0.27,strong_down,1.78,tp_sys_ok,down,0.69,0.5,0.58,0.6
300786.SZ|20240226|204,300786.SZ,20240226,EVENT,7.3233,2024,202402,down,12,42.618,31.163609782030832,-6.964380648591173,0.29,strong_down,1.85,tp_sys_ok,down,0.8,0.71,0.57,0.66
300835.SZ|20240201|129,300835.SZ,20240201,EVENT,-3.4389,2024,202402,down,1,3.045,3.704921701756425,-7.302735699751284,0.31,strong_down,1.91,tp_sys_ok,down,0.42,0.72,0.57,0.59
688819.SH|20240117|103,688819.SH,20240117,EVENT,-6.869,2024,202401,down,3,6.482,0.2711544833830404,-7.4294461634674125,0.32,mild_down,1.85,tp_sys_ok,down,0.44,0.51,0.5,0.52
301225.SZ|20240226|208,301225.SZ,20240226,EVENT,2.5283,2024,202402,down,2,33.027,18.68979859894924,-0.19154991243433006,0.29,strong_down,1.91,tp_sys_ok,down,0.61,0.64,0.62,0.61
300285.SZ|20240207|133,300285.SZ,20240207,EVENT,1.6283,2024,202402,down,4,7.444,19.129680810708294,-0.4877255730775465,0.31,strong_down,1.61,tp_sys_ok,down,0.76,0.38,0.44,0.56
300126.SZ|20240130|107,300126.SZ,20240130,EVENT,-8.2385,2024,202401,down,1,7.854,-2.3125996810207328,-11.948431685273786,0.3,mild_down,1.47,tp_sys_ok,down,0.51,0.35,0.59,0.58
301085.SZ|20240227|212,301085.SZ,20240227,EVENT,-3.4325,2024,202402,down,2,40.326,11.456863935342998,-5.727752000853858,0.3,strong_down,1.71,tp_sys_ok,down,0.59,0.45,0.43,0.56
688596.SH|20240208|137,688596.SH,20240208,EVENT,13.8809,2024,202402,down,7,3.953,17.74357669804121,3.2116509793945536,0.32,strong_down,2.01,tp_sys_ok,down,0.66,0.47,0.46,0.56
688508.SH|20240131|111,688508.SH,20240131,EVENT,-4.3168,2024,202401,down,1,0.612,-1.183198517560391,-7.157053810006586,0.31,strong_down,1.83,tp_sys_ok,down,0.74,0.56,0.62,0.66
301282.SZ|20240228|216,301282.SZ,20240228,EVENT,-5.7677,2024,202402,down,12,45.147,0.7984031936127733,-16.48521139539104,0.28,strong_down,1.68,tp_sys_ok,down,0.72,0.44,0.53,0.64
002885.SZ|20240221|141,002885.SZ,20240221,EVENT,10.2801,2024,202402,down,12,28.694,16.696684710344357,-0.7967306202935065,0.3,strong_down,1.76,tp_sys_ok,down,0.7,0.62,0.65,0.61
300095.SZ|20240229|220,300095.SZ,20240229,EVENT,8.5767,2024,202402,down,12,27.517,13.231035960508454,0.6842094114234865,0.3,strong_down,1.85,tp_sys_ok,down,0.69,0.67,0.61,0.72
688420.SH|20240105|115,688420.SH,20240105,EVENT,-8.8198,2024,202401,down,9,8.437,1.3644671553769694,-9.975249493453276,0.34,strong_down,1.96,tp_sys_ok,down,0.42,0.54,0.53,0.6
301300.SZ|20240229|224,301300.SZ,20240229,EVENT,22.0613,2024,202402,down,12,36.82,34.22915284229153,2.7095775270957967,0.28,strong_down,1.71,tp_sys_ok,down,0.76,0.57,0.51,0.76
002312.SZ|20240223|145,002312.SZ,20240223,EVENT,-1.1487,2024,202402,up,2,32.653,1.443001443001446,-2.3088023088023157,0.66,mild_up,2.43,tp_sys_ok,up,0.59,0.43,0.87,0.46
002640.SZ|20240102|119,002640.SZ,20240102,EVENT,-2.3567,2024,202401,down,1,0.707,2.630583914006368,-2.771025765678181,0.35,mild_down,2.17,tp_sys_ok,down,0.44,0.62,0.65,0.59
002520.SZ|20240228|149,002520.SZ,20240228,EVENT,-6.5425,2024,202402,up,12,44.446,1.184858970326097,-14.368599489706746,0.51,mild_up,1.96,tp_sys_ok,up,0.78,0.56,0.83,0.47
688432.SH|20240229|228,688432.SH,20240229,EVENT,8.6059,2024,202402,down,12,25.748,10.659630606860148,3.693931398416872,0.32,strong_down,2.01,tp_sys_ok,down,0.68,0.62,0.57,0.74
002093.SZ|20240219|123,002093.SZ,20240219,EVENT,12.5788,2024,202402,down,5,5.514,15.716486902927574,-0.46224961479198745,0.29,strong_down,1.49,tp_sys_ok,down,0.64,0.38,0.54,0.55
600572.SH|20240201|232,600572.SH,20240201,EVENT,-6.5235,2024,202402,down,2,6.136,3.5493192355937397,-9.146771891869943,0.3,strong_down,1.82,tp_sys_ok,down,0.59,0.67,0.47,0.67
300597.SZ|20240229|153,300597.SZ,20240229,EVENT,11.2254,2024,202402,down,12,27.689,14.74491300501326,4.276024771453857,0.31,strong_down,1.87,tp_sys_ok,down,0.69,0.68,0.57,0.78
301353.SZ|20240227|127,301353.SZ,20240227,EVENT,-2.5242,2024,202402,down,12,37.856,4.108487899824653,-13.870221275903628,0.33,strong_down,2.01,tp_sys_ok,down,0.69,0.54,0.52,0.65
300702.SZ|20240202|157,300702.SZ,20240202,EVENT,-4.5123,2024,202402,down,1,0.981,-0.5971588590927723,-13.084331688982854,0.32,strong_down,2.08,tp_sys_ok,down,0.79,0.61,0.65,0.64
000878.SZ|20240207|236,000878.SZ,20240207,EVENT,6.3051,2024,202402,down,4,10.541,7.647628267182949,3.19457889641821,0.35,mild_down,2.04,tp_sys_ok,down,0.51,0.49,0.54,0.64
002402.SZ|20240208|240,002402.SZ,20240208,EVENT,10.7276,2024,202402,down,12,5.679,13.52586364467192,-4.112593675744824,0.31,strong_down,1.77,tp_sys_ok,down,0.59,0.56,0.67,0.62
300054.SZ|20240207|131,300054.SZ,20240207,EVENT,9.4239,2024,202402,down,12,6.994,16.09071274298057,3.455723542116629,0.31,strong_down,1.71,tp_sys_ok,down,0.65,0.44,0.49,0.58
000036.SZ|20240205|161,000036.SZ,20240205,EVENT,-11.794,2024,202402,down,1,1.698,-6.955995284071004,-16.196666985310525,0.32,mild_down,1.68,tp_sys_ok,down,0.47,0.56,0.53,0.6
300910.SZ|20240208|135,300910.SZ,20240208,EVENT,-1.6818,2024,202402,down,12,21.238,4.567944030233173,-3.7293375818548746,0.36,strong_down,1.88,tp_sys_ok,down,0.51,0.58,0.56,0.63
300143.SZ|20240220|139,300143.SZ,20240220,EVENT,0.2419,2024,202402,down,12,23.994,10.970641944093252,-1.1927109272242054,0.32,strong_down,1.9,tp_sys_ok,down,0.61,0.62,0.6,0.72
002093.SZ|20240222|143,002093.SZ,20240222,EVENT,9.5353,2024,202402,down,2,28.33,12.593703148425783,5.397301349325345,0.3,strong_down,1.75,tp_sys_ok,down,0.59,0.54,0.53,0.65
603111.SH|20240223|147,603111.SH,20240223,EVENT,12.6103,2024,202402,down,2,35.474,30.524609373279233,4.97473646187121,0.36,strong_down,1.81,tp_sys_ok,down,0.44,0.61,0.44,0.62
301072.SZ|20240228|151,301072.SZ,20240228,EVENT,13.2575,2024,202402,down,10,50.269,19.675523315280685,-15.392845864147775,0.3,strong_down,1.75,tp_sys_ok,down,0.64,0.47,0.5,0.61
300138.SZ|20240208|244,300138.SZ,20240208,EVENT,4.4358,2024,202402,down,12,11.928,11.003078917517417,2.9906912259853202,0.3,strong_down,1.69,tp_sys_ok,down,0.7,0.46,0.44,0.59
300128.SZ|20240219|248,300128.SZ,20240219,EVENT,0.7783,2024,202402,up,8,19.705,12.936594864305695,-2.884264330047459,0.64,mild_up,2.41,tp_sys_ok,up,0.62,0.41,0.83,0.41
300035.SZ|20240220|252,300035.SZ,20240220,EVENT,7.5293,2024,202402,down,12,26.684,13.347410853196395,-1.846960216721083,0.35,strong_down,1.91,tp_sys_ok,down,0.72,0.57,0.57,0.64
688166.SH|20240220|256,688166.SH,20240220,EVENT,15.569,2024,202402,down,12,3.775,31.108323229208267,1.1269117043536836,0.33,strong_down,2.14,tp_sys_ok,down,0.71,0.48,0.47,0.57
300054.SZ|20240221|260,300054.SZ,20240221,EVENT,3.8618,2024,202402,up,12,24.819,11.256002649445286,-0.024838549428707335,0.67,mild_up,2.66,tp_sys_ok,up,0.66,0.66,0.87,0.57
002532.SZ|20240207|165,002532.SZ,20240207,EVENT,10.4622,2024,202402,down,2,9.992,15.581395348837201,7.6744186046511675,0.31,strong_down,1.79,tp_sys_ok,down,0.46,0.48,0.54,0.55
301317.SZ|20240221|264,301317.SZ,20240221,EVENT,24.6896,2024,202402,down,12,32.515,32.25525622219838,1.328117857043476,0.31,strong_down,1.71,tp_sys_ok,down,0.77,0.55,0.57,0.61
301071.SZ|20240207|169,301071.SZ,20240207,EVENT,9.6276,2024,202402,down,12,2.114,15.510119486578855,3.1790788431475647,0.26,strong_down,1.88,tp_sys_ok,down,0.67,0.52,0.43,0.7
688739.SH|20240207|173,688739.SH,20240207,EVENT,3.5306,2024,202402,down,12,4.079,10.336112263759478,0.1508921498359017,0.3,strong_down,1.66,tp_sys_ok,down,0.79,0.4,0.41,0.59
300997.SZ|20240208|177,300997.SZ,20240208,EVENT,15.9465,2024,202402,up,11,6.632,20.257994186046524,0.7267441860465018,0.41,mild_up,1.84,tp_sys_ok,up,0.65,0.53,0.53,0.33
603166.SH|20240221|268,603166.SH,20240221,EVENT,9.046,2024,202402,down,12,21.231,21.924086681795927,4.124949939927913,0.31,strong_down,1.7,tp_sys_ok,down,0.72,0.54,0.49,0.61
300997.SZ|20240219|181,300997.SZ,20240219,EVENT,11.7517,2024,202402,up,10,9.774,16.296026889173532,2.591403687246463,0.44,mild_up,1.84,tp_sys_ok,up,0.68,0.47,0.57,0.43
688298.SH|20240219|185,688298.SH,20240219,EVENT,-3.466,2024,202402,down,8,12.945,4.419724672889225,-5.443829494462404,0.3,strong_down,1.51,tp_sys_ok,down,0.61,0.38,0.44,0.64
688232.SH|20240221|189,688232.SH,20240221,EVENT,2.4755,2024,202402,down,6,30.966,12.393036623663999,-0.6869912086483909,0.29,strong_down,1.89,tp_sys_ok,down,0.45,0.5,0.51,0.69
688291.SH|20240221|272,688291.SH,20240221,EVENT,16.0495,2024,202402,down,12,26.41,24.56212433519973,2.500010028233768,0.24,strong_down,1.77,tp_sys_ok,down,0.86,0.62,0.49,0.6
001205.SZ|20240222|276,001205.SZ,20240222,EVENT,6.9331,2024,202402,down,12,27.564,13.152094048493757,1.3960323291697385,0.34,strong_down,1.97,tp_sys_ok,down,0.71,0.69,0.59,0.6
300643.SZ|20240222|280,300643.SZ,20240222,EVENT,9.3845,2024,202402,down,12,28.807,18.27644638102155,4.357298474945526,0.34,strong_down,1.76,tp_sys_ok,down,0.73,0.61,0.65,0.61
600645.SH|20240222|193,600645.SH,20240222,EVENT,0.9807,2024,202402,down,12,22.754,7.229934816141714,0.13932427725533714,0.29,strong_down,1.77,tp_sys_ok,down,0.7,0.63,0.51,0.7
600497.SH|20240207|170,600497.SH,20240207,EVENT,6.4053,2024,202402,down,4,9.634,8.75374337710204,5.298318359824905,0.33,strong_down,1.99,tp_sys_ok,down,0.73,0.58,0.5,0.74
600080.SH|20240222|284,600080.SH,20240222,EVENT,18.8741,2024,202402,down,3,32.681,22.310262891331313,0.06342714871299115,0.33,strong_down,2.02,tp_sys_ok,down,0.43,0.57,0.5,0.69
002796.SZ|20240223|197,002796.SZ,20240223,EVENT,24.4566,2024,202402,down,12,36.546,27.40926157697121,-0.8760951188986232,0.31,strong_down,1.75,tp_sys_ok,down,0.72,0.63,0.54,0.61
300054.SZ|20240208|174,300054.SZ,20240208,EVENT,8.1808,2024,202402,up,12,12.109,10.030706243602872,-1.9447287615148356,0.55,mild_up,2.0,tp_sys_ok,up,0.75,0.64,0.81,0.39
603119.SH|20240223|201,603119.SH,20240223,EVENT,10.9629,2024,202402,down,3,18.781,15.232364816720768,3.744754967936026,0.33,strong_down,1.8,tp_sys_ok,down,0.65,0.48,0.49,0.59
605060.SH|20240222|288,605060.SH,20240222,EVENT,-0.1365,2024,202402,up,5,30.751,11.5326673398495,-0.8852680803505764,0.53,mild_up,2.0,tp_sys_ok,unknown,0.68,0.64,0.84,0.37
600120.SH|20240208|178,600120.SH,20240208,EVENT,2.8623,2024,202402,down,3,12.246,4.576212254941292,0.4157491359609633,0.3,mild_down,1.6,tp_sys_ok,down,0.38,0.34,0.43,0.6
300801.SZ|20240226|205,300801.SZ,20240226,EVENT,2.431,2024,202402,down,8,27.855,14.182234083110945,-5.947388486465877,0.35,strong_down,1.96,tp_sys_ok,down,0.41,0.63,0.57,0.55
688628.SH|20240222|292,688628.SH,20240222,EVENT,3.7926,2024,202402,up,12,30.205,10.191357572501802,-3.1247202077177905,0.65,mild_up,2.7,tp_sys_ok,up,0.68,0.7,0.88,0.47
603028.SH|20240226|209,603028.SH,20240226,EVENT,5.5648,2024,202402,down,12,45.832,7.76954338991156,-4.781257470714795,0.32,strong_down,1.85,tp_sys_ok,down,0.66,0.7,0.53,0.68
301125.SZ|20240227|213,301125.SZ,20240227,EVENT,17.01,2024,202402,down,12,48.181,27.52436397756597,-14.912673533363186,0.29,strong_down,1.85,tp_sys_ok,down,0.7,0.63,0.56,0.74
600210.SH|20240219|182,600210.SH,20240219,EVENT,0.0792,2024,202402,down,3,15.39,3.4666666666666623,-1.0666666666666713,0.26,strong_down,1.42,tp_sys_ok,down,0.59,0.27,0.33,0.71
688244.SH|20240229|155,688244.SH,20240229,EVENT,5.8818,2024,202402,up,12,45.001,19.062885522879647,1.1045401361315266,0.4,mild_up,1.75,tp_sys_ok,up,0.75,0.41,0.33,0.38
600580.SH|20240228|217,600580.SH,20240228,EVENT,-0.3441,2024,202402,up,2,9.382,2.3553692876401966,-3.4856246011624514,0.5,mild_up,1.91,tp_sys_ok,unknown,0.68,0.62,0.84,0.35
600075.SH|20240220|186,600075.SH,20240220,EVENT,2.7139,2024,202402,down,12,5.8,8.13091753039532,1.5375689004931914,0.31,strong_down,1.94,tp_sys_ok,down,0.71,0.51,0.47,0.61
300378.SZ|20240223|296,300378.SZ,20240223,EVENT,9.2436,2024,202402,down,12,33.195,11.736554238833175,-2.6207839562443103,0.3,strong_down,1.71,tp_sys_ok,down,0.65,0.48,0.44,0.55
300903.SZ|20240222|190,300903.SZ,20240222,EVENT,31.2737,2024,202402,down,12,28.836,60.87689713322091,18.381112984822924,0.3,strong_down,1.71,tp_sys_ok,down,0.73,0.53,0.52,0.53
300405.SZ|20240229|221,300405.SZ,20240229,EVENT,0.7974,2024,202402,down,12,43.052,21.287926165974945,-6.001857221369411,0.31,mild_down,1.7,tp_sys_ok,down,0.45,0.57,0.51,0.72
688069.SH|20240202|159,688069.SH,20240202,EVENT,-12.4038,2024,202402,down,1,12.028,-2.965206313364399,-14.340179507587415,0.26,strong_down,1.78,tp_sys_ok,down,0.44,0.7,0.49,0.72
603596.SH|20240222|194,603596.SH,20240222,EVENT,0.7211,2024,202402,up,10,21.147,12.742712336583484,-2.734190716468732,0.43,mild_up,1.78,tp_sys_ok,unknown,0.6,0.49,0.51,0.35
000869.SZ|20240207|163,000869.SZ,20240207,EVENT,9.3268,2024,202402,down,9,1.894,10.29619181946404,4.043253408556646,0.29,strong_down,1.93,tp_sys_ok,down,0.73,0.6,0.53,0.64
300135.SZ|20240223|198,300135.SZ,20240223,EVENT,5.7779,2024,202402,down,12,37.331,16.98178364845033,-1.1482344815678003,0.27,strong_down,1.88,tp_sys_ok,down,0.67,0.65,0.52,0.73
688143.SH|20240229|225,688143.SH,20240229,EVENT,1.589,2024,202402,down,3,45.016,10.272489454645584,-1.9521943933344166,0.31,strong_down,1.84,tp_sys_ok,down,0.54,0.53,0.49,0.68
600199.SH|20240223|300,600199.SH,20240223,EVENT,7.7539,2024,202402,down,12,23.032,16.598639455782326,-1.7006802721088454,0.32,strong_down,1.89,tp_sys_ok,down,0.75,0.73,0.58,0.6
688195.SH|20240223|202,688195.SH,20240223,EVENT,9.4854,2024,202402,down,12,37.906,14.96369753851603,-4.810814001534725,0.3,strong_down,1.8,tp_sys_ok,down,0.61,0.67,0.52,0.69
688543.SH|20240229|229,688543.SH,20240229,EVENT,8.3346,2024,202402,down,12,28.611,14.04664264114992,1.8764757052317727,0.35,strong_down,1.87,tp_sys_ok,down,0.57,0.55,0.52,0.59
688519.SH|20240223|304,688519.SH,20240223,EVENT,11.8278,2024,202402,down,12,39.358,14.703750744480072,1.368886592661167,0.33,strong_down,1.89,tp_sys_ok,down,0.64,0.7,0.5,0.6
300997.SZ|20240202|233,300997.SZ,20240202,EVENT,-7.4224,2024,202402,down,1,7.037,7.966011683483809,-11.8605062842981,0.33,strong_down,1.87,tp_sys_ok,down,0.69,0.41,0.49,0.59
300828.SZ|20240226|206,300828.SZ,20240226,EVENT,11.337,2024,202402,down,12,42.638,14.467052454732121,-8.306888183684901,0.32,strong_down,1.74,tp_sys_ok,down,0.66,0.55,0.55,0.61
300128.SZ|20240207|167,300128.SZ,20240207,EVENT,20.3522,2024,202402,down,9,6.663,29.471510686980285,8.54400357162788,0.31,strong_down,1.98,tp_sys_ok,down,0.67,0.49,0.51,0.71
603629.SH|20240226|210,603629.SH,20240226,EVENT,10.9389,2024,202402,down,12,38.149,19.585239020111512,-4.0348349100933545,0.32,strong_down,1.85,tp_sys_ok,down,0.6,0.71,0.52,0.59
600884.SH|20240207|171,600884.SH,20240207,EVENT,4.7077,2024,202402,down,12,3.184,10.999085121081432,1.8502959353236648,0.29,strong_down,1.95,tp_sys_ok,down,0.73,0.47,0.45,0.71
002506.SZ|20240207|237,002506.SZ,20240207,EVENT,13.4187,2024,202402,down,12,0.229,17.521367521367527,5.55555555555558,0.34,strong_down,1.83,tp_sys_ok,down,0.45,0.56,0.64,0.7
300448.SZ|20240226|308,300448.SZ,20240226,EVENT,9.8248,2024,202402,down,12,39.406,14.987283260077945,-7.975230436312719,0.3,strong_down,1.65,tp_sys_ok,down,0.62,0.53,0.57,0.63
300285.SZ|20240208|175,300285.SZ,20240208,EVENT,-2.7736,2024,202402,up,2,13.206,2.7962645706292477,-4.909755361935431,0.52,mild_up,1.94,tp_sys_ok,up,0.71,0.66,0.82,0.35
301158.SZ|20240227|214,301158.SZ,20240227,EVENT,3.2037,2024,202402,down,12,34.939,5.9610431580699785,-7.890713664709148,0.33,strong_down,1.71,tp_sys_ok,down,0.7,0.57,0.62,0.61
002683.SZ|20240208|241,002683.SZ,20240208,EVENT,0.4322,2024,202402,down,4,11.253,3.7261588985726846,-2.3998989516230806,0.35,strong_down,1.93,tp_sys_ok,down,0.72,0.57,0.56,0.46
300912.SZ|20240226|312,300912.SZ,20240226,EVENT,3.4177,2024,202402,down,12,39.969,10.070257611241207,-9.055425448868071,0.33,strong_down,1.74,tp_sys_ok,down,0.71,0.63,0.59,0.55
002635.SZ|20240219|179,002635.SZ,20240219,EVENT,10.3078,2024,202402,down,12,9.314,14.051701222753854,-2.229532163742687,0.32,strong_down,1.64,tp_sys_ok,down,0.49,0.47,0.47,0.6
300233.SZ|20240208|245,300233.SZ,20240208,EVENT,17.7355,2024,202402,down,11,3.812,21.411387329591026,2.4057738572573983,0.28,strong_down,1.82,tp_sys_ok,down,0.63,0.46,0.44,0.65
301389.SZ|20240226|316,301389.SZ,20240226,EVENT,12.9871,2024,202402,down,12,37.083,23.540100768150673,-5.946972825638053,0.34,strong_down,1.67,tp_sys_ok,down,0.6,0.53,0.59,0.55
300664.SZ|20240219|249,300664.SZ,20240219,EVENT,-2.852,2024,202402,down,1,0.385,-2.457064928460806,-4.537364491597895,0.27,strong_down,1.59,tp_sys_ok,down,0.75,0.48,0.54,0.69
300395.SZ|20240220|253,300395.SZ,20240220,EVENT,7.8138,2024,202402,down,12,25.946,12.345354116555995,-1.0475723245102486,0.3,strong_down,1.92,tp_sys_ok,down,0.79,0.56,0.5,0.48
603017.SH|20240226|320,603017.SH,20240226,EVENT,-0.3196,2024,202402,down,12,28.315,4.596258442412293,-7.756061602215447,0.32,strong_down,1.85,tp_sys_ok,down,0.5,0.64,0.56,0.54
688383.SH|20240226|324,688383.SH,20240226,EVENT,3.7165,2024,202402,down,12,27.919,10.696372948328325,-6.7332019257680065,0.29,strong_down,1.7,tp_sys_ok,down,0.58,0.52,0.45,0.7
002402.SZ|20240221|257,002402.SZ,20240221,EVENT,4.3347,2024,202402,down,12,28.486,11.589402207251176,0.7433959379039567,0.34,strong_down,1.87,tp_sys_ok,down,0.55,0.59,0.57,0.6
603039.SH|20240219|183,603039.SH,20240219,EVENT,2.6034,2024,202402,down,12,11.479,9.805767360130524,-7.555932097022189,0.32,strong_down,1.85,tp_sys_ok,down,0.48,0.57,0.51,0.58
300656.SZ|20240221|261,300656.SZ,20240221,EVENT,1.7421,2024,202402,down,6,22.571,10.512073702257752,-2.0367271901014283,0.28,strong_down,1.76,tp_sys_ok,down,0.62,0.5,0.53,0.65
301150.SZ|20240221|187,301150.SZ,20240221,EVENT,3.7442,2024,202402,up,12,38.992,5.840829666766756,-12.045922386292919,0.54,mild_up,2.03,tp_sys_ok,unknown,0.68,0.56,0.8,0.35
300686.SZ|20240227|328,300686.SZ,20240227,EVENT,17.1515,2024,202402,down,12,46.618,33.739630946334856,-12.109926076406518,0.31,strong_down,1.81,tp_sys_ok,down,0.71,0.68,0.54,0.68
301335.SZ|20240221|265,301335.SZ,20240221,EVENT,10.3673,2024,202402,down,12,20.517,21.294049865478428,2.06724492438779,0.32,strong_down,1.78,tp_sys_ok,down,0.75,0.6,0.56,0.61
688133.SH|20240227|332,688133.SH,20240227,EVENT,-0.4033,2024,202402,down,12,31.126,9.915641382440189,-7.1863331030823545,0.28,strong_down,1.82,tp_sys_ok,down,0.68,0.65,0.51,0.71
300447.SZ|20240228|336,300447.SZ,20240228,EVENT,2.8389,2024,202402,down,12,35.872,7.137155407125495,-9.345483886278405,0.32,strong_down,1.83,tp_sys_ok,down,0.59,0.52,0.45,0.66
603324.SH|20240221|269,603324.SH,20240221,EVENT,4.288,2024,202402,down,12,25.571,16.76948574499273,0.12157391667533268,0.32,mild_down,1.82,tp_sys_ok,down,0.38,0.67,0.61,0.66
605018.SH|20240228|340,605018.SH,20240228,EVENT,-1.6595,2024,202402,down,12,33.719,0.6513154275408661,-10.949418408570665,0.33,strong_down,1.77,tp_sys_ok,down,0.63,0.6,0.58,0.6
301225.SZ|20240222|191,301225.SZ,20240222,EVENT,15.6263,2024,202402,down,12,30.318,22.98400816604287,-0.5273902687989107,0.28,strong_down,1.82,tp_sys_ok,down,0.58,0.65,0.56,0.72
688435.SH|20240221|273,688435.SH,20240221,EVENT,23.8779,2024,202402,down,12,29.038,27.925407925407917,2.595182595182588,0.33,strong_down,1.83,tp_sys_ok,down,0.7,0.62,0.61,0.48
688593.SH|20240222|195,688593.SH,20240222,EVENT,5.9818,2024,202402,down,12,25.537,16.398514851485157,-1.753300330033003,0.3,strong_down,1.67,tp_sys_ok,down,0.86,0.56,0.52,0.61
300915.SZ|20240223|199,300915.SZ,20240223,EVENT,-1.0384,2024,202402,down,12,26.7,6.656185779211787,-5.655567998868594,0.32,strong_down,1.97,tp_sys_ok,down,0.55,0.7,0.59,0.61
003019.SZ|20240222|277,003019.SZ,20240222,EVENT,5.7335,2024,202402,down,12,27.785,14.16192227116344,0.6652740497143705,0.33,strong_down,1.92,tp_sys_ok,down,0.58,0.61,0.53,0.51
300978.SZ|20240222|281,300978.SZ,20240222,EVENT,10.3234,2024,202402,down,12,28.341,18.87583316154746,3.4151034151034043,0.24,strong_down,1.73,tp_sys_ok,down,0.74,0.64,0.44,0.72
600986.SH|20240222|285,600986.SH,20240222,EVENT,9.2804,2024,202402,down,4,30.028,10.944206008583679,0.8583690987124415,0.32,strong_down,1.95,tp_sys_ok,down,0.57,0.54,0.51,0.55
300597.SZ|20240226|203,300597.SZ,20240226,EVENT,2.8111,2024,202402,down,12,32.271,7.493950706187791,-6.439428427956151,0.37,strong_down,1.8,tp_sys_ok,down,0.65,0.62,0.64,0.59
002769.SZ|20240229|344,002769.SZ,20240229,EVENT,7.8543,2024,202402,down,12,34.603,11.989459815546777,2.0726196041764178,0.33,strong_down,1.69,tp_sys_ok,down,0.71,0.56,0.57,0.61
688173.SH|20240222|289,688173.SH,20240222,EVENT,36.2719,2024,202402,down,12,33.423,59.8721023181455,0.19257321415595552,0.33,strong_down,1.76,tp_sys_ok,down,0.71,0.63,0.52,0.56
301130.SZ|20240229|348,301130.SZ,20240229,EVENT,17.5159,2024,202402,down,12,27.77,23.229262160240793,8.187787272378921,0.27,strong_down,1.83,tp_sys_ok,down,0.75,0.62,0.53,0.77
688699.SH|20240222|293,688699.SH,20240222,EVENT,10.1437,2024,202402,down,12,29.435,18.037199376912284,1.4934029288096173,0.24,strong_down,1.68,tp_sys_ok,down,0.74,0.59,0.49,0.68
688362.SH|20240229|352,688362.SH,20240229,EVENT,9.4656,2024,202402,down,12,29.609,19.67049425861207,6.739890164752849,0.3,strong_down,1.83,tp_sys_ok,down,0.82,0.68,0.54,0.7
300897.SZ|20240223|297,300897.SZ,20240223,EVENT,10.8715,2024,202402,down,12,33.593,16.196273401513572,-2.2287755912210216,0.33,strong_down,1.83,tp_sys_ok,down,0.56,0.66,0.59,0.56
688018.SH|20240201|356,688018.SH,20240201,EVENT,-3.0171,2024,202402,down,1,2.623,4.52644526445265,-6.371463714637137,0.3,strong_down,1.99,tp_sys_ok,down,0.74,0.62,0.57,0.62
600543.SH|20240223|301,600543.SH,20240223,EVENT,8.0321,2024,202402,down,12,26.682,10.210633466447415,-2.513507164669959,0.31,strong_down,1.7,tp_sys_ok,down,0.55,0.55,0.58,0.51
301116.SZ|20240226|207,301116.SZ,20240226,EVENT,3.793,2024,202402,down,12,29.09,8.717571683646685,-4.936456254595112,0.33,strong_down,1.66,tp_sys_ok,down,0.67,0.54,0.65,0.59
000404.SZ|20240202|360,000404.SZ,20240202,EVENT,-5.0578,2024,202402,down,1,0.68,-4.430724102855244,-15.312374328767763,0.29,strong_down,1.86,tp_sys_ok,down,0.65,0.53,0.57,0.61
601003.SH|20240202|364,601003.SH,20240202,EVENT,-5.8255,2024,202402,down,1,5.437,-1.9071582248477603,-9.929621120956856,0.29,strong_down,1.78,tp_sys_ok,down,0.67,0.58,0.53,0.69
688528.SH|20240223|305,688528.SH,20240223,EVENT,9.0848,2024,202402,down,12,37.244,17.163120567375877,-4.964539007092195,0.31,strong_down,1.85,tp_sys_ok,down,0.69,0.68,0.53,0.7
002796.SZ|20240227|211,002796.SZ,20240227,EVENT,6.9634,2024,202402,down,12,42.565,15.550510783200888,-10.102156640181615,0.32,strong_down,1.76,tp_sys_ok,down,0.65,0.62,0.65,0.68
001289.SZ|20240207|368,001289.SZ,20240207,EVENT,1.0263,2024,202402,down,11,7.792,6.049883119946831,-4.726672242595809,0.29,mild_down,1.91,tp_sys_ok,down,0.6,0.62,0.58,0.67
688455.SH|20240227|215,688455.SH,20240227,EVENT,-2.5793,2024,202402,down,12,30.363,2.1080368906456037,-10.268694853675076,0.27,strong_down,1.74,tp_sys_ok,down,0.69,0.65,0.5,0.71
002436.SZ|20240229|219,002436.SZ,20240229,EVENT,8.9926,2024,202402,up,12,35.481,17.35238564506856,6.676521310667649,0.63,mild_up,2.71,tp_sys_ok,unknown,0.74,0.71,0.87,0.37
300629.SZ|20240226|309,300629.SZ,20240226,EVENT,12.1887,2024,202402,down,12,29.009,13.916092113255395,-3.193226367531854,0.39,strong_down,2.05,tp_sys_ok,down,0.47,0.62,0.59,0.58
301033.SZ|20240226|313,301033.SZ,20240226,EVENT,3.387,2024,202402,down,12,36.296,8.24864722185561,-11.152171043948789,0.31,strong_down,1.7,tp_sys_ok,down,0.57,0.57,0.62,0.59
688147.SH|20240207|372,688147.SH,20240207,EVENT,12.7877,2024,202402,down,7,8.489,15.587401350144559,1.4773221748459742,0.33,strong_down,1.9,tp_sys_ok,down,0.51,0.7,0.61,0.53
300985.SZ|20240229|223,300985.SZ,20240229,EVENT,12.0101,2024,202402,down,12,31.535,24.60088086865031,5.490156149241177,0.3,strong_down,1.78,tp_sys_ok,down,0.72,0.62,0.57,0.73
601003.SH|20240208|376,601003.SH,20240208,EVENT,9.4579,2024,202402,down,12,0.656,15.660421003932456,3.7088441668594374,0.27,strong_down,1.74,tp_sys_ok,down,0.74,0.55,0.43,0.75
688383.SH|20240229|227,688383.SH,20240229,EVENT,9.5067,2024,202402,down,12,23.811,16.006298402904974,-1.5093808456316582,0.29,strong_down,1.85,tp_sys_ok,down,0.63,0.59,0.45,0.66
600232.SH|20240226|317,600232.SH,20240226,EVENT,13.1653,2024,202402,down,12,34.891,14.320388349514568,-13.349514563106801,0.33,strong_down,1.68,tp_sys_ok,down,0.69,0.52,0.56,0.56
300981.SZ|20240229|222,300981.SZ,20240229,EVENT,7.3386,2024,202402,up,12,30.916,13.086294701893596,0.08722320700038644,0.43,mild_up,1.76,tp_sys_ok,up,0.7,0.37,0.48,0.46
002252.SZ|20240219|380,002252.SZ,20240219,EVENT,4.8659,2024,202402,down,12,6.205,8.193693099353494,0.8634970899121797,0.32,strong_down,1.87,tp_sys_ok,down,0.4,0.52,0.57,0.62
688320.SH|20240229|226,688320.SH,20240229,EVENT,15.3648,2024,202402,down,12,33.446,20.781001074432236,2.761526569462558,0.29,strong_down,1.88,tp_sys_ok,down,0.8,0.54,0.46,0.65
300702.SZ|20240201|231,300702.SZ,20240201,EVENT,-1.551,2024,202402,down,1,1.154,2.735715914483472,-7.309827993171492,0.34,strong_down,2.12,tp_sys_ok,down,0.74,0.61,0.7,0.45
002373.SZ|20240201|230,002373.SZ,20240201,EVENT,-2.5872,2024,202402,down,1,2.192,1.5907523150567426,-8.744840913155471,0.34,strong_down,1.69,tp_sys_ok,down,0.76,0.56,0.58,0.53
603321.SH|20240226|321,603321.SH,20240226,EVENT,4.1251,2024,202402,down,12,33.525,11.92275398824516,-2.686817800167929,0.33,strong_down,1.86,tp_sys_ok,down,0.54,0.68,0.54,0.59
688383.SH|20240202|235,688383.SH,20240202,EVENT,-10.6011,2024,202402,down,1,10.222,-6.9283741870243,-21.052674213078394,0.29,strong_down,1.77,tp_sys_ok,down,0.59,0.66,0.48,0.66
000544.SZ|20240220|384,000544.SZ,20240220,EVENT,0.9345,2024,202402,down,12,13.216,4.115589552482768,-3.4029616553888364,0.35,strong_down,1.76,tp_sys_ok,down,0.38,0.51,0.57,0.63
688478.SH|20240226|325,688478.SH,20240226,EVENT,-0.5297,2024,202402,down,12,36.157,7.766152807638393,-6.031016264125699,0.29,strong_down,1.8,tp_sys_ok,down,0.48,0.69,0.45,0.68
002092.SZ|20240221|388,002092.SZ,20240221,EVENT,-0.1824,2024,202402,down,12,20.826,4.575163398692816,-1.5646662705486203,0.27,strong_down,1.68,tp_sys_ok,down,0.77,0.45,0.42,0.68
301123.SZ|20240227|329,301123.SZ,20240227,EVENT,2.6704,2024,202402,down,12,36.925,6.152710268873429,-9.106011197932695,0.29,strong_down,1.89,tp_sys_ok,down,0.63,0.68,0.61,0.72
002664.SZ|20240221|392,002664.SZ,20240221,EVENT,13.4636,2024,202402,down,12,27.303,19.108763176559783,0.8470499995923753,0.29,strong_down,1.91,tp_sys_ok,down,0.71,0.66,0.6,0.65
002274.SZ|20240208|239,002274.SZ,20240208,EVENT,10.6907,2024,202402,down,10,6.175,16.405135520684745,0.8559201141226991,0.37,strong_down,1.91,tp_sys_ok,down,0.43,0.5,0.58,0.45
600643.SH|20240221|396,600643.SH,20240221,EVENT,-1.5832,2024,202402,down,12,19.647,6.2801932367149815,-2.0641194554237963,0.34,mild_down,1.99,tp_sys_ok,down,0.47,0.56,0.54,0.64
600989.SH|20240202|234,600989.SH,20240202,EVENT,-1.4112,2024,202402,down,1,0.333,1.0944166202930816,-3.4586263300787623,0.33,strong_down,1.86,tp_sys_ok,down,0.69,0.57,0.53,0.66
688333.SH|20240207|238,688333.SH,20240207,EVENT,16.243,2024,202402,down,12,1.685,21.366675899180933,3.2228069481264443,0.32,strong_down,1.85,tp_sys_ok,down,0.49,0.64,0.56,0.72
002895.SZ|20240208|242,002895.SZ,20240208,EVENT,10.8289,2024,202402,down,12,7.972,13.343217197924373,-0.41182769129396446,0.32,strong_down,1.79,tp_sys_ok,down,0.46,0.5,0.46,0.65
603339.SH|20240221|400,603339.SH,20240221,EVENT,10.2222,2024,202402,down,12,24.146,15.001055055550982,1.4688208148698756,0.34,strong_down,1.83,tp_sys_ok,down,0.57,0.64,0.57,0.67
688105.SH|20240221|404,688105.SH,20240221,EVENT,-1.905,2024,202402,down,12,31.592,12.043346992198245,-2.4681382554936127,0.31,strong_down,1.88,tp_sys_ok,down,0.77,0.67,0.47,0.67
600536.SH|20240208|246,600536.SH,20240208,EVENT,22.2589,2024,202402,down,12,9.095,30.402659770964146,2.2903583302549047,0.3,strong_down,1.68,tp_sys_ok,down,0.74,0.38,0.42,0.59
603416.SH|20240219|250,603416.SH,20240219,EVENT,-1.0686,2024,202402,down,1,0.556,4.732984293193709,-2.4712041884816793,0.3,strong_down,1.79,tp_sys_ok,down,0.7,0.61,0.52,0.68
301370.SZ|20240220|254,301370.SZ,20240220,EVENT,6.2487,2024,202402,down,12,2.431,14.206597640260043,-2.0868448511116466,0.29,strong_down,1.68,tp_sys_ok,down,0.71,0.5,0.58,0.59
001360.SZ|20240228|333,001360.SZ,20240228,EVENT,-2.1919,2024,202402,down,12,31.915,1.5137126248237376,-7.623240956574284,0.31,strong_down,1.93,tp_sys_ok,down,0.7,0.73,0.6,0.67
688531.SH|20240221|408,688531.SH,20240221,EVENT,5.523,2024,202402,down,12,23.395,18.177370371117018,2.5428357769093246,0.28,strong_down,1.74,tp_sys_ok,down,0.8,0.59,0.5,0.72
002457.SZ|20240221|258,002457.SZ,20240221,EVENT,0.3094,2024,202402,down,5,30.038,12.42213663195506,-1.9787654622893336,0.33,strong_down,1.61,tp_sys_ok,down,0.64,0.45,0.48,0.66
301063.SZ|20240221|262,301063.SZ,20240221,EVENT,20.6775,2024,202402,down,12,29.569,24.294786589868565,1.624575395067196,0.28,strong_down,1.81,tp_sys_ok,down,0.88,0.63,0.43,0.58
300538.SZ|20240228|337,300538.SZ,20240228,EVENT,1.0742,2024,202402,down,3,41.87,6.249626932489694,-14.177891853532042,0.32,strong_down,1.83,tp_sys_ok,down,0.53,0.52,0.53,0.48
300435.SZ|20240222|412,300435.SZ,20240222,EVENT,12.5059,2024,202402,down,6,18.964,17.04884494075527,-0.2557326741113197,0.33,strong_down,1.84,tp_sys_ok,down,0.45,0.52,0.48,0.58
688317.SH|20240228|341,688317.SH,20240228,EVENT,-5.7835,2024,202402,up,12,29.93,-0.04753485644649613,-10.036318040506275,0.65,mild_up,2.6,tp_sys_ok,up,0.71,0.6,0.88,0.43
002899.SZ|20240229|345,002899.SZ,20240229,EVENT,16.5072,2024,202402,down,12,27.943,22.516676446405693,1.2756142870924192,0.3,strong_down,1.8,tp_sys_ok,down,0.76,0.66,0.59,0.7
301362.SZ|20240229|349,301362.SZ,20240229,EVENT,12.3873,2024,202402,down,12,28.599,15.298565435807143,4.0809984981097,0.29,strong_down,1.9,tp_sys_ok,down,0.72,0.64,0.48,0.72
600212.SH|20240221|266,600212.SH,20240221,EVENT,13.5845,2024,202402,down,12,27.799,21.884342549841662,-0.9358028622477033,0.33,mild_down,1.86,tp_sys_ok,down,0.38,0.7,0.54,0.73
688536.SH|20240229|353,688536.SH,20240229,EVENT,2.4739,2024,202402,down,5,26.59,9.645294139914995,-0.8450059109168184,0.3,strong_down,1.76,tp_sys_ok,down,0.78,0.64,0.49,0.65
688237.SH|20240221|270,688237.SH,20240221,EVENT,7.8564,2024,202402,down,12,33.947,21.914834312813312,2.9729867662242393,0.32,strong_down,1.75,tp_sys_ok,down,0.81,0.64,0.53,0.48
300985.SZ|20240222|416,300985.SZ,20240222,EVENT,11.9806,2024,202402,down,12,29.206,28.933085873444252,2.285221835903828,0.31,strong_down,1.9,tp_sys_ok,down,0.69,0.69,0.54,0.7
688069.SH|20240201|357,688069.SH,20240201,EVENT,-8.9829,2024,202402,down,2,8.6,7.910321711816581,-11.280368433158284,0.3,strong_down,1.9,tp_sys_ok,down,0.38,0.76,0.56,0.67
688478.SH|20240221|274,688478.SH,20240221,EVENT,3.91,2024,202402,down,12,30.445,17.988686768812844,-0.6752733115358178,0.28,strong_down,1.79,tp_sys_ok,down,0.53,0.67,0.49,0.63
301071.SZ|20240202|361,301071.SZ,20240202,EVENT,-4.3499,2024,202402,down,1,1.149,-3.190574975603766,-13.207571556899767,0.26,strong_down,1.74,tp_sys_ok,down,0.77,0.58,0.48,0.61
300162.SZ|20240222|278,300162.SZ,20240222,EVENT,11.4617,2024,202402,down,12,31.082,20.491803278688515,3.4836065573770503,0.29,strong_down,1.78,tp_sys_ok,down,0.59,0.6,0.46,0.66
300129.SZ|20240205|365,300129.SZ,20240205,EVENT,-8.9925,2024,202402,down,1,7.195,2.2758917495759423,-14.432546011493386,0.31,strong_down,1.98,tp_sys_ok,down,0.55,0.53,0.51,0.69
301366.SZ|20240222|420,301366.SZ,20240222,EVENT,25.691,2024,202402,down,12,27.57,26.412354804646256,6.612988384371699,0.31,strong_down,1.7,tp_sys_ok,down,0.68,0.58,0.59,0.6
600022.SH|20240207|369,600022.SH,20240207,EVENT,4.6658,2024,202402,down,2,6.981,12.12121212121211,3.7878787878787845,0.29,strong_down,1.59,tp_sys_ok,down,0.61,0.26,0.31,0.53
301065.SZ|20240222|282,301065.SZ,20240222,EVENT,6.8142,2024,202402,down,12,27.711,19.68883381522786,0.8261049153242439,0.32,strong_down,1.81,tp_sys_ok,down,0.51,0.6,0.59,0.53
000818.SZ|20240219|247,000818.SZ,20240219,EVENT,0.715,2024,202402,down,7,17.603,7.978723404255317,-7.765957446808502,0.3,strong_down,1.57,tp_sys_ok,down,0.76,0.38,0.42,0.58
002424.SZ|20240208|373,002424.SZ,20240208,EVENT,5.0511,2024,202402,down,12,1.372,10.174029451137901,-1.338688085676032,0.34,strong_down,1.76,tp_sys_ok,down,0.47,0.55,0.64,0.54
603755.SH|20240222|424,603755.SH,20240222,EVENT,-7.1076,2024,202402,down,12,34.385,5.680008592629959,-8.277826292928781,0.32,strong_down,1.73,tp_sys_ok,down,0.72,0.6,0.59,0.62
688138.SH|20240222|428,688138.SH,20240222,EVENT,14.1832,2024,202402,down,12,29.055,16.912029480335498,0.4844174243081367,0.34,strong_down,1.85,tp_sys_ok,down,0.66,0.63,0.59,0.59
605183.SH|20240219|251,605183.SH,20240219,EVENT,6.4054,2024,202402,down,12,3.241,12.381710444857163,2.211019722295915,0.29,strong_down,1.69,tp_sys_ok,down,0.68,0.53,0.48,0.7
603558.SH|20240208|377,603558.SH,20240208,EVENT,8.8663,2024,202402,down,12,9.015,15.935767264347977,1.2719548040351691,0.34,strong_down,1.87,tp_sys_ok,down,0.48,0.57,0.47,0.56
603067.SH|20240220|255,603067.SH,20240220,EVENT,2.7161,2024,202402,down,11,2.935,11.666072698194863,-0.7806696063673457,0.36,strong_down,2.01,tp_sys_ok,down,0.43,0.55,0.55,0.7
603008.SH|20240222|286,603008.SH,20240222,EVENT,11.5673,2024,202402,down,12,21.996,14.09996291205793,-0.6624924551490441,0.34,strong_down,1.9,tp_sys_ok,down,0.48,0.75,0.63,0.73
688432.SH|20240222|290,688432.SH,20240222,EVENT,8.6383,2024,202402,down,12,23.322,12.329514457174051,0.4364429896345001,0.34,strong_down,1.83,tp_sys_ok,down,0.7,0.65,0.65,0.57
002627.SZ|20240219|381,002627.SZ,20240219,EVENT,4.1222,2024,202402,down,12,2.492,9.288627095604895,-1.1327594019030274,0.33,strong_down,1.61,tp_sys_ok,down,0.55,0.48,0.65,0.56
688616.SH|20240222|432,688616.SH,20240222,EVENT,6.4024,2024,202402,down,12,36.206,16.224625870499352,-1.4965180026670577,0.31,strong_down,1.77,tp_sys_ok,down,0.65,0.64,0.49,0.7
002687.SZ|20240220|385,002687.SZ,20240220,EVENT,11.9759,2024,202402,down,12,0.745,14.490639949835483,0.7752484153321193,0.27,strong_down,1.83,tp_sys_ok,down,0.68,0.68,0.61,0.74
002910.SZ|20240223|294,002910.SZ,20240223,EVENT,1.2663,2024,202402,down,12,29.932,12.878128543924895,-3.7371100034285454,0.32,strong_down,1.83,tp_sys_ok,down,0.53,0.62,0.53,0.59
301068.SZ|20240223|298,301068.SZ,20240223,EVENT,3.7606,2024,202402,down,3,42.481,14.444803360012726,-4.176580829545362,0.31,strong_down,1.88,tp_sys_ok,down,0.51,0.61,0.44,0.62
002117.SZ|20240221|389,002117.SZ,20240221,EVENT,0.5545,2024,202402,down,6,30.115,6.801346801346808,-1.8181818181818188,0.32,strong_down,1.85,tp_sys_ok,down,0.48,0.57,0.47,0.64
300463.SZ|20240221|393,300463.SZ,20240221,EVENT,0.1939,2024,202402,down,12,22.801,7.653863306251685,-0.401698477831014,0.34,strong_down,1.89,tp_sys_ok,down,0.64,0.54,0.54,0.47
600645.SH|20240221|397,600645.SH,20240221,EVENT,1.997,2024,202402,down,12,21.471,9.042839161812232,1.5793501704584934,0.31,strong_down,1.7,tp_sys_ok,down,0.69,0.57,0.61,0.57
688005.SH|20240221|401,688005.SH,20240221,EVENT,-3.8989,2024,202402,down,12,24.335,10.49159882139572,-5.200331086963395,0.3,strong_down,1.81,tp_sys_ok,down,0.71,0.68,0.51,0.68
688239.SH|20240221|405,688239.SH,20240221,EVENT,4.497,2024,202402,down,12,24.63,16.466701949797603,2.0095199713850542,0.29,strong_down,1.83,tp_sys_ok,down,0.74,0.72,0.49,0.67
002117.SZ|20240222|409,002117.SZ,20240222,EVENT,1.2307,2024,202402,down,5,29.806,7.5181343637719555,-1.159243441122637,0.3,strong_down,1.79,tp_sys_ok,down,0.47,0.54,0.51,0.59
603356.SH|20240223|302,603356.SH,20240223,EVENT,14.9893,2024,202402,down,12,32.987,23.636363636363633,-6.493506493506496,0.36,strong_down,1.77,tp_sys_ok,down,0.59,0.61,0.62,0.49
300232.SZ|20240226|306,300232.SZ,20240226,EVENT,-0.7622,2024,202402,up,12,32.291,6.350514205499103,-5.703561292685166,0.52,mild_up,2.0,tp_sys_ok,up,0.56,0.52,0.82,0.4
300745.SZ|20240223|436,300745.SZ,20240223,EVENT,6.1491,2024,202402,down,12,33.497,12.787436904094228,-3.7577117218171474,0.31,strong_down,1.71,tp_sys_ok,down,0.76,0.55,0.56,0.57
301097.SZ|20240223|440,301097.SZ,20240223,EVENT,11.2736,2024,202402,down,12,28.843,16.066481994459835,-2.649135812102521,0.34,strong_down,1.82,tp_sys_ok,down,0.69,0.61,0.6,0.63
300688.SZ|20240226|310,300688.SZ,20240226,EVENT,1.4699,2024,202402,down,2,37.681,9.707801555519314,-4.587030359404287,0.35,strong_down,2.04,tp_sys_ok,down,0.44,0.66,0.55,0.66
301059.SZ|20240226|314,301059.SZ,20240226,EVENT,6.178,2024,202402,down,12,39.215,10.252654705236175,-7.567435615769547,0.36,strong_down,1.82,tp_sys_ok,down,0.67,0.61,0.64,0.48
600525.SH|20240226|318,600525.SH,20240226,EVENT,2.8664,2024,202402,up,2,23.109,12.045454545454536,-1.8181818181818188,0.55,mild_up,1.95,tp_sys_ok,up,0.73,0.57,0.8,0.38
301279.SZ|20240223|444,301279.SZ,20240223,EVENT,6.7496,2024,202402,down,12,34.653,18.3083396267127,-2.3087711727262983,0.31,strong_down,1.79,tp_sys_ok,down,0.68,0.58,0.55,0.63
603687.SH|20240226|322,603687.SH,20240226,EVENT,7.3328,2024,202402,down,12,31.215,9.432563817496131,-4.340640067538248,0.36,strong_down,1.84,tp_sys_ok,down,0.55,0.59,0.57,0.55
601615.SH|20240223|448,601615.SH,20240223,EVENT,8.7056,2024,202402,down,12,23.384,10.362694300518127,0.3379139445821133,0.36,strong_down,1.86,tp_sys_ok,down,0.64,0.66,0.64,0.46
603822.SH|20240223|452,603822.SH,20240223,EVENT,3.9046,2024,202402,down,12,24.877,11.77186929165821,-4.110006088897899,0.31,strong_down,1.9,tp_sys_ok,down,0.63,0.7,0.5,0.59
300700.SZ|20240222|413,300700.SZ,20240222,EVENT,16.3241,2024,202402,down,12,28.488,25.723028744902553,2.389427209252726,0.28,strong_down,1.82,tp_sys_ok,down,0.54,0.7,0.45,0.65
688485.SH|20240223|456,688485.SH,20240223,EVENT,4.5747,2024,202402,down,12,24.911,12.516614975631368,-3.6552946389011964,0.32,strong_down,1.77,tp_sys_ok,down,0.8,0.66,0.51,0.5
300997.SZ|20240222|417,300997.SZ,20240222,EVENT,5.1694,2024,202402,up,8,29.172,8.867689436033599,-2.517795834195269,0.63,mild_up,2.31,tp_sys_ok,up,0.48,0.5,0.85,0.52
001313.SZ|20240226|460,001313.SZ,20240226,EVENT,2.1937,2024,202402,down,12,34.134,4.716893707719394,-9.713120722295033,0.29,strong_down,1.72,tp_sys_ok,down,0.47,0.51,0.43,0.61
600826.SH|20240222|421,600826.SH,20240222,EVENT,2.6675,2024,202402,down,12,34.66,12.263165034112667,-2.1422853463708313,0.31,mild_down,1.66,tp_sys_ok,down,0.39,0.49,0.42,0.71
002683.SZ|20240226|464,002683.SZ,20240226,EVENT,2.7049,2024,202402,down,2,30.848,6.953763572038563,-0.3049896303525479,0.33,strong_down,1.77,tp_sys_ok,down,0.6,0.57,0.48,0.55
002820.SZ|20240221|259,002820.SZ,20240221,EVENT,8.869,2024,202402,down,12,19.252,18.243151558573388,2.6384207469645427,0.33,strong_down,1.78,tp_sys_ok,down,0.62,0.61,0.58,0.65
603798.SH|20240222|425,603798.SH,20240222,EVENT,32.489,2024,202402,down,12,23.943,67.40303747684335,4.52667603482253,0.3,strong_down,1.85,tp_sys_ok,down,0.49,0.67,0.55,0.67
688237.SH|20240222|429,688237.SH,20240222,EVENT,3.3964,2024,202402,down,12,37.388,15.67691294804785,-2.2957518394044474,0.32,strong_down,1.76,tp_sys_ok,down,0.77,0.63,0.54,0.59
301206.SZ|20240221|263,301206.SZ,20240221,EVENT,-2.8978,2024,202402,down,12,18.957,8.31359540859815,-3.5199145028908863,0.31,strong_down,1.79,tp_sys_ok,down,0.74,0.61,0.56,0.67
001336.SZ|20240223|433,001336.SZ,20240223,EVENT,5.0049,2024,202402,down,12,25.932,11.551653607728362,-6.594501610077952,0.31,strong_down,1.87,tp_sys_ok,down,0.65,0.66,0.53,0.53
300158.SZ|20240226|468,300158.SZ,20240226,EVENT,-0.1687,2024,202402,up,3,31.422,9.39433864335053,-3.3816425120772875,0.65,mild_up,2.71,tp_sys_ok,up,0.73,0.71,0.84,0.41
603111.SH|20240221|267,603111.SH,20240221,EVENT,27.3513,2024,202402,down,3,26.811,32.388978542824695,10.224533301456384,0.36,strong_down,1.93,tp_sys_ok,down,0.53,0.71,0.6,0.66
688255.SH|20240221|271,688255.SH,20240221,EVENT,21.0842,2024,202402,down,12,30.032,32.882220260861025,4.04246863112474,0.3,strong_down,1.77,tp_sys_ok,down,0.7,0.65,0.59,0.59
301336.SZ|20240226|472,301336.SZ,20240226,EVENT,0.0304,2024,202402,down,12,38.957,6.703460500342406,-11.859968577528901,0.32,strong_down,1.77,tp_sys_ok,down,0.52,0.61,0.56,0.58
688498.SH|20240221|275,688498.SH,20240221,EVENT,20.8127,2024,202402,down,7,42.813,27.160074568292902,-1.8626455510674544,0.32,strong_down,1.91,tp_sys_ok,down,0.51,0.73,0.55,0.64
300642.SZ|20240222|279,300642.SZ,20240222,EVENT,1.7279,2024,202402,down,12,27.607,12.0687237307626,-1.7144871964388075,0.33,strong_down,1.59,tp_sys_ok,down,0.7,0.47,0.6,0.67
688138.SH|20240226|476,688138.SH,20240226,EVENT,7.7474,2024,202402,down,12,33.568,11.600785661674418,-6.137981831573791,0.36,strong_down,1.97,tp_sys_ok,down,0.57,0.57,0.54,0.53
301280.SZ|20240222|283,301280.SZ,20240222,EVENT,25.5601,2024,202402,down,9,29.633,32.98115647451703,2.516482496053496,0.35,strong_down,1.93,tp_sys_ok,down,0.67,0.7,0.61,0.66
688321.SH|20240226|480,688321.SH,20240226,EVENT,0.131,2024,202402,down,12,29.927,6.145845644722847,-5.082141590828504,0.37,strong_down,2.11,tp_sys_ok,down,0.62,0.56,0.57,0.65
300834.SZ|20240223|437,300834.SZ,20240223,EVENT,7.1968,2024,202402,down,12,24.929,13.86224395073954,0.2475400705489461,0.33,strong_down,1.66,tp_sys_ok,down,0.68,0.52,0.59,0.51
603629.SH|20240222|287,603629.SH,20240222,EVENT,17.6311,2024,202402,down,12,31.188,23.210048848569432,0.9979064898813617,0.31,strong_down,1.9,tp_sys_ok,down,0.65,0.74,0.53,0.71
688662.SH|20240226|484,688662.SH,20240226,EVENT,5.4147,2024,202402,down,12,43.862,13.305502562869108,-8.578005783616305,0.29,strong_down,1.71,tp_sys_ok,down,0.75,0.6,0.4,0.62
688486.SH|20240222|291,688486.SH,20240222,EVENT,10.2446,2024,202402,down,12,30.774,20.552546671698458,-1.5907985951742254,0.3,strong_down,1.77,tp_sys_ok,down,0.54,0.66,0.54,0.72
301176.SZ|20240223|441,301176.SZ,20240223,EVENT,10.2152,2024,202402,down,12,34.626,17.378917378917393,-2.1842355175688333,0.29,strong_down,1.65,tp_sys_ok,down,0.76,0.52,0.49,0.59
300074.SZ|20240223|295,300074.SZ,20240223,EVENT,16.8201,2024,202402,down,12,35.002,26.878612716762994,-3.4682080924855474,0.35,strong_down,1.79,tp_sys_ok,down,0.68,0.57,0.6,0.49
301197.SZ|20240227|488,301197.SZ,20240227,EVENT,2.9656,2024,202402,down,12,40.358,8.62947952787283,-8.895091063002347,0.31,strong_down,1.78,tp_sys_ok,down,0.74,0.55,0.61,0.59
301335.SZ|20240223|445,301335.SZ,20240223,EVENT,3.0029,2024,202402,down,12,24.029,15.91109988634929,-2.33615355474176,0.32,strong_down,1.78,tp_sys_ok,down,0.66,0.64,0.63,0.67
000534.SZ|20240228|492,000534.SZ,20240228,EVENT,0.6083,2024,202402,down,12,28.588,2.8625262316642752,-5.517492627788679,0.31,strong_down,1.66,tp_sys_ok,down,0.48,0.49,0.48,0.6
301085.SZ|20240223|299,301085.SZ,20240223,EVENT,1.8903,2024,202402,down,3,37.439,17.919298697950236,-0.9024107257960545,0.26,strong_down,1.81,tp_sys_ok,down,0.67,0.61,0.6,0.7
688356.SH|20240223|303,688356.SH,20240223,EVENT,2.7948,2024,202402,down,12,26.753,11.782887008123776,-4.758719410019507,0.31,strong_down,1.76,tp_sys_ok,down,0.68,0.64,0.56,0.62
002910.SZ|20240228|496,002910.SZ,20240228,EVENT,-3.283,2024,202402,down,12,35.252,6.858695519732927,-11.052625166014785,0.33,strong_down,1.78,tp_sys_ok,down,0.51,0.63,0.57,0.54
300618.SZ|20240228|500,300618.SZ,20240228,EVENT,-0.1888,2024,202402,up,3,27.587,2.7990488033684535,-3.09138905251215,0.5,mild_up,2.03,tp_sys_ok,unknown,0.64,0.6,0.84,0.5
603067.SH|20240223|449,603067.SH,20240223,EVENT,1.937,2024,202402,down,4,25.356,9.607445927225378,-0.8520769375352399,0.4,strong_down,2.03,tp_sys_ok,down,0.43,0.53,0.51,0.65
603296.SH|20240228|504,603296.SH,20240228,EVENT,8.8256,2024,202402,down,12,29.453,19.151380020945208,-3.771678475235807,0.34,strong_down,1.74,tp_sys_ok,down,0.64,0.58,0.6,0.58
605337.SH|20240228|508,605337.SH,20240228,EVENT,-5.0283,2024,202402,down,12,31.414,-1.574501650316651,-11.338556145227852,0.31,strong_down,1.76,tp_sys_ok,down,0.59,0.49,0.42,0.67
688429.SH|20240228|512,688429.SH,20240228,EVENT,1.5086,2024,202402,down,12,24.972,6.723682192571756,-6.988912645358026,0.33,strong_down,1.79,tp_sys_ok,down,0.44,0.55,0.59,0.54
300321.SZ|20240229|516,300321.SZ,20240229,EVENT,35.5769,2024,202402,down,12,43.299,38.96733636235097,0.17836876134653679,0.28,strong_down,1.82,tp_sys_ok,down,0.66,0.63,0.57,0.74
300776.SZ|20240229|520,300776.SZ,20240229,EVENT,4.23,2024,202402,up,12,21.768,8.788179874802605,1.625960626954237,0.38,mild_up,1.7,tp_sys_ok,unknown,0.67,0.36,0.35,0.38
603980.SH|20240229|524,603980.SH,20240229,EVENT,3.7341,2024,202402,down,12,25.154,7.2742933208049365,-4.314462453997336,0.35,strong_down,1.8,tp_sys_ok,down,0.5,0.58,0.57,0.53
300124.SZ|20240227|326,300124.SZ,20240227,EVENT,7.1965,2024,202402,up,5,13.079,10.859085604100049,1.0486967405828773,0.46,mild_up,1.47,tp_sys_ok,unknown,0.39,0.28,0.82,0.41
688623.SH|20240229|528,688623.SH,20240229,EVENT,3.6303,2024,202402,down,12,18.278,6.667799255008555,0.41234605188094076,0.31,strong_down,1.8,tp_sys_ok,down,0.74,0.61,0.53,0.69
600718.SH|20240202|532,600718.SH,20240202,EVENT,-6.9002,2024,202402,down,1,2.707,-6.374085684430519,-14.733542319749215,0.3,strong_down,1.76,tp_sys_ok,down,0.82,0.62,0.54,0.7
301397.SZ|20240227|330,301397.SZ,20240227,EVENT,1.0718,2024,202402,down,4,34.047,8.56567979304399,-7.099741304972696,0.3,strong_down,1.92,tp_sys_ok,down,0.7,0.56,0.53,0.68
605300.SH|20240223|453,605300.SH,20240223,EVENT,2.1445,2024,202402,down,12,25.612,6.8595125285158876,-2.99212792355128,0.34,strong_down,2.11,tp_sys_ok,down,0.54,0.53,0.52,0.64
002671.SZ|20240228|334,002671.SZ,20240228,EVENT,-1.2848,2024,202402,down,12,34.896,2.9070043154550307,-11.082657561530795,0.34,strong_down,1.75,tp_sys_ok,down,0.43,0.6,0.65,0.57
000404.SZ|20240219|536,000404.SZ,20240219,EVENT,16.6835,2024,202402,down,10,7.784,24.611973392461195,-0.44345898004433115,0.36,strong_down,1.78,tp_sys_ok,down,0.56,0.43,0.51,0.56
688503.SH|20240223|457,688503.SH,20240223,EVENT,23.645,2024,202402,down,11,34.346,28.11134694791204,-4.524530563311724,0.37,mild_down,2.12,tp_sys_ok,down,0.52,0.53,0.59,0.53
001336.SZ|20240226|461,001336.SZ,20240226,EVENT,3.0892,2024,202402,down,12,28.448,7.909836689344485,-9.643902612260224,0.32,strong_down,1.73,tp_sys_ok,down,0.7,0.59,0.53,0.51
002753.SZ|20240226|465,002753.SZ,20240226,EVENT,-3.9269,2024,202402,down,12,33.034,2.524402558061256,-12.622012790306291,0.33,strong_down,1.81,tp_sys_ok,down,0.54,0.67,0.58,0.58
300836.SZ|20240228|338,300836.SZ,20240228,EVENT,16.0811,2024,202402,down,12,48.927,31.159919892314235,-13.681779878962985,0.32,strong_down,2.03,tp_sys_ok,down,0.67,0.55,0.54,0.59
300836.SZ|20240226|469,300836.SZ,20240226,EVENT,23.7028,2024,202402,down,12,44.394,39.21983209720086,-7.4459104953550685,0.31,strong_down,1.9,tp_sys_ok,down,0.69,0.69,0.55,0.69
688593.SH|20240228|342,688593.SH,20240228,EVENT,-6.1208,2024,202402,down,12,33.933,0.19006591259884686,-11.290425452431574,0.3,strong_down,1.86,tp_sys_ok,down,0.66,0.51,0.43,0.65
300166.SZ|20240229|346,300166.SZ,20240229,EVENT,9.7566,2024,202402,up,8,31.227,12.62626262626263,4.419191919191912,0.42,mild_up,1.75,tp_sys_ok,up,0.69,0.4,0.47,0.33
600543.SH|20240229|350,600543.SH,20240229,EVENT,13.9448,2024,202402,down,12,26.629,15.55241127225564,0.4205478913650307,0.28,strong_down,1.89,tp_sys_ok,down,0.49,0.68,0.56,0.79
688610.SH|20240229|354,688610.SH,20240229,EVENT,26.1724,2024,202402,down,12,28.653,34.64309154187488,3.3961149156593207,0.29,strong_down,1.78,tp_sys_ok,down,0.71,0.67,0.51,0.72
600080.SH|20240226|473,600080.SH,20240226,EVENT,6.5151,2024,202402,down,2,39.744,12.726244343891402,2.262443438914019,0.34,strong_down,1.77,tp_sys_ok,down,0.43,0.54,0.49,0.59
688072.SH|20240201|358,688072.SH,20240201,EVENT,-0.8688,2024,202402,down,1,0.47,4.557085440769382,-3.9728534256934456,0.28,strong_down,1.83,tp_sys_ok,down,0.73,0.62,0.57,0.6
688143.SH|20240226|477,688143.SH,20240226,EVENT,11.9548,2024,202402,down,12,40.611,18.98039848350408,-0.8272610757082743,0.32,strong_down,1.91,tp_sys_ok,down,0.54,0.69,0.59,0.7
688362.SH|20240226|481,688362.SH,20240226,EVENT,8.0448,2024,202402,down,12,32.246,15.240384615384617,-3.8461538461538547,0.3,strong_down,1.84,tp_sys_ok,down,0.87,0.7,0.54,0.67
301283.SZ|20240220|540,301283.SZ,20240220,EVENT,-1.4885,2024,202402,down,1,1.091,4.929951168281743,-1.1223960885319184,0.3,strong_down,1.86,tp_sys_ok,down,0.51,0.67,0.59,0.67
300685.SZ|20240227|485,300685.SZ,20240227,EVENT,1.9431,2024,202402,up,2,33.084,10.320973022134151,0.032716655246711746,0.64,mild_up,2.45,tp_sys_ok,up,0.51,0.45,0.86,0.47
301370.SZ|20240227|489,301370.SZ,20240227,EVENT,-0.133,2024,202402,down,12,26.939,5.689589475161938,-6.863324026350726,0.32,strong_down,1.81,tp_sys_ok,down,0.57,0.55,0.54,0.67
002879.SZ|20240221|544,002879.SZ,20240221,EVENT,12.0619,2024,202402,down,12,22.829,15.44011544011543,0.4193986650127046,0.33,strong_down,1.88,tp_sys_ok,down,0.63,0.71,0.63,0.73
001211.SZ|20240228|493,001211.SZ,20240228,EVENT,-4.5765,2024,202402,down,12,36.494,-1.764577392864941,-13.158469558235774,0.31,strong_down,1.74,tp_sys_ok,down,0.73,0.58,0.62,0.52
300915.SZ|20240221|548,300915.SZ,20240221,EVENT,1.8181,2024,202402,down,12,21.208,14.09053594464642,0.9206051366248413,0.33,strong_down,1.93,tp_sys_ok,down,0.54,0.7,0.58,0.61
003019.SZ|20240228|497,003019.SZ,20240228,EVENT,2.4559,2024,202402,up,12,33.829,7.085229732433818,-7.764469033195354,0.64,mild_up,2.62,tp_sys_ok,up,0.39,0.62,0.89,0.38
300331.SZ|20240226|307,300331.SZ,20240226,EVENT,5.2826,2024,202402,down,12,38.247,11.167541335139086,-7.84944416229334,0.34,strong_down,2.14,tp_sys_ok,down,0.57,0.47,0.53,0.66
301283.SZ|20240221|552,301283.SZ,20240221,EVENT,0.8232,2024,202402,down,12,28.086,9.741420048437588,-3.327869336641276,0.31,strong_down,1.92,tp_sys_ok,down,0.49,0.71,0.56,0.58
600351.SH|20240202|362,600351.SH,20240202,EVENT,-4.3611,2024,202402,down,1,1.499,-3.257931426945504,-12.14966567079242,0.28,strong_down,1.74,tp_sys_ok,down,0.75,0.62,0.52,0.65
300845.SZ|20240226|311,300845.SZ,20240226,EVENT,4.3561,2024,202402,down,12,48.133,13.468847978251697,-10.874306558808676,0.31,strong_down,1.87,tp_sys_ok,down,0.69,0.7,0.52,0.63
688581.SH|20240221|556,688581.SH,20240221,EVENT,0.0252,2024,202402,down,12,28.659,12.207781116313022,-0.18556044689787,0.32,strong_down,1.78,tp_sys_ok,down,0.43,0.63,0.56,0.54
601003.SH|20240205|366,601003.SH,20240205,EVENT,-5.7389,2024,202402,down,1,3.025,-0.486344930789373,-8.7167976056865,0.31,strong_down,1.82,tp_sys_ok,down,0.73,0.65,0.53,0.71
002917.SZ|20240222|560,002917.SZ,20240222,EVENT,8.6279,2024,202402,down,12,25.053,14.590020426028595,1.1672016340822822,0.31,strong_down,1.92,tp_sys_ok,down,0.68,0.68,0.61,0.7
600031.SH|20240207|370,600031.SH,20240207,EVENT,1.2466,2024,202402,up,2,8.82,6.366394455037128,1.7296031146446733,0.64,mild_up,2.5,tp_sys_ok,up,0.39,0.5,0.87,0.55
301222.SZ|20240226|315,301222.SZ,20240226,EVENT,5.7781,2024,202402,down,12,34.639,9.581126624939817,-5.110392736776948,0.34,strong_down,1.77,tp_sys_ok,down,0.48,0.6,0.63,0.49
600699.SH|20240226|319,600699.SH,20240226,EVENT,-0.5099,2024,202402,down,3,25.436,5.543477345747028,-0.9975370813993578,0.35,mild_down,1.89,tp_sys_ok,down,0.43,0.64,0.45,0.58
002484.SZ|20240208|374,002484.SZ,20240208,EVENT,10.299,2024,202402,down,9,1.682,11.838136340433447,-1.3101922749702233,0.34,mild_down,1.94,tp_sys_ok,down,0.54,0.7,0.66,0.54
300995.SZ|20240228|501,300995.SZ,20240228,EVENT,0.407,2024,202402,down,12,48.986,11.160181034407435,-16.735734264183044,0.33,strong_down,1.82,tp_sys_ok,down,0.57,0.66,0.61,0.45
300963.SZ|20240222|564,300963.SZ,20240222,EVENT,10.2971,2024,202402,down,12,28.099,18.631698973774235,-0.5701254275940593,0.33,strong_down,1.76,tp_sys_ok,down,0.55,0.62,0.55,0.7
603321.SH|20240228|505,603321.SH,20240228,EVENT,-2.8222,2024,202402,down,12,38.307,-0.23983063426218365,-9.458076511440773,0.34,strong_down,1.81,tp_sys_ok,down,0.45,0.59,0.63,0.58
603726.SH|20240226|323,603726.SH,20240226,EVENT,14.0364,2024,202402,down,12,37.422,19.387242591662467,-6.027122049221489,0.34,strong_down,1.77,tp_sys_ok,down,0.75,0.62,0.58,0.59
000534.SZ|20240219|378,000534.SZ,20240219,EVENT,0.4287,2024,202402,down,12,8.226,8.117332349414275,-1.5681210220459318,0.32,strong_down,1.61,tp_sys_ok,down,0.46,0.44,0.41,0.59
300546.SZ|20240227|327,300546.SZ,20240227,EVENT,6.7498,2024,202402,down,12,39.997,11.29572487274837,-5.143691044474341,0.31,strong_down,1.71,tp_sys_ok,down,0.74,0.6,0.52,0.54
688136.SH|20240228|509,688136.SH,20240228,EVENT,2.9106,2024,202402,down,12,36.807,7.535386491340823,-10.458582562987118,0.37,strong_down,1.79,tp_sys_ok,down,0.49,0.61,0.6,0.52
688032.SH|20240227|331,688032.SH,20240227,EVENT,3.677,2024,202402,down,7,32.016,16.068244745563632,-0.10787967352342553,0.35,strong_down,1.85,tp_sys_ok,down,0.39,0.71,0.58,0.73
600382.SH|20240222|568,600382.SH,20240222,EVENT,0.3376,2024,202402,down,12,16.168,3.4482758620689724,-3.2019704433497442,0.34,strong_down,1.9,tp_sys_ok,down,0.51,0.68,0.65,0.72
688528.SH|20240228|513,688528.SH,20240228,EVENT,0.355,2024,202402,down,12,43.626,3.167351911070515,-14.978935079437584,0.32,strong_down,1.81,tp_sys_ok,down,0.59,0.64,0.49,0.67
300405.SZ|20240228|335,300405.SZ,20240228,EVENT,-3.0843,2024,202402,down,12,44.639,18.400118400118394,-8.239908239908244,0.34,mild_down,1.77,tp_sys_ok,down,0.47,0.58,0.52,0.55
688286.SH|20240222|572,688286.SH,20240222,EVENT,13.9311,2024,202402,down,12,28.395,26.11591761733405,3.8090498430441766,0.33,strong_down,1.79,tp_sys_ok,down,0.47,0.67,0.5,0.67
301325.SZ|20240219|382,301325.SZ,20240219,EVENT,0.8973,2024,202402,down,8,7.525,10.246665036030777,-5.4601215450902245,0.34,strong_down,1.87,tp_sys_ok,down,0.39,0.58,0.49,0.72
603626.SH|20240228|339,603626.SH,20240228,EVENT,1.6097,2024,202402,down,12,35.561,7.365041139875572,-9.525720783998926,0.34,strong_down,1.95,tp_sys_ok,down,0.52,0.69,0.57,0.72
001299.SZ|20240229|343,001299.SZ,20240229,EVENT,16.8977,2024,202402,down,12,26.191,24.79364279918297,2.6889392540361934,0.31,strong_down,1.73,tp_sys_ok,down,0.75,0.54,0.63,0.67
301196.SZ|20240220|386,301196.SZ,20240220,EVENT,6.578,2024,202402,down,12,2.039,13.457895889054928,1.0101010101010166,0.29,strong_down,1.92,tp_sys_ok,down,0.67,0.71,0.53,0.73
002132.SZ|20240221|390,002132.SZ,20240221,EVENT,2.9618,2024,202402,down,12,23.835,10.835986322367642,-0.9550760523523105,0.33,strong_down,1.85,tp_sys_ok,down,0.48,0.61,0.62,0.48
002420.SZ|20240223|576,002420.SZ,20240223,EVENT,4.775,2024,202402,down,12,35.397,16.049382716049386,-2.4691358024691246,0.32,strong_down,1.85,tp_sys_ok,down,0.75,0.66,0.56,0.56
300349.SZ|20240229|517,300349.SZ,20240229,EVENT,15.1231,2024,202402,down,12,32.207,22.51760738022024,2.1823231822239997,0.32,strong_down,1.78,tp_sys_ok,down,0.67,0.49,0.48,0.69
300897.SZ|20240221|394,300897.SZ,20240221,EVENT,19.363,2024,202402,down,12,28.656,24.74057478075693,1.903037879464331,0.32,strong_down,1.78,tp_sys_ok,down,0.57,0.64,0.54,0.6
301125.SZ|20240229|347,301125.SZ,20240229,EVENT,35.596,2024,202402,down,12,40.956,46.2341049885882,7.662210629279431,0.29,strong_down,1.87,tp_sys_ok,down,0.76,0.71,0.52,0.77
301006.SZ|20240229|521,301006.SZ,20240229,EVENT,16.3501,2024,202402,down,12,30.738,20.163453496786833,3.176769843436511,0.33,strong_down,1.94,tp_sys_ok,down,0.65,0.73,0.6,0.65
688081.SH|20240229|351,688081.SH,20240229,EVENT,11.7186,2024,202402,down,12,35.882,16.02373584173382,1.5207688615170856,0.32,strong_down,1.88,tp_sys_ok,down,0.69,0.66,0.57,0.65
600699.SH|20240221|398,600699.SH,20240221,EVENT,6.5494,2024,202402,down,12,21.818,10.875033081539453,0.7379649529578813,0.32,strong_down,1.89,tp_sys_ok,down,0.59,0.75,0.55,0.67
688010.SH|20240221|402,688010.SH,20240221,EVENT,10.5608,2024,202402,down,12,25.344,19.933725262617852,2.5119759507769457,0.28,strong_down,1.82,tp_sys_ok,down,0.76,0.68,0.46,0.68
688326.SH|20240221|406,688326.SH,20240221,EVENT,2.8164,2024,202402,down,12,25.96,17.958580469111208,-0.20962219782776348,0.29,strong_down,1.78,tp_sys_ok,down,0.79,0.63,0.47,0.71
688630.SH|20240229|355,688630.SH,20240229,EVENT,4.0402,2024,202402,down,12,35.665,14.07134404292163,1.7199511749282026,0.31,strong_down,1.82,tp_sys_ok,down,0.67,0.68,0.58,0.7
002132.SZ|20240222|410,002132.SZ,20240222,EVENT,4.9063,2024,202402,down,12,24.256,15.887557748022862,-1.3389711064129783,0.35,strong_down,1.73,tp_sys_ok,down,0.48,0.5,0.61,0.65
605069.SH|20240229|525,605069.SH,20240229,EVENT,15.7059,2024,202402,down,12,32.589,27.79905135599361,-0.2505554767645246,0.32,strong_down,1.77,tp_sys_ok,down,0.64,0.56,0.55,0.63
688281.SH|20240201|359,688281.SH,20240201,EVENT,-1.1339,2024,202402,down,1,0.736,3.1838428831747256,-4.009471103012308,0.34,strong_down,1.82,tp_sys_ok,down,0.7,0.59,0.6,0.53
300786.SZ|20240222|414,300786.SZ,20240222,EVENT,16.9128,2024,202402,down,12,35.552,47.40753188072966,4.557590694374425,0.31,strong_down,1.89,tp_sys_ok,down,0.79,0.71,0.54,0.66
301047.SZ|20240222|418,301047.SZ,20240222,EVENT,1.8376,2024,202402,up,12,24.762,7.764226327197443,-0.35586037332989706,0.36,mild_up,1.73,tp_sys_ok,up,0.67,0.43,0.21,0.41
001217.SZ|20240201|529,001217.SZ,20240201,EVENT,-8.863,2024,202402,up,1,8.48,-3.315041584443912,-13.226826696942663,0.39,mild_up,1.79,tp_sys_ok,unknown,0.59,0.46,0.35,0.35
603039.SH|20240222|422,603039.SH,20240222,EVENT,2.8268,2024,202402,down,12,27.842,11.34656993763523,1.4827542318951226,0.32,strong_down,1.75,tp_sys_ok,down,0.55,0.52,0.53,0.55
600739.SH|20240202|363,600739.SH,20240202,EVENT,-4.7284,2024,202402,down,1,4.337,-2.6368387515714686,-11.2476687444093,0.31,strong_down,1.76,tp_sys_ok,down,0.72,0.61,0.51,0.7
301003.SZ|20240223|584,301003.SZ,20240223,EVENT,13.8434,2024,202402,down,12,34.644,19.330764054566597,-5.627943965253568,0.36,strong_down,1.91,tp_sys_ok,down,0.47,0.61,0.63,0.54
600337.SH|20240206|367,600337.SH,20240206,EVENT,-2.4717,2024,202402,down,1,2.076,0.5906238464378211,-8.637873754152825,0.31,strong_down,1.86,tp_sys_ok,down,0.52,0.63,0.55,0.66
603928.SH|20240223|588,603928.SH,20240223,EVENT,7.609,2024,202402,down,12,29.797,13.646055437100223,-1.1436324869160686,0.33,strong_down,1.8,tp_sys_ok,down,0.5,0.65,0.6,0.64
688767.SH|20240202|533,688767.SH,20240202,EVENT,-3.548,2024,202402,down,1,3.155,-2.9131065744338103,-15.232478161539941,0.3,strong_down,1.77,tp_sys_ok,down,0.55,0.67,0.54,0.64
601003.SH|20240207|371,601003.SH,20240207,EVENT,-0.9033,2024,202402,down,1,0.504,3.7088441668594374,-2.845246356696729,0.27,strong_down,1.81,tp_sys_ok,down,0.74,0.55,0.48,0.7
003012.SZ|20240208|375,003012.SZ,20240208,EVENT,3.5691,2024,202402,down,12,1.717,14.282412937537359,1.0101010101009944,0.33,strong_down,1.9,tp_sys_ok,down,0.48,0.72,0.62,0.74
000862.SZ|20240219|537,000862.SZ,20240219,EVENT,10.6181,2024,202402,down,5,3.747,14.169867690994465,-0.41257646891449395,0.33,strong_down,1.74,tp_sys_ok,down,0.51,0.45,0.54,0.69
002271.SZ|20240221|541,002271.SZ,20240221,EVENT,0.4844,2024,202402,down,12,11.422,11.005568903540631,-1.411161398868821,0.35,strong_down,1.97,tp_sys_ok,down,0.76,0.55,0.51,0.61
603950.SH|20240222|426,603950.SH,20240222,EVENT,9.3357,2024,202402,down,12,4.412,18.74917535294893,-2.068581313864326,0.33,strong_down,1.98,tp_sys_ok,down,0.52,0.5,0.54,0.69
002111.SZ|20240219|379,002111.SZ,20240219,EVENT,12.1904,2024,202402,down,12,1.344,14.965034965034963,-0.9790209790209836,0.25,strong_down,1.81,tp_sys_ok,down,0.64,0.67,0.53,0.69
688252.SH|20240222|430,688252.SH,20240222,EVENT,15.3961,2024,202402,down,12,30.473,20.99737532808399,5.249343832021003,0.3,strong_down,1.88,tp_sys_ok,down,0.75,0.65,0.53,0.7
605060.SH|20240219|383,605060.SH,20240219,EVENT,1.0744,2024,202402,down,2,7.604,7.832360013740991,-3.778770182068014,0.29,strong_down,1.58,tp_sys_ok,down,0.76,0.43,0.47,0.51
688571.SH|20240223|592,688571.SH,20240223,EVENT,4.5145,2024,202402,down,12,31.107,10.636202481780588,-3.7423675398857714,0.34,strong_down,1.75,tp_sys_ok,down,0.47,0.61,0.59,0.65
001283.SZ|20240221|387,001283.SZ,20240221,EVENT,2.4828,2024,202402,down,12,24.398,12.697220135236641,-0.1228340071315337,0.32,strong_down,1.77,tp_sys_ok,down,0.67,0.58,0.56,0.46
300776.SZ|20240226|596,300776.SZ,20240226,EVENT,3.9082,2024,202402,down,12,24.382,6.973037587993081,-2.9884446805684695,0.3,strong_down,1.82,tp_sys_ok,down,0.45,0.72,0.6,0.59
002249.SZ|20240221|391,002249.SZ,20240221,EVENT,7.1234,2024,202402,up,7,20.871,15.786687839089586,1.2306470821754623,0.39,mild_up,1.71,tp_sys_ok,unknown,0.7,0.42,0.29,0.31
002058.SZ|20240223|434,002058.SZ,20240223,EVENT,3.3182,2024,202402,down,12,32.258,13.921568627450975,-7.352941176470584,0.32,strong_down,1.76,tp_sys_ok,down,0.66,0.62,0.64,0.6
002917.SZ|20240221|545,002917.SZ,20240221,EVENT,9.1764,2024,202402,down,12,23.963,16.25635013677218,1.1581228462822946,0.28,strong_down,1.81,tp_sys_ok,down,0.64,0.64,0.55,0.75
688193.SH|20240226|600,688193.SH,20240226,EVENT,-3.6548,2024,202402,down,12,36.75,9.429392579197216,-12.949268576226302,0.33,strong_down,1.81,tp_sys_ok,down,0.55,0.66,0.61,0.56
300997.SZ|20240223|438,300997.SZ,20240223,EVENT,4.9191,2024,202402,up,7,29.394,8.609055393977783,-2.7493816850801434,0.59,mild_up,2.28,tp_sys_ok,up,0.58,0.54,0.86,0.51
301187.SZ|20240227|604,301187.SZ,20240227,EVENT,7.1076,2024,202402,down,12,38.794,9.761702210879374,-10.547879570144813,0.37,strong_down,2.06,tp_sys_ok,down,0.47,0.64,0.6,0.67
301003.SZ|20240221|549,301003.SZ,20240221,EVENT,20.6918,2024,202402,down,12,29.159,22.130657273875176,2.525420349571328,0.36,strong_down,1.87,tp_sys_ok,down,0.51,0.61,0.63,0.58
300339.SZ|20240228|608,300339.SZ,20240228,EVENT,6.9058,2024,202402,down,12,29.749,12.381328960579307,-6.656863289842696,0.36,strong_down,1.89,tp_sys_ok,down,0.4,0.54,0.54,0.57
301237.SZ|20240223|442,301237.SZ,20240223,EVENT,4.4593,2024,202402,down,12,31.889,15.067650676506773,-4.663796637966378,0.31,strong_down,1.82,tp_sys_ok,down,0.57,0.63,0.55,0.56
301063.SZ|20240228|612,301063.SZ,20240228,EVENT,-0.2086,2024,202402,down,12,39.817,6.614077440657651,-13.157255134564705,0.27,strong_down,1.75,tp_sys_ok,down,0.81,0.6,0.46,0.64
301160.SZ|20240221|395,301160.SZ,20240221,EVENT,6.5969,2024,202402,down,12,24.723,15.91928954718047,0.3057848069929481,0.29,strong_down,1.85,tp_sys_ok,down,0.67,0.62,0.56,0.67
301353.SZ|20240223|446,301353.SZ,20240223,EVENT,8.7096,2024,202402,down,12,29.57,18.118041787402774,-2.2800061003507843,0.3,strong_down,1.75,tp_sys_ok,down,0.8,0.59,0.58,0.57
603067.SH|20240221|399,603067.SH,20240221,EVENT,2.8034,2024,202402,down,10,23.939,11.96086169687014,-0.25208082230258055,0.38,strong_down,2.14,tp_sys_ok,down,0.47,0.5,0.55,0.65
603096.SH|20240223|450,603096.SH,20240223,EVENT,13.9056,2024,202402,down,12,31.189,16.92478056247657,0.7140139486614627,0.32,strong_down,1.93,tp_sys_ok,down,0.64,0.7,0.65,0.65
688061.SH|20240221|403,688061.SH,20240221,EVENT,10.0978,2024,202402,down,12,28.121,20.5038854918951,0.6640574985898873,0.26,strong_down,1.78,tp_sys_ok,down,0.72,0.67,0.43,0.75
688247.SH|20240223|454,688247.SH,20240223,EVENT,3.867,2024,202402,down,12,27.341,12.312984375647563,-1.8784136277608887,0.31,strong_down,1.78,tp_sys_ok,down,0.69,0.6,0.54,0.76
688349.SH|20240221|407,688349.SH,20240221,EVENT,10.694,2024,202402,up,10,17.152,15.987442075568193,-1.9190669268680738,0.43,mild_up,1.75,tp_sys_ok,up,0.67,0.42,0.35,0.39
605169.SH|20240228|616,605169.SH,20240228,EVENT,-2.101,2024,202402,down,12,34.1,0.5165261212170869,-11.57605865643978,0.37,strong_down,1.78,tp_sys_ok,down,0.7,0.62,0.65,0.61
002634.SZ|20240222|411,002634.SZ,20240222,EVENT,6.7715,2024,202402,down,12,23.232,13.772455089820369,-0.9980039920159611,0.32,strong_down,1.77,tp_sys_ok,down,0.5,0.57,0.61,0.52
601666_SH.SH|20240229|620,601666_SH.SH,20240229,CONT,-8.6288,2024,202402,up,0,0.0,0.0,0.0,0.35,mild_up,0.58,tp_sys_ok,up,0.53,0.54,0.86,0.48
688523.SH|20240223|458,688523.SH,20240223,EVENT,14.4119,2024,202402,down,12,27.161,20.541683194445113,2.601156862196463,0.34,strong_down,1.78,tp_sys_ok,down,0.62,0.6,0.63,0.5
300873.SZ|20240222|415,300873.SZ,20240222,EVENT,2.3843,2024,202402,down,5,31.651,15.02371273712737,-0.6690379403794133,0.36,strong_down,2.08,tp_sys_ok,down,0.63,0.52,0.56,0.56
603005.SH|20240301|624,603005.SH,20240301,EVENT,0.0221,2024,202403,down,3,31.341,4.932249322493232,-1.788617886178856,0.29,strong_down,1.55,tp_sys_ok,down,0.76,0.38,0.36,0.66
002084.SZ|20240226|462,002084.SZ,20240226,EVENT,2.4214,2024,202402,down,12,33.771,9.540636042402827,-9.893992932862194,0.32,strong_down,1.76,tp_sys_ok,down,0.51,0.63,0.56,0.55
600261.SH|20240221|553,600261.SH,20240221,EVENT,5.2871,2024,202402,down,12,21.137,9.960363124920079,2.7149128414951207,0.31,strong_down,1.94,tp_sys_ok,down,0.79,0.62,0.5,0.72
002899.SZ|20240226|466,002899.SZ,20240226,EVENT,3.763,2024,202402,down,12,32.519,9.578033484811055,-6.892360981136414,0.29,strong_down,1.9,tp_sys_ok,down,0.66,0.74,0.54,0.73
301047.SZ|20240226|470,301047.SZ,20240226,EVENT,2.1011,2024,202402,up,2,26.255,5.461280314063188,-1.5829798011777418,0.42,mild_up,1.78,tp_sys_ok,up,0.73,0.47,0.53,0.42
001222.SZ|20240222|557,001222.SZ,20240222,EVENT,4.8291,2024,202402,down,12,23.787,15.627822944896108,1.2646793134598155,0.32,strong_down,1.76,tp_sys_ok,down,0.62,0.61,0.59,0.56
688558.SH|20240301|628,688558.SH,20240301,EVENT,0.9067,2024,202403,down,12,39.601,4.468920687942957,-4.288358235904843,0.32,strong_down,1.62,tp_sys_ok,down,0.5,0.47,0.45,0.66
603039.SH|20240226|474,603039.SH,20240226,EVENT,0.6603,2024,202402,up,12,30.629,8.187239342240705,-2.2597566331069463,0.68,mild_up,2.78,tp_sys_ok,up,0.58,0.78,0.86,0.46
300331.SZ|20240222|561,300331.SZ,20240222,EVENT,12.9398,2024,202402,down,12,32.298,21.90594059405939,1.0519801980197974,0.35,strong_down,1.9,tp_sys_ok,down,0.56,0.7,0.65,0.53
688170.SH|20240226|478,688170.SH,20240226,EVENT,1.2853,2024,202402,down,2,35.716,9.046648941680191,-5.386554331687443,0.3,strong_down,1.73,tp_sys_ok,down,0.53,0.55,0.4,0.68
301110.SZ|20240222|565,301110.SZ,20240222,EVENT,10.6461,2024,202402,down,12,34.034,20.597663950265122,-0.12984232637411885,0.31,strong_down,1.75,tp_sys_ok,down,0.67,0.62,0.57,0.52
688581.SH|20240226|482,688581.SH,20240226,EVENT,0.3716,2024,202402,up,12,32.151,6.259766150945878,-5.160461272047556,0.52,mild_up,1.97,tp_sys_ok,up,0.58,0.57,0.84,0.64
688320.SH|20240304|632,688320.SH,20240304,EVENT,1.726,2024,202403,down,12,40.604,8.547264675523603,-7.647042798376313,0.28,strong_down,1.63,tp_sys_ok,down,0.7,0.48,0.43,0.65
300845.SZ|20240227|486,300845.SZ,20240227,EVENT,7.1802,2024,202402,down,12,49.038,11.75801669770653,-12.218102913105799,0.28,strong_down,1.77,tp_sys_ok,down,0.69,0.62,0.49,0.68
600536.SH|20240227|490,600536.SH,20240227,EVENT,14.0578,2024,202402,up,12,29.503,15.403961316895852,-3.102430506126086,0.63,mild_up,2.43,tp_sys_ok,up,0.42,0.43,0.84,0.42
002420.SZ|20240301|636,002420.SZ,20240301,EVENT,8.3298,2024,202403,down,12,38.408,9.92907801418439,-4.018912529550844,0.3,strong_down,1.71,tp_sys_ok,down,0.73,0.55,0.58,0.59
300097.SZ|20240301|640,300097.SZ,20240301,EVENT,0.9043,2024,202403,down,2,43.631,4.999034935340685,-2.2067811876729126,0.28,strong_down,1.92,tp_sys_ok,down,0.68,0.53,0.5,0.65
002452.SZ|20240228|494,002452.SZ,20240228,EVENT,13.3905,2024,202402,down,12,37.216,20.85073817799177,-4.481503920297325,0.33,strong_down,1.73,tp_sys_ok,down,0.45,0.6,0.51,0.52
601615.SH|20240222|569,601615.SH,20240222,EVENT,7.3762,2024,202402,down,12,21.83,12.27431345774541,1.8146876135041845,0.37,strong_down,1.86,tp_sys_ok,down,0.67,0.63,0.59,0.5
300143.SZ|20240228|498,300143.SZ,20240228,EVENT,-2.2423,2024,202402,down,12,28.953,0.6679460287707828,-8.272712396423731,0.33,strong_down,1.68,tp_sys_ok,down,0.64,0.39,0.52,0.6
688718.SH|20240222|573,688718.SH,20240222,EVENT,11.8661,2024,202402,down,12,26.667,29.723632261703337,2.138132594985387,0.31,strong_down,1.86,tp_sys_ok,down,0.55,0.72,0.53,0.64
601089.SH|20240301|644,601089.SH,20240301,EVENT,6.2709,2024,202403,up,12,22.458,7.933239870958708,-0.7206837051134118,0.68,mild_up,2.73,tp_sys_ok,up,0.65,0.73,0.86,0.37
301279.SZ|20240228|502,301279.SZ,20240228,EVENT,-5.0387,2024,202402,down,12,42.381,1.2863451565828132,-13.745146676116116,0.33,strong_down,1.72,tp_sys_ok,down,0.68,0.57,0.62,0.61
688058.SH|20240301|648,688058.SH,20240301,EVENT,11.7626,2024,202403,down,12,34.051,15.291951200797982,0.053709813550217866,0.31,strong_down,2.0,tp_sys_ok,down,0.69,0.55,0.42,0.77
688362.SH|20240301|652,688362.SH,20240301,EVENT,4.2913,2024,202403,down,12,35.349,10.460829493087553,-1.4746543778801802,0.3,strong_down,1.92,tp_sys_ok,down,0.79,0.71,0.56,0.72
603879.SH|20240228|506,603879.SH,20240228,EVENT,29.8284,2024,202402,down,12,43.473,46.495379761099855,-14.971213145655327,0.27,strong_down,1.68,tp_sys_ok,down,0.72,0.56,0.43,0.65
688247.SH|20240228|510,688247.SH,20240228,EVENT,-0.2197,2024,202402,down,12,30.616,8.239499298985375,-7.404444539256239,0.32,strong_down,1.86,tp_sys_ok,down,0.7,0.64,0.53,0.71
688598.SH|20240228|514,688598.SH,20240228,EVENT,7.3245,2024,202402,down,12,31.534,13.113624942454827,-8.282055156692747,0.32,strong_down,1.74,tp_sys_ok,down,0.39,0.62,0.57,0.51
301225.SZ|20240304|656,301225.SZ,20240304,EVENT,2.3239,2024,202403,up,12,41.306,4.619174386616254,-5.3680449029286255,0.66,mild_up,2.52,tp_sys_ok,up,0.41,0.52,0.87,0.48
300420.SZ|20240229|518,300420.SZ,20240229,EVENT,13.4124,2024,202402,down,12,27.53,16.427104722792606,2.4640657084188833,0.33,strong_down,1.99,tp_sys_ok,down,0.61,0.7,0.62,0.7
002494.SZ|20240223|577,002494.SZ,20240223,EVENT,7.5012,2024,202402,down,12,32.125,16.550116550116556,-2.731013842124952,0.31,strong_down,1.87,tp_sys_ok,down,0.62,0.69,0.57,0.71
301033.SZ|20240229|522,301033.SZ,20240229,EVENT,15.2301,2024,202402,down,12,31.03,19.243359189454658,4.5206300898194,0.3,strong_down,1.89,tp_sys_ok,down,0.7,0.7,0.54,0.73
300132.SZ|20240223|581,300132.SZ,20240223,EVENT,5.4219,2024,202402,down,12,32.004,13.055555555555554,-2.777777777777779,0.31,strong_down,1.69,tp_sys_ok,down,0.72,0.56,0.56,0.57
605089.SH|20240229|526,605089.SH,20240229,EVENT,12.2268,2024,202402,down,12,23.517,15.15990021771223,-0.4497989081446052,0.27,strong_down,1.73,tp_sys_ok,down,0.65,0.61,0.46,0.7
300802.SZ|20240202|530,300802.SZ,20240202,EVENT,-3.0691,2024,202402,down,1,2.675,-1.4248831729374523,-13.39109115815501,0.3,strong_down,1.84,tp_sys_ok,down,0.48,0.72,0.6,0.64
603061.SH|20240207|534,603061.SH,20240207,EVENT,-2.4651,2024,202402,down,1,2.069,5.342534875419513,-2.0995589263730907,0.32,strong_down,1.94,tp_sys_ok,down,0.59,0.68,0.56,0.68
002713.SZ|20240219|538,002713.SZ,20240219,EVENT,17.7953,2024,202402,down,8,12.751,34.052898583449995,0.6337593520902018,0.29,strong_down,1.76,tp_sys_ok,down,0.71,0.51,0.45,0.63
301290.SZ|20240222|419,301290.SZ,20240222,EVENT,2.2049,2024,202402,down,12,26.536,12.947136789314783,-1.0234890742541247,0.29,strong_down,1.73,tp_sys_ok,down,0.78,0.56,0.56,0.56
301012.SZ|20240223|585,301012.SZ,20240223,EVENT,23.948,2024,202402,down,12,36.801,28.675834214828356,-3.317626694874498,0.3,strong_down,1.88,tp_sys_ok,down,0.63,0.72,0.57,0.71
002385.SZ|20240221|542,002385.SZ,20240221,EVENT,0.5072,2024,202402,up,10,17.525,6.86634437134237,-0.20153554739719137,0.4,mild_up,1.83,tp_sys_ok,up,0.67,0.49,0.24,0.32
603416.SH|20240222|423,603416.SH,20240222,EVENT,8.7467,2024,202402,down,12,31.181,14.83438325543589,1.1379800853485111,0.34,strong_down,2.17,tp_sys_ok,down,0.73,0.46,0.45,0.56
688037.SH|20240223|589,688037.SH,20240223,EVENT,15.1388,2024,202402,down,12,27.897,20.331470974634392,1.6342841581751033,0.31,strong_down,1.81,tp_sys_ok,down,0.77,0.66,0.52,0.58
300250.SZ|20240305|660,300250.SZ,20240305,EVENT,0.5238,2024,202403,down,7,36.961,3.5385951945643868,-6.186382437987059,0.33,strong_down,1.8,tp_sys_ok,down,0.58,0.56,0.56,0.68
001211.SZ|20240226|593,001211.SZ,20240226,EVENT,-1.3711,2024,202402,down,12,34.609,6.690997566909962,-10.523114355231144,0.33,strong_down,1.81,tp_sys_ok,down,0.72,0.69,0.64,0.55
688123.SH|20240222|427,688123.SH,20240222,EVENT,18.3574,2024,202402,down,12,29.145,24.053967397196452,0.756364743576432,0.29,strong_down,1.55,tp_sys_ok,down,0.71,0.46,0.49,0.64
300881.SZ|20240307|664,300881.SZ,20240307,EVENT,0.8668,2024,202403,down,2,15.184,6.048822639879026,-1.8362497299632796,0.31,strong_down,1.93,tp_sys_ok,down,0.67,0.71,0.56,0.65
301149.SZ|20240226|597,301149.SZ,20240226,EVENT,4.9678,2024,202402,down,12,30.051,11.734563468396653,-5.332613861198676,0.34,strong_down,1.71,tp_sys_ok,down,0.5,0.6,0.59,0.58
688519.SH|20240222|431,688519.SH,20240222,EVENT,20.3443,2024,202402,down,12,35.599,21.92982456140351,6.1657767607424585,0.3,strong_down,1.84,tp_sys_ok,down,0.64,0.68,0.51,0.7
002760.SZ|20240301|668,002760.SZ,20240301,EVENT,10.3669,2024,202403,down,12,34.216,13.67573867573868,-0.8930258930258894,0.31,strong_down,1.9,tp_sys_ok,down,0.57,0.71,0.61,0.76
300563.SZ|20240301|672,300563.SZ,20240301,EVENT,13.7841,2024,202403,down,12,39.488,24.4215938303342,-1.1935365405802312,0.3,strong_down,1.8,tp_sys_ok,down,0.69,0.65,0.59,0.69
688217.SH|20240226|601,688217.SH,20240226,EVENT,-4.0707,2024,202402,down,12,33.136,12.712535781024936,-10.470836572729702,0.27,strong_down,1.78,tp_sys_ok,down,0.77,0.6,0.51,0.71
300014.SZ|20240221|546,300014.SZ,20240221,EVENT,9.5657,2024,202402,down,12,14.972,17.903039369007967,2.0073585518611825,0.32,strong_down,1.93,tp_sys_ok,down,0.65,0.66,0.57,0.58
002548.SZ|20240223|435,002548.SZ,20240223,EVENT,-1.7891,2024,202402,down,12,29.392,12.296983758700698,-7.42459396751739,0.28,strong_down,1.77,tp_sys_ok,down,0.86,0.64,0.53,0.58
301026.SZ|20240221|550,301026.SZ,20240221,EVENT,15.1348,2024,202402,down,12,23.86,20.470854325072494,2.1289944245141523,0.33,strong_down,1.95,tp_sys_ok,down,0.62,0.73,0.51,0.72
600543.SH|20240301|676,600543.SH,20240301,EVENT,12.4817,2024,202403,down,12,27.94,15.109025242868434,-0.7281225254456847,0.3,strong_down,1.78,tp_sys_ok,down,0.55,0.63,0.55,0.76
301233.SZ|20240227|605,301233.SZ,20240227,EVENT,15.2903,2024,202402,down,12,35.498,28.338153503893217,-8.872080088987765,0.35,strong_down,1.86,tp_sys_ok,down,0.56,0.6,0.65,0.58
603687.SH|20240221|554,603687.SH,20240221,EVENT,6.6177,2024,202402,down,12,25.43,13.590665006462332,0.6875224460917595,0.35,strong_down,1.9,tp_sys_ok,down,0.58,0.66,0.62,0.65
300441.SZ|20240228|609,300441.SZ,20240228,EVENT,10.9797,2024,202402,down,12,38.487,14.066428476908822,-7.635305015217675,0.38,strong_down,1.93,tp_sys_ok,down,0.39,0.56,0.56,0.68
688603.SH|20240301|680,688603.SH,20240301,EVENT,-1.5692,2024,202403,down,12,48.166,6.8242458371576165,-8.611069465419662,0.28,strong_down,1.84,tp_sys_ok,down,0.62,0.71,0.53,0.69
301006.SZ|20240223|439,301006.SZ,20240223,EVENT,5.4973,2024,202402,down,12,34.779,10.258514567090682,-5.580631924497325,0.34,strong_down,1.8,tp_sys_ok,down,0.55,0.62,0.61,0.55
001296.SZ|20240222|558,001296.SZ,20240222,EVENT,5.2472,2024,202402,down,12,21.172,11.534276387377584,-2.4483133841131655,0.34,strong_down,1.91,tp_sys_ok,down,0.5,0.69,0.68,0.5
301258.SZ|20240223|443,301258.SZ,20240223,EVENT,2.3739,2024,202402,down,12,25.781,9.748205915294328,-2.8207574563404836,0.32,strong_down,1.76,tp_sys_ok,down,0.67,0.6,0.57,0.64
300395.SZ|20240222|562,300395.SZ,20240222,EVENT,5.312,2024,202402,down,12,25.529,12.829236335212425,0.10372560173357304,0.32,strong_down,2.01,tp_sys_ok,down,0.7,0.6,0.52,0.62
300214.SZ|20240304|684,300214.SZ,20240304,EVENT,12.5565,2024,202403,down,12,26.224,24.761281327903404,-3.0449785563530507,0.31,strong_down,1.87,tp_sys_ok,down,0.47,0.67,0.59,0.7
301335.SZ|20240304|688,301335.SZ,20240304,EVENT,6.6944,2024,202403,down,12,25.768,13.083512278536059,-3.856222919523322,0.33,strong_down,1.89,tp_sys_ok,down,0.7,0.67,0.64,0.57
301156.SZ|20240228|613,301156.SZ,20240228,EVENT,-3.2393,2024,202402,down,12,45.058,0.6358046871880907,-13.512596318920433,0.29,strong_down,1.89,tp_sys_ok,down,0.6,0.66,0.6,0.72
600261.SH|20240223|447,600261.SH,20240223,EVENT,6.4286,2024,202402,down,12,25.202,8.906882591093112,-2.429149797570851,0.36,strong_down,2.12,tp_sys_ok,down,0.75,0.48,0.49,0.55
688381.SH|20240228|617,688381.SH,20240228,EVENT,1.8496,2024,202402,down,12,35.113,10.857160626273,-10.184450974599768,0.32,strong_down,1.79,tp_sys_ok,down,0.65,0.5,0.5,0.61
603726.SH|20240223|451,603726.SH,20240223,EVENT,17.4049,2024,202402,down,12,34.98,23.995826812728204,-2.399582681272827,0.32,strong_down,1.84,tp_sys_ok,down,0.74,0.65,0.49,0.62
301222.SZ|20240222|566,301222.SZ,20240222,EVENT,8.8702,2024,202402,down,12,29.093,19.055447616200883,2.5631445224929106,0.34,strong_down,1.84,tp_sys_ok,down,0.57,0.68,0.64,0.58
688435.SH|20240223|455,688435.SH,20240223,EVENT,17.4348,2024,202402,down,12,33.517,20.222396879457392,6.540913457339981,0.31,strong_down,1.7,tp_sys_ok,down,0.71,0.53,0.57,0.58
688123.SH|20240304|692,688123.SH,20240304,EVENT,14.0077,2024,202403,down,12,38.001,17.73737373737374,-6.080808080808076,0.32,strong_down,1.81,tp_sys_ok,down,0.67,0.62,0.57,0.62
600031.SH|20240202|621,600031.SH,20240202,EVENT,4.2981,2024,202402,up,3,5.207,5.569440817696858,-3.549238797494858,0.42,mild_up,1.79,tp_sys_ok,unknown,0.59,0.39,0.23,0.3
301181.SZ|20240305|696,301181.SZ,20240305,EVENT,9.7201,2024,202403,down,12,38.613,11.287524624386247,-1.9702181914407313,0.3,strong_down,1.91,tp_sys_ok,down,0.68,0.72,0.56,0.65
000869.SZ|20240226|459,000869.SZ,20240226,EVENT,-0.2306,2024,202402,down,2,16.218,1.9556714471968606,-1.9556714471968828,0.3,strong_down,1.73,tp_sys_ok,down,0.65,0.55,0.49,0.61
603700.SH|20240222|570,603700.SH,20240222,EVENT,5.4563,2024,202402,down,12,25.863,15.27326885968041,1.2168135876311492,0.32,strong_down,1.8,tp_sys_ok,down,0.74,0.6,0.59,0.62
603399.SH|20240301|625,603399.SH,20240301,EVENT,-1.8839,2024,202403,down,12,38.111,0.6355270879374819,-8.603962992096491,0.32,strong_down,1.79,tp_sys_ok,down,0.78,0.48,0.5,0.67
600173.SH|20240306|700,600173.SH,20240306,EVENT,11.7916,2024,202403,down,12,3.277,12.873185428649702,-0.2738975623116868,0.28,strong_down,1.74,tp_sys_ok,down,0.73,0.67,0.46,0.73
001202.SZ|20240223|574,001202.SZ,20240223,EVENT,2.4263,2024,202402,down,12,30.025,21.035598705501624,-2.265372168284785,0.3,strong_down,1.83,tp_sys_ok,down,0.59,0.67,0.57,0.58
002249.SZ|20240226|463,002249.SZ,20240226,EVENT,-0.2103,2024,202402,up,2,24.164,3.3755274261603407,-1.6877637130801704,0.46,mild_up,1.87,tp_sys_ok,up,0.76,0.55,0.59,0.35
688651.SH|20240301|629,688651.SH,20240301,EVENT,9.1074,2024,202403,down,12,37.2,13.785494212673832,-1.8985760679490316,0.28,strong_down,1.78,tp_sys_ok,down,0.69,0.63,0.56,0.68
300684.SZ|20240307|633,300684.SZ,20240307,EVENT,-2.352,2024,202403,up,12,32.295,5.6108247765924935,-7.767595649652459,0.5,strong_up,1.53,tp_sys_ok,up,0.41,0.31,0.85,0.35
002836.SZ|20240223|578,002836.SZ,20240223,EVENT,6.0747,2024,202402,down,12,40.904,19.833178869323454,-3.3364226135310426,0.32,strong_down,1.78,tp_sys_ok,down,0.55,0.64,0.58,0.61
300440.SZ|20240223|582,300440.SZ,20240223,EVENT,8.2425,2024,202402,down,12,38.027,12.989355944434422,-1.443261771603821,0.3,strong_down,1.92,tp_sys_ok,down,0.71,0.66,0.58,0.73
002671.SZ|20240301|637,002671.SZ,20240301,EVENT,7.9373,2024,202403,down,12,32.81,9.582309582309566,-1.2285012285012442,0.32,strong_down,1.93,tp_sys_ok,down,0.56,0.69,0.58,0.7
600094.SH|20240223|586,600094.SH,20240223,EVENT,3.5181,2024,202402,down,12,22.968,7.137758743754441,-2.1413276231263434,0.33,strong_down,1.82,tp_sys_ok,down,0.6,0.46,0.5,0.56
300656.SZ|20240301|641,300656.SZ,20240301,EVENT,2.6651,2024,202403,down,12,28.18,8.24988078206963,-5.340963280877431,0.33,strong_down,1.83,tp_sys_ok,down,0.6,0.55,0.55,0.63
300122.SZ|20240226|467,300122.SZ,20240226,EVENT,3.0103,2024,202402,up,12,20.658,6.09554422006382,-6.967445399420802,0.63,mild_up,2.32,tp_sys_ok,up,0.61,0.45,0.85,0.41
301130.SZ|20240226|471,301130.SZ,20240226,EVENT,11.0648,2024,202402,down,12,31.432,17.052203508107013,-5.65739784063275,0.26,strong_down,1.67,tp_sys_ok,down,0.77,0.54,0.54,0.54
603811.SH|20240226|475,603811.SH,20240226,EVENT,4.599,2024,202402,down,12,34.178,6.380307183520029,-4.6498644892219225,0.28,strong_down,1.86,tp_sys_ok,down,0.63,0.54,0.48,0.71
301125.SZ|20240307|704,301125.SZ,20240307,EVENT,2.1432,2024,202403,down,12,29.249,15.851165326427697,-6.2085119056633165,0.34,strong_down,1.99,tp_sys_ok,down,0.7,0.6,0.55,0.53
002769.SZ|20240308|708,002769.SZ,20240308,EVENT,11.4043,2024,202403,down,9,9.227,14.618214891066206,2.0436286466300357,0.29,strong_down,1.66,tp_sys_ok,down,0.67,0.54,0.58,0.69
003004.SZ|20240311|712,003004.SZ,20240311,EVENT,14.7783,2024,202403,up,6,26.209,29.541244298250334,-4.543842110355056,0.54,mild_up,1.97,tp_sys_ok,up,0.65,0.51,0.84,0.37
688433.SH|20240313|716,688433.SH,20240313,EVENT,27.3555,2024,202403,down,7,10.001,41.40702301378833,-2.1931791487816876,0.3,strong_down,1.68,tp_sys_ok,down,0.58,0.46,0.43,0.66
688291.SH|20240226|479,688291.SH,20240226,EVENT,5.9714,2024,202402,down,12,34.876,10.133252267315186,-6.130617621725676,0.29,strong_down,1.85,tp_sys_ok,down,0.71,0.68,0.51,0.64
300686.SZ|20240301|720,300686.SZ,20240301,EVENT,24.0795,2024,202403,down,12,45.324,37.59071117561685,4.644412191582004,0.33,strong_down,1.89,tp_sys_ok,down,0.72,0.71,0.63,0.63
688628.SH|20240226|483,688628.SH,20240226,EVENT,5.6719,2024,202402,up,12,33.974,16.162236902750028,-8.572745429405447,0.65,mild_up,2.45,tp_sys_ok,up,0.67,0.45,0.86,0.55
301033.SZ|20240227|487,301033.SZ,20240227,EVENT,5.1923,2024,202402,down,12,36.304,8.808577795753902,-11.018058099973837,0.35,strong_down,1.75,tp_sys_ok,down,0.63,0.58,0.61,0.64
688244.SH|20240227|491,688244.SH,20240227,EVENT,13.1981,2024,202402,down,12,42.187,23.758168870950836,0.7517763693918544,0.31,strong_down,1.82,tp_sys_ok,down,0.6,0.55,0.44,0.59
002683.SZ|20240228|495,002683.SZ,20240228,EVENT,-0.1611,2024,202402,up,2,32.684,3.797159098321501,-1.9548544028994974,0.5,mild_up,2.0,tp_sys_ok,unknown,0.66,0.6,0.84,0.54
600067.SH|20240301|724,600067.SH,20240301,EVENT,2.9324,2024,202403,down,12,28.307,4.503245713620352,-5.393997613017798,0.36,strong_down,1.82,tp_sys_ok,down,0.57,0.62,0.56,0.65
300598.SZ|20240228|499,300598.SZ,20240228,EVENT,12.5623,2024,202402,down,9,31.485,20.854610030827093,-7.564890423152725,0.33,strong_down,1.68,tp_sys_ok,down,0.65,0.49,0.5,0.54
603321.SH|20240301|728,603321.SH,20240301,EVENT,8.5213,2024,202403,down,12,34.841,9.93004451712547,-4.275791438506071,0.33,strong_down,1.76,tp_sys_ok,down,0.57,0.62,0.6,0.63
600080.SH|20240228|503,600080.SH,20240228,EVENT,-7.2551,2024,202402,up,12,44.44,-0.5657195984809071,-8.444822641390493,0.54,strong_up,1.44,tp_sys_ok,up,0.45,0.3,0.81,0.44
688232.SH|20240223|590,688232.SH,20240223,EVENT,2.0165,2024,202402,down,3,32.426,10.180664151660013,-0.5318520844973973,0.3,strong_down,1.92,tp_sys_ok,down,0.48,0.58,0.55,0.64
001259.SZ|20240304|732,001259.SZ,20240304,EVENT,-7.9951,2024,202403,down,12,25.053,-0.9177115046758555,-13.030193908839927,0.38,mild_down,2.21,tp_sys_ok,down,0.38,0.55,0.55,0.56
002117.SZ|20240226|594,002117.SZ,20240226,EVENT,-2.9466,2024,202402,down,3,32.651,3.0901030901030913,-5.229905229905219,0.31,strong_down,1.68,tp_sys_ok,down,0.57,0.5,0.51,0.54
603281.SH|20240226|598,603281.SH,20240226,EVENT,0.1501,2024,202402,down,2,19.552,5.413243112614774,-1.9816336394393508,0.37,mild_down,1.71,tp_sys_ok,down,0.5,0.57,0.61,0.56
605055.SH|20240228|507,605055.SH,20240228,EVENT,-1.5613,2024,202402,down,12,40.366,-0.37332827393479207,-13.219457339981687,0.31,strong_down,1.65,tp_sys_ok,down,0.64,0.55,0.51,0.67
688252.SH|20240228|511,688252.SH,20240228,EVENT,5.2589,2024,202402,down,12,39.181,8.382593406348837,-7.962083132502462,0.31,strong_down,1.73,tp_sys_ok,down,0.58,0.49,0.44,0.64
002034.SZ|20240229|515,002034.SZ,20240229,EVENT,4.3299,2024,202402,down,12,16.548,6.01449275362318,-3.3333333333333437,0.35,strong_down,2.18,tp_sys_ok,down,0.42,0.56,0.55,0.73
688517.SH|20240226|602,688517.SH,20240226,EVENT,9.9961,2024,202402,down,12,41.434,14.700155763239863,-2.7258566978193066,0.36,strong_down,1.92,tp_sys_ok,down,0.53,0.68,0.55,0.66
300708.SZ|20240229|519,300708.SZ,20240229,EVENT,1.1964,2024,202402,up,4,24.146,7.949526813880126,-2.429022082018928,0.37,mild_up,1.81,tp_sys_ok,up,0.62,0.36,0.29,0.35
603339.SH|20240229|523,603339.SH,20240229,EVENT,11.2634,2024,202402,down,12,24.954,14.27132922460026,4.606366288609287,0.32,strong_down,1.91,tp_sys_ok,down,0.62,0.66,0.55,0.75
002272.SZ|20240228|606,002272.SZ,20240228,EVENT,34.0269,2024,202402,down,6,38.058,43.70713000849986,-12.826899128268998,0.31,strong_down,1.74,tp_sys_ok,down,0.54,0.6,0.62,0.51
688391.SH|20240229|527,688391.SH,20240229,EVENT,16.4086,2024,202402,down,12,37.512,25.61240061039274,3.674403662356429,0.31,strong_down,1.87,tp_sys_ok,down,0.73,0.54,0.44,0.53
300768.SZ|20240228|610,300768.SZ,20240228,EVENT,-0.466,2024,202402,up,3,33.366,0.5992570297459254,-9.014492110563033,0.53,mild_up,2.01,tp_sys_ok,unknown,0.68,0.63,0.84,0.4
600509.SH|20240202|531,600509.SH,20240202,EVENT,-6.0217,2024,202402,down,1,5.633,-2.5429130953649848,-11.94795043336322,0.34,strong_down,1.82,tp_sys_ok,down,0.49,0.6,0.48,0.69
600865.SH|20240228|614,600865.SH,20240228,EVENT,-4.1921,2024,202402,down,12,30.314,-2.146464646464652,-9.812409812409816,0.34,strong_down,1.68,tp_sys_ok,down,0.4,0.57,0.62,0.62
301115.SZ|20240304|740,301115.SZ,20240304,EVENT,3.0308,2024,202403,down,12,17.688,4.249999999999998,-0.6249999999999978,0.29,strong_down,1.69,tp_sys_ok,down,0.68,0.48,0.47,0.6
688391.SH|20240228|618,688391.SH,20240228,EVENT,8.4521,2024,202402,down,12,41.502,17.40472501471313,-7.160937556300217,0.27,strong_down,1.52,tp_sys_ok,down,0.69,0.35,0.43,0.55
301321.SZ|20240304|744,301321.SZ,20240304,EVENT,5.0753,2024,202403,down,12,44.916,7.361111111111107,-7.569444444444439,0.34,strong_down,1.81,tp_sys_ok,down,0.53,0.54,0.64,0.53
301305.SZ|20240301|622,301305.SZ,20240301,EVENT,3.2959,2024,202403,down,12,30.007,5.014081741912424,-7.1270211222899675,0.29,strong_down,1.65,tp_sys_ok,down,0.66,0.41,0.42,0.79
603321.SH|20240304|748,603321.SH,20240304,EVENT,8.9189,2024,202403,down,12,34.238,12.168677708661214,-3.486638853497892,0.31,strong_down,1.77,tp_sys_ok,down,0.57,0.63,0.59,0.61
688069.SH|20240208|535,688069.SH,20240208,EVENT,3.8531,2024,202402,down,12,0.818,16.029263389688776,0.8758300820587372,0.31,strong_down,1.86,tp_sys_ok,down,0.6,0.66,0.56,0.75
688129.SH|20240304|752,688129.SH,20240304,EVENT,8.7325,2024,202403,down,12,30.48,12.20329554782207,-5.180074756971997,0.34,strong_down,1.99,tp_sys_ok,down,0.64,0.74,0.64,0.71
300005.SZ|20240306|756,300005.SZ,20240306,EVENT,13.1121,2024,202403,down,7,31.645,17.00439227844832,-1.0404491525076276,0.29,strong_down,1.89,tp_sys_ok,down,0.76,0.71,0.57,0.69
300708.SZ|20240220|539,300708.SZ,20240220,EVENT,-3.6576,2024,202402,down,12,27.647,3.9506711775619374,-6.341324408551285,0.34,strong_down,1.86,tp_sys_ok,down,0.52,0.58,0.57,0.69
002820.SZ|20240311|760,002820.SZ,20240311,EVENT,8.3951,2024,202403,down,12,7.699,13.816280806572067,2.6138909634055185,0.36,strong_down,1.85,tp_sys_ok,down,0.55,0.71,0.65,0.5
300885.SZ|20240312|764,300885.SZ,20240312,EVENT,-3.1571,2024,202403,down,12,11.88,10.91310954551734,-3.0390937974858367,0.31,strong_down,1.92,tp_sys_ok,down,0.61,0.7,0.58,0.74
300819.SZ|20240325|768,300819.SZ,20240325,EVENT,5.0346,2024,202403,up,6,16.622,7.793388034455617,-3.946916430773517,0.66,mild_up,2.51,tp_sys_ok,up,0.67,0.51,0.86,0.36
002431.SZ|20240221|543,002431.SZ,20240221,EVENT,7.6298,2024,202402,down,12,18.356,19.10146238504449,1.512638826071666,0.33,strong_down,1.73,tp_sys_ok,down,0.58,0.5,0.55,0.62
300877.SZ|20240221|547,300877.SZ,20240221,EVENT,3.968,2024,202402,down,12,26.618,18.705427199701695,0.8374636814219905,0.34,strong_down,1.78,tp_sys_ok,down,0.75,0.59,0.61,0.6
601666_SH.SH|20240304|772,601666_SH.SH,20240304,CONT,-17.5077,2024,202403,up,0,0.0,0.0,0.0,0.34,mild_up,0.74,tp_sys_ok,up,0.56,0.68,0.87,0.38
301092.SZ|20240221|551,301092.SZ,20240221,EVENT,4.3511,2024,202402,down,12,25.995,16.592373560422512,0.21778206686431378,0.32,strong_down,1.77,tp_sys_ok,down,0.65,0.63,0.6,0.54
603626.SH|20240301|645,603626.SH,20240301,EVENT,7.5291,2024,202403,down,12,33.543,10.880829015544036,-0.6908462867012077,0.34,strong_down,1.95,tp_sys_ok,down,0.52,0.7,0.61,0.71
688068.SH|20240221|555,688068.SH,20240221,EVENT,-0.5764,2024,202402,down,6,30.917,8.820639658319894,-3.1431219218884365,0.31,strong_down,1.93,tp_sys_ok,down,0.54,0.6,0.48,0.6
688079.SH|20240301|649,688079.SH,20240301,EVENT,5.883,2024,202403,down,12,35.714,10.411622276029053,-2.4213075060532607,0.28,strong_down,1.79,tp_sys_ok,down,0.63,0.66,0.53,0.73
000576.SZ|20240306|626,000576.SZ,20240306,EVENT,6.5995,2024,202403,up,11,38.071,9.884373450264917,-7.342155404170914,0.54,mild_up,1.99,tp_sys_ok,up,0.75,0.61,0.81,0.34
688478.SH|20240301|653,688478.SH,20240301,EVENT,-0.5,2024,202403,down,12,36.454,1.9782307485977757,-6.136974412331009,0.29,strong_down,1.79,tp_sys_ok,down,0.52,0.67,0.48,0.66
002753.SZ|20240222|559,002753.SZ,20240222,EVENT,3.3577,2024,202402,down,12,25.078,14.68373493975903,-2.259036144578319,0.33,strong_down,1.89,tp_sys_ok,down,0.6,0.71,0.59,0.62
600233_SH.SH|20240321|776,600233_SH.SH,20240321,CONT,2.9572,2024,202403,up,0,0.0,0.0,0.0,0.36,strong_up,0.93,tp_sys_ok,up,0.81,0.64,0.88,0.5
300674.SZ|20240222|563,300674.SZ,20240222,EVENT,7.4278,2024,202402,down,12,26.947,12.278650183762107,1.5035081857667887,0.31,strong_down,1.82,tp_sys_ok,down,0.79,0.64,0.64,0.69
600212.SH|20240304|657,600212.SH,20240304,EVENT,6.1177,2024,202403,up,12,38.63,9.067036688897856,-6.002417080703626,0.53,mild_up,2.05,tp_sys_ok,up,0.58,0.5,0.8,0.33
688072.SH|20240322|780,688072.SH,20240322,EVENT,-1.544,2024,202403,up,2,7.567,3.7953633276263776,-5.181172640264942,0.68,strong_up,2.48,tp_sys_ok,up,0.47,0.48,0.87,0.44
301320.SZ|20240222|567,301320.SZ,20240222,EVENT,16.2434,2024,202402,down,12,22.669,24.940968122786302,2.951593860684776,0.34,strong_down,1.92,tp_sys_ok,down,0.59,0.68,0.59,0.58
301041.SZ|20240412|784,301041.SZ,20240412,EVENT,-3.2129,2024,202404,down,1,2.819,0.22837307024756726,-10.276788161140038,0.3,mild_down,1.97,tp_sys_ok,down,0.57,0.71,0.66,0.66
300825.SZ|20240305|661,300825.SZ,20240305,EVENT,4.9274,2024,202403,up,7,45.251,12.781629491141056,-3.836998952680193,0.65,mild_up,2.53,tp_sys_ok,up,0.56,0.53,0.87,0.52
688550.SH|20240408|788,688550.SH,20240408,EVENT,-2.9917,2024,202404,down,1,0.094,-1.3829259686258033,-3.6895053389257026,0.34,mild_down,1.71,tp_sys_ok,down,0.72,0.55,0.58,0.68
301429.SZ|20240419|792,301429.SZ,20240419,EVENT,2.3244,2024,202404,up,3,11.171,3.9105072741498548,-10.591524046094369,0.52,mild_up,2.02,tp_sys_ok,unknown,0.68,0.65,0.81,0.37
688068.SH|20240222|571,688068.SH,20240222,EVENT,-1.1236,2024,202402,down,5,31.329,8.222906514026418,-3.675140171936031,0.3,strong_down,1.77,tp_sys_ok,down,0.63,0.54,0.49,0.7
688522.SH|20240307|665,688522.SH,20240307,EVENT,28.5373,2024,202403,up,9,18.863,30.90843017253484,-1.6053145243660416,0.65,mild_up,2.54,tp_sys_ok,up,0.68,0.54,0.87,0.56
301246.SZ|20240409|796,301246.SZ,20240409,EVENT,-4.2764,2024,202404,down,3,3.884,2.206608210905281,-4.587422333197832,0.32,mild_down,1.72,tp_sys_ok,down,0.42,0.57,0.62,0.48
003003.SZ|20240301|669,003003.SZ,20240301,EVENT,13.313,2024,202403,down,12,32.263,15.818680633495475,-3.276593091407898,0.32,strong_down,1.92,tp_sys_ok,down,0.62,0.74,0.62,0.73
300884.SZ|20240301|673,300884.SZ,20240301,EVENT,5.7137,2024,202403,down,12,39.014,7.33078931512352,-2.7113878288812954,0.31,strong_down,1.87,tp_sys_ok,down,0.67,0.69,0.52,0.72
600843.SH|20240301|677,600843.SH,20240301,EVENT,33.5376,2024,202403,down,12,26.663,36.54694349417129,-2.8134833078052868,0.29,strong_down,1.79,tp_sys_ok,down,0.7,0.65,0.56,0.69
001360.SZ|20240223|575,001360.SZ,20240223,EVENT,7.0194,2024,202402,down,12,24.169,13.029576338928873,2.6378896882494063,0.34,strong_down,1.79,tp_sys_ok,down,0.79,0.65,0.61,0.44
002879.SZ|20240223|579,002879.SZ,20240223,EVENT,15.3117,2024,202402,down,12,26.5,17.108433734939776,-1.2048192771084265,0.32,strong_down,1.9,tp_sys_ok,down,0.61,0.71,0.66,0.7
300684.SZ|20240304|630,300684.SZ,20240304,EVENT,0.9409,2024,202403,up,12,51.899,6.533952125061071,-8.671226184660485,0.53,mild_up,1.92,tp_sys_ok,unknown,0.41,0.51,0.79,0.34
000576.SZ|20240308|634,000576.SZ,20240308,EVENT,10.884,2024,202403,up,4,10.924,17.47307327417824,-0.8036162732295349,0.35,mild_up,1.68,sl_too_tight,up,0.74,0.42,0.23,0.41
300828.SZ|20240223|583,300828.SZ,20240223,EVENT,18.089,2024,202402,down,12,39.16,20.705369526451367,-2.6748563503071088,0.32,strong_down,1.73,tp_sys_ok,down,0.68,0.6,0.59,0.57
002836.SZ|20240301|638,002836.SZ,20240301,EVENT,12.216,2024,202403,down,12,42.957,14.072523284215045,-6.326327938373987,0.29,strong_down,1.55,tp_sys_ok,down,0.56,0.45,0.52,0.63
301092.SZ|20240301|642,301092.SZ,20240301,EVENT,6.4621,2024,202403,down,12,31.199,8.945799181489434,-4.263934420573268,0.3,strong_down,1.89,tp_sys_ok,down,0.76,0.65,0.57,0.7
688616.SH|20240301|681,688616.SH,20240301,EVENT,11.1147,2024,202403,down,12,39.57,14.109957708573639,-2.7227290203068577,0.29,strong_down,1.72,tp_sys_ok,down,0.65,0.58,0.47,0.69
603517.SH|20240223|587,603517.SH,20240223,EVENT,0.0623,2024,202402,down,4,23.331,7.0083255356414575,-1.48516039252381,0.34,strong_down,1.88,tp_sys_ok,down,0.71,0.59,0.51,0.49
605300.SH|20240301|646,605300.SH,20240301,EVENT,4.7884,2024,202403,down,12,26.435,6.64546551156926,-3.48295987620475,0.36,strong_down,2.14,tp_sys_ok,down,0.47,0.52,0.55,0.71
688252.SH|20240301|650,688252.SH,20240301,EVENT,8.9111,2024,202403,down,12,39.382,11.627097403049525,-0.9051033906565364,0.31,strong_down,1.98,tp_sys_ok,down,0.68,0.54,0.52,0.62
300629.SZ|20240304|685,300629.SZ,20240304,EVENT,8.1391,2024,202403,down,12,30.612,11.69040131228385,-1.3117034034170194,0.33,strong_down,1.86,tp_sys_ok,down,0.5,0.6,0.49,0.53
002846.SZ|20240304|654,002846.SZ,20240304,EVENT,15.8777,2024,202403,down,12,33.037,28.243551898883148,-5.55877156608765,0.33,strong_down,1.86,tp_sys_ok,down,0.66,0.68,0.59,0.66
603222.SH|20240304|658,603222.SH,20240304,EVENT,5.234,2024,202403,down,12,28.301,7.882623705408509,-3.7846822656949275,0.27,strong_down,1.85,tp_sys_ok,down,0.63,0.71,0.5,0.71
688486.SH|20240223|591,688486.SH,20240223,EVENT,14.1398,2024,202402,down,12,31.553,19.4676549865229,-2.4764150943396235,0.34,strong_down,1.86,tp_sys_ok,down,0.52,0.71,0.52,0.69
002391.SZ|20240226|595,002391.SZ,20240226,EVENT,0.8131,2024,202402,down,12,22.246,4.498869228653879,-4.325662147685705,0.31,strong_down,1.75,tp_sys_ok,down,0.66,0.59,0.61,0.53
301115.SZ|20240305|662,301115.SZ,20240305,EVENT,2.7059,2024,202403,down,12,18.409,3.5446261884450436,-1.7098772300730647,0.26,strong_down,1.59,tp_sys_ok,down,0.64,0.45,0.38,0.62
603219.SH|20240304|689,603219.SH,20240304,EVENT,15.8664,2024,202403,down,12,39.598,38.13974374431044,-1.2613594865800382,0.32,strong_down,1.94,tp_sys_ok,down,0.51,0.68,0.56,0.64
605122.SH|20240311|666,605122.SH,20240311,EVENT,5.1876,2024,202403,down,12,8.545,10.170756741625464,1.2130260334048515,0.31,strong_down,1.8,tp_sys_ok,down,0.72,0.67,0.49,0.7
603551.SH|20240226|599,603551.SH,20240226,EVENT,-0.3729,2024,202402,up,2,24.388,5.099578783789305,-2.1592442645074206,0.55,mild_up,2.09,tp_sys_ok,up,0.61,0.58,0.82,0.41
300250.SZ|20240301|670,300250.SZ,20240301,EVENT,2.0443,2024,202403,down,4,34.069,8.775510204081648,-1.1564625850340127,0.32,strong_down,1.96,tp_sys_ok,down,0.55,0.55,0.55,0.55
301197.SZ|20240301|674,301197.SZ,20240301,EVENT,9.8624,2024,202403,down,12,39.239,11.451273662070594,-2.882293370725242,0.3,strong_down,1.69,tp_sys_ok,down,0.75,0.52,0.53,0.61
605018.SH|20240301|678,605018.SH,20240301,EVENT,9.4714,2024,202403,down,12,29.99,11.412629977174738,-2.662946994674109,0.29,strong_down,1.78,tp_sys_ok,down,0.77,0.62,0.52,0.74
002058.SZ|20240304|682,002058.SZ,20240304,EVENT,0.7818,2024,202403,down,12,39.514,7.529685842938871,-10.116657104608894,0.29,strong_down,1.58,tp_sys_ok,down,0.6,0.45,0.39,0.55
301228.SZ|20240304|686,301228.SZ,20240304,EVENT,8.7277,2024,202403,down,12,42.535,17.738470679647158,-5.114493349787463,0.29,strong_down,1.64,tp_sys_ok,down,0.7,0.5,0.59,0.64
603980.SH|20240304|690,603980.SH,20240304,EVENT,3.3618,2024,202403,down,12,27.073,7.754326267224609,-6.34723563403381,0.34,strong_down,1.8,tp_sys_ok,down,0.55,0.6,0.55,0.62
688229.SH|20240304|693,688229.SH,20240304,EVENT,3.4602,2024,202403,down,12,43.208,6.538944177320549,-7.749077490774914,0.29,strong_down,1.83,tp_sys_ok,down,0.69,0.72,0.54,0.69
301197.SZ|20240305|697,301197.SZ,20240305,EVENT,12.0026,2024,202403,down,12,38.603,15.320582147244677,-2.508869761327759,0.32,strong_down,1.79,tp_sys_ok,down,0.77,0.57,0.51,0.59
002753.SZ|20240228|607,002753.SZ,20240228,EVENT,-3.7659,2024,202402,down,12,32.771,-1.181373143989961,-12.475893784304992,0.31,strong_down,1.7,tp_sys_ok,down,0.62,0.58,0.63,0.57
688120.SH|20240306|701,688120.SH,20240306,EVENT,-1.0301,2024,202403,up,2,12.563,2.5957718945567088,-1.2935794816734902,0.66,mild_up,2.71,tp_sys_ok,up,0.59,0.71,0.86,0.41
300947.SZ|20240228|611,300947.SZ,20240228,EVENT,-5.3216,2024,202402,down,12,40.303,-1.7061370002546483,-12.061794414735605,0.32,strong_down,1.74,tp_sys_ok,down,0.69,0.61,0.58,0.55
603818.SH|20240228|615,603818.SH,20240228,EVENT,-4.8542,2024,202402,down,12,34.976,0.5125143056177839,-8.444046375080838,0.33,strong_down,1.79,tp_sys_ok,down,0.73,0.63,0.48,0.57
688543.SH|20240228|619,688543.SH,20240228,EVENT,0.337,2024,202402,down,6,30.591,7.2806662274047085,-2.7337004596130976,0.36,strong_down,1.86,tp_sys_ok,down,0.58,0.56,0.55,0.63
301227.SZ|20240411|800,301227.SZ,20240411,EVENT,-9.0657,2024,202404,up,2,8.683,-1.7965950236866646,-10.84096661785906,0.39,mild_up,1.65,tp_sys_ok,unknown,0.71,0.36,0.41,0.4
001255.SZ|20240301|623,001255.SZ,20240301,EVENT,9.4733,2024,202403,down,12,26.8,11.211871393239893,-3.8334707337180696,0.3,strong_down,1.63,tp_sys_ok,down,0.61,0.48,0.54,0.73
603119.SH|20240301|627,603119.SH,20240301,EVENT,-0.3209,2024,202403,up,2,27.84,2.84644723831049,-3.7646560248622674,0.45,mild_up,1.78,tp_sys_ok,up,0.62,0.42,0.54,0.51
000795.SZ|20240418|804,000795.SZ,20240418,EVENT,6.3858,2024,202404,up,5,8.467,9.040114586426306,-0.8573440076490413,0.44,strong_up,1.62,tp_sys_ok,unknown,0.44,0.35,0.55,0.36
603818.SH|20240307|705,603818.SH,20240307,EVENT,-2.1911,2024,202403,down,12,8.718,2.8205128205128105,-4.61538461538461,0.32,strong_down,1.75,tp_sys_ok,down,0.78,0.61,0.51,0.56
603399.SH|20240304|631,603399.SH,20240304,EVENT,0.4804,2024,202403,down,12,36.663,3.8301799723119423,-6.168281802799558,0.34,strong_down,1.96,tp_sys_ok,down,0.72,0.58,0.46,0.58
003017.SZ|20240308|709,003017.SZ,20240308,EVENT,8.7436,2024,202403,down,12,9.5,17.259691980881577,-0.697974357029052,0.3,strong_down,1.92,tp_sys_ok,down,0.59,0.73,0.6,0.65
001283.SZ|20240301|635,001283.SZ,20240301,EVENT,16.4028,2024,202403,down,12,27.268,26.378965418691045,-2.6864818519577116,0.29,strong_down,1.65,tp_sys_ok,down,0.64,0.55,0.53,0.57
301263.SZ|20240424|808,301263.SZ,20240424,EVENT,3.2607,2024,202404,down,2,8.65,6.336838152459645,1.7179872324446288,0.35,strong_down,2.01,tp_sys_ok,down,0.47,0.54,0.61,0.58
300970.SZ|20240311|713,300970.SZ,20240311,EVENT,6.4711,2024,202403,down,12,10.394,14.18049906562604,1.6159173353852863,0.32,strong_down,1.67,tp_sys_ok,down,0.66,0.56,0.56,0.49
002937.SZ|20240301|639,002937.SZ,20240301,EVENT,6.4823,2024,202403,down,12,31.916,9.290297864189245,-0.38310506656451526,0.33,strong_down,1.77,tp_sys_ok,down,0.54,0.48,0.46,0.6
688173.SH|20240315|717,688173.SH,20240315,EVENT,-3.427,2024,202403,up,12,23.531,12.184435328540122,-11.634540455501163,0.39,mild_up,1.72,tp_sys_ok,up,0.61,0.45,0.39,0.37
000960_SZ.SZ|20240416|812,000960_SZ.SZ,20240416,CONT,-5.9714,2024,202404,up,0,0.0,0.0,0.0,0.57,strong_up,1.9,tp_sys_ok,up,0.75,0.37,0.92,0.43
301233.SZ|20240301|643,301233.SZ,20240301,EVENT,21.3333,2024,202403,down,12,34.23,31.22838944494997,-2.7070063694267454,0.32,strong_down,1.9,tp_sys_ok,down,0.62,0.7,0.62,0.6
301021.SZ|20240408|816,301021.SZ,20240408,EVENT,-9.3871,2024,202404,up,5,9.005,0.39524233536738507,-13.9141959129785,0.4,mild_up,1.77,tp_sys_ok,unknown,0.69,0.48,0.48,0.36
688056.SH|20240301|647,688056.SH,20240301,EVENT,10.5807,2024,202403,down,12,30.699,14.686249806599916,-2.9039483087623164,0.29,strong_down,1.81,tp_sys_ok,down,0.79,0.67,0.44,0.67
300080.SZ|20240430|820,300080.SZ,20240430,EVENT,-5.0194,2024,202404,down,12,12.492,6.649014416004695,-7.325684024713164,0.33,strong_down,1.62,tp_sys_ok,down,0.43,0.46,0.62,0.5
300691.SZ|20240301|721,300691.SZ,20240301,EVENT,5.783,2024,202403,down,12,32.208,7.948568088836927,-3.27293980128579,0.32,mild_down,1.88,tp_sys_ok,down,0.46,0.74,0.59,0.59
600080.SH|20240301|725,600080.SH,20240301,EVENT,-2.1082,2024,202403,up,12,42.565,0.7379099537547562,-5.114197757690064,0.64,mild_up,2.68,tp_sys_ok,up,0.38,0.68,0.86,0.57
688502.SH|20240516|824,688502.SH,20240516,EVENT,2.6965,2024,202405,up,2,13.724,12.512163673812715,-3.323384642019034,0.42,mild_up,1.93,tp_sys_ok,unknown,0.66,0.56,0.51,0.37
300970.SZ|20240305|694,300970.SZ,20240305,EVENT,9.4967,2024,202403,down,12,32.045,12.939001848428845,-3.1858214635207105,0.3,strong_down,1.71,tp_sys_ok,down,0.69,0.54,0.55,0.59
600530.SH|20240520|828,600530.SH,20240520,EVENT,5.1973,2024,202405,up,3,21.462,15.962036238136324,-0.8628127696289956,0.54,mild_up,1.64,tp_sys_ok,up,0.5,0.36,0.81,0.37
301369.SZ|20240305|698,301369.SZ,20240305,EVENT,10.5234,2024,202403,down,12,37.799,27.004849189790804,0.37633074809293454,0.29,strong_down,2.04,tp_sys_ok,down,0.73,0.63,0.55,0.79
688558.SH|20240306|702,688558.SH,20240306,EVENT,3.1292,2024,202403,down,12,37.835,6.8394360954729505,-1.8145442702275028,0.34,strong_down,1.79,tp_sys_ok,down,0.53,0.52,0.49,0.68
688123.SH|20240301|729,688123.SH,20240301,EVENT,21.0033,2024,202403,down,12,35.735,21.950198786356978,-2.720234358652429,0.32,strong_down,1.82,tp_sys_ok,down,0.67,0.66,0.52,0.6
002452.SZ|20240304|733,002452.SZ,20240304,EVENT,10.9025,2024,202403,down,12,39.771,16.17847411444142,0.0,0.31,strong_down,1.79,tp_sys_ok,down,0.49,0.64,0.55,0.58
001267.SZ|20240508|832,001267.SZ,20240508,EVENT,8.6069,2024,202405,down,7,16.746,19.07487978016944,-2.04310103554437,0.26,strong_down,1.74,tp_sys_ok,down,0.66,0.4,0.4,0.66
300658.SZ|20240304|737,300658.SZ,20240304,EVENT,7.6347,2024,202403,down,12,33.985,10.742521566629804,-3.959645657062638,0.3,strong_down,1.78,tp_sys_ok,down,0.6,0.65,0.53,0.66
688291.SH|20240307|706,688291.SH,20240307,EVENT,8.4704,2024,202403,down,12,10.524,13.392185383959454,-0.7523699653909977,0.28,strong_down,1.86,tp_sys_ok,down,0.65,0.7,0.52,0.75
002289.SZ|20240520|836,002289.SZ,20240520,EVENT,0.6579,2024,202405,down,2,10.879,5.163043478260865,-0.27173913043478937,0.33,strong_down,1.87,tp_sys_ok,down,0.53,0.55,0.53,0.46
301156.SZ|20240304|741,301156.SZ,20240304,EVENT,11.599,2024,202403,down,12,41.387,21.28687429334977,-3.742059153715027,0.33,strong_down,1.94,tp_sys_ok,down,0.65,0.76,0.6,0.66
688315.SH|20240301|651,688315.SH,20240301,EVENT,6.1865,2024,202403,up,12,25.481,7.520093849108878,-4.18474176042043,0.36,mild_up,1.56,sl_too_tight,up,0.7,0.31,0.14,0.29
600778.SH|20240508|840,600778.SH,20240508,EVENT,-0.9529,2024,202405,down,12,19.605,5.256100831322086,-2.788951461517819,0.3,mild_down,1.77,tp_sys_ok,down,0.46,0.61,0.49,0.61
688677.SH|20240510|844,688677.SH,20240510,EVENT,-9.8115,2024,202405,down,12,20.563,0.8118605920516275,-10.840270646629403,0.35,strong_down,1.75,tp_sys_ok,down,0.43,0.65,0.6,0.59
600080.SH|20240304|745,600080.SH,20240304,EVENT,-0.3648,2024,202403,up,12,41.233,3.0993888136745307,-2.8899028899028845,0.63,mild_up,2.62,tp_sys_ok,up,0.46,0.62,0.88,0.49
300538.SZ|20240304|655,300538.SZ,20240304,EVENT,3.8013,2024,202403,down,12,43.355,9.367756426579943,-6.368141662259319,0.31,strong_down,1.94,tp_sys_ok,down,0.55,0.58,0.52,0.58
688429.SH|20240304|659,688429.SH,20240304,EVENT,4.6685,2024,202403,down,12,24.161,7.750179887240316,-5.5478135730615445,0.34,strong_down,1.89,tp_sys_ok,down,0.72,0.73,0.55,0.68
601113_SH.SH|20240514|848,601113_SH.SH,20240514,CONT,-8.513,2024,202405,up,0,0.0,0.0,0.0,0.31,strong_up,0.9,tp_sys_ok,up,0.73,0.6,0.87,0.52
688426.SH|20240306|663,688426.SH,20240306,EVENT,3.6674,2024,202403,down,12,38.553,6.48030255873393,-9.883145177262831,0.31,strong_down,1.92,tp_sys_ok,down,0.64,0.52,0.48,0.64
603726.SH|20240304|749,603726.SH,20240304,EVENT,6.4765,2024,202403,down,12,41.553,12.175554506842845,-5.474280320906089,0.32,strong_down,1.75,tp_sys_ok,down,0.76,0.61,0.59,0.55
603228_SH.SH|20240516|852,603228_SH.SH,20240516,CONT,-3.3622,2024,202405,up,0,0.0,0.0,0.0,0.56,mild_up,1.64,tp_sys_ok,up,0.66,0.27,0.9,0.52
688231.SH|20240321|667,688231.SH,20240321,EVENT,0.488,2024,202403,down,12,12.118,2.3760796253040173,-9.853446564925372,0.32,strong_down,1.9,tp_sys_ok,down,0.71,0.75,0.57,0.59
603507_SH.SH|20240520|856,603507_SH.SH,20240520,CONT,0.9066,2024,202405,up,0,0.0,0.0,0.0,0.57,strong_up,1.71,tp_sys_ok,up,0.58,0.26,0.89,0.55
300575.SZ|20240507|860,300575.SZ,20240507,EVENT,1.8669,2024,202405,down,2,14.017,4.90196078431373,0.0,0.32,strong_down,1.71,tp_sys_ok,down,0.42,0.46,0.53,0.47
300447.SZ|20240301|671,300447.SZ,20240301,EVENT,9.0987,2024,202403,down,12,34.402,13.368747233289069,-0.6197432492253241,0.38,strong_down,2.11,tp_sys_ok,down,0.54,0.55,0.59,0.65
688420.SH|20240304|753,688420.SH,20240304,EVENT,2.8441,2024,202403,down,12,24.708,4.32572710784207,-3.8289208622778625,0.3,strong_down,1.88,tp_sys_ok,down,0.64,0.59,0.48,0.59
688455.SH|20240306|757,688455.SH,20240306,EVENT,7.7009,2024,202403,down,12,24.049,9.523809523809511,1.6233766233766378,0.29,strong_down,1.82,tp_sys_ok,down,0.78,0.66,0.54,0.69
601089.SH|20240311|761,601089.SH,20240311,EVENT,1.9973,2024,202403,up,2,21.531,3.978083014336109,1.3510470614726433,0.66,mild_up,2.57,tp_sys_ok,up,0.55,0.57,0.87,0.5
301126.SZ|20240312|765,301126.SZ,20240312,EVENT,2.7391,2024,202403,down,10,10.584,10.930180682578627,-0.11153245594467398,0.35,strong_down,1.88,tp_sys_ok,down,0.81,0.69,0.56,0.49
301323.SZ|20240301|675,301323.SZ,20240301,EVENT,13.029,2024,202403,down,12,33.594,16.892383864860918,-1.9659239842725995,0.29,strong_down,1.89,tp_sys_ok,down,0.71,0.63,0.61,0.78
688217.SH|20240301|679,688217.SH,20240301,EVENT,6.5217,2024,202403,down,12,29.88,8.455658779832898,-5.460907313330909,0.28,strong_down,1.72,tp_sys_ok,down,0.82,0.6,0.48,0.69
600180.SH|20240508|864,600180.SH,20240508,EVENT,0.3775,2024,202405,down,3,10.153,4.110774556469066,-3.0289917784508846,0.3,strong_down,1.86,tp_sys_ok,down,0.67,0.69,0.53,0.64
603153.SH|20240509|868,603153.SH,20240509,EVENT,-7.8974,2024,202405,down,12,18.814,4.01489064477869,-8.168165510368986,0.33,mild_down,1.92,tp_sys_ok,down,0.46,0.61,0.52,0.52
601929.SH|20240606|872,601929.SH,20240606,EVENT,-12.5406,2024,202406,down,12,20.541,8.915239350021963,-16.5568730786122,0.31,strong_down,1.61,tp_sys_ok,down,0.79,0.47,0.43,0.64
002445.SZ|20240613|876,002445.SZ,20240613,EVENT,-1.0907,2024,202406,down,1,0.246,1.5775734876858571,-1.827261377823175,0.29,strong_down,1.83,tp_sys_ok,down,0.75,0.6,0.52,0.63
688455.SH|20240620|880,688455.SH,20240620,EVENT,-3.8374,2024,202406,down,12,13.708,4.742297829306152,-7.77862053189825,0.27,strong_down,1.73,tp_sys_ok,down,0.79,0.62,0.46,0.7
688515.SH|20240328|769,688515.SH,20240328,EVENT,-17.5801,2024,202403,up,12,22.146,20.095108695652186,-21.19565217391304,0.52,mild_up,1.37,tp_sys_ok,up,0.51,0.2,0.82,0.33
600707_SH.SH|20240311|773,600707_SH.SH,20240311,CONT,-1.3236,2024,202403,up,0,0.0,0.0,0.0,0.56,mild_up,1.78,tp_sys_ok,up,0.45,0.39,0.91,0.37
002496_SZ.SZ|20240329|777,002496_SZ.SZ,20240329,CONT,0.6889,2024,202403,up,0,0.0,0.0,0.0,0.54,mild_up,1.54,tp_sys_ok,up,0.7,0.37,0.88,0.48
002162.SZ|20240304|683,002162.SZ,20240304,EVENT,-0.5818,2024,202403,down,3,32.343,5.218855218855212,-6.472128694350932,0.37,strong_down,1.87,tp_sys_ok,down,0.37,0.56,0.52,0.55
600307.SH|20240617|884,600307.SH,20240617,EVENT,-0.2113,2024,202406,down,12,10.428,1.8313213435164677,-7.20210232405355,0.29,strong_down,1.7,tp_sys_ok,down,0.66,0.56,0.45,0.68
601689.SH|20240325|781,601689.SH,20240325,EVENT,0.396,2024,202403,up,4,15.52,7.373969314267836,-3.7229354393533476,0.6,strong_up,2.42,tp_sys_ok,up,0.37,0.42,0.88,0.44
301300.SZ|20240304|687,301300.SZ,20240304,EVENT,12.6802,2024,202403,down,12,41.398,24.944924170362427,-4.39453647769994,0.29,strong_down,1.88,tp_sys_ok,down,0.77,0.73,0.54,0.77
688591.SH|20240606|888,688591.SH,20240606,EVENT,8.345,2024,202406,down,5,6.965,18.55695986847192,-4.6319757932336785,0.29,strong_down,1.79,tp_sys_ok,down,0.62,0.68,0.5,0.66
688037.SH|20240304|691,688037.SH,20240304,EVENT,0.6184,2024,202403,down,2,36.568,5.738785789193157,-1.6857030257407257,0.29,strong_down,1.9,tp_sys_ok,down,0.73,0.61,0.44,0.66
300819.SZ|20240308|710,300819.SZ,20240308,EVENT,8.7034,2024,202403,down,12,11.248,16.418626980316866,-1.728276524243877,0.28,strong_down,1.78,tp_sys_ok,down,0.69,0.64,0.47,0.71
688433.SH|20240415|785,688433.SH,20240415,EVENT,-4.8695,2024,202404,down,1,3.21,-4.302984636839624,-10.406446661011092,0.31,mild_down,1.85,tp_sys_ok,down,0.63,0.64,0.65,0.64
301009.SZ|20240305|695,301009.SZ,20240305,EVENT,6.8719,2024,202403,down,12,25.854,7.996731677857127,-6.213364595545123,0.32,strong_down,1.65,tp_sys_ok,down,0.53,0.51,0.64,0.47
688576.SH|20240619|892,688576.SH,20240619,EVENT,-5.9309,2024,202406,down,3,5.542,4.14238985996116,-6.68506593069611,0.31,strong_down,1.74,tp_sys_ok,down,0.75,0.61,0.45,0.65
301156.SZ|20240410|789,301156.SZ,20240410,EVENT,-14.4973,2024,202404,up,3,14.126,-4.215337734890811,-14.790361717736022,0.5,strong_up,1.78,tp_sys_ok,unknown,0.6,0.48,0.82,0.46
603811.SH|20240311|714,603811.SH,20240311,EVENT,-1.5284,2024,202403,down,12,6.22,6.531487619418996,-3.626437902125168,0.29,strong_down,1.84,tp_sys_ok,down,0.74,0.7,0.53,0.71
001296.SZ|20240306|699,001296.SZ,20240306,EVENT,11.1376,2024,202403,down,12,22.067,13.959660297239918,1.3800424628450214,0.32,strong_down,1.84,tp_sys_ok,down,0.48,0.7,0.58,0.52
002132.SZ|20240614|896,002132.SZ,20240614,EVENT,-3.0244,2024,202406,down,12,8.171,4.650104650104647,-5.814905814905824,0.33,strong_down,1.53,tp_sys_ok,down,0.61,0.42,0.56,0.42
002846.SZ|20240307|703,002846.SZ,20240307,EVENT,25.3099,2024,202403,down,4,7.073,33.30033186391448,-1.5503578241220728,0.31,strong_down,1.91,tp_sys_ok,down,0.61,0.74,0.55,0.77
002811.SZ|20240301|718,002811.SZ,20240301,EVENT,18.7486,2024,202403,down,12,39.901,40.145487189189,-7.707259892349871,0.32,strong_down,1.73,tp_sys_ok,down,0.65,0.58,0.57,0.65
300597.SZ|20240617|900,300597.SZ,20240617,EVENT,10.8356,2024,202406,down,5,10.178,21.8353814022755,-0.637942761941579,0.31,mild_down,1.59,tp_sys_ok,down,0.46,0.48,0.6,0.6
300902.SZ|20240301|722,300902.SZ,20240301,EVENT,9.4546,2024,202403,down,12,34.535,11.263694345265352,0.715106757402828,0.33,strong_down,2.05,tp_sys_ok,down,0.46,0.57,0.49,0.57
001255.SZ|20240308|707,001255.SZ,20240308,EVENT,1.7471,2024,202403,down,11,14.369,9.010901090109025,-0.9100910091009107,0.31,strong_down,1.8,tp_sys_ok,down,0.53,0.66,0.55,0.57
600183.SH|20240301|726,600183.SH,20240301,EVENT,0.5686,2024,202403,down,3,29.52,4.312668463611868,-0.26954177897573484,0.34,strong_down,2.09,tp_sys_ok,down,0.4,0.59,0.51,0.49
603116.SH|20240308|711,603116.SH,20240308,EVENT,5.0835,2024,202403,down,12,8.046,9.836852207293667,0.0,0.31,strong_down,1.75,tp_sys_ok,down,0.45,0.62,0.5,0.61
688528.SH|20240301|730,688528.SH,20240301,EVENT,14.3556,2024,202403,down,12,40.351,17.069892473118276,-2.1505376344086002,0.31,strong_down,1.83,tp_sys_ok,down,0.64,0.68,0.52,0.72
002821.SZ|20240304|734,002821.SZ,20240304,EVENT,-4.6211,2024,202403,down,12,24.325,6.375348651879409,-6.916844611093509,0.27,strong_down,1.92,tp_sys_ok,down,0.77,0.76,0.62,0.69
002820.SZ|20240312|715,002820.SZ,20240312,EVENT,3.7275,2024,202403,down,12,10.52,10.24837231733784,0.36170725825896977,0.34,strong_down,1.81,tp_sys_ok,down,0.53,0.63,0.63,0.48
300836.SZ|20240304|738,300836.SZ,20240304,EVENT,20.191,2024,202403,down,4,45.078,40.268818396104436,-5.115529841206512,0.25,strong_down,1.77,tp_sys_ok,down,0.75,0.64,0.5,0.75
688236.SH|20240619|904,688236.SH,20240619,EVENT,-1.4751,2024,202406,down,1,1.077,2.1888295364407506,-1.6247039311289568,0.29,strong_down,1.75,tp_sys_ok,down,0.74,0.57,0.51,0.68
603863.SH|20240620|908,603863.SH,20240620,EVENT,4.4413,2024,202406,down,12,25.071,13.080835514295597,-16.87653284611459,0.29,strong_down,1.58,tp_sys_ok,down,0.57,0.45,0.34,0.63
300605.SZ|20240301|719,300605.SZ,20240301,EVENT,9.6561,2024,202403,down,12,39.452,11.501901140684412,-2.5665399239543696,0.31,strong_down,1.7,tp_sys_ok,down,0.78,0.54,0.58,0.52
301486.SZ|20240301|723,301486.SZ,20240301,EVENT,16.3549,2024,202403,down,12,30.883,39.31737321353195,1.266357112705796,0.29,strong_down,1.97,tp_sys_ok,down,0.71,0.71,0.56,0.7
603217.SH|20240301|727,603217.SH,20240301,EVENT,6.7864,2024,202403,down,12,31.173,8.396451456553145,-3.2106706735859136,0.35,mild_down,1.83,tp_sys_ok,down,0.37,0.67,0.64,0.53
001222.SZ|20240304|731,001222.SZ,20240304,EVENT,3.9574,2024,202403,down,12,28.791,5.959931541326902,-5.953219906708263,0.31,strong_down,1.74,tp_sys_ok,down,0.67,0.61,0.64,0.57
002932.SZ|20240611|912,002932.SZ,20240611,EVENT,-2.6753,2024,202406,down,3,2.28,1.8671356360139724,-2.9322582690985755,0.32,strong_down,1.86,tp_sys_ok,down,0.45,0.53,0.5,0.64
300132.SZ|20240304|735,300132.SZ,20240304,EVENT,7.223,2024,202403,down,12,35.444,10.819480898221045,-2.7015562448633346,0.29,strong_down,1.67,tp_sys_ok,down,0.71,0.52,0.52,0.51
300877.SZ|20240304|739,300877.SZ,20240304,EVENT,12.0064,2024,202403,down,12,30.59,16.917845879241455,-4.129324255313582,0.32,strong_down,1.67,tp_sys_ok,down,0.75,0.53,0.55,0.52
301190.SZ|20240304|743,301190.SZ,20240304,EVENT,5.8067,2024,202403,down,12,17.423,17.41327907563739,-3.2078590638940585,0.31,strong_down,1.76,tp_sys_ok,down,0.7,0.67,0.58,0.74
000795.SZ|20240619|916,000795.SZ,20240619,EVENT,-4.7738,2024,202406,down,3,4.383,0.822524220852916,-7.618431295311523,0.36,strong_down,2.01,tp_sys_ok,down,0.46,0.74,0.65,0.61
603116.SH|20240304|747,603116.SH,20240304,EVENT,8.3871,2024,202403,down,12,24.113,10.50948355023591,-2.619150268053083,0.31,strong_down,1.77,tp_sys_ok,down,0.45,0.62,0.49,0.68
301176.SZ|20240304|742,301176.SZ,20240304,EVENT,9.4159,2024,202403,down,12,40.18,17.087833350809124,-4.145258816539088,0.29,strong_down,1.63,tp_sys_ok,down,0.84,0.52,0.58,0.56
688211.SH|20240808|920,688211.SH,20240808,EVENT,-4.019,2024,202408,down,12,4.732,0.3891372743831889,-3.874813710879288,0.33,strong_down,1.7,tp_sys_ok,down,0.62,0.46,0.47,0.52
605388.SH|20240304|751,605388.SH,20240304,EVENT,4.8757,2024,202403,down,12,25.496,7.125568786910641,-2.346145157646762,0.28,strong_down,1.83,tp_sys_ok,down,0.67,0.74,0.48,0.76
600543.SH|20240304|746,600543.SH,20240304,EVENT,13.0732,2024,202403,down,12,28.242,14.615384615384608,2.115384615384608,0.31,strong_down,1.9,tp_sys_ok,down,0.56,0.74,0.56,0.73
300132.SZ|20240305|755,300132.SZ,20240305,EVENT,10.7157,2024,202403,down,12,34.808,12.470349937368397,-1.6550731590309398,0.3,strong_down,1.57,tp_sys_ok,down,0.7,0.47,0.53,0.56
603655.SH|20240307|759,603655.SH,20240307,EVENT,11.8046,2024,202403,down,12,9.807,17.393869971189545,-1.4891179839633506,0.32,strong_down,1.94,tp_sys_ok,down,0.64,0.73,0.59,0.66
688067.SH|20240807|924,688067.SH,20240807,EVENT,-6.0515,2024,202408,up,12,9.088,2.1328234169302185,-7.575200411855554,0.65,mild_up,2.69,tp_sys_ok,up,0.69,0.69,0.86,0.43
603879.SH|20240304|750,603879.SH,20240304,EVENT,41.9374,2024,202403,down,9,38.52,60.13796501601381,-6.380881990638098,0.28,strong_down,1.77,tp_sys_ok,down,0.8,0.59,0.44,0.7
600256.SH|20240812|928,600256.SH,20240812,EVENT,4.0851,2024,202408,down,5,7.192,5.364800772485889,-0.12590762356460283,0.29,strong_down,1.72,tp_sys_ok,down,0.69,0.48,0.44,0.64
688519.SH|20240304|754,688519.SH,20240304,EVENT,24.6398,2024,202403,down,12,43.367,45.87258860475549,-3.5329744279946063,0.33,strong_down,1.86,tp_sys_ok,down,0.61,0.74,0.56,0.59
301130.SZ|20240307|758,301130.SZ,20240307,EVENT,7.4225,2024,202403,down,12,15.585,13.59018211187295,-2.2635260424046844,0.31,strong_down,1.93,tp_sys_ok,down,0.69,0.67,0.57,0.72
688371.SH|20240807|932,688371.SH,20240807,EVENT,7.093,2024,202408,down,12,5.072,9.103676421134942,-2.5237136059842236,0.31,strong_down,1.78,tp_sys_ok,down,0.6,0.43,0.46,0.57
001231.SZ|20240312|763,001231.SZ,20240312,EVENT,5.2152,2024,202403,down,12,11.562,12.59111994698474,2.054340622929085,0.34,strong_down,1.76,tp_sys_ok,down,0.71,0.59,0.67,0.58
688371.SH|20240809|936,688371.SH,20240809,EVENT,0.7303,2024,202408,down,8,5.751,8.379571962405175,-3.17064885063979,0.32,strong_down,1.73,tp_sys_ok,down,0.64,0.41,0.4,0.67
301313.SZ|20240320|767,301313.SZ,20240320,EVENT,0.4828,2024,202403,up,3,11.47,16.44117221181154,-1.8788209956986823,0.59,mild_up,2.25,tp_sys_ok,up,0.52,0.49,0.88,0.45
688310.SH|20240816|940,688310.SH,20240816,EVENT,1.087,2024,202408,down,12,9.066,5.710476080846449,-8.582501175093771,0.3,strong_down,1.94,tp_sys_ok,down,0.62,0.55,0.52,0.56
688080.SH|20240826|944,688080.SH,20240826,EVENT,1.4011,2024,202408,down,12,5.655,4.9401297745668815,-4.634089236738237,0.31,strong_down,1.79,tp_sys_ok,down,0.69,0.51,0.5,0.63
688610.SH|20240807|948,688610.SH,20240807,EVENT,-4.9406,2024,202408,down,9,4.55,2.186177715091686,-4.795486600846255,0.31,strong_down,1.88,tp_sys_ok,down,0.47,0.64,0.58,0.67
002440.SZ|20240809|952,002440.SZ,20240809,EVENT,-3.5792,2024,202408,up,12,14.731,0.09796356193321198,-6.286998575241309,0.5,strong_up,1.92,tp_sys_ok,unknown,0.58,0.5,0.85,0.41
600160_SH.SH|20240301|771,600160_SH.SH,20240301,CONT,3.1197,2024,202403,up,0,0.0,0.0,0.0,0.4,mild_up,0.79,tp_sys_ok,up,0.55,0.7,0.82,0.4
300470.SZ|20240426|793,300470.SZ,20240426,EVENT,3.8176,2024,202404,up,2,13.047,6.728320639207008,1.5883479388870025,0.51,mild_up,2.06,tp_sys_ok,unknown,0.59,0.63,0.86,0.44
300875.SZ|20240410|797,300875.SZ,20240410,EVENT,-9.8062,2024,202404,up,3,9.425,13.023265732625333,-12.922326715430167,0.38,strong_up,1.7,tp_sys_ok,unknown,0.39,0.43,0.27,0.35
300274_SZ.SZ|20240318|775,300274_SZ.SZ,20240318,CONT,4.068,2024,202403,up,0,0.0,0.0,0.0,0.55,mild_up,1.71,tp_sys_ok,up,0.55,0.23,0.88,0.46
300124.SZ|20240304|779,300124.SZ,20240304,EVENT,1.7638,2024,202403,up,2,8.41,5.395770101652464,1.3971190441778525,0.46,strong_up,1.48,tp_sys_ok,unknown,0.48,0.33,0.84,0.34
300071.SZ|20240812|956,300071.SZ,20240812,EVENT,5.5367,2024,202408,up,3,20.94,9.539842873176196,-3.0303030303030276,0.63,mild_up,2.38,tp_sys_ok,up,0.59,0.38,0.86,0.45
603980.SH|20240411|801,603980.SH,20240411,EVENT,-0.1829,2024,202404,up,2,10.042,3.296043890103295,-5.276241909905277,0.64,mild_up,2.71,tp_sys_ok,up,0.57,0.71,0.86,0.49
688165.SH|20240329|783,688165.SH,20240329,EVENT,-17.8902,2024,202403,up,10,17.525,5.523958552756958,-19.753643686116384,0.65,strong_up,2.47,tp_sys_ok,up,0.71,0.47,0.86,0.48
301130.SZ|20240418|805,301130.SZ,20240418,EVENT,6.7722,2024,202404,down,8,3.464,9.688625978041143,-2.2939059573888865,0.32,mild_down,1.94,tp_sys_ok,down,0.71,0.54,0.5,0.51
300481.SZ|20240815|960,300481.SZ,20240815,EVENT,-2.7073,2024,202408,down,3,2.312,3.335328829214057,-2.6511588129650265,0.3,strong_down,1.7,tp_sys_ok,down,0.58,0.53,0.52,0.68
300102.SZ|20240425|809,300102.SZ,20240425,EVENT,-0.3998,2024,202404,down,12,6.136,14.806378132118446,-0.976244712007801,0.36,strong_down,1.85,tp_sys_ok,down,0.49,0.5,0.56,0.52
301093.SZ|20240820|964,301093.SZ,20240820,EVENT,7.4717,2024,202408,up,12,9.98,9.850904776523105,-4.880695243020705,0.59,mild_up,2.56,tp_sys_ok,up,0.6,0.56,0.86,0.43
000425_SZ.SZ|20240418|813,000425_SZ.SZ,20240418,CONT,0.6075,2024,202404,up,0,0.0,0.0,0.0,0.35,strong_up,0.79,tp_sys_ok,up,0.46,0.72,0.88,0.41
301260.SZ|20240807|968,301260.SZ,20240807,EVENT,-4.4043,2024,202408,down,6,4.013,1.035856573705174,-4.7011952191235,0.33,strong_down,1.95,tp_sys_ok,down,0.55,0.69,0.66,0.62
300801.SZ|20240808|972,300801.SZ,20240808,EVENT,-6.1345,2024,202408,down,11,4.223,2.099824481872803,-11.848635956806264,0.36,strong_down,2.07,tp_sys_ok,down,0.59,0.56,0.6,0.49
002219.SZ|20240821|976,002219.SZ,20240821,EVENT,1.1811,2024,202408,up,12,8.439,4.453627180899922,-3.0073461891643727,0.39,mild_up,1.8,tp_sys_ok,unknown,0.61,0.46,0.39,0.42
300759.SZ|20240430|787,300759.SZ,20240430,EVENT,11.9649,2024,202404,down,12,11.782,20.845684899222185,0.33151524547319067,0.3,strong_down,1.77,tp_sys_ok,down,0.66,0.48,0.54,0.58
301529.SZ|20240830|980,301529.SZ,20240830,EVENT,8.5205,2024,202408,down,12,6.886,15.021265949462093,-2.832124093069799,0.31,strong_down,1.82,tp_sys_ok,down,0.62,0.59,0.63,0.64
600400.SH|20240417|791,600400.SH,20240417,EVENT,11.4839,2024,202404,up,12,3.6,12.745714405465435,0.590971960266562,0.4,mild_up,1.83,tp_sys_ok,unknown,0.68,0.48,0.4,0.31
688089.SH|20240822|984,688089.SH,20240822,EVENT,0.6818,2024,202408,up,7,7.846,6.146207841123097,-5.0847457627118615,0.39,strong_up,1.81,tp_sys_ok,unknown,0.45,0.47,0.38,0.35
600679.SH|20240812|988,600679.SH,20240812,EVENT,-6.7308,2024,202408,up,12,12.69,1.0101010101009944,-7.00221820508683,0.44,strong_up,1.66,tp_sys_ok,up,0.45,0.39,0.43,0.32
002758.SZ|20240925|992,002758.SZ,20240925,EVENT,4.2006,2024,202409,up,3,11.817,18.582541054451163,0.8643042350907404,0.52,mild_up,1.91,tp_sys_ok,unknown,0.73,0.57,0.81,0.36
002782.SZ|20240408|795,002782.SZ,20240408,EVENT,-5.3465,2024,202404,down,5,4.957,1.8757369928575462,-8.319531248497169,0.31,mild_down,1.87,tp_sys_ok,down,0.52,0.72,0.6,0.59
605266.SH|20240904|996,605266.SH,20240904,EVENT,15.4097,2024,202409,down,2,8.096,26.06691098238563,10.107577727863815,0.32,strong_down,1.91,tp_sys_ok,down,0.89,0.66,0.57,0.6
688472.SH|20240410|799,688472.SH,20240410,EVENT,-1.4617,2024,202404,down,1,1.064,0.8377729353588492,-1.5748201110309945,0.3,strong_down,1.94,tp_sys_ok,down,0.43,0.53,0.55,0.57
300801.SZ|20240416|803,300801.SZ,20240416,EVENT,-6.1549,2024,202404,up,1,5.57,1.0101010101010166,-5.766573675630693,0.36,mild_up,1.71,tp_sys_ok,unknown,0.7,0.37,0.29,0.36
688528.SH|20240311|762,688528.SH,20240311,EVENT,6.0609,2024,202403,down,12,15.385,14.605263157894743,1.4473684210526416,0.32,strong_down,1.85,tp_sys_ok,down,0.61,0.72,0.53,0.63
603918.SH|20240909|1000,603918.SH,20240909,EVENT,0.3903,2024,202409,up,2,10.647,13.349713349713355,-3.357903357903369,0.52,mild_up,1.96,tp_sys_ok,unknown,0.71,0.59,0.82,0.39
301148.SZ|20240312|766,301148.SZ,20240312,EVENT,11.7574,2024,202403,down,12,10.287,27.989148415271625,0.5955137960696133,0.33,strong_down,1.93,tp_sys_ok,down,0.72,0.7,0.59,0.44
688612.SH|20240926|1004,688612.SH,20240926,EVENT,19.2173,2024,202409,down,2,11.918,32.71583679636498,6.640602365247883,0.27,strong_down,1.76,tp_sys_ok,down,0.76,0.65,0.56,0.68
301166.SZ|20240329|770,301166.SZ,20240329,EVENT,-3.365,2024,202403,down,9,2.81,6.920899017791582,-8.109336222866926,0.33,strong_down,2.21,tp_sys_ok,down,0.75,0.41,0.48,0.64
603300.SH|20240904|1008,603300.SH,20240904,EVENT,-4.8901,2024,202409,down,8,4.499,1.9069720512561839,-4.5953429971188005,0.33,strong_down,1.85,tp_sys_ok,down,0.8,0.61,0.49,0.65
603087.SH|20240909|1012,603087.SH,20240909,EVENT,-3.683,2024,202409,down,1,3.29,0.8190834212014275,-3.574321123489055,0.32,strong_down,1.92,tp_sys_ok,down,0.58,0.73,0.53,0.61
605196_SH.SH|20240314|774,605196_SH.SH,20240314,CONT,14.3829,2024,202403,up,0,0.0,0.0,0.0,0.37,mild_up,0.67,tp_sys_ok,up,0.52,0.61,0.86,0.49
603755.SH|20240418|807,603755.SH,20240418,EVENT,10.7912,2024,202404,down,12,5.596,15.940061346608324,-2.916478101272202,0.33,mild_down,1.99,tp_sys_ok,down,0.59,0.55,0.56,0.58
300158.SZ|20240430|811,300158.SZ,20240430,EVENT,2.8127,2024,202404,down,12,17.344,17.16738197424892,-7.296137339055786,0.32,strong_down,1.84,tp_sys_ok,down,0.41,0.64,0.62,0.62
688183.SH|20240403|815,688183.SH,20240403,EVENT,2.6642,2024,202404,up,6,9.491,16.964312423345017,-8.213427463180667,0.36,mild_up,1.53,tp_sys_ok,up,0.41,0.29,0.31,0.3
603219.SH|20240301|778,603219.SH,20240301,EVENT,24.3229,2024,202403,down,12,37.085,44.11228581844695,2.369668246445489,0.34,strong_down,1.98,tp_sys_ok,down,0.47,0.74,0.63,0.72
605009.SH|20240911|1016,605009.SH,20240911,EVENT,14.4274,2024,202409,down,10,4.874,23.21184244586103,0.4648948890007665,0.28,strong_down,1.8,tp_sys_ok,down,0.63,0.66,0.47,0.71
688371.SH|20240418|819,688371.SH,20240418,EVENT,-2.9182,2024,202404,down,1,1.433,-0.7566678346971778,-4.093897874871544,0.31,strong_down,1.87,tp_sys_ok,down,0.51,0.66,0.56,0.67
688282.SH|20240325|782,688282.SH,20240325,EVENT,-17.5726,2024,202403,up,12,26.907,1.7189438242069865,-19.936204146730464,0.49,mild_up,1.45,tp_sys_ok,up,0.49,0.29,0.82,0.4
688202.SH|20240509|823,688202.SH,20240509,EVENT,-19.3939,2024,202405,down,12,26.309,-2.7901831640149477,-22.541978616744974,0.3,mild_down,1.71,tp_sys_ok,down,0.45,0.47,0.51,0.7
002602.SZ|20240506|827,002602.SZ,20240506,EVENT,-14.9458,2024,202405,down,10,14.575,0.8528784648187626,-17.27078891257997,0.28,strong_down,1.51,tp_sys_ok,down,0.48,0.38,0.43,0.53
300700.SZ|20240506|831,300700.SZ,20240506,EVENT,0.1166,2024,202405,down,12,12.371,7.7619663648124115,-1.5523932729624823,0.3,mild_down,1.81,tp_sys_ok,down,0.42,0.75,0.51,0.7
002726.SZ|20240417|786,002726.SZ,20240417,EVENT,-6.553,2024,202404,up,12,9.394,1.700060716454166,-8.787326820113705,0.62,mild_up,2.48,tp_sys_ok,up,0.61,0.48,0.87,0.45
688084.SH|20240517|835,688084.SH,20240517,EVENT,19.6201,2024,202405,down,12,5.806,25.63914910226388,0.6342701014832253,0.32,strong_down,1.69,tp_sys_ok,down,0.58,0.56,0.5,0.54
001209.SZ|20240412|790,001209.SZ,20240412,EVENT,-4.5809,2024,202404,up,2,6.217,3.7920185461169043,-15.416459678754768,0.36,mild_up,1.52,tp_sys_ok,unknown,0.61,0.28,0.36,0.33
688580.SH|20240430|794,688580.SH,20240430,EVENT,0.9471,2024,202404,down,12,7.499,9.181208828326959,-2.4694941347604638,0.32,strong_down,1.78,tp_sys_ok,down,0.48,0.67,0.51,0.69
301533.SZ|20240410|798,301533.SZ,20240410,EVENT,3.0914,2024,202404,down,3,5.675,13.08258381030254,-3.3417469515446774,0.35,mild_down,2.09,tp_sys_ok,down,0.48,0.55,0.6,0.53
301313.SZ|20240508|839,301313.SZ,20240508,EVENT,-0.1965,2024,202405,down,12,12.101,4.914529098386922,-6.416800244790666,0.32,strong_down,1.9,tp_sys_ok,down,0.57,0.68,0.62,0.61
300481.SZ|20240412|802,300481.SZ,20240412,EVENT,7.172,2024,202404,up,12,8.694,8.494144812798954,-6.597394029358394,0.34,mild_up,1.63,sl_too_tight,unknown,0.61,0.34,0.3,0.33
000989.SZ|20240510|843,000989.SZ,20240510,EVENT,-9.7704,2024,202405,down,12,9.389,3.970223325062028,-9.925558312655092,0.29,strong_down,1.84,tp_sys_ok,down,0.62,0.67,0.52,0.67
301335.SZ|20240418|806,301335.SZ,20240418,EVENT,-4.8306,2024,202404,down,3,4.298,0.7806369005823877,-4.841233782624066,0.33,strong_down,1.94,tp_sys_ok,down,0.51,0.57,0.5,0.59
300910_SZ.SZ|20240514|847,300910_SZ.SZ,20240514,CONT,-6.9431,2024,202405,up,0,0.0,0.0,0.0,0.54,mild_up,1.63,tp_sys_ok,up,0.7,0.27,0.89,0.37
301095.SZ|20240412|817,301095.SZ,20240412,EVENT,-3.4157,2024,202404,down,5,3.022,9.155056269614414,-7.815779479081309,0.28,strong_down,1.86,tp_sys_ok,down,0.7,0.48,0.56,0.66
002481_SZ.SZ|20240516|851,002481_SZ.SZ,20240516,CONT,-8.3836,2024,202405,up,0,0.0,0.0,0.0,0.37,mild_up,0.82,tp_sys_ok,up,0.66,0.74,0.84,0.36
603320_SH.SH|20240520|855,603320_SH.SH,20240520,CONT,-2.1048,2024,202405,down,0,0.0,0.0,0.0,0.15,mild_down,0.75,tp_sys_ok,down,0.49,0.49,0.46,0.59
300786.SZ|20240430|821,300786.SZ,20240430,EVENT,1.4576,2024,202404,down,12,22.705,7.817858449703441,-3.244747389650504,0.33,mild_down,1.92,tp_sys_ok,down,0.39,0.73,0.57,0.53
600666.SH|20240524|825,600666.SH,20240524,EVENT,-6.1923,2024,202405,down,1,5.804,-2.4971941638608386,-6.705948372615033,0.27,strong_down,1.62,tp_sys_ok,down,0.56,0.35,0.36,0.62
002488.SZ|20240507|859,002488.SZ,20240507,EVENT,-5.8091,2024,202405,up,12,22.178,1.9287086948054588,-8.54341891082524,0.65,mild_up,2.8,tp_sys_ok,up,0.44,0.8,0.9,0.43
301428.SZ|20240530|829,301428.SZ,20240530,EVENT,4.4456,2024,202405,up,4,9.271,13.138046627933742,-4.154796965947649,0.37,mild_up,1.71,tp_sys_ok,unknown,0.67,0.37,0.35,0.47
300138.SZ|20240510|833,300138.SZ,20240510,EVENT,-9.5868,2024,202405,down,12,15.244,1.2596899224806002,-10.852713178294582,0.33,mild_down,1.62,tp_sys_ok,down,0.47,0.51,0.62,0.5
300143.SZ|20240506|837,300143.SZ,20240506,EVENT,0.4139,2024,202405,down,4,16.852,2.8404729003531415,-0.2303086135421406,0.36,strong_down,1.9,tp_sys_ok,down,0.48,0.56,0.56,0.54
301037.SZ|20240508|863,301037.SZ,20240508,EVENT,-0.1372,2024,202405,up,2,30.069,5.072143970950682,-3.9440728814025827,0.5,mild_up,2.06,tp_sys_ok,up,0.58,0.6,0.83,0.41
301057.SZ|20240509|867,301057.SZ,20240509,EVENT,0.7247,2024,202405,down,2,24.89,9.715871979098644,-7.674722403657741,0.32,mild_down,1.68,tp_sys_ok,down,0.46,0.49,0.46,0.66
002426.SZ|20240510|871,002426.SZ,20240510,EVENT,1.3093,2024,202405,down,9,19.775,6.882781301385954,-3.100775193798444,0.42,strong_down,2.34,tp_sys_ok,down,0.43,0.44,0.58,0.53
301171.SZ|20240426|810,301171.SZ,20240426,EVENT,1.0451,2024,202404,down,12,13.566,10.801482972884035,-2.175340307261342,0.3,strong_down,1.78,tp_sys_ok,down,0.49,0.61,0.56,0.54
688184.SH|20240508|841,688184.SH,20240508,EVENT,-0.1891,2024,202405,up,3,5.608,7.196893127760329,-1.8689012624731216,0.52,mild_up,1.94,tp_sys_ok,up,0.76,0.68,0.77,0.35
603233.SH|20240403|814,603233.SH,20240403,EVENT,-0.9661,2024,202404,down,5,0.567,4.510507432086097,-2.4090210148641877,0.32,mild_down,2.01,tp_sys_ok,down,0.44,0.68,0.6,0.62
688677.SH|20240516|845,688677.SH,20240516,EVENT,-4.3788,2024,202405,down,12,15.462,5.003056595825561,-8.306795356589614,0.34,mild_down,1.8,tp_sys_ok,down,0.43,0.71,0.57,0.53
002932.SZ|20240418|818,002932.SZ,20240418,EVENT,4.3182,2024,202404,up,12,6.303,7.382643001169886,-4.67208226526874,0.66,mild_up,2.45,tp_sys_ok,unknown,0.51,0.45,0.87,0.35
002426.SZ|20240507|822,002426.SZ,20240507,EVENT,2.3564,2024,202405,down,12,20.447,6.264961756291254,-3.6608863198458574,0.34,strong_down,2.15,tp_sys_ok,down,0.41,0.5,0.51,0.6
000757.SZ|20240506|826,000757.SZ,20240506,EVENT,-3.424,2024,202405,up,12,22.056,3.6363636363636376,-4.242424242424237,0.43,mild_up,1.84,tp_sys_ok,up,0.77,0.43,0.35,0.48
300702_SZ.SZ|20240515|849,300702_SZ.SZ,20240515,CONT,-6.9211,2024,202405,up,0,0.0,0.0,0.0,0.54,mild_up,1.53,tp_sys_ok,up,0.66,0.36,0.89,0.36
002583.SZ|20240506|830,002583.SZ,20240506,EVENT,-1.3239,2024,202405,up,12,20.428,3.47222222222221,-5.7870370370370345,0.45,mild_up,1.59,tp_sys_ok,unknown,0.64,0.34,0.8,0.36
301169.SZ|20240605|875,301169.SZ,20240605,EVENT,-2.8396,2024,202406,down,1,2.445,3.1122129076919025,-6.854696951575323,0.3,strong_down,1.75,tp_sys_ok,down,0.71,0.61,0.54,0.52
300759.SZ|20240510|834,300759.SZ,20240510,EVENT,0.6372,2024,202405,down,12,16.391,14.54653406560784,-1.9296422740091912,0.32,strong_down,1.7,tp_sys_ok,down,0.6,0.46,0.45,0.59
002702.SZ|20240620|879,002702.SZ,20240620,EVENT,-3.5921,2024,202406,up,12,11.757,1.0101010101010166,-9.24873737373736,0.53,mild_up,2.04,tp_sys_ok,unknown,0.67,0.65,0.84,0.46
301115.SZ|20240919|1020,301115.SZ,20240919,EVENT,16.0529,2024,202409,up,12,7.884,47.16049382716048,-0.4115226337448652,0.4,mild_up,1.71,tp_sys_ok,unknown,0.56,0.43,0.39,0.42
300335.SZ|20240507|838,300335.SZ,20240507,EVENT,7.4642,2024,202405,down,3,16.506,13.935564172531013,0.29201972329937487,0.31,mild_down,1.75,tp_sys_ok,down,0.61,0.48,0.45,0.58
000791_SZ.SZ|20240520|853,000791_SZ.SZ,20240520,CONT,-8.8402,2024,202405,up,0,0.0,0.0,0.0,0.36,mild_up,0.7,tp_sys_ok,unknown,0.48,0.64,0.86,0.35
600337.SH|20240509|842,600337.SH,20240509,EVENT,-4.7052,2024,202405,down,12,9.707,8.196721311475397,-5.608283002588433,0.33,strong_down,1.94,tp_sys_ok,down,0.37,0.66,0.59,0.67
600497.SH|20240925|1024,600497.SH,20240925,EVENT,4.4021,2024,202409,down,3,12.237,15.830035409289733,-1.874609456363252,0.36,strong_down,1.82,tp_sys_ok,down,0.51,0.56,0.62,0.52
600183_SH.SH|20240513|846,600183_SH.SH,20240513,CONT,3.1803,2024,202405,up,0,0.0,0.0,0.0,0.35,mild_up,0.68,tp_sys_ok,up,0.47,0.62,0.82,0.36
603365.SH|20240926|1028,603365.SH,20240926,EVENT,20.4467,2024,202409,up,3,14.962,36.21278672523183,6.8326012689116755,0.54,mild_up,1.63,tp_sys_ok,up,0.51,0.32,0.79,0.39
301322.SZ|20240905|1032,301322.SZ,20240905,EVENT,1.1382,2024,202409,down,12,9.012,6.678082191780832,-5.76484018264839,0.35,mild_down,1.91,tp_sys_ok,down,0.42,0.66,0.62,0.64
300802.SZ|20240910|1036,300802.SZ,20240910,EVENT,-0.8303,2024,202409,down,3,9.173,5.044966001316098,-5.118081450610513,0.29,strong_down,1.72,tp_sys_ok,down,0.5,0.47,0.49,0.48
002105.SZ|20240617|883,002105.SZ,20240617,EVENT,4.133,2024,202406,down,6,9.678,29.029219938310867,-1.579901579901577,0.32,strong_down,1.89,tp_sys_ok,down,0.53,0.68,0.51,0.57
002155_SZ.SZ|20240516|850,002155_SZ.SZ,20240516,CONT,8.2538,2024,202405,up,0,0.0,0.0,0.0,0.5,mild_up,1.49,tp_sys_ok,up,0.58,0.4,0.89,0.4
600060.SH|20240911|1040,600060.SH,20240911,EVENT,0.3559,2024,202409,down,2,12.508,5.119719680747514,-0.7923633191299073,0.33,strong_down,1.8,tp_sys_ok,down,0.82,0.58,0.64,0.51
002569_SZ.SZ|20240520|854,002569_SZ.SZ,20240520,CONT,-3.7294,2024,202405,up,0,0.0,0.0,0.0,0.37,mild_up,0.79,tp_sys_ok,up,0.64,0.72,0.85,0.38
300802.SZ|20240920|1044,300802.SZ,20240920,EVENT,9.1157,2024,202409,down,5,8.373,15.128894718584341,-2.026198712153471,0.36,strong_down,2.03,tp_sys_ok,down,0.47,0.58,0.61,0.48
000607.SZ|20240507|858,000607.SZ,20240507,EVENT,-3.6919,2024,202405,down,12,10.585,0.7612281146917033,-7.104795737122549,0.33,mild_down,1.96,tp_sys_ok,down,0.42,0.72,0.65,0.59
600380.SH|20240904|1048,600380.SH,20240904,EVENT,-3.3568,2024,202409,down,12,5.234,1.5873015873015817,-4.973544973544963,0.35,strong_down,1.94,tp_sys_ok,down,0.6,0.66,0.56,0.63
002271.SZ|20240603|887,002271.SZ,20240603,EVENT,-8.4132,2024,202406,up,12,15.902,7.926724875877422,-10.905666837870221,0.43,mild_up,1.84,tp_sys_ok,unknown,0.63,0.5,0.4,0.48
600130.SH|20240617|891,600130.SH,20240617,EVENT,-0.086,2024,202406,down,12,9.468,3.7735849056603765,-4.716981132075482,0.27,strong_down,2.01,tp_sys_ok,down,0.47,0.5,0.43,0.63
301223.SZ|20240906|1052,301223.SZ,20240906,EVENT,2.6504,2024,202409,down,12,3.812,5.516213194185604,-1.4908684308609699,0.34,mild_down,1.97,tp_sys_ok,down,0.5,0.7,0.63,0.64
003016.SZ|20240508|862,003016.SZ,20240508,EVENT,4.1841,2024,202405,down,12,15.326,8.176100628930815,-2.8016009148084553,0.33,mild_down,1.78,tp_sys_ok,down,0.45,0.51,0.53,0.69
600576.SH|20240605|895,600576.SH,20240605,EVENT,-2.3336,2024,202406,down,1,1.797,-1.5446291710883076,-9.012302008410956,0.25,strong_down,1.7,tp_sys_ok,down,0.64,0.58,0.48,0.7
300903.SZ|20240509|866,300903.SZ,20240509,EVENT,4.3457,2024,202405,down,10,22.957,16.570605187319877,-6.91642651296831,0.31,strong_down,1.72,tp_sys_ok,down,0.43,0.62,0.5,0.61
601880.SH|20240614|899,601880.SH,20240614,EVENT,-1.4729,2024,202406,down,5,1.075,2.4410089503661414,-1.6273393002441017,0.36,strong_down,1.87,tp_sys_ok,down,0.47,0.6,0.53,0.68
600703.SH|20240507|870,600703.SH,20240507,EVENT,-0.4045,2024,202405,down,2,12.307,2.1376256585952103,-0.43957353796294507,0.32,strong_down,1.82,tp_sys_ok,down,0.5,0.48,0.48,0.62
600653.SH|20240603|874,600653.SH,20240603,EVENT,4.6576,2024,202406,down,4,7.867,25.67567567567568,-4.729729729729737,0.3,strong_down,1.7,tp_sys_ok,down,0.55,0.41,0.36,0.52
002132.SZ|20240619|903,002132.SZ,20240619,EVENT,-6.6096,2024,202406,down,12,10.206,0.8888888888888946,-8.000000000000007,0.34,strong_down,1.72,tp_sys_ok,down,0.55,0.54,0.63,0.45
603153.SH|20240620|907,603153.SH,20240620,EVENT,-6.183,2024,202406,down,12,5.795,0.47118885817090117,-7.193339524835151,0.37,strong_down,2.03,tp_sys_ok,down,0.52,0.53,0.58,0.56
600975.SH|20241010|1056,600975.SH,20241010,EVENT,2.1715,2024,202410,up,12,21.055,6.602254428341392,-3.3816425120772986,0.46,mild_up,1.21,tp_sys_ok,unknown,0.51,0.31,0.84,0.4
603173.SH|20241021|1060,603173.SH,20241021,EVENT,24.1807,2024,202410,up,7,6.931,32.87830380482137,1.3941330235259786,0.65,mild_up,2.48,tp_sys_ok,up,0.51,0.48,0.89,0.4
600022.SH|20240617|878,600022.SH,20240617,EVENT,0.2857,2024,202406,down,12,10.678,1.8181818181818077,-4.646464646464654,0.29,strong_down,1.74,tp_sys_ok,down,0.69,0.55,0.45,0.7
600234.SH|20240613|882,600234.SH,20240613,EVENT,0.2997,2024,202406,down,7,10.965,18.224299065420535,0.0,0.3,strong_down,1.66,tp_sys_ok,down,0.74,0.42,0.48,0.65
603986.SH|20241022|1064,603986.SH,20241022,EVENT,7.9918,2024,202410,up,12,11.655,13.748696933750338,-3.1911643121607436,0.42,strong_up,0.73,tp_sys_ok,up,0.52,0.27,0.8,0.33
603333.SH|20240619|886,603333.SH,20240619,EVENT,-7.6647,2024,202406,down,12,11.435,0.08903625924903125,-8.507568082036165,0.29,strong_down,1.75,tp_sys_ok,down,0.75,0.55,0.51,0.65
688737.SH|20240614|890,688737.SH,20240614,EVENT,-8.0519,2024,202406,down,7,7.667,2.810741108613435,-8.051184646929332,0.32,strong_down,1.73,tp_sys_ok,down,0.65,0.54,0.5,0.76
000683.SZ|20241014|1068,000683.SZ,20241014,EVENT,7.7509,2024,202410,up,11,25.104,14.156079854809445,-2.5408348457350183,0.55,mild_up,1.61,tp_sys_ok,up,0.69,0.4,0.82,0.34
301248.SZ|20240606|911,301248.SZ,20240606,EVENT,-3.1481,2024,202406,down,1,2.472,-0.14210546529938028,-3.0610285363137146,0.33,mild_down,1.98,tp_sys_ok,down,0.67,0.75,0.66,0.44
300841.SZ|20240618|915,300841.SZ,20240618,EVENT,-3.427,2024,202406,down,2,3.033,0.3924280081475606,-3.531852073327979,0.31,mild_down,1.85,tp_sys_ok,down,0.45,0.74,0.59,0.7
002255.SZ|20240816|919,002255.SZ,20240816,EVENT,-3.1704,2024,202408,up,4,2.776,7.835107835107835,-4.449904449904441,0.41,mild_up,1.79,tp_sys_ok,up,0.64,0.43,0.45,0.32
301115.SZ|20240604|894,301115.SZ,20240604,EVENT,-2.738,2024,202406,up,2,2.343,1.9254028962766956,-3.6971658330881563,0.37,mild_up,1.67,tp_sys_ok,unknown,0.7,0.35,0.25,0.4
002993.SZ|20241031|1072,002993.SZ,20241031,EVENT,10.68,2024,202410,up,8,6.269,17.994909127468304,-5.387763930970091,0.4,strong_up,1.6,tp_sys_ok,unknown,0.48,0.33,0.47,0.48
600699.SH|20240614|898,600699.SH,20240614,EVENT,0.4238,2024,202406,down,5,4.361,6.6788310945184115,-0.05695406461285746,0.32,mild_down,1.92,tp_sys_ok,down,0.39,0.72,0.57,0.73
000672.SZ|20240619|902,000672.SZ,20240619,EVENT,1.2249,2024,202406,down,12,5.88,5.291005291005302,-1.6280016280016296,0.33,mild_down,1.7,tp_sys_ok,down,0.48,0.56,0.64,0.56
600955.SH|20240807|923,600955.SH,20240807,EVENT,-4.5581,2024,202408,up,10,4.167,2.4531024531024626,-4.545454545454541,0.37,mild_up,1.75,tp_sys_ok,unknown,0.71,0.42,0.31,0.49
600397_SH.SH|20241011|1076,600397_SH.SH,20241011,CONT,3.6627,2024,202410,up,0,0.0,0.0,0.0,0.54,strong_up,1.61,tp_sys_ok,up,0.39,0.28,0.89,0.57
600281_SH.SH|20241014|1080,600281_SH.SH,20241014,CONT,12.3683,2024,202410,up,0,0.0,0.0,0.0,0.6,strong_up,1.85,tp_sys_ok,up,0.5,0.38,0.9,0.59
300036_SZ.SZ|20241015|1084,300036_SZ.SZ,20241015,CONT,-4.2573,2024,202410,up,0,0.0,0.0,0.0,0.54,mild_up,1.75,tp_sys_ok,up,0.59,0.21,0.9,0.42
000672.SZ|20240620|906,000672.SZ,20240620,EVENT,2.0385,2024,202406,down,12,5.322,5.923441959112807,-1.037124385320587,0.32,mild_down,1.72,tp_sys_ok,down,0.47,0.59,0.63,0.48
002996.SZ|20240809|927,002996.SZ,20240809,EVENT,-5.6483,2024,202408,down,8,5.259,-0.1922337562475951,-5.382545174932718,0.29,mild_down,1.76,tp_sys_ok,down,0.39,0.64,0.58,0.72
603106_SH.SH|20241015|1088,603106_SH.SH,20241015,CONT,48.5342,2024,202410,up,0,0.0,0.0,0.0,0.34,strong_up,0.55,tp_sys_ok,up,0.68,0.52,0.82,0.47
600992_SH.SH|20240617|910,600992_SH.SH,20240617,CONT,-3.9661,2024,202406,up,0,0.0,0.0,0.0,0.37,strong_up,0.92,tp_sys_ok,up,0.72,0.81,0.89,0.47
301035.SZ|20240807|931,301035.SZ,20240807,EVENT,-7.0512,2024,202408,up,12,10.628,3.106361426325921,-7.94037931970143,0.52,mild_up,2.12,tp_sys_ok,up,0.62,0.67,0.81,0.51
000882.SZ|20240617|914,000882.SZ,20240617,EVENT,-9.5978,2024,202406,down,3,9.216,0.13175230566535578,-10.408432147562575,0.33,mild_down,1.76,tp_sys_ok,down,0.43,0.59,0.48,0.56
601825_SH.SH|20240522|857,601825_SH.SH,20240522,CONT,-11.4053,2024,202405,up,0,0.0,0.0,0.0,0.54,mild_up,1.47,tp_sys_ok,up,0.52,0.44,0.91,0.55
600256.SH|20240809|935,600256.SH,20240809,EVENT,0.5542,2024,202408,down,3,8.127,3.373945641986875,-1.3120899718837897,0.28,strong_down,1.67,tp_sys_ok,down,0.68,0.46,0.41,0.59
002700_SZ.SZ|20240708|918,002700_SZ.SZ,20240708,CONT,23.7079,2024,202407,up,0,0.0,0.0,0.0,0.31,strong_up,0.52,tp_sys_ok,up,0.7,0.48,0.86,0.43
688475.SH|20240814|939,688475.SH,20240814,EVENT,-2.0543,2024,202408,down,1,1.658,-0.01634713716008873,-2.145276627775694,0.29,strong_down,1.83,tp_sys_ok,down,0.74,0.68,0.5,0.59
603815.SH|20240826|943,603815.SH,20240826,EVENT,7.2137,2024,202408,down,7,3.005,11.207235548564665,-2.9492725127801878,0.36,strong_down,1.91,tp_sys_ok,down,0.8,0.68,0.52,0.6
002706.SZ|20240805|922,002706.SZ,20240805,EVENT,-1.82,2024,202408,down,1,0.759,1.5314883174483818,-1.4230397575201614,0.33,strong_down,1.95,tp_sys_ok,down,0.5,0.56,0.52,0.55
300821.SZ|20240507|861,300821.SZ,20240507,EVENT,1.4726,2024,202405,up,2,19.91,4.502814258911814,1.5009380863039379,0.53,mild_up,2.01,tp_sys_ok,unknown,0.66,0.57,0.81,0.39
000538.SZ|20240809|926,000538.SZ,20240809,EVENT,2.2671,2024,202408,down,2,8.629,3.8924971439031175,0.694510192531439,0.31,mild_down,1.51,tp_sys_ok,down,0.56,0.32,0.46,0.58
688420.SH|20240508|865,688420.SH,20240508,EVENT,-3.3257,2024,202405,down,12,15.332,0.9647928101323533,-4.1097255863560616,0.28,strong_down,1.67,tp_sys_ok,down,0.5,0.47,0.41,0.62
300376.SZ|20240807|947,300376.SZ,20240807,EVENT,-14.389,2024,202408,down,6,14.017,-2.5298156848572395,-15.17889410914347,0.29,strong_down,1.65,tp_sys_ok,down,0.76,0.54,0.43,0.66
688598.SH|20240808|951,688598.SH,20240808,EVENT,-11.2468,2024,202408,up,7,10.869,-0.17061320392706136,-11.387398237193679,0.65,mild_up,2.51,tp_sys_ok,up,0.66,0.51,0.86,0.42
688707.SH|20240809|955,688707.SH,20240809,EVENT,-1.7012,2024,202408,down,12,9.544,2.2828514237448916,-6.742106054820818,0.33,strong_down,1.99,tp_sys_ok,down,0.63,0.59,0.42,0.65
600653.SH|20240814|959,600653.SH,20240814,EVENT,-7.5453,2024,202408,up,12,15.569,0.2673796791443861,-9.387997623291744,0.45,mild_up,1.29,tp_sys_ok,unknown,0.41,0.15,0.69,0.34
688426.SH|20240819|963,688426.SH,20240819,EVENT,-5.8251,2024,202408,up,12,21.298,0.2253388490902397,-13.059563448020716,0.64,mild_up,2.4,tp_sys_ok,up,0.52,0.4,0.84,0.35
688376_SH.SH|20241015|1092,688376_SH.SH,20241015,CONT,-4.9163,2024,202410,up,0,0.0,0.0,0.0,0.35,mild_up,0.69,tp_sys_ok,up,0.49,0.62,0.87,0.34
001330.SZ|20240830|930,001330.SZ,20240830,EVENT,-0.5997,2024,202408,down,1,0.2,2.682926829268295,-0.7317073170731603,0.3,strong_down,1.67,tp_sys_ok,down,0.53,0.48,0.64,0.64
003023.SZ|20240807|967,003023.SZ,20240807,EVENT,-0.4134,2024,202408,up,4,5.732,2.58327668252889,-0.5438477226376581,0.42,mild_up,1.82,tp_sys_ok,unknown,0.7,0.39,0.38,0.39
301313.SZ|20240506|869,301313.SZ,20240506,EVENT,0.403,2024,202405,down,12,19.222,4.65687312137506,-4.783878751958004,0.35,strong_down,1.98,tp_sys_ok,down,0.63,0.73,0.63,0.56
002058.SZ|20240808|971,002058.SZ,20240808,EVENT,-5.3696,2024,202408,up,12,11.31,4.005009665387016,-6.749435051321839,0.43,mild_up,1.84,tp_sys_ok,up,0.72,0.52,0.57,0.32
000672_SZ.SZ|20241022|1096,000672_SZ.SZ,20241022,CONT,6.816,2024,202410,up,0,0.0,0.0,0.0,0.36,mild_up,0.63,tp_sys_ok,up,0.53,0.59,0.87,0.38
603201.SH|20240812|975,603201.SH,20240812,EVENT,-4.7656,2024,202408,down,6,4.375,2.0733652312599604,-4.430267588162328,0.31,strong_down,1.92,tp_sys_ok,down,0.79,0.67,0.51,0.67
605338.SH|20240617|873,605338.SH,20240617,EVENT,-9.6896,2024,202406,down,4,9.308,-3.131543222659383,-10.034283610593398,0.31,strong_down,1.87,tp_sys_ok,down,0.38,0.75,0.57,0.67
002612_SZ.SZ|20241031|1100,002612_SZ.SZ,20241031,CONT,-0.2625,2024,202410,up,0,0.0,0.0,0.0,0.36,mild_up,0.62,tp_sys_ok,up,0.57,0.58,0.85,0.36
605151.SH|20240613|877,605151.SH,20240613,EVENT,-3.574,2024,202406,down,6,3.181,0.7456766619070354,-4.47670421492411,0.28,strong_down,1.69,tp_sys_ok,down,0.58,0.48,0.42,0.62
300019.SZ|20240621|881,300019.SZ,20240621,EVENT,-7.8939,2024,202406,down,9,7.509,-1.6361216960019354,-7.911449827617489,0.32,mild_down,1.79,tp_sys_ok,down,0.42,0.53,0.45,0.61
601975.SH|20241028|1104,601975.SH,20241028,EVENT,-0.2208,2024,202410,up,2,6.374,3.4715107209776885,-1.4513087007756553,0.63,mild_up,2.51,tp_sys_ok,up,0.5,0.51,0.86,0.55
002870.SZ|20240809|934,002870.SZ,20240809,EVENT,2.5439,2024,202408,up,4,7.98,3.631016967809919,-1.1565228482716905,0.42,mild_up,1.72,tp_sys_ok,up,0.59,0.37,0.39,0.36
603500.SH|20241101|1108,603500.SH,20241101,EVENT,12.3776,2024,202411,up,5,9.693,16.421260699867666,-1.670100675075803,0.66,mild_up,2.71,tp_sys_ok,up,0.59,0.71,0.87,0.52
300432.SZ|20240813|938,300432.SZ,20240813,EVENT,1.4077,2024,202408,down,6,7.588,7.728447263330995,-0.6577401926239013,0.3,strong_down,1.86,tp_sys_ok,down,0.62,0.55,0.53,0.66
000096_SZ.SZ|20241104|1112,000096_SZ.SZ,20241104,CONT,3.2628,2024,202411,up,0,0.0,0.0,0.0,0.33,strong_up,0.69,tp_sys_ok,up,0.66,0.64,0.86,0.43
601005.SH|20240617|885,601005.SH,20240617,EVENT,-4.535,2024,202406,down,3,4.143,-0.7936507936507908,-4.401154401154395,0.33,strong_down,1.83,tp_sys_ok,down,0.59,0.44,0.41,0.7
002808_SZ.SZ|20241105|1116,002808_SZ.SZ,20241105,CONT,25.2545,2024,202411,up,0,0.0,0.0,0.0,0.35,strong_up,0.63,tp_sys_ok,up,0.67,0.59,0.87,0.46
002367.SZ|20240614|889,002367.SZ,20240614,EVENT,-2.7998,2024,202406,down,1,2.405,0.291167906826284,-2.4048312304540076,0.3,mild_down,1.92,tp_sys_ok,down,0.47,0.76,0.53,0.57
600624_SH.SH|20241106|1120,600624_SH.SH,20241106,CONT,-6.1524,2024,202411,up,0,0.0,0.0,0.0,0.33,strong_up,0.52,tp_sys_ok,up,0.73,0.48,0.83,0.48
603312.SH|20240826|979,603312.SH,20240826,EVENT,8.9924,2024,202408,down,11,1.248,11.415893505445762,1.2101653892698794,0.33,mild_down,2.07,tp_sys_ok,down,0.58,0.53,0.55,0.63
002203.SZ|20240620|893,002203.SZ,20240620,EVENT,-5.2922,2024,202406,down,2,4.902,-1.063777875372074,-6.187478651246748,0.31,strong_down,1.72,tp_sys_ok,down,0.62,0.6,0.58,0.63
002310_SZ.SZ|20241115|1124,002310_SZ.SZ,20241115,CONT,-8.842,2024,202411,up,0,0.0,0.0,0.0,0.36,strong_up,0.54,tp_sys_ok,up,0.62,0.5,0.81,0.5
688163.SH|20240819|983,688163.SH,20240819,EVENT,3.5109,2024,202408,up,8,13.577,19.325551232166017,-8.108320559682426,0.61,mild_up,2.44,tp_sys_ok,up,0.37,0.44,0.88,0.49
002627.SZ|20240812|987,002627.SZ,20240812,EVENT,-2.029,2024,202408,up,12,6.438,2.1111485467273594,-2.7334606144285734,0.38,mild_up,1.67,tp_sys_ok,unknown,0.65,0.36,0.37,0.36
301207.SZ|20240614|897,301207.SZ,20240614,EVENT,-5.6631,2024,202406,down,12,7.986,1.378401054776468,-7.551240560949301,0.33,strong_down,1.73,tp_sys_ok,down,0.64,0.58,0.64,0.56
301268_SZ.SZ|20241126|1128,301268_SZ.SZ,20241126,CONT,-10.3333,2024,202411,up,0,0.0,0.0,0.0,0.4,mild_up,1.19,tp_sys_ok,up,0.52,0.54,0.89,0.47
688455.SH|20240617|901,688455.SH,20240617,EVENT,1.1136,2024,202406,down,12,9.193,10.123794334320625,-1.9012176906913814,0.31,strong_down,1.81,tp_sys_ok,down,0.82,0.73,0.46,0.64
001376.SZ|20241202|1132,001376.SZ,20241202,EVENT,3.919,2024,202412,down,5,7.553,10.05434782608694,-3.125000000000011,0.32,mild_down,1.86,tp_sys_ok,down,0.4,0.66,0.62,0.46
000510.SZ|20240620|905,000510.SZ,20240620,EVENT,0.0041,2024,202406,down,9,13.723,5.7555419971527355,-9.497661175513528,0.3,strong_down,1.86,tp_sys_ok,down,0.52,0.68,0.54,0.67
002706.SZ|20240905|991,002706.SZ,20240905,EVENT,5.9111,2024,202409,down,12,8.83,9.409350190261257,-4.285077820869576,0.33,strong_down,1.88,tp_sys_ok,down,0.67,0.66,0.63,0.62
001313_SZ.SZ|20241217|1136,001313_SZ.SZ,20241217,CONT,-3.1967,2024,202412,up,0,0.0,0.0,0.0,0.37,mild_up,0.75,tp_sys_ok,up,0.41,0.71,0.87,0.5
002493.SZ|20240823|942,002493.SZ,20240823,EVENT,-1.3514,2024,202408,down,3,0.822,1.7878426698450411,-2.1454112038140627,0.32,mild_down,1.91,tp_sys_ok,down,0.67,0.64,0.58,0.61
688686.SH|20240925|995,688686.SH,20240925,EVENT,15.2546,2024,202409,down,3,1.778,33.15459063562647,-1.329671287819334,0.28,strong_down,1.76,tp_sys_ok,down,0.68,0.58,0.54,0.74
002791.SZ|20250120|1140,002791.SZ,20250120,EVENT,3.974,2025,202501,down,12,10.971,6.099489450142337,-3.162698233407124,0.28,strong_down,1.79,tp_sys_ok,down,0.48,0.56,0.48,0.75
688499.SH|20240805|946,688499.SH,20240805,EVENT,-8.1738,2024,202408,down,8,7.79,1.5459636149291356,-8.36749457439112,0.28,strong_down,1.74,tp_sys_ok,down,0.7,0.53,0.43,0.61
601678.SH|20250117|1144,601678.SH,20250117,EVENT,1.718,2025,202501,down,12,3.155,3.7135278514588865,-2.917771883289122,0.32,strong_down,2.03,tp_sys_ok,down,0.4,0.58,0.54,0.56
601969.SH|20240909|999,601969.SH,20240909,EVENT,9.1517,2024,202409,down,4,2.04,14.028391708532295,-1.1596141063042076,0.31,strong_down,1.84,tp_sys_ok,down,0.66,0.68,0.52,0.65
688400.SH|20240808|950,688400.SH,20240808,EVENT,-0.246,2024,202408,up,12,6.314,4.4339304349190645,-2.057079516298499,0.4,mild_up,1.74,tp_sys_ok,up,0.64,0.38,0.38,0.37
688448.SH|20240926|1003,688448.SH,20240926,EVENT,10.7654,2024,202409,down,2,11.922,25.178498153467377,3.7669265490356985,0.33,strong_down,1.91,tp_sys_ok,down,0.66,0.52,0.53,0.52
301260.SZ|20240809|954,301260.SZ,20240809,EVENT,-4.1657,2024,202408,down,3,3.773,0.3984063745019917,-3.9043824701195273,0.27,strong_down,1.79,tp_sys_ok,down,0.52,0.61,0.6,0.71
301391.SZ|20250121|1148,301391.SZ,20250121,EVENT,9.1833,2025,202501,down,12,9.291,17.28639364756286,0.1820089285459403,0.33,strong_down,1.81,tp_sys_ok,down,0.46,0.62,0.66,0.55
688598.SH|20240812|958,688598.SH,20240812,EVENT,-3.1823,2024,202408,up,3,2.788,2.0655230858058315,-4.080758413886865,0.39,mild_up,1.72,sl_too_tight,unknown,0.68,0.41,0.21,0.36
002458.SZ|20240904|1007,002458.SZ,20240904,EVENT,-2.8145,2024,202409,down,8,2.42,4.486052097762427,-4.592924623741257,0.32,mild_down,1.89,tp_sys_ok,down,0.42,0.65,0.59,0.74
603858.SH|20250123|1152,603858.SH,20250123,EVENT,-2.5498,2025,202501,down,1,1.238,-1.4593467685893091,-2.501737317581665,0.31,strong_down,2.04,tp_sys_ok,down,0.54,0.62,0.63,0.7
688232.SH|20240620|909,688232.SH,20240620,EVENT,-4.4588,2024,202406,down,12,8.368,2.3385866802236865,-8.337569903406205,0.31,strong_down,1.94,tp_sys_ok,down,0.39,0.59,0.51,0.66
688496.SH|20240816|962,688496.SH,20240816,EVENT,-9.0387,2024,202408,down,5,8.656,0.7511007511007639,-10.903910903910896,0.32,strong_down,1.95,tp_sys_ok,down,0.69,0.49,0.48,0.58
600881.SH|20250102|1156,600881.SH,20250102,EVENT,1.4198,2025,202501,up,2,12.865,14.364640883977886,-1.6574585635359185,0.32,mild_up,1.41,tp_sys_ok,unknown,0.71,0.2,0.17,0.32
605168.SH|20240805|966,605168.SH,20240805,EVENT,-0.1237,2024,202408,up,3,8.347,2.8107158541941235,-1.273605621431706,0.63,mild_up,2.67,tp_sys_ok,up,0.69,0.67,0.88,0.39
603008.SH|20240906|1011,603008.SH,20240906,EVENT,6.3068,2024,202409,down,12,10.387,11.371969334666598,-9.641609785081794,0.33,strong_down,1.91,tp_sys_ok,down,0.64,0.74,0.51,0.62
688078.SH|20240807|970,688078.SH,20240807,EVENT,1.8016,2024,202408,down,12,7.066,6.953102522297883,-3.30871775199002,0.32,strong_down,1.94,tp_sys_ok,down,0.48,0.53,0.45,0.58
301047.SZ|20240911|1015,301047.SZ,20240911,EVENT,18.6695,2024,202409,down,11,4.874,38.48039215686274,0.1225490196078427,0.31,strong_down,1.7,tp_sys_ok,down,0.45,0.59,0.54,0.67
301290.SZ|20250114|1160,301290.SZ,20250114,EVENT,7.2098,2025,202501,down,12,3.03,9.926629261976672,3.1170574977221532,0.29,strong_down,1.77,tp_sys_ok,down,0.64,0.66,0.61,0.61
301115.SZ|20240812|974,301115.SZ,20240812,EVENT,8.637,2024,202408,down,5,2.726,12.116316639741509,-1.2116316639741553,0.34,strong_down,1.89,tp_sys_ok,down,0.54,0.56,0.51,0.61
002570.SZ|20240614|913,002570.SZ,20240614,EVENT,-6.2309,2024,202406,down,5,5.843,4.910104910104907,-6.009906009905997,0.34,strong_down,1.74,tp_sys_ok,down,0.5,0.57,0.57,0.5
688153.SH|20240912|1019,688153.SH,20240912,EVENT,-3.4932,2024,202409,down,2,3.1,-0.028508027373441713,-4.720155748378707,0.32,strong_down,1.94,tp_sys_ok,down,0.57,0.5,0.44,0.6
603799.SH|20250117|1164,603799.SH,20250117,EVENT,0.4971,2025,202501,down,12,8.755,4.249834535130792,-3.831818023478595,0.41,strong_down,2.22,tp_sys_ok,down,0.6,0.47,0.53,0.54
600380.SH|20240925|1023,600380.SH,20240925,EVENT,5.3841,2024,202409,down,2,8.371,9.607438016528924,-1.9628099173553681,0.25,strong_down,1.49,tp_sys_ok,down,0.53,0.29,0.38,0.59
600059.SH|20250122|1168,600059.SH,20250122,EVENT,1.4731,2025,202501,down,12,3.919,3.238265002970886,-0.9704892057833314,0.32,mild_down,1.69,tp_sys_ok,down,0.39,0.56,0.58,0.59
600143.SH|20240822|978,600143.SH,20240822,EVENT,2.2217,2024,202408,up,4,16.604,7.2620519159456,-2.4721878862793645,0.65,strong_up,2.53,tp_sys_ok,up,0.6,0.53,0.88,0.44
688659.SH|20250124|1172,688659.SH,20250124,EVENT,4.7136,2025,202501,down,12,10.933,9.694227341286176,1.771866477748829,0.31,mild_down,1.7,tp_sys_ok,down,0.44,0.53,0.55,0.59
300447.SZ|20240926|1027,300447.SZ,20240926,EVENT,22.4329,2024,202409,down,3,10.163,46.010325151707264,3.1700027171451817,0.31,strong_down,1.7,tp_sys_ok,down,0.47,0.49,0.45,0.61
000878.SZ|20240807|982,000878.SZ,20240807,EVENT,-1.4033,2024,202408,down,12,2.553,3.199268738574035,-2.376599634369281,0.33,strong_down,1.78,tp_sys_ok,down,0.62,0.69,0.58,0.58
301108.SZ|20240905|1031,301108.SZ,20240905,EVENT,-0.6357,2024,202409,down,2,5.155,6.8159141930655975,-3.8787727612871192,0.32,strong_down,1.89,tp_sys_ok,down,0.46,0.7,0.57,0.61
600380.SH|20250116|1176,600380.SH,20250116,EVENT,-1.1697,2025,202501,down,1,0.059,1.2536162005786,-0.9643201542912205,0.33,strong_down,1.57,tp_sys_ok,down,0.56,0.43,0.66,0.52
002132.SZ|20240910|1035,002132.SZ,20240910,EVENT,3.4215,2024,202409,up,3,5.584,6.647874089734573,1.0101010101010166,0.64,mild_up,2.51,tp_sys_ok,up,0.63,0.51,0.87,0.43
300801.SZ|20240830|986,300801.SZ,20240830,EVENT,-4.4455,2024,202408,down,12,8.69,6.50145326602416,-6.5779409515068,0.31,strong_down,1.7,tp_sys_ok,down,0.55,0.56,0.55,0.65
688184.SH|20250122|1180,688184.SH,20250122,EVENT,0.2438,2025,202501,down,12,6.21,6.4878722145533585,-5.7823352834198705,0.36,strong_down,2.07,tp_sys_ok,down,0.59,0.49,0.52,0.63
601966.SH|20250124|1184,601966.SH,20250124,EVENT,-0.0107,2025,202501,up,2,6.566,1.6385106503192137,-1.638510650319247,0.36,mild_up,1.61,sl_too_tight,up,0.65,0.31,0.23,0.44
002925.SZ|20240911|1039,002925.SZ,20240911,EVENT,0.2022,2024,202409,up,2,13.049,2.0108315433903012,-2.3559926018720923,0.39,mild_up,1.8,tp_sys_ok,up,0.69,0.43,0.4,0.33
002353.SZ|20240920|1043,002353.SZ,20240920,EVENT,14.8403,2024,202409,down,6,4.154,22.417439401333983,3.7460993537128173,0.31,strong_down,1.71,tp_sys_ok,down,0.69,0.43,0.54,0.52
603182.SH|20240923|1047,603182.SH,20240923,EVENT,2.246,2024,202409,down,2,2.521,5.189126379842834,1.3158833542284532,0.3,mild_down,1.63,tp_sys_ok,down,0.41,0.43,0.42,0.64
002368.SZ|20250213|1188,002368.SZ,20250213,EVENT,0.0606,2025,202502,up,2,27.915,11.620405738052785,-0.5631510702504561,0.64,mild_up,2.43,tp_sys_ok,up,0.65,0.43,0.9,0.49
300073.SZ|20240902|990,300073.SZ,20240902,EVENT,4.5596,2024,202409,down,2,13.474,10.10798514551392,-1.7192642305228656,0.31,strong_down,1.8,tp_sys_ok,down,0.79,0.61,0.45,0.54
002458.SZ|20240906|1051,002458.SZ,20240906,EVENT,-4.6595,2024,202409,down,6,4.268,2.4514067992328803,-6.450776015993398,0.33,mild_down,1.97,tp_sys_ok,down,0.43,0.73,0.63,0.7
605296.SH|20250221|1192,605296.SH,20250221,EVENT,-0.1705,2025,202502,up,2,8.875,6.664113366526236,-1.1106855610876987,0.4,mild_up,1.67,tp_sys_ok,unknown,0.69,0.34,0.49,0.37
601678.SH|20240925|994,601678.SH,20240925,EVENT,1.4093,2024,202409,up,2,12.031,11.17824773413898,2.4169184290030232,0.52,mild_up,2.01,tp_sys_ok,unknown,0.61,0.6,0.8,0.38
603356.SH|20240926|1055,603356.SH,20240926,EVENT,8.8357,2024,202409,up,2,8.544,12.992455993294216,0.3352891869237373,0.43,mild_up,1.79,tp_sys_ok,unknown,0.75,0.44,0.52,0.32
002706.SZ|20240909|998,002706.SZ,20240909,EVENT,11.4145,2024,202409,down,11,6.577,14.123430147168992,-1.7998980906992923,0.36,strong_down,1.92,tp_sys_ok,down,0.64,0.7,0.62,0.64
300347.SZ|20250212|1196,300347.SZ,20250212,EVENT,7.5005,2025,202502,up,3,11.492,8.506022720785511,-0.5899031417099576,0.63,mild_up,2.64,tp_sys_ok,up,0.71,0.64,0.89,0.5
600873.SH|20240925|1002,600873.SH,20240925,EVENT,12.3754,2024,202409,down,4,1.318,29.744607233733845,-0.296012909155019,0.36,strong_down,1.97,tp_sys_ok,down,0.7,0.47,0.56,0.55
002014.SZ|20240904|1006,002014.SZ,20240904,EVENT,-1.5753,2024,202409,down,12,6.592,2.1201413427561766,-3.297997644287387,0.31,strong_down,1.64,tp_sys_ok,down,0.67,0.52,0.61,0.57
601975.SH|20241015|1059,601975.SH,20241015,EVENT,-0.5979,2024,202410,up,12,20.767,1.614409122635263,-5.335134171508682,0.64,mild_up,2.55,tp_sys_ok,up,0.48,0.55,0.88,0.46
603069.SH|20250224|1200,603069.SH,20250224,EVENT,1.0748,2025,202502,down,6,4.046,7.889526494177668,-0.4440864905980946,0.32,strong_down,1.9,tp_sys_ok,down,0.5,0.68,0.55,0.61
601872.SH|20241022|1063,601872.SH,20241022,EVENT,-4.2764,2024,202410,down,12,18.338,1.4689597366762674,-6.790497341678437,0.3,strong_down,1.87,tp_sys_ok,down,0.42,0.66,0.56,0.57
000703.SZ|20241025|1067,000703.SZ,20241025,EVENT,1.3455,2024,202410,up,12,6.558,5.882352941176472,-2.384737678855331,0.65,mild_up,2.56,tp_sys_ok,up,0.56,0.56,0.87,0.42
600588.SH|20240906|1010,600588.SH,20240906,EVENT,0.4997,2024,202409,down,6,7.345,4.412299534250774,-3.330635037952101,0.31,mild_down,1.86,tp_sys_ok,down,0.39,0.74,0.61,0.75
300073.SZ|20240911|1014,300073.SZ,20240911,EVENT,0.0015,2024,202409,up,2,16.026,5.6319313011145455,-0.14535656265238783,0.39,mild_up,1.71,tp_sys_ok,unknown,0.73,0.37,0.3,0.35
000157.SZ|20241021|1071,000157.SZ,20241021,EVENT,7.2997,2024,202410,up,12,19.453,9.318291136472956,-2.1965688632355262,0.46,strong_up,1.39,tp_sys_ok,unknown,0.49,0.3,0.84,0.39
600322_SH.SH|20241011|1075,600322_SH.SH,20241011,CONT,0.8417,2024,202410,up,0,0.0,0.0,0.0,0.51,mild_up,1.75,tp_sys_ok,up,0.64,0.21,0.88,0.5
000932.SZ|20250220|1204,000932.SZ,20250220,EVENT,3.5922,2025,202502,up,5,13.419,12.35955056179774,-2.2471910112359716,0.48,mild_up,1.51,tp_sys_ok,unknown,0.44,0.3,0.82,0.39
301165_SZ.SZ|20241014|1079,301165_SZ.SZ,20241014,CONT,12.8121,2024,202410,up,0,0.0,0.0,0.0,0.34,strong_up,0.55,tp_sys_ok,up,0.69,0.51,0.88,0.45
002755_SZ.SZ|20241015|1083,002755_SZ.SZ,20241015,CONT,3.152,2024,202410,up,0,0.0,0.0,0.0,0.37,mild_up,0.72,tp_sys_ok,up,0.55,0.66,0.87,0.34
600877_SH.SH|20241015|1087,600877_SH.SH,20241015,CONT,7.8692,2024,202410,up,0,0.0,0.0,0.0,0.34,strong_up,0.61,tp_sys_ok,up,0.57,0.57,0.86,0.47
688369_SH.SH|20241015|1091,688369_SH.SH,20241015,CONT,1.5991,2024,202410,up,0,0.0,0.0,0.0,0.37,mild_up,0.77,tp_sys_ok,up,0.74,0.68,0.83,0.46
000510_SZ.SZ|20241021|1095,000510_SZ.SZ,20241021,CONT,2.55,2024,202410,up,0,0.0,0.0,0.0,0.36,mild_up,0.71,tp_sys_ok,unknown,0.54,0.64,0.86,0.38
603019_SH.SH|20241030|1099,603019_SH.SH,20241030,CONT,38.867,2024,202410,up,0,0.0,0.0,0.0,0.32,strong_up,0.88,tp_sys_ok,up,0.72,0.49,0.88,0.45
600497.SH|20241021|1103,600497.SH,20241021,EVENT,13.0287,2024,202410,up,12,22.579,23.360119603812368,-0.5606428704915012,0.55,strong_up,1.68,tp_sys_ok,up,0.37,0.45,0.85,0.44
688443.SH|20241121|1107,688443.SH,20241121,EVENT,-7.5499,2024,202411,down,2,7.164,0.07248493503402287,-7.320257195301827,0.35,mild_down,2.03,tp_sys_ok,down,0.53,0.56,0.56,0.6
002901.SZ|20240912|1018,002901.SZ,20240912,EVENT,-0.1578,2024,202409,up,2,12.501,3.233629749393696,-0.9360507169297483,0.62,mild_up,2.57,tp_sys_ok,up,0.65,0.57,0.87,0.44
002700_SZ.SZ|20240701|917,002700_SZ.SZ,20240701,CONT,14.6357,2024,202407,up,0,0.0,0.0,0.0,0.31,strong_up,0.54,tp_sys_ok,up,0.71,0.5,0.84,0.4
600416_SH.SH|20241101|1111,600416_SH.SH,20241101,CONT,-5.1863,2024,202411,up,0,0.0,0.0,0.0,0.38,strong_up,0.94,tp_sys_ok,up,0.76,0.61,0.88,0.6
000981.SZ|20240805|921,000981.SZ,20240805,EVENT,-15.8356,2024,202408,up,12,47.832,-6.153735940969973,-26.212479403968757,0.48,mild_up,1.77,tp_sys_ok,unknown,0.74,0.5,0.66,0.41
688172.SH|20240923|1022,688172.SH,20240923,EVENT,8.959,2024,202409,down,4,2.539,18.263718263718243,-0.9828009828009909,0.33,strong_down,1.88,tp_sys_ok,down,0.73,0.72,0.54,0.61
000070_SZ.SZ|20241105|1115,000070_SZ.SZ,20241105,CONT,0.8753,2024,202411,up,0,0.0,0.0,0.0,0.33,strong_up,0.63,tp_sys_ok,up,0.58,0.58,0.87,0.43
300770.SZ|20240808|925,300770.SZ,20240808,EVENT,0.6872,2024,202408,down,10,8.208,5.052900783704217,-2.1717321450496763,0.29,strong_down,1.93,tp_sys_ok,down,0.62,0.54,0.47,0.71
601966.SH|20240812|929,601966.SH,20240812,EVENT,-5.7839,2024,202408,down,7,5.395,0.19691590164714334,-6.371117666634129,0.3,strong_down,1.8,tp_sys_ok,down,0.72,0.66,0.48,0.71
688616_SH.SH|20241105|1119,688616_SH.SH,20241105,CONT,3.8,2024,202411,up,0,0.0,0.0,0.0,0.37,mild_up,0.65,tp_sys_ok,up,0.69,0.58,0.83,0.4
002706.SZ|20240808|933,002706.SZ,20240808,EVENT,-6.0845,2024,202408,down,8,5.696,2.739133892848389,-6.251837097437917,0.36,strong_down,2.19,tp_sys_ok,down,0.5,0.5,0.63,0.6
688320_SH.SH|20241114|1123,688320_SH.SH,20241114,CONT,2.4452,2024,202411,up,0,0.0,0.0,0.0,0.59,strong_up,1.85,tp_sys_ok,up,0.6,0.13,0.92,0.52
688419.SH|20240925|1026,688419.SH,20240925,EVENT,13.5469,2024,202409,down,3,10.406,30.85286458333334,-1.2630208333333282,0.3,strong_down,1.75,tp_sys_ok,down,0.7,0.45,0.48,0.67
002455.SZ|20240812|937,002455.SZ,20240812,EVENT,-4.0221,2024,202408,down,5,3.63,2.111028541546256,-3.6688409985412673,0.3,strong_down,1.82,tp_sys_ok,down,0.72,0.68,0.56,0.64
688496.SH|20240904|1030,688496.SH,20240904,EVENT,-8.3409,2024,202409,down,7,7.957,4.455193131864332,-9.60078272493008,0.32,strong_down,1.87,tp_sys_ok,down,0.69,0.47,0.47,0.6
603325_SH.SH|20241120|1127,603325_SH.SH,20241120,CONT,-0.5716,2024,202411,up,0,0.0,0.0,0.0,0.35,strong_up,1.08,tp_sys_ok,up,0.66,0.6,0.87,0.52
605056.SH|20240822|941,605056.SH,20240822,EVENT,7.9197,2024,202408,down,7,2.996,11.40905877747982,-2.1446389867442517,0.35,strong_down,1.97,tp_sys_ok,down,0.67,0.54,0.51,0.65
301223.SZ|20240909|1034,301223.SZ,20240909,EVENT,5.8559,2024,202409,down,12,3.621,11.057153530070973,-1.2700784460216608,0.38,mild_down,1.92,tp_sys_ok,down,0.45,0.73,0.67,0.65
300805_SZ.SZ|20241128|1131,300805_SZ.SZ,20241128,CONT,-0.2,2024,202411,up,0,0.0,0.0,0.0,0.35,strong_up,1.0,tp_sys_ok,up,0.74,0.65,0.89,0.44
002860_SZ.SZ|20241213|1135,002860_SZ.SZ,20241213,CONT,-10.6318,2024,202412,up,0,0.0,0.0,0.0,0.33,strong_up,0.92,tp_sys_ok,up,0.77,0.66,0.88,0.5
002443.SZ|20240911|1038,002443.SZ,20240911,EVENT,4.4552,2024,202409,down,9,5.731,6.459426725878092,-3.4315704481227227,0.34,mild_down,1.9,tp_sys_ok,down,0.38,0.69,0.63,0.68
300982.SZ|20240805|945,300982.SZ,20240805,EVENT,0.3629,2024,202408,up,3,5.287,5.253447719201132,-2.7412634718570916,0.39,mild_up,1.81,tp_sys_ok,unknown,0.74,0.46,0.28,0.36
603390_SH.SH|20241226|1139,603390_SH.SH,20241226,CONT,-26.7132,2024,202412,up,0,0.0,0.0,0.0,0.56,strong_up,1.69,tp_sys_ok,up,0.46,0.23,0.92,0.58
300250.SZ|20250115|1143,300250.SZ,20250115,EVENT,23.9321,2025,202501,down,12,11.863,29.01945216355697,-0.6072368517783477,0.31,strong_down,1.86,tp_sys_ok,down,0.56,0.64,0.58,0.6
688100.SH|20250116|1147,688100.SH,20250116,EVENT,7.0821,2025,202501,down,12,0.331,10.562418429599042,0.8498497587033471,0.35,strong_down,1.85,tp_sys_ok,down,0.44,0.68,0.62,0.64
002656_SZ.SZ|20250213|1208,002656_SZ.SZ,20250213,CONT,1.1636,2025,202502,up,0,0.0,0.0,0.0,0.34,strong_up,0.51,tp_sys_ok,up,0.51,0.49,0.86,0.33
300736.SZ|20240919|1042,300736.SZ,20240919,EVENT,18.477,2024,202409,up,7,15.897,38.780487804878064,0.6097560975609762,0.41,mild_up,1.61,tp_sys_ok,unknown,0.64,0.33,0.58,0.44
688326.SH|20250122|1151,688326.SH,20250122,EVENT,24.6478,2025,202501,down,6,13.529,32.024185943307245,-5.7978688532857365,0.35,mild_down,1.83,tp_sys_ok,down,0.4,0.67,0.6,0.62
603033.SH|20240808|949,603033.SH,20240808,EVENT,-2.5647,2024,202408,down,3,2.169,3.4665723381676727,-3.1167708210509737,0.29,strong_down,1.75,tp_sys_ok,down,0.82,0.59,0.54,0.75
301252_SZ.SZ|20250218|1212,301252_SZ.SZ,20250218,CONT,1.8602,2025,202502,up,0,0.0,0.0,0.0,0.6,strong_up,1.8,tp_sys_ok,up,0.68,0.17,0.91,0.58
003004.SZ|20250127|1155,003004.SZ,20250127,EVENT,4.6046,2025,202501,up,12,8.022,15.010309278350519,1.2783505154639219,0.37,mild_up,1.72,sl_too_tight,up,0.74,0.38,0.24,0.34
300687.SZ|20240809|953,300687.SZ,20240809,EVENT,-2.0362,2024,202408,down,1,1.64,-0.9402146972541159,-3.8656882582868035,0.28,strong_down,1.84,tp_sys_ok,down,0.71,0.48,0.46,0.55
603360_SH.SH|20250224|1216,603360_SH.SH,20250224,CONT,7.3423,2025,202502,up,0,0.0,0.0,0.0,0.35,strong_up,0.81,tp_sys_ok,up,0.57,0.75,0.88,0.6
301227.SZ|20250114|1159,301227.SZ,20250114,EVENT,10.7373,2025,202501,down,12,6.29,14.302536231884066,2.889492753623202,0.31,mild_down,1.69,tp_sys_ok,down,0.43,0.55,0.54,0.61
601969.SH|20240812|957,601969.SH,20240812,EVENT,-4.1915,2024,202408,down,7,3.799,2.1933832937305775,-4.021202705172722,0.32,strong_down,1.83,tp_sys_ok,down,0.62,0.65,0.47,0.65
603365.SH|20240920|1046,603365.SH,20240920,EVENT,22.3446,2024,202409,down,6,5.539,34.5912955411636,-0.5890034913781705,0.33,strong_down,1.76,tp_sys_ok,down,0.54,0.46,0.48,0.61
603070_SH.SH|20250228|1220,603070_SH.SH,20250228,CONT,-4.2,2025,202502,up,0,0.0,0.0,0.0,0.36,strong_up,0.92,tp_sys_ok,up,0.72,0.7,0.88,0.58
301391.SZ|20250116|1163,301391.SZ,20250116,EVENT,12.0466,2025,202501,down,12,12.554,17.114633586032625,-1.2347806110728277,0.34,strong_down,1.83,tp_sys_ok,down,0.5,0.66,0.67,0.58
603027.SH|20250207|1224,603027.SH,20250207,EVENT,-0.9831,2025,202502,down,12,9.203,4.407769252942306,-2.2894396300589315,0.3,mild_down,1.8,tp_sys_ok,down,0.43,0.67,0.59,0.69
301093.SZ|20240905|1050,301093.SZ,20240905,EVENT,-1.2055,2024,202409,up,12,14.073,3.9768864717878882,-4.724677090414686,0.65,strong_up,2.65,tp_sys_ok,up,0.65,0.65,0.89,0.47
002340.SZ|20250122|1167,002340.SZ,20250122,EVENT,2.4117,2025,202501,down,12,5.339,5.952491273592209,-2.3877922960491627,0.38,strong_down,1.98,tp_sys_ok,down,0.42,0.57,0.64,0.69
301107.SZ|20240924|1054,301107.SZ,20240924,EVENT,9.7304,2024,202409,down,4,1.535,30.61386138613862,4.257425742574261,0.31,strong_down,1.87,tp_sys_ok,down,0.52,0.6,0.6,0.65
605296.SH|20241030|1058,605296.SH,20241030,EVENT,-1.5553,2024,202410,up,12,9.958,8.428347864967577,-3.7321572532840075,0.49,strong_up,1.73,tp_sys_ok,up,0.57,0.52,0.83,0.38
600075.SH|20250221|1228,600075.SH,20250221,EVENT,-3.4878,2025,202502,up,12,5.073,1.4661285541646807,-4.234215746631087,0.61,mild_up,2.61,tp_sys_ok,up,0.77,0.61,0.86,0.37
000932.SZ|20250123|1171,000932.SZ,20250123,EVENT,9.7536,2025,202501,down,12,6.647,15.136476426798984,-0.7444168734491385,0.35,mild_down,1.95,tp_sys_ok,down,0.48,0.74,0.64,0.72
002252.SZ|20250114|1175,002252.SZ,20250114,EVENT,5.2945,2025,202501,down,12,4.059,6.45645645645645,0.6006006006006093,0.32,mild_down,1.83,tp_sys_ok,down,0.5,0.7,0.53,0.64
601872.SH|20241021|1062,601872.SH,20241021,EVENT,-6.0399,2024,202410,down,12,20.603,-0.1487209994051164,-9.36942296252231,0.33,strong_down,1.93,tp_sys_ok,down,0.42,0.73,0.59,0.47
601666.SH|20250122|1179,601666.SH,20250122,EVENT,1.4585,2025,202501,down,12,1.159,4.17427284897165,0.5233053425824474,0.31,strong_down,1.75,tp_sys_ok,down,0.73,0.63,0.56,0.79
601985.SH|20241023|1066,601985.SH,20241023,EVENT,-4.7589,2024,202410,down,3,4.368,0.026555722758270228,-4.69446165648697,0.32,strong_down,1.88,tp_sys_ok,down,0.45,0.59,0.49,0.6
300095.SZ|20250124|1183,300095.SZ,20250124,EVENT,6.7496,2025,202501,down,12,5.342,13.689193187101134,2.193482946621028,0.31,strong_down,1.79,tp_sys_ok,down,0.6,0.6,0.63,0.74
688238.SH|20250127|1187,688238.SH,20250127,EVENT,11.4689,2025,202501,down,12,9.631,23.225806451612897,0.4301075268817067,0.39,strong_down,2.01,tp_sys_ok,down,0.46,0.59,0.54,0.58
000651.SZ|20250305|1232,000651.SZ,20250305,EVENT,1.9439,2025,202503,down,12,4.084,5.823148813803014,-0.43134435657800063,0.31,strong_down,1.64,tp_sys_ok,down,0.6,0.53,0.61,0.6
688443.SH|20241017|1070,688443.SH,20241017,EVENT,17.4495,2024,202410,up,12,16.464,22.9775013879403,0.2911679068262618,0.34,mild_up,1.63,sl_too_tight,unknown,0.61,0.41,0.22,0.35
001286.SZ|20250313|1236,001286.SZ,20250313,EVENT,2.0759,2025,202503,down,8,1.467,4.097452934662238,0.0,0.34,mild_down,1.78,tp_sys_ok,down,0.51,0.48,0.49,0.5
000709.SZ|20250320|1240,000709.SZ,20250320,EVENT,0.8363,2025,202503,up,2,3.932,4.128440366972463,0.917431192660545,0.65,mild_up,2.56,tp_sys_ok,up,0.6,0.56,0.86,0.46
603978.SH|20250220|1191,603978.SH,20250220,EVENT,11.122,2025,202502,down,11,1.626,13.868748838073985,-0.771518869678367,0.29,strong_down,1.83,tp_sys_ok,down,0.72,0.64,0.55,0.72
300861.SZ|20250311|1244,300861.SZ,20250311,EVENT,-7.138,2025,202503,up,9,6.752,2.825076606800714,-6.963079724038979,0.65,strong_up,2.68,tp_sys_ok,up,0.61,0.68,0.89,0.47
600239_SH.SH|20241011|1074,600239_SH.SH,20241011,CONT,-2.3661,2024,202410,up,0,0.0,0.0,0.0,0.49,mild_up,1.59,tp_sys_ok,up,0.75,0.32,0.89,0.54
301507.SZ|20250324|1248,301507.SZ,20250324,EVENT,-0.717,2025,202503,up,1,0.309,0.38518351873855217,-1.17711020966762,0.48,strong_up,1.59,tp_sys_ok,up,0.68,0.35,0.83,0.53
300820.SZ|20240816|961,300820.SZ,20240816,EVENT,0.9703,2024,202408,up,2,13.137,5.26385398756779,-1.5870916545430491,0.38,strong_up,1.52,tp_sys_ok,unknown,0.39,0.29,0.47,0.41
605100_SH.SH|20250305|1252,605100_SH.SH,20250305,CONT,11.0112,2025,202503,up,0,0.0,0.0,0.0,0.38,strong_up,0.69,tp_sys_ok,up,0.6,0.64,0.79,0.65
002058_SZ.SZ|20241014|1078,002058_SZ.SZ,20241014,CONT,52.0751,2024,202410,up,0,0.0,0.0,0.0,0.59,strong_up,1.89,tp_sys_ok,up,0.44,0.39,0.91,0.42
002955.SZ|20240805|965,002955.SZ,20240805,EVENT,10.2047,2024,202408,down,2,13.475,13.579231226290055,0.5132974442437321,0.26,strong_down,1.46,tp_sys_ok,down,0.63,0.32,0.38,0.66
603615_SH.SH|20250317|1256,603615_SH.SH,20250317,CONT,-15.3288,2025,202503,up,0,0.0,0.0,0.0,0.31,strong_up,0.55,tp_sys_ok,up,0.72,0.52,0.87,0.47
001228.SZ|20250306|1260,001228.SZ,20250306,EVENT,2.8822,2025,202503,up,12,5.704,5.465493283927736,-0.41685965724872487,0.65,mild_up,2.59,tp_sys_ok,up,0.43,0.59,0.9,0.47
002840.SZ|20250210|1195,002840.SZ,20250210,EVENT,-0.9338,2025,202502,down,2,5.326,2.1929824561403466,-3.157894736842115,0.32,strong_down,1.68,tp_sys_ok,down,0.44,0.6,0.59,0.6
688317.SH|20250313|1264,688317.SH,20250313,EVENT,-0.5465,2025,202503,up,12,3.804,2.687817464449771,-2.9238548138891707,0.66,strong_up,2.64,tp_sys_ok,up,0.63,0.64,0.91,0.51
600810.SH|20240807|969,600810.SH,20240807,EVENT,-1.7589,2024,202408,down,12,6.535,3.3820255557927448,-3.39490171761222,0.37,strong_down,2.09,tp_sys_ok,down,0.71,0.51,0.51,0.54
002512_SZ.SZ|20241015|1082,002512_SZ.SZ,20241015,CONT,1.2706,2024,202410,up,0,0.0,0.0,0.0,0.34,strong_up,0.61,tp_sys_ok,up,0.72,0.57,0.87,0.37
688338.SH|20250214|1199,688338.SH,20250214,EVENT,3.2015,2025,202502,up,12,6.517,8.478186775732777,0.3408316291751756,0.37,mild_up,1.53,tp_sys_ok,up,0.71,0.32,0.23,0.32
300376.SZ|20240812|973,300376.SZ,20240812,EVENT,-3.2884,2024,202408,down,1,2.532,-2.503972855731662,-6.0180467215643185,0.29,strong_down,1.73,tp_sys_ok,down,0.8,0.6,0.48,0.66
600602_SH.SH|20241015|1086,600602_SH.SH,20241015,CONT,-2.5839,2024,202410,up,0,0.0,0.0,0.0,0.39,mild_up,0.8,tp_sys_ok,unknown,0.57,0.69,0.87,0.37
688049_SH.SH|20241015|1090,688049_SH.SH,20241015,CONT,7.8234,2024,202410,up,0,0.0,0.0,0.0,0.39,mild_up,0.73,tp_sys_ok,up,0.56,0.68,0.87,0.48
003027.SZ|20250317|1268,003027.SZ,20250317,EVENT,0.9211,2025,202503,up,2,7.417,2.9117861160743885,0.5955926146515855,0.69,strong_up,2.68,tp_sys_ok,up,0.78,0.68,0.92,0.49
600828_SH.SH|20241017|1094,600828_SH.SH,20241017,CONT,5.7801,2024,202410,up,0,0.0,0.0,0.0,0.6,strong_up,1.79,tp_sys_ok,up,0.54,0.16,0.91,0.5
688600.SH|20250207|1203,688600.SH,20250207,EVENT,0.3494,2025,202502,up,6,21.743,4.808748284673348,-2.3137153551497702,0.66,strong_up,2.55,tp_sys_ok,up,0.38,0.55,0.91,0.56
603566.SH|20240821|977,603566.SH,20240821,EVENT,-3.0096,2024,202408,down,2,2.615,0.3570385670690568,-4.121103899435841,0.31,strong_down,1.87,tp_sys_ok,down,0.42,0.69,0.58,0.58
601869_SH.SH|20250207|1207,601869_SH.SH,20250207,CONT,1.5136,2025,202502,up,0,0.0,0.0,0.0,0.36,strong_up,0.71,tp_sys_ok,up,0.56,0.66,0.87,0.47
603057_SH.SH|20250421|1272,603057_SH.SH,20250421,CONT,-7.3675,2025,202504,up,0,0.0,0.0,0.0,0.35,mild_up,0.79,tp_sys_ok,up,0.49,0.72,0.88,0.46
300115_SZ.SZ|20250218|1211,300115_SZ.SZ,20250218,CONT,17.8851,2025,202502,up,0,0.0,0.0,0.0,0.33,strong_up,0.9,tp_sys_ok,up,0.79,0.6,0.89,0.49
000908_SZ.SZ|20240815|981,000908_SZ.SZ,20240815,CONT,62.6906,2024,202408,up,0,0.0,0.0,0.0,0.39,mild_up,0.7,tp_sys_ok,up,0.57,0.65,0.85,0.43
002430_SZ.SZ|20241029|1098,002430_SZ.SZ,20241029,CONT,6.9786,2024,202410,up,0,0.0,0.0,0.0,0.36,mild_up,0.55,tp_sys_ok,up,0.62,0.51,0.86,0.33
300627.SZ|20240830|985,300627.SZ,20240830,EVENT,5.9623,2024,202408,down,12,0.946,9.042697115644781,2.3540234861193943,0.3,strong_down,1.66,tp_sys_ok,down,0.48,0.5,0.53,0.72
688501_SH.SH|20250429|1276,688501_SH.SH,20250429,CONT,13.5324,2025,202504,up,0,0.0,0.0,0.0,0.54,mild_up,1.56,tp_sys_ok,up,0.49,0.36,0.91,0.58
002891_SZ.SZ|20250512|1280,002891_SZ.SZ,20250512,CONT,11.5261,2025,202505,up,0,0.0,0.0,0.0,0.55,strong_up,1.67,tp_sys_ok,up,0.38,0.25,0.91,0.42
600382.SH|20240905|989,600382.SH,20240905,EVENT,3.784,2024,202409,down,12,6.549,10.935949086238095,-4.828633152332573,0.3,strong_down,1.91,tp_sys_ok,down,0.68,0.5,0.41,0.66
002956_SZ.SZ|20250516|1284,002956_SZ.SZ,20250516,CONT,-3.1642,2025,202505,up,0,0.0,0.0,0.0,0.34,strong_up,0.86,tp_sys_ok,up,0.86,0.65,0.89,0.51
001339_SZ.SZ|20250224|1215,001339_SZ.SZ,20250224,CONT,9.3192,2025,202502,up,0,0.0,0.0,0.0,0.58,strong_up,1.95,tp_sys_ok,up,0.76,0.35,0.92,0.49
688678_SH.SH|20250227|1219,688678_SH.SH,20250227,CONT,15.0118,2025,202502,up,0,0.0,0.0,0.0,0.52,strong_up,1.74,tp_sys_ok,up,0.75,0.19,0.9,0.63
301227.SZ|20241017|1102,301227.SZ,20241017,EVENT,-2.838,2024,202410,up,12,25.59,7.577987888632021,-5.4578063257825775,0.66,mild_up,2.42,tp_sys_ok,up,0.41,0.42,0.88,0.34
000513.SZ|20250207|1223,000513.SZ,20250207,EVENT,-5.1349,2025,202502,down,12,4.745,0.2943687262665362,-5.534132053810592,0.32,mild_down,1.96,tp_sys_ok,down,0.42,0.74,0.66,0.74
001289.SZ|20241101|1106,001289.SZ,20241101,EVENT,-0.0646,2024,202411,down,5,20.402,1.94182738946711,-4.0869903593723445,0.3,strong_down,1.67,tp_sys_ok,down,0.71,0.52,0.48,0.59
603195.SH|20250611|1288,603195.SH,20250611,EVENT,-3.8806,2025,202506,up,6,3.488,1.1458333333333348,-3.5416666666666763,0.33,mild_up,1.44,sl_too_tight,unknown,0.55,0.23,0.2,0.3
002919.SZ|20250612|1292,002919.SZ,20250612,EVENT,-2.9664,2025,202506,up,12,12.78,2.9306220095693947,-5.861244019138745,0.64,mild_up,2.61,tp_sys_ok,up,0.51,0.61,0.92,0.5
301303.SZ|20240926|993,301303.SZ,20240926,EVENT,2.9074,2024,202409,down,2,9.211,21.734892787524362,2.729044834307981,0.34,mild_down,1.78,tp_sys_ok,down,0.41,0.53,0.53,0.58
300967.SZ|20250220|1227,300967.SZ,20250220,EVENT,5.0081,2025,202502,down,2,3.142,9.827414063614315,0.4914355363649259,0.36,mild_down,1.94,tp_sys_ok,down,0.67,0.56,0.46,0.7
300639.SZ|20241118|1110,300639.SZ,20241118,EVENT,6.5372,2024,202411,down,2,8.402,17.359492359492368,10.075110075110082,0.32,mild_down,1.81,tp_sys_ok,down,0.6,0.53,0.49,0.55
688768.SH|20240906|997,688768.SH,20240906,EVENT,2.9221,2024,202409,down,12,8.598,9.783705643291608,-5.536008146269156,0.32,mild_down,1.73,tp_sys_ok,down,0.55,0.48,0.47,0.54
002111.SZ|20250613|1296,002111.SZ,20250613,EVENT,4.9953,2025,202506,up,12,4.215,6.6336633663366396,-0.8910891089108919,0.43,mild_up,1.77,tp_sys_ok,unknown,0.6,0.45,0.46,0.4
301391.SZ|20250221|1231,301391.SZ,20250221,EVENT,0.3237,2025,202502,up,3,2.706,2.7679339135186387,-0.2203820222913211,0.44,strong_up,1.64,tp_sys_ok,up,0.58,0.34,0.85,0.33
002758.SZ|20240923|1001,002758.SZ,20240923,EVENT,8.1194,2024,202409,down,4,1.152,16.129032258064502,0.7608034083992576,0.34,strong_down,2.11,tp_sys_ok,down,0.5,0.45,0.53,0.6
600458_SH.SH|20241104|1114,600458_SH.SH,20241104,CONT,2.1271,2024,202411,up,0,0.0,0.0,0.0,0.33,strong_up,0.64,tp_sys_ok,up,0.69,0.6,0.87,0.56
600330.SH|20250620|1300,600330.SH,20250620,EVENT,4.2286,2025,202506,up,12,5.703,6.376811594202891,-1.3043478260869712,0.67,strong_up,2.72,tp_sys_ok,up,0.7,0.72,0.92,0.41
002443.SZ|20240902|1005,002443.SZ,20240902,EVENT,0.2029,2024,202409,down,12,5.234,2.2285581996076553,-2.8483467566700504,0.32,mild_down,1.82,tp_sys_ok,down,0.5,0.66,0.58,0.71
002174_SZ.SZ|20250605|1304,002174_SZ.SZ,20250605,CONT,-9.4443,2025,202506,up,0,0.0,0.0,0.0,0.37,mild_up,0.68,tp_sys_ok,up,0.75,0.61,0.86,0.43
002203.SZ|20250307|1235,002203.SZ,20250307,EVENT,-1.4308,2025,202503,down,12,4.394,4.028925619834722,-2.4793388429752095,0.31,strong_down,1.81,tp_sys_ok,down,0.4,0.65,0.59,0.65
688719.SH|20240904|1009,688719.SH,20240904,EVENT,-5.2511,2024,202409,down,8,4.861,3.992123673473258,-6.042619257239679,0.29,strong_down,1.7,tp_sys_ok,down,0.74,0.6,0.47,0.66
300749.SZ|20250305|1239,300749.SZ,20250305,EVENT,0.2016,2025,202503,up,2,7.861,2.4367973520515784,-1.2726131370199179,0.64,strong_up,2.51,tp_sys_ok,up,0.56,0.51,0.9,0.44
002565_SZ.SZ|20250617|1308,002565_SZ.SZ,20250617,CONT,13.6678,2025,202506,up,0,0.0,0.0,0.0,0.58,strong_up,1.69,tp_sys_ok,up,0.66,0.25,0.92,0.43
688017.SH|20240909|1013,688017.SH,20240909,EVENT,-6.3434,2024,202409,down,9,5.956,4.963022364786607,-6.182919815638344,0.29,mild_down,1.78,tp_sys_ok,down,0.38,0.64,0.53,0.58
002706.SZ|20240912|1017,002706.SZ,20240912,EVENT,6.781,2024,202409,down,7,8.801,9.703405346027093,-2.196997436836323,0.32,strong_down,1.86,tp_sys_ok,down,0.63,0.68,0.63,0.66
002702.SZ|20240923|1021,002702.SZ,20240923,EVENT,2.4845,2024,202409,down,2,4.964,6.745690341904842,0.054169454800367944,0.35,mild_down,1.89,tp_sys_ok,down,0.4,0.54,0.52,0.41
603173.SH|20240925|1025,603173.SH,20240925,EVENT,1.5293,2024,202409,down,2,7.756,8.0942313500453,-0.9664753850800345,0.32,strong_down,1.95,tp_sys_ok,down,0.63,0.63,0.54,0.63
600603.SH|20250305|1243,600603.SH,20250305,EVENT,-1.9765,2025,202503,down,1,1.298,-1.0168575385966827,-6.6472979516457915,0.29,mild_down,1.76,tp_sys_ok,down,0.47,0.61,0.55,0.76
002145.SZ|20250321|1247,002145.SZ,20250321,EVENT,5.9623,2025,202503,up,3,1.122,7.519640852974185,-1.0101010101010055,0.64,mild_up,2.6,tp_sys_ok,up,0.67,0.6,0.88,0.46
688573.SH|20240926|1029,688573.SH,20240926,EVENT,19.0012,2024,202409,down,12,3.115,48.991784914115,3.8834951456310662,0.31,strong_down,1.88,tp_sys_ok,down,0.72,0.51,0.52,0.69
600867.SH|20240905|1033,600867.SH,20240905,EVENT,-1.3977,2024,202409,down,1,1.0,2.5452488687782715,-1.2726244343891358,0.34,strong_down,1.91,tp_sys_ok,down,0.46,0.65,0.57,0.63
000592.SZ|20240911|1037,000592.SZ,20240911,EVENT,5.5125,2024,202409,up,8,12.689,11.93011193011191,-4.449904449904462,0.41,mild_up,1.67,tp_sys_ok,up,0.68,0.35,0.47,0.34
001203.SZ|20240912|1041,001203.SZ,20240912,EVENT,-1.0395,2024,202409,down,1,0.641,0.26990553306343035,-1.754385964912275,0.25,strong_down,1.66,tp_sys_ok,down,0.75,0.53,0.53,0.66
688183_SH.SH|20250625|1312,688183_SH.SH,20250625,CONT,1.4986,2025,202506,up,0,0.0,0.0,0.0,0.32,strong_up,0.49,tp_sys_ok,up,0.68,0.51,0.82,0.58
002580_SZ.SZ|20250305|1251,002580_SZ.SZ,20250305,CONT,19.4159,2025,202503,up,0,0.0,0.0,0.0,0.55,mild_up,1.76,tp_sys_ok,up,0.56,0.21,0.91,0.47
600022.SH|20250612|1316,600022.SH,20250612,EVENT,-3.424,2025,202506,down,5,3.03,0.0,-3.0303030303030276,0.3,mild_down,1.84,tp_sys_ok,down,0.6,0.41,0.34,0.7
300218.SZ|20250623|1320,300218.SZ,20250623,EVENT,6.6877,2025,202506,up,12,1.159,10.87582829155862,1.728608470181503,0.67,mild_up,2.58,tp_sys_ok,up,0.42,0.58,0.88,0.44
600507.SH|20240920|1045,600507.SH,20240920,EVENT,13.1647,2024,202409,down,5,3.59,14.724577534494877,-0.48060295994180047,0.32,strong_down,1.66,tp_sys_ok,down,0.47,0.56,0.5,0.59
603282.SH|20240904|1049,603282.SH,20240904,EVENT,9.4722,2024,202409,down,12,4.631,20.682542409882366,-3.5552334919579542,0.34,strong_down,1.88,tp_sys_ok,down,0.49,0.67,0.5,0.66
600595_SH.SH|20250312|1255,600595_SH.SH,20250312,CONT,-3.4138,2025,202503,up,0,0.0,0.0,0.0,0.35,strong_up,0.69,tp_sys_ok,up,0.79,0.64,0.88,0.57
603579_SH.SH|20250327|1259,603579_SH.SH,20250327,CONT,-1.0075,2025,202503,up,0,0.0,0.0,0.0,0.31,strong_up,0.83,tp_sys_ok,up,0.81,0.59,0.88,0.6
600809.SH|20240912|1053,600809.SH,20240912,EVENT,-4.1145,2024,202409,down,1,2.465,-2.7277116630728626,-5.985438304829927,0.31,strong_down,1.89,tp_sys_ok,down,0.41,0.74,0.58,0.7
002996.SZ|20241017|1057,002996.SZ,20241017,EVENT,15.6613,2024,202410,up,12,20.28,21.888881689309336,-1.149772853265374,0.65,mild_up,2.49,tp_sys_ok,up,0.37,0.49,0.87,0.37
000958.SZ|20250313|1263,000958.SZ,20250313,EVENT,-1.7838,2025,202503,down,1,0.194,2.379729498373573,-2.0715630885122516,0.33,mild_down,1.97,tp_sys_ok,down,0.67,0.66,0.65,0.72
002993.SZ|20241030|1061,002993.SZ,20241030,EVENT,0.5854,2024,202410,up,2,10.966,3.6383580196237997,-3.9758571403172294,0.39,strong_up,1.61,tp_sys_ok,unknown,0.44,0.36,0.51,0.39
603759.SH|20250328|1267,603759.SH,20250328,EVENT,-5.853,2025,202503,up,5,5.259,2.9283937295806917,-9.420615652069664,0.4,strong_up,1.59,tp_sys_ok,unknown,0.5,0.36,0.37,0.35
603326_SH.SH|20250418|1271,603326_SH.SH,20250418,CONT,5.0363,2025,202504,up,0,0.0,0.0,0.0,0.57,strong_up,1.99,tp_sys_ok,up,0.68,0.4,0.91,0.63
600234_SH.SH|20241105|1118,600234_SH.SH,20241105,CONT,12.5451,2024,202411,up,0,0.0,0.0,0.0,0.58,mild_up,1.86,tp_sys_ok,up,0.56,0.44,0.91,0.51
600750.SH|20241023|1065,600750.SH,20241023,EVENT,-3.5941,2024,202410,up,12,27.236,1.687696321141452,-10.218621287140694,0.49,mild_up,1.38,tp_sys_ok,unknown,0.46,0.21,0.82,0.35
002351_SZ.SZ|20241112|1122,002351_SZ.SZ,20241112,CONT,-4.9436,2024,202411,up,0,0.0,0.0,0.0,0.58,strong_up,1.76,tp_sys_ok,up,0.73,0.2,0.92,0.42
601872.SH|20241015|1069,601872.SH,20241015,EVENT,-9.5685,2024,202410,down,12,21.907,-2.049045400646199,-11.226484632887857,0.34,mild_down,1.95,tp_sys_ok,down,0.37,0.71,0.54,0.58
002743_SZ.SZ|20250429|1275,002743_SZ.SZ,20250429,CONT,0.8072,2025,202504,up,0,0.0,0.0,0.0,0.5,mild_up,1.56,tp_sys_ok,up,0.69,0.34,0.89,0.5
000815_SZ.SZ|20241120|1126,000815_SZ.SZ,20241120,CONT,-0.2855,2024,202411,up,0,0.0,0.0,0.0,0.33,strong_up,0.89,tp_sys_ok,up,0.75,0.54,0.87,0.44
688112_SH.SH|20250507|1279,688112_SH.SH,20250507,CONT,-3.3276,2025,202505,up,0,0.0,0.0,0.0,0.32,strong_up,0.58,tp_sys_ok,up,0.65,0.55,0.84,0.61
300235_SZ.SZ|20241128|1130,300235_SZ.SZ,20241128,CONT,-1.8583,2024,202411,up,0,0.0,0.0,0.0,0.38,strong_up,1.01,tp_sys_ok,up,0.63,0.58,0.88,0.41
002302_SZ.SZ|20241011|1073,002302_SZ.SZ,20241011,CONT,3.6571,2024,202410,up,0,0.0,0.0,0.0,0.39,strong_up,0.73,tp_sys_ok,up,0.47,0.68,0.87,0.41
002052_SZ.SZ|20250516|1283,002052_SZ.SZ,20250516,CONT,1.3556,2025,202505,up,0,0.0,0.0,0.0,0.35,strong_up,0.47,tp_sys_ok,up,0.72,0.53,0.87,0.39
002052_SZ.SZ|20241209|1134,002052_SZ.SZ,20241209,CONT,0.1257,2024,202412,up,0,0.0,0.0,0.0,0.31,strong_up,0.56,tp_sys_ok,up,0.71,0.52,0.83,0.4
600835_SH.SH|20241011|1077,600835_SH.SH,20241011,CONT,21.0604,2024,202410,up,0,0.0,0.0,0.0,0.37,mild_up,0.73,tp_sys_ok,up,0.54,0.63,0.86,0.37
300069_SZ.SZ|20250527|1287,300069_SZ.SZ,20250527,CONT,-16.8596,2025,202505,up,0,0.0,0.0,0.0,0.34,mild_up,0.76,tp_sys_ok,up,0.71,0.69,0.84,0.49
603610_SH.SH|20241219|1138,603610_SH.SH,20241219,CONT,-11.0941,2024,202412,up,0,0.0,0.0,0.0,0.54,strong_up,1.84,tp_sys_ok,up,0.6,0.41,0.93,0.63
002178_SZ.SZ|20241015|1081,002178_SZ.SZ,20241015,CONT,27.9184,2024,202410,up,0,0.0,0.0,0.0,0.58,mild_up,1.64,tp_sys_ok,up,0.41,0.28,0.89,0.47
688303.SH|20250605|1291,688303.SH,20250605,EVENT,1.1051,2025,202506,up,5,7.969,5.026455026455046,-1.005291005290998,0.4,mild_up,1.66,tp_sys_ok,up,0.64,0.37,0.29,0.46
300457.SZ|20250124|1142,300457.SZ,20250124,EVENT,11.53,2025,202501,down,12,8.556,16.47836869661066,-0.6613392119041106,0.31,strong_down,1.87,tp_sys_ok,down,0.55,0.7,0.61,0.6
000921.SZ|20250710|1328,000921.SZ,20250710,EVENT,2.8109,2025,202507,down,12,4.723,4.5193412485637685,-0.45959402527767645,0.32,strong_down,1.87,tp_sys_ok,down,0.63,0.63,0.61,0.67
300188_SZ.SZ|20241015|1085,300188_SZ.SZ,20241015,CONT,5.4081,2024,202410,up,0,0.0,0.0,0.0,0.37,mild_up,0.62,tp_sys_ok,up,0.58,0.55,0.88,0.33
000422.SZ|20250612|1295,000422.SZ,20250612,EVENT,-3.6192,2025,202506,down,6,3.226,1.6129032258064724,-4.6689303904923545,0.31,mild_down,2.0,tp_sys_ok,down,0.51,0.66,0.61,0.73
688038_SH.SH|20241015|1089,688038_SH.SH,20241015,CONT,-1.5015,2024,202410,up,0,0.0,0.0,0.0,0.35,strong_up,0.63,tp_sys_ok,up,0.45,0.59,0.85,0.41
000521.SZ|20250717|1332,000521.SZ,20250717,EVENT,2.1321,2025,202507,down,3,9.146,4.228329809725162,-0.986610288935863,0.32,strong_down,1.63,tp_sys_ok,down,0.57,0.38,0.46,0.6
002061.SZ|20250620|1299,002061.SZ,20250620,EVENT,5.032,2025,202506,down,12,0.465,7.031250000000022,0.26041666666667407,0.35,mild_down,1.93,tp_sys_ok,down,0.69,0.68,0.7,0.56
600079_SH.SH|20241017|1093,600079_SH.SH,20241017,CONT,2.0167,2024,202410,up,0,0.0,0.0,0.0,0.54,mild_up,1.68,tp_sys_ok,up,0.5,0.25,0.91,0.48
002439.SZ|20250124|1146,002439.SZ,20250124,EVENT,17.1443,2025,202501,down,3,3.324,22.406340057636864,7.636887608069154,0.32,strong_down,1.73,tp_sys_ok,down,0.5,0.56,0.63,0.44
301317_SZ.SZ|20241025|1097,301317_SZ.SZ,20241025,CONT,-0.4803,2024,202410,up,0,0.0,0.0,0.0,0.36,strong_up,0.84,tp_sys_ok,up,0.83,0.59,0.91,0.44
002734_SZ.SZ|20250603|1303,002734_SZ.SZ,20250603,CONT,27.5617,2025,202506,up,0,0.0,0.0,0.0,0.58,strong_up,1.6,tp_sys_ok,up,0.68,0.33,0.91,0.47
603127_SH.SH|20250716|1336,603127_SH.SH,20250716,CONT,31.8238,2025,202507,up,0,0.0,0.0,0.0,0.53,strong_up,1.69,tp_sys_ok,up,0.64,0.27,0.92,0.6
002318.SZ|20241016|1101,002318.SZ,20241016,EVENT,4.4552,2024,202410,up,12,18.739,12.48113317078834,3.053523743178932,0.53,mild_up,1.62,tp_sys_ok,unknown,0.39,0.36,0.85,0.45
301468.SZ|20250122|1150,301468.SZ,20250122,EVENT,1.1432,2025,202501,down,12,8.135,2.5579787568349,-1.740933945069445,0.34,strong_down,1.92,tp_sys_ok,down,0.41,0.53,0.5,0.67
688392.SH|20241016|1105,688392.SH,20241016,EVENT,21.0504,2024,202410,up,12,25.459,39.24782396976503,-2.027884618474274,0.48,strong_up,1.6,tp_sys_ok,unknown,0.45,0.34,0.83,0.35
601666.SH|20241114|1109,601666.SH,20241114,EVENT,0.0872,2024,202411,up,12,8.124,2.5514555524728477,-7.9297553356556305,0.44,strong_up,1.55,tp_sys_ok,up,0.59,0.3,0.52,0.37
600193_SH.SH|20250610|1307,600193_SH.SH,20250610,CONT,-2.9083,2025,202506,up,0,0.0,0.0,0.0,0.58,strong_up,1.83,tp_sys_ok,up,0.6,0.39,0.91,0.66
002384_SZ.SZ|20250729|1340,002384_SZ.SZ,20250729,CONT,3.3283,2025,202507,up,0,0.0,0.0,0.0,0.54,strong_up,1.4,tp_sys_ok,up,0.77,0.34,0.91,0.54
300433.SZ|20250703|1344,300433.SZ,20250703,EVENT,1.8045,2025,202507,up,2,5.582,9.788310228550024,4.1213937804421175,0.65,strong_up,2.59,tp_sys_ok,up,0.45,0.59,0.93,0.38
000716_SZ.SZ|20241104|1113,000716_SZ.SZ,20241104,CONT,14.7105,2024,202411,up,0,0.0,0.0,0.0,0.54,mild_up,1.65,tp_sys_ok,unknown,0.58,0.22,0.91,0.42
002309_SZ.SZ|20250624|1311,002309_SZ.SZ,20250624,CONT,8.5719,2025,202506,up,0,0.0,0.0,0.0,0.54,strong_up,1.94,tp_sys_ok,up,0.64,0.45,0.91,0.63
002988_SZ.SZ|20241105|1117,002988_SZ.SZ,20241105,CONT,-1.9638,2024,202411,up,0,0.0,0.0,0.0,0.34,strong_up,0.59,tp_sys_ok,up,0.68,0.56,0.89,0.42
002517_SZ.SZ|20241107|1121,002517_SZ.SZ,20241107,CONT,1.4478,2024,202411,up,0,0.0,0.0,0.0,0.58,strong_up,1.7,tp_sys_ok,up,0.78,0.23,0.92,0.49
600196.SH|20250124|1154,600196.SH,20250124,EVENT,6.1746,2025,202501,down,12,5.174,12.68692505558704,0.523172167240693,0.31,strong_down,1.8,tp_sys_ok,down,0.47,0.66,0.58,0.66
600343_SH.SH|20250804|1348,600343_SH.SH,20250804,CONT,-2.1974,2025,202508,up,0,0.0,0.0,0.0,0.56,strong_up,2.0,tp_sys_ok,up,0.8,0.44,0.91,0.54
601789_SH.SH|20241115|1125,601789_SH.SH,20241115,CONT,-1.3062,2024,202411,up,0,0.0,0.0,0.0,0.56,strong_up,1.84,tp_sys_ok,up,0.51,0.38,0.91,0.59
688212.SH|20250110|1158,688212.SH,20250110,EVENT,4.3183,2025,202501,down,12,4.409,10.426249616682014,1.328835735459477,0.36,strong_down,2.22,tp_sys_ok,down,0.51,0.52,0.55,0.59
300229_SZ.SZ|20250807|1352,300229_SZ.SZ,20250807,CONT,2.2231,2025,202508,up,0,0.0,0.0,0.0,0.54,strong_up,1.79,tp_sys_ok,up,0.73,0.18,0.91,0.47
002927_SZ.SZ|20241128|1129,002927_SZ.SZ,20241128,CONT,-2.5471,2024,202411,up,0,0.0,0.0,0.0,0.32,strong_up,0.92,tp_sys_ok,up,0.77,0.59,0.89,0.36
603777.SH|20250609|1315,603777.SH,20250609,EVENT,-13.3665,2025,202506,down,10,12.993,-2.1008403361344463,-13.095238095238093,0.32,mild_down,1.64,tp_sys_ok,down,0.57,0.49,0.36,0.67
002148_SZ.SZ|20250812|1356,002148_SZ.SZ,20250812,CONT,2.1111,2025,202508,up,0,0.0,0.0,0.0,0.3,strong_up,0.53,tp_sys_ok,up,0.66,0.51,0.82,0.54
688739.SH|20250619|1319,688739.SH,20250619,EVENT,2.8778,2025,202506,up,12,2.35,5.808490670530975,0.41030230254728295,0.38,mild_up,1.53,tp_sys_ok,unknown,0.63,0.32,0.38,0.38
688310.SH|20250115|1162,688310.SH,20250115,EVENT,2.4017,2025,202501,down,12,10.789,8.292664472439748,-6.556198691030146,0.34,strong_down,1.83,tp_sys_ok,down,0.52,0.67,0.6,0.67
601011.SH|20250625|1323,601011.SH,20250625,EVENT,3.5823,2025,202506,down,2,8.43,6.4282673478075925,-0.1509346336932449,0.34,mild_down,1.89,tp_sys_ok,down,0.45,0.46,0.44,0.58
002122_SZ.SZ|20241206|1133,002122_SZ.SZ,20241206,CONT,44.4194,2024,202412,up,0,0.0,0.0,0.0,0.58,strong_up,1.98,tp_sys_ok,up,0.58,0.49,0.92,0.57
002049.SZ|20250701|1327,002049.SZ,20250701,EVENT,0.4093,2025,202507,up,8,6.419,1.8689782734726768,-1.8272613778231528,0.67,mild_up,2.74,tp_sys_ok,up,0.46,0.74,0.91,0.56
000513.SZ|20250120|1166,000513.SZ,20250120,EVENT,-1.0534,2025,202501,down,12,3.863,2.054121639724915,-1.6671132148492251,0.32,mild_down,1.91,tp_sys_ok,down,0.46,0.71,0.69,0.73
300809_SZ.SZ|20241219|1137,300809_SZ.SZ,20241219,CONT,-14.9894,2024,202412,up,0,0.0,0.0,0.0,0.28,strong_up,0.54,tp_sys_ok,up,0.78,0.52,0.86,0.53
688521.SH|20250716|1331,688521.SH,20250716,EVENT,0.8771,2025,202507,up,3,4.411,4.5196430640862095,-0.33607602271411574,0.41,mild_up,1.66,tp_sys_ok,unknown,0.36,0.39,0.5,0.33
605266.SH|20250122|1170,605266.SH,20250122,EVENT,5.2975,2025,202501,down,12,11.725,11.60812173836776,-1.0781789363554783,0.3,strong_down,1.82,tp_sys_ok,down,0.43,0.69,0.56,0.66
688661_SH.SH|20250818|1360,688661_SH.SH,20250818,CONT,1.5822,2025,202508,up,0,0.0,0.0,0.0,0.53,strong_up,2.04,tp_sys_ok,up,0.72,0.44,0.92,0.63
001896_SZ.SZ|20250714|1335,001896_SZ.SZ,20250714,CONT,-14.8341,2025,202507,up,0,0.0,0.0,0.0,0.37,mild_up,0.88,tp_sys_ok,up,0.59,0.81,0.87,0.58
000534_SZ.SZ|20250123|1174,000534_SZ.SZ,20250123,CONT,-5.476,2025,202501,up,0,0.0,0.0,0.0,0.57,mild_up,1.74,tp_sys_ok,up,0.42,0.23,0.91,0.53
600884_SH.SH|20250820|1364,600884_SH.SH,20250820,CONT,-3.1412,2025,202508,up,0,0.0,0.0,0.0,0.3,strong_up,0.53,tp_sys_ok,up,0.78,0.51,0.85,0.49
000513.SZ|20250122|1178,000513.SZ,20250122,EVENT,0.2254,2025,202501,down,12,3.707,2.2672354643357817,-1.4617702335849247,0.32,mild_down,1.98,tp_sys_ok,down,0.46,0.74,0.7,0.77
000513.SZ|20250124|1182,000513.SZ,20250124,EVENT,-1.1746,2025,202501,down,12,3.517,2.3588426741512514,-1.7915260816338763,0.31,mild_down,1.93,tp_sys_ok,down,0.47,0.76,0.71,0.74
301057_SZ.SZ|20250825|1368,301057_SZ.SZ,20250825,CONT,9.8277,2025,202508,up,0,0.0,0.0,0.0,0.33,strong_up,0.59,tp_sys_ok,up,0.75,0.56,0.87,0.41
300147_SZ.SZ|20250827|1372,300147_SZ.SZ,20250827,CONT,-5.6329,2025,202508,up,0,0.0,0.0,0.0,0.35,mild_up,0.76,tp_sys_ok,up,0.65,0.69,0.83,0.46
688659.SH|20250122|1141,688659.SH,20250122,EVENT,8.799,2025,202501,down,12,7.811,13.636363636363624,1.799242424242431,0.3,mild_down,1.64,tp_sys_ok,down,0.43,0.5,0.49,0.59
300308_SZ.SZ|20250724|1339,300308_SZ.SZ,20250724,CONT,9.2976,2025,202507,up,0,0.0,0.0,0.0,0.29,strong_up,0.42,tp_sys_ok,up,0.85,0.58,0.84,0.57
000513.SZ|20250127|1186,000513.SZ,20250127,EVENT,0.0096,2025,202501,down,5,3.9,1.6051841502928044,-0.5350613834309348,0.32,mild_down,2.0,tp_sys_ok,down,0.46,0.75,0.68,0.73
301448_SZ.SZ|20250829|1376,301448_SZ.SZ,20250829,CONT,50.7873,2025,202508,up,0,0.0,0.0,0.0,0.3,strong_up,0.53,tp_sys_ok,up,0.81,0.51,0.88,0.52
688788.SH|20250724|1343,688788.SH,20250724,EVENT,7.2203,2025,202507,up,2,10.275,21.801969999356217,7.290928989892498,0.67,strong_up,2.54,tp_sys_ok,up,0.68,0.54,0.92,0.53
301589.SZ|20250214|1190,301589.SZ,20250214,EVENT,0.0867,2025,202502,up,2,10.496,2.6257690382973653,-2.0605810838656535,0.35,mild_up,1.65,sl_too_tight,unknown,0.54,0.36,0.29,0.31
002221.SZ|20250926|1380,002221.SZ,20250926,EVENT,-9.0532,2025,202509,up,5,8.671,-0.5439005439005329,-10.31191031191031,0.47,mild_up,1.96,tp_sys_ok,up,0.62,0.6,0.83,0.45
688100.SH|20250117|1145,688100.SH,20250117,EVENT,7.7157,2025,202501,down,12,1.772,10.585369050280047,1.8479369636166698,0.34,mild_down,1.97,tp_sys_ok,down,0.39,0.53,0.49,0.65
300146.SZ|20250207|1194,300146.SZ,20250207,EVENT,2.4199,2025,202502,down,12,4.161,5.744961386325098,0.47089847428893883,0.31,mild_down,1.88,tp_sys_ok,down,0.44,0.75,0.57,0.62
002802.SZ|20250917|1384,002802.SZ,20250917,EVENT,0.127,2025,202509,down,3,5.095,2.294981640146876,-2.0654834761321905,0.33,mild_down,1.68,tp_sys_ok,down,0.56,0.54,0.69,0.62
300096.SZ|20250819|1347,300096.SZ,20250819,EVENT,9.5979,2025,202508,down,4,0.552,25.481620326981158,3.0927835051546504,0.3,strong_down,2.04,tp_sys_ok,down,0.51,0.54,0.52,0.79
300095.SZ|20250122|1149,300095.SZ,20250122,EVENT,5.358,2025,202501,down,12,8.274,10.364407683660314,-3.0926650747934215,0.32,strong_down,1.88,tp_sys_ok,down,0.57,0.62,0.64,0.72
688218_SH.SH|20250901|1388,688218_SH.SH,20250901,CONT,-7.3678,2025,202509,up,0,0.0,0.0,0.0,0.32,strong_up,0.8,tp_sys_ok,up,0.78,0.69,0.87,0.56
688573.SH|20250123|1153,688573.SH,20250123,EVENT,6.6081,2025,202501,down,12,14.619,11.410658307210042,-2.006269592476484,0.34,strong_down,1.98,tp_sys_ok,down,0.46,0.57,0.47,0.7
300756_SZ.SZ|20250908|1392,300756_SZ.SZ,20250908,CONT,8.7757,2025,202509,up,0,0.0,0.0,0.0,0.31,strong_up,0.85,tp_sys_ok,up,0.8,0.77,0.89,0.53
301176.SZ|20250109|1157,301176.SZ,20250109,EVENT,2.8929,2025,202501,down,12,2.457,17.15656868626274,-0.4199160167966398,0.31,strong_down,1.87,tp_sys_ok,down,0.51,0.64,0.57,0.69
600821.SH|20250213|1198,600821.SH,20250213,EVENT,5.0965,2025,202502,up,8,11.393,13.885949836439382,-1.2291770466534957,0.34,mild_up,1.3,sl_too_tight,unknown,0.66,0.31,0.18,0.36
002252.SZ|20250115|1161,002252.SZ,20250115,EVENT,3.5473,2025,202501,down,12,5.926,4.543982095002486,-1.3458197131666516,0.31,strong_down,1.85,tp_sys_ok,down,0.38,0.7,0.53,0.65
000830_SZ.SZ|20250909|1396,000830_SZ.SZ,20250909,CONT,-10.3974,2025,202509,up,0,0.0,0.0,0.0,0.33,mild_up,0.68,tp_sys_ok,up,0.5,0.62,0.87,0.34
688061.SH|20250117|1165,688061.SH,20250117,EVENT,18.673,2025,202501,down,12,10.294,21.241819147001053,-2.0339373150839446,0.38,mild_down,1.8,tp_sys_ok,down,0.39,0.62,0.63,0.46
688265_SH.SH|20250805|1351,688265_SH.SH,20250805,CONT,41.216,2025,202508,up,0,0.0,0.0,0.0,0.31,strong_up,0.9,tp_sys_ok,up,0.83,0.62,0.88,0.57
603109_SH.SH|20250811|1355,603109_SH.SH,20250811,CONT,-4.8316,2025,202508,up,0,0.0,0.0,0.0,0.56,strong_up,1.7,tp_sys_ok,up,0.54,0.22,0.93,0.58
300855_SZ.SZ|20250818|1359,300855_SZ.SZ,20250818,CONT,-7.7048,2025,202508,up,0,0.0,0.0,0.0,0.32,strong_up,0.84,tp_sys_ok,up,0.8,0.73,0.9,0.57
300686.SZ|20250206|1202,300686.SZ,20250206,EVENT,5.4975,2025,202502,down,12,16.075,9.431818181818175,0.2272727272727204,0.34,strong_down,1.87,tp_sys_ok,down,0.37,0.59,0.54,0.64
603658.SH|20250224|1206,603658.SH,20250224,EVENT,-3.3261,2025,202502,up,12,9.722,1.6051531515449025,-6.700782989442777,0.65,strong_up,2.63,tp_sys_ok,up,0.46,0.63,0.88,0.44
600639.SH|20250122|1169,600639.SH,20250122,EVENT,1.2073,2025,202501,down,12,5.632,3.511093904279994,-0.89065358947501,0.35,strong_down,1.77,tp_sys_ok,down,0.53,0.58,0.62,0.75
600633_SH.SH|20250217|1210,600633_SH.SH,20250217,CONT,-19.27,2025,202502,up,0,0.0,0.0,0.0,0.37,mild_up,0.72,tp_sys_ok,up,0.61,0.63,0.85,0.41
300809_SZ.SZ|20250820|1363,300809_SZ.SZ,20250820,CONT,-14.0701,2025,202508,up,0,0.0,0.0,0.0,0.29,strong_up,0.86,tp_sys_ok,up,0.8,0.59,0.86,0.51
603666_SH.SH|20250219|1214,603666_SH.SH,20250219,CONT,13.407,2025,202502,up,0,0.0,0.0,0.0,0.54,mild_up,1.61,tp_sys_ok,up,0.55,0.29,0.92,0.37
300274_SZ.SZ|20250825|1367,300274_SZ.SZ,20250825,CONT,37.8121,2025,202508,up,0,0.0,0.0,0.0,0.56,strong_up,1.59,tp_sys_ok,up,0.41,0.3,0.91,0.51
688061.SH|20250127|1173,688061.SH,20250127,EVENT,13.1334,2025,202501,down,6,8.469,15.591797441832478,-1.5735490858125756,0.36,mild_down,1.81,tp_sys_ok,down,0.41,0.58,0.67,0.56
603895_SH.SH|20250226|1218,603895_SH.SH,20250226,CONT,5.2965,2025,202502,up,0,0.0,0.0,0.0,0.56,strong_up,1.74,tp_sys_ok,up,0.53,0.21,0.9,0.62
000513.SZ|20250206|1222,000513.SZ,20250206,EVENT,-0.4438,2025,202502,down,2,4.909,0.3822292787627468,-0.9114698185881065,0.32,mild_down,2.0,tp_sys_ok,down,0.41,0.71,0.65,0.72
001234_SZ.SZ|20250916|1400,001234_SZ.SZ,20250916,CONT,-11.1748,2025,202509,up,0,0.0,0.0,0.0,0.33,strong_up,0.87,tp_sys_ok,up,0.76,0.51,0.88,0.49
688326.SH|20250116|1177,688326.SH,20250116,EVENT,28.9273,2025,202501,down,10,10.754,36.54974572956058,-2.568783413743647,0.34,mild_down,1.82,tp_sys_ok,down,0.46,0.68,0.61,0.72
000513.SZ|20250212|1226,000513.SZ,20250212,EVENT,-0.5807,2025,202502,down,1,0.181,1.0704217535903782,-0.3772760901541772,0.3,strong_down,1.93,tp_sys_ok,down,0.4,0.74,0.7,0.65
000513.SZ|20250123|1181,000513.SZ,20250123,EVENT,-1.4335,2025,202501,down,12,4.476,1.4500902607203159,-2.249119588055981,0.33,mild_down,1.91,tp_sys_ok,down,0.45,0.67,0.69,0.76
688317.SH|20250227|1230,688317.SH,20250227,EVENT,0.9154,2025,202502,up,10,9.842,5.209135232229922,-1.9058949774884981,0.67,strong_up,2.69,tp_sys_ok,up,0.63,0.69,0.9,0.57
603216_SH.SH|20250922|1404,603216_SH.SH,20250922,CONT,0.09,2025,202509,up,0,0.0,0.0,0.0,0.56,mild_up,1.84,tp_sys_ok,up,0.43,0.38,0.91,0.55
688381.SH|20250124|1185,688381.SH,20250124,EVENT,6.3703,2025,202501,down,4,4.737,10.471806674338314,-1.2082853855005626,0.35,strong_down,1.79,tp_sys_ok,down,0.5,0.64,0.66,0.5
300371.SZ|20250306|1234,300371.SZ,20250306,EVENT,-0.6922,2025,202503,up,2,10.594,1.1059178389855706,-1.3853197120129335,0.67,strong_up,2.77,tp_sys_ok,up,0.64,0.77,0.91,0.43
002432.SZ|20250328|1238,002432.SZ,20250328,EVENT,-0.1933,2025,202503,up,3,2.876,3.0798791446691176,-1.5524814422214095,0.5,mild_up,1.9,tp_sys_ok,up,0.61,0.59,0.84,0.6
301042_SZ.SZ|20250930|1408,301042_SZ.SZ,20250930,CONT,8.2663,2025,202509,up,0,0.0,0.0,0.0,0.57,strong_up,1.61,tp_sys_ok,up,0.47,0.32,0.9,0.48
002252.SZ|20250305|1242,002252.SZ,20250305,EVENT,4.0469,2025,202503,down,8,1.677,5.132962275819408,-0.1678593515328175,0.33,mild_down,1.86,tp_sys_ok,down,0.45,0.7,0.58,0.64
300791.SZ|20250910|1412,300791.SZ,20250910,EVENT,-5.1692,2025,202509,down,9,4.779,3.538257408226464,-6.433195287684446,0.34,mild_down,2.03,tp_sys_ok,down,0.57,0.5,0.57,0.48
002386.SZ|20250212|1189,002386.SZ,20250212,EVENT,-1.7485,2025,202502,up,12,11.599,1.8018018018017834,-4.504504504504503,0.52,mild_up,2.02,tp_sys_ok,up,0.67,0.63,0.86,0.41
300749.SZ|20250314|1246,300749.SZ,20250314,EVENT,0.5507,2025,202503,up,5,6.03,4.18470418470418,-0.5772005772005762,0.41,mild_up,1.77,tp_sys_ok,unknown,0.5,0.49,0.53,0.33
688238.SH|20250224|1193,688238.SH,20250224,EVENT,-5.1077,2025,202502,up,12,22.935,-0.8990246103648181,-6.973515220937898,0.49,mild_up,1.45,tp_sys_ok,up,0.41,0.3,0.8,0.34
301258.SZ|20251014|1416,301258.SZ,20251014,EVENT,2.7943,2025,202510,down,12,7.035,6.585809220132921,-0.5066007092410008,0.32,strong_down,2.03,tp_sys_ok,down,0.55,0.59,0.66,0.65
301057_SZ.SZ|20250826|1371,301057_SZ.SZ,20250826,CONT,9.7279,2025,202508,up,0,0.0,0.0,0.0,0.32,strong_up,0.51,tp_sys_ok,up,0.77,0.49,0.87,0.52
002727.SZ|20250213|1197,002727.SZ,20250213,EVENT,1.2492,2025,202502,up,12,7.557,4.791804362194307,-1.0740251156642344,0.65,mild_up,2.53,tp_sys_ok,up,0.62,0.53,0.88,0.39
603530_SH.SH|20251017|1420,603530_SH.SH,20251017,CONT,-2.1152,2025,202510,up,0,0.0,0.0,0.0,0.6,strong_up,1.82,tp_sys_ok,up,0.54,0.14,0.92,0.54
688560.SH|20250224|1201,688560.SH,20250224,EVENT,6.2732,2025,202502,up,2,23.038,11.063239025324334,0.5997688462143547,0.62,mild_up,2.32,tp_sys_ok,up,0.47,0.32,0.86,0.5
000029_SZ.SZ|20250829|1375,000029_SZ.SZ,20250829,CONT,-2.2234,2025,202508,up,0,0.0,0.0,0.0,0.55,mild_up,1.69,tp_sys_ok,up,0.62,0.26,0.9,0.52
000933_SZ.SZ|20251030|1424,000933_SZ.SZ,20251030,CONT,9.0308,2025,202510,up,0,0.0,0.0,0.0,0.31,strong_up,0.5,tp_sys_ok,up,0.71,0.5,0.89,0.41
600611.SH|20250220|1205,600611.SH,20250220,EVENT,-3.8119,2025,202502,up,12,16.155,6.15347249010616,-4.419013329904409,0.62,mild_up,2.5,tp_sys_ok,up,0.72,0.5,0.85,0.54
688166.SH|20251103|1428,688166.SH,20251103,EVENT,-8.351,2025,202511,up,12,12.491,2.946374380920602,-11.628483355794106,0.5,mild_up,2.03,tp_sys_ok,up,0.56,0.58,0.86,0.39
605288_SH.SH|20250829|1379,605288_SH.SH,20250829,CONT,35.4265,2025,202508,up,0,0.0,0.0,0.0,0.31,strong_up,0.62,tp_sys_ok,up,0.69,0.59,0.87,0.63
003019_SZ.SZ|20250304|1250,003019_SZ.SZ,20250304,CONT,18.548,2025,202503,up,0,0.0,0.0,0.0,0.56,mild_up,1.82,tp_sys_ok,up,0.39,0.15,0.9,0.51
000513.SZ|20251106|1432,000513.SZ,20251106,EVENT,-2.8781,2025,202511,down,11,2.483,3.6130867709815107,-3.1294452347083945,0.28,strong_down,1.8,tp_sys_ok,down,0.54,0.63,0.56,0.74
002283_SZ.SZ|20250312|1254,002283_SZ.SZ,20250312,CONT,-6.216,2025,202503,up,0,0.0,0.0,0.0,0.54,strong_up,1.81,tp_sys_ok,up,0.67,0.39,0.91,0.6
688359_SH.SH|20250326|1258,688359_SH.SH,20250326,CONT,-22.2777,2025,202503,up,0,0.0,0.0,0.0,0.29,strong_up,0.87,tp_sys_ok,up,0.84,0.62,0.86,0.55
601689_SH.SH|20250213|1209,601689_SH.SH,20250213,CONT,-4.0041,2025,202502,up,0,0.0,0.0,0.0,0.34,strong_up,0.49,tp_sys_ok,up,0.64,0.51,0.85,0.43
603121.SH|20250919|1383,603121.SH,20250919,EVENT,3.2014,2025,202509,up,2,12.824,5.8278389468100045,-3.158054283456213,0.49,mild_up,1.86,tp_sys_ok,unknown,0.55,0.58,0.85,0.37
002892.SZ|20251121|1436,002892.SZ,20251121,EVENT,-2.0574,2025,202511,down,1,0.345,2.5812645038029824,-2.9963658988390707,0.35,strong_down,1.87,tp_sys_ok,down,0.57,0.69,0.68,0.67
000912.SZ|20250312|1262,000912.SZ,20250312,EVENT,4.6069,2025,202503,up,12,3.84,7.125535100482905,-3.418316779485875,0.63,strong_up,2.56,tp_sys_ok,up,0.6,0.56,0.91,0.42
301197.SZ|20250929|1387,301197.SZ,20250929,EVENT,3.5508,2025,202509,up,12,5.925,5.654945506888742,-2.519021180341363,0.65,mild_up,2.65,tp_sys_ok,up,0.75,0.65,0.9,0.35
688665_SH.SH|20250218|1213,688665_SH.SH,20250218,CONT,-10.6356,2025,202502,up,0,0.0,0.0,0.0,0.29,strong_up,0.66,tp_sys_ok,up,0.68,0.62,0.87,0.63
000929.SZ|20250328|1266,000929.SZ,20250328,EVENT,-11.1801,2025,202503,up,5,10.802,-0.5772005772005762,-12.265512265512257,0.67,strong_up,2.46,tp_sys_ok,up,0.7,0.46,0.89,0.42
301280_SZ.SZ|20250226|1217,301280_SZ.SZ,20250226,CONT,29.6207,2025,202502,up,0,0.0,0.0,0.0,0.36,strong_up,0.91,tp_sys_ok,up,0.79,0.64,0.9,0.42
301227.SZ|20250205|1221,301227.SZ,20250205,EVENT,1.4474,2025,202502,down,12,5.8,4.930964499120094,-0.6215109725905776,0.35,mild_down,1.67,tp_sys_ok,down,0.43,0.54,0.62,0.56
603369.SH|20251107|1440,603369.SH,20251107,EVENT,0.5933,2025,202511,down,9,1.241,4.812398042414334,-0.7612833061446445,0.31,strong_down,1.86,tp_sys_ok,down,0.39,0.65,0.53,0.75
000513.SZ|20250210|1225,000513.SZ,20250210,EVENT,-2.9792,2025,202502,down,3,2.585,0.11781685370091388,-2.709787635121208,0.32,mild_down,1.91,tp_sys_ok,down,0.44,0.74,0.66,0.66
002943_SZ.SZ|20250908|1391,002943_SZ.SZ,20250908,CONT,-4.8138,2025,202509,up,0,0.0,0.0,0.0,0.29,strong_up,0.51,tp_sys_ok,up,0.78,0.49,0.85,0.51
601086_SH.SH|20250417|1270,601086_SH.SH,20250417,CONT,10.2402,2025,202504,up,0,0.0,0.0,0.0,0.34,mild_up,0.63,tp_sys_ok,up,0.6,0.59,0.86,0.53
688612_SH.SH|20250908|1395,688612_SH.SH,20250908,CONT,-2.8945,2025,202509,up,0,0.0,0.0,0.0,0.56,strong_up,1.65,tp_sys_ok,up,0.56,0.27,0.91,0.61
301515.SZ|20250227|1229,301515.SZ,20250227,EVENT,1.5492,2025,202502,up,12,5.329,2.5814274453112906,-2.0801743124792105,0.64,mild_up,2.7,tp_sys_ok,up,0.56,0.7,0.89,0.35
603590_SH.SH|20250422|1274,603590_SH.SH,20250422,CONT,0.2512,2025,202504,up,0,0.0,0.0,0.0,0.57,strong_up,1.7,tp_sys_ok,up,0.75,0.25,0.91,0.61
300457.SZ|20250304|1233,300457.SZ,20250304,EVENT,-0.7707,2025,202503,up,2,10.267,2.0765376973777228,-2.791977614102936,0.48,strong_up,2.0,tp_sys_ok,up,0.8,0.56,0.84,0.63
688325_SH.SH|20250912|1399,688325_SH.SH,20250912,CONT,67.9818,2025,202509,up,0,0.0,0.0,0.0,0.37,mild_up,1.17,tp_sys_ok,up,0.45,0.58,0.88,0.46
600278.SH|20251128|1444,600278.SH,20251128,EVENT,-2.1869,2025,202511,down,10,1.791,4.970763708183656,-2.8317418070391454,0.33,mild_down,1.6,tp_sys_ok,down,0.56,0.49,0.6,0.66
688093_SH.SH|20250507|1278,688093_SH.SH,20250507,CONT,-5.951,2025,202505,up,0,0.0,0.0,0.0,0.34,mild_up,0.6,tp_sys_ok,up,0.53,0.55,0.84,0.46
603558.SH|20250326|1237,603558.SH,20250326,EVENT,-8.8976,2025,202503,down,6,8.515,1.5943877551020558,-11.479591836734693,0.33,strong_down,1.76,tp_sys_ok,down,0.6,0.52,0.53,0.68
603185_SH.SH|20251106|1448,603185_SH.SH,20251106,CONT,5.5628,2025,202511,up,0,0.0,0.0,0.0,0.29,strong_up,0.71,tp_sys_ok,up,0.79,0.65,0.84,0.52
300111_SZ.SZ|20250922|1403,300111_SZ.SZ,20250922,CONT,13.4134,2025,202509,up,0,0.0,0.0,0.0,0.39,strong_up,0.68,tp_sys_ok,up,0.6,0.65,0.89,0.43
605016_SH.SH|20250515|1282,605016_SH.SH,20250515,CONT,6.8416,2025,202505,up,0,0.0,0.0,0.0,0.34,mild_up,0.63,tp_sys_ok,up,0.51,0.56,0.85,0.43
301589.SZ|20250303|1241,301589.SZ,20250303,EVENT,1.0286,2025,202503,down,8,0.652,6.057479287426792,-0.18208855573426108,0.29,mild_down,1.9,tp_sys_ok,down,0.52,0.67,0.62,0.62
300078_SZ.SZ|20251125|1452,300078_SZ.SZ,20251125,CONT,7.8508,2025,202511,up,0,0.0,0.0,0.0,0.36,strong_up,0.75,tp_sys_ok,up,0.52,0.68,0.87,0.55
600499_SH.SH|20250520|1286,600499_SH.SH,20250520,CONT,-0.4638,2025,202505,up,0,0.0,0.0,0.0,0.38,strong_up,1.11,tp_sys_ok,up,0.66,0.5,0.89,0.42
002145.SZ|20250314|1245,002145.SZ,20250314,EVENT,3.7457,2025,202503,up,8,9.168,5.274725274725278,-3.076923076923066,0.65,mild_up,2.65,tp_sys_ok,up,0.71,0.65,0.89,0.49
002387.SZ|20251201|1456,002387.SZ,20251201,EVENT,0.2988,2025,202512,up,3,6.659,4.999999999999982,-0.5555555555555647,0.41,mild_up,1.63,tp_sys_ok,up,0.59,0.34,0.49,0.38
002245_SZ.SZ|20250304|1249,002245_SZ.SZ,20250304,CONT,2.1873,2025,202503,up,0,0.0,0.0,0.0,0.56,strong_up,1.8,tp_sys_ok,up,0.58,0.17,0.93,0.53
600734_SH.SH|20251202|1460,600734_SH.SH,20251202,CONT,-6.2606,2025,202512,up,0,0.0,0.0,0.0,0.33,strong_up,0.7,tp_sys_ok,up,0.53,0.65,0.85,0.6
300904_SZ.SZ|20250929|1407,300904_SZ.SZ,20250929,CONT,-4.27,2025,202509,up,0,0.0,0.0,0.0,0.28,strong_up,0.81,tp_sys_ok,up,0.83,0.71,0.88,0.52
002297_SZ.SZ|20251225|1464,002297_SZ.SZ,20251225,CONT,5.4911,2025,202512,up,0,0.0,0.0,0.0,0.4,mild_up,1.08,tp_sys_ok,up,0.43,0.55,0.9,0.41
688352.SH|20250620|1290,688352.SH,20250620,EVENT,1.4808,2025,202506,down,12,4.721,5.317164179104461,-1.1194029850746356,0.26,strong_down,1.6,tp_sys_ok,down,0.63,0.42,0.38,0.68
000513.SZ|20260107|1468,000513.SZ,20260107,EVENT,0.8517,2026,202601,up,2,4.891,3.2662583843686033,1.1665208515602155,0.49,mild_up,2.13,tp_sys_ok,up,0.66,0.62,0.86,0.36
002969.SZ|20250930|1411,002969.SZ,20250930,EVENT,5.0347,2025,202509,down,9,5.847,6.160757718831378,-1.565227344264175,0.35,mild_down,1.92,tp_sys_ok,down,0.57,0.71,0.65,0.71
603067_SH.SH|20250311|1253,603067_SH.SH,20250311,CONT,10.2309,2025,202503,up,0,0.0,0.0,0.0,0.58,strong_up,1.72,tp_sys_ok,up,0.69,0.22,0.91,0.57
600756.SH|20250613|1294,600756.SH,20250613,EVENT,-1.0674,2025,202506,up,11,9.478,1.2092010777950302,-7.285735143816607,0.66,mild_up,2.63,tp_sys_ok,up,0.44,0.63,0.9,0.45
002221.SZ|20251009|1415,002221.SZ,20251009,EVENT,-4.0416,2025,202510,up,2,3.649,0.4235150576614055,-5.207710085758855,0.41,mild_up,1.79,tp_sys_ok,up,0.68,0.42,0.45,0.43
002262.SZ|20250619|1298,002262.SZ,20250619,EVENT,-0.8673,2025,202506,down,1,0.468,0.6307203490302005,-0.5074216341821924,0.37,mild_down,2.08,tp_sys_ok,down,0.64,0.55,0.66,0.47
601390.SH|20250625|1302,601390.SH,20250625,EVENT,0.0578,2025,202506,down,3,2.02,1.910584638899504,0.0,0.36,strong_down,1.75,tp_sys_ok,down,0.46,0.45,0.52,0.57
603879_SH.SH|20250609|1306,603879_SH.SH,20250609,CONT,-6.3633,2025,202506,up,0,0.0,0.0,0.0,0.34,mild_up,0.76,tp_sys_ok,up,0.52,0.68,0.84,0.48
300402_SZ.SZ|20250321|1257,300402_SZ.SZ,20250321,CONT,-28.6137,2025,202503,up,0,0.0,0.0,0.0,0.3,strong_up,0.57,tp_sys_ok,up,0.78,0.53,0.87,0.47
688658_SH.SH|20250623|1310,688658_SH.SH,20250623,CONT,21.6978,2025,202506,up,0,0.0,0.0,0.0,0.55,mild_up,1.71,tp_sys_ok,up,0.64,0.25,0.91,0.5
000922.SZ|20250307|1261,000922.SZ,20250307,EVENT,5.6382,2025,202503,up,8,7.229,8.210890233362145,1.123595505617958,0.65,mild_up,2.58,tp_sys_ok,up,0.41,0.58,0.86,0.49
601598.SH|20250609|1314,601598.SH,20250609,EVENT,-0.6416,2025,202506,up,2,3.658,0.4405286343612147,-1.3215859030836885,0.41,mild_up,1.78,tp_sys_ok,up,0.58,0.44,0.36,0.38
301395.SZ|20250326|1265,301395.SZ,20250326,EVENT,3.9748,2025,202503,down,2,0.154,11.888748252384618,2.044192953283863,0.34,mild_down,2.04,tp_sys_ok,down,0.77,0.55,0.49,0.57
688298.SH|20250619|1318,688298.SH,20250619,EVENT,6.0815,2025,202506,up,5,13.325,6.494284391858507,-0.8957499523537193,0.49,strong_up,1.45,tp_sys_ok,unknown,0.58,0.29,0.86,0.34
601011_SH.SH|20251017|1419,601011_SH.SH,20251017,CONT,-2.2619,2025,202510,up,0,0.0,0.0,0.0,0.29,strong_up,0.65,tp_sys_ok,up,0.64,0.61,0.8,0.6
002365_SZ.SZ|20250409|1269,002365_SZ.SZ,20250409,CONT,10.4064,2025,202504,up,0,0.0,0.0,0.0,0.53,mild_up,1.83,tp_sys_ok,up,0.52,0.4,0.92,0.46
000592_SZ.SZ|20251024|1423,000592_SZ.SZ,20251024,CONT,100.2505,2025,202510,up,0,0.0,0.0,0.0,0.54,strong_up,1.82,tp_sys_ok,up,0.57,0.36,0.91,0.65
002875.SZ|20260121|1472,002875.SZ,20260121,EVENT,0.2274,2026,202601,up,4,13.165,2.437603850831671,-2.9298068303155955,0.48,strong_up,1.47,tp_sys_ok,up,0.52,0.27,0.84,0.42
605266.SH|20251013|1427,605266.SH,20251013,EVENT,3.0364,2025,202510,down,12,2.628,5.151344325228391,-0.2840375258763017,0.31,mild_down,1.63,tp_sys_ok,down,0.53,0.53,0.52,0.6
002488.SZ|20260109|1476,002488.SZ,20260109,EVENT,1.8266,2026,202601,up,2,27.619,18.331716779825392,8.632395732298725,0.61,mild_up,2.48,tp_sys_ok,up,0.48,0.48,0.88,0.56
301033_SZ.SZ|20250422|1273,301033_SZ.SZ,20250422,CONT,3.088,2025,202504,up,0,0.0,0.0,0.0,0.37,strong_up,0.9,tp_sys_ok,up,0.68,0.55,0.89,0.47
300592.SZ|20251105|1431,300592.SZ,20251105,EVENT,-1.2117,2025,202511,down,2,9.284,1.4961660744342575,-2.1507387319992577,0.32,mild_down,1.94,tp_sys_ok,down,0.38,0.71,0.67,0.64
688506.SH|20260109|1480,688506.SH,20260109,EVENT,-8.1724,2026,202601,down,6,7.562,6.52723442672285,-8.817333734577193,0.29,strong_down,1.73,tp_sys_ok,down,0.5,0.62,0.53,0.76
002892.SZ|20251119|1435,002892.SZ,20251119,EVENT,-2.9843,2025,202511,down,2,2.59,0.16502106553826223,-5.443236748378211,0.35,strong_down,1.87,tp_sys_ok,down,0.56,0.71,0.61,0.63
601919.SH|20251107|1439,601919.SH,20251107,EVENT,0.6842,2025,202511,up,2,12.344,2.3761031907671315,0.5431093007467691,0.48,mild_up,1.36,tp_sys_ok,up,0.53,0.2,0.85,0.48
000778.SZ|20250625|1322,000778.SZ,20250625,EVENT,2.4981,2025,202506,up,3,2.529,8.000000000000007,-0.2962962962962945,0.43,mild_up,1.72,tp_sys_ok,up,0.49,0.38,0.59,0.39
300802.SZ|20250402|1277,300802.SZ,20250402,EVENT,-9.9329,2025,202504,down,2,2.731,2.022812833623644,-21.23953475304827,0.36,mild_down,2.0,tp_sys_ok,down,0.57,0.7,0.64,0.61
002716.SZ|20250627|1326,002716.SZ,20250627,EVENT,12.2691,2025,202506,up,11,4.515,25.647668393782386,-0.7772020725388518,0.62,mild_up,2.57,tp_sys_ok,up,0.5,0.57,0.91,0.48
688267.SH|20251126|1443,688267.SH,20251126,EVENT,9.572,2025,202511,down,4,1.58,12.504387317211286,-1.4962448442962906,0.34,mild_down,2.15,tp_sys_ok,down,0.62,0.46,0.47,0.77
002620_SZ.SZ|20250515|1281,002620_SZ.SZ,20250515,CONT,-8.8449,2025,202505,up,0,0.0,0.0,0.0,0.37,mild_up,0.77,tp_sys_ok,up,0.62,0.72,0.88,0.55
002169_SZ.SZ|20260107|1484,002169_SZ.SZ,20260107,CONT,1.0142,2026,202601,up,0,0.0,0.0,0.0,0.32,strong_up,0.65,tp_sys_ok,up,0.75,0.59,0.88,0.56
300438_SZ.SZ|20251106|1447,300438_SZ.SZ,20251106,CONT,-6.1222,2025,202511,up,0,0.0,0.0,0.0,0.36,strong_up,0.73,tp_sys_ok,unknown,0.38,0.64,0.81,0.36
002052_SZ.SZ|20250519|1285,002052_SZ.SZ,20250519,CONT,3.3599,2025,202505,up,0,0.0,0.0,0.0,0.33,strong_up,0.48,tp_sys_ok,up,0.74,0.52,0.86,0.39
688503_SH.SH|20260114|1488,688503_SH.SH,20260114,CONT,3.8927,2026,202601,up,0,0.0,0.0,0.0,0.3,strong_up,0.7,tp_sys_ok,up,0.69,0.66,0.87,0.67
000820_SZ.SZ|20251114|1451,000820_SZ.SZ,20251114,CONT,1.262,2025,202511,up,0,0.0,0.0,0.0,0.57,strong_up,1.65,tp_sys_ok,up,0.46,0.3,0.92,0.57
688352.SH|20250619|1289,688352.SH,20250619,EVENT,-0.639,2025,202506,down,3,4.401,0.8294930875575979,-2.304147465437789,0.31,strong_down,1.59,tp_sys_ok,down,0.65,0.43,0.41,0.53
002992.SZ|20250613|1293,002992.SZ,20250613,EVENT,-0.8291,2025,202506,up,5,12.665,3.2471219864746326,-3.636019479290342,0.57,mild_up,2.67,tp_sys_ok,up,0.55,0.67,0.87,0.42
002112_SZ.SZ|20260120|1492,002112_SZ.SZ,20260120,CONT,11.4901,2026,202601,up,0,0.0,0.0,0.0,0.32,strong_up,0.54,tp_sys_ok,up,0.64,0.52,0.87,0.51
601233.SH|20251127|1455,601233.SH,20251127,EVENT,0.5352,2025,202511,up,8,6.957,8.53573907009022,-1.179736294240108,0.37,mild_up,1.64,sl_too_tight,unknown,0.6,0.34,0.29,0.35
688352.SH|20250703|1330,688352.SH,20250703,EVENT,2.7613,2025,202507,up,12,7.647,3.9819004524886736,-1.4479638009049833,0.66,mild_up,2.73,tp_sys_ok,up,0.64,0.73,0.89,0.58
002023.SZ|20250619|1297,002023.SZ,20250619,EVENT,-2.3222,2025,202506,up,1,1.891,-1.143215096703487,-2.513507164669959,0.37,mild_up,1.63,tp_sys_ok,unknown,0.44,0.38,0.29,0.37
001373_SZ.SZ|20260121|1496,001373_SZ.SZ,20260121,CONT,6.6687,2026,202601,up,0,0.0,0.0,0.0,0.57,mild_up,1.93,tp_sys_ok,up,0.6,0.38,0.9,0.4
000521.SZ|20251204|1459,000521.SZ,20251204,EVENT,-2.3233,2025,202512,down,3,1.927,-0.06203046385001576,-2.3594550508879486,0.35,strong_down,2.09,tp_sys_ok,down,0.42,0.51,0.55,0.58
002192.SZ|20250623|1301,002192.SZ,20250623,EVENT,3.6801,2025,202506,down,2,3.166,8.979734451432563,2.0964360587002018,0.31,mild_down,1.87,tp_sys_ok,down,0.5,0.58,0.57,0.55
000935_SZ.SZ|20251216|1463,000935_SZ.SZ,20251216,CONT,-0.9149,2025,202512,up,0,0.0,0.0,0.0,0.37,strong_up,0.9,tp_sys_ok,up,0.73,0.67,0.9,0.41
688518_SH.SH|20250704|1334,688518_SH.SH,20250704,CONT,-2.1858,2025,202507,up,0,0.0,0.0,0.0,0.58,strong_up,1.79,tp_sys_ok,up,0.46,0.18,0.92,0.51
002358_SZ.SZ|20260123|1500,002358_SZ.SZ,20260123,CONT,6.4104,2026,202601,up,0,0.0,0.0,0.0,0.57,strong_up,1.73,tp_sys_ok,up,0.55,0.2,0.91,0.56
600521_SH.SH|20250609|1305,600521_SH.SH,20250609,CONT,3.3921,2025,202506,up,0,0.0,0.0,0.0,0.55,strong_up,1.79,tp_sys_ok,up,0.7,0.16,0.92,0.59
603861_SH.SH|20260128|1504,603861_SH.SH,20260128,CONT,5.0434,2026,202601,up,0,0.0,0.0,0.0,0.6,strong_up,1.55,tp_sys_ok,up,0.52,0.34,0.9,0.57
301345_SZ.SZ|20250620|1309,301345_SZ.SZ,20250620,CONT,43.1645,2025,202506,up,0,0.0,0.0,0.0,0.58,strong_up,1.79,tp_sys_ok,up,0.73,0.38,0.9,0.53
603083_SH.SH|20250718|1338,603083_SH.SH,20250718,CONT,-3.4724,2025,202507,up,0,0.0,0.0,0.0,0.31,strong_up,0.91,tp_sys_ok,up,0.82,0.55,0.88,0.57
300548_SZ.SZ|20250626|1313,300548_SZ.SZ,20250626,CONT,18.9601,2025,202506,up,0,0.0,0.0,0.0,0.35,strong_up,0.6,tp_sys_ok,up,0.63,0.57,0.85,0.5
688084.SH|20250619|1317,688084.SH,20250619,EVENT,3.4287,2025,202506,up,4,6.766,9.913726935003542,-5.700513603249169,0.37,strong_up,1.57,tp_sys_ok,unknown,0.44,0.35,0.36,0.34
603836.SH|20250717|1342,603836.SH,20250717,EVENT,0.4208,2025,202507,up,12,7.907,4.475437135720228,-0.8950874271440479,0.41,mild_up,1.68,tp_sys_ok,unknown,0.63,0.42,0.33,0.33
300834.SZ|20260105|1467,300834.SZ,20260105,EVENT,1.5024,2026,202601,up,2,10.409,8.706952566601679,3.6387264457439894,0.66,mild_up,2.68,tp_sys_ok,up,0.62,0.68,0.91,0.59
688739.SH|20250623|1321,688739.SH,20250623,EVENT,2.3636,2025,202506,up,5,2.952,5.166726282739154,1.470529788164221,0.37,mild_up,1.62,tp_sys_ok,unknown,0.63,0.38,0.27,0.34
002327.SZ|20250814|1346,002327.SZ,20250814,EVENT,0.0115,2025,202508,down,10,1.815,2.4725274725274637,-0.5494505494505475,0.34,strong_down,1.92,tp_sys_ok,down,0.69,0.64,0.55,0.66
002675.SZ|20260106|1471,002675.SZ,20260106,EVENT,3.8865,2026,202601,up,12,8.385,7.874015748031482,-0.21474588403722628,0.52,mild_up,1.99,tp_sys_ok,unknown,0.68,0.63,0.87,0.34
688163_SH.SH|20250805|1350,688163_SH.SH,20250805,CONT,-1.8269,2025,202508,up,0,0.0,0.0,0.0,0.31,strong_up,1.01,tp_sys_ok,up,0.83,0.57,0.9,0.51
688536_SH.SH|20260128|1508,688536_SH.SH,20260128,CONT,-11.3217,2026,202601,up,0,0.0,0.0,0.0,0.57,strong_up,1.89,tp_sys_ok,up,0.78,0.43,0.91,0.65
301268_SZ.SZ|20250811|1354,301268_SZ.SZ,20250811,CONT,-3.3139,2025,202508,up,0,0.0,0.0,0.0,0.32,strong_up,0.74,tp_sys_ok,up,0.71,0.7,0.88,0.46
000501_SZ.SZ|20250818|1358,000501_SZ.SZ,20250818,CONT,-12.6448,2025,202508,up,0,0.0,0.0,0.0,0.37,strong_up,0.7,tp_sys_ok,up,0.67,0.66,0.87,0.48
000048.SZ|20260109|1475,000048.SZ,20260109,EVENT,17.4427,2026,202601,up,9,19.497,23.64112639161755,-4.060248853962012,0.52,mild_up,1.43,tp_sys_ok,up,0.56,0.22,0.83,0.48
603858.SH|20260204|1512,603858.SH,20260204,EVENT,1.0734,2026,202602,up,2,6.403,3.6897230668857084,0.19456386238392298,0.68,strong_up,2.61,tp_sys_ok,up,0.6,0.61,0.92,0.53
688226_SH.SH|20250819|1362,688226_SH.SH,20250819,CONT,-14.8419,2025,202508,up,0,0.0,0.0,0.0,0.31,strong_up,0.61,tp_sys_ok,up,0.71,0.57,0.87,0.56
301320.SZ|20260205|1516,301320.SZ,20260205,EVENT,3.3411,2026,202602,up,9,13.953,4.706273185316445,-0.332207518963501,0.42,strong_up,1.69,tp_sys_ok,unknown,0.44,0.39,0.53,0.34
603318.SH|20250626|1325,603318.SH,20250626,EVENT,5.1566,2025,202506,down,12,5.537,6.459550907413103,-0.9227929867732909,0.33,mild_down,1.98,tp_sys_ok,down,0.63,0.56,0.37,0.69
002993_SZ.SZ|20250825|1366,002993_SZ.SZ,20250825,CONT,-13.2428,2025,202508,up,0,0.0,0.0,0.0,0.54,strong_up,1.62,tp_sys_ok,up,0.54,0.27,0.92,0.54
600743.SH|20260211|1520,600743.SH,20260211,EVENT,-0.2508,2026,202602,down,5,7.96,2.9850746268656803,-3.482587064676612,0.32,strong_down,1.63,tp_sys_ok,down,0.57,0.38,0.42,0.66
300004_SZ.SZ|20250826|1370,300004_SZ.SZ,20250826,CONT,-14.9107,2025,202508,up,0,0.0,0.0,0.0,0.36,mild_up,0.76,tp_sys_ok,up,0.55,0.66,0.82,0.48
002475.SZ|20260225|1524,002475.SZ,20260225,EVENT,-1.9758,2026,202602,down,2,1.579,2.1423895578345897,-2.4399436630894167,0.35,strong_down,2.09,tp_sys_ok,down,0.57,0.52,0.63,0.6
605056_SH.SH|20260202|1528,605056_SH.SH,20260202,CONT,10.0995,2026,202602,up,0,0.0,0.0,0.0,0.37,strong_up,0.81,tp_sys_ok,up,0.61,0.74,0.88,0.59
002675.SZ|20260107|1479,002675.SZ,20260107,EVENT,3.3676,2026,202601,up,12,8.85,7.33618233618234,-0.6410256410256387,0.53,mild_up,1.91,tp_sys_ok,up,0.62,0.52,0.8,0.38
688788.SH|20250711|1329,688788.SH,20250711,EVENT,12.7396,2025,202507,up,9,13.309,19.42365531230328,0.5245855773938546,0.39,mild_up,1.68,tp_sys_ok,up,0.5,0.37,0.25,0.32
688260_SH.SH|20250827|1374,688260_SH.SH,20250827,CONT,-1.6071,2025,202508,up,0,0.0,0.0,0.0,0.29,strong_up,0.41,tp_sys_ok,up,0.78,0.59,0.87,0.57
300129_SZ.SZ|20260105|1483,300129_SZ.SZ,20260105,CONT,50.0788,2026,202601,up,0,0.0,0.0,0.0,0.39,strong_up,0.85,tp_sys_ok,up,0.62,0.73,0.87,0.46
600487_SH.SH|20250829|1378,600487_SH.SH,20250829,CONT,-1.2728,2025,202508,up,0,0.0,0.0,0.0,0.52,strong_up,2.24,tp_sys_ok,up,0.74,0.24,0.91,0.62
002413_SZ.SZ|20250704|1333,002413_SZ.SZ,20250704,CONT,-12.0936,2025,202507,up,0,0.0,0.0,0.0,0.35,strong_up,0.93,tp_sys_ok,up,0.77,0.54,0.88,0.45
000603_SZ.SZ|20260112|1487,000603_SZ.SZ,20260112,CONT,50.3059,2026,202601,up,0,0.0,0.0,0.0,0.54,strong_up,1.87,tp_sys_ok,up,0.75,0.38,0.9,0.55
601869_SH.SH|20250718|1337,601869_SH.SH,20250718,CONT,16.7943,2025,202507,up,0,0.0,0.0,0.0,0.4,mild_up,1.19,tp_sys_ok,up,0.48,0.54,0.9,0.46
600971.SH|20260211|1532,600971.SH,20260211,EVENT,5.1356,2026,202602,up,3,10.995,5.848908244117834,0.2540373797858875,0.67,strong_up,2.59,tp_sys_ok,up,0.56,0.59,0.9,0.64
688226_SH.SH|20250729|1341,688226_SH.SH,20250729,CONT,23.9755,2025,202507,up,0,0.0,0.0,0.0,0.52,mild_up,1.54,tp_sys_ok,up,0.64,0.37,0.91,0.66
601665.SH|20250917|1382,601665.SH,20250917,EVENT,5.5818,2025,202509,up,5,1.673,6.673160307994919,-1.2551227090565553,0.36,mild_up,1.55,sl_too_tight,unknown,0.73,0.34,0.25,0.37
002327.SZ|20250804|1345,002327.SZ,20250804,EVENT,1.3809,2025,202508,down,12,0.622,2.0746887966804906,0.0,0.32,strong_down,1.82,tp_sys_ok,down,0.68,0.62,0.53,0.67
688156_SH.SH|20250804|1349,688156_SH.SH,20250804,CONT,-0.4761,2025,202508,up,0,0.0,0.0,0.0,0.29,strong_up,0.76,tp_sys_ok,up,0.77,0.69,0.87,0.66
688232.SH|20250926|1386,688232.SH,20250926,EVENT,-1.2672,2025,202509,down,1,0.745,0.9016861759160832,-1.6279932883989878,0.38,strong_down,2.09,tp_sys_ok,down,0.52,0.5,0.61,0.69
000612_SZ.SZ|20260120|1491,000612_SZ.SZ,20260120,CONT,2.1447,2026,202601,up,0,0.0,0.0,0.0,0.38,mild_up,0.78,tp_sys_ok,up,0.63,0.67,0.85,0.43
000972_SZ.SZ|20250908|1390,000972_SZ.SZ,20250908,CONT,-22.9557,2025,202509,up,0,0.0,0.0,0.0,0.56,strong_up,1.66,tp_sys_ok,up,0.45,0.27,0.93,0.49
000960_SZ.SZ|20260121|1495,000960_SZ.SZ,20260121,CONT,-3.7313,2026,202601,up,0,0.0,0.0,0.0,0.29,strong_up,0.6,tp_sys_ok,up,0.74,0.57,0.85,0.55
600873.SH|20260206|1536,600873.SH,20260206,EVENT,4.1276,2026,202602,up,4,6.221,5.907797917107471,2.577364020343076,0.68,strong_up,2.63,tp_sys_ok,up,0.59,0.63,0.9,0.5
688088_SH.SH|20250908|1394,688088_SH.SH,20250908,CONT,-5.2341,2025,202509,up,0,0.0,0.0,0.0,0.58,strong_up,1.77,tp_sys_ok,up,0.57,0.18,0.93,0.5
688155_SH.SH|20260122|1499,688155_SH.SH,20260122,CONT,12.7928,2026,202601,up,0,0.0,0.0,0.0,0.31,mild_up,0.52,tp_sys_ok,up,0.6,0.48,0.87,0.54
002715_SZ.SZ|20250912|1398,002715_SZ.SZ,20250912,CONT,1.558,2025,202509,up,0,0.0,0.0,0.0,0.38,strong_up,0.96,tp_sys_ok,up,0.67,0.57,0.9,0.46
300594_SZ.SZ|20260128|1503,300594_SZ.SZ,20260128,CONT,5.7618,2026,202601,up,0,0.0,0.0,0.0,0.6,strong_up,1.77,tp_sys_ok,up,0.81,0.38,0.91,0.48
002715_SZ.SZ|20250919|1402,002715_SZ.SZ,20250919,CONT,-5.8693,2025,202509,up,0,0.0,0.0,0.0,0.55,strong_up,1.72,tp_sys_ok,up,0.62,0.24,0.91,0.52
603298_SH.SH|20250924|1406,603298_SH.SH,20250924,CONT,-6.8595,2025,202509,up,0,0.0,0.0,0.0,0.53,strong_up,1.71,tp_sys_ok,up,0.7,0.25,0.91,0.67
603885.SH|20260326|1540,603885.SH,20260326,EVENT,2.9426,2026,202603,down,12,3.377,10.799244589982138,-1.4155274875686463,0.35,strong_down,1.93,tp_sys_ok,down,0.65,0.49,0.57,0.71
603836.SH|20260306|1544,603836.SH,20260306,EVENT,-5.1864,2026,202603,up,7,4.796,1.7705242334322469,-5.252225519287823,0.34,strong_up,1.4,tp_sys_ok,unknown,0.36,0.23,0.25,0.36
000526.SZ|20250924|1410,000526.SZ,20250924,EVENT,-3.5165,2025,202509,down,3,3.123,0.96713627126217,-3.3293376126213303,0.3,strong_down,1.86,tp_sys_ok,down,0.64,0.64,0.66,0.66
600188_SH.SH|20260302|1548,600188_SH.SH,20260302,CONT,11.4052,2026,202603,up,0,0.0,0.0,0.0,0.58,strong_up,1.7,tp_sys_ok,up,0.53,0.23,0.91,0.52
300224_SZ.SZ|20250808|1353,300224_SZ.SZ,20250808,CONT,-4.8906,2025,202508,up,0,0.0,0.0,0.0,0.33,strong_up,0.94,tp_sys_ok,up,0.8,0.63,0.88,0.43
002413.SZ|20251031|1414,002413.SZ,20251031,EVENT,0.4929,2025,202510,up,7,6.804,5.903398926654746,-2.3255813953488302,0.38,mild_up,1.56,tp_sys_ok,unknown,0.68,0.28,0.4,0.35
300686_SZ.SZ|20251014|1418,300686_SZ.SZ,20251014,CONT,-1.2828,2025,202510,up,0,0.0,0.0,0.0,0.59,strong_up,1.73,tp_sys_ok,up,0.6,0.22,0.93,0.41
001277_SZ.SZ|20250814|1357,001277_SZ.SZ,20250814,CONT,-19.9775,2025,202508,up,0,0.0,0.0,0.0,0.56,strong_up,1.55,tp_sys_ok,up,0.51,0.38,0.92,0.57
300868_SZ.SZ|20260324|1552,300868_SZ.SZ,20260324,CONT,6.0426,2026,202603,up,0,0.0,0.0,0.0,0.33,strong_up,1.01,tp_sys_ok,up,0.68,0.53,0.9,0.52
600208.SH|20260316|1556,600208.SH,20260316,EVENT,-4.9156,2026,202603,down,4,4.525,1.5873015873015817,-5.339105339105343,0.31,mild_down,1.87,tp_sys_ok,down,0.51,0.68,0.54,0.72
002713_SZ.SZ|20260408|1560,002713_SZ.SZ,20260408,CONT,10.1528,2026,202604,up,0,0.0,0.0,0.0,0.6,mild_up,1.9,tp_sys_ok,up,0.48,0.4,0.91,0.54
603843_SH.SH|20251022|1422,603843_SH.SH,20251022,CONT,50.5326,2025,202510,up,0,0.0,0.0,0.0,0.34,strong_up,0.5,tp_sys_ok,up,0.64,0.5,0.85,0.46
601231_SH.SH|20250819|1361,601231_SH.SH,20250819,CONT,1.0892,2025,202508,up,0,0.0,0.0,0.0,0.53,strong_up,1.74,tp_sys_ok,up,0.67,0.21,0.9,0.65
688179_SH.SH|20260128|1507,688179_SH.SH,20260128,CONT,-8.9233,2026,202601,up,0,0.0,0.0,0.0,0.53,mild_up,1.45,tp_sys_ok,up,0.61,0.32,0.91,0.6
600686.SH|20251009|1426,600686.SH,20251009,EVENT,4.2874,2025,202510,down,2,6.829,17.59014951627089,5.364995602462641,0.32,strong_down,1.91,tp_sys_ok,down,0.47,0.72,0.63,0.61
301222_SZ.SZ|20260417|1564,301222_SZ.SZ,20260417,CONT,29.8452,2026,202604,up,0,0.0,0.0,0.0,0.41,strong_up,1.05,tp_sys_ok,up,0.65,0.58,0.88,0.47
603950_SH.SH|20260423|1568,603950_SH.SH,20260423,CONT,15.0388,2026,202604,up,0,0.0,0.0,0.0,0.48,strong_up,1.88,tp_sys_ok,up,0.82,0.34,0.89,0.7
600329.SH|20260209|1511,600329.SH,20260209,EVENT,-1.6533,2026,202602,up,3,5.987,1.1981579819606125,-3.3152093426703555,0.52,mild_up,1.67,tp_sys_ok,up,0.42,0.34,0.82,0.48
603893_SH.SH|20250821|1365,603893_SH.SH,20250821,CONT,0.696,2025,202508,up,0,0.0,0.0,0.0,0.55,mild_up,2.01,tp_sys_ok,up,0.47,0.43,0.9,0.59
000513.SZ|20251110|1430,000513.SZ,20251110,EVENT,-4.8666,2025,202511,up,9,4.476,1.4484679665738298,-5.153203342618385,0.49,mild_up,1.96,tp_sys_ok,up,0.71,0.57,0.83,0.43
002384_SZ.SZ|20260430|1572,002384_SZ.SZ,20260430,CONT,16.8197,2026,202604,up,0,0.0,0.0,0.0,0.29,strong_up,0.23,tp_sys_ok,up,0.85,0.77,0.81,0.49
688321.SH|20251107|1434,688321.SH,20251107,EVENT,-9.4927,2025,202511,down,9,9.111,2.0390551147648983,-10.374778276986474,0.33,strong_down,1.92,tp_sys_ok,down,0.66,0.59,0.49,0.57
688683_SH.SH|20260430|1576,688683_SH.SH,20260430,CONT,1.1268,2026,202604,up,0,0.0,0.0,0.0,0.35,mild_up,0.62,tp_sys_ok,up,0.62,0.58,0.86,0.46
600872.SH|20251106|1438,600872.SH,20251106,EVENT,0.3393,2025,202511,down,11,0.153,3.78745053702656,-1.9785189372526935,0.31,strong_down,1.9,tp_sys_ok,down,0.65,0.61,0.55,0.73
301526_SZ.SZ|20250825|1369,301526_SZ.SZ,20250825,CONT,11.8244,2025,202508,up,0,0.0,0.0,0.0,0.34,strong_up,0.61,tp_sys_ok,up,0.6,0.58,0.88,0.49
688617.SH|20260211|1515,688617.SH,20260211,EVENT,-6.1587,2026,202602,down,12,10.456,3.23766511067487,-8.159735740954,0.35,strong_down,1.78,tp_sys_ok,down,0.49,0.51,0.49,0.66
002938_SZ.SZ|20260506|1580,002938_SZ.SZ,20260506,CONT,23.7167,2026,202605,up,0,0.0,0.0,0.0,0.54,mild_up,1.62,tp_sys_ok,up,0.62,0.28,0.9,0.47
600858.SH|20251126|1442,600858.SH,20251126,EVENT,6.1529,2025,202511,down,4,4.404,8.185053380782925,0.3558718861209842,0.34,mild_down,1.75,tp_sys_ok,down,0.7,0.48,0.55,0.64
603021_SH.SH|20250827|1373,603021_SH.SH,20250827,CONT,7.3157,2025,202508,up,0,0.0,0.0,0.0,0.33,strong_up,0.7,tp_sys_ok,up,0.49,0.65,0.86,0.57
301130.SZ|20260211|1519,301130.SZ,20260211,EVENT,0.8623,2026,202602,up,4,4.236,2.3464238886168554,-1.408007055784799,0.64,strong_up,2.59,tp_sys_ok,up,0.54,0.59,0.91,0.49
600107_SH.SH|20250829|1377,600107_SH.SH,20250829,CONT,17.9979,2025,202508,up,0,0.0,0.0,0.0,0.35,mild_up,0.71,tp_sys_ok,up,0.51,0.67,0.84,0.52
301197.SZ|20250904|1381,301197.SZ,20250904,EVENT,16.3759,2025,202509,down,12,4.438,20.008559811684123,-0.5884870532848252,0.33,mild_down,1.78,tp_sys_ok,down,0.51,0.6,0.61,0.72
688232.SH|20250917|1385,688232.SH,20250917,EVENT,-0.0233,2025,202509,down,2,3.365,2.7757019323155774,-3.2027329988256636,0.32,strong_down,1.84,tp_sys_ok,down,0.41,0.62,0.56,0.65
600208.SH|20260224|1523,600208.SH,20260224,EVENT,0.2476,2026,202602,down,2,5.145,3.7837837837837673,-1.0810810810810811,0.36,mild_down,1.73,tp_sys_ok,down,0.57,0.55,0.61,0.58
688433_SH.SH|20250901|1389,688433_SH.SH,20250901,CONT,18.9881,2025,202509,up,0,0.0,0.0,0.0,0.4,strong_up,0.99,tp_sys_ok,up,0.68,0.72,0.9,0.54
603306_SH.SH|20260202|1527,603306_SH.SH,20260202,CONT,13.4052,2026,202602,up,0,0.0,0.0,0.0,0.57,strong_up,1.79,tp_sys_ok,up,0.79,0.16,0.91,0.7
002497_SZ.SZ|20251106|1446,002497_SZ.SZ,20251106,CONT,29.2072,2025,202511,up,0,0.0,0.0,0.0,0.33,strong_up,0.58,tp_sys_ok,up,0.75,0.55,0.87,0.45
603950_SH.SH|20260227|1531,603950_SH.SH,20260227,CONT,6.419,2026,202602,up,0,0.0,0.0,0.0,0.3,strong_up,0.54,tp_sys_ok,up,0.77,0.51,0.87,0.58
002015.SZ|20260205|1535,002015.SZ,20260205,EVENT,6.3251,2026,202602,up,2,10.277,23.198900772430186,0.2673796791443861,0.64,strong_up,2.53,tp_sys_ok,up,0.77,0.53,0.91,0.51
605133_SH.SH|20250908|1393,605133_SH.SH,20250908,CONT,2.2184,2025,202509,up,0,0.0,0.0,0.0,0.38,strong_up,0.84,tp_sys_ok,up,0.67,0.72,0.87,0.63
000007_SZ.SZ|20251113|1450,000007_SZ.SZ,20251113,CONT,1.7792,2025,202511,up,0,0.0,0.0,0.0,0.36,mild_up,0.79,tp_sys_ok,unknown,0.6,0.7,0.86,0.34
300633.SZ|20260319|1539,300633.SZ,20260319,EVENT,-5.5516,2026,202603,down,2,4.376,-0.46500903116714065,-10.519048522968443,0.32,strong_down,1.89,tp_sys_ok,down,0.58,0.64,0.62,0.68
603285_SH.SH|20250911|1397,603285_SH.SH,20250911,CONT,-16.7533,2025,202509,up,0,0.0,0.0,0.0,0.32,strong_up,0.7,tp_sys_ok,up,0.68,0.66,0.89,0.56
000408.SZ|20260326|1543,000408.SZ,20260326,EVENT,8.4677,2026,202603,down,9,3.524,10.518568019526553,-0.8194776139036186,0.33,strong_down,1.94,tp_sys_ok,down,0.63,0.48,0.62,0.66
600566.SH|20251126|1454,600566.SH,20251126,EVENT,7.6558,2025,202511,up,12,8.22,9.640972273842262,-0.22878003254127588,0.64,mild_up,2.68,tp_sys_ok,up,0.47,0.68,0.91,0.54
002655_SZ.SZ|20260302|1547,002655_SZ.SZ,20260302,CONT,5.9493,2026,202603,up,0,0.0,0.0,0.0,0.54,mild_up,1.66,tp_sys_ok,up,0.5,0.29,0.92,0.47
301265_SZ.SZ|20260317|1551,301265_SZ.SZ,20260317,CONT,0.9915,2026,202603,up,0,0.0,0.0,0.0,0.3,strong_up,0.52,tp_sys_ok,up,0.8,0.5,0.81,0.49
600909.SH|20260311|1555,600909.SH,20260311,EVENT,-3.6518,2026,202603,down,7,3.259,1.6528925619834878,-5.289256198347103,0.34,strong_down,1.84,tp_sys_ok,down,0.49,0.69,0.58,0.75
300736_SZ.SZ|20250916|1401,300736_SZ.SZ,20250916,CONT,-5.2462,2025,202509,up,0,0.0,0.0,0.0,0.31,strong_up,0.92,tp_sys_ok,up,0.77,0.6,0.88,0.42
301288_SZ.SZ|20250923|1405,301288_SZ.SZ,20250923,CONT,-4.4802,2025,202509,up,0,0.0,0.0,0.0,0.54,strong_up,1.74,tp_sys_ok,up,0.76,0.18,0.91,0.52
603216_SH.SH|20250930|1409,603216_SH.SH,20250930,CONT,-11.442,2025,202509,up,0,0.0,0.0,0.0,0.55,mild_up,1.61,tp_sys_ok,up,0.4,0.34,0.9,0.63
000906.SZ|20251013|1413,000906.SZ,20251013,EVENT,0.3983,2025,202510,up,2,5.274,1.1719761719761745,-0.2849002849002802,0.51,mild_up,1.77,tp_sys_ok,up,0.68,0.55,0.82,0.48
301325.SZ|20251028|1417,301325.SZ,20251028,EVENT,7.1158,2025,202510,down,12,7.137,17.338003502626975,-4.535901926444841,0.32,strong_down,1.62,tp_sys_ok,down,0.5,0.53,0.66,0.55
601001_SH.SH|20251021|1421,601001_SH.SH,20251021,CONT,-2.355,2025,202510,up,0,0.0,0.0,0.0,0.36,strong_up,0.9,tp_sys_ok,up,0.76,0.62,0.9,0.51
002481.SZ|20251009|1425,002481.SZ,20251009,EVENT,9.8173,2025,202510,up,9,3.0,16.116116116116117,1.0101010101010166,0.45,strong_up,1.69,tp_sys_ok,up,0.38,0.38,0.52,0.33
605162_SH.SH|20260401|1559,605162_SH.SH,20260401,CONT,10.4529,2026,202604,up,0,0.0,0.0,0.0,0.35,strong_up,0.91,tp_sys_ok,up,0.8,0.58,0.88,0.63
002281_SZ.SZ|20260417|1563,002281_SZ.SZ,20260417,CONT,35.6861,2026,202604,up,0,0.0,0.0,0.0,0.33,strong_up,0.55,tp_sys_ok,up,0.67,0.52,0.85,0.55
688010.SH|20251121|1429,688010.SH,20251121,EVENT,5.0704,2025,202511,up,6,3.67,10.094281078737023,-1.9058086415599473,0.37,mild_up,1.61,tp_sys_ok,unknown,0.69,0.34,0.24,0.33
000513.SZ|20251107|1433,000513.SZ,20251107,EVENT,-3.446,2025,202511,down,10,3.052,2.9977375565610975,-3.7047511312217285,0.29,strong_down,1.76,tp_sys_ok,down,0.56,0.61,0.61,0.69
301369_SZ.SZ|20260423|1567,301369_SZ.SZ,20260423,CONT,37.1808,2026,202604,up,0,0.0,0.0,0.0,0.57,strong_up,1.85,tp_sys_ok,up,0.69,0.37,0.91,0.66
605555.SH|20251128|1437,605555.SH,20251128,EVENT,7.4319,2025,202511,up,12,8.043,13.246599645180357,-0.47309284447073496,0.38,mild_up,1.7,tp_sys_ok,unknown,0.7,0.45,0.45,0.34
002273_SZ.SZ|20260430|1571,002273_SZ.SZ,20260430,CONT,10.7384,2026,202604,up,0,0.0,0.0,0.0,0.57,strong_up,1.68,tp_sys_ok,up,0.62,0.26,0.92,0.57
600576.SH|20251119|1441,600576.SH,20251119,EVENT,-0.2295,2025,202511,up,2,5.441,1.8225146911474033,-3.051967395130928,0.61,mild_up,2.62,tp_sys_ok,up,0.64,0.62,0.88,0.5
000908_SZ.SZ|20251103|1445,000908_SZ.SZ,20251103,CONT,16.3344,2025,202511,up,0,0.0,0.0,0.0,0.55,strong_up,1.81,tp_sys_ok,up,0.43,0.33,0.93,0.41
301371_SZ.SZ|20260507|1584,301371_SZ.SZ,20260507,CONT,5.4799,2026,202605,up,0,0.0,0.0,0.0,0.38,mild_up,0.65,tp_sys_ok,up,0.6,0.59,0.85,0.48
600815_SH.SH|20251111|1449,600815_SH.SH,20251111,CONT,-6.4657,2025,202511,up,0,0.0,0.0,0.0,0.54,strong_up,2.01,tp_sys_ok,up,0.65,0.43,0.9,0.66
603139_SH.SH|20260430|1575,603139_SH.SH,20260430,CONT,5.5119,2026,202604,up,0,0.0,0.0,0.0,0.38,strong_up,1.04,tp_sys_ok,up,0.67,0.45,0.89,0.51
002051.SZ|20251106|1453,002051.SZ,20251106,EVENT,-0.1661,2025,202511,up,12,2.354,5.269320843091352,-2.1077283372365363,0.65,mild_up,2.63,tp_sys_ok,up,0.66,0.63,0.88,0.4
603456.SH|20260527|1579,603456.SH,20260527,EVENT,-1.7278,2026,202605,down,1,1.331,0.295968324247986,-2.243170114340576,0.31,strong_down,2.04,tp_sys_ok,down,0.57,0.5,0.44,0.68
688310.SH|20251201|1457,688310.SH,20251201,EVENT,-7.457,2025,202512,down,2,7.071,-0.9742545864218743,-7.439413142835183,0.31,mild_down,1.8,tp_sys_ok,down,0.45,0.7,0.49,0.48
603355_SH.SH|20251209|1461,603355_SH.SH,20251209,CONT,-11.8637,2025,202512,up,0,0.0,0.0,0.0,0.31,strong_up,0.61,tp_sys_ok,up,0.75,0.57,0.87,0.6
300118_SZ.SZ|20251225|1465,300118_SZ.SZ,20251225,CONT,41.002,2025,202512,down,0,0.0,0.0,0.0,0.15,strong_down,0.6,tp_sys_ok,down,0.54,0.4,0.42,0.7
002938_SZ.SZ|20260507|1583,002938_SZ.SZ,20260507,CONT,25.5635,2026,202605,up,0,0.0,0.0,0.0,0.54,mild_up,1.73,tp_sys_ok,up,0.63,0.19,0.9,0.49
600873.SH|20251231|1458,600873.SH,20251231,EVENT,1.3556,2025,202512,up,3,2.263,2.777206336144844,-0.7200164575190349,0.37,mild_up,1.6,sl_too_tight,unknown,0.67,0.32,0.26,0.43
603039.SH|20260108|1469,603039.SH,20260108,EVENT,-0.1504,2026,202601,up,2,13.572,15.674487751276601,0.9156917243013929,0.56,mild_up,2.33,tp_sys_ok,up,0.46,0.33,0.9,0.63
000901_SZ.SZ|20251215|1462,000901_SZ.SZ,20251215,CONT,14.1103,2025,202512,up,0,0.0,0.0,0.0,0.35,mild_up,0.79,tp_sys_ok,up,0.37,0.7,0.87,0.46
601618.SH|20260128|1473,601618.SH,20260128,EVENT,-0.1137,2026,202601,up,2,6.187,7.643312101910826,-0.9554140127388644,0.32,mild_up,1.62,sl_too_tight,up,0.65,0.29,0.29,0.35
688576.SH|20260109|1477,688576.SH,20260109,EVENT,4.0171,2026,202601,down,2,6.992,6.31952501194295,2.5250801883573315,0.3,strong_down,1.73,tp_sys_ok,down,0.68,0.5,0.47,0.67
300531.SZ|20251204|1466,300531.SZ,20251204,EVENT,-2.52,2025,202512,down,8,2.124,5.064576465320214,-2.5077526936921335,0.28,mild_down,1.9,tp_sys_ok,down,0.57,0.71,0.68,0.73
300054_SZ.SZ|20260512|1587,300054_SZ.SZ,20260512,CONT,18.5593,2026,202605,up,0,0.0,0.0,0.0,0.3,strong_up,0.59,tp_sys_ok,up,0.7,0.53,0.83,0.42
688506.SH|20260112|1481,688506.SH,20260112,EVENT,-10.3783,2026,202601,down,5,9.81,3.9737297370330493,-11.00302237260654,0.31,strong_down,1.84,tp_sys_ok,down,0.53,0.67,0.59,0.78
600872.SH|20260105|1470,600872.SH,20260105,EVENT,0.5965,2026,202601,up,2,2.564,5.024529337796424,2.0727438027262624,0.54,mild_up,1.93,tp_sys_ok,unknown,0.61,0.6,0.86,0.36
300475_SZ.SZ|20260514|1591,300475_SZ.SZ,20260514,CONT,-3.6178,2026,202605,up,0,0.0,0.0,0.0,0.53,strong_up,1.68,tp_sys_ok,up,0.79,0.2,0.9,0.55
000668_SZ.SZ|20260515|1595,000668_SZ.SZ,20260515,CONT,-0.9096,2026,202605,up,0,0.0,0.0,0.0,0.59,strong_up,1.67,tp_sys_ok,up,0.55,0.27,0.92,0.53
002582_SZ.SZ|20260109|1485,002582_SZ.SZ,20260109,CONT,36.5576,2026,202601,up,0,0.0,0.0,0.0,0.54,strong_up,2.1,tp_sys_ok,up,0.75,0.42,0.92,0.59
603162_SH.SH|20260518|1599,603162_SH.SH,20260518,CONT,-8.3698,2026,202605,up,0,0.0,0.0,0.0,0.6,strong_up,1.79,tp_sys_ok,up,0.57,0.16,0.92,0.58
603682_SH.SH|20260512|1588,603682_SH.SH,20260512,CONT,-5.4934,2026,202605,up,0,0.0,0.0,0.0,0.32,strong_up,0.68,tp_sys_ok,up,0.58,0.63,0.85,0.61
300054_SZ.SZ|20260116|1489,300054_SZ.SZ,20260116,CONT,-4.4044,2026,202601,up,0,0.0,0.0,0.0,0.34,strong_up,0.73,tp_sys_ok,up,0.85,0.54,0.88,0.53
300706_SZ.SZ|20260514|1592,300706_SZ.SZ,20260514,CONT,6.7505,2026,202605,up,0,0.0,0.0,0.0,0.58,mild_up,1.82,tp_sys_ok,up,0.48,0.14,0.92,0.46
001339_SZ.SZ|20260518|1596,001339_SZ.SZ,20260518,CONT,3.8678,2026,202605,up,0,0.0,0.0,0.0,0.56,strong_up,1.57,tp_sys_ok,up,0.37,0.33,0.91,0.43
688017_SH.SH|20260518|1600,688017_SH.SH,20260518,CONT,-4.4363,2026,202605,up,0,0.0,0.0,0.0,0.32,strong_up,0.58,tp_sys_ok,up,0.61,0.54,0.86,0.54
300855_SZ.SZ|20260120|1493,300855_SZ.SZ,20260120,CONT,-2.8142,2026,202601,up,0,0.0,0.0,0.0,0.35,strong_up,0.8,tp_sys_ok,up,0.83,0.56,0.9,0.56
688612.SH|20260128|1474,688612.SH,20260128,EVENT,-1.9288,2026,202601,down,1,0.666,0.08004667632681706,-4.8182394815505125,0.38,mild_down,2.11,tp_sys_ok,down,0.68,0.58,0.6,0.7
600547_SH.SH|20260121|1497,600547_SH.SH,20260121,CONT,-2.7236,2026,202601,up,0,0.0,0.0,0.0,0.31,strong_up,0.52,tp_sys_ok,up,0.78,0.48,0.85,0.62
002422.SZ|20260107|1478,002422.SZ,20260107,EVENT,3.7599,2026,202601,down,12,1.795,12.060168312239107,2.816248094891005,0.34,strong_down,2.04,tp_sys_ok,down,0.71,0.48,0.6,0.63
002339_SZ.SZ|20260126|1501,002339_SZ.SZ,20260126,CONT,11.5343,2026,202601,up,0,0.0,0.0,0.0,0.32,strong_up,0.58,tp_sys_ok,up,0.68,0.56,0.86,0.6
002608.SZ|20260119|1482,002608.SZ,20260119,EVENT,-0.319,2026,202601,up,11,2.955,3.7786774628880027,-0.26990553306343035,0.5,mild_up,1.91,tp_sys_ok,up,0.74,0.57,0.8,0.39
603986_SH.SH|20260128|1505,603986_SH.SH,20260128,CONT,-9.5316,2026,202601,up,0,0.0,0.0,0.0,0.29,strong_up,0.51,tp_sys_ok,up,0.81,0.49,0.85,0.64
300984_SZ.SZ|20260109|1486,300984_SZ.SZ,20260109,CONT,-2.2482,2026,202601,up,0,0.0,0.0,0.0,0.36,strong_up,0.71,tp_sys_ok,up,0.66,0.63,0.87,0.51
600176_SH.SH|20260129|1509,600176_SH.SH,20260129,CONT,26.0257,2026,202601,up,0,0.0,0.0,0.0,0.35,strong_up,0.89,tp_sys_ok,up,0.78,0.58,0.89,0.61
603650_SH.SH|20260116|1490,603650_SH.SH,20260116,CONT,-9.2833,2026,202601,up,0,0.0,0.0,0.0,0.36,mild_up,0.76,tp_sys_ok,up,0.43,0.7,0.79,0.59
002286.SZ|20260209|1513,002286.SZ,20260209,EVENT,-0.7673,2026,202602,up,4,14.161,0.28328611898016387,-2.6440037771482516,0.66,mild_up,2.59,tp_sys_ok,up,0.49,0.59,0.88,0.58
301073_SZ.SZ|20260120|1494,301073_SZ.SZ,20260120,CONT,-1.6834,2026,202601,up,0,0.0,0.0,0.0,0.58,strong_up,1.57,tp_sys_ok,up,0.73,0.36,0.9,0.56
600436.SH|20260206|1517,600436.SH,20260206,EVENT,-8.6772,2026,202602,up,12,12.74,-1.7964421114027296,-9.938757655293085,0.51,mild_up,2.02,tp_sys_ok,up,0.62,0.57,0.85,0.39
300679.SZ|20260213|1521,300679.SZ,20260213,EVENT,-3.8248,2026,202602,down,6,3.432,4.825903989083913,-7.346024500836212,0.33,strong_down,1.92,tp_sys_ok,down,0.52,0.74,0.65,0.74
300201_SZ.SZ|20260122|1498,300201_SZ.SZ,20260122,CONT,-0.3239,2026,202601,up,0,0.0,0.0,0.0,0.55,mild_up,1.71,tp_sys_ok,up,0.41,0.24,0.91,0.5
600331_SH.SH|20260202|1525,600331_SH.SH,20260202,CONT,21.1029,2026,202602,up,0,0.0,0.0,0.0,0.53,strong_up,1.9,tp_sys_ok,up,0.73,0.38,0.89,0.66
002487_SZ.SZ|20260204|1529,002487_SZ.SZ,20260204,CONT,11.5697,2026,202602,up,0,0.0,0.0,0.0,0.53,mild_up,1.67,tp_sys_ok,up,0.47,0.27,0.9,0.5
603012_SH.SH|20260127|1502,603012_SH.SH,20260127,CONT,1.1959,2026,202601,up,0,0.0,0.0,0.0,0.32,strong_up,0.55,tp_sys_ok,up,0.45,0.52,0.86,0.64
688008_SH.SH|20260128|1506,688008_SH.SH,20260128,CONT,-0.8447,2026,202601,up,0,0.0,0.0,0.0,0.33,strong_up,0.68,tp_sys_ok,up,0.66,0.63,0.81,0.62
600801.SH|20260204|1533,600801.SH,20260204,EVENT,-2.6805,2026,202602,up,12,5.891,3.4701650444350474,-5.628438425729998,0.37,mild_up,1.61,tp_sys_ok,unknown,0.36,0.28,0.37,0.33
301307.SZ|20260306|1537,301307.SZ,20260306,EVENT,4.4752,2026,202603,down,2,15.589,9.136113398233814,2.866706489508819,0.28,mild_down,1.63,tp_sys_ok,down,0.38,0.5,0.49,0.57
600211.SH|20260122|1510,600211.SH,20260122,EVENT,-4.4005,2026,202601,up,12,7.459,0.32069636925895484,-7.398923376474642,0.48,strong_up,1.41,tp_sys_ok,up,0.48,0.33,0.84,0.47
301123_SZ.SZ|20260519|1603,301123_SZ.SZ,20260519,CONT,17.8385,2026,202605,up,0,0.0,0.0,0.0,0.59,strong_up,1.62,tp_sys_ok,up,0.7,0.33,0.91,0.52
000009.SZ|20260311|1541,000009.SZ,20260311,EVENT,-5.9054,2026,202603,down,8,5.517,5.555555555555558,-7.4074074074074066,0.28,strong_down,1.74,tp_sys_ok,down,0.49,0.58,0.55,0.68
603336_SH.SH|20260519|1604,603336_SH.SH,20260519,CONT,-27.5771,2026,202605,up,0,0.0,0.0,0.0,0.35,strong_up,0.82,tp_sys_ok,up,0.86,0.59,0.89,0.57
002273_SZ.SZ|20260520|1608,002273_SZ.SZ,20260520,CONT,-5.8821,2026,202605,up,0,0.0,0.0,0.0,0.58,strong_up,1.52,tp_sys_ok,up,0.78,0.42,0.9,0.47
003004_SZ.SZ|20260520|1607,003004_SZ.SZ,20260520,CONT,58.5642,2026,202605,up,0,0.0,0.0,0.0,0.32,strong_up,0.56,tp_sys_ok,up,0.67,0.53,0.87,0.49
300583.SZ|20260310|1545,300583.SZ,20260310,EVENT,-0.5219,2026,202603,down,3,0.122,3.2887975334018327,-0.6851661527920605,0.34,strong_down,1.94,tp_sys_ok,down,0.4,0.65,0.68,0.79
600482_SH.SH|20260305|1549,600482_SH.SH,20260305,CONT,-11.9589,2026,202603,up,0,0.0,0.0,0.0,0.34,strong_up,0.53,tp_sys_ok,up,0.8,0.49,0.84,0.51
605358_SH.SH|20260520|1611,605358_SH.SH,20260520,CONT,3.7469,2026,202605,up,0,0.0,0.0,0.0,0.36,strong_up,0.97,tp_sys_ok,up,0.76,0.47,0.88,0.58
688052_SH.SH|20260520|1612,688052_SH.SH,20260520,CONT,7.7877,2026,202605,up,0,0.0,0.0,0.0,0.55,mild_up,1.6,tp_sys_ok,up,0.54,0.28,0.9,0.62
600730_SH.SH|20260525|1615,600730_SH.SH,20260525,CONT,1.7685,2026,202605,up,0,0.0,0.0,0.0,0.34,mild_up,0.58,tp_sys_ok,up,0.69,0.55,0.84,0.55
688068.SH|20260527|1619,688068.SH,20260527,EVENT,-7.7309,2026,202605,down,12,16.251,10.293125280925919,-9.59906958512744,0.32,strong_down,1.75,tp_sys_ok,down,0.73,0.62,0.48,0.6
600679.SH|20260608|1623,600679.SH,20260608,EVENT,-10.6,2026,202606,down,3,10.221,-0.8164830949641044,-11.872123730884566,0.29,strong_down,1.82,tp_sys_ok,down,0.73,0.7,0.52,0.68
688251_SH.SH|20260325|1553,688251_SH.SH,20260325,CONT,-3.1379,2026,202603,up,0,0.0,0.0,0.0,0.59,strong_up,1.56,tp_sys_ok,up,0.56,0.39,0.92,0.49
600679.SH|20260319|1557,600679.SH,20260319,EVENT,-3.3432,2026,202603,down,1,2.949,-0.1560088391126535,-4.820448235967323,0.32,strong_down,1.74,tp_sys_ok,down,0.56,0.62,0.56,0.59
002902_SZ.SZ|20260414|1561,002902_SZ.SZ,20260414,CONT,2.576,2026,202604,up,0,0.0,0.0,0.0,0.31,strong_up,0.85,tp_sys_ok,up,0.85,0.57,0.88,0.61
300193.SZ|20260616|1627,300193.SZ,20260616,EVENT,-4.9122,2026,202606,down,12,16.173,-0.19240019240018835,-10.17316017316019,0.31,strong_down,1.58,tp_sys_ok,down,0.42,0.4,0.46,0.67
601137.SH|20260211|1514,601137.SH,20260211,EVENT,5.4141,2026,202602,down,12,8.255,9.55593029792019,-1.2775307884919984,0.31,strong_down,1.87,tp_sys_ok,down,0.44,0.51,0.45,0.66
688383_SH.SH|20260417|1565,688383_SH.SH,20260417,CONT,3.5317,2026,202604,up,0,0.0,0.0,0.0,0.34,mild_up,0.64,tp_sys_ok,up,0.44,0.6,0.87,0.53
300679.SZ|20260210|1518,300679.SZ,20260210,EVENT,-6.9528,2026,202602,down,9,6.566,1.7344427516699845,-10.078518692136406,0.34,strong_down,1.9,tp_sys_ok,down,0.54,0.73,0.69,0.72
003031_SZ.SZ|20260428|1569,003031_SZ.SZ,20260428,CONT,26.8506,2026,202604,up,0,0.0,0.0,0.0,0.35,strong_up,0.48,tp_sys_ok,up,0.67,0.52,0.87,0.5
688617.SH|20260213|1522,688617.SH,20260213,EVENT,-1.5947,2026,202602,down,12,6.462,7.970905380766058,-3.949043483039072,0.37,strong_down,2.02,tp_sys_ok,down,0.45,0.58,0.55,0.74
600187.SH|20260612|1631,600187.SH,20260612,EVENT,-15.7731,2026,202606,down,12,28.211,-4.040404040404044,-21.085858585858585,0.28,strong_down,1.8,tp_sys_ok,down,0.75,0.59,0.4,0.78
003031_SZ.SZ|20260430|1573,003031_SZ.SZ,20260430,CONT,35.3134,2026,202604,up,0,0.0,0.0,0.0,0.35,strong_up,0.4,tp_sys_ok,up,0.63,0.6,0.85,0.5
603285_SH.SH|20260202|1526,603285_SH.SH,20260202,CONT,5.2827,2026,202602,up,0,0.0,0.0,0.0,0.35,strong_up,0.64,tp_sys_ok,up,0.53,0.6,0.87,0.59
000063.SZ|20260529|1577,000063.SZ,20260529,EVENT,1.4191,2026,202605,up,6,10.41,9.007311583053168,-8.319977991676497,0.65,strong_up,2.4,tp_sys_ok,up,0.67,0.4,0.92,0.5
600585.SH|20260603|1635,600585.SH,20260603,EVENT,-4.9084,2026,202606,down,3,4.518,-0.95628415300546,-5.096042391124356,0.35,strong_down,1.67,tp_sys_ok,down,0.75,0.53,0.62,0.67
000533_SZ.SZ|20260213|1530,000533_SZ.SZ,20260213,CONT,40.4357,2026,202602,up,0,0.0,0.0,0.0,0.35,strong_up,0.57,tp_sys_ok,up,0.67,0.54,0.86,0.49
300825_SZ.SZ|20260526|1616,300825_SZ.SZ,20260526,CONT,7.5147,2026,202605,up,0,0.0,0.0,0.0,0.55,mild_up,1.79,tp_sys_ok,up,0.68,0.36,0.89,0.45
002206.SZ|20260611|1639,002206.SZ,20260611,EVENT,2.0874,2026,202606,down,11,3.743,8.883511925337029,-1.6783807658332317,0.29,mild_down,1.85,tp_sys_ok,down,0.39,0.65,0.59,0.74
688317.SH|20260204|1534,688317.SH,20260204,EVENT,0.042,2026,202602,up,4,8.541,1.9410696830051588,-0.8518363357073011,0.38,mild_up,1.58,sl_too_tight,up,0.39,0.28,0.21,0.38
300347.SZ|20260615|1643,300347.SZ,20260615,EVENT,0.5654,2026,202606,down,4,4.598,4.903031677005831,-2.3485058397776593,0.32,strong_down,1.96,tp_sys_ok,down,0.71,0.57,0.59,0.59
002955.SZ|20260319|1538,002955.SZ,20260319,EVENT,-2.8504,2026,202603,down,1,2.455,1.2855473315153798,-3.2396422345779663,0.29,strong_down,1.89,tp_sys_ok,down,0.6,0.67,0.59,0.72
000408.SZ|20260325|1542,000408.SZ,20260325,EVENT,6.9561,2026,202603,down,10,4.756,8.981129093854134,-2.199191435005332,0.29,strong_down,1.54,tp_sys_ok,down,0.62,0.41,0.62,0.52
300883.SZ|20260528|1620,300883.SZ,20260528,EVENT,-7.1959,2026,202605,up,1,6.81,0.4373177842565523,-7.725947521865894,0.66,strong_up,2.66,tp_sys_ok,up,0.62,0.66,0.9,0.47
688278.SH|20260316|1546,688278.SH,20260316,EVENT,-2.1037,2026,202603,down,2,1.707,1.6146502430791854,-2.0270391841464064,0.32,strong_down,2.01,tp_sys_ok,down,0.43,0.48,0.49,0.58
301097.SZ|20260618|1647,301097.SZ,20260618,EVENT,4.737,2026,202606,down,12,11.091,8.229074694165384,-7.958085528179004,0.29,strong_down,1.68,tp_sys_ok,down,0.38,0.58,0.56,0.73
600567.SH|20260612|1624,600567.SH,20260612,EVENT,7.0723,2026,202606,down,2,0.697,11.8050736371347,6.407587323617858,0.28,strong_down,1.83,tp_sys_ok,down,0.69,0.5,0.32,0.73
601898_SH.SH|20260312|1550,601898_SH.SH,20260312,CONT,-2.7054,2026,202603,up,0,0.0,0.0,0.0,0.58,strong_up,1.73,tp_sys_ok,up,0.54,0.2,0.91,0.59
301223.SZ|20260616|1628,301223.SZ,20260616,EVENT,-2.6463,2026,202606,down,1,2.251,-1.0727056019070313,-4.290822407628148,0.29,strong_down,1.85,tp_sys_ok,down,0.5,0.62,0.55,0.74
003031_SZ.SZ|20260506|1581,003031_SZ.SZ,20260506,CONT,30.8796,2026,202605,up,0,0.0,0.0,0.0,0.33,strong_up,0.56,tp_sys_ok,up,0.7,0.52,0.86,0.47
301333.SZ|20260616|1632,301333.SZ,20260616,EVENT,13.6648,2026,202606,down,12,6.204,18.372896961598716,-1.0144582136477842,0.25,strong_down,1.69,tp_sys_ok,down,0.72,0.56,0.48,0.73
002309_SZ.SZ|20260331|1554,002309_SZ.SZ,20260331,CONT,-16.2417,2026,202603,up,0,0.0,0.0,0.0,0.34,strong_up,0.61,tp_sys_ok,up,0.72,0.58,0.84,0.44
688381_SH.SH|20260507|1585,688381_SH.SH,20260507,CONT,28.5425,2026,202605,up,0,0.0,0.0,0.0,0.59,strong_up,1.77,tp_sys_ok,up,0.49,0.19,0.92,0.59
603043.SH|20260330|1558,603043.SH,20260330,EVENT,-3.9452,2026,202603,down,5,3.553,2.124423993340274,-4.037126619865106,0.3,strong_down,1.87,tp_sys_ok,down,0.49,0.64,0.65,0.79
688508_SH.SH|20260512|1589,688508_SH.SH,20260512,CONT,6.3858,2026,202605,up,0,0.0,0.0,0.0,0.57,mild_up,1.6,tp_sys_ok,up,0.48,0.3,0.91,0.51
605507.SH|20260603|1636,605507.SH,20260603,EVENT,-2.0988,2026,202606,down,12,4.645,6.6935338035082115,-3.3816425120772986,0.29,strong_down,1.86,tp_sys_ok,down,0.77,0.62,0.54,0.74
002281_SZ.SZ|20260416|1562,002281_SZ.SZ,20260416,CONT,34.3896,2026,202604,up,0,0.0,0.0,0.0,0.36,strong_up,0.57,tp_sys_ok,up,0.66,0.54,0.86,0.55
002332.SZ|20260611|1640,002332.SZ,20260611,EVENT,0.1146,2026,202606,down,3,4.106,2.190125554611533,-1.1139431700179392,0.34,strong_down,1.92,tp_sys_ok,down,0.45,0.65,0.58,0.7
603165_SH.SH|20260420|1566,603165_SH.SH,20260420,CONT,8.5821,2026,202604,up,0,0.0,0.0,0.0,0.35,strong_up,0.89,tp_sys_ok,up,0.74,0.79,0.91,0.57
605006_SH.SH|20260428|1570,605006_SH.SH,20260428,CONT,28.4216,2026,202604,up,0,0.0,0.0,0.0,0.6,strong_up,1.82,tp_sys_ok,up,0.56,0.14,0.91,0.57
688110_SH.SH|20260514|1593,688110_SH.SH,20260514,CONT,-11.271,2026,202605,up,0,0.0,0.0,0.0,0.32,mild_up,0.59,tp_sys_ok,up,0.47,0.55,0.84,0.43
301603_SZ.SZ|20260430|1574,301603_SZ.SZ,20260430,CONT,26.7856,2026,202604,up,0,0.0,0.0,0.0,0.35,strong_up,0.88,tp_sys_ok,up,0.74,0.47,0.87,0.56
301285_SZ.SZ|20260518|1597,301285_SZ.SZ,20260518,CONT,-5.3475,2026,202605,up,0,0.0,0.0,0.0,0.51,strong_up,1.93,tp_sys_ok,up,0.79,0.39,0.91,0.63
002635_SZ.SZ|20260519|1601,002635_SZ.SZ,20260519,CONT,-3.8504,2026,202605,up,0,0.0,0.0,0.0,0.39,strong_up,1.08,tp_sys_ok,up,0.69,0.48,0.89,0.44
600239.SH|20260529|1578,600239.SH,20260529,EVENT,-6.55,2026,202605,down,7,6.162,3.267973856209161,-8.496732026143794,0.28,strong_down,1.79,tp_sys_ok,down,0.77,0.36,0.28,0.69
603579.SH|20260615|1644,603579.SH,20260615,EVENT,-0.2985,2026,202606,down,6,7.654,11.538461538461542,-1.1217948717948567,0.31,strong_down,1.67,tp_sys_ok,down,0.57,0.47,0.44,0.59
688069_SH.SH|20260506|1582,688069_SH.SH,20260506,CONT,45.1166,2026,202605,up,0,0.0,0.0,0.0,0.59,strong_up,1.73,tp_sys_ok,up,0.72,0.23,0.92,0.62
002916_SZ.SZ|20260512|1586,002916_SZ.SZ,20260512,CONT,25.5841,2026,202605,up,0,0.0,0.0,0.0,0.54,strong_up,1.59,tp_sys_ok,up,0.7,0.25,0.9,0.58
603858.SH|20260604|1651,603858.SH,20260604,EVENT,-3.5877,2026,202606,down,4,3.194,0.807946038099483,-3.639463345934324,0.34,mild_down,1.63,tp_sys_ok,down,0.48,0.48,0.62,0.57
688606.SH|20260608|1655,688606.SH,20260608,EVENT,-7.2355,2026,202606,down,7,6.849,-0.08849827580945657,-8.226270764035116,0.31,strong_down,1.63,tp_sys_ok,down,0.71,0.52,0.58,0.61
300245.SZ|20260601|1648,300245.SZ,20260601,EVENT,-2.2301,2026,202606,down,3,1.834,6.606606606606591,-4.95495495495496,0.34,strong_down,1.84,tp_sys_ok,down,0.72,0.57,0.69,0.66
603608_SH.SH|20260519|1605,603608_SH.SH,20260519,CONT,26.8395,2026,202605,up,0,0.0,0.0,0.0,0.57,strong_up,1.63,tp_sys_ok,up,0.56,0.31,0.91,0.64
000668_SZ.SZ|20260514|1590,000668_SZ.SZ,20260514,CONT,1.0686,2026,202605,up,0,0.0,0.0,0.0,0.58,strong_up,1.73,tp_sys_ok,up,0.55,0.2,0.92,0.44
000801.SZ|20260615|1659,000801.SZ,20260615,EVENT,-1.4207,2026,202606,down,1,1.023,-0.05316321105793831,-4.1426409847462375,0.32,strong_down,1.87,tp_sys_ok,down,0.59,0.7,0.6,0.7
002993_SZ.SZ|20260520|1609,002993_SZ.SZ,20260520,CONT,7.3483,2026,202605,up,0,0.0,0.0,0.0,0.32,strong_up,0.73,tp_sys_ok,up,0.78,0.68,0.88,0.62
600936_SH.SH|20260522|1613,600936_SH.SH,20260522,CONT,3.9812,2026,202605,up,0,0.0,0.0,0.0,0.32,strong_up,0.67,tp_sys_ok,up,0.55,0.63,0.85,0.52
688107_SH.SH|20260526|1617,688107_SH.SH,20260526,CONT,-17.3429,2026,202605,up,0,0.0,0.0,0.0,0.33,mild_up,0.55,tp_sys_ok,up,0.42,0.5,0.85,0.37
688290_SH.SH|20260514|1594,688290_SH.SH,20260514,CONT,2.6271,2026,202605,up,0,0.0,0.0,0.0,0.58,strong_up,1.78,tp_sys_ok,up,0.56,0.17,0.91,0.58
600567.SH|20260611|1621,600567.SH,20260611,EVENT,-5.2521,2026,202606,down,1,4.862,6.171201061712006,-4.888299048882994,0.3,strong_down,1.9,tp_sys_ok,down,0.75,0.41,0.36,0.73
000564.SZ|20260617|1663,000564.SZ,20260617,EVENT,-4.9047,2026,202606,down,1,4.514,-2.146464646464652,-9.090909090909093,0.33,strong_down,1.97,tp_sys_ok,down,0.45,0.44,0.39,0.71
603987.SH|20260612|1625,603987.SH,20260612,EVENT,-0.934,2026,202606,down,4,0.003,3.6793526362371987,-0.5352551945041473,0.28,strong_down,1.56,tp_sys_ok,down,0.8,0.46,0.51,0.75
301568_SZ.SZ|20260603|1667,301568_SZ.SZ,20260603,CONT,47.2476,2026,202606,up,0,0.0,0.0,0.0,0.62,strong_up,1.82,tp_sys_ok,up,0.7,0.15,0.91,0.49
688377.SH|20260604|1629,688377.SH,20260604,EVENT,-9.5393,2026,202606,down,1,7.311,-5.237289270107192,-12.026545033802838,0.33,mild_down,1.63,tp_sys_ok,down,0.59,0.37,0.46,0.6
603899.SH|20260601|1633,603899.SH,20260601,EVENT,-2.9342,2026,202606,down,12,9.509,3.4203203400600346,-5.913801792326745,0.32,strong_down,1.83,tp_sys_ok,down,0.62,0.67,0.51,0.71
601208_SH.SH|20260518|1598,601208_SH.SH,20260518,CONT,5.0701,2026,202605,up,0,0.0,0.0,0.0,0.28,strong_up,0.43,tp_sys_ok,up,0.84,0.57,0.84,0.59
002937_SZ.SZ|20260625|1671,002937_SZ.SZ,20260625,CONT,1.3998,2026,202606,up,0,0.0,0.0,0.0,0.57,strong_up,1.79,tp_sys_ok,up,0.4,0.18,0.91,0.5
002452.SZ|20260610|1675,002452.SZ,20260610,EVENT,9.4688,2026,202606,up,10,10.075,17.667907141591343,-8.293460925039875,0.4,strong_up,1.63,tp_sys_ok,up,0.37,0.36,0.44,0.31
300408_SZ.SZ|20260519|1602,300408_SZ.SZ,20260519,CONT,49.9508,2026,202605,up,0,0.0,0.0,0.0,0.32,strong_up,0.41,tp_sys_ok,up,0.71,0.59,0.84,0.42
300143.SZ|20260720|1679,300143.SZ,20260720,EVENT,5.307,2026,202607,up,6,9.751,8.42892198824401,-1.9859613079951988,0.37,mild_up,1.76,tp_sys_ok,up,0.67,0.44,0.29,0.41
300988.SZ|20260724|1683,300988.SZ,20260724,EVENT,-2.5251,2026,202607,up,2,12.176,1.4152217360773323,-5.471830605520456,0.58,mild_up,2.67,tp_sys_ok,up,0.59,0.67,0.89,0.43
000100.SZ|20260604|1637,000100.SZ,20260604,EVENT,1.1383,2026,202606,up,2,14.785,9.91636798088409,-1.8138372977082873,0.65,mild_up,2.51,tp_sys_ok,up,0.59,0.51,0.9,0.6
688179_SH.SH|20260519|1606,688179_SH.SH,20260519,CONT,-10.4508,2026,202605,up,0,0.0,0.0,0.0,0.34,strong_up,0.65,tp_sys_ok,up,0.57,0.62,0.87,0.59
300347.SZ|20260611|1641,300347.SZ,20260611,EVENT,26.0276,2026,202606,down,12,2.039,30.65513699588078,-0.16628930679501996,0.33,strong_down,2.16,tp_sys_ok,down,0.62,0.51,0.5,0.67
603390.SH|20260729|1687,603390.SH,20260729,EVENT,7.6932,2026,202607,down,12,12.545,10.504201680672276,-0.9453781512605008,0.34,strong_down,1.85,tp_sys_ok,down,0.75,0.62,0.57,0.67
002858.SZ|20260717|1691,002858.SZ,20260717,EVENT,-5.7828,2026,202607,down,1,5.394,-1.370916783428111,-8.056082126798358,0.33,strong_down,1.94,tp_sys_ok,down,0.66,0.52,0.47,0.66
301263.SZ|20260617|1645,301263.SZ,20260617,EVENT,-9.2489,2026,202606,down,6,8.867,5.517651156596393,-9.183108980269218,0.32,strong_down,1.9,tp_sys_ok,down,0.49,0.68,0.62,0.73
603936_SH.SH|20260520|1610,603936_SH.SH,20260520,CONT,5.2934,2026,202605,up,0,0.0,0.0,0.0,0.33,strong_up,0.61,tp_sys_ok,up,0.64,0.58,0.87,0.51
000409.SZ|20260604|1649,000409.SZ,20260604,EVENT,-4.5264,2026,202606,up,4,4.135,2.165102165102173,-4.764904764904754,0.4,mild_up,1.81,tp_sys_ok,unknown,0.6,0.41,0.21,0.36
301087.SZ|20260721|1695,301087.SZ,20260721,EVENT,3.73,2026,202607,up,2,8.907,7.3257227103380895,-1.2611320303627993,0.64,mild_up,2.45,tp_sys_ok,up,0.46,0.45,0.9,0.63
300106_SZ.SZ|20260525|1614,300106_SZ.SZ,20260525,CONT,-10.9349,2026,202605,up,0,0.0,0.0,0.0,0.35,mild_up,0.58,tp_sys_ok,up,0.69,0.52,0.82,0.42
300014.SZ|20260722|1699,300014.SZ,20260722,EVENT,0.4595,2026,202607,down,12,8.505,4.587658544493078,-3.853141263213211,0.3,strong_down,1.77,tp_sys_ok,down,0.4,0.59,0.58,0.7
688278.SH|20260605|1653,688278.SH,20260605,EVENT,9.9354,2026,202606,down,5,0.905,13.295617916690006,1.6262439552642949,0.29,strong_down,1.78,tp_sys_ok,down,0.77,0.61,0.56,0.7
300611.SZ|20260605|1652,300611.SZ,20260605,EVENT,-0.3183,2026,202606,up,7,8.356,9.90333943044439,-0.34912756942745427,0.61,mild_up,2.61,tp_sys_ok,up,0.69,0.61,0.91,0.43
601800.SH|20260612|1657,601800.SH,20260612,EVENT,-3.3188,2026,202606,down,3,2.925,4.0303079155247445,-3.7078832822827756,0.35,strong_down,1.83,tp_sys_ok,down,0.68,0.48,0.47,0.66
002340.SZ|20260727|1703,002340.SZ,20260727,EVENT,4.0666,2026,202607,down,12,6.95,8.487654320987659,-0.30864197530865445,0.29,strong_down,1.79,tp_sys_ok,down,0.74,0.47,0.49,0.64
000055.SZ|20260610|1656,000055.SZ,20260610,EVENT,0.9652,2026,202606,up,6,12.055,5.10510510510509,-2.5389025389025544,0.37,mild_up,1.65,tp_sys_ok,unknown,0.36,0.35,0.33,0.34
002782_SZ.SZ|20260527|1618,002782_SZ.SZ,20260527,CONT,-18.3149,2026,202605,up,0,0.0,0.0,0.0,0.36,mild_up,0.63,tp_sys_ok,up,0.53,0.59,0.88,0.4
002758.SZ|20260615|1622,002758.SZ,20260615,EVENT,-2.99,2026,202606,down,2,2.595,1.775523145212432,-2.7901077996195234,0.31,strong_down,1.76,tp_sys_ok,down,0.62,0.46,0.44,0.73
301290.SZ|20260728|1707,301290.SZ,20260728,EVENT,11.6768,2026,202607,down,12,18.726,14.603670441233895,-5.818039828192112,0.25,strong_down,1.83,tp_sys_ok,down,0.42,0.55,0.56,0.75
600872.SH|20260615|1661,600872.SH,20260615,EVENT,-6.592,2026,202606,down,9,6.205,1.37064534551683,-7.881210736721888,0.33,strong_down,1.62,tp_sys_ok,down,0.43,0.51,0.64,0.62
002962_SZ.SZ|20260603|1665,002962_SZ.SZ,20260603,CONT,-11.0477,2026,202606,up,0,0.0,0.0,0.0,0.35,strong_up,0.95,tp_sys_ok,up,0.82,0.57,0.89,0.52
300791.SZ|20260615|1660,300791.SZ,20260615,EVENT,-4.8095,2026,202606,down,8,4.418,5.1764705882352935,-7.058823529411762,0.33,strong_down,1.84,tp_sys_ok,down,0.65,0.47,0.45,0.62
601678_SH.SH|20260623|1669,601678_SH.SH,20260623,CONT,-4.5478,2026,202606,up,0,0.0,0.0,0.0,0.55,mild_up,1.63,tp_sys_ok,up,0.5,0.32,0.91,0.62
605588.SH|20260730|1711,605588.SH,20260730,EVENT,19.1558,2026,202607,down,12,17.845,24.843662884438622,-1.3004234287178118,0.3,strong_down,1.76,tp_sys_ok,down,0.56,0.58,0.48,0.73
300871.SZ|20260615|1626,300871.SZ,20260615,EVENT,2.6908,2026,202606,down,12,14.138,8.706970064180242,-4.488128899061983,0.3,strong_down,1.86,tp_sys_ok,down,0.55,0.75,0.51,0.73
300347.SZ|20260617|1664,300347.SZ,20260617,EVENT,0.9277,2026,202606,down,2,11.252,6.132813133501225,-0.6374043964196607,0.34,strong_down,2.04,tp_sys_ok,down,0.7,0.52,0.5,0.7
600179.SH|20260603|1673,600179.SH,20260603,EVENT,4.5809,2026,202606,up,2,3.608,9.75357216815076,2.1605577414233634,0.42,mild_up,1.83,tp_sys_ok,up,0.72,0.39,0.47,0.39
301173.SZ|20260721|1715,301173.SZ,20260721,EVENT,-3.2819,2026,202607,down,1,2.888,-1.8729599769355176,-5.854329911414524,0.29,strong_down,1.81,tp_sys_ok,down,0.78,0.7,0.61,0.68
605507.SH|20260605|1630,605507.SH,20260605,EVENT,-4.4321,2026,202606,down,12,7.459,4.292929292929282,-5.5555555555555465,0.32,strong_down,1.97,tp_sys_ok,down,0.81,0.6,0.56,0.74
300082.SZ|20260616|1677,300082.SZ,20260616,EVENT,-5.8697,2026,202606,down,12,14.275,5.480868665977234,-12.616339193381599,0.32,mild_down,1.83,tp_sys_ok,down,0.47,0.71,0.59,0.72
300906.SZ|20260730|1681,300906.SZ,20260730,EVENT,-0.3593,2026,202607,up,2,20.611,3.3961663882923876,-2.3701582756700756,0.49,mild_up,1.94,tp_sys_ok,up,0.59,0.62,0.85,0.4
600382.SH|20260723|1719,600382.SH,20260723,EVENT,11.1156,2026,202607,down,12,2.485,19.23076923076925,-0.6993006993006978,0.31,strong_down,1.9,tp_sys_ok,down,0.71,0.57,0.58,0.74
002637.SZ|20260603|1634,002637.SZ,20260603,EVENT,1.0045,2026,202606,down,3,23.812,6.930693069306937,-2.030203020302035,0.35,mild_down,1.91,tp_sys_ok,down,0.54,0.55,0.48,0.64
000055.SZ|20260609|1638,000055.SZ,20260609,EVENT,7.7806,2026,202606,up,4,8.711,8.932461873638342,1.0101010101010166,0.35,mild_up,1.54,tp_sys_ok,unknown,0.47,0.33,0.19,0.4
002223.SZ|20260615|1642,002223.SZ,20260615,EVENT,-4.0712,2026,202606,down,3,3.679,0.500770416024654,-4.853620955315874,0.28,strong_down,1.69,tp_sys_ok,down,0.75,0.37,0.4,0.59
002888.SZ|20260728|1685,002888.SZ,20260728,EVENT,17.0396,2026,202607,down,12,18.183,20.525583080649177,-2.613294683779266,0.33,strong_down,1.75,tp_sys_ok,down,0.41,0.6,0.55,0.72
301446.SZ|20260731|1689,301446.SZ,20260731,EVENT,14.5298,2026,202607,down,12,24.339,19.795734454791237,-1.6521477921297656,0.34,strong_down,1.83,tp_sys_ok,down,0.6,0.41,0.55,0.74
301333.SZ|20260617|1646,301333.SZ,20260617,EVENT,15.1185,2026,202606,down,12,5.46,23.939046094734717,1.4532152256703235,0.24,strong_down,1.71,tp_sys_ok,down,0.73,0.59,0.53,0.78
300583.SZ|20260604|1650,300583.SZ,20260604,EVENT,-1.8729,2026,202606,down,1,0.602,1.9724838700622582,-2.83943042974405,0.33,strong_down,1.98,tp_sys_ok,down,0.47,0.65,0.71,0.64
688326.SH|20260717|1693,688326.SH,20260717,EVENT,-4.9378,2026,202607,down,1,4.547,-0.8245479007440104,-7.372603769532294,0.28,strong_down,1.56,tp_sys_ok,down,0.7,0.38,0.44,0.73
000695.SZ|20260722|1697,000695.SZ,20260722,EVENT,4.2937,2026,202607,down,2,11.432,6.777529457941833,2.7723708136079495,0.31,strong_down,2.04,tp_sys_ok,down,0.64,0.56,0.5,0.65
688513.SH|20260605|1654,688513.SH,20260605,EVENT,-2.2323,2026,202606,down,1,1.836,2.0447755402941192,-2.589704126195802,0.28,strong_down,1.84,tp_sys_ok,down,0.71,0.61,0.57,0.72
688032.SH|20260723|1701,688032.SH,20260723,EVENT,4.7681,2026,202607,down,12,3.001,8.170716555850799,-1.7419266063625205,0.29,strong_down,1.73,tp_sys_ok,down,0.71,0.44,0.49,0.55
688109.SH|20260612|1658,688109.SH,20260612,EVENT,3.1232,2026,202606,up,8,5.0,13.588220098165849,-0.3229139757168653,0.36,mild_up,1.74,tp_sys_ok,unknown,0.61,0.46,0.17,0.41
300906.SZ|20260727|1705,300906.SZ,20260727,EVENT,15.8211,2026,202607,down,7,2.598,19.024171888988374,1.611459265890769,0.27,strong_down,1.89,tp_sys_ok,down,0.73,0.57,0.58,0.79
300883.SZ|20260616|1662,300883.SZ,20260616,EVENT,-3.0934,2026,202606,down,3,2.699,4.645832345362866,-4.838684181407182,0.33,mild_down,1.81,tp_sys_ok,down,0.69,0.65,0.56,0.74
002778.SZ|20260729|1709,002778.SZ,20260729,EVENT,9.0299,2026,202607,down,12,11.736,14.631795129720437,-4.0194475879123175,0.32,strong_down,1.9,tp_sys_ok,down,0.69,0.48,0.51,0.7
300037_SZ.SZ|20260605|1668,300037_SZ.SZ,20260605,CONT,13.5243,2026,202606,up,0,0.0,0.0,0.0,0.57,strong_up,1.73,tp_sys_ok,up,0.76,0.21,0.9,0.5
301566_SZ.SZ|20260603|1666,301566_SZ.SZ,20260603,CONT,-1.7802,2026,202606,up,0,0.0,0.0,0.0,0.59,strong_up,1.71,tp_sys_ok,up,0.65,0.24,0.92,0.55
603290_SH.SH|20260630|1672,603290_SH.SH,20260630,CONT,-20.5931,2026,202606,down,0,0.0,0.0,0.0,0.14,mild_down,0.62,tp_sys_ok,down,0.58,0.44,0.43,0.75
002661.SZ|20260611|1676,002661.SZ,20260611,EVENT,-6.3837,2026,202606,down,4,5.996,1.3917512658066622,-8.403938630638885,0.31,strong_down,1.84,tp_sys_ok,down,0.4,0.67,0.55,0.71
600382.SH|20260729|1680,600382.SH,20260729,EVENT,0.718,2026,202607,down,12,18.046,9.119999999999994,-1.5999999999999903,0.33,strong_down,1.67,tp_sys_ok,down,0.68,0.41,0.46,0.64
301446.SZ|20260724|1684,301446.SZ,20260724,EVENT,23.6725,2026,202607,down,12,5.29,24.71463864652721,-5.150576977202359,0.32,strong_down,1.92,tp_sys_ok,down,0.65,0.49,0.55,0.71
600382.SH|20260730|1688,600382.SH,20260730,EVENT,0.2339,2026,202607,down,12,18.503,5.0793650793650835,-2.3809523809523725,0.36,strong_down,1.66,tp_sys_ok,down,0.67,0.38,0.46,0.63
002722.SZ|20260727|1723,002722.SZ,20260727,EVENT,8.188,2026,202607,down,6,0.933,12.500000000000021,2.430555555555558,0.31,strong_down,1.88,tp_sys_ok,down,0.84,0.59,0.58,0.66
301662.SZ|20260728|1727,301662.SZ,20260728,EVENT,6.5845,2026,202607,down,12,17.865,9.039070844114349,-3.771530375276144,0.31,strong_down,1.64,tp_sys_ok,down,0.76,0.47,0.54,0.71
301305.SZ|20260729|1731,301305.SZ,20260729,EVENT,17.6735,2026,202607,down,12,10.02,23.115353733606938,1.6048611730653084,0.31,strong_down,1.65,tp_sys_ok,down,0.79,0.51,0.59,0.69
002023.SZ|20260731|1713,002023.SZ,20260731,EVENT,15.9644,2026,202607,down,12,15.465,24.379719525350584,0.9708737864077666,0.28,strong_down,1.79,tp_sys_ok,down,0.57,0.6,0.57,0.7
688429.SH|20260729|1735,688429.SH,20260729,EVENT,13.9964,2026,202607,down,8,6.713,23.767798466593646,0.4381161007666945,0.28,strong_down,1.78,tp_sys_ok,down,0.74,0.57,0.51,0.76
601717.SH|20260717|1692,601717.SH,20260717,EVENT,0.4206,2026,202607,down,3,8.41,5.202219826725751,-1.318853888023852,0.34,strong_down,1.83,tp_sys_ok,down,0.54,0.58,0.66,0.61
300095.SZ|20260730|1739,300095.SZ,20260730,EVENT,2.602,2026,202607,down,12,16.666,7.627573634990181,-0.3633367044986291,0.3,strong_down,1.55,tp_sys_ok,down,0.55,0.41,0.59,0.7
688350.SH|20260730|1743,688350.SH,20260730,EVENT,5.7156,2026,202607,down,12,28.184,8.951146686995749,-7.74269600265407,0.35,strong_down,1.79,tp_sys_ok,down,0.45,0.6,0.56,0.7
300687.SZ|20260731|1747,300687.SZ,20260731,EVENT,29.5874,2026,202607,down,12,17.724,43.747050495516746,7.126002831524292,0.31,mild_down,1.74,tp_sys_ok,down,0.39,0.58,0.55,0.56
000923.SZ|20260717|1751,000923.SZ,20260717,EVENT,8.7403,2026,202607,up,8,14.319,11.72774254169604,-7.358468404980034,0.64,mild_up,2.76,tp_sys_ok,up,0.66,0.76,0.9,0.44
002876_SZ.SZ|20260625|1670,002876_SZ.SZ,20260625,CONT,-11.6286,2026,202606,up,0,0.0,0.0,0.0,0.39,strong_up,1.04,tp_sys_ok,up,0.58,0.66,0.91,0.45
601600.SH|20260721|1696,601600.SH,20260721,EVENT,7.2042,2026,202607,up,12,16.091,9.822323562781587,0.12887875483293953,0.66,mild_up,2.61,tp_sys_ok,up,0.59,0.61,0.89,0.53
601799.SH|20260722|1755,601799.SH,20260722,EVENT,5.2205,2026,202607,down,12,4.653,12.889023494242814,-0.39203809331517236,0.32,strong_down,1.83,tp_sys_ok,down,0.79,0.46,0.52,0.58
301078.SZ|20260605|1674,301078.SZ,20260605,EVENT,-2.1953,2026,202606,down,1,0.041,-0.2113028715205134,-5.096918398006656,0.31,mild_down,1.92,tp_sys_ok,down,0.5,0.66,0.66,0.65
300183.SZ|20260723|1700,300183.SZ,20260723,EVENT,5.727,2026,202607,down,12,7.899,8.870967741935498,-1.1088709677419262,0.33,strong_down,1.6,tp_sys_ok,down,0.83,0.31,0.48,0.63
301439.SZ|20260728|1759,301439.SZ,20260728,EVENT,7.137,2026,202607,down,12,15.367,15.078360203708385,-1.4518443487802846,0.3,strong_down,1.71,tp_sys_ok,down,0.61,0.59,0.54,0.72
000100.SZ|20260610|1678,000100.SZ,20260610,EVENT,2.0876,2026,202606,up,6,14.804,10.962878258475751,-5.76625796751582,0.66,mild_up,2.62,tp_sys_ok,up,0.55,0.62,0.89,0.55
002203.SZ|20260730|1763,002203.SZ,20260730,EVENT,9.2758,2026,202607,down,12,10.863,19.210119210119213,1.1238511238511384,0.32,mild_down,1.94,tp_sys_ok,down,0.52,0.55,0.52,0.66
301252.SZ|20260731|1767,301252.SZ,20260731,EVENT,22.5474,2026,202607,down,12,19.189,25.136215038140207,-0.6901561932437406,0.3,strong_down,1.83,tp_sys_ok,down,0.59,0.61,0.56,0.82
300091.SZ|20260727|1704,300091.SZ,20260727,EVENT,7.9517,2026,202607,down,12,10.371,10.460251046025103,0.0,0.3,mild_down,1.93,tp_sys_ok,down,0.39,0.75,0.57,0.67
603713_SH.SH|20260701|1771,603713_SH.SH,20260701,CONT,0.0088,2026,202607,up,0,0.0,0.0,0.0,0.37,mild_up,0.82,tp_sys_ok,up,0.43,0.66,0.85,0.51
301032.SZ|20260722|1682,301032.SZ,20260722,EVENT,9.9244,2026,202607,down,12,2.018,11.012235817575089,-0.22246941045606095,0.29,strong_down,1.68,tp_sys_ok,down,0.73,0.51,0.66,0.64
000695.SZ|20260724|1775,000695.SZ,20260724,EVENT,-1.2316,2026,202607,up,2,15.329,2.776817605714954,-2.216077121020077,0.51,mild_up,2.08,tp_sys_ok,up,0.61,0.59,0.84,0.36
002722.SZ|20260729|1708,002722.SZ,20260729,EVENT,3.8525,2026,202607,down,4,6.667,8.000000000000007,0.5833333333333357,0.31,strong_down,1.77,tp_sys_ok,down,0.72,0.41,0.49,0.6
601799.SH|20260729|1686,601799.SH,20260729,EVENT,1.0371,2026,202607,down,12,9.882,8.110779173206062,-1.159849048820638,0.3,strong_down,1.68,tp_sys_ok,down,0.76,0.41,0.43,0.66
603091.SH|20260729|1779,603091.SH,20260729,EVENT,5.0222,2026,202607,down,12,14.137,11.363636363636353,0.0,0.34,strong_down,1.72,tp_sys_ok,down,0.41,0.58,0.66,0.69
688755.SH|20260731|1783,688755.SH,20260731,EVENT,18.4595,2026,202607,down,12,7.25,22.796352583586632,2.2145028224055396,0.34,mild_down,1.77,tp_sys_ok,down,0.37,0.53,0.63,0.65
603920.SH|20260731|1690,603920.SH,20260731,EVENT,20.7129,2026,202607,down,12,7.054,27.051671732522784,-6.322188449848021,0.27,strong_down,1.93,tp_sys_ok,down,0.76,0.54,0.54,0.7
002340.SZ|20260720|1694,002340.SZ,20260720,EVENT,7.8089,2026,202607,down,12,0.232,9.828443161776491,0.5291005291005124,0.32,strong_down,1.86,tp_sys_ok,down,0.64,0.62,0.66,0.76
688623.SH|20260730|1712,688623.SH,20260730,EVENT,6.3355,2026,202607,down,12,15.374,7.192715039044195,-3.610416389188975,0.34,strong_down,2.01,tp_sys_ok,down,0.62,0.51,0.54,0.7
002858.SZ|20260722|1698,002858.SZ,20260722,EVENT,13.1279,2026,202607,down,12,3.318,16.740371392673058,-1.2653469068748202,0.33,strong_down,1.9,tp_sys_ok,down,0.72,0.66,0.6,0.71
301283.SZ|20260721|1716,301283.SZ,20260721,EVENT,9.1477,2026,202607,down,12,3.863,10.764570739157776,-1.3001681362545314,0.33,strong_down,1.89,tp_sys_ok,down,0.68,0.58,0.66,0.7
002020.SZ|20260727|1702,002020.SZ,20260727,EVENT,6.4501,2026,202607,down,12,1.694,11.06608432017051,0.7849670553979671,0.31,mild_down,1.84,tp_sys_ok,down,0.5,0.63,0.72,0.55
688251.SH|20260806|1787,688251.SH,20260806,EVENT,1.6539,2026,202608,up,12,22.196,7.010701070106995,-3.228418079903228,0.47,mild_up,1.54,tp_sys_ok,up,0.56,0.31,0.83,0.53
300925.SZ|20260728|1706,300925.SZ,20260728,EVENT,7.7715,2026,202607,down,3,3.875,14.463570187112307,2.682694475351055,0.32,strong_down,1.65,tp_sys_ok,down,0.7,0.35,0.46,0.7
301120.SZ|20260806|1791,301120.SZ,20260806,EVENT,-6.4337,2026,202608,up,12,28.322,8.066187361341548,-9.542244344006455,0.5,mild_up,1.52,tp_sys_ok,up,0.42,0.33,0.84,0.41
002787.SZ|20260803|1795,002787.SZ,20260803,EVENT,18.5229,2026,202608,down,12,8.382,23.992882082250343,-6.564359568982048,0.32,strong_down,1.89,tp_sys_ok,down,0.5,0.54,0.54,0.61
001233.SZ|20260724|1720,001233.SZ,20260724,EVENT,5.046,2026,202607,down,12,11.145,15.232655168757425,-2.977746428225647,0.29,strong_down,2.02,tp_sys_ok,down,0.78,0.49,0.48,0.73
300232.SZ|20260805|1799,300232.SZ,20260805,EVENT,-5.3545,2026,202608,up,12,14.427,1.0101010101010166,-7.5785582255083135,0.52,mild_up,1.8,tp_sys_ok,up,0.57,0.48,0.85,0.41
002929.SZ|20260728|1724,002929.SZ,20260728,EVENT,-13.7508,2026,202607,down,2,13.378,-1.8066783277391751,-15.023873682220025,0.3,strong_down,1.52,tp_sys_ok,down,0.5,0.4,0.57,0.68
002812.SZ|20260729|1710,002812.SZ,20260729,EVENT,8.2768,2026,202607,down,12,12.863,13.674976060297173,-1.0363574583758028,0.28,strong_down,1.75,tp_sys_ok,down,0.81,0.58,0.55,0.78
300100.SZ|20260807|1803,300100.SZ,20260807,EVENT,-13.3471,2026,202608,down,12,12.762,2.747162076482801,-13.407505840867827,0.3,strong_down,1.68,tp_sys_ok,down,0.67,0.41,0.49,0.74
002827.SZ|20260717|1714,002827.SZ,20260717,EVENT,0.168,2026,202607,down,5,12.67,2.5411675591173077,-5.8796984604722935,0.35,strong_down,1.96,tp_sys_ok,down,0.48,0.56,0.54,0.51
688080.SH|20260811|1807,688080.SH,20260811,EVENT,-0.5987,2026,202608,down,12,17.979,4.418332989761575,-3.909846766989622,0.36,strong_down,1.91,tp_sys_ok,down,0.5,0.58,0.53,0.57
301533.SZ|20260723|1718,301533.SZ,20260723,EVENT,11.1636,2026,202607,down,10,2.582,13.72377622377623,-0.7867132867132809,0.25,strong_down,1.75,tp_sys_ok,down,0.81,0.46,0.51,0.75
300637.SZ|20260813|1811,300637.SZ,20260813,EVENT,0.7064,2026,202608,down,4,25.225,4.925221204290997,-1.1152499524592407,0.3,mild_down,1.62,tp_sys_ok,down,0.37,0.51,0.64,0.73
301330.SZ|20260724|1722,301330.SZ,20260724,EVENT,-1.837,2026,202607,down,1,1.329,6.280193236714959,-1.9485472574717555,0.29,strong_down,1.73,tp_sys_ok,down,0.77,0.51,0.53,0.75
300906.SZ|20260803|1815,300906.SZ,20260803,EVENT,-0.0428,2026,202608,up,3,23.306,2.269230769230779,-1.4615384615384586,0.46,mild_up,1.96,tp_sys_ok,up,0.42,0.41,0.51,0.43
002023.SZ|20260729|1728,002023.SZ,20260729,EVENT,20.1637,2026,202607,down,12,12.598,29.115341545352734,-0.33594624860021627,0.25,strong_down,1.67,tp_sys_ok,down,0.56,0.53,0.52,0.79
600580.SH|20260729|1732,600580.SH,20260729,EVENT,19.7701,2026,202607,down,12,10.311,32.519498134961,-2.9840623940318722,0.32,mild_down,1.69,tp_sys_ok,down,0.52,0.59,0.62,0.59
300095.SZ|20260804|1819,300095.SZ,20260804,EVENT,-5.9376,2026,202608,down,12,19.012,3.9806996381182236,-5.790108564535579,0.36,strong_down,2.09,tp_sys_ok,down,0.63,0.43,0.5,0.65
301252.SZ|20260728|1726,301252.SZ,20260728,EVENT,15.9517,2026,202607,down,12,23.275,19.8277541252748,-9.28569440966135,0.28,strong_down,1.64,tp_sys_ok,down,0.64,0.5,0.58,0.79
002655.SZ|20260813|1823,002655.SZ,20260813,EVENT,17.8473,2026,202608,down,12,38.368,24.071819841752905,-3.590992087644551,0.29,strong_down,1.44,tp_sys_ok,down,0.64,0.28,0.37,0.61
688638.SH|20260729|1736,688638.SH,20260729,EVENT,14.7536,2026,202607,down,8,15.751,18.883874203023133,3.445805573465144,0.29,strong_down,1.73,tp_sys_ok,down,0.71,0.58,0.52,0.71
002655.SZ|20260814|1827,002655.SZ,20260814,EVENT,24.2614,2026,202608,down,12,36.091,28.612798818919984,5.994359585864895,0.29,strong_down,1.5,tp_sys_ok,down,0.63,0.33,0.4,0.6
300690.SZ|20260729|1730,300690.SZ,20260729,EVENT,-0.5519,2026,202607,down,2,13.741,3.09671272034302,-0.8099094807050844,0.3,strong_down,1.76,tp_sys_ok,down,0.69,0.62,0.58,0.78
300684.SZ|20260803|1831,300684.SZ,20260803,EVENT,55.7025,2026,202608,down,10,7.209,88.5164272603663,-0.9723184278714103,0.29,strong_down,2.08,tp_sys_ok,down,0.47,0.51,0.49,0.75
688381.SH|20260803|1835,688381.SH,20260803,EVENT,28.8302,2026,202608,down,12,16.448,39.301511850531455,-5.811931955722804,0.34,strong_down,2.0,tp_sys_ok,down,0.53,0.51,0.48,0.66
601006.SH|20260805|1839,601006.SH,20260805,EVENT,-1.2471,2026,202608,up,12,6.087,0.3904071388733943,-3.740885335977362,0.64,mild_up,2.62,tp_sys_ok,up,0.77,0.62,0.87,0.51
688162.SH|20260729|1734,688162.SH,20260729,EVENT,11.4777,2026,202607,down,12,10.858,16.110304789550067,-0.5805515239477588,0.31,strong_down,1.78,tp_sys_ok,down,0.78,0.63,0.55,0.65
301396.SZ|20260806|1843,301396.SZ,20260806,EVENT,3.8444,2026,202608,down,9,41.927,17.81972566286292,-5.144963968493377,0.35,strong_down,1.83,tp_sys_ok,down,0.78,0.44,0.56,0.69
002931.SZ|20260730|1738,002931.SZ,20260730,EVENT,18.3857,2026,202607,down,12,12.515,24.459288638393105,-0.7294529682589479,0.3,strong_down,1.81,tp_sys_ok,down,0.51,0.62,0.56,0.73
688766.SH|20260810|1847,688766.SH,20260810,EVENT,1.3835,2026,202608,down,11,34.337,25.55501923690324,-7.601790842397504,0.29,strong_down,1.81,tp_sys_ok,down,0.78,0.53,0.39,0.75
603950.SH|20260806|1851,603950.SH,20260806,EVENT,4.8254,2026,202608,down,12,15.556,16.7726562623282,-1.6374472024532682,0.32,strong_down,1.72,tp_sys_ok,down,0.6,0.37,0.49,0.6
002722.SZ|20260824|1855,002722.SZ,20260824,EVENT,1.886,2026,202608,up,2,2.031,2.973749941090542,-0.4037262202114422,0.39,strong_up,1.6,tp_sys_ok,unknown,0.35,0.36,0.47,0.38
600580.SH|20260730|1742,600580.SH,20260730,EVENT,19.2423,2026,202607,down,12,9.569,33.22560740718012,3.39643481729206,0.33,mild_down,1.67,tp_sys_ok,down,0.45,0.52,0.6,0.61
003015.SZ|20260731|1746,003015.SZ,20260731,EVENT,14.1078,2026,202607,down,12,9.48,22.7799227799228,0.4826254826254983,0.32,strong_down,1.84,tp_sys_ok,down,0.72,0.63,0.61,0.7
688359.SH|20260731|1750,688359.SH,20260731,EVENT,25.3043,2026,202607,down,12,15.258,26.255555555555542,-13.888888888888884,0.28,strong_down,1.86,tp_sys_ok,down,0.82,0.6,0.55,0.65
301026.SZ|20260722|1754,301026.SZ,20260722,EVENT,29.6587,2026,202607,down,12,8.572,34.525507659835995,-3.918635261918857,0.32,strong_down,1.62,tp_sys_ok,down,0.61,0.46,0.67,0.63
002318.SZ|20260723|1758,002318.SZ,20260723,EVENT,5.3061,2026,202607,down,12,11.877,13.552143991529908,-2.1704605611434613,0.33,strong_down,1.77,tp_sys_ok,down,0.77,0.63,0.67,0.61
603135.SH|20260729|1762,603135.SH,20260729,EVENT,9.0864,2026,202607,down,12,11.358,12.530838337289962,-1.899176092724475,0.32,strong_down,1.57,tp_sys_ok,down,0.44,0.46,0.56,0.66
002600.SZ|20260731|1766,002600.SZ,20260731,EVENT,2.2847,2026,202607,down,12,16.009,3.5601265822784667,-3.4810126582278555,0.29,strong_down,1.84,tp_sys_ok,down,0.46,0.63,0.69,0.69
688657.SH|20260731|1770,688657.SH,20260731,EVENT,26.8827,2026,202607,down,12,14.631,28.399433427762034,2.6912181303116123,0.34,mild_down,1.67,tp_sys_ok,down,0.5,0.54,0.55,0.66
600918.SH|20260722|1774,600918.SH,20260722,EVENT,-1.1665,2026,202607,up,12,9.488,1.8992744344857204,-2.902262057191629,0.66,mild_up,2.65,tp_sys_ok,up,0.64,0.65,0.91,0.56
002820.SZ|20260729|1778,002820.SZ,20260729,EVENT,8.2918,2026,202607,down,4,10.417,12.059957482074001,0.7698867389711594,0.29,mild_down,2.0,tp_sys_ok,down,0.51,0.51,0.56,0.67
688153.SH|20260730|1782,688153.SH,20260730,EVENT,6.9575,2026,202607,down,12,12.48,11.434486434486434,-2.564902564902549,0.34,mild_down,1.77,tp_sys_ok,down,0.49,0.63,0.62,0.76
002130.SZ|20260803|1786,002130.SZ,20260803,EVENT,0.6053,2026,202608,up,12,13.987,5.56872037914693,-4.68009478672985,0.64,mild_up,2.7,tp_sys_ok,up,0.71,0.7,0.88,0.59
300183.SZ|20260730|1740,300183.SZ,20260730,EVENT,5.7276,2026,202607,down,10,13.007,7.632093933463802,0.31825100318250144,0.28,strong_down,1.58,tp_sys_ok,down,0.76,0.39,0.43,0.73
300727.SZ|20260810|1790,300727.SZ,20260810,EVENT,-3.9514,2026,202608,up,12,12.57,2.214288750053117,-7.02962301840282,0.4,mild_up,1.57,tp_sys_ok,unknown,0.53,0.37,0.85,0.33
002655.SZ|20260803|1794,002655.SZ,20260803,EVENT,67.5344,2026,202608,down,12,3.984,68.99851910792827,0.8774838096501147,0.29,strong_down,1.92,tp_sys_ok,down,0.59,0.69,0.58,0.8
301396.SZ|20260804|1798,301396.SZ,20260804,EVENT,28.3915,2026,202608,down,12,3.075,47.62025960804277,15.646474930007637,0.29,strong_down,1.86,tp_sys_ok,down,0.77,0.56,0.59,0.77
003008.SZ|20260724|1721,003008.SZ,20260724,EVENT,-2.2754,2026,202607,down,1,1.505,1.1304944558818253,-1.8793416886384695,0.3,strong_down,1.88,tp_sys_ok,down,0.63,0.49,0.52,0.66
301446.SZ|20260806|1802,301446.SZ,20260806,EVENT,1.9931,2026,202608,up,12,28.539,12.931954815890911,-3.4358159673550714,0.5,mild_up,1.71,tp_sys_ok,up,0.6,0.4,0.83,0.54
300467.SZ|20260728|1725,300467.SZ,20260728,EVENT,8.6106,2026,202607,down,12,20.64,13.962725328444847,-6.813321112129533,0.28,strong_down,1.83,tp_sys_ok,down,0.46,0.62,0.59,0.64
002931.SZ|20260729|1729,002931.SZ,20260729,EVENT,16.0042,2026,202607,down,12,14.807,21.55644808706032,-8.436234966847211,0.3,strong_down,1.74,tp_sys_ok,down,0.41,0.58,0.55,0.8
002050.SZ|20260731|1744,002050.SZ,20260731,EVENT,6.4613,2026,202607,down,12,4.646,10.791563955080807,2.848534648041623,0.26,strong_down,1.67,tp_sys_ok,down,0.41,0.53,0.52,0.68
603920.SH|20260729|1733,603920.SH,20260729,EVENT,19.6577,2026,202607,down,12,6.038,26.562793432650178,-5.116387896028263,0.29,strong_down,1.66,tp_sys_ok,down,0.82,0.52,0.42,0.7
603079.SH|20260731|1748,603079.SH,20260731,EVENT,11.0598,2026,202607,down,7,10.984,13.259668508287303,0.5524861878453136,0.32,strong_down,2.02,tp_sys_ok,down,0.76,0.46,0.49,0.63
002079.SZ|20260730|1737,002079.SZ,20260730,EVENT,7.9927,2026,202607,down,12,15.666,13.678404466417792,-1.4562943530757155,0.3,strong_down,1.62,tp_sys_ok,down,0.55,0.48,0.56,0.61
301283.SZ|20260720|1752,301283.SZ,20260720,EVENT,7.447,2026,202607,down,12,4.919,9.512207502157267,-2.4161210090858254,0.33,strong_down,1.91,tp_sys_ok,down,0.67,0.61,0.63,0.68
000695.SZ|20260723|1756,000695.SZ,20260723,EVENT,-0.2131,2026,202607,down,2,13.971,4.28682774746687,-0.4676539360872978,0.32,strong_down,2.02,tp_sys_ok,down,0.55,0.6,0.49,0.65
688755.SH|20260810|1806,688755.SH,20260810,EVENT,1.6361,2026,202608,up,9,20.888,8.533306780842388,-2.235203440022704,0.52,mild_up,1.75,tp_sys_ok,up,0.53,0.47,0.85,0.49
688035.SH|20260812|1810,688035.SH,20260812,EVENT,10.0792,2026,202608,down,12,19.671,27.145161290322584,-0.6451612903225823,0.31,strong_down,1.69,tp_sys_ok,down,0.44,0.55,0.52,0.65
002188.SZ|20260803|1814,002188.SZ,20260803,EVENT,3.6202,2026,202608,down,2,22.094,8.21643286573146,2.8056112224448926,0.34,strong_down,1.74,tp_sys_ok,down,0.46,0.48,0.54,0.64
688716.SH|20260803|1818,688716.SH,20260803,EVENT,11.0995,2026,202608,down,12,11.58,14.269362838611222,2.9378099961846704,0.32,mild_down,1.72,tp_sys_ok,down,0.49,0.61,0.56,0.71
600186.SH|20260810|1822,600186.SH,20260810,EVENT,11.9296,2026,202608,up,12,28.526,30.15564202334633,1.6536964980544688,0.47,mild_up,1.54,tp_sys_ok,up,0.6,0.26,0.82,0.45
301248.SZ|20260729|1760,301248.SZ,20260729,EVENT,17.7349,2026,202607,down,12,19.085,31.804749137841238,-11.947409685784937,0.29,strong_down,1.75,tp_sys_ok,down,0.54,0.57,0.55,0.73
603088.SH|20260730|1764,603088.SH,20260730,EVENT,3.1506,2026,202607,down,12,15.141,7.877015771752638,0.45631756158073244,0.31,strong_down,1.87,tp_sys_ok,down,0.65,0.71,0.6,0.76
688525.SH|20260813|1826,688525.SH,20260813,EVENT,-0.0072,2026,202608,down,4,23.175,8.195644784994682,-5.95269915753418,0.33,strong_down,1.67,tp_sys_ok,down,0.61,0.4,0.38,0.68
301322.SZ|20260731|1768,301322.SZ,20260731,EVENT,25.0864,2026,202607,down,12,24.775,31.765805045157293,-1.8685767673621845,0.26,strong_down,1.73,tp_sys_ok,down,0.5,0.59,0.49,0.76
002929.SZ|20260803|1830,002929.SZ,20260803,EVENT,17.7031,2026,202608,down,12,9.663,22.628035094878605,2.2444399102224066,0.32,strong_down,1.81,tp_sys_ok,down,0.75,0.46,0.57,0.63
603259_SH.SH|20260702|1772,603259_SH.SH,20260702,CONT,2.3434,2026,202607,up,0,0.0,0.0,0.0,0.34,mild_up,0.77,tp_sys_ok,up,0.45,0.67,0.84,0.53
688623.SH|20260724|1776,688623.SH,20260724,EVENT,-1.3068,2026,202607,down,3,0.909,3.7731425662460127,-1.7361948396431126,0.35,strong_down,1.86,tp_sys_ok,down,0.7,0.6,0.53,0.74
001205.SZ|20260730|1780,001205.SZ,20260730,EVENT,4.6693,2026,202607,down,12,9.704,8.377358490566023,-0.30188679245282124,0.36,strong_down,1.99,tp_sys_ok,down,0.41,0.54,0.6,0.52
301120.SZ|20260805|1784,301120.SZ,20260805,EVENT,-9.1353,2026,202608,up,12,29.18,6.3922997008498905,-9.879463782809506,0.51,mild_up,1.6,tp_sys_ok,up,0.43,0.32,0.85,0.45
688312.SH|20260806|1788,688312.SH,20260806,EVENT,7.8912,2026,202608,down,12,24.77,18.2844184785095,-2.1920738547868024,0.3,strong_down,1.7,tp_sys_ok,down,0.74,0.57,0.48,0.74
600673.SH|20260803|1834,600673.SH,20260803,EVENT,30.2536,2026,202608,down,12,10.223,35.309370147169886,6.388283398156469,0.36,strong_down,1.81,tp_sys_ok,down,0.52,0.51,0.43,0.59
000035.SZ|20260807|1792,000035.SZ,20260807,EVENT,-5.6155,2026,202608,up,12,15.408,2.0357925313246206,-7.400569463932582,0.64,mild_up,2.45,tp_sys_ok,up,0.63,0.45,0.87,0.56
300184.SZ|20260805|1838,300184.SZ,20260805,EVENT,-1.3139,2026,202608,down,12,14.494,10.241465445462117,-3.2472939217318975,0.3,strong_down,1.6,tp_sys_ok,down,0.66,0.45,0.53,0.66
300232.SZ|20260804|1796,300232.SZ,20260804,EVENT,-6.2704,2026,202608,up,12,13.039,3.6053130929791344,-6.072106261859567,0.52,mild_up,2.03,tp_sys_ok,up,0.63,0.6,0.87,0.38
301360.SZ|20260806|1842,301360.SZ,20260806,EVENT,14.5447,2026,202608,up,12,17.722,22.198076381343302,0.044267374944673143,0.51,mild_up,2.01,tp_sys_ok,up,0.62,0.65,0.87,0.42
300811.SZ|20260805|1800,300811.SZ,20260805,EVENT,21.4881,2026,202608,down,12,18.893,32.86798631220411,4.607981588995247,0.31,strong_down,1.61,tp_sys_ok,down,0.56,0.5,0.52,0.75
603950.SH|20260807|1846,603950.SH,20260807,EVENT,6.7524,2026,202608,down,12,15.419,16.813209363999416,-1.603287607802284,0.33,strong_down,1.61,tp_sys_ok,down,0.57,0.31,0.43,0.59
601777.SH|20260807|1804,601777.SH,20260807,EVENT,-1.3541,2026,202608,up,2,19.653,0.6589650853845441,-3.6717113194517648,0.62,mild_up,2.73,tp_sys_ok,up,0.62,0.73,0.89,0.52
002429.SZ|20260812|1808,002429.SZ,20260812,EVENT,2.1654,2026,202608,down,12,16.069,8.44553243574051,-6.609547123623017,0.3,strong_down,1.57,tp_sys_ok,down,0.78,0.32,0.51,0.68
688755.SH|20260805|1850,688755.SH,20260805,EVENT,13.2862,2026,202608,down,11,13.411,19.29082153801256,0.11835854532482593,0.39,mild_down,2.2,tp_sys_ok,down,0.38,0.49,0.64,0.64
000932.SZ|20260810|1854,000932.SZ,20260810,EVENT,-2.0095,2026,202608,up,12,12.452,0.8064516129032251,-4.838709677419361,0.64,mild_up,2.53,tp_sys_ok,up,0.59,0.53,0.88,0.43
301306.SZ|20260730|1741,301306.SZ,20260730,EVENT,18.7909,2026,202607,down,12,12.31,27.1611823759063,-3.017909152878484,0.26,strong_down,1.74,tp_sys_ok,down,0.61,0.58,0.49,0.73
002722.SZ|20260731|1745,002722.SZ,20260731,EVENT,1.48,2026,202607,down,2,8.737,5.537459283387625,0.5700325732899136,0.32,strong_down,1.78,tp_sys_ok,down,0.65,0.48,0.55,0.7
688035.SH|20260814|1812,688035.SH,20260814,EVENT,9.0789,2026,202608,down,12,21.712,23.751962323390895,-3.296703296703296,0.3,strong_down,1.67,tp_sys_ok,down,0.53,0.55,0.46,0.71
605588.SH|20260731|1749,605588.SH,20260731,EVENT,23.652,2026,202607,down,12,17.94,24.875000000000004,-1.750000000000007,0.29,strong_down,1.64,tp_sys_ok,down,0.56,0.48,0.46,0.71
002020.SZ|20260722|1753,002020.SZ,20260722,EVENT,-2.8162,2026,202607,up,12,8.099,2.79725778664206,-4.851773216953692,0.5,mild_up,1.31,tp_sys_ok,up,0.37,0.36,0.86,0.48
301010.SZ|20260803|1816,301010.SZ,20260803,EVENT,4.9813,2026,202608,down,5,19.863,9.717868338557988,1.5673981191222541,0.31,strong_down,1.74,tp_sys_ok,down,0.56,0.46,0.44,0.61
002655.SZ|20260805|1820,002655.SZ,20260805,EVENT,34.2503,2026,202608,down,12,14.224,49.980384464495884,5.727736367202829,0.3,strong_down,1.76,tp_sys_ok,down,0.61,0.49,0.52,0.61
001322.SZ|20260723|1757,001322.SZ,20260723,EVENT,-2.3781,2026,202607,down,1,1.982,2.5152184092581464,-2.1673690547862723,0.31,strong_down,1.82,tp_sys_ok,down,0.39,0.68,0.54,0.69
600186.SH|20260729|1761,600186.SH,20260729,EVENT,28.519,2026,202607,down,12,16.231,43.84499197583307,-9.37411498159163,0.3,mild_down,1.83,tp_sys_ok,down,0.41,0.7,0.56,0.76
002203.SZ|20260731|1765,002203.SZ,20260731,EVENT,10.8095,2026,202607,down,12,11.707,17.885264341957253,1.7997750281214753,0.3,mild_down,1.99,tp_sys_ok,down,0.38,0.56,0.65,0.69
603031.SH|20260731|1769,603031.SH,20260731,EVENT,21.0513,2026,202607,down,12,5.994,23.632324354346036,0.0,0.31,strong_down,2.08,tp_sys_ok,down,0.81,0.5,0.64,0.59
301359.SZ|20260813|1824,301359.SZ,20260813,EVENT,1.9942,2026,202608,up,3,22.623,3.425166186672457,-1.4653407958847287,0.66,mild_up,2.64,tp_sys_ok,up,0.44,0.64,0.91,0.52
688381.SH|20260814|1828,688381.SH,20260814,EVENT,11.6065,2026,202608,down,12,31.067,15.090909090909088,-4.696969696969699,0.33,strong_down,1.62,tp_sys_ok,down,0.56,0.42,0.46,0.6
301265.SZ|20260803|1832,301265.SZ,20260803,EVENT,24.7689,2026,202608,down,12,3.95,30.5856677757504,0.7715883748941499,0.3,strong_down,2.19,tp_sys_ok,down,0.54,0.53,0.47,0.72
301252.SZ|20260804|1836,301252.SZ,20260804,EVENT,8.5181,2026,202608,down,12,21.79,20.202372644801137,3.628750872295883,0.28,strong_down,1.8,tp_sys_ok,down,0.67,0.63,0.56,0.78
002860_SZ.SZ|20260710|1773,002860_SZ.SZ,20260710,CONT,7.3574,2026,202607,up,0,0.0,0.0,0.0,0.34,strong_up,0.82,tp_sys_ok,up,0.6,0.76,0.86,0.52
002318.SZ|20260727|1777,002318.SZ,20260727,EVENT,5.2487,2026,202607,down,12,11.105,14.63844797178131,4.53743787077121,0.36,strong_down,1.71,tp_sys_ok,down,0.77,0.56,0.64,0.54
603031.SH|20260730|1781,603031.SH,20260730,EVENT,16.2418,2026,202607,down,12,5.438,24.535300386865067,0.7303721233380633,0.31,strong_down,1.59,tp_sys_ok,down,0.62,0.46,0.52,0.7
300274.SZ|20260810|1785,300274.SZ,20260810,EVENT,1.5689,2026,202608,down,7,13.582,8.13283500739701,-1.5823972025793998,0.3,strong_down,1.51,tp_sys_ok,down,0.45,0.41,0.55,0.62
300637.SZ|20260807|1789,300637.SZ,20260807,EVENT,0.9466,2026,202608,down,8,25.182,5.509437357989699,-0.5646667116600335,0.31,strong_down,1.66,tp_sys_ok,down,0.4,0.55,0.61,0.64
688080.SH|20260810|1793,688080.SH,20260810,EVENT,-0.5894,2026,202608,down,12,19.221,3.093622795115336,-5.128900949796478,0.32,strong_down,1.66,tp_sys_ok,down,0.44,0.46,0.45,0.61
300274.SZ|20260804|1797,300274.SZ,20260804,EVENT,8.3237,2026,202608,down,12,8.146,16.39047619047618,-0.8000000000000007,0.29,strong_down,1.51,tp_sys_ok,down,0.37,0.4,0.51,0.69
301330.SZ|20260806|1801,301330.SZ,20260806,EVENT,-3.4791,2026,202608,down,12,16.29,1.6994513582229143,-5.6401023482516965,0.29,strong_down,1.58,tp_sys_ok,down,0.65,0.37,0.39,0.62
002787.SZ|20260806|1840,002787.SZ,20260806,EVENT,1.4997,2026,202608,down,3,20.86,7.459617781269268,-0.5901550308655357,0.29,strong_down,1.52,tp_sys_ok,down,0.62,0.36,0.46,0.71
603091.SH|20260806|1844,603091.SH,20260806,EVENT,2.046,2026,202608,down,9,18.221,8.70279146141215,-1.724137931034475,0.36,strong_down,2.16,tp_sys_ok,down,0.51,0.46,0.61,0.57
688755.SH|20260803|1848,688755.SH,20260803,EVENT,15.2512,2026,202608,down,12,9.702,19.476130122517944,3.5910435149978825,0.31,mild_down,1.78,tp_sys_ok,down,0.43,0.57,0.66,0.64
688395.SH|20260807|1805,688395.SH,20260807,EVENT,3.6901,2026,202608,down,12,18.722,14.775750134866161,0.21950629685438816,0.32,strong_down,1.77,tp_sys_ok,down,0.65,0.48,0.48,0.66
301308.SZ|20260812|1809,301308.SZ,20260812,EVENT,-6.9372,2026,202608,up,12,29.264,2.9891731688138856,-14.382144801306474,0.49,strong_up,1.42,tp_sys_ok,up,0.41,0.29,0.82,0.54
001227.SZ|20260807|1852,001227.SZ,20260807,EVENT,-2.1663,2026,202608,up,12,5.394,0.5467519228987028,-2.696691687517383,0.4,mild_up,1.73,tp_sys_ok,up,0.54,0.38,0.36,0.35
300637.SZ|20260820|1813,300637.SZ,20260820,EVENT,2.9787,2026,202608,up,7,24.73,10.579064587973264,-2.2271714922049157,0.36,mild_up,1.68,tp_sys_ok,up,0.7,0.35,0.22,0.34
300192.SZ|20260812|1856,300192.SZ,20260812,EVENT,1.5747,2026,202608,down,2,27.403,13.599118023896771,7.341855129465746,0.35,mild_down,1.87,tp_sys_ok,down,0.43,0.53,0.52,0.59
688258.SH|20260803|1817,688258.SH,20260803,EVENT,8.6515,2026,202608,down,12,18.42,17.606323280082158,-4.482173985720072,0.3,strong_down,1.64,tp_sys_ok,down,0.64,0.41,0.41,0.73
688368.SH|20260807|1821,688368.SH,20260807,EVENT,4.2912,2026,202608,down,12,13.329,21.735623010049522,-4.602524823425414,0.3,strong_down,1.6,tp_sys_ok,down,0.73,0.34,0.39,0.71
301396.SZ|20260813|1825,301396.SZ,20260813,EVENT,-2.487,2026,202608,down,4,44.131,10.65006915629323,-8.89969952782944,0.32,strong_down,1.67,tp_sys_ok,down,0.71,0.4,0.46,0.62
002683.SZ|20260803|1829,002683.SZ,20260803,EVENT,8.3203,2026,202608,down,12,13.017,11.091298145506423,-1.4978601997146845,0.36,strong_down,1.93,tp_sys_ok,down,0.65,0.58,0.57,0.57
600252.SH|20260803|1833,600252.SH,20260803,EVENT,5.0687,2026,202608,down,8,6.784,9.589041095890405,-1.82648401826484,0.32,mild_down,1.91,tp_sys_ok,down,0.47,0.54,0.49,0.68
301322.SZ|20260804|1837,301322.SZ,20260804,EVENT,13.6472,2026,202608,down,12,27.375,27.057057057057076,2.2522522522522515,0.29,strong_down,1.81,tp_sys_ok,down,0.57,0.59,0.51,0.63
300687.SZ|20260806|1841,300687.SZ,20260806,EVENT,-0.6894,2026,202608,up,12,29.989,14.829798537043848,-4.525207945583098,0.49,mild_up,1.52,tp_sys_ok,up,0.38,0.25,0.83,0.47
600673.SH|20260807|1845,600673.SH,20260807,EVENT,0.8411,2026,202608,down,12,24.464,18.091389493316747,-2.5489586571339817,0.36,strong_down,1.55,tp_sys_ok,down,0.61,0.31,0.45,0.5
300802.SZ|20260805|1849,300802.SZ,20260805,EVENT,9.9736,2026,202608,down,12,29.812,16.885644768856434,0.48661800486617945,0.33,strong_down,1.94,tp_sys_ok,down,0.5,0.63,0.61,0.73
688716.SH|20260807|1853,688716.SH,20260807,EVENT,-6.0521,2026,202608,up,12,19.297,4.103665700362202,-8.062038137743565,0.51,mild_up,1.68,tp_sys_ok,up,0.41,0.34,0.86,0.46
300002.SZ|20260813|1857,300002.SZ,20260813,EVENT,-4.6285,2026,202608,up,12,12.675,1.1293573277044278,-6.860815951725052,0.38,mild_up,1.75,tp_sys_ok,unknown,0.51,0.36,0.3,0.35
688618.SH|20240228|218,688618.SH,20240228,EVENT,-7.346,2024,202402,down,12,38.866,-1.9229937120130325,-11.951006748429982,0.31,strong_down,1.66,tp_sys_ok,down,0.63,0.47,0.42,0.46
002925.SZ|20240208|243,002925.SZ,20240208,EVENT,9.5865,2024,202402,down,12,6.583,11.341637921097991,-2.2228969348368155,0.33,strong_down,1.86,tp_sys_ok,down,0.53,0.5,0.51,0.62
300068.SZ|20240223|580,300068.SZ,20240223,EVENT,13.7601,2024,202402,down,12,23.287,15.894396551724155,-2.244971264367812,0.32,mild_down,1.9,tp_sys_ok,down,0.39,0.74,0.57,0.68
300296.SZ|20240227|603,300296.SZ,20240227,EVENT,-0.7248,2024,202402,up,2,28.886,4.022988505747116,-2.490421455938696,0.66,mild_up,2.51,tp_sys_ok,up,0.47,0.51,0.86,0.42
300259.SZ|20240304|736,300259.SZ,20240304,EVENT,5.3973,2024,202403,down,12,32.041,7.179703379228308,-1.389188800115182,0.35,strong_down,1.96,tp_sys_ok,down,0.66,0.55,0.5,0.65
002716.SZ|20250626|1324,002716.SZ,20250626,EVENT,13.1501,2025,202506,up,12,13.754,26.63185378590076,0.0,0.63,mild_up,2.55,tp_sys_ok,up,0.5,0.55,0.89,0.42
688331.SH|20260721|1717,688331.SH,20260721,EVENT,-3.6813,2026,202607,down,4,3.288,8.714469854913354,-4.413315184170519,0.31,mild_down,1.85,tp_sys_ok,down,0.45,0.63,0.53,0.74
