symbol,entry_date,src,net_pnl_pct,rank,buy_date,buy_price,sell_date,sell_price,reason,hold_bars,tp,sl,risk_pct,mfe_pct,mae_pct,mfe_r,mae_r,rr_exit,signal_chain,r20
301308.SZ,20231009,EVENT,8.3273,0,20231009,86.98,20231011,95.48,TP2_RUNNER,2,95.48,81.05,6.817,17.268337548861812,6.438261669349266,2.5330361982774225,0.9444076371740041,1.433,insider-event,
000651.SZ,20231030,EVENT,-3.6222,0,20231030,33.878,20231113,32.784,SL_HIT,10,37.33,32.784,3.229,1.6004581171150445,-4.598291506532304,0.49567068472398035,-1.4241161797547328,-1.0,insider-event,
000651.SZ,20231101,EVENT,-3.4155,0,20231101,33.85,20231113,32.827,SL_HIT,8,37.33,32.827,3.022,1.68389955686854,-4.519940915805021,0.5572625698324039,-1.4958100558659235,-1.0,insider-event,
000651.SZ,20231109,EVENT,-2.8346,0,20231109,33.67,20231113,32.849,SL_HIT,2,34.42,32.849,2.44,0.08910008910010259,-4.009504009504017,0.03652173913044009,-1.6434782608695582,-1.0,insider-event,
300138.SZ,20231103,EVENT,0.827,0,20231103,13.83,20231124,14.0,TIME_STOP,15,15.96,12.748,7.822,2.4584237165582,-1.0845986984815648,0.3142951469131716,-0.1386596236381647,0.157,insider-event,
000526_SZ.SZ,20231208,CONT,12.2571,3,,,,,,,,,,,,,,,,
600971_SH.SH,20231212,CONT,-4.3082,3,,,,,,,,,,,,,,,,
601086.SH,20231212,EVENT,-1.2365,0,20231212,5.112,20231220,5.069,SL_HIT,6,5.582,5.069,0.838,4.694835680751175,-3.325508607198746,5.600000000000022,-3.9666666666666783,-1.0,insider-event,
605303.SH,20231212,EVENT,0.5571,0,20231212,11.89,20231225,11.89,BE,9,12.41,11.821,0.583,4.121110176619003,-1.5979814970563555,7.072164948453453,-2.742268041237066,0.0,insider-event,
002321.SZ,20231212,EVENT,-0.4937,0,20231212,2.445,20231214,2.44,SL_GAP,2,2.54,2.378,2.758,1.8279965648386742,-1.0346378767431386,0.6627833086210586,-0.3751323872061012,-0.079,insider-event,
002625.SZ,20231212,EVENT,-4.4558,0,20231212,14.407,20231218,13.822,SL_HIT,4,14.583,13.822,4.064,-0.308659327418348,-6.4166019432974615,-0.07594680381283307,-1.578829361836053,-1.0,insider-event,
601717.SH,20231212,EVENT,0.4771,0,20231212,8.861,20231215,8.861,BE,3,9.32,7.881,11.05,3.7187517634444944,-1.1342475029625931,0.33654337199970735,-0.10264828189975975,0.0,insider-event,
600703.SH,20231214,EVENT,-4.8591,0,20231214,13.612,20231221,13.004,SL_HIT,5,15.382,13.004,4.468,0.2938583602703382,-4.5548045841904194,0.06576629477392591,-1.0193775689958915,-1.0,insider-event,
002985.SZ,20231218,EVENT,-6.7947,0,20231218,33.568,20240109,31.417,TIME_STOP,15,39.327,30.168,10.127,3.601860466224771,-7.807839208434952,0.355660977176907,-0.770974819416797,-0.633,insider-event,
301115.SZ,20231218,EVENT,-2.0989,0,20231218,17.919,20231221,17.614,SL_HIT,3,19.23,17.614,1.703,0.34042078240972273,-3.007980356046658,0.19995317255911477,-1.766799344415838,-1.0,insider-event,
600703.SH,20231218,EVENT,-2.635,0,20231218,13.298,20231221,13.0,SL_HIT,3,15.382,13.0,2.24,1.3861064486436758,-2.298746849074418,0.6188913831808007,-1.0263819336518352,-1.0,insider-event,
002568.SZ,20231218,EVENT,-1.8487,0,20231218,22.805,20231219,22.474,SL_HIT,1,27.295,22.474,1.452,-0.21771875472765823,-1.8840455784236987,-0.1499644020625247,-1.2977282043537273,-1.0,insider-event,
600219.SH,20231215,EVENT,-2.4856,0,20231215,2.119,20231218,2.075,SL_HIT,1,2.409,2.075,2.09,-0.9438414346389812,-3.7753657385559247,-0.45161290322580927,-1.806451612903237,-1.0,insider-event,
000651.SZ,20231215,EVENT,-0.5799,0,20231215,33.25,20231219,33.16,SL_GAP,2,33.26,31.996,3.771,0.39097744360903075,-1.834586466165411,0.10367416690401791,-0.486471090857304,-0.072,insider-event,
601975.SH,20231226,EVENT,6.2067,0,20231226,2.745,20240103,2.963,TP2_RUNNER,5,2.963,2.552,7.043,7.931096030627227,0.28157521846667866,1.1261425014223536,0.039981084535870126,1.126,insider-event,
300993.SZ,20231222,EVENT,-2.1188,0,20231222,10.286,20231225,10.109,SL_HIT,1,11.63,10.109,1.722,-0.05930333168063795,-2.5869863213462962,-0.03442993065635762,-1.5019351717465006,-1.0,insider-event,
002857.SZ,20231222,EVENT,-2.1348,0,20231222,16.008,20231225,15.73,SL_GAP,1,18.58,15.737,1.694,-0.6765240531474426,-2.862889875876895,-0.3993993993994034,-1.6901638480585734,-1.026,insider-event,
300943.SZ,20231221,EVENT,-3.032,0,20231221,13.385,20231225,13.032,SL_HIT,2,14.62,13.032,2.637,1.2342358496204575,-2.9496144880760244,0.4679697300797185,-1.1183683379871296,-1.0,insider-event,
603808.SH,20231221,EVENT,-7.1322,0,20231221,9.392,20231225,8.758,SL_HIT,2,9.872,8.758,6.746,4.0459965928449915,-10.221465076660973,0.5997745208568229,-1.5152198421645968,-1.0,insider-event,
600313.SH,20231221,EVENT,-3.5146,0,20231221,7.461,20231225,7.228,SL_HIT,2,8.141,7.228,3.121,0.13403029084573248,-3.4847875619890223,0.04294478527607401,-1.116564417177917,-1.0,insider-event,
000703.SZ,20231220,EVENT,-0.2462,0,20231220,6.498,20240111,6.508,TIME_STOP,15,7.008,6.317,2.792,2.923976608187129,-2.6161895967990123,1.0472440944881867,-0.9370078740157467,0.055,insider-event,
000975.SZ,20231220,EVENT,6.2535,0,20231220,14.55,20231227,15.52,TP2_RUNNER,5,15.52,14.056,3.395,7.147766323024052,0.27491408934707806,2.1055676066522007,0.08098336948662285,1.964,insider-event,
301115.SZ,20231220,EVENT,-1.8339,0,20231220,17.87,20231221,17.613,SL_HIT,1,19.23,17.613,1.437,0.05595970900951208,-2.7420257414661586,0.038942976356049645,-1.9082058414464793,-1.0,insider-event,
301305.SZ,20231220,EVENT,-1.9595,0,20231220,17.231,20231221,16.962,SL_HIT,1,19.051,16.962,1.563,1.2767686147060475,-1.624978236898622,0.8169761273209492,-1.0397877984084911,-1.0,insider-event,
002568.SZ,20231220,EVENT,-1.8283,0,20231220,22.527,20231221,22.205,SL_GAP,1,26.495,22.461,0.295,3.5403474427864623,-1.653316287462614,12.015172710642247,-5.610997525018708,-4.858,insider-event,
002625.SZ,20231220,EVENT,2.1291,0,20231220,13.447,20240108,13.447,BE,12,14.753,12.886,4.177,9.562086297711714,-1.4439469419959772,2.2892979863621012,-0.34570121245571356,0.0,insider-event,
002978.SZ,20231220,EVENT,-0.9853,0,20231220,29.523,20231221,29.35,SL_HIT,1,32.403,29.35,0.587,0.3387189648748512,-1.998441892761571,0.5773195876288851,-3.4061855670103354,-1.0,insider-event,
000404.SZ,20231220,EVENT,-2.6398,0,20231220,5.06,20231221,4.946,SL_HIT,1,5.5,4.946,2.244,-0.19762845849802257,-2.9644268774703497,-0.0880503144654084,-1.320754716981131,-1.0,insider-event,
300068.SZ,20231228,EVENT,16.2948,0,20231228,11.956,20240119,13.956,TIME_STOP,15,14.576,11.444,4.287,17.731682837069272,2.425560388089676,4.136585365853668,0.5658536585365893,3.902,insider-event,
001323.SZ,20231228,EVENT,-1.9246,0,20231228,29.72,20240103,29.266,SL_HIT,3,33.18,29.266,1.528,3.264490339773496,-1.715354746667197,2.136601019316688,-1.1226955263323424,-1.0,insider-event,
603267.SH,20231228,EVENT,-5.1197,0,20231228,47.1,20240108,44.872,SL_HIT,6,57.81,44.872,4.729,8.89596602972398,-8.49256900212314,1.8810325476992065,-1.795735129068457,-1.0,insider-event,
600382.SH,20231227,EVENT,5.9081,0,20231227,4.43,20240105,4.74,TP2_RUNNER,6,4.74,4.39,0.911,8.352144469525967,-0.22573363431150906,9.168141592920486,-0.24778761061946866,7.681,insider-event,
300993.SZ,20231229,EVENT,0.5943,0,20231229,10.24,20240118,10.24,BE,13,11.57,9.918,3.146,6.34765625,-3.80859375,2.0177383592017715,-1.210643015521063,0.0,insider-event,
301367.SZ,20231229,EVENT,-1.2232,0,20231229,60.031,20240103,58.912,SL_GAP,2,66.064,52.335,12.82,2.4587296563442163,-3.3949126284752773,0.19178171187266482,-0.2648042878025004,-0.145,insider-event,
688013.SH,20231229,EVENT,1.166,0,20231229,17.974,20240108,17.974,BE,5,20.544,17.95,0.133,5.730499610548567,-0.1112718370980259,43.0447761194056,-0.8358208955224048,0.0,insider-event,
600872.SH,20231229,EVENT,-13.2024,0,20231229,26.306,20240122,22.932,SL_HIT,15,33.552,22.932,12.828,2.4546230025682236,-13.13100902141997,0.19134501656474528,-1.0236004209553113,-1.0,insider-event,
603507.SH,20231229,EVENT,-8.5153,0,20231229,14.461,20240122,13.285,TIME_STOP,15,15.259,12.45,13.907,1.826092789329592,-9.238202522244421,0.13131035442976816,-0.6642990184169363,-0.585,insider-event,
603688.SH,20231229,EVENT,0.0244,0,20231229,53.666,20240122,53.894,TIME_STOP,15,58.843,41.381,22.891,6.130669147198087,-8.808048012593462,0.2678191953897617,-0.38478089015214484,0.019,insider-event,
688420.SH,20231229,EVENT,-2.5085,0,20231229,25.084,20240115,24.554,SL_GAP,10,27.504,24.591,1.966,4.066337107319407,-3.388614256099498,2.0680666183924754,-1.723388848660392,-1.075,insider-event,
000950.SZ,20231229,EVENT,-3.9641,0,20231229,4.95,20240116,4.773,SL_HIT,11,5.44,4.773,3.571,2.626262626262621,-3.838383838383841,0.735353535353532,-1.0747474747474726,-1.0,insider-event,
603977_SH.SH,20240109,CONT,-14.6161,3,,,,,,,,,,,,,,,,
300993.SZ,20240103,EVENT,0.0017,0,20240103,10.44,20240105,10.44,BE,2,11.57,9.694,7.143,2.3946360153256796,0.0,0.3352490421455952,0.0,0.0,insider-event,
300097.SZ,20240104,EVENT,-8.4106,0,20240104,8.861,20240117,8.149,SL_HIT,9,13.91,8.149,8.027,0.3329383217651527,-8.470176626601212,0.04147835693482161,-1.0552375213417695,-1.0,insider-event,
688093.SH,20240104,EVENT,-9.5995,0,20240104,16.345,20240117,14.838,SL_HIT,9,16.76,14.838,9.218,1.132463337187728,-10.369595408965504,0.12285242917282739,-1.1249194068342998,-1.0,insider-event,
002004.SZ,20240104,EVENT,-5.1924,0,20240104,4.73,20240118,4.503,SL_HIT,10,4.98,4.503,4.802,0.0,-8.456659619450324,0.0,-1.7610062893081728,-1.0,insider-event,
603156.SH,20240104,EVENT,5.6783,0,20240104,16.535,20240125,17.542,TIME_STOP,15,21.052,14.926,9.731,12.258980657974794,-4.432905271128251,1.259760852889368,-0.45553547076538536,0.626,insider-event,
000534.SZ,20240105,EVENT,-8.128,0,20240105,12.435,20240118,11.472,SL_HIT,9,14.021,11.472,7.744,-0.7590433432325017,-8.720192933233283,-0.09802054080196076,-1.1260991020260396,-1.0,insider-event,
002385.SZ,20240105,EVENT,-2.2659,0,20240105,5.655,20240108,5.549,SL_HIT,1,7.042,5.549,1.87,-1.1119599354893484,-4.825566590272468,-0.5946822308690037,-2.5807392996109,-1.0,insider-event,
688171.SH,20240105,EVENT,-6.4065,0,20240105,15.657,20240116,14.714,SL_HIT,7,17.707,14.714,6.019,0.04566691256542299,-6.322152923480773,0.007587414442616261,-1.0504059001432589,-1.0,insider-event,
600433.SH,20240105,EVENT,-6.5504,0,20240105,3.406,20240116,3.196,SL_HIT,7,3.53,3.196,6.163,0.12919896640828377,-6.33074935400516,0.02096378981759027,-1.0272257010618024,-1.0,insider-event,
688420.SH,20240105,EVENT,-8.8198,0,20240105,25.397,20240118,23.255,SL_HIT,9,27.504,23.255,8.437,1.3644671553769694,-9.975249493453276,0.16172707647464515,-1.1823428151597215,-1.0,insider-event,
300515.SZ,20240102,EVENT,-0.5667,0,20240102,10.766,20240104,10.736,SL_GAP,2,10.916,10.23,4.979,2.322125208991266,-1.6719301504737105,0.46635576282478275,-0.3357761492338434,-0.056,insider-event,
603515.SH,20240102,EVENT,-5.0602,0,20240102,14.822,20240110,14.13,SL_HIT,6,16.572,14.13,4.67,0.40480367021995534,-4.722709485899335,0.0866873065015506,-1.011351909184726,-1.0,insider-event,
688093.SH,20240102,EVENT,-8.0492,0,20240102,16.7,20240110,15.42,SL_HIT,6,16.76,15.42,7.665,0.11976047904191933,-10.479041916167663,0.01562500000000042,-1.3671875000000004,-1.0,insider-event,
002624.SZ,20240102,EVENT,-13.8728,0,20240102,11.045,20240117,9.554,SL_HIT,11,13.275,9.554,13.5,2.082390221819841,-15.02942507922137,0.15425149700598914,-1.113293413173654,-1.0,insider-event,
002640.SZ,20240102,EVENT,-2.3567,0,20240102,3.703,20240103,3.63,SL_GAP,1,4.52,3.676,0.707,2.630583914006368,-2.771025765678181,3.721615720523923,-3.9203056768558175,-2.774,insider-event,
688093.SH,20240109,EVENT,-4.5996,0,20240109,15.48,20240117,14.829,SL_HIT,6,16.82,14.829,4.208,1.2919896640826822,-5.361757105943155,0.30701754385964714,-1.2741228070175414,-1.0,insider-event,
300943.SZ,20240110,EVENT,0.5966,0,20240110,13.375,20240115,13.375,BE,3,14.17,12.56,6.095,3.3278753486007284,-1.4572071566890221,0.5459627111516066,-0.23906567603560638,0.0,insider-event,
301201.SZ,20240110,EVENT,-0.4318,0,20240110,23.406,20240115,23.398,SL_HIT,3,26.582,23.398,0.032,4.940787624147758,-0.6988931699193124,154.01331811266562,-21.7857686453623,-1.0,insider-event,
600803.SH,20240110,EVENT,2.4344,0,20240110,14.085,20240112,14.485,TP2_RUNNER,2,14.485,12.407,11.912,4.898828541001055,-0.3549875754348619,0.41123882503192777,-0.02979991485738631,0.238,insider-event,
688013.SH,20240110,EVENT,-6.5313,0,20240110,18.002,20240118,16.896,SL_HIT,6,19.004,16.896,6.144,2.8987632595199653,-9.266443582325678,0.4718190883117289,-1.508258719833847,-1.0,insider-event,
000921.SZ,20240110,EVENT,4.2581,0,20240110,22.176,20240116,23.25,TP2_RUNNER,4,23.25,19.382,12.6,10.29942279942282,1.0101010101010166,0.8174033078555202,0.08016564840614594,0.384,insider-event,
002959.SZ,20240110,EVENT,-1.442,0,20240110,49.066,20240112,48.332,SL_GAP,2,54.892,42.053,14.294,1.11200377936993,-3.0252486529472766,0.07779384165525188,-0.21164111043623718,-0.105,insider-event,
600623.SH,20240110,EVENT,-0.8113,0,20240110,5.9,20240117,5.876,SL_HIT,5,6.25,5.876,0.412,3.382821503626854,-1.362619483424854,8.204345273047426,-3.3047563123898667,-1.0,insider-event,
000589.SZ,20240110,EVENT,5.0452,0,20240110,5.462,20240117,5.772,TP2_RUNNER,5,5.772,5.185,5.067,7.506407909190771,-1.0984987184181505,1.481290322580644,-0.21677419354838476,1.12,insider-event,
600219.SH,20240110,EVENT,-11.9983,0,20240110,2.256,20240123,1.994,SL_HIT,9,2.309,1.994,11.622,0.5668798560417798,-12.729754765735446,0.04877769726555149,-1.0953434270241413,-1.0,insider-event,
002004.SZ,20240110,EVENT,-2.3178,0,20240110,4.59,20240118,4.502,SL_HIT,6,4.98,4.502,1.922,1.9607843137254832,-5.664488017429193,1.0202429149797525,-2.9473684210526274,-1.0,insider-event,
603515.SH,20240110,EVENT,3.7931,0,20240110,14.258,20240115,14.902,TP2_RUNNER,3,14.902,14.078,1.262,5.218270750835674,0.5191478736819688,4.135545038749846,0.4114312031508091,3.58,insider-event,
603258.SH,20240108,EVENT,-12.006,0,20240108,22.26,20240122,19.671,SL_HIT,10,27.815,19.671,11.629,0.9651776829895597,-14.173983553569936,0.08299463883163521,-1.218806305374136,-1.0,insider-event,
603156.SH,20240108,EVENT,0.9989,0,20240108,16.386,20240123,16.386,BE,11,21.052,14.928,8.902,13.276310714686756,-3.566842909520529,1.4913429748828786,-0.4006674918913838,0.0,insider-event,
603888.SH,20240108,EVENT,-4.4324,0,20240108,16.236,20240109,15.58,SL_HIT,1,21.288,15.58,4.041,1.0101010101010166,-4.717910815471771,0.2499863901137809,-1.1676193587021593,-1.0,insider-event,
688326.SH,20240115,EVENT,-1.9777,0,20240115,90.239,20240116,88.812,SL_HIT,1,132.72,88.812,1.581,-0.4637710068319034,-3.178798406445138,-0.29333133072995454,-2.0105637328527095,-1.0,insider-event,
300699.SZ,20240115,EVENT,-15.5158,0,20240115,24.415,20240123,20.717,SL_HIT,6,26.342,20.717,15.146,-2.676100064795217,-16.315044041911285,-0.17668360235739833,-1.0771647861250955,-1.0,insider-event,
000498.SZ,20240115,EVENT,-1.1433,0,20240115,4.843,20240117,4.807,SL_HIT,2,5.202,4.807,0.745,1.6295415314221406,-0.8482205538624332,2.187361419068713,-1.1385809312638748,-1.0,insider-event,
688093.SH,20240111,EVENT,-2.3891,0,20240111,15.14,20240117,14.838,SL_HIT,4,16.82,14.838,1.993,3.566710700132103,-3.2364597093791247,1.7893491124260286,-1.6236686390532453,-1.0,insider-event,
002624.SZ,20240111,EVENT,-3.8074,0,20240111,9.895,20240117,9.557,SL_HIT,4,13.275,9.557,3.414,3.840323395654388,-5.154118241536132,1.1247357293868978,-1.5095137420718834,-1.0,insider-event,
600351.SH,20240111,EVENT,-1.2309,0,20240111,6.69,20240115,6.634,SL_HIT,2,7.64,6.634,0.833,1.195814648729443,-1.195814648729443,1.4358974358974226,-1.4358974358974226,-1.0,insider-event,
002930.SZ,20240111,EVENT,-1.9575,0,20240111,18.351,20240117,18.065,SL_HIT,4,22.021,18.065,1.561,2.5611683287014575,-1.8527600675712463,1.6408977556109803,-1.1870324189526107,-1.0,insider-event,
002570.SZ,20240117,EVENT,-4.2752,0,20240117,3.861,20240118,3.711,SL_HIT,1,4.37,3.711,3.883,-0.8029008029007967,-5.464905464905456,-0.20676512625059423,-1.407336827060505,-1.0,insider-event,
301093.SZ,20240117,EVENT,-7.6494,0,20240117,17.772,20240122,16.481,SL_HIT,3,20.615,16.481,7.264,3.6771457894452464,-10.310772610237862,0.5062060769427374,-1.419409523619829,-1.0,insider-event,
688819.SH,20240117,EVENT,-6.869,0,20240117,25.712,20240122,24.046,SL_HIT,3,26.752,24.046,6.482,0.2711544833830404,-7.4294461634674125,0.041830948250444464,-1.1461391827862604,-1.0,insider-event,
002555.SZ,20240117,EVENT,-5.8955,0,20240117,15.213,20240130,14.376,SL_HIT,9,22.567,14.376,5.507,9.883897871143255,-5.760277335731234,1.7948727130728068,-1.046041222240981,-1.0,insider-event,
600487.SH,20240117,EVENT,-4.2931,0,20240117,10.443,20240122,10.035,SL_HIT,3,11.498,10.035,3.901,1.0101010101010166,-5.310212477447973,0.25892468895092197,-1.3611956628466473,-1.0,insider-event,
603822.SH,20240117,EVENT,-2.1077,0,20240117,26.312,20240118,25.862,SL_HIT,1,28.378,25.862,1.711,-0.32007941557191666,-4.234610382552284,-0.18703442849709337,-2.4744419487062292,-1.0,insider-event,
301267.SZ,20240116,EVENT,-6.0638,0,20240116,30.348,20240118,28.626,SL_HIT,2,34.685,28.626,5.675,1.537310801704872,-6.568539744204394,0.27087540900664914,-1.1573820256870682,-1.0,insider-event,
603612.SH,20240116,EVENT,-3.0797,0,20240116,13.772,20240117,13.402,SL_HIT,1,17.061,13.402,2.685,-0.07907411401049114,-4.363162935515752,-0.0294468716320343,-1.6248237552776885,-1.0,insider-event,
688257.SH,20240112,EVENT,-4.8923,0,20240112,8.433,20240122,8.053,SL_HIT,6,8.798,8.053,4.502,2.6702811159256212,-11.891870098021794,0.5931944423537171,-2.641741054628111,-1.0,insider-event,
600703.SH,20240112,EVENT,-1.6597,0,20240112,13.042,20240116,12.877,SL_HIT,2,13.912,12.877,1.262,0.38337678270203845,-1.9935592700506044,0.30368763557483697,-1.5791757049891557,-1.0,insider-event,
600487.SH,20240122,EVENT,-4.3172,0,20240122,10.334,20240123,9.928,SL_GAP,1,11.498,10.05,2.747,0.04238592090670679,-4.505874998306492,0.015431539530106871,-1.640464254796564,-1.429,insider-event,
301093.SZ,20240119,EVENT,-9.3026,0,20240119,18.054,20240122,16.443,SL_HIT,1,20.615,16.443,8.921,-3.5762317183681502,-11.707555927779667,-0.4008948434733544,-1.3124146226364872,-1.0,insider-event,
002555.SZ,20240119,EVENT,-8.5328,0,20240119,15.707,20240130,14.427,SL_HIT,7,22.567,14.427,8.149,6.430254026866988,-8.72222575921564,0.7890624999999978,-1.0703124999999996,-1.0,insider-event,
301265.SZ,20240130,EVENT,-6.9422,0,20240130,9.229,20240131,8.624,SL_HIT,1,10.312,8.624,6.556,-2.348956200061092,-6.68322356801222,-0.3583174339308968,-1.0194807034777187,-1.0,insider-event,
300126.SZ,20240130,EVENT,-8.2385,0,20240130,6.019,20240131,5.546,SL_HIT,1,7.61,5.546,7.854,-2.3125996810207328,-11.948431685273786,-0.2944340363812174,-1.5212425213029566,-1.0,insider-event,
002570.SZ,20240118,EVENT,-2.8139,0,20240118,3.802,20240122,3.71,SL_HIT,2,4.37,3.71,2.419,-0.3051346801346666,-8.985690235690225,-0.12614572005592167,-3.714773963026268,-1.0,insider-event,
301093.SZ,20240118,EVENT,-8.6933,0,20240118,17.949,20240122,16.457,SL_HIT,2,20.615,16.457,8.31,2.6592455163883644,-11.191339762768326,0.3200011493262071,-1.3467134059324406,-1.0,insider-event,
300148.SZ,20240129,EVENT,-5.783,0,20240129,3.435,20240130,3.25,SL_GAP,1,3.95,3.429,0.196,-4.229616045178009,-8.596046924577184,-21.59447983014725,-43.88747346071905,-27.539,insider-event,
000498.SZ,20240129,EVENT,-0.6563,0,20240129,4.972,20240131,4.902,SL_GAP,2,5.092,4.71,5.268,2.6191826669724083,-4.21941437473099,0.49716928648566366,-0.8009228453306871,-0.266,insider-event,
002859.SZ,20240129,EVENT,-3.7899,0,20240129,20.876,20240130,20.167,SL_GAP,1,24.467,20.297,2.772,-2.5346172877827366,-6.4625483746268975,-0.9142273924386818,-2.3310180899983015,-1.225,insider-event,
603060.SH,20240129,EVENT,-3.5138,0,20240129,7.739,20240130,7.497,SL_HIT,1,8.247,7.497,3.12,-1.5742689786440556,-5.063168463449896,-0.5045287550804283,-1.6226668480929525,-1.0,insider-event,
600718.SH,20240129,EVENT,-13.0675,0,20240129,8.009,20240202,6.992,SL_HIT,4,9.77,6.992,12.693,-0.23847873044411383,-18.46774294240301,-0.01878811725358992,-1.4549478654337977,-1.0,insider-event,
601969.SH,20240129,EVENT,-9.8095,0,20240129,6.131,20240130,5.553,SL_GAP,1,6.423,5.897,3.813,-7.4712896770057995,-10.896466685260474,-1.9593703597333343,-2.8576343271269655,-2.473,insider-event,
603727.SH,20240129,EVENT,-3.8327,0,20240129,11.549,20240130,11.152,SL_HIT,1,12.486,11.152,3.44,1.529611215879001,-4.444756150567919,0.44468657403411715,-1.2921737004113796,-1.0,insider-event,
301093.SZ,20240126,EVENT,-4.1244,0,20240126,16.941,20240129,16.309,SL_HIT,1,18.745,16.309,3.732,-1.1562563455971508,-7.75567739102101,-0.30982045615794934,-2.078144276785835,-1.0,insider-event,
603882.SH,20240126,EVENT,12.6687,0,20240126,53.539,20240208,60.55,TP2_RUNNER,9,60.55,46.627,12.91,19.98685075608151,-10.58887693503079,1.548135349410139,-0.8201899785881405,1.014,insider-event,
000818.SZ,20240126,EVENT,-2.9115,0,20240126,27.007,20240129,26.328,SL_HIT,1,32.2,26.328,2.517,2.565241861429546,-2.951805444474065,1.0192732087685743,-1.1728703839929369,-1.0,insider-event,
600718.SH,20240126,EVENT,-2.148,0,20240126,8.108,20240129,7.966,SL_HIT,1,9.77,7.966,1.752,0.5167671834338528,-2.936569603236272,0.2950110641721994,-1.6764232548782905,-1.0,insider-event,
000661.SZ,20240124,EVENT,-2.0054,0,20240124,113.394,20240130,111.569,SL_HIT,4,157.829,111.569,1.609,3.8674048740489075,-2.7731809579040645,2.4039375807081997,-1.7237796765329407,-1.0,insider-event,
603505.SH,20240125,EVENT,-4.2218,0,20240125,17.66,20240131,16.984,SL_HIT,4,19.153,16.984,3.83,3.556058890147229,-6.596828992072479,0.9285525690447305,-1.722553730791576,-1.0,insider-event,
300200.SZ,20240131,EVENT,-10.0206,0,20240131,6.009,20240201,5.43,SL_GAP,1,8.7,5.892,1.944,-7.476744379545053,-11.470553974672592,-3.8467465753424293,-5.9015410958903445,-4.96,insider-event,
300888.SZ,20240131,EVENT,-10.8532,0,20240131,31.956,20240201,28.609,SL_GAP,1,37.229,30.903,3.296,-4.8729495769366915,-10.474364763531096,-1.478436776495765,-3.1778876083857597,-3.178,insider-event,
001256.SZ,20240131,EVENT,-6.6015,0,20240131,15.484,20240201,14.521,SL_HIT,1,18.8,14.521,6.214,-2.542044485778505,-8.225477279185721,-0.4090747119610404,-1.3236726452072671,-1.0,insider-event,
601600.SH,20240131,EVENT,-0.5276,0,20240131,5.623,20240202,5.58,SL_GAP,2,5.7,4.801,14.627,1.7214397496087663,-4.680608905961003,0.11769201375620968,-0.32000555806440334,-0.053,insider-event,
688508.SH,20240131,EVENT,-4.3168,0,20240131,34.651,20240201,33.291,SL_GAP,1,53.161,34.439,0.612,-1.183198517560391,-7.157053810006586,-1.9327038985002183,-11.690739630824087,-6.411,insider-event,
002166.SZ,20240131,EVENT,-4.6405,0,20240131,6.465,20240201,6.19,SL_GAP,1,8.09,6.268,3.05,-0.3820749609417362,-5.486720188098449,-0.1252535496957422,-1.7986815415821478,-1.393,insider-event,
300656.SZ,20240131,EVENT,-7.8417,0,20240131,19.77,20240201,18.296,SL_HIT,1,27.07,18.296,7.457,-2.7834681314901633,-8.094464929717793,-0.37327997209194114,-1.0855168804992414,-1.0,insider-event,
688018.SH,20240131,EVENT,-5.3678,0,20240131,83.309,20240202,79.161,SL_HIT,2,104.23,79.161,4.978,3.5908700792836035,-8.628771373869416,0.721352417368533,-1.7333918944521924,-1.0,insider-event,
002148.SZ,20240131,EVENT,-6.3099,0,20240131,5.049,20240201,4.75,SL_GAP,1,6.55,4.871,3.531,-4.535551594375109,-9.88314517726282,-1.2844551282051329,-2.798878205128223,-1.677,insider-event,
301152.SZ,20240131,EVENT,-12.6218,0,20240131,27.849,20240202,24.438,SL_HIT,2,38.95,24.438,12.246,-4.878863286257529,-14.14320955735815,-0.39838900198547406,-1.154879489306091,-1.0,insider-event,
301087.SZ,20240131,EVENT,-6.5368,0,20240131,26.344,20240201,24.724,SL_HIT,1,34.23,24.724,6.149,0.2888714275411042,-6.164235363784398,0.04697613714527651,-1.0024250868622009,-1.0,insider-event,
603727.SH,20240131,EVENT,-10.6743,0,20240131,10.965,20240202,9.836,SL_HIT,2,12.486,9.836,10.295,-3.549762704692272,-13.034279231462332,-0.34480105489877433,-1.2660658198117503,-1.0,insider-event,
600572.SH,20240131,EVENT,-8.8383,0,20240131,4.038,20240205,3.697,SL_HIT,3,5.078,3.697,8.455,3.2194155522535794,-11.391778107974249,0.3807531380753122,-1.347280334728033,-1.0,insider-event,
601666_SH.SH,20240229,CONT,-8.6288,3,,,,,,,,,,,,,,,,
688349.SH,20240206,EVENT,0.5238,0,20240206,18.172,20240219,18.172,BE,3,21.181,16.597,8.667,16.21994624827485,-0.046443955792396796,1.871453086961726,-0.005358691274802434,0.0,insider-event,
600337.SH,20240206,EVENT,-2.4717,0,20240206,2.384,20240207,2.334,SL_HIT,1,2.838,2.334,2.076,0.5906238464378211,-8.637873754152825,0.28449370742409674,-4.1607204710772665,-1.0,insider-event,
601003.SH,20240205,EVENT,-5.7389,0,20240205,2.673,20240206,2.53,SL_GAP,1,3.19,2.592,3.025,-0.486344930789373,-8.7167976056865,-0.16077738515900966,-2.881625441696111,-1.769,insider-event,
300129.SZ,20240205,EVENT,-8.9925,0,20240205,7.9,20240206,7.22,SL_GAP,1,9.35,7.332,7.195,2.2758917495759423,-14.432546011493386,0.31631858051219885,-2.0059312875417805,-1.197,insider-event,
300128.SZ,20240205,EVENT,-13.5212,0,20240205,3.673,20240206,3.19,SL_GAP,1,4.5,3.375,8.12,2.9159519725557415,-19.137466307277617,0.3590861193600917,-2.356691253951529,-1.619,insider-event,
000036.SZ,20240205,EVENT,-11.794,0,20240205,3.138,20240206,2.78,SL_GAP,1,3.68,3.085,1.698,-6.955995284071004,-16.196666985310525,-4.095684803001872,-9.536585365853641,-6.722,insider-event,
301071.SZ,20240207,EVENT,17.4003,0,20240207,24.897,20240307,30.228,TP2_RUNNER,15,30.228,24.37,2.114,27.96165889851274,3.1790788431475647,13.225270311346565,1.5036367189196262,10.129,insider-event,
300171.SZ,20240207,EVENT,7.5802,0,20240207,13.907,20240307,14.917,TIME_STOP,15,17.657,13.791,0.835,15.891277773782985,3.739124182066589,19.039999999999957,4.479999999999994,8.702,insider-event,
002266.SZ,20240207,EVENT,7.4661,0,20240207,3.21,20240219,3.52,TP2_RUNNER,2,3.52,2.961,7.766,14.953271028037385,5.919003115264787,1.9255014326647546,0.7621776504297972,1.244,insider-event,
300285.SZ,20240207,EVENT,1.6283,0,20240207,18.453,20240221,18.453,BE,4,23.053,17.079,7.444,19.129680810708294,-0.4877255730775465,2.569942797711912,-0.065522620904836,0.0,insider-event,
000869.SZ,20240207,EVENT,9.3268,0,20240207,21.27,20240228,23.43,TP2_RUNNER,9,23.43,20.867,1.894,10.29619181946404,4.043253408556646,5.436170212765994,2.1347517730496555,5.362,insider-event,
002506.SZ,20240207,EVENT,12.8216,0,20240207,2.34,20240307,2.68,TIME_STOP,15,2.87,2.335,0.229,17.521367521367527,5.55555555555558,76.5333333333368,24.266666666667863,63.467,insider-event,
002008.SZ,20240207,EVENT,8.8099,0,20240207,17.49,20240226,19.32,TP2_RUNNER,7,19.32,16.841,3.71,15.437392795883387,1.543739279588352,4.1607044578976495,0.4160704457897685,2.82,insider-event,
002635.SZ,20240207,EVENT,14.7492,0,20240207,11.504,20240307,13.25,TIME_STOP,15,16.3,10.942,4.882,19.35186633981816,0.8362454145586895,3.963628039475034,0.17127886865398798,3.109,insider-event,
002532.SZ,20240207,EVENT,10.4622,0,20240207,4.3,20240219,4.87,TP2_RUNNER,2,4.87,3.87,9.992,15.581395348837201,7.6744186046511675,1.559434746467165,0.7680798004987538,1.327,insider-event,
300997.SZ,20240207,EVENT,21.5435,0,20240207,10.502,20240304,13.228,TP2_RUNNER,12,13.228,10.309,1.84,26.053140759023098,1.4862044273808994,14.161485906953374,0.8078436011948795,14.11,insider-event,
300128.SZ,20240207,EVENT,20.3522,0,20240207,3.584,20240228,4.5,TP2_RUNNER,9,4.5,3.345,6.663,29.471510686980285,8.54400357162788,4.422948073701842,1.282244556113903,3.837,insider-event,
601003.SH,20240207,EVENT,-0.9033,0,20240207,2.594,20240208,2.581,SL_HIT,1,3.19,2.581,0.504,3.7088441668594374,-2.845246356696729,7.351528384279436,-5.639737991266322,-1.0,insider-event,
688147.SH,20240207,EVENT,12.7877,0,20240207,32.105,20240226,36.479,TP2_RUNNER,7,36.479,29.379,8.489,15.587401350144559,1.4773221748459742,1.836198929941963,0.17402884135055352,1.605,insider-event,
600031.SH,20240207,EVENT,1.2466,0,20240207,12.509,20240219,12.715,TP2_RUNNER,2,12.715,11.405,8.82,6.366394455037128,1.7296031146446733,0.7217938508749804,0.19609480710341226,0.187,insider-event,
000878.SZ,20240207,EVENT,6.3051,0,20240207,10.33,20240221,11.12,TP2_RUNNER,4,11.12,9.241,10.541,7.647628267182949,3.19457889641821,0.7254837651689054,0.3030501803870127,0.725,insider-event,
600884.SH,20240207,EVENT,2.5648,0,20240207,10.712,20240307,11.03,TIME_STOP,15,13.76,10.371,3.184,10.999085121081432,1.4768759685580335,3.4542636957614326,0.46381303400904456,0.933,insider-event,
601969.SH,20240207,EVENT,18.6888,0,20240207,4.993,20240307,5.843,TIME_STOP,15,6.283,4.977,0.315,25.63589024634487,4.606449028640092,81.45454545453927,14.636363636362518,54.091,insider-event,
603061.SH,20240207,EVENT,-2.4651,0,20240207,44.571,20240208,43.648,SL_HIT,1,67.317,43.648,2.069,5.342534875419513,-2.0995589263730907,2.581645249073414,-1.014558903931375,-1.0,insider-event,
001289.SZ,20240207,EVENT,1.0263,0,20240207,18.652,20240301,18.652,BE,11,20.2,17.198,7.792,6.049883119946831,-4.726672242595809,0.7763940356016034,-0.6065836421360966,0.0,insider-event,
688187.SH,20240207,EVENT,8.1693,0,20240207,30.91,20240226,33.6,TP2_RUNNER,7,33.6,28.301,8.439,15.431899061792297,2.491103202846978,1.828587075575026,0.29518072289156644,1.031,insider-event,
688333.SH,20240207,EVENT,14.2486,0,20240207,50.546,20240307,57.425,TIME_STOP,15,77.532,49.694,1.685,21.366675899180933,3.2228069481264443,12.680840357277738,1.9126934205560513,8.077,insider-event,
600497.SH,20240207,EVENT,6.4053,0,20240207,4.341,20240221,4.691,TP2_RUNNER,4,4.691,3.923,9.634,8.75374337710204,5.298318359824905,0.9086251067463693,0.5499573014517484,0.837,insider-event,
688739.SH,20240207,EVENT,2.0285,0,20240207,26.509,20240306,26.509,BE,14,30.969,25.428,4.079,10.336112263759478,-0.5281225244256671,2.5336856010568045,-0.12945838837516527,0.0,insider-event,
600022.SH,20240207,EVENT,4.6658,0,20240207,1.32,20240219,1.39,TP2_RUNNER,2,1.39,1.228,6.981,12.12121212121211,3.7878787878787845,1.7364341085271273,0.5426356589147273,0.76,insider-event,
300054.SZ,20240207,EVENT,7.9528,0,20240207,18.52,20240307,20.4,TIME_STOP,15,24.11,17.225,6.994,16.09071274298057,3.455723542116629,2.3005238489109487,0.4940722360077199,1.451,insider-event,
300702.SZ,20240202,EVENT,-4.5123,0,20240202,16.177,20240205,15.51,SL_GAP,1,20.0,16.018,0.981,-0.5971588590927723,-13.084331688982854,-0.6085313174946053,-13.3335133189344,-4.199,insider-event,
301071.SZ,20240202,EVENT,-4.3499,0,20240202,24.758,20240205,23.778,SL_GAP,1,30.228,24.473,1.149,-3.190574975603766,-13.207571556899767,-2.7759069048264653,-11.491028846250448,-3.444,insider-event,
300802.SZ,20240202,EVENT,-3.0691,0,20240202,14.374,20240205,13.989,SL_HIT,1,17.379,13.989,2.675,-1.4248831729374523,-13.39109115815501,-0.5327311169491352,-5.006621655265178,-1.0,insider-event,
000404.SZ,20240202,EVENT,-5.0578,0,20240202,4.227,20240205,4.03,SL_GAP,1,5.36,4.199,0.68,-4.430724102855244,-15.312374328767763,-6.519641969169605,-22.531576330184144,-6.868,insider-event,
002180.SZ,20240202,EVENT,-4.6244,0,20240202,18.8,20240205,18.004,SL_HIT,1,23.09,18.004,4.233,-3.670725155717247,-11.436641294461191,-0.8671621160715899,-2.70176099951533,-1.0,insider-event,
600031.SH,20240202,EVENT,4.2981,0,20240202,12.063,20240207,12.715,TP2_RUNNER,3,12.715,11.435,5.207,5.569440817696858,-3.549238797494858,1.0695693703733165,-0.6816047122502605,1.038,insider-event,
601003.SH,20240202,EVENT,-5.8255,0,20240202,2.742,20240205,2.593,SL_HIT,1,3.44,2.593,5.437,-1.9071582248477603,-9.929621120956856,-0.35080490609428944,-1.8264660789574516,-1.0,insider-event,
688069.SH,20240202,EVENT,-12.4038,0,20240202,11.798,20240205,10.379,SL_HIT,1,13.937,10.379,12.028,-2.965206313364399,-14.340179507587415,-0.24652507573004304,-1.1922319951758278,-1.0,insider-event,
603990.SH,20240202,EVENT,-19.5712,0,20240202,11.177,20240206,9.03,SL_GAP,2,12.58,9.684,13.362,-1.6739583612922826,-19.20981292106182,-0.12527380030034332,-1.4376022267496935,-1.438,insider-event,
688383.SH,20240202,EVENT,-10.6011,0,20240202,67.897,20240205,60.957,SL_HIT,1,111.463,60.957,10.222,-6.9283741870243,-21.052674213078394,-0.6778107142835094,-2.0596070247864975,-1.0,insider-event,
300997.SZ,20240202,EVENT,-7.4224,0,20240202,11.298,20240205,10.503,SL_HIT,1,13.228,10.503,7.037,7.966011683483809,-11.8605062842981,1.1320754716981143,-1.685534591194968,-1.0,insider-event,
688767.SH,20240202,EVENT,-3.548,0,20240202,16.007,20240205,15.502,SL_HIT,1,20.069,15.502,3.155,-2.9131065744338103,-15.232478161539941,-0.9234723467820203,-4.828787411554682,-1.0,insider-event,
688606.SH,20240202,EVENT,-9.5947,0,20240202,58.004,20240205,52.66,SL_GAP,1,81.1,53.396,7.944,-3.455100587717075,-9.213314231235382,-0.4349485485386172,-1.159826624542301,-1.16,insider-event,
600711.SH,20240202,EVENT,-3.2911,0,20240202,3.373,20240205,3.275,SL_HIT,1,4.037,3.275,2.897,-2.251158488317284,-13.517327664671374,-0.777050043128024,-4.66588207774739,-1.0,insider-event,
600718.SH,20240202,EVENT,-6.9002,0,20240202,7.178,20240205,6.71,SL_GAP,1,9.02,6.983,2.707,-6.374085684430519,-14.733542319749215,-2.3547794117647016,-5.443014705882337,-2.406,insider-event,
600509.SH,20240202,EVENT,-6.0217,0,20240202,4.785,20240205,4.515,SL_HIT,1,6.543,4.515,5.633,-2.5429130953649848,-11.94795043336322,-0.45142021211751693,-2.1210108708902875,-1.0,insider-event,
600351.SH,20240202,EVENT,-4.3611,0,20240202,5.623,20240205,5.4,SL_GAP,1,7.08,5.539,1.499,-3.257931426945504,-12.14966567079242,-2.173927784370233,-8.107136802847956,-2.649,insider-event,
600989.SH,20240202,EVENT,-1.4112,0,20240202,11.86,20240205,11.74,SL_GAP,1,13.66,11.821,0.333,1.0944166202930816,-3.4586263300787623,3.2872648335743975,-10.388567293776745,-3.044,insider-event,
600739.SH,20240202,EVENT,-4.7284,0,20240202,9.871,20240205,9.443,SL_HIT,1,11.651,9.443,4.337,-2.6368387515714686,-11.2476687444093,-0.6079451990804222,-2.593243978205096,-1.0,insider-event,
301370.SZ,20240220,EVENT,6.6493,0,20240220,12.459,20240312,13.339,TIME_STOP,15,16.119,12.156,2.431,14.206597640260043,-2.0868448511116466,5.844339622641512,-0.8584905660377371,2.906,insider-event,
301283.SZ,20240220,EVENT,-1.4885,0,20240220,16.225,20240221,16.048,SL_HIT,1,20.651,16.048,1.091,4.929951168281743,-1.1223960885319184,4.519079595163935,-1.0288534486933345,-1.0,insider-event,
300035.SZ,20240220,EVENT,11.0676,0,20240220,7.7,20240312,8.738,TIME_STOP,15,9.598,5.646,26.684,15.944739241216489,-1.846960216721083,0.597541270830089,-0.06921624357576711,0.505,insider-event,
300708.SZ,20240220,EVENT,-4.0812,0,20240220,6.597,20240312,6.354,TIME_STOP,15,8.54,4.773,27.647,3.9506711775619374,-6.341324408551285,0.14289731096346517,-0.22936816687643913,-0.133,insider-event,
300143.SZ,20240220,EVENT,2.6952,0,20240220,6.265,20240312,6.459,TIME_STOP,15,7.661,4.762,23.994,10.970641944093252,-1.5758086554546802,0.4572269255771686,-0.0656754773789116,0.129,insider-event,
300395.SZ,20240220,EVENT,7.1292,0,20240220,27.701,20240312,29.791,TIME_STOP,15,42.051,20.514,25.946,12.345354116555995,-1.0475723245102486,0.47581071698959215,-0.04037519978104342,0.291,insider-event,
603067.SH,20240220,EVENT,2.7161,0,20240220,5.64,20240306,5.64,BE,11,6.821,5.474,2.935,11.666072698194863,-0.7806696063673457,3.9749290158883475,-0.26599407962302973,0.0,insider-event,
600075.SH,20240220,EVENT,4.2932,0,20240220,3.792,20240312,3.97,TIME_STOP,15,4.38,3.572,5.8,8.13091753039532,1.5375689004931914,1.401909835000647,0.26510328699493463,0.811,insider-event,
688166.SH,20240220,EVENT,18.9109,0,20240220,25.683,20240312,30.652,TIME_STOP,15,34.942,24.713,3.775,31.108323229208267,1.1269117043536836,8.240690423425105,0.29852237363258916,5.126,insider-event,
000544.SZ,20240220,EVENT,3.8707,0,20240220,6.118,20240312,6.38,TIME_STOP,15,6.71,5.31,13.216,4.769376614036802,-3.4029616553888364,0.3608897683704656,-0.2574957154720046,0.324,insider-event,
002687.SZ,20240220,EVENT,17.4604,0,20240220,4.258,20240312,5.014,TIME_STOP,15,5.331,4.226,0.745,19.375573921028465,0.7752484153321193,26.022033974676862,1.041184157166684,23.846,insider-event,
301196.SZ,20240220,EVENT,6.8329,0,20240220,18.911,20240312,19.887,TIME_STOP,15,23.818,18.525,2.039,13.457895889054928,1.0101010101010166,6.600987083435227,0.49544622544333855,2.531,insider-event,
688010.SH,20240221,EVENT,15.3572,0,20240221,16.646,20240313,19.274,TIME_STOP,15,29.944,12.427,25.344,19.933725262617852,2.5119759507769457,0.7865415170474479,0.09911711679983946,0.623,insider-event,
002885.SZ,20240221,EVENT,15.7717,0,20240221,12.176,20240313,14.149,TIME_STOP,15,17.249,8.682,28.694,18.667773761683826,-0.7967306202935065,0.6505789650797309,-0.02776636298548798,0.565,insider-event,
301206.SZ,20240221,EVENT,1.4387,0,20240221,21.633,20240313,22.032,TIME_STOP,15,25.962,17.532,18.957,8.31359540859815,-3.5199145028908863,0.43854331183167267,-0.1856759786344227,0.097,insider-event,
301150.SZ,20240221,EVENT,10.9975,0,20240221,11.489,20240312,12.801,TP2_RUNNER,14,12.801,7.009,38.992,17.948115363022723,-12.045922386292919,0.46029883301736496,-0.3089307097084856,0.293,insider-event,
300463.SZ,20240221,EVENT,7.1973,0,20240221,12.041,20240313,12.943,TIME_STOP,15,14.973,9.296,22.801,9.56394496639501,-0.401698477831014,0.4194589717559922,-0.017617837728990667,0.328,insider-event,
301317.SZ,20240221,EVENT,30.1882,0,20240221,12.578,20240313,16.565,TIME_STOP,15,18.095,8.488,32.515,36.70749207939292,1.328117857043476,1.1289360297469453,0.04084616016054125,0.975,insider-event,
301335.SZ,20240221,EVENT,10.2354,0,20240221,15.135,20240313,16.748,TIME_STOP,15,21.068,12.03,20.517,21.294049865478428,2.06724492438779,1.0378528375597011,0.10075565823601275,0.519,insider-event,
600699.SH,20240221,EVENT,10.3992,0,20240221,14.699,20240313,16.427,TP2_RUNNER,15,16.427,11.492,21.818,14.004597738685455,0.7379649529578813,0.6418903778965013,0.033824077732701206,0.539,insider-event,
002879.SZ,20240221,EVENT,18.7993,0,20240221,11.85,20240313,14.13,TIME_STOP,15,16.06,9.145,22.829,23.034859876965143,0.4193986650127046,1.0090193324215426,0.018371345137323223,0.843,insider-event,
002092.SZ,20240221,EVENT,1.0036,0,20240221,5.049,20240313,5.12,TIME_STOP,15,6.25,3.998,20.826,4.575163398692816,-1.5646662705486203,0.21968616262482216,-0.07513076557299088,0.068,insider-event,
002385.SZ,20240221,EVENT,0.5072,0,20240221,4.952,20240306,4.952,BE,10,5.552,4.084,17.525,6.86634437134237,-0.20153554739719137,0.391801621765769,-0.011499853494565483,0.0,insider-event,
300349.SZ,20240221,EVENT,9.3488,0,20240221,9.911,20240313,10.891,TIME_STOP,15,11.991,6.807,31.321,14.631481128334611,-0.3015874457288681,0.4671481686189533,-0.009628965223341314,0.316,insider-event,
688581.SH,20240221,EVENT,6.0013,0,20240221,51.52,20240313,54.824,TIME_STOP,15,88.506,36.755,28.659,12.207781116313022,-0.18556044689787,0.4259690801895809,-0.0064748058743476,0.224,insider-event,
301092.SZ,20240221,EVENT,9.8863,0,20240221,18.932,20240313,20.883,TIME_STOP,15,25.593,14.011,25.995,16.592373560422512,0.21778206686431378,0.6382966185557796,0.008377918707975402,0.396,insider-event,
002497.SZ,20240221,EVENT,8.0605,0,20240221,10.312,20240313,11.186,TIME_STOP,15,12.846,7.867,23.708,11.968378097410337,1.0101010101010166,0.5048166989805632,0.042605259744130326,0.358,insider-event,
688498.SH,20240221,EVENT,20.8127,0,20240221,87.721,20240301,106.921,TP2_RUNNER,7,106.921,50.165,42.813,27.160074568292902,-1.8626455510674544,0.6343950627681246,-0.04350699179094619,0.511,insider-event,
688349.SH,20240221,EVENT,10.694,0,20240221,18.401,20240306,21.181,TP2_RUNNER,10,21.181,15.245,17.152,15.987442075568193,-1.9190669268680738,0.9321025149865396,-0.11188576011761085,0.881,insider-event,
002820.SZ,20240221,EVENT,13.8797,0,20240221,7.37,20240313,8.424,TIME_STOP,15,11.674,5.951,19.252,18.243151558573388,2.6384207469645427,0.9476066866570948,0.13704787432210105,0.743,insider-event,
300656.SZ,20240221,EVENT,1.7421,0,20240221,19.364,20240229,19.15,SL_GAP,6,24.59,14.994,22.571,10.512073702257752,-2.0367271901014283,0.4657240536282758,-0.09023460736440972,-0.049,insider-event,
002917.SZ,20240221,EVENT,13.6082,0,20240221,6.756,20240313,7.704,TIME_STOP,15,9.394,5.137,23.963,16.25635013677218,1.1581228462822946,0.6783853615146769,0.0483290270659499,0.586,insider-event,
002249.SZ,20240221,EVENT,7.1234,0,20240221,4.534,20240301,4.96,TP2_RUNNER,7,4.96,3.588,20.871,15.786687839089586,1.2306470821754623,0.756385483968359,0.05896383068655252,0.45,insider-event,
002664.SZ,20240221,EVENT,25.2612,0,20240221,12.266,20240313,15.42,TIME_STOP,15,17.47,8.917,27.303,34.19098164860878,0.8470499995923753,1.2523002896424051,0.031024583345775115,0.942,insider-event,
603687.SH,20240221,EVENT,16.4904,0,20240221,9.3,20240313,10.874,TIME_STOP,15,11.754,6.935,25.43,18.751922030610558,0.6875224460917595,0.7373989122266976,0.027036071451871046,0.666,insider-event,
688435.SH,20240221,EVENT,25.6149,0,20240221,32.175,20240313,40.46,TIME_STOP,15,67.7,22.832,29.038,31.530691530691545,2.595182595182588,1.0858562691131504,0.08937308868501505,0.887,insider-event,
002111.SZ,20240221,EVENT,25.5171,0,20240221,7.148,20240312,9.4,TP2_RUNNER,14,9.4,5.581,21.924,34.30705951481576,1.9894233190632216,1.5648154900816813,0.09074168611435302,1.437,insider-event,
002402.SZ,20240221,EVENT,10.5454,0,20240221,11.248,20240313,12.482,TIME_STOP,15,14.132,8.044,28.486,13.278534331165925,0.7433959379039567,0.46613903197819373,0.026096695179508193,0.385,insider-event,
002271.SZ,20240221,EVENT,8.5391,0,20240221,16.107,20240313,17.55,TIME_STOP,15,18.45,14.268,11.422,11.005568903540631,-1.411161398868821,0.9635286444178721,-0.12354603761278278,0.784,insider-event,
002452.SZ,20240221,EVENT,27.319,0,20240221,5.16,20240313,6.722,TIME_STOP,15,6.982,3.531,31.576,32.21237703202402,0.23488918346938892,1.0201382532117051,0.007438738255316205,0.959,insider-event,
688061.SH,20240221,EVENT,14.7447,0,20240221,26.008,20240313,29.661,TIME_STOP,15,40.091,18.695,28.121,20.5038854918951,0.6640574985898873,0.7291379819880572,0.023614526360735914,0.499,insider-event,
600643.SH,20240221,EVENT,0.3891,0,20240221,4.554,20240313,4.59,TIME_STOP,15,5.56,3.659,19.647,6.2801932367149815,-2.0641194554237963,0.3196551173559002,-0.10506147213795275,0.04,insider-event,
301160.SZ,20240221,EVENT,10.996,0,20240221,14.34,20240313,15.914,TIME_STOP,15,19.281,10.795,24.723,15.91928954718047,0.3057848069929481,0.6439166209986784,0.012368637374681456,0.444,insider-event,
688326.SH,20240221,EVENT,5.3359,0,20240221,70.508,20240313,74.56,TIME_STOP,15,132.72,52.204,25.96,17.958580469111208,-0.7485696617962834,0.6917771494086727,-0.02883542981929662,0.221,insider-event,
001283.SZ,20240221,EVENT,16.3484,0,20240221,33.541,20240313,39.17,TIME_STOP,15,55.58,25.358,24.398,25.129691245393705,-0.1228340071315337,1.0299947279665649,-0.0050346173586067475,0.688,insider-event,
603111.SH,20240221,EVENT,27.3513,0,20240221,4.015,20240226,5.276,TP2_RUNNER,3,5.276,2.939,26.811,32.388978542824695,10.224533301456384,1.208044500589166,0.38135476268829455,1.171,insider-event,
688478.SH,20240221,EVENT,8.9249,0,20240221,32.04,20240313,35.034,TIME_STOP,15,52.244,22.286,30.445,17.988686768812844,-0.6752733115358178,0.5908653551842789,-0.022180363146842803,0.307,insider-event,
603339.SH,20240221,EVENT,12.2823,0,20240221,8.72,20240313,9.828,TIME_STOP,15,11.418,6.614,24.146,15.001055055550982,1.4688208148698756,0.621270636512413,0.060831404137751934,0.526,insider-event,
688005.SH,20240221,EVENT,6.46,0,20240221,19.596,20240313,20.943,TIME_STOP,15,25.443,14.827,24.335,10.49159882139572,-5.200331086963395,0.43113837393298177,-0.21370072635395213,0.282,insider-event,
688237.SH,20240221,EVENT,13.8803,0,20240221,20.378,20240313,23.294,TIME_STOP,15,37.434,13.46,33.947,21.914834312813312,2.9729867662242393,0.6455642353438736,0.08757784343835281,0.422,insider-event,
002431.SZ,20240221,EVENT,29.3963,0,20240221,1.99,20240312,2.62,TP2_RUNNER,14,2.62,1.625,18.356,41.21312628775318,1.512638826071666,2.2452675219023797,0.082407697121402,1.725,insider-event,
688239.SH,20240221,EVENT,16.3449,0,20240221,24.714,20240313,28.861,TIME_STOP,15,40.452,18.627,24.63,21.11177469293155,2.0095199713850542,0.8571419854651765,0.08158688519357887,0.681,insider-event,
688291.SH,20240221,EVENT,19.8812,0,20240221,17.451,20240313,20.997,TIME_STOP,15,28.207,12.842,26.41,24.56212433519973,2.500010028233768,0.9300327856047111,0.0946616529933406,0.769,insider-event,
603096.SH,20240221,EVENT,13.2532,0,20240221,13.638,20240313,15.276,TIME_STOP,15,18.326,9.329,31.598,19.047619047619047,-2.9493541688663583,0.6028148544968983,-0.09334051146866221,0.38,insider-event,
603324.SH,20240221,EVENT,9.1625,0,20240221,18.795,20240313,20.596,TIME_STOP,15,26.353,13.989,25.571,16.76948574499273,0.12157391667533268,0.6557903059450177,0.004754289858605624,0.375,insider-event,
002457.SZ,20240221,EVENT,0.3094,0,20240221,7.361,20240228,7.361,BE,5,8.295,5.15,30.038,12.42213663195506,-1.9787654622893336,0.41354457083229695,-0.06587495679086125,0.0,insider-event,
688105.SH,20240221,EVENT,3.8598,0,20240221,17.71,20240313,18.466,TIME_STOP,15,24.698,12.115,31.592,12.043346992198245,-2.5980075787219836,0.3812158222810961,-0.08223640787370892,0.135,insider-event,
600645.SH,20240221,EVENT,6.9838,0,20240221,15.81,20240313,16.98,TIME_STOP,15,19.23,12.416,21.471,9.042839161812232,1.5793501704584934,0.42117068777591216,0.07355831344872697,0.345,insider-event,
300877.SZ,20240221,EVENT,12.1519,0,20240221,11.585,20240313,13.042,TIME_STOP,15,17.332,8.501,26.618,18.705427199701695,0.8374636814219905,0.7027350311731853,0.03146226279610862,0.472,insider-event,
300054.SZ,20240221,EVENT,5.6177,0,20240221,19.325,20240313,20.49,TIME_STOP,15,24.11,14.529,24.819,11.256002649445286,-0.024838549428707335,0.45352300617151625,-0.0010007863321178498,0.243,insider-event,
301003.SZ,20240221,EVENT,27.9213,0,20240221,15.047,20240313,19.257,TIME_STOP,15,22.187,10.659,29.159,29.640459892337347,2.525420349571328,1.0165242165242165,0.08660968660968607,0.96,insider-event,
300915.SZ,20240221,EVENT,8.3431,0,20240221,17.054,20240313,18.548,TIME_STOP,15,22.682,13.437,21.208,14.09053594464642,0.9206051366248413,0.6643889722726919,0.04340785212102076,0.413,insider-event,
688232.SH,20240221,EVENT,2.4755,0,20240221,24.159,20240229,24.093,SL_GAP,6,36.133,16.678,30.966,12.393036623663999,-0.6869912086483909,0.40021949025326914,-0.022185625660843738,-0.009,insider-event,
600212.SH,20240221,EVENT,16.5505,0,20240221,5.653,20240313,6.64,TIME_STOP,15,7.4,4.081,27.799,21.884342549841662,-0.9358028622477033,0.7872239848004139,-0.03366271828950146,0.628,insider-event,
688068.SH,20240221,EVENT,-0.5764,0,20240221,32.264,20240229,31.25,SL_GAP,6,41.49,22.289,30.917,8.820639658319894,-3.1431219218884365,0.2852983550587018,-0.10166241324889581,-0.102,insider-event,
603800.SH,20240221,EVENT,13.4519,0,20240221,21.291,20240313,24.246,TIME_STOP,15,27.136,15.422,27.567,13.879424769408955,-2.3716191018339106,0.5034837888083555,-0.08603179100285256,0.503,insider-event,
688531.SH,20240221,EVENT,9.4893,0,20240221,31.251,20240313,34.348,TIME_STOP,15,43.147,23.94,23.395,18.177370371117018,2.5428357769093246,0.7769794617120926,0.10869180375532213,0.424,insider-event,
688255.SH,20240221,EVENT,27.8,0,20240221,15.499,20240313,20.116,TIME_STOP,15,22.926,10.845,30.032,32.882220260861025,4.04246863112474,1.0948880557622003,0.13460315589699032,0.992,insider-event,
600261.SH,20240221,EVENT,11.7525,0,20240221,2.346,20240313,2.62,TIME_STOP,15,2.92,1.85,21.137,14.648595661253871,2.7149128414951207,0.6930233897914494,0.12844221684525864,0.552,insider-event,
301063.SZ,20240221,EVENT,20.8986,0,20240221,13.542,20240313,16.432,TIME_STOP,15,22.182,9.538,29.569,25.033229951262737,1.624575395067196,0.8465929361398504,0.05494113449875128,0.722,insider-event,
301026.SZ,20240221,EVENT,15.4439,0,20240221,10.01,20240313,11.599,TIME_STOP,15,14.494,7.622,23.86,20.470854325072494,2.1289944245141523,0.8579461478234292,0.08922747122538603,0.665,insider-event,
001228.SZ,20240221,EVENT,18.6387,0,20240221,22.196,20240313,26.43,TIME_STOP,15,32.4,17.525,21.042,22.680867551518745,0.559565323169231,1.0778849359650804,0.02659276728116859,0.907,insider-event,
603067.SH,20240221,EVENT,2.8034,0,20240221,5.625,20240306,5.625,BE,10,6.821,4.279,23.939,11.96086169687014,-0.25208082230258055,0.49964036638072756,-0.010530157241578535,0.0,insider-event,
002132.SZ,20240221,EVENT,13.6702,0,20240221,2.544,20240313,2.87,TIME_STOP,15,3.57,1.938,23.835,18.303659159690298,-0.9550760523523105,0.7679206614685175,-0.040069727450472055,0.537,insider-event,
603166.SH,20240221,EVENT,16.3735,0,20240221,4.495,20240313,5.25,TIME_STOP,15,6.57,3.54,21.231,21.924086681795927,4.124949939927913,1.032651166968576,0.19429016273185917,0.792,insider-event,
300014.SZ,20240221,EVENT,21.8406,0,20240221,33.091,20240312,40.525,TP2_RUNNER,14,40.525,28.136,14.972,26.938797095865176,2.0073585518611825,1.7992877790673372,0.1340748697024972,1.501,insider-event,
002117.SZ,20240221,EVENT,0.5545,0,20240221,7.425,20240229,7.31,SL_GAP,6,8.63,5.189,30.115,6.801346801346808,-1.8181818181818188,0.22584251716978143,-0.06037374221370391,-0.051,insider-event,
301283.SZ,20240221,EVENT,11.27,0,20240221,16.252,20240313,17.461,TIME_STOP,15,20.651,11.687,28.086,30.643668655364543,-3.327869336641276,1.0910506674411637,-0.11848692471303753,0.265,insider-event,
300897.SZ,20240221,EVENT,21.8474,0,20240221,7.391,20240313,9.039,TIME_STOP,15,11.664,5.273,28.656,24.74057478075693,1.903037879464331,0.8633533041561023,0.06640888725219365,0.778,insider-event,
301085.SZ,20240221,EVENT,23.3626,0,20240221,41.75,20240313,52.372,TIME_STOP,15,57.352,29.138,30.208,35.572743464235444,5.417257081868687,1.1776002979510427,0.17933290863831527,0.842,insider-event,
002424.SZ,20240208,EVENT,3.0872,0,20240208,7.47,20240308,7.62,TIME_STOP,15,8.35,7.367,1.372,10.174029451137901,-1.338688085676032,7.414634146341472,-0.9756097560975565,1.463,insider-event,
300285.SZ,20240208,EVENT,-2.7736,0,20240208,19.595,20240220,18.883,SL_GAP,2,23.053,17.007,13.206,2.7962645706292477,-4.909755361935431,0.21173712315389526,-0.37177364640130683,-0.275,insider-event,
300997.SZ,20240208,EVENT,15.9465,0,20240208,11.008,20240304,13.228,TP2_RUNNER,11,13.228,10.278,6.632,20.257994186046524,0.7267441860465018,3.0547945205479525,0.10958904109588913,3.041,insider-event,
300463.SZ,20240208,EVENT,1.8755,0,20240208,11.843,20240308,12.113,TIME_STOP,15,14.973,11.612,1.948,9.457063244110442,0.5910664527569054,4.854489164086663,0.3034055727554179,1.17,insider-event,
300910.SZ,20240208,EVENT,-9.7084,0,20240208,30.637,20240308,27.779,TIME_STOP,15,37.189,24.13,21.238,4.567944030233173,-12.00050658462084,0.21508631033605247,-0.5650561097872828,-0.439,insider-event,
300233.SZ,20240208,EVENT,17.7355,0,20240208,12.47,20240304,15.12,TP2_RUNNER,11,15.12,11.995,3.812,21.411387329591026,2.4057738572573983,5.6168294515401875,0.6311044327573192,5.575,insider-event,
002925.SZ,20240208,EVENT,8.2538,0,20240208,14.228,20240308,15.462,TIME_STOP,15,18.862,13.292,6.583,16.964243042728988,-2.2228969348368155,2.577006494358238,-0.3376761240059421,1.317,insider-event,
003012.SZ,20240208,EVENT,-0.4825,0,20240208,6.404,20240308,6.399,TIME_STOP,15,7.739,6.294,1.717,14.282412937537359,-1.0197819905657268,8.31892889160283,-0.5939818363714273,-0.048,insider-event,
300054.SZ,20240208,EVENT,2.7158,0,20240208,19.54,20240308,20.15,TIME_STOP,15,24.11,17.174,12.109,10.030706243602872,-1.9447287615148356,0.8283773584905658,-0.16060377358490505,0.258,insider-event,
002402.SZ,20240208,EVENT,7.2617,0,20240208,10.942,20240308,11.782,TIME_STOP,15,14.132,10.321,5.679,14.713946262109289,-4.112593675744824,2.5908045977011454,-0.7241379310344801,1.352,insider-event,
002683.SZ,20240208,EVENT,0.4322,0,20240208,15.834,20240222,15.834,BE,4,17.194,14.052,11.253,3.7261588985726846,-2.3998989516230806,0.33112848266185546,-0.21326919222288954,0.0,insider-event,
688069.SH,20240208,EVENT,1.0964,0,20240208,10.427,20240308,10.583,TIME_STOP,15,13.937,10.341,0.818,16.029263389688776,-0.1695650005562488,19.59638867020669,-0.2072997102225907,1.833,insider-event,
002274.SZ,20240208,EVENT,10.6907,0,20240208,7.01,20240301,7.84,TP2_RUNNER,10,7.84,6.577,6.175,16.405135520684745,0.8559201141226991,2.6567656765676557,0.13861386138614126,1.917,insider-event,
600536.SH,20240208,EVENT,16.1684,0,20240208,27.07,20240308,32.32,TIME_STOP,15,39.42,24.608,9.095,30.402659770964146,2.2903583302549047,3.342616768204237,0.25181317087322447,2.132,insider-event,
601003.SH,20240208,EVENT,10.6122,0,20240208,2.594,20240308,2.88,TIME_STOP,15,3.19,2.577,0.656,15.660421003932456,3.7088441668594374,23.874055415617224,5.654072208228406,16.821,insider-event,
002008.SZ,20240208,EVENT,0.174,0,20240208,18.09,20240222,18.02,SL_GAP,4,19.32,16.805,7.105,2.985074626865658,-1.8242122719734577,0.4201166990830763,-0.2567379827729911,-0.054,insider-event,
600120.SH,20240208,EVENT,2.8623,0,20240208,3.365,20240221,3.499,TP2_RUNNER,3,3.499,2.953,12.246,4.576212254941292,0.4157491359609633,0.3736882793622621,0.03394960080705275,0.325,insider-event,
600109.SH,20240208,EVENT,0.1131,0,20240208,8.561,20240229,8.521,SL_GAP,9,8.801,7.508,12.298,4.555542576801774,-2.9202196005139625,0.37042062415196747,-0.23744911804613336,-0.038,insider-event,
300138.SZ,20240208,EVENT,2.4232,0,20240208,11.108,20240308,11.32,TIME_STOP,15,13.49,9.783,11.928,11.003078917517417,0.379913214137817,0.9224548767601829,0.031850430207232966,0.16,insider-event,
002895.SZ,20240208,EVENT,13.4757,0,20240208,12.141,20240308,14.051,TIME_STOP,15,15.891,11.173,7.972,19.520632567333827,-0.41182769129396446,2.4487084870848697,-0.051660516605166254,1.973,insider-event,
688596.SH,20240208,EVENT,13.8809,0,20240208,31.448,20240227,36.008,TP2_RUNNER,7,36.008,30.205,3.953,17.74357669804121,3.2116509793945536,4.4883654122378545,0.8124102269462777,3.668,insider-event,
002484.SZ,20240208,EVENT,10.299,0,20240208,14.222,20240229,15.876,TP2_RUNNER,9,15.876,13.983,1.682,11.838136340433447,-1.3101922749702233,7.038796450029299,-0.7790226830229726,6.913,insider-event,
603558.SH,20240208,EVENT,5.9394,0,20240208,7.638,20240308,7.895,TIME_STOP,15,8.955,6.949,9.015,15.935767264347977,1.2719548040351691,1.767663564974746,0.14109067521447363,0.373,insider-event,
300963.SZ,20240222,EVENT,13.6655,0,20240222,4.385,20240314,5.003,TIME_STOP,15,6.85,3.153,28.099,18.631698973774235,-0.5701254275940593,0.6630724637681162,-0.020289855072463368,0.502,insider-event,
600080.SH,20240222,EVENT,18.8741,0,20240222,6.338,20240227,7.742,TP2_RUNNER,3,7.742,4.267,32.681,22.310262891331313,0.06342714871299115,0.6826604760485981,0.0019407753169793328,0.678,insider-event,
002093.SZ,20240222,EVENT,9.5353,0,20240222,6.67,20240226,7.43,TP2_RUNNER,2,7.43,4.78,28.33,12.593703148425783,5.397301349325345,0.44452844452844453,0.19051219051219087,0.402,insider-event,
002917.SZ,20240222,EVENT,12.4138,0,20240222,6.854,20240314,7.734,TIME_STOP,15,9.394,5.137,25.053,15.465421651590304,1.1672016340822822,0.617304492512479,0.046589018302828404,0.512,insider-event,
301366.SZ,20240222,EVENT,23.2474,0,20240222,15.152,20240314,18.624,TIME_STOP,15,21.215,10.975,27.57,26.412354804646256,6.612988384371699,0.9580219892960351,0.23986457603064137,0.831,insider-event,
301225.SZ,20240222,EVENT,15.654,0,20240222,17.634,20240314,20.647,TIME_STOP,15,26.178,12.288,30.318,22.98400816604287,-0.5273902687989107,0.7580862803778274,-0.017395021977581516,0.564,insider-event,
300435.SZ,20240222,EVENT,12.5059,0,20240222,11.731,20240301,13.731,TP2_RUNNER,6,13.731,9.506,18.964,17.04884494075527,-0.2557326741113197,0.8990207095842032,-0.013485310643762556,0.899,insider-event,
300395.SZ,20240222,EVENT,11.9696,0,20240222,27.582,20240314,31.001,TIME_STOP,15,42.051,20.541,25.529,14.206926955930953,0.10372560173357304,0.5565108593615752,0.004063118219556204,0.486,insider-event,
300903.SZ,20240222,EVENT,33.1586,0,20240222,5.93,20240314,7.75,TIME_STOP,15,10.13,4.22,28.836,60.87689713322091,18.381112984822924,2.111111111111111,0.6374269005847949,1.064,insider-event,
300162.SZ,20240222,EVENT,15.9609,0,20240222,4.88,20240314,5.68,TIME_STOP,15,8.73,3.363,31.082,20.491803278688515,3.4836065573770503,0.6592889098186953,0.11207911466917828,0.527,insider-event,
300643.SZ,20240222,EVENT,18.3233,0,20240222,8.262,20240314,9.812,TIME_STOP,15,11.482,5.882,28.807,20.091987412248848,4.357298474945526,0.6974789915966383,0.15126050420168036,0.651,insider-event,
002132.SZ,20240222,EVENT,12.9553,0,20240222,2.554,20240314,2.86,TIME_STOP,15,3.57,1.935,24.256,17.84511784511782,-1.3389711064129783,0.735686780880351,-0.05520071940787243,0.494,insider-event,
301047.SZ,20240222,EVENT,4.9339,0,20240222,61.822,20240314,65.822,TIME_STOP,15,75.152,46.514,24.762,12.940377211995724,-0.35586037332989706,0.522595245316473,-0.014371369246203598,0.261,insider-event,
003019.SZ,20240222,EVENT,10.7712,0,20240222,16.53,20240314,18.938,TIME_STOP,15,20.797,11.937,27.785,16.872141187886534,0.6652740497143705,0.6072367801019032,0.023943545003283107,0.524,insider-event,
002634.SZ,20240222,EVENT,11.7515,0,20240222,5.01,20240314,5.62,TIME_STOP,15,6.86,3.846,23.232,15.968063872255488,-0.9980039920159611,0.6873274010432651,-0.04295796256520377,0.524,insider-event,
603596.SH,20240222,EVENT,0.7211,0,20240222,26.814,20240307,26.814,BE,10,32.934,21.144,21.147,12.742712336583484,-2.734190716468732,0.6025879237781869,-0.12929667275940648,0.0,insider-event,
001205.SZ,20240222,EVENT,5.5398,0,20240222,13.61,20240314,14.42,TIME_STOP,15,16.72,9.859,27.564,13.152094048493757,1.3960323291697385,0.47715156130997727,0.05064737242955103,0.216,insider-event,
002117.SZ,20240222,EVENT,1.2307,0,20240222,7.375,20240229,7.31,SL_GAP,5,8.63,5.177,29.806,7.5181343637719555,-1.159243441122637,0.2522338109627322,-0.038892679598401446,-0.03,insider-event,
301065.SZ,20240222,EVENT,10.2494,0,20240222,14.526,20240314,16.076,TIME_STOP,15,21.996,10.501,27.711,19.68883381522786,0.8261049153242439,0.7104959630911185,0.02981101943039651,0.385,insider-event,
300674.SZ,20240222,EVENT,10.8123,0,20240222,11.972,20240314,13.362,TIME_STOP,15,15.612,8.746,26.947,13.531573671901121,1.5035081857667887,0.5021587512454341,0.05579541680504814,0.431,insider-event,
300203.SZ,20240222,EVENT,27.8131,0,20240222,11.73,20240314,14.95,TIME_STOP,15,16.15,8.379,28.568,37.59590792838874,2.1312872975277175,1.3159970158797818,0.07460300543536218,0.961,insider-event,
300985.SZ,20240222,EVENT,13.8301,0,20240222,18.508,20240314,21.147,TIME_STOP,15,25.951,13.103,29.206,28.933085873444252,2.285221835903828,0.9906588861491459,0.07824520787248802,0.488,insider-event,
300997.SZ,20240222,EVENT,5.1694,0,20240222,12.472,20240305,13.168,TP2_RUNNER,8,13.168,8.834,29.172,8.867689436033599,-2.517795834195269,0.30398215181791766,-0.08630940461297938,0.191,insider-event,
301280.SZ,20240222,EVENT,25.5601,0,20240222,14.538,20240306,19.2,TP2_RUNNER,9,19.2,10.23,29.633,32.98115647451703,2.516482496053496,1.1129719253043644,0.08492044148880643,1.082,insider-event,
300700.SZ,20240222,EVENT,19.6126,0,20240222,7.83,20240314,9.4,TIME_STOP,15,12.194,5.599,28.488,25.723028744902553,2.389427209252726,0.902955513271213,0.08387606659976037,0.704,insider-event,
688138.SH,20240222,EVENT,17.1342,0,20240222,15.218,20240314,17.892,TIME_STOP,15,22.462,10.797,29.055,19.474736961075756,0.4844174243081367,0.6702766202305156,0.01667255761117576,0.605,insider-event,
002753.SZ,20240222,EVENT,7.6789,0,20240222,5.312,20240314,5.742,TIME_STOP,15,7.952,3.98,25.078,14.68373493975903,-2.259036144578319,0.585522788203753,-0.09008042895442382,0.323,insider-event,
688123.SH,20240222,EVENT,27.1513,0,20240222,43.352,20240314,55.32,TIME_STOP,15,66.36,30.717,29.145,31.758323126215338,0.756364743576432,1.0896673288506826,0.025951809435726367,0.947,insider-event,
603039.SH,20240222,EVENT,7.4037,0,20240222,31.428,20240314,34.753,TIME_STOP,15,38.911,22.678,27.842,12.329769632175115,1.4827542318951226,0.4428553352843451,0.0532569254819367,0.38,insider-event,
688699.SH,20240222,EVENT,16.2657,0,20240222,26.898,20240314,31.39,TIME_STOP,15,40.9,18.981,29.435,18.78074079031016,1.4934029288096173,0.6380354040102406,0.05073516277508801,0.567,insider-event,
601615.SH,20240222,EVENT,10.4735,0,20240222,8.7,20240314,9.648,TIME_STOP,15,11.838,6.801,21.83,12.734077231118658,1.8146876135041845,0.5833210478651869,0.08312698761323956,0.499,insider-event,
688718.SH,20240222,EVENT,14.9364,0,20240222,9.752,20240314,11.25,TIME_STOP,15,14.42,7.151,26.667,29.723632261703337,2.138132594985387,1.1146239630830084,0.08017909135856725,0.576,insider-event,
600826.SH,20240222,EVENT,4.3073,0,20240222,5.234,20240314,5.481,TIME_STOP,15,6.387,3.42,34.66,12.263165034112667,-2.1422853463708313,0.35381001578057214,-0.061808025097722784,0.136,insider-event,
603755.SH,20240222,EVENT,0.7119,0,20240222,19.272,20240314,19.487,TIME_STOP,15,26.057,12.646,34.385,5.680008592629959,-8.277826292928781,0.16518935890009592,-0.2407406249683374,0.032,insider-event,
688593.SH,20240222,EVENT,8.9668,0,20240222,9.696,20240314,10.606,TIME_STOP,15,14.706,7.22,25.537,16.398514851485157,-1.753300330033003,0.6421462570315885,-0.0686571469782201,0.368,insider-event,
688486.SH,20240222,EVENT,14.4215,0,20240222,29.413,20240314,33.781,TIME_STOP,15,43.276,20.361,30.774,20.552546671698458,-1.5907985951742254,0.6678529942803746,-0.05169284478731325,0.483,insider-event,
688519.SH,20240222,EVENT,30.5578,0,20240222,15.732,20240314,20.612,TIME_STOP,15,25.582,10.132,35.599,36.549707602339176,6.1657767607424585,1.0267202346789108,0.17320323958931255,0.871,insider-event,
600382.SH,20240222,EVENT,0.3376,0,20240222,4.06,20240314,4.09,TIME_STOP,15,4.8,3.404,16.168,3.4482758620689724,-3.2019704433497442,0.213275299238303,-0.19804134929270897,0.046,insider-event,
605060.SH,20240222,EVENT,-0.1365,0,20240222,15.3,20240229,15.3,BE,5,17.835,10.595,30.751,11.5326673398495,-0.8852680803505764,0.3750297929447277,-0.0287879546934704,0.0,insider-event,
301270.SZ,20240222,EVENT,10.8779,0,20240222,28.756,20240314,32.026,TIME_STOP,15,34.226,18.114,37.007,15.928965340243995,0.17547922939371574,0.43042628327581894,0.004741731235312296,0.307,insider-event,
301290.SZ,20240222,EVENT,7.1078,0,20240222,19.541,20240314,21.011,TIME_STOP,15,26.741,14.356,26.536,12.947136789314783,-1.0234890742541247,0.48791239066051423,-0.03857014945932887,0.283,insider-event,
603008.SH,20240222,EVENT,17.533,0,20240222,13.751,20240313,16.36,TP2_RUNNER,14,16.36,10.726,21.996,19.91767931292767,-0.6624924551490441,0.9055198439499913,-0.030118973961752702,0.863,insider-event,
688432.SH,20240222,EVENT,12.4387,0,20240222,9.165,20240314,10.335,TIME_STOP,15,11.425,7.027,23.322,13.74795417348611,0.4364429896345001,0.5894736842105274,0.01871345029239857,0.547,insider-event,
603950.SH,20240222,EVENT,23.4694,0,20240222,13.642,20240312,17.49,TP2_RUNNER,13,17.49,13.04,4.412,30.624092888243837,-2.068581313864326,6.941679128391385,-0.46889316148021504,6.393,insider-event,
001296.SZ,20240222,EVENT,8.2336,0,20240222,18.38,20240314,19.97,TIME_STOP,15,23.88,14.489,21.172,12.241566920565838,-2.4483133841131655,0.5781938325991194,-0.11563876651982379,0.409,insider-event,
688616.SH,20240222,EVENT,12.7018,0,20240222,6.749,20240314,7.635,TIME_STOP,15,10.838,4.305,36.206,16.224625870499352,-1.4965180026670577,0.44812113594177116,-0.041333547698738544,0.363,insider-event,
688237.SH,20240222,EVENT,8.2291,0,20240222,21.477,20240314,23.334,TIME_STOP,15,37.434,13.447,37.388,15.67691294804785,-2.2957518394044474,0.41930319956334405,-0.06140342137867047,0.231,insider-event,
688252.SH,20240222,EVENT,21.8256,0,20240222,12.573,20240314,15.373,TIME_STOP,15,20.373,8.742,30.473,23.940189294519996,5.249343832021003,0.785607755406413,0.17225950782997784,0.731,insider-event,
688173.SH,20240222,EVENT,31.8298,0,20240222,11.009,20240314,14.12,TIME_STOP,15,17.7,7.329,33.423,59.8721023181455,0.19257321415595552,1.7913233889566176,0.005761630028808376,0.846,insider-event,
688068.SH,20240222,EVENT,-1.1236,0,20240222,32.442,20240229,31.25,SL_GAP,5,41.49,22.279,31.329,8.222906514026418,-3.675140171936031,0.262472574041303,-0.11730931140287407,-0.117,insider-event,
688286.SH,20240222,EVENT,17.2396,0,20240222,26.122,20240314,30.739,TIME_STOP,15,51.898,18.705,28.395,26.11591761733405,3.8090498430441766,0.9197478849978089,0.13414675250261207,0.622,insider-event,
001222.SZ,20240222,EVENT,7.5337,0,20240222,11.07,20240314,11.95,TIME_STOP,15,16.2,8.437,23.787,15.627822944896108,1.2646793134598155,0.6569917265699168,0.05316696053167019,0.334,insider-event,
300642.SZ,20240222,EVENT,7.1662,0,20240222,12.479,20240314,13.425,TIME_STOP,15,16.895,9.034,27.607,12.0687237307626,-1.7144871964388075,0.4371670920562382,-0.06210411297462399,0.275,insider-event,
600986.SH,20240222,EVENT,9.2804,0,20240222,4.66,20240228,5.16,TP2_RUNNER,4,5.16,3.261,30.028,10.944206008583679,0.8583690987124415,0.3644716692189888,0.028586013272077423,0.357,insider-event,
603626.SH,20240222,EVENT,17.5984,0,20240222,5.287,20240314,6.24,TIME_STOP,15,9.27,3.842,27.33,21.439110203155142,2.334203457798978,0.7844606820451465,0.0854089007979281,0.66,insider-event,
603798.SH,20240222,EVENT,33.7665,0,20240222,7.109,20240314,8.901,TIME_STOP,15,12.821,5.407,23.943,67.40303747684335,4.52667603482253,2.8152034061753306,0.18906438446876705,1.053,insider-event,
603416.SH,20240222,EVENT,11.7279,0,20240222,24.605,20240314,27.955,TIME_STOP,15,35.365,16.933,31.181,17.354196301564716,1.1379800853485111,0.5565589796108369,0.03649567079415341,0.437,insider-event,
600645.SH,20240222,EVENT,6.0149,0,20240222,16.078,20240314,16.88,TIME_STOP,15,19.23,12.419,22.754,9.780066676618414,0.13932427725533714,0.4298154497387566,0.0061230387141629926,0.219,insider-event,
688628.SH,20240222,EVENT,11.9807,0,20240222,30.715,20240313,34.525,TP2_RUNNER,14,34.525,21.438,30.205,23.08418593672421,-3.1247202077177905,0.764262038858498,-0.1034519927780323,0.411,insider-event,
603629.SH,20240222,EVENT,28.5026,0,20240222,14.33,20240314,18.321,TIME_STOP,15,22.241,9.861,31.188,38.087927424982546,0.9979064898813617,1.2212242288636725,0.0319961642959883,0.893,insider-event,
603700.SH,20240222,EVENT,11.1296,0,20240222,9.675,20240314,10.793,TIME_STOP,15,13.933,7.173,25.863,15.27326885968041,1.2168135876311492,0.5905557753559775,0.04704927925443711,0.447,insider-event,
300873.SZ,20240222,EVENT,2.3843,0,20240222,11.808,20240229,11.736,SL_GAP,5,16.652,8.071,31.651,15.02371273712737,-0.6690379403794133,0.4746624365724771,-0.02113772970080396,-0.019,insider-event,
300786.SZ,20240222,EVENT,21.2917,0,20240222,10.712,20240314,13.04,TIME_STOP,15,20.21,6.904,35.552,47.40753188072966,4.557590694374425,1.33348088350039,0.12819608666946752,0.611,insider-event,
301320.SZ,20240222,EVENT,22.503,0,20240222,13.552,20240314,16.662,TIME_STOP,15,21.312,10.48,22.669,24.940968122786302,2.951593860684776,1.1002092536619388,0.1302022785398747,1.012,insider-event,
300978.SZ,20240222,EVENT,18.324,0,20240222,8.732,20240314,10.37,TIME_STOP,15,12.3,6.257,28.341,20.0210724020248,3.4151034151034043,0.7064412963411965,0.12050154133905959,0.662,insider-event,
301110.SZ,20240222,EVENT,18.6999,0,20240222,14.387,20240314,17.14,TIME_STOP,15,20.72,9.49,34.034,20.986912894427334,-0.12984232637411885,0.6166370192160406,-0.003815024415747816,0.562,insider-event,
301222.SZ,20240222,EVENT,14.8887,0,20240222,13.382,20240314,15.432,TIME_STOP,15,21.039,9.489,29.093,19.055447616200883,2.5631445224929106,0.6549857811209988,0.08810200899000127,0.527,insider-event,
300331.SZ,20240222,EVENT,16.5835,0,20240222,16.16,20240314,18.91,TIME_STOP,15,27.2,10.941,32.298,21.90594059405939,1.0519801980197974,0.6782537293006702,0.03257150677432585,0.527,insider-event,
300128.SZ,20240219,EVENT,0.7783,0,20240219,4.109,20240229,4.01,SL_GAP,8,4.5,3.299,19.705,12.936594864305695,-2.884264330047459,0.656520204693841,-0.14637374272101625,-0.122,insider-event,
300997.SZ,20240219,EVENT,11.7517,0,20240219,11.383,20240304,13.168,TP2_RUNNER,10,13.168,10.271,9.774,16.296026889173532,2.591403687246463,1.6673677776579332,0.2651457951317754,1.604,insider-event,
002713.SZ,20240219,EVENT,17.7953,0,20240219,3.986,20240229,4.788,TP2_RUNNER,8,4.788,3.478,12.751,34.052898583449995,0.6337593520902018,2.6706976665739033,0.04970442145031669,1.579,insider-event,
301325.SZ,20240219,EVENT,0.8973,0,20240219,53.149,20240229,52.749,SL_GAP,8,65.092,49.149,7.525,10.246665036030777,-5.4601215450902245,1.361621573354765,-0.725564782569874,-0.1,insider-event,
300171.SZ,20240219,EVENT,-0.5752,0,20240219,14.926,20240222,14.747,SL_GAP,3,17.657,13.725,8.049,2.2160317776156457,-3.1436605224493985,0.27532667983414194,-0.390578159986015,-0.149,insider-event,
002627.SZ,20240219,EVENT,4.5744,0,20240219,4.414,20240311,4.634,TIME_STOP,15,5.254,4.304,2.492,9.288627095604895,-1.1327594019030274,3.7272727272727173,-0.45454545454544987,2.0,insider-event,
000534.SZ,20240219,EVENT,-0.0316,0,20240219,10.841,20240311,10.881,TIME_STOP,15,12.341,9.949,8.226,8.117332349414275,-1.5681210220459318,0.9867841409691652,-0.190628754505406,0.045,insider-event,
300685.SZ,20240219,EVENT,5.3305,0,20240219,18.598,20240221,19.666,TP2_RUNNER,2,19.666,15.935,14.32,6.97843977946182,0.042262290745198605,0.4873289390681931,0.0029513240727625065,0.401,insider-event,
688088.SH,20240219,EVENT,-2.9683,0,20240219,27.934,20240221,27.215,SL_HIT,2,41.364,27.215,2.574,3.687262833822569,-4.474833536192458,1.4326875310481773,-1.7386984600099311,-1.0,insider-event,
688646.SH,20240219,EVENT,5.5642,0,20240219,28.112,20240311,29.186,TIME_STOP,15,35.206,26.974,4.05,15.025448170961608,-3.685396008258379,3.709979447362411,-0.9099724208196461,0.943,insider-event,
603039.SH,20240219,EVENT,2.1838,0,20240219,31.869,20240311,32.694,TIME_STOP,15,38.911,28.211,11.479,9.805767360130524,-7.555932097022189,0.854225242111839,-0.6582318025616998,0.226,insider-event,
002093.SZ,20240219,EVENT,12.5788,0,20240219,6.49,20240226,7.43,TP2_RUNNER,5,7.43,6.132,5.514,15.716486902927574,-0.46224961479198745,2.8502994011976015,-0.08383233532934121,2.627,insider-event,
688068.SH,20240219,EVENT,2.7463,0,20240219,31.165,20240305,31.165,BE,11,41.49,30.905,0.835,12.657707956310249,-0.11294649159960812,15.16064565718693,-0.1352805534204512,0.0,insider-event,
000862.SZ,20240219,EVENT,10.6181,0,20240219,5.623,20240226,6.28,TP2_RUNNER,5,6.28,5.412,3.747,14.169867690994465,-0.41257646891449395,3.781680113906029,-0.11010915994304608,3.117,insider-event,
002111.SZ,20240219,EVENT,17.7596,0,20240219,7.15,20240311,8.61,TIME_STOP,15,9.4,7.054,1.344,28.251748251748253,-0.9790209790209836,21.026022304832765,-0.7286245353159901,15.197,insider-event,
300664.SZ,20240219,EVENT,-2.852,0,20240219,4.326,20240220,4.22,SL_GAP,1,5.19,4.31,0.385,-2.457064928460806,-4.537364491597895,-6.381646655231695,-11.784734133790987,-6.382,insider-event,
605060.SH,20240219,EVENT,1.0744,0,20240219,14.555,20240221,14.485,SL_GAP,2,17.835,13.448,7.604,7.832360013740991,-3.778770182068014,1.0300096805421122,-0.49693449499838643,-0.063,insider-event,
000818.SZ,20240219,EVENT,0.715,0,20240219,28.2,20240228,28.2,BE,7,29.25,23.236,17.603,7.978723404255317,-7.765957446808502,0.4532700194258578,-0.4411828189078347,0.0,insider-event,
002635.SZ,20240219,EVENT,9.6446,0,20240219,12.038,20240311,13.25,TIME_STOP,15,16.3,10.917,9.314,14.051701222753854,-2.229532163742687,1.5086637447762712,-0.2393741718479254,1.081,insider-event,
600210.SH,20240219,EVENT,0.0792,0,20240219,3.75,20240222,3.75,BE,3,3.89,3.173,15.39,3.4666666666666623,-1.0666666666666713,0.22524752475247486,-0.06930693069306958,0.0,insider-event,
605183.SH,20240219,EVENT,8.2589,0,20240219,11.307,20240311,12.207,TIME_STOP,15,13.607,10.941,3.241,12.381710444857163,2.211019722295915,3.820662768031191,0.6822612085769962,2.456,insider-event,
688298.SH,20240219,EVENT,-3.466,0,20240219,32.848,20240229,31.2,SL_GAP,8,36.18,28.596,12.945,4.419724672889225,-5.443829494462404,0.34142899858558196,-0.42054231662125513,-0.388,insider-event,
000404.SZ,20240219,EVENT,16.6835,0,20240219,4.51,20240304,5.36,TP2_RUNNER,10,5.36,4.159,7.784,24.611973392461195,-0.44345898004433115,3.161749745676503,-0.05696846388606123,2.421,insider-event,
002166.SZ,20240219,EVENT,6.4101,0,20240219,6.554,20240311,6.92,TIME_STOP,15,7.64,5.551,15.3,15.505508254752964,-0.5157313314413048,1.0134347708395661,-0.03370802524540206,0.365,insider-event,
002252.SZ,20240219,EVENT,3.2272,0,20240219,6.821,20240311,7.12,TIME_STOP,15,8.6,6.398,6.205,8.193693099353494,0.8634970899121797,1.3205184460120887,0.1391636007695678,0.706,insider-event,
603416.SH,20240219,EVENT,-1.0686,0,20240219,23.875,20240220,23.715,SL_GAP,1,35.365,23.742,0.556,4.732984293193709,-2.4712041884816793,8.505376344085912,-4.440860215053721,-1.204,insider-event,
301026.SZ,20240223,EVENT,15.4953,0,20240223,10.535,20240315,11.768,TIME_STOP,15,14.494,7.623,27.644,32.57712387280493,-2.135738016136679,1.1784702549575072,-0.07725985063095517,0.423,insider-event,
301006.SZ,20240223,EVENT,5.5792,0,20240223,12.185,20240315,12.915,TIME_STOP,15,17.055,7.947,34.779,11.243331965531379,-5.580631924497325,0.32327658857239133,-0.16045845272206283,0.172,insider-event,
301258.SZ,20240223,EVENT,4.1127,0,20240223,24.107,20240315,25.197,TIME_STOP,15,30.677,17.892,25.781,9.748205915294328,-2.8207574563404836,0.3781174577634763,-0.10941271118262282,0.175,insider-event,
301085.SZ,20240223,EVENT,1.8903,0,20240223,46.542,20240228,46.542,BE,3,57.352,29.117,37.439,17.919298697950236,-0.9024107257960545,0.47863247863247854,-0.02410379388796653,0.0,insider-event,
300440.SZ,20240223,EVENT,9.5028,0,20240223,5.543,20240315,6.093,TIME_STOP,15,7.083,3.435,38.027,12.989355944434422,-1.443261771603821,0.34157912572009497,-0.03795323619112156,0.261,insider-event,
300745.SZ,20240223,EVENT,11.2202,0,20240223,17.83,20240315,19.54,TIME_STOP,15,25.57,11.857,33.497,17.666853617498603,-3.7577117218171474,0.5274173294265385,-0.1121808287986601,0.286,insider-event,
003004.SZ,20240223,EVENT,12.9274,0,20240223,19.119,20240315,21.672,TIME_STOP,15,31.582,12.008,37.191,27.94682533704902,-9.764588720678214,0.7514459600314704,-0.2625543566050461,0.359,insider-event,
600543.SH,20240223,EVENT,11.3534,0,20240223,5.108,20240315,5.71,TIME_STOP,15,6.2,3.745,26.682,14.125753660637375,-2.513507164669959,0.5294037500131005,-0.09420099986375034,0.441,insider-event,
002910.SZ,20240223,EVENT,4.688,0,20240223,7.583,20240315,7.97,TIME_STOP,15,11.25,5.314,29.932,15.647334968483783,-3.7371100034285454,0.522770756759478,-0.1248552439454208,0.17,insider-event,
300132.SZ,20240223,EVENT,7.9169,0,20240223,3.6,20240315,3.9,TIME_STOP,15,5.33,2.448,32.004,13.055555555555554,-2.777777777777779,0.4079355238685677,-0.08679479231246126,0.26,insider-event,
300834.SZ,20240223,EVENT,7.1968,0,20240223,16.159,20240315,17.389,TIME_STOP,15,21.219,12.131,24.929,13.86224395073954,0.2475400705489461,0.5560776664597932,0.009929958329640198,0.305,insider-event,
301326.SZ,20240223,EVENT,18.204,0,20240223,23.121,20240315,27.431,TIME_STOP,15,41.181,13.715,40.682,35.46559404870033,-3.546559404870031,0.8717773474579494,-0.08717773474579489,0.458,insider-event,
301237.SZ,20240223,EVENT,5.9426,0,20240223,19.512,20240315,20.752,TIME_STOP,15,30.432,13.29,31.889,15.067650676506773,-4.663796637966378,0.4725060268625877,-0.1462518654574675,0.199,insider-event,
301279.SZ,20240223,EVENT,7.5786,0,20240223,9.269,20240315,10.01,TIME_STOP,15,14.431,6.057,34.653,18.3083396267127,-2.3087711727262983,0.5283371323733809,-0.06662589648079187,0.231,insider-event,
301176.SZ,20240223,EVENT,11.2578,0,20240223,10.53,20240315,11.76,TIME_STOP,15,17.0,6.884,34.626,17.378917378917393,-2.1842355175688333,0.5019100793417578,-0.06308159467136791,0.337,insider-event,
301068.SZ,20240223,EVENT,3.7606,0,20240223,14.209,20240228,14.209,BE,3,17.367,8.173,42.481,14.444803360012726,-4.176580829545362,0.3400336395859402,-0.09831757103918953,0.0,insider-event,
301003.SZ,20240223,EVENT,15.8093,0,20240223,16.347,20240315,18.807,TIME_STOP,15,22.187,10.684,34.644,19.330764054566597,-5.627943965253568,0.5579870088919721,-0.16245191398120712,0.434,insider-event,
301012.SZ,20240223,EVENT,34.8215,0,20240223,10.399,20240315,14.069,TIME_STOP,15,18.026,6.572,36.801,46.32176170785654,-3.317626694874498,1.2587000139984141,-0.09014978302459033,0.959,insider-event,
300074.SZ,20240223,EVENT,15.0029,0,20240223,3.46,20240315,3.85,TIME_STOP,15,4.72,2.249,35.002,26.878612716762994,-3.4682080924855474,0.7679150693010908,-0.09908581539368913,0.322,insider-event,
300135.SZ,20240223,EVENT,6.6395,0,20240223,2.317,20240315,2.48,TIME_STOP,15,3.29,1.452,37.331,16.98178364845033,-1.1482344815678003,0.4548953532550347,-0.03075804879660335,0.189,insider-event,
688356.SH,20240223,EVENT,8.8626,0,20240223,77.139,20240315,84.298,TIME_STOP,15,106.938,56.502,26.753,13.169996637231417,-4.758719410019507,0.4922739562319834,-0.17787351774606758,0.347,insider-event,
002836.SZ,20240223,EVENT,8.2946,0,20240223,5.395,20240315,5.865,TIME_STOP,15,8.625,3.188,40.904,19.833178869323454,-3.3364226135310426,0.48486810163456895,-0.08156659653665632,0.213,insider-event,
001336.SZ,20240223,EVENT,4.1151,0,20240223,19.067,20240315,19.93,TIME_STOP,15,29.35,14.123,25.932,11.551653607728362,-6.594501610077952,0.4454607966069369,-0.25430055645762484,0.174,insider-event,
002312.SZ,20240223,EVENT,-1.1487,0,20240223,6.93,20240227,6.83,SL_GAP,2,6.99,4.667,32.653,1.443001443001446,-2.3088023088023157,0.04419191919191929,-0.07070707070707093,-0.044,insider-event,
301322.SZ,20240223,EVENT,0.2981,0,20240223,23.164,20240315,23.326,TIME_STOP,15,29.802,15.995,30.95,5.6077485686854,-5.007852695689263,0.1811890111646271,-0.1618060914957819,0.023,insider-event,
688037.SH,20240223,EVENT,13.3036,0,20240223,70.652,20240315,79.629,TIME_STOP,15,95.171,50.943,27.897,20.331470974634392,1.6342841581751033,0.7288118075018624,0.05858334563088224,0.455,insider-event,
002494.SZ,20240223,EVENT,8.9372,0,20240223,3.475,20240315,3.8,TIME_STOP,15,5.87,2.359,32.125,16.550116550116556,-2.731013842124952,0.515170904623575,-0.0850108135085676,0.291,insider-event,
301353.SZ,20240223,EVENT,9.8055,0,20240223,13.114,20240315,14.455,TIME_STOP,15,18.769,9.236,29.57,18.118041787402774,-2.2800061003507843,0.6127151659160609,-0.07710514924617144,0.346,insider-event,
301335.SZ,20240223,EVENT,4.6413,0,20240223,15.838,20240315,16.638,TIME_STOP,15,21.068,12.032,24.029,15.91109988634929,-2.33615355474176,0.6621621621621625,-0.09722222222222224,0.21,insider-event,
688528.SH,20240223,EVENT,12.1991,0,20240223,7.05,20240315,7.94,TIME_STOP,15,11.47,4.424,37.244,17.163120567375877,-4.964539007092195,0.46082698585418896,-0.13329706202393893,0.339,insider-event,
688232.SH,20240223,EVENT,2.0165,0,20240223,24.644,20240228,24.644,BE,3,36.133,16.653,32.426,10.180664151660013,-0.5318520844973973,0.313966715346005,-0.01640205879813314,0.0,insider-event,
603517.SH,20240223,EVENT,0.0623,0,20240223,20.84,20240229,20.6,SL_GAP,4,24.31,15.978,23.331,7.0083255356414575,-1.48516039252381,0.3003907856849038,-0.06365693130399003,-0.049,insider-event,
300828.SZ,20240223,EVENT,17.1992,0,20240223,10.094,20240315,11.874,TIME_STOP,15,15.394,6.141,39.16,21.497919556171972,-2.6748563503071088,0.5489700036140223,-0.06830502349114553,0.45,insider-event,
300068.SZ,20240223,EVENT,9.548,0,20240223,11.136,20240315,12.246,TIME_STOP,15,14.076,8.543,23.287,15.894396551724155,-2.244971264367812,0.6825506128632431,-0.09640545379424312,0.428,insider-event,
002431.SZ,20240223,EVENT,24.3815,0,20240223,2.07,20240312,2.62,TP2_RUNNER,12,2.62,1.622,21.618,35.7487922705314,-2.415458937198056,1.6536312849162011,-0.11173184357541846,1.229,insider-event,
603822.SH,20240223,EVENT,5.4744,0,20240223,19.708,20240315,20.868,TIME_STOP,15,28.378,14.805,24.877,11.77186929165821,-4.110006088897899,0.4731934731934732,-0.16520979020978982,0.237,insider-event,
603166.SH,20240223,EVENT,9.9744,0,20240223,4.81,20240315,5.31,TIME_STOP,15,6.57,3.536,26.478,15.176715176715195,-1.8711018711018657,0.5731912507010665,-0.07066741446999421,0.393,insider-event,
603067.SH,20240223,EVENT,1.937,0,20240223,5.746,20240229,5.732,SL_GAP,4,6.821,4.289,25.356,9.607445927225378,-0.8520769375352399,0.37890781656464106,-0.03360504075611333,-0.01,insider-event,
001202.SZ,20240223,EVENT,5.4138,0,20240223,12.36,20240315,13.08,TIME_STOP,15,18.24,8.649,30.025,21.035598705501624,-2.265372168284785,0.7006062939081897,-0.07544990857472796,0.194,insider-event,
001299.SZ,20240223,EVENT,13.1186,0,20240223,11.0,20240315,12.49,TIME_STOP,15,16.04,7.892,28.256,21.636363636363654,-4.545454545454541,0.7657129725382058,-0.16086406986096735,0.479,insider-event,
601615.SH,20240223,EVENT,7.1319,0,20240223,8.878,20240315,9.548,TIME_STOP,15,11.838,6.802,23.384,10.475332282045514,0.3379139445821133,0.4479614656803718,0.014450369860657156,0.323,insider-event,
605300.SH,20240223,EVENT,2.2213,0,20240223,12.993,20240315,13.334,TIME_STOP,15,15.974,9.665,25.612,6.8595125285158876,-2.99212792355128,0.26782554342739856,-0.11682583620891757,0.103,insider-event,
603928.SH,20240223,EVENT,10.3559,0,20240223,5.159,20240315,5.715,TIME_STOP,15,7.526,3.622,29.797,14.111261872455906,-1.1436324869160686,0.47358394126666986,-0.038381116119139434,0.362,insider-event,
688526.SH,20240223,EVENT,-1.0817,0,20240223,14.764,20240315,14.663,TIME_STOP,15,18.513,11.948,19.073,5.277274860859649,-4.611731205977843,0.2766924609445746,-0.241797384112193,-0.036,insider-event,
603356.SH,20240223,EVENT,27.0258,0,20240223,11.55,20240314,15.18,TP2_RUNNER,14,15.18,7.74,32.987,33.93939393939394,-6.493506493506496,1.0288713910761151,-0.1968503937007874,0.953,insider-event,
600199.SH,20240223,EVENT,16.9261,0,20240223,14.7,20240313,17.51,TP2_RUNNER,13,17.51,11.314,23.032,19.795918367346932,-1.7006802721088454,0.8594936708860755,-0.07383966244725745,0.83,insider-event,
688247.SH,20240223,EVENT,5.7471,0,20240223,7.963,20240315,8.453,TIME_STOP,15,11.023,5.785,27.341,14.699148641707382,-1.8784136277608887,0.5376170724873337,-0.06870243033067389,0.225,insider-event,
688435.SH,20240223,EVENT,16.8858,0,20240223,34.353,20240315,40.09,TIME_STOP,15,67.7,22.839,33.517,26.74293365936016,6.540913457339981,0.7978932610408378,0.19515251524532126,0.498,insider-event,
002548.SZ,20240223,EVENT,-2.2522,0,20240223,4.31,20240315,4.23,TIME_STOP,15,5.35,3.043,29.392,12.296983758700698,-7.42459396751739,0.41838173104031584,-0.2526078376092468,-0.063,insider-event,
688195.SH,20240223,EVENT,8.8963,0,20240223,16.941,20240315,18.519,TIME_STOP,15,25.833,10.519,37.906,14.96369753851603,-4.810814001534725,0.39476099107366336,-0.12691526931954028,0.246,insider-event,
002796.SZ,20240223,EVENT,15.9629,0,20240223,7.99,20240315,9.3,TIME_STOP,15,11.48,5.07,36.546,27.40926157697121,-0.8760951188986232,0.75,-0.023972602739726026,0.449,insider-event,
001360.SZ,20240223,EVENT,8.6947,0,20240223,12.51,20240315,13.65,TIME_STOP,15,18.22,9.486,24.169,13.029576338928873,2.6378896882494063,0.5390975667375392,0.1091424521615878,0.377,insider-event,
688237.SH,20240223,EVENT,3.3887,0,20240223,21.536,20240315,22.354,TIME_STOP,15,37.434,13.472,37.445,15.357862898545061,-2.5652312404174094,0.41014871287226895,-0.06850733714888212,0.101,insider-event,
603096.SH,20240223,EVENT,16.144,0,20240223,13.51,20240315,15.626,TIME_STOP,15,18.326,9.296,31.189,20.181738238311596,0.7140139486614627,0.6470711088538378,0.02289286443228253,0.502,insider-event,
688485.SH,20240223,EVENT,7.8911,0,20240223,9.028,20240315,9.778,TIME_STOP,15,14.058,6.779,24.911,12.516614975631368,-3.6552946389011964,0.5024614895982211,-0.1467365412101,0.333,insider-event,
300997.SZ,20240223,EVENT,4.9191,0,20240223,12.502,20240305,13.168,TP2_RUNNER,7,13.168,8.827,29.394,8.609055393977783,-2.7493816850801434,0.29288192838155214,-0.09353456017328907,0.181,insider-event,
300915.SZ,20240223,EVENT,-0.5679,0,20240223,18.243,20240315,18.212,TIME_STOP,15,22.682,13.372,26.7,6.656185779211787,-5.655567998868594,0.24929938633428722,-0.2118224578245973,-0.006,insider-event,
301097.SZ,20240223,EVENT,12.7065,0,20240223,25.631,20240315,28.997,TIME_STOP,15,37.607,18.238,28.843,17.670008973508633,-2.649135812102521,0.6126183574879221,-0.0918454106280189,0.455,insider-event,
002879.SZ,20240223,EVENT,15.5522,0,20240223,12.45,20240315,14.44,TIME_STOP,15,16.06,9.151,26.5,20.080321285140567,-1.2048192771084265,0.7577397705130982,-0.0454643862307856,0.603,insider-event,
002420.SZ,20240223,EVENT,6.9928,0,20240223,4.05,20240315,4.35,TIME_STOP,15,6.36,2.616,35.397,16.049382716049386,-2.4691358024691246,0.45341305430991535,-0.06975585450921741,0.209,insider-event,
688503.SH,20240223,EVENT,23.645,0,20240223,32.522,20240311,40.851,TP2_RUNNER,11,40.851,21.352,34.346,28.11134694791204,-4.524530563311724,0.8184677114377402,-0.13173264811343052,0.746,insider-event,
603119.SH,20240223,EVENT,10.9629,0,20240223,12.631,20240228,14.277,TP2_RUNNER,3,14.277,10.259,18.781,15.232364816720768,3.744754967936026,0.8110443671619767,0.19938876593950858,0.694,insider-event,
688486.SH,20240223,EVENT,11.47,0,20240223,29.68,20240315,33.21,TIME_STOP,15,43.276,20.315,31.553,19.4676549865229,-2.4764150943396235,0.6169804628955181,-0.07848401526967917,0.377,insider-event,
300378.SZ,20240223,EVENT,18.0796,0,20240223,17.552,20240313,21.312,TP2_RUNNER,13,21.312,11.726,33.195,22.504557885141296,-2.6207839562443103,0.6779453230354299,-0.07895059458134143,0.645,insider-event,
688519.SH,20240223,EVENT,20.8988,0,20240223,16.723,20240315,20.292,TIME_STOP,15,25.582,10.141,39.358,28.457198075952505,1.368886592661167,0.7230429565884768,0.03478078925937712,0.542,insider-event,
603111.SH,20240223,EVENT,12.6103,0,20240223,4.54,20240227,5.276,TP2_RUNNER,2,5.276,2.93,35.474,30.524609373279233,4.97473646187121,0.8604787306700915,0.140236189881479,0.457,insider-event,
600261.SH,20240223,EVENT,6.4286,0,20240223,2.47,20240315,2.63,TIME_STOP,15,2.92,1.847,25.202,8.906882591093112,-2.429149797570851,0.35341365461847357,-0.0963855421686747,0.257,insider-event,
603726.SH,20240223,EVENT,14.1772,0,20240223,9.585,20240315,10.985,TIME_STOP,15,13.805,6.232,34.98,23.995826812728204,-2.399582681272827,0.6859821048146563,-0.06859821048146583,0.418,insider-event,
688523.SH,20240223,EVENT,14.2585,0,20240223,18.227,20240315,20.841,TIME_STOP,15,24.401,13.276,27.161,21.200051133243235,2.601156862196463,0.7805442588719881,0.0957694885947344,0.528,insider-event,
300897.SZ,20240223,EVENT,12.4437,0,20240223,7.935,20240315,8.956,TIME_STOP,15,11.664,5.269,33.593,19.12008418558635,-2.2287755912210216,0.5691741654027337,-0.06634706597994547,0.383,insider-event,
688571.SH,20240223,EVENT,8.0528,0,20240223,5.077,20240315,5.507,TIME_STOP,15,7.027,3.498,31.107,10.636202481780588,-3.7423675398857714,0.3419267299864318,-0.12030755314337443,0.272,insider-event,
600094.SH,20240223,EVENT,4.9428,0,20240223,2.802,20240315,2.952,TIME_STOP,15,3.132,2.158,22.968,7.137758743754441,-2.1413276231263434,0.3107658157602654,-0.09322974472808011,0.233,insider-event,
002058.SZ,20240223,EVENT,5.1773,0,20240223,10.2,20240315,10.77,TIME_STOP,15,14.2,6.91,32.258,13.921568627450975,-7.352941176470584,0.43156409421469655,-0.22793878215564953,0.173,insider-event,
300448.SZ,20240226,EVENT,6.5865,0,20240226,4.007,20240318,4.287,TIME_STOP,15,5.387,2.428,39.406,14.987283260077945,-7.975230436312719,0.38032937889249785,-0.20238587512701658,0.178,insider-event,
300875.SZ,20240226,EVENT,17.6041,0,20240226,24.03,20240318,28.2,TIME_STOP,15,40.6,15.242,36.57,28.08988764044944,-6.5751144402829915,0.7681053401609363,-0.1797935462895232,0.475,insider-event,
301225.SZ,20240226,EVENT,2.5283,0,20240226,18.272,20240228,18.272,BE,2,26.178,12.237,33.027,18.68979859894924,-0.19154991243433006,0.5659026211908702,-0.005799880451443889,0.0,insider-event,
301033.SZ,20240226,EVENT,6.1201,0,20240226,30.308,20240318,32.288,TIME_STOP,15,42.758,19.307,36.296,9.832387488451877,-11.152171043948789,0.27089150055191175,-0.3072527757937796,0.18,insider-event,
301116.SZ,20240226,EVENT,2.3255,0,20240226,9.521,20240318,9.781,TIME_STOP,15,12.761,6.751,29.09,8.717571683646685,-4.936456254595112,0.29967762733720205,-0.16969696969696987,0.094,insider-event,
301059.SZ,20240226,EVENT,6.6653,0,20240226,8.193,20240318,8.773,TIME_STOP,15,11.383,4.98,39.215,13.059929207860366,-7.567435615769547,0.33303690529124047,-0.19297465540240075,0.181,insider-event,
301222.SZ,20240226,EVENT,5.73,0,20240226,14.539,20240318,15.432,TIME_STOP,15,21.039,9.503,34.639,9.581126624939817,-5.110392736776948,0.2765986114755377,-0.1475324970038224,0.177,insider-event,
300158.SZ,20240226,EVENT,-0.1687,0,20240226,5.009,20240229,4.88,SL_GAP,3,5.35,3.435,31.422,9.39433864335053,-3.3816425120772875,0.2989753410235709,-0.10762095786101283,-0.082,insider-event,
300801.SZ,20240226,EVENT,2.431,0,20240226,13.115,20240307,13.115,BE,8,16.245,9.462,27.855,14.182234083110945,-5.947388486465877,0.509140678463193,-0.21351060709746786,0.0,insider-event,
001211.SZ,20240226,EVENT,0.5715,0,20240226,16.44,20240318,16.6,TIME_STOP,15,25.23,10.75,34.609,6.690997566909962,-10.523114355231144,0.19333375180465714,-0.3040612642018705,0.028,insider-event,
002117.SZ,20240226,EVENT,-2.9466,0,20240226,7.692,20240229,7.31,SL_GAP,3,8.63,5.181,32.651,3.0901030901030913,-5.229905229905219,0.09464140469026404,-0.1601776908157052,-0.152,insider-event,
300629.SZ,20240226,EVENT,10.298,0,20240226,16.891,20240318,18.702,TIME_STOP,15,21.972,11.991,29.009,13.916092113255395,-3.193226367531854,0.47970913679211985,-0.11007543295085323,0.37,insider-event,
603028.SH,20240226,EVENT,7.5093,0,20240226,8.366,20240318,8.846,TIME_STOP,15,11.346,4.532,45.832,13.626583791537183,-4.781257470714795,0.29731743666169924,-0.10432190760059606,0.125,insider-event,
603506.SH,20240226,EVENT,0.482,0,20240226,7.902,20240318,7.972,TIME_STOP,15,10.732,5.656,28.421,8.602942479163978,-6.835835174597394,0.30269456773820924,-0.24051888970731367,0.031,insider-event,
301366.SZ,20240226,EVENT,22.1117,0,20240226,16.773,20240318,21.215,TP2_RUNNER,15,21.215,10.982,34.525,27.684589967673425,-3.688043222926951,0.8018623647977228,-0.10682127001575918,0.767,insider-event,
300845.SZ,20240226,EVENT,4.1062,0,20240226,6.79,20240318,7.097,TIME_STOP,15,9.978,3.522,48.133,13.468847978251697,-10.874306558808676,0.2798241365926665,-0.22592083961271248,0.094,insider-event,
300828.SZ,20240226,EVENT,12.1754,0,20240226,10.714,20240318,12.064,TIME_STOP,15,15.394,6.146,42.638,19.22717939145042,-8.306888183684901,0.45094206864201347,-0.1948244859666954,0.296,insider-event,
603281.SH,20240226,EVENT,0.1501,0,20240226,14.483,20240228,14.483,BE,2,17.908,11.651,19.552,5.413243112614774,-1.9816336394393508,0.27686409040460014,-0.10135203309454184,0.0,insider-event,
688291.SH,20240226,EVENT,5.668,0,20240226,19.737,20240318,20.937,TIME_STOP,15,28.207,12.853,34.876,10.133252267315186,-6.130617621725676,0.29054685067967184,-0.17578084466120117,0.174,insider-event,
688143.SH,20240226,EVENT,16.7135,0,20240226,22.315,20240318,26.39,TIME_STOP,15,33.08,13.252,40.611,22.520681526892705,-0.8272610757082743,0.554551373301994,-0.020370554286533872,0.45,insider-event,
603321.SH,20240226,EVENT,6.8066,0,20240226,5.955,20240318,6.385,TIME_STOP,15,8.605,3.959,33.525,11.92275398824516,-2.686817800167929,0.35563506261180644,-0.08014311270125232,0.215,insider-event,
300232.SZ,20240226,EVENT,-0.6099,0,20240226,6.554,20240318,6.54,TIME_STOP,15,7.01,4.438,32.291,6.350514205499103,-5.703561292685166,0.19666398903747115,-0.1766290223503286,-0.007,insider-event,
300122.SZ,20240226,EVENT,-4.0602,0,20240226,51.52,20240318,49.63,TIME_STOP,15,60.68,40.876,20.658,6.736077143456098,-6.967445399420802,0.3260682234887033,-0.33726789276021396,-0.178,insider-event,
301047.SZ,20240226,EVENT,2.1011,0,20240226,63.172,20240228,65.292,TP2_RUNNER,2,65.292,46.586,26.255,5.461280314063188,-1.5829798011777418,0.2080058568936929,-0.06029155272280977,0.128,insider-event,
300776.SZ,20240226,EVENT,1.8315,0,20240226,45.174,20240318,46.184,TIME_STOP,15,60.124,34.16,24.382,6.973037587993081,-2.9884446805684695,0.2859922178988322,-0.12256809338521406,0.092,insider-event,
300597.SZ,20240226,EVENT,4.0502,0,20240226,7.249,20240318,7.572,TIME_STOP,15,9.272,4.91,32.271,7.493950706187791,-6.439428427956151,0.23221675045313064,-0.19954002941075885,0.138,insider-event,
301389.SZ,20240226,EVENT,11.4292,0,20240226,12.107,20240318,13.197,TIME_STOP,15,18.257,7.617,37.083,23.540100768150673,-5.946972825638053,0.6347943679898184,-0.16036910349216432,0.243,insider-event,
301130.SZ,20240226,EVENT,11.6152,0,20240226,19.948,20240318,22.349,TIME_STOP,15,27.959,13.678,31.432,17.052203508107013,-5.65739784063275,0.5425077074120337,-0.17998740930931906,0.383,insider-event,
300836.SZ,20240226,EVENT,26.8179,0,20240226,13.635,20240318,17.704,TIME_STOP,15,19.549,7.582,44.394,40.63527894937173,-7.4459104953550685,0.9153284092730044,-0.16772256978459593,0.672,insider-event,
603017.SH,20240226,EVENT,1.1385,0,20240226,7.529,20240318,7.645,TIME_STOP,15,9.965,5.397,28.315,4.596258442412293,-7.756061602215447,0.16232706657329643,-0.27392252716508114,0.054,insider-event,
000869.SZ,20240226,EVENT,-0.2306,0,20240226,23.01,20240228,23.01,BE,2,23.43,19.278,16.218,1.9556714471968606,-1.9556714471968828,0.1205857019810501,-0.12058570198105147,0.0,insider-event,
603039.SH,20240226,EVENT,3.9205,0,20240226,32.631,20240318,34.044,TIME_STOP,15,38.911,22.637,30.629,8.187239342240705,-2.2597566331069463,0.2673004544656726,-0.07377749077089901,0.141,insider-event,
600525.SH,20240226,EVENT,2.8664,0,20240226,4.4,20240228,4.4,BE,2,4.88,3.383,23.109,12.045454545454536,-1.8181818181818188,0.5212504390586575,-0.07867931155602385,0.0,insider-event,
688138.SH,20240226,EVENT,7.6861,0,20240226,16.292,20240318,17.612,TIME_STOP,15,22.462,10.823,33.568,12.398723299779025,-6.137981831573791,0.36935936785737566,-0.18285117220662214,0.241,insider-event,
688362.SH,20240226,EVENT,5.4059,0,20240226,20.8,20240318,22.01,TIME_STOP,15,25.01,14.093,32.246,15.240384615384617,-3.8461538461538547,0.47263045793397235,-0.11927582534611315,0.18,insider-event,
300331.SZ,20240226,EVENT,6.1274,0,20240226,17.721,20240318,18.88,TIME_STOP,15,27.2,10.943,38.247,11.167541335139086,-7.84944416229334,0.29198326465659846,-0.2052292678814198,0.171,insider-event,
688581.SH,20240226,EVENT,-3.9742,0,20240226,54.403,20240318,52.455,TIME_STOP,15,88.506,36.912,32.151,6.259766150945878,-5.344273076698968,0.19470098794863044,-0.16622589771078378,-0.111,insider-event,
002249.SZ,20240226,EVENT,-0.2103,0,20240226,4.74,20240228,4.74,BE,2,4.77,3.595,24.164,3.3755274261603407,-1.6877637130801704,0.1396944184596197,-0.06984720922980985,0.0,insider-event,
001313.SZ,20240226,EVENT,7.4521,0,20240226,7.554,20240318,8.07,TIME_STOP,15,8.76,4.975,34.134,11.733322742497055,-9.713120722295033,0.34374792225349615,-0.28456262050929715,0.2,insider-event,
001324.SZ,20240226,EVENT,15.0585,0,20240226,18.6,20240318,21.43,TIME_STOP,15,26.8,12.974,30.25,35.48387096774193,-7.795698924731198,1.1730354195759802,-0.2577123270280568,0.503,insider-event,
002753.SZ,20240226,EVENT,-1.7435,0,20240226,5.942,20240318,5.862,TIME_STOP,15,7.952,3.979,33.034,2.524402558061256,-12.622012790306291,0.07641921397379904,-0.3820960698689955,-0.041,insider-event,
688383.SH,20240226,EVENT,3.688,0,20240226,69.996,20240318,72.863,TIME_STOP,15,111.463,50.454,27.919,10.696372948328325,-6.7332019257680065,0.38312005069746713,-0.24116816752913206,0.147,insider-event,
688478.SH,20240226,EVENT,-3.5454,0,20240226,35.08,20240318,33.974,TIME_STOP,15,52.244,22.396,36.157,7.766152807638393,-6.031016264125699,0.2147876854210388,-0.1667991933965195,-0.087,insider-event,
688662.SH,20240226,EVENT,10.4732,0,20240226,18.21,20240318,20.194,TIME_STOP,15,30.041,10.223,43.862,13.305502562869108,-8.578005783616305,0.3033486868545233,-0.19556771929473118,0.248,insider-event,
603885.SH,20240226,EVENT,0.4214,0,20240226,12.696,20240228,12.696,BE,2,13.904,10.365,18.358,4.00322627396863,-0.3289287132081875,0.21806431207944674,-0.017917451740196863,0.0,insider-event,
002899.SZ,20240226,EVENT,9.4912,0,20240226,12.022,20240318,13.213,TIME_STOP,15,16.573,8.112,32.519,15.151348783894282,-6.892360981136414,0.4659241607616152,-0.211949282641799,0.305,insider-event,
301336.SZ,20240226,EVENT,2.2939,0,20240226,24.823,20240318,25.493,TIME_STOP,15,34.856,15.153,38.957,6.703460500342406,-11.859968577528901,0.17207478043772065,-0.30443999615904493,0.069,insider-event,
301149.SZ,20240226,EVENT,9.1613,0,20240226,7.394,20240318,7.962,TIME_STOP,15,9.415,5.172,30.051,14.439345929505244,-5.332613861198676,0.48049557617706057,-0.17745245402914406,0.255,insider-event,
600232.SH,20240226,EVENT,5.8983,0,20240226,4.12,20240318,4.38,TIME_STOP,15,6.36,2.683,34.891,14.320388349514568,-13.349514563106801,0.41043478260869576,-0.3826086956521741,0.181,insider-event,
688170.SH,20240226,EVENT,1.2853,0,20240226,28.961,20240228,28.961,BE,2,35.611,18.617,35.716,9.046648941680191,-5.386554331687443,0.2532974242110351,-0.15081831365237208,0.0,insider-event,
600080.SH,20240226,EVENT,6.5151,0,20240226,7.072,20240228,7.742,TP2_RUNNER,2,7.742,4.261,39.744,12.726244343891402,2.262443438914019,0.3202033036848792,0.05692503176620055,0.238,insider-event,
688193.SH,20240226,EVENT,-0.0775,0,20240226,30.967,20240318,31.067,TIME_STOP,15,45.277,19.587,36.75,9.429392579197216,-12.949268576226302,0.25658245724148765,-0.35236152518437147,0.009,insider-event,
688517.SH,20240226,EVENT,9.4131,0,20240226,10.272,20240318,11.282,TIME_STOP,15,14.762,6.016,41.434,15.089563862928346,-2.7258566978193066,0.3641856171855331,-0.06578836955609613,0.237,insider-event,
688217.SH,20240226,EVENT,-2.8917,0,20240226,27.088,20240318,26.412,TIME_STOP,15,36.182,18.112,33.136,12.712535781024936,-10.470836572729702,0.3836465275107528,-0.31599518463156434,-0.075,insider-event,
300912.SZ,20240226,EVENT,7.7026,0,20240226,12.81,20240318,13.85,TIME_STOP,15,18.0,7.69,39.969,10.070257611241207,-9.055425448868071,0.25195312499999967,-0.2265624999999999,0.203,insider-event,
603726.SH,20240226,EVENT,11.1291,0,20240226,9.955,20240318,11.105,TIME_STOP,15,13.805,6.23,37.422,19.387242591662467,-6.027122049221489,0.5180711341194513,-0.16105838366407804,0.309,insider-event,
603811.SH,20240226,EVENT,0.8782,0,20240226,5.177,20240318,5.243,TIME_STOP,15,7.057,3.407,34.178,6.380307183520029,-4.6498644892219225,0.1866765386484857,-0.13604683647121338,0.037,insider-event,
001336.SZ,20240226,EVENT,2.8867,0,20240226,19.711,20240318,20.36,TIME_STOP,15,29.35,14.104,28.448,7.909836689344485,-9.643902612260224,0.2780468417606554,-0.3390027846211464,0.116,insider-event,
002084.SZ,20240226,EVENT,11.2377,0,20240226,2.83,20240318,3.16,TIME_STOP,15,4.09,1.874,33.771,20.848056537102465,-9.893992932862194,0.6173393124065768,-0.29297458893871464,0.345,insider-event,
603551.SH,20240226,EVENT,-0.3729,0,20240226,9.781,20240228,9.781,BE,2,10.32,7.396,24.388,5.099578783789305,-2.1592442645074206,0.20909787764097137,-0.08853542854405205,0.0,insider-event,
002683.SZ,20240226,EVENT,2.7049,0,20240226,16.394,20240228,16.904,TP2_RUNNER,2,16.904,11.337,30.848,6.953763572038563,-0.3049896303525479,0.2254237288135598,-0.009887005649716864,0.101,insider-event,
002391.SZ,20240226,EVENT,1.6323,0,20240226,4.873,20240318,4.972,TIME_STOP,15,5.932,3.789,22.246,4.498869228653879,-4.325662147685705,0.2022335383950368,-0.19444751949140432,0.092,insider-event,
600699.SH,20240226,EVENT,-0.5099,0,20240226,15.441,20240229,15.307,SL_GAP,3,16.427,11.513,25.436,5.543477345747028,-0.9975370813993578,0.21793708337440468,-0.03921731947633597,-0.034,insider-event,
688321.SH,20240226,EVENT,3.0208,0,20240226,16.922,20240318,17.502,TIME_STOP,15,22.112,11.858,29.927,8.214159082850724,-5.082141590828504,0.27447108603667136,-0.16981664315937933,0.115,insider-event,
300786.SZ,20240226,EVENT,11.5513,0,20240226,12.038,20240318,13.48,TIME_STOP,15,20.21,6.908,42.618,31.163609782030832,-6.964380648591173,0.7312286641903668,-0.16341350678569236,0.281,insider-event,
603687.SH,20240226,EVENT,15.7088,0,20240226,10.092,20240318,11.754,TP2_RUNNER,15,11.754,6.942,31.215,18.944992399965898,-4.340640067538248,0.6069259938815726,-0.1390577114761772,0.528,insider-event,
688628.SH,20240226,EVENT,5.6719,0,20240226,32.545,20240313,34.525,TP2_RUNNER,12,34.525,21.488,33.974,16.162236902750028,-8.572745429405447,0.47572596014083096,-0.25233373170968076,0.179,insider-event,
603629.SH,20240226,EVENT,19.8285,0,20240226,15.961,20240318,19.344,TIME_STOP,15,22.241,9.872,38.149,28.005764049871562,-4.0348349100933545,0.7341106914107406,-0.10576449334866157,0.556,insider-event,
300688.SZ,20240226,EVENT,1.4699,0,20240226,24.834,20240228,24.834,BE,2,30.795,15.476,37.681,9.707801555519314,-4.587030359404287,0.2576321616754994,-0.12173369432882393,0.0,insider-event,
301370.SZ,20240227,EVENT,3.5735,0,20240227,13.463,20240319,13.999,TIME_STOP,15,16.119,9.836,26.939,8.512138073135201,-6.863324026350726,0.31597242326809377,-0.25476808595533273,0.148,insider-event,
301233.SZ,20240227,EVENT,18.6566,0,20240227,22.475,20240319,26.786,TIME_STOP,15,31.705,14.497,35.498,28.338153503893217,-8.872080088987765,0.7983132335956594,-0.24993508993401556,0.54,insider-event,
301197.SZ,20240227,EVENT,7.452,0,20240227,13.124,20240319,14.157,TIME_STOP,15,18.627,7.828,40.358,9.010448453761422,-8.895091063002347,0.2232647670348823,-0.22040639199331322,0.195,insider-event,
301033.SZ,20240227,EVENT,8.655,0,20240227,30.262,20240319,33.008,TIME_STOP,15,42.758,19.276,36.304,9.998175949497568,-11.018058099973837,0.2754007399235728,-0.3034934940714055,0.25,insider-event,
301085.SZ,20240227,EVENT,-3.4325,0,20240227,48.532,20240229,45.752,SL_GAP,2,57.352,28.961,40.326,11.456863935342998,-5.727752000853858,0.28410721016882573,-0.14203674327330493,-0.142,insider-event,
301187.SZ,20240227,EVENT,12.2798,0,20240227,10.227,20240319,11.526,TIME_STOP,15,15.48,6.259,38.794,17.81904231081386,-10.547879570144813,0.45932092619631915,-0.27189237945890854,0.327,insider-event,
300685.SZ,20240227,EVENT,1.9431,0,20240227,19.44,20240229,19.896,TP2_RUNNER,2,19.896,13.008,33.084,10.320973022134151,0.032716655246711746,0.3119584686791432,0.000988883281564593,0.071,insider-event,
301353.SZ,20240227,EVENT,1.0912,0,20240227,14.879,20240319,15.101,TIME_STOP,15,18.769,9.246,37.856,4.108487899824653,-13.870221275903628,0.10852915492675551,-0.36639353222512133,0.039,insider-event,
300686.SZ,20240227,EVENT,20.601,0,20240227,7.088,20240319,8.46,TIME_STOP,15,10.71,3.784,46.618,33.739630946334856,-12.109926076406518,0.7237466117338843,-0.25976923043668093,0.415,insider-event,
301158.SZ,20240227,EVENT,6.1357,0,20240227,9.19,20240319,9.792,TIME_STOP,15,11.766,5.979,34.939,8.050231932597551,-7.890713664709148,0.23041059883148762,-0.22584492917917626,0.187,insider-event,
301123.SZ,20240227,EVENT,8.8047,0,20240227,16.253,20240319,17.293,TIME_STOP,15,23.583,10.252,36.925,20.857687811480965,-9.106011197932695,0.5648655082123306,-0.24660795048797923,0.173,insider-event,
300124.SZ,20240227,EVENT,7.1965,0,20240227,59.121,20240305,63.621,TP2_RUNNER,5,63.621,51.389,13.079,10.859085604100049,1.0486967405828773,0.8302618816682817,0.08018105399288752,0.582,insider-event,
301125.SZ,20240227,EVENT,19.2348,0,20240227,7.034,20240319,8.341,TIME_STOP,15,9.727,3.645,48.181,27.52436397756597,-14.912673533363186,0.5712711001700874,-0.3095141243890461,0.386,insider-event,
300546.SZ,20240227,EVENT,8.5045,0,20240227,11.375,20240319,12.39,TIME_STOP,15,15.36,6.825,39.997,11.29572487274837,-5.143691044474341,0.2824115648608084,-0.12860067444941958,0.223,insider-event,
300296.SZ,20240227,EVENT,-0.7248,0,20240227,5.22,20240229,5.11,SL_GAP,2,5.42,3.712,28.886,4.022988505747116,-2.490421455938696,0.13927048792041652,-0.08621506395073421,-0.073,insider-event,
300845.SZ,20240227,EVENT,9.8148,0,20240227,6.894,20240319,7.6,TIME_STOP,15,9.978,3.513,49.038,11.75801669770653,-12.218102913105799,0.23977331211585212,-0.24915554030631284,0.209,insider-event,
301397.SZ,20240227,EVENT,1.0718,0,20240227,34.79,20240304,34.79,BE,4,43.05,22.945,34.047,8.56567979304399,-7.099741304972696,0.2515829463908826,-0.20852680455888567,0.0,insider-event,
688032.SH,20240227,EVENT,3.677,0,20240227,137.301,20240307,137.301,BE,7,197.42,93.343,32.016,16.068244745563632,-0.10787967352342553,0.5018840660155626,-0.003369570855168664,0.0,insider-event,
600536.SH,20240227,EVENT,9.3221,0,20240227,31.611,20240319,34.69,TIME_STOP,15,39.42,22.285,29.503,15.403961316895852,-3.102430506126086,0.5221177530237858,-0.10515697952281156,0.33,insider-event,
002796.SZ,20240227,EVENT,8.4361,0,20240227,8.81,20240319,9.59,TIME_STOP,15,11.48,5.06,42.565,15.550510783200888,-10.102156640181615,0.3653333333333329,-0.2373333333333334,0.208,insider-event,
002594.SZ,20240227,EVENT,6.2909,0,20240227,59.768,20240312,63.885,TP2_RUNNER,10,63.885,50.467,15.561,10.713090617052611,-1.0875384821309009,0.6884496787844114,-0.06988791054347414,0.443,insider-event,
688244.SH,20240227,EVENT,11.0109,0,20240227,19.355,20240319,21.888,TIME_STOP,15,25.566,11.19,42.187,23.758168870950836,0.7517763693918544,0.5631689251167776,0.0178202744571055,0.31,insider-event,
688455.SH,20240227,EVENT,-1.1848,0,20240227,10.019,20240319,9.94,TIME_STOP,15,12.89,6.977,30.363,2.1080368906456037,-10.268694853675076,0.06942768184614577,-0.33819696535660076,-0.026,insider-event,
688133.SH,20240227,EVENT,3.8761,0,20240227,23.974,20240319,25.001,TIME_STOP,15,33.751,16.512,31.126,9.915641382440189,-7.1863331030823545,0.3185664307683942,-0.23088012148320688,0.138,insider-event,
688072.SH,20240201,EVENT,-0.8688,0,20240201,108.289,20240202,107.78,SL_HIT,1,181.572,107.78,0.47,4.557085440769382,-3.9728534256934456,9.698032532833492,-8.4547156886418,-1.0,insider-event,
688281.SH,20240201,EVENT,-1.1339,0,20240201,35.561,20240202,35.299,SL_HIT,1,51.955,35.299,0.736,3.1838428831747256,-4.009471103012308,4.3282180110315975,-5.450603462399634,-1.0,insider-event,
300702.SZ,20240201,EVENT,-1.551,0,20240201,16.226,20240202,16.039,SL_HIT,1,21.98,16.039,1.154,2.735715914483472,-7.309827993171492,2.371622653030089,-6.336971454739739,-1.0,insider-event,
300835.SZ,20240201,EVENT,-3.4389,0,20240201,21.894,20240202,21.227,SL_HIT,1,29.875,21.227,3.045,3.704921701756425,-7.302735699751284,1.2166511318955702,-2.398129399286483,-1.0,insider-event,
688069.SH,20240201,EVENT,-8.9829,0,20240201,11.391,20240205,10.411,SL_HIT,2,13.952,10.411,8.6,7.910321711816581,-11.280368433158284,0.9197734477760371,-1.3116259671779256,-1.0,insider-event,
688018.SH,20240201,EVENT,-3.0171,0,20240201,81.3,20240202,79.168,SL_HIT,1,104.23,79.168,2.623,4.52644526445265,-6.371463714637137,1.7259631490787326,-2.429480737018427,-1.0,insider-event,
002373.SZ,20240201,EVENT,-2.5872,0,20240201,8.611,20240202,8.422,SL_HIT,1,12.398,8.422,2.192,1.5907523150567426,-8.744840913155471,0.7257822789409151,-3.989842106059947,-1.0,insider-event,
001217.SZ,20240201,EVENT,-8.863,0,20240201,11.098,20240202,10.157,SL_HIT,1,19.69,10.157,8.48,-3.315041584443912,-13.226826696942663,-0.39091957861501625,-1.5597468046995944,-1.0,insider-event,
600572.SH,20240201,EVENT,-6.5235,0,20240201,3.938,20240205,3.697,SL_HIT,2,5.078,3.697,6.136,3.5493192355937397,-9.146771891869943,0.5784433120115384,-1.4906771344455354,-1.0,insider-event,
301279.SZ,20240228,EVENT,0.6083,0,20240228,10.498,20240320,10.604,TIME_STOP,15,14.431,6.049,42.381,3.553452289778214,-13.745146676116116,0.08384477119671024,-0.32432085311495995,0.024,insider-event,
300447.SZ,20240228,EVENT,8.0236,0,20240228,11.588,20240320,12.695,TIME_STOP,15,14.535,7.431,35.872,14.990140620213243,-9.345483886278405,0.4178736448880772,-0.26051999869407466,0.266,insider-event,
301225.SZ,20240228,EVENT,2.4331,0,20240228,20.454,20240320,21.035,TIME_STOP,15,26.178,12.227,40.222,4.730573730138121,-12.03355367723018,0.11761042098268232,-0.29917540548626514,0.071,insider-event,
300836.SZ,20240228,EVENT,15.8517,0,20240228,14.62,20240320,17.2,TIME_STOP,15,19.549,7.467,48.927,31.159919892314235,-13.681779878962985,0.6368623240677052,-0.27963519037314155,0.361,insider-event,
603321.SH,20240228,EVENT,2.1676,0,20240228,6.4,20240320,6.565,TIME_STOP,15,8.605,3.949,38.307,5.228620309826826,-9.458076511440773,0.1364927501609624,-0.2469023944716516,0.067,insider-event,
300947.SZ,20240228,EVENT,-0.5777,0,20240228,11.781,20240320,11.76,TIME_STOP,15,16.15,7.033,40.303,1.8589253883371404,-12.061794414735605,0.046123296326382936,-0.29927490447392996,-0.004,insider-event,
300441.SZ,20240228,EVENT,14.4309,0,20240228,5.668,20240319,6.645,TP2_RUNNER,14,6.645,3.486,38.487,17.418728772440573,-7.635305015217675,0.4525926289765381,-0.1983889189056436,0.448,insider-event,
300538.SZ,20240228,EVENT,1.0742,0,20240228,15.078,20240304,15.078,BE,3,20.39,8.765,41.87,6.249626932489694,-14.177891853532042,0.14926207361613322,-0.3386156582502479,0.0,insider-event,
300405.SZ,20240228,EVENT,0.239,0,20240228,5.405,20240320,5.44,TIME_STOP,15,8.39,2.992,44.639,18.400118400118394,-8.239908239908244,0.4122010858303284,-0.18459115587052932,0.014,insider-event,
688618.SH,20240228,EVENT,-1.8047,0,20240228,30.275,20240320,29.849,TIME_STOP,15,34.945,18.508,38.866,0.2504030527966883,-11.951006748429982,0.006442743872916022,-0.30749335778323084,-0.036,insider-event,
600580.SH,20240228,EVENT,-0.3441,0,20240228,8.697,20240301,8.702,TP2_RUNNER,2,8.702,7.881,9.382,2.3553692876401966,-3.4856246011624514,0.25106144566711225,-0.3715366231583371,0.006,insider-event,
300100.SZ,20240228,EVENT,-0.2339,0,20240228,8.771,20240312,8.771,BE,9,11.88,5.037,42.569,6.9384590829286275,-14.152814830015725,0.16299311711615241,-0.3324673933420818,0.0,insider-event,
301282.SZ,20240228,EVENT,1.7477,0,20240228,13.226,20240320,13.511,TIME_STOP,15,17.509,7.255,45.147,3.77729389705439,-16.48521139539104,0.08366697329245552,-0.3651470547775608,0.048,insider-event,
300598.SZ,20240228,EVENT,12.5623,0,20240228,30.321,20240312,35.136,TP2_RUNNER,9,35.136,20.774,31.485,20.854610030827093,-7.564890423152725,0.6623616965049159,-0.24026791424756777,0.504,insider-event,
301072.SZ,20240228,EVENT,13.2575,0,20240228,21.216,20240313,24.83,TP2_RUNNER,10,24.83,10.551,50.269,19.675523315280685,-15.392845864147775,0.3914023058097999,-0.30620763004169854,0.339,insider-event,
300339.SZ,20240228,EVENT,6.7855,0,20240228,23.216,20240320,24.621,TIME_STOP,15,25.751,16.31,29.749,12.381328960579307,-6.656863289842696,0.41619987452925183,-0.22377126678502207,0.203,insider-event,
300143.SZ,20240228,EVENT,-0.1548,0,20240228,6.722,20240320,6.69,TIME_STOP,15,7.052,4.776,28.953,1.932431829339043,-8.272712396423731,0.0667427581575093,-0.28572477145027675,-0.016,insider-event,
300618.SZ,20240228,EVENT,-0.1888,0,20240228,22.918,20240304,22.918,BE,3,24.41,16.596,27.587,2.7990488033684535,-3.09138905251215,0.1014641751587318,-0.1120613688230106,0.0,insider-event,
300995.SZ,20240228,EVENT,30.5281,0,20240228,14.877,20240320,19.727,TIME_STOP,15,21.267,7.589,48.986,44.76971753873331,-16.735734264183044,0.9139197747402581,-0.3416398255272025,0.666,insider-event,
688429.SH,20240228,EVENT,3.6694,0,20240228,16.627,20240320,17.305,TIME_STOP,15,22.625,12.475,24.972,6.723682192571756,-6.988912645358026,0.26925253790296405,-0.2798737972808616,0.163,insider-event,
688136.SH,20240228,EVENT,6.0023,0,20240228,15.172,20240320,16.145,TIME_STOP,15,22.495,9.588,36.807,10.830985219239707,-10.458582562987118,0.2942651206518334,-0.2841473787885568,0.174,insider-event,
000534.SZ,20240228,EVENT,3.531,0,20240228,11.336,20240320,11.741,TIME_STOP,15,12.341,8.096,28.588,6.479165949954502,-5.517492627788679,0.2266413587628974,-0.1930020060892369,0.125,insider-event,
002671.SZ,20240228,EVENT,2.5014,0,20240228,4.217,20240320,4.34,TIME_STOP,15,6.38,2.746,34.896,8.123488405178536,-11.082657561530795,0.2327942689627053,-0.31759498340095893,0.083,insider-event,
688543.SH,20240228,EVENT,0.337,0,20240228,24.814,20240307,24.814,BE,6,29.576,17.223,30.591,7.2806662274047085,-2.7337004596130976,0.23799917006903848,-0.08936248693235152,0.0,insider-event,
688391.SH,20240228,EVENT,13.0482,0,20240228,26.643,20240320,30.233,TIME_STOP,15,33.915,15.585,41.502,17.40472501471313,-7.160937556300217,0.41936607453848845,-0.17254247168296075,0.325,insider-event,
301063.SZ,20240228,EVENT,2.1793,0,20240228,15.882,20240320,16.292,TIME_STOP,15,22.182,9.558,39.817,6.614077440657651,-13.157255134564705,0.16611347768960047,-0.3304462983479336,0.065,insider-event,
301156.SZ,20240228,EVENT,4.294,0,20240228,8.015,20240320,8.392,TIME_STOP,15,10.789,4.404,45.058,13.361879666227484,-13.512596318920433,0.2965471164393394,-0.29989204917873913,0.104,insider-event,
688528.SH,20240228,EVENT,4.0277,0,20240228,7.88,20240320,8.23,TIME_STOP,15,11.47,4.442,43.626,10.527384396731154,-14.978935079437584,0.24131010209721107,-0.3433491375549025,0.102,insider-event,
002272.SZ,20240228,EVENT,34.0269,0,20240228,5.059,20240307,7.2,TP2_RUNNER,6,7.2,3.134,38.058,43.70713000849986,-12.826899128268998,1.1484273556276103,-0.3370333820572371,1.112,insider-event,
003019.SZ,20240228,EVENT,14.8475,0,20240228,18.041,20240319,20.797,TP2_RUNNER,14,20.797,11.938,33.829,28.12091723357708,-7.764469033195354,0.8312752337043647,-0.22952348092163374,0.452,insider-event,
688593.SH,20240228,EVENT,0.7901,0,20240228,10.975,20240320,11.106,TIME_STOP,15,14.706,7.251,33.933,2.923516237606072,-11.290425452431574,0.08615680398696049,-0.33273185218600765,0.035,insider-event,
603296.SH,20240228,EVENT,12.4852,0,20240228,32.561,20240320,36.765,TIME_STOP,15,39.645,22.971,29.453,19.151380020945208,-3.771678475235807,0.6502313726921374,-0.12805675985875642,0.438,insider-event,
001360.SZ,20240228,EVENT,0.5365,0,20240228,13.9,20240320,14.03,TIME_STOP,15,18.22,9.464,31.915,1.8014906903795813,-7.623240956574284,0.05644688621096097,-0.23886230283200532,0.029,insider-event,
600080.SH,20240228,EVENT,-6.0756,0,20240228,7.615,20240320,7.182,TIME_STOP,15,7.742,4.231,44.44,-0.5657195984809071,-8.444822641390493,-0.012729926810097106,-0.1900269575913942,-0.128,insider-event,
605018.SH,20240228,EVENT,3.7115,0,20240228,8.362,20240320,8.706,TIME_STOP,15,14.206,5.542,33.719,5.674313583382973,-10.949418408570665,0.16827993927933754,-0.3247207680474738,0.122,insider-event,
603879.SH,20240228,EVENT,29.8284,0,20240228,4.881,20240315,6.5,TP2_RUNNER,12,6.5,2.759,43.473,46.495379761099855,-14.971213145655327,1.0695308502329595,-0.34438205273221817,0.763,insider-event,
001211.SZ,20240228,EVENT,1.0207,0,20240228,16.939,20240320,17.18,TIME_STOP,15,25.23,10.757,36.494,3.3124937274557453,-13.158469558235774,0.09076707270008777,-0.36056091310145283,0.039,insider-event,
605055.SH,20240228,EVENT,1.0028,0,20240228,5.06,20240320,5.131,TIME_STOP,15,7.301,3.017,40.366,3.7769595781726784,-13.219457339981687,0.09356847445274441,-0.3274921086112482,0.035,insider-event,
603219.SH,20240228,EVENT,15.666,0,20240228,11.466,20240320,13.162,TIME_STOP,15,16.452,6.924,39.612,37.90120162076644,-10.58922849632572,0.9567997493887256,-0.26732057924921043,0.373,insider-event,
605337.SH,20240228,EVENT,14.9003,0,20240228,10.446,20240320,12.372,TP2_RUNNER,15,12.372,7.165,31.414,21.68692229344238,-11.338556145227852,0.6903657423853005,-0.3609433660000971,0.587,insider-event,
600865.SH,20240228,EVENT,-1.3419,0,20240228,6.653,20240320,6.59,TIME_STOP,15,8.5,4.636,30.314,0.8597883597883493,-9.812409812409816,0.02836276572383813,-0.32369254308604484,-0.031,insider-event,
688598.SH,20240228,EVENT,10.5658,0,20240228,34.147,20240320,37.899,TIME_STOP,15,48.444,23.379,31.534,15.889850610945366,-8.282055156692747,0.5038959577879093,-0.2626389774085922,0.348,insider-event,
002520.SZ,20240228,EVENT,3.3988,0,20240228,5.722,20240320,5.94,TIME_STOP,15,6.47,3.179,44.446,12.718884345181936,-14.368599489706746,0.2861668604553193,-0.32328440871992736,0.086,insider-event,
688381.SH,20240228,EVENT,7.3323,0,20240228,19.295,20240320,20.79,TIME_STOP,15,26.12,12.52,35.113,11.271773662743389,-10.184450974599768,0.3210137119747311,-0.2900473793744743,0.221,insider-event,
002452.SZ,20240228,EVENT,15.3706,0,20240228,5.645,20240320,6.642,TIME_STOP,15,6.982,3.544,37.216,20.85073817799177,-4.481503920297325,0.5602623715988045,-0.12041866303636775,0.475,insider-event,
002683.SZ,20240228,EVENT,-0.1611,0,20240228,16.864,20240301,16.904,TP2_RUNNER,2,16.904,11.352,32.684,3.797159098321501,-1.9548544028994974,0.11617614355893988,-0.059809831473342394,0.007,insider-event,
688252.SH,20240228,EVENT,8.4519,0,20240228,14.378,20240320,15.653,TIME_STOP,15,20.373,8.744,39.181,11.51242508400121,-7.962083132502462,0.29382738841372774,-0.20321331744493681,0.226,insider-event,
603818.SH,20240228,EVENT,-4.8542,0,20240228,4.019,20240320,3.84,TIME_STOP,15,5.32,2.614,34.976,0.5125143056177839,-8.444046375080838,0.014653280221121095,-0.24142346150719404,-0.128,insider-event,
688317.SH,20240228,EVENT,-2.9688,0,20240228,17.019,20240320,16.581,TIME_STOP,15,18.661,11.925,29.93,-0.04753485644649613,-10.036318040506275,-0.001588203932901114,-0.33532697846094817,-0.086,insider-event,
002753.SZ,20240228,EVENT,0.9448,0,20240228,5.932,20240320,6.012,TIME_STOP,15,7.952,3.988,32.771,3.8758749039122797,-12.475893784304992,0.11827108346083108,-0.38069790991515307,0.041,insider-event,
603626.SH,20240228,EVENT,4.6139,0,20240228,5.98,20240320,6.28,TIME_STOP,15,9.27,3.853,35.561,7.365041139875572,-9.525720783998926,0.2071120009136898,-0.2678723790200675,0.141,insider-event,
002910.SZ,20240228,EVENT,-0.1213,0,20240228,8.207,20240320,8.23,TIME_STOP,15,11.25,5.314,35.252,6.858695519732927,-11.052625166014785,0.19456157849517627,-0.3135313694314691,0.008,insider-event,
605169.SH,20240228,EVENT,0.7314,0,20240228,8.104,20240320,8.196,TIME_STOP,15,11.096,5.341,34.1,2.2440382323108965,-11.57605865643978,0.06580792039899766,-0.33947565403670676,0.033,insider-event,
688247.SH,20240228,EVENT,4.8663,0,20240228,8.438,20240320,8.883,TIME_STOP,15,11.023,5.854,30.616,9.898705463647373,-7.404444539256239,0.3233138255603618,-0.24184569375543014,0.172,insider-event,
300768.SZ,20240228,EVENT,-0.466,0,20240228,12.17,20240304,12.153,SL_GAP,3,14.593,8.109,33.366,0.5992570297459254,-9.014492110563033,0.01796021670045794,-0.2701716020234661,-0.004,insider-event,
301130.SZ,20240229,EVENT,24.2579,0,20240229,18.948,20240321,23.629,TIME_STOP,15,27.959,13.686,27.77,28.190310017991727,8.187787272378921,1.0151213172400557,0.29483880794194867,0.89,insider-event,
300349.SZ,20240229,EVENT,15.1231,0,20240229,10.081,20240318,11.991,TP2_RUNNER,12,11.991,6.834,32.207,22.51760738022024,2.1823231822239997,0.699153008469916,0.06775932240677636,0.588,insider-event,
300405.SZ,20240229,EVENT,3.6344,0,20240229,5.277,20240321,5.49,TIME_STOP,15,8.39,3.005,43.052,21.287926165974945,-6.001857221369411,0.4944755029273231,-0.13941101377822762,0.094,insider-event,
300166.SZ,20240229,EVENT,9.7566,0,20240229,7.92,20240312,8.9,TP2_RUNNER,8,8.9,5.447,31.227,12.62626262626263,4.419191919191912,0.4043321299638989,0.14151624548736433,0.396,insider-event,
300985.SZ,20240229,EVENT,16.7783,0,20240229,19.152,20240321,22.448,TIME_STOP,15,25.951,13.112,31.535,24.60088086865031,5.490156149241177,0.7801087369179219,0.17409615541549806,0.546,insider-event,
301362.SZ,20240229,EVENT,14.8367,0,20240229,19.309,20240321,22.199,TIME_STOP,15,25.24,13.787,28.599,16.230773214563165,4.0809984981097,0.5675296369833335,0.1426973050232507,0.523,insider-event,
002769.SZ,20240229,EVENT,13.174,0,20240229,5.647,20240321,6.424,TIME_STOP,15,7.874,3.693,34.603,17.833312082961463,2.0726196041764178,0.5153653033801185,0.05989668246306937,0.398,insider-event,
688143.SH,20240229,EVENT,1.589,0,20240229,23.968,20240305,23.968,BE,3,33.08,13.179,45.016,10.272489454645584,-1.9521943933344166,0.2281977032861835,-0.043366924725886526,0.0,insider-event,
688610.SH,20240229,EVENT,23.6379,0,20240229,30.595,20240321,38.504,TIME_STOP,15,51.904,21.829,28.653,34.64309154187488,3.3961149156593207,1.2090641745303705,0.11852639860817953,0.902,insider-event,
301248.SZ,20240229,EVENT,26.7453,0,20240229,12.089,20240321,15.431,TIME_STOP,15,16.961,7.58,37.295,35.25642139187302,4.567085977289875,0.9453280283445331,0.122456965617804,0.741,insider-event,
301006.SZ,20240229,EVENT,21.3667,0,20240229,11.538,20240321,14.055,TIME_STOP,15,17.055,7.992,30.738,23.630123630123645,3.176769843436511,0.768764613832314,0.10335063329124154,0.71,insider-event,
300776.SZ,20240229,EVENT,5.3136,0,20240229,43.841,20240321,46.864,TIME_STOP,15,60.124,34.298,21.768,9.153133721826713,1.625960626954237,0.4204906933290945,0.07469587270679014,0.317,insider-event,
301300.SZ,20240229,EVENT,27.0281,0,20240229,18.084,20240321,23.054,TIME_STOP,15,29.324,11.425,36.82,34.22915284229153,2.7095775270957967,0.9296288350139454,0.07358935850675878,0.746,insider-event,
688536.SH,20240229,EVENT,2.4739,0,20240229,106.193,20240307,106.193,BE,5,149.636,77.957,26.59,9.645294139914995,-0.8450059109168184,0.3627437677448106,-0.031779292932512256,0.0,insider-event,
688081.SH,20240229,EVENT,18.4459,0,20240229,9.791,20240321,11.64,TIME_STOP,15,17.56,6.278,35.882,22.25388362901002,1.5207688615170856,0.6201962370947475,0.04238249561861834,0.526,insider-event,
300420.SZ,20240229,EVENT,14.8469,0,20240229,2.435,20240321,2.825,TIME_STOP,15,3.045,1.765,27.53,24.22997946611909,2.4640657084188833,0.8801278636121468,0.08950452850292992,0.582,insider-event,
002436.SZ,20240229,EVENT,8.7631,0,20240229,12.177,20240321,13.76,TIME_STOP,15,14.84,7.856,35.481,17.35238564506856,6.676521310667649,0.4890556804655464,0.18816955429176022,0.366,insider-event,
605069.SH,20240229,EVENT,18.3795,0,20240229,6.346,20240321,7.54,TIME_STOP,15,11.34,4.278,32.589,27.79905135599361,-0.2505554767645246,0.8530287435325317,-0.007688428673072524,0.577,insider-event,
603339.SH,20240229,EVENT,14.1795,0,20240229,8.898,20240321,10.198,TIME_STOP,15,11.418,6.678,24.954,15.732311993994252,4.606366288609287,0.6304410763709738,0.18459095664123706,0.585,insider-event,
688391.SH,20240229,EVENT,21.6346,0,20240229,24.902,20240321,30.4,TIME_STOP,15,33.915,15.561,37.512,27.813027066099096,3.674403662356429,0.7414340222818643,0.09795150597572981,0.589,insider-event,
688623.SH,20240229,EVENT,5.1505,0,20240229,38.143,20240321,40.264,TIME_STOP,15,45.686,31.171,18.278,6.759559884559874,0.41234605188094076,0.3698103140177633,0.022559134845212558,0.304,insider-event,
301033.SZ,20240229,EVENT,20.4496,0,20240229,27.916,20240321,33.748,TIME_STOP,15,42.758,19.254,31.03,21.356840982346338,4.5206300898194,0.6882670961575063,0.14568638439056333,0.673,insider-event,
600160_SH.SH,20240301,CONT,3.1197,3,,,,,,,,,,,,,,,,
601666_SH.SH,20240304,CONT,-17.5077,3,,,,,,,,,,,,,,,,
600707_SH.SH,20240311,CONT,-1.3236,3,,,,,,,,,,,,,,,,
605196_SH.SH,20240314,CONT,14.3829,3,,,,,,,,,,,,,,,,
300274_SZ.SZ,20240318,CONT,4.068,3,,,,,,,,,,,,,,,,
600233_SH.SH,20240321,CONT,2.9572,3,,,,,,,,,,,,,,,,
002496_SZ.SZ,20240329,CONT,0.6889,3,,,,,,,,,,,,,,,,
301369.SZ,20240305,EVENT,28.6691,0,20240305,29.506,20240322,39.758,TP2_RUNNER,13,39.758,18.353,37.799,37.6908258534886,0.37633074809293454,0.9971315934348154,0.009956037576971569,0.919,insider-event,
300970.SZ,20240305,EVENT,3.7129,0,20240305,9.197,20240326,9.576,TIME_STOP,15,12.821,6.25,32.045,12.939001848428845,-3.1858214635207105,0.4037809015996125,-0.09941832283082881,0.129,insider-event,
301181.SZ,20240305,EVENT,5.0518,0,20240305,14.965,20240326,15.524,TIME_STOP,15,16.877,9.187,38.613,11.287524624386247,-1.9702181914407313,0.2923261697996316,-0.05102503487160658,0.097,insider-event,
300250.SZ,20240305,EVENT,0.5238,0,20240305,15.424,20240314,15.424,BE,7,17.16,9.723,36.961,3.5385951945643868,-6.186382437987059,0.09573782979885687,-0.16737456429840455,0.0,insider-event,
301115.SZ,20240305,EVENT,-1.4276,0,20240305,16.177,20240326,16.01,TIME_STOP,15,18.04,13.199,18.409,3.5446261884450436,-2.822595601053368,0.19254348514357558,-0.1533229077721596,-0.056,insider-event,
300825.SZ,20240305,EVENT,4.9274,0,20240305,11.553,20240314,12.17,TP2_RUNNER,7,12.17,6.325,45.251,12.781629491141056,-3.836998952680193,0.28246291903944726,-0.08479434686137145,0.118,insider-event,
301197.SZ,20240305,EVENT,6.6176,0,20240305,12.788,20240326,13.687,TIME_STOP,15,18.627,7.851,38.603,15.320582147244677,-2.508869761327759,0.39687074329902833,-0.06499080762395665,0.182,insider-event,
301009.SZ,20240305,EVENT,0.8446,0,20240305,8.445,20240326,8.55,TIME_STOP,15,11.17,6.261,25.854,7.996731677857127,-6.213364595545123,0.3093064797911396,-0.24032742476885893,0.048,insider-event,
300132.SZ,20240305,EVENT,5.396,0,20240305,3.752,20240326,3.97,TIME_STOP,15,5.33,2.446,34.808,12.470349937368397,-1.6550731590309398,0.35826168755879295,-0.04754873006497333,0.167,insider-event,
301190.SZ,20240304,EVENT,4.2632,0,20240304,14.936,20240325,15.577,TIME_STOP,15,17.087,12.334,17.423,17.41327907563739,-3.2078590638940585,0.999433477836741,-0.18411476245868405,0.246,insider-event,
300658.SZ,20240304,EVENT,7.2214,0,20240304,4.829,20240325,5.198,TIME_STOP,15,8.008,3.188,33.985,11.777885455622217,-3.959645657062638,0.34655926688682753,-0.11651088824167403,0.225,insider-event,
301321.SZ,20240304,EVENT,7.6327,0,20240304,14.4,20240325,15.43,TIME_STOP,15,19.58,7.932,44.916,17.43055555555555,-7.569444444444439,0.38807288790723343,-0.16852567642186628,0.159,insider-event,
300538.SZ,20240304,EVENT,2.6153,0,20240304,15.315,20240325,15.76,TIME_STOP,15,20.39,8.675,43.355,9.367756426579943,-6.368141662259319,0.21607113658465188,-0.14688379418067302,0.067,insider-event,
300124.SZ,20240304,EVENT,1.7638,0,20240304,62.271,20240306,63.621,TP2_RUNNER,2,63.621,57.034,8.41,5.395770101652464,1.3971190441778525,0.6416149491918444,0.1661324422014576,0.258,insider-event,
301115.SZ,20240304,EVENT,2.0328,0,20240304,16.0,20240325,16.39,TIME_STOP,15,18.04,13.17,17.688,4.6875,-0.6249999999999978,0.26501766784452296,-0.03533568904593627,0.138,insider-event,
300684.SZ,20240304,EVENT,-1.4968,0,20240304,16.376,20240325,16.196,TIME_STOP,15,20.166,7.877,51.899,6.533952125061071,-8.671226184660485,0.12589822246501672,-0.16707988401899415,-0.021,insider-event,
300214.SZ,20240304,EVENT,8.2397,0,20240304,5.179,20240325,5.561,TIME_STOP,15,6.431,3.821,26.224,24.761281327903404,-3.0449785563530507,0.9442308440796824,-0.11611526214638022,0.282,insider-event,
300836.SZ,20240304,EVENT,20.191,0,20240304,13.533,20240308,16.537,TP2_RUNNER,4,16.537,7.433,45.078,40.268818396104436,-5.115529841206512,0.893307668350346,-0.11348090698551207,0.492,insider-event,
301300.SZ,20240304,EVENT,11.396,0,20240304,19.428,20240325,21.724,TIME_STOP,15,29.324,11.385,41.398,24.944924170362427,-4.39453647769994,0.6025646718705654,-0.106153557037252,0.286,insider-event,
301176.SZ,20240304,EVENT,9.6775,0,20240304,11.444,20240325,12.6,TIME_STOP,15,17.0,6.846,40.18,17.087833350809124,-4.145258816539088,0.42528496379119113,-0.10316792126331606,0.251,insider-event,
301225.SZ,20240304,EVENT,-1.0342,0,20240304,20.476,20240325,20.346,TIME_STOP,15,26.178,12.018,41.306,4.619174386616254,-5.3680449029286255,0.11182914731924126,-0.12995912992703793,-0.015,insider-event,
002846.SZ,20240304,EVENT,24.6733,0,20240304,7.307,20240325,9.131,TIME_STOP,15,10.651,4.893,33.037,28.790957946898878,-5.55877156608765,0.8714867090416624,-0.16826100567334168,0.755,insider-event,
301228.SZ,20240304,EVENT,19.4015,0,20240304,10.94,20240325,13.11,TIME_STOP,15,16.99,6.286,42.535,21.669180492709895,-5.114493349787463,0.509448444192008,-0.12024315736149689,0.466,insider-event,
688037.SH,20240304,EVENT,0.6184,0,20240304,79.346,20240306,79.346,BE,2,95.171,50.33,36.568,5.738785789193157,-1.6857030257407257,0.1569335191664527,-0.04609743555809266,0.0,insider-event,
603980.SH,20240304,EVENT,3.6677,0,20240304,3.262,20240325,3.395,TIME_STOP,15,4.905,2.379,27.073,8.060881960730226,-6.34723563403381,0.2977506733421229,-0.23445246972993508,0.151,insider-event,
605388.SH,20240304,EVENT,3.6035,0,20240304,6.197,20240325,6.446,TIME_STOP,15,8.508,4.617,25.496,7.125568786910641,-2.346145157646762,0.2794734558078983,-0.09201866049472039,0.157,insider-event,
300629.SZ,20240304,EVENT,12.9472,0,20240304,17.228,20240325,19.532,TIME_STOP,15,21.972,11.954,30.612,16.856416132361417,-1.3117034034170194,0.550646506772244,-0.04284925641021537,0.437,insider-event,
688123.SH,20240304,EVENT,16.0824,0,20240304,49.5,20240325,57.42,TIME_STOP,15,66.36,30.69,38.001,22.363636363636363,-6.080808080808076,0.5885055725379255,-0.160018227040574,0.421,insider-event,
300259.SZ,20240304,EVENT,6.2525,0,20240304,2.918,20240325,3.097,TIME_STOP,15,3.467,1.983,32.041,7.865214753575778,-1.389188800115182,0.24547084146455075,-0.04335613894870084,0.192,insider-event,
002821.SZ,20240304,EVENT,-8.9649,0,20240304,97.877,20240325,89.477,TIME_STOP,15,114.447,74.068,24.325,6.375348651879409,-9.031743923495805,0.26209048361934517,-0.37129485179407135,-0.353,insider-event,
002058.SZ,20240304,EVENT,11.6521,0,20240304,11.504,20240325,12.92,TIME_STOP,15,14.2,6.958,39.514,21.698916879639786,-10.116657104608894,0.5491481531532952,-0.256028611745775,0.312,insider-event,
301156.SZ,20240304,EVENT,16.1818,0,20240304,7.491,20240325,8.736,TIME_STOP,15,10.789,4.391,41.387,21.28687429334977,-3.742059153715027,0.5143312241312497,-0.0904152408088904,0.401,insider-event,
002162.SZ,20240304,EVENT,-0.5818,0,20240304,4.277,20240307,4.17,SL_GAP,3,5.28,2.894,32.343,5.218855218855212,-6.472128694350932,0.16136161774729899,-0.20011154028876577,-0.077,insider-event,
688320.SH,20240304,EVENT,-3.7116,0,20240304,33.036,20240325,31.94,TIME_STOP,15,45.14,19.622,40.604,8.547264675523603,-8.978911076603602,0.2105014851047564,-0.22113204492907787,-0.082,insider-event,
688519.SH,20240304,EVENT,25.3842,0,20240304,17.832,20240325,21.782,TIME_STOP,15,25.582,10.099,43.367,45.87258860475549,-3.5329744279946063,1.0577749041703226,-0.08146677134808086,0.511,insider-event,
001259.SZ,20240304,EVENT,-11.5163,0,20240304,27.492,20240325,24.43,TIME_STOP,15,33.18,20.605,25.053,-0.9177115046758555,-13.030193908839927,-0.03663074319279211,-0.5201042859276219,-0.445,insider-event,
600212.SH,20240304,EVENT,9.9893,0,20240304,6.702,20240325,7.4,TP2_RUNNER,15,7.4,4.113,38.63,16.22875729227282,-6.002417080703626,0.4201096912313232,-0.15538303648281762,0.269,insider-event,
600543.SH,20240304,EVENT,12.8045,0,20240304,5.2,20240325,5.87,TIME_STOP,15,6.2,3.731,28.242,15.96153846153847,2.115384615384608,0.565175097276265,0.07490272373540831,0.456,insider-event,
603399.SH,20240304,EVENT,-1.0548,0,20240304,7.801,20240325,7.75,TIME_STOP,15,10.3,4.941,36.663,4.855663231297758,-6.168281802799558,0.13244159852953685,-0.1682441848268556,-0.018,insider-event,
600080.SH,20240304,EVENT,-1.8939,0,20240304,7.179,20240325,7.072,TIME_STOP,15,7.742,4.219,41.233,3.0993888136745307,-5.118476547047967,0.07516711417039378,-0.12413450977591335,-0.036,insider-event,
688420.SH,20240304,EVENT,0.9213,0,20240304,22.319,20240325,22.614,TIME_STOP,15,26.104,16.804,24.708,5.804317124402281,-3.8289208622778625,0.2349126675564319,-0.15496431265595112,0.054,insider-event,
002452.SZ,20240304,EVENT,12.5681,0,20240304,5.872,20240325,6.782,TIME_STOP,15,6.982,3.537,39.771,17.029972752043587,0.0,0.42820003058571626,0.0,0.39,insider-event,
688129.SH,20240304,EVENT,6.8707,0,20240304,11.793,20240325,12.652,TIME_STOP,15,16.462,8.198,30.48,12.20329554782207,-5.180074756971997,0.4003726378275083,-0.16995082897608826,0.239,insider-event,
300132.SZ,20240304,EVENT,7.4876,0,20240304,3.772,20240325,4.07,TIME_STOP,15,5.33,2.435,35.444,11.879954399639425,-2.7015562448633346,0.3351783977859222,-0.07622110853466982,0.223,insider-event,
688429.SH,20240304,EVENT,0.7901,0,20240304,16.469,20240325,16.665,TIME_STOP,15,22.625,12.49,24.161,7.750179887240316,-5.5478135730615445,0.3207709748124537,-0.22961758227554963,0.049,insider-event,
688229.SH,20240304,EVENT,25.3609,0,20240304,32.195,20240325,40.07,TIME_STOP,15,48.58,18.284,43.208,31.139190179780574,-7.749077490774914,0.7206737587559984,-0.17934174812916118,0.566,insider-event,
001222.SZ,20240304,EVENT,4.6272,0,20240304,11.92,20240325,12.52,TIME_STOP,15,16.2,8.488,28.791,7.805631061445029,-5.953219906708263,0.271115884473529,-0.2067753994222005,0.175,insider-event,
603879.SH,20240304,EVENT,41.9374,0,20240304,4.465,20240315,6.5,TP2_RUNNER,9,6.5,2.745,38.52,60.13796501601381,-6.380881990638098,1.5611954183382757,-0.16564916564916593,1.183,insider-event,
603726.SH,20240304,EVENT,6.9475,0,20240304,10.595,20240325,11.375,TIME_STOP,15,13.805,6.192,41.553,13.119395941481816,-5.474280320906089,0.315729699034639,-0.13174332765474162,0.177,insider-event,
603321.SH,20240304,EVENT,8.7527,0,20240304,6.004,20240325,6.555,TIME_STOP,15,8.605,3.949,34.238,12.50176955040927,-3.486638853497892,0.36514146534680936,-0.10183489744935043,0.268,insider-event,
603219.SH,20240304,EVENT,18.4298,0,20240304,11.446,20240325,13.582,TIME_STOP,15,16.452,6.914,39.598,38.13974374431044,-1.2613594865800382,0.9631614313593982,-0.03185372237154632,0.471,insider-event,
603116.SH,20240304,EVENT,8.3871,0,20240304,4.106,20240325,4.467,TIME_STOP,15,6.588,3.116,24.113,11.508136586506513,-2.619150268053083,0.4772623962618933,-0.10862070707143559,0.365,insider-event,
603222.SH,20240304,EVENT,6.191,0,20240304,6.257,20240325,6.67,TIME_STOP,15,7.83,4.486,28.301,9.960363124920079,-3.7846822656949275,0.35194552686142083,-0.13373026437866592,0.233,insider-event,
301335.SZ,20240304,EVENT,6.4485,0,20240304,16.234,20240325,17.348,TIME_STOP,15,21.068,12.051,25.768,13.083512278536059,-3.856222919523322,0.507744994047566,-0.14965231366286752,0.266,insider-event,
300877.SZ,20240304,EVENT,11.8436,0,20240304,12.258,20240325,13.762,TIME_STOP,15,17.332,8.508,30.59,16.917845879241455,-4.129324255313582,0.5530553263340124,-0.13499028126054796,0.401,insider-event,
300005.SZ,20240306,EVENT,13.1121,0,20240306,4.877,20240315,5.606,TP2_RUNNER,7,5.606,3.333,31.645,17.00439227844832,-1.0404491525076276,0.5373499909281775,-0.032878878204297766,0.473,insider-event,
688455.SH,20240306,EVENT,5.0006,0,20240306,9.24,20240327,9.74,TIME_STOP,15,11.45,7.018,24.049,9.523809523809511,1.6233766233766378,0.3960141433622625,0.06750241080038633,0.225,insider-event,
001296.SZ,20240306,EVENT,13.3995,0,20240306,18.84,20240327,21.85,TIME_STOP,15,23.88,14.682,22.067,22.558386411889586,1.3800424628450214,1.0222489476849062,0.06253758268190066,0.724,insider-event,
600173.SH,20240306,EVENT,11.2176,0,20240306,3.651,20240327,4.061,TIME_STOP,15,4.901,3.531,3.277,12.873185428649702,-0.2738975623116868,3.928358208955236,-0.08358208955223632,3.427,insider-event,
688120.SH,20240306,EVENT,-1.0301,0,20240306,62.813,20240308,62.0,SL_GAP,2,63.386,54.921,12.563,2.5957718945567088,-1.2935794816734902,0.20662041103617879,-0.102967415885743,-0.103,insider-event,
688558.SH,20240306,EVENT,-7.8292,0,20240306,21.493,20240327,19.893,TIME_STOP,15,26.843,13.361,37.835,6.8394360954729505,-11.026845949844121,0.1807721024199571,-0.2914488998199303,-0.197,insider-event,
000576.SZ,20240306,EVENT,6.5995,0,20240306,7.663,20240321,8.2,TP2_RUNNER,11,8.2,4.745,38.071,9.884373450264917,-7.342155404170914,0.2596287100833956,-0.19285333019925874,0.184,insider-event,
688426.SH,20240306,EVENT,-3.2509,0,20240306,21.206,20240327,20.6,TIME_STOP,15,32.38,13.03,38.553,6.48030255873393,-9.883145177262831,0.1680887536018145,-0.25635308528502626,-0.074,insider-event,
001255.SZ,20240308,EVENT,1.7471,0,20240308,24.997,20240325,24.997,BE,11,31.49,21.406,14.369,9.010901090109025,-0.9100910091009107,0.6271253853037697,-0.06333896788306659,0.0,insider-event,
603116.SH,20240308,EVENT,4.844,0,20240308,4.168,20240329,4.387,TIME_STOP,15,6.588,3.833,8.046,9.836852207293667,0.0,1.2225772097976562,0.0,0.653,insider-event,
000576.SZ,20240308,EVENT,10.884,0,20240308,7.168,20240314,8.2,TP2_RUNNER,4,8.2,6.385,10.924,17.47307327417824,-0.8036162732295349,1.5995766964073914,-0.07356724505993771,1.319,insider-event,
002769.SZ,20240308,EVENT,11.4043,0,20240308,5.805,20240321,6.534,TP2_RUNNER,9,6.534,5.27,9.227,14.618214891066206,2.0436286466300357,1.584330794341679,0.22148968401288982,1.36,insider-event,
300819.SZ,20240308,EVENT,10.4474,0,20240308,10.415,20240329,11.475,TIME_STOP,15,13.665,9.244,11.248,16.418626980316866,-1.728276524243877,1.4597560975609776,-0.15365853658536574,0.905,insider-event,
003017.SZ,20240308,EVENT,11.2187,0,20240308,13.181,20240329,14.648,TIME_STOP,15,17.039,11.929,9.5,17.259691980881577,-0.697974357029052,1.8168853394181406,-0.07347404449515063,1.172,insider-event,
301197.SZ,20240301,EVENT,10.9508,0,20240301,12.837,20240322,14.297,TIME_STOP,15,18.627,7.8,39.239,14.878865778608708,-2.882293370725242,0.3791832104367555,-0.0734543391945546,0.29,insider-event,
300902.SZ,20240301,EVENT,7.5004,0,20240301,19.661,20240322,20.982,TIME_STOP,15,23.77,12.871,34.535,11.263694345265352,0.715106757402828,0.3261574843571825,0.020707009076410956,0.194,insider-event,
300656.SZ,20240301,EVENT,-0.0,0,20240301,20.97,20240321,20.97,BE,14,24.59,15.061,28.18,8.24988078206963,-5.340963280877431,0.292759579354527,-0.18953221322373942,0.0,insider-event,
300447.SZ,20240301,EVENT,11.5108,0,20240301,11.295,20240322,12.805,TIME_STOP,15,14.535,7.409,34.402,17.9725542275343,-0.6197432492253241,0.522426470588235,-0.01801470588235303,0.389,insider-event,
300563.SZ,20240301,EVENT,16.4138,0,20240301,10.892,20240322,12.562,TIME_STOP,15,15.392,6.591,39.488,24.4215938303342,-1.1935365405802312,0.6184505521879933,-0.030225026986630963,0.388,insider-event,
300250.SZ,20240301,EVENT,2.0443,0,20240301,14.7,20240307,14.7,BE,4,17.16,9.692,34.069,8.775510204081648,-1.1564625850340127,0.25757683805177256,-0.03394423447193893,0.0,insider-event,
301486.SZ,20240301,EVENT,35.8179,0,20240301,33.166,20240322,48.346,TP2_RUNNER,15,48.346,22.924,30.883,50.95579810649462,1.266357112705796,1.649987795948256,0.04100561386380321,1.482,insider-event,
301323.SZ,20240301,EVENT,15.496,0,20240301,27.468,20240322,32.248,TIME_STOP,15,34.948,18.241,33.594,20.496577836027363,-1.9659239842725995,0.6101327553508531,-0.058520726090490124,0.518,insider-event,
300686.SZ,20240301,EVENT,22.5586,0,20240301,6.89,20240322,8.31,TIME_STOP,15,10.71,3.767,45.324,37.59071117561685,4.644412191582004,0.829368709972553,0.10247026532479415,0.455,insider-event,
300097.SZ,20240301,EVENT,0.9043,0,20240301,7.771,20240305,7.771,BE,2,9.54,4.381,43.631,4.999034935340685,-2.2067811876729126,0.11457521434138776,-0.050578247772324274,0.0,insider-event,
002836.SZ,20240301,EVENT,14.7161,0,20240301,5.589,20240322,6.435,TIME_STOP,15,8.625,3.188,42.957,15.682958907051026,-6.326327938373987,0.3650821042734687,-0.14726998455802917,0.353,insider-event,
600183.SH,20240301,EVENT,0.5686,0,20240301,14.84,20240306,14.84,BE,3,16.15,10.459,29.52,4.312668463611868,-0.26954177897573484,0.14609489646176452,-0.009130931028860048,0.0,insider-event,
300884.SZ,20240301,EVENT,6.7159,0,20240301,9.958,20240322,10.668,TIME_STOP,15,13.508,6.073,39.014,9.238802972484429,-2.7113878288812954,0.23680823680823665,-0.06949806949806935,0.183,insider-event,
300691.SZ,20240301,EVENT,4.3248,0,20240301,17.11,20240322,17.92,TIME_STOP,15,23.97,11.599,32.208,8.357685563997652,-3.27293980128579,0.25949449125080987,-0.10162022034996739,0.147,insider-event,
300605.SZ,20240301,EVENT,12.7867,0,20240301,10.52,20240322,11.91,TIME_STOP,15,15.39,6.37,39.452,15.114068441064642,-2.5665399239543696,0.38309956113931687,-0.06505464245761976,0.335,insider-event,
003003.SZ,20240301,EVENT,17.2022,0,20240301,7.698,20240322,9.056,TIME_STOP,15,11.326,5.215,32.263,19.325975807457297,-3.276593091407898,0.5990171221372995,-0.10155944432429424,0.547,insider-event,
002420.SZ,20240301,EVENT,11.161,0,20240301,4.23,20240322,4.72,TIME_STOP,15,6.36,2.605,38.408,13.475177304964525,-4.018912529550844,0.35084633985491276,-0.10463838206199207,0.302,insider-event,
603219.SH,20240301,EVENT,19.2928,0,20240301,10.972,20240322,12.912,TIME_STOP,15,16.452,6.903,37.085,44.11228581844695,2.369668246445489,1.1895023259896427,0.06389888528043512,0.477,insider-event,
301305.SZ,20240301,EVENT,3.4312,0,20240301,15.485,20240322,16.181,TIME_STOP,15,17.781,10.838,30.007,5.336983413832708,-7.1270211222899675,0.17785847435505972,-0.2375126555989168,0.15,insider-event,
688123.SH,20240301,EVENT,21.6465,0,20240301,47.79,20240322,58.38,TIME_STOP,15,66.36,30.712,35.735,26.741996233521668,-2.720234358652429,0.7483374461499857,-0.07612196244092158,0.62,insider-event,
688056.SH,20240301,EVENT,16.2332,0,20240301,21.717,20240322,25.336,TIME_STOP,15,30.616,15.05,30.699,18.462156208326896,-2.9039483087623164,0.601399962028827,-0.09459536485969323,0.543,insider-event,
001255.SZ,20240301,EVENT,10.3372,0,20240301,24.26,20240322,26.87,TIME_STOP,15,35.45,17.758,26.8,12.32481450948062,-3.8334707337180696,0.4598736610821199,-0.14303762702554296,0.401,insider-event,
002760.SZ,20240301,EVENT,15.2134,0,20240301,15.238,20240322,17.622,TIME_STOP,15,23.352,10.024,34.216,17.022617022617027,-0.8930258930258894,0.49749736694727004,-0.026099278965497862,0.457,insider-event,
002937.SZ,20240301,EVENT,5.0007,0,20240301,20.882,20240322,22.012,TIME_STOP,15,26.192,14.217,31.916,9.290297864189245,-0.38310506656451526,0.2910883661111406,-0.012003643963346326,0.17,insider-event,
001283.SZ,20240301,EVENT,27.7833,0,20240301,34.99,20240322,45.9,TIME_STOP,15,55.58,25.449,27.268,33.40954558445268,-2.6864818519577116,1.2252292719445999,-0.09852142990829159,1.143,insider-event,
002811.SZ,20240301,EVENT,16.5273,0,20240301,5.392,20240322,6.306,TIME_STOP,15,9.026,3.24,39.901,40.145487189189,-7.707259892349871,1.006138611494424,-0.19316173023312655,0.425,insider-event,
301233.SZ,20240301,EVENT,28.7389,0,20240301,21.98,20240322,29.116,TIME_STOP,15,31.705,14.456,34.23,42.32029117379437,-2.7070063694267454,1.236357422245851,-0.07908327953518379,0.948,insider-event,
688603.SH,20240301,EVENT,6.6541,0,20240301,24.612,20240322,26.352,TIME_STOP,15,38.523,12.758,48.166,7.827805426453915,-8.611069465419662,0.16251801719455852,-0.1787798570867875,0.147,insider-event,
688217.SH,20240301,EVENT,14.9639,0,20240301,25.653,20240322,29.602,TIME_STOP,15,36.182,17.988,29.88,15.784270616008822,-5.460907313330909,0.5282495057417458,-0.18275925821005484,0.515,insider-event,
688478.SH,20240301,EVENT,-1.722,0,20240301,35.119,20240322,34.654,TIME_STOP,15,52.244,22.317,36.454,3.2595789319023405,-6.136974412331009,0.08941602703599662,-0.1683480846564294,-0.036,insider-event,
603005.SH,20240301,EVENT,0.0221,0,20240301,18.45,20240306,18.45,BE,3,19.75,12.667,31.341,4.932249322493232,-1.788617886178856,0.15737137916126262,-0.05706874189364442,0.0,insider-event,
600067.SH,20240301,EVENT,5.2565,0,20240301,1.718,20240322,1.815,TIME_STOP,15,2.405,1.231,28.307,7.996390417139687,-5.393997613017798,0.2824844647500399,-0.19055104229407566,0.2,insider-event,
605018.SH,20240301,EVENT,12.0025,0,20240301,7.886,20240322,8.866,TIME_STOP,15,14.206,5.521,29.99,13.94876997210246,-2.662946994674109,0.4651162790697673,-0.08879492600422842,0.414,insider-event,
688616.SH,20240301,EVENT,14.3796,0,20240301,7.153,20240322,8.212,TIME_STOP,15,10.838,4.322,39.57,16.682394883086936,-2.7227290203068577,0.42159522517634335,-0.06880843922320744,0.374,insider-event,
688315.SH,20240301,EVENT,2.0683,0,20240301,15.207,20240322,15.207,BE,15,23.421,11.332,25.481,9.229788938141258,-4.18474176042043,0.3622255410468602,-0.16423131216421336,0.0,insider-event,
688651.SH,20240301,EVENT,8.9869,0,20240301,24.018,20240322,26.277,TIME_STOP,15,34.761,15.083,37.2,13.785494212673832,-1.8985760679490316,0.3705800055961947,-0.051037294639644855,0.253,insider-event,
605300.SH,20240301,EVENT,5.6244,0,20240301,13.131,20240322,13.924,TIME_STOP,15,15.974,9.66,26.435,6.95007980894593,-3.48295987620475,0.26291101451828164,-0.13175510781916308,0.228,insider-event,
600843.SH,20240301,EVENT,33.5376,0,20240301,4.446,20240319,6.021,TP2_RUNNER,12,6.021,3.261,26.663,36.54694349417129,-2.8134833078052868,1.3707148478030595,-0.10552136445199103,1.329,insider-event,
601089.SH,20240301,EVENT,6.6915,0,20240301,13.289,20240320,14.233,TP2_RUNNER,13,14.233,10.304,22.458,7.933239870958708,-0.7206837051134118,0.35325381670710787,-0.03209083219604789,0.316,insider-event,
600080.SH,20240301,EVENT,-3.3306,0,20240301,7.348,20240322,7.132,TIME_STOP,15,7.742,4.22,42.565,0.7379099537547562,-5.114197757690064,0.017336166511975018,-0.12015095263500199,-0.069,insider-event,
002671.SZ,20240301,EVENT,12.5963,0,20240301,4.07,20240322,4.6,TIME_STOP,15,6.38,2.735,32.81,14.004914004913992,-1.2285012285012442,0.4268520994918423,-0.03744316662209194,0.397,insider-event,
688558.SH,20240301,EVENT,0.0507,0,20240301,22.153,20240322,22.253,TIME_STOP,15,26.843,13.38,39.601,4.468920687942957,-4.739764366000077,0.11284807034684942,-0.11968734733756685,0.011,insider-event,
603399.SH,20240301,EVENT,-0.264,0,20240301,8.009,20240322,8.02,TIME_STOP,15,10.3,4.957,38.111,2.1338227765916207,-8.603962992096491,0.05599030244030274,-0.2257631211914145,0.004,insider-event,
688079.SH,20240301,EVENT,10.3535,0,20240301,8.26,20240322,9.15,TIME_STOP,15,14.08,5.31,35.714,11.622276029055701,-2.4213075060532607,0.3254237288135597,-0.06779661016949132,0.302,insider-event,
301092.SZ,20240301,EVENT,14.6377,0,20240301,20.288,20240322,23.333,TIME_STOP,15,25.593,13.958,31.199,17.32510780966352,-4.263934420573268,0.5553063905629666,-0.13666812689991115,0.481,insider-event,
688528.SH,20240301,EVENT,12.3435,0,20240301,7.44,20240322,8.39,TIME_STOP,15,11.47,4.438,40.351,17.069892473118276,-2.1505376344086002,0.4230311682131809,-0.053295265286699915,0.316,insider-event,
688252.SH,20240301,EVENT,8.3552,0,20240301,14.363,20240322,15.623,TIME_STOP,15,20.373,8.707,39.382,11.766344078535141,-0.9051033906565364,0.2987750978658926,-0.022982699835837568,0.223,insider-event,
688058.SH,20240301,EVENT,14.0246,0,20240301,26.066,20240322,29.894,TIME_STOP,15,34.536,17.19,34.051,18.667996623954576,0.053709813550217866,0.5482375663930469,0.0015773378400128525,0.431,insider-event,
603217.SH,20240301,EVENT,8.6819,0,20240301,14.215,20240322,15.509,TIME_STOP,15,21.979,9.784,31.173,10.506837298396587,-3.2106706735859136,0.3370462223084747,-0.10299430655254178,0.292,insider-event,
603626.SH,20240301,EVENT,8.7356,0,20240301,5.79,20240322,6.32,TIME_STOP,15,9.27,3.848,33.543,11.226252158894656,-0.6908462867012077,0.3346818683339467,-0.02059580728208897,0.273,insider-event,
603321.SH,20240301,EVENT,10.005,0,20240301,6.054,20240322,6.685,TIME_STOP,15,8.605,3.945,34.841,11.581885907315193,-4.275791438506071,0.3324234902078984,-0.12272384003467782,0.299,insider-event,
688362.SH,20240301,EVENT,5.2571,0,20240301,21.7,20240322,22.93,TIME_STOP,15,25.01,14.029,35.349,10.460829493087553,-1.4746543778801802,0.29593071980631336,-0.04171710587577975,0.16,insider-event,
600543.SH,20240301,EVENT,12.0769,0,20240301,5.178,20240322,5.78,TIME_STOP,15,6.2,3.731,27.94,15.109025242868434,-0.7281225254456847,0.54077460894296,-0.026060594090694465,0.416,insider-event,
603119.SH,20240301,EVENT,-0.3209,0,20240301,14.158,20240305,14.123,SL_GAP,2,14.277,10.216,27.84,2.84644723831049,-3.7646560248622674,0.10224441162346057,-0.13522647988909325,-0.009,insider-event,
300885.SZ,20240312,EVENT,6.4934,0,20240312,7.239,20240402,7.739,TIME_STOP,15,8.909,6.379,11.88,10.91310954551734,-3.0390937974858367,0.9186046511627907,-0.25581395348837166,0.581,insider-event,
301126.SZ,20240312,EVENT,2.7391,0,20240312,8.966,20240326,8.966,BE,10,11.986,8.017,10.584,10.930180682578627,-0.11153245594467398,1.0327436958976275,-0.010538200978546661,0.0,insider-event,
002820.SZ,20240312,EVENT,7.8547,0,20240312,8.294,20240402,9.094,TIME_STOP,15,10.144,7.421,10.52,11.092355919942133,0.36170725825896977,1.0544412607449856,0.03438395415472657,0.917,insider-event,
001231.SZ,20240312,EVENT,10.9559,0,20240312,15.09,20240402,16.87,TIME_STOP,15,20.08,13.345,11.562,17.892644135188874,2.054340622929085,1.547594677584443,0.1776867963152502,1.02,insider-event,
301148.SZ,20240312,EVENT,22.8052,0,20240312,15.113,20240401,19.503,TP2_RUNNER,14,19.503,13.558,10.287,41.02428372923972,0.5955137960696133,3.988054215483577,0.057891109579600745,2.824,insider-event,
300684.SZ,20240307,EVENT,-16.3683,0,20240307,16.519,20240328,13.876,TIME_STOP,15,20.166,11.184,32.295,5.6108247765924935,-18.179759963291065,0.17373437787860502,-0.5629206779690062,-0.495,insider-event,
301125.SZ,20240307,EVENT,2.1432,0,20240307,7.924,20240325,7.924,BE,12,8.597,5.606,29.249,15.851165326427697,-6.2085119056633165,0.5419314754650066,-0.21226124062112994,0.0,insider-event,
688522.SH,20240307,EVENT,28.5373,0,20240307,14.529,20240320,18.742,TP2_RUNNER,9,18.742,11.789,18.863,30.90843017253484,-1.6053145243660416,1.638542335051523,-0.08510221303908876,1.537,insider-event,
002846.SZ,20240307,EVENT,25.3099,0,20240307,7.03,20240313,9.171,TP2_RUNNER,4,9.171,6.533,7.073,33.30033186391448,-1.5503578241220728,4.708346382487229,-0.21920567286226011,4.306,insider-event,
301130.SZ,20240307,EVENT,5.5556,0,20240307,21.383,20240328,22.659,TIME_STOP,15,27.959,18.05,15.585,13.59018211187295,-2.2635260424046844,0.8719936968639086,-0.14523576103809646,0.383,insider-event,
688291.SH,20240307,EVENT,2.3033,0,20240307,19.937,20240326,19.937,BE,13,23.057,17.839,10.524,13.392185383959454,-0.7523699653909977,1.2725106382978713,-0.07148936170212923,0.0,insider-event,
603655.SH,20240307,EVENT,6.0817,0,20240307,14.405,20240328,14.92,TIME_STOP,15,18.37,12.992,9.807,17.393869971189545,-1.4891179839633506,1.7735362524016576,-0.15183537263626315,0.365,insider-event,
603818.SH,20240307,EVENT,6.2024,0,20240307,3.9,20240328,4.14,TIME_STOP,15,4.96,3.56,8.718,8.205128205128197,-4.61538461538461,0.9411764705882348,-0.529411764705882,0.706,insider-event,
300881.SZ,20240307,EVENT,0.8668,0,20240307,18.516,20240311,18.406,SL_GAP,2,22.056,15.705,15.184,6.048822639879026,-1.8362497299632796,0.3983739837398378,-0.12093495934959386,-0.039,insider-event,
688173.SH,20240315,EVENT,-10.6905,0,20240315,13.603,20240409,12.2,TIME_STOP,15,17.6,10.402,23.531,12.184435328540122,-11.634540455501163,0.5178057369330119,-0.4944366835224967,-0.438,insider-event,
300970.SZ,20240311,EVENT,8.5523,0,20240311,9.097,20240401,9.862,TIME_STOP,15,11.654,8.151,10.394,14.18049906562604,1.6159173353852863,1.3642544190965413,0.15546155008309362,0.809,insider-event,
688528.SH,20240311,EVENT,6.7044,0,20240311,7.6,20240401,8.09,TIME_STOP,15,10.18,6.431,15.385,14.605263157894743,1.4473684210526416,0.9492974954184494,0.0940745265730001,0.419,insider-event,
002820.SZ,20240311,EVENT,9.2647,0,20240311,8.034,20240401,8.854,TIME_STOP,15,10.144,7.415,7.699,13.816280806572067,2.6138909634055185,1.7944572748267882,0.33949191685912106,1.326,insider-event,
003004.SZ,20240311,EVENT,14.7783,0,20240311,22.326,20240319,25.722,TP2_RUNNER,6,25.722,16.475,26.209,29.541244298250334,-4.543842110355056,1.1271266383733356,-0.17336729053918126,0.58,insider-event,
605122.SH,20240311,EVENT,5.2807,0,20240311,10.717,20240401,11.327,TIME_STOP,15,15.227,9.801,8.545,10.54399552113463,1.2130260334048515,1.2340093603744111,0.1419656786271426,0.666,insider-event,
603811.SH,20240311,EVENT,-0.2636,0,20240311,5.129,20240401,5.136,TIME_STOP,15,5.679,4.81,6.22,6.531487619418996,-3.762916747904066,1.0501567398119163,-0.6050156739811915,0.022,insider-event,
601089.SH,20240311,EVENT,1.9973,0,20240311,13.323,20240313,13.643,TP2_RUNNER,2,13.643,10.454,21.531,3.978083014336109,1.3510470614726433,0.18476095617529875,0.06274900398406384,0.112,insider-event,
688433.SH,20240313,EVENT,27.3555,0,20240313,22.477,20240322,30.474,TP2_RUNNER,7,30.474,20.229,10.001,41.40702301378833,-2.1931791487816876,4.1402160180786085,-0.21929215822345588,3.557,insider-event,
688072.SH,20240322,EVENT,-1.544,0,20240322,142.516,20240326,139.872,SL_GAP,2,146.235,131.732,7.567,3.7953633276263776,-5.181172640264942,0.5015631209431719,-0.6846999602596354,-0.245,insider-event,
688231.SH,20240321,EVENT,-12.4932,0,20240321,12.445,20240415,10.937,SL_HIT,15,14.178,10.937,12.118,2.3760796253040173,-13.758538370741057,0.1960843193738842,-1.1354138149562412,-1.0,insider-event,
301313.SZ,20240320,EVENT,0.4828,0,20240320,28.384,20240325,28.384,BE,3,33.751,25.128,11.47,16.44117221181154,-1.8788209956986823,1.433357188270742,-0.1637974193667286,0.0,insider-event,
300819.SZ,20240325,EVENT,5.0346,0,20240325,11.499,20240402,12.125,TP2_RUNNER,6,12.125,9.588,16.622,7.793388034455617,-3.946916430773517,0.4688570905381011,-0.2374499699165514,0.328,insider-event,
688282.SH,20240325,EVENT,-27.253,0,20240325,28.215,20240415,20.623,SL_HIT,13,29.46,20.623,26.907,1.7189438242069865,-27.698032961190865,0.06388483793573899,-1.0294020793150498,-1.0,insider-event,
601689.SH,20240325,EVENT,0.396,0,20240325,41.39,20240329,41.39,BE,4,42.49,34.966,15.52,7.373969314267836,-3.7229354393533476,0.47512761881548693,-0.2398802293469235,0.0,insider-event,
688515.SH,20240328,EVENT,-22.5013,0,20240328,73.6,20240419,57.301,SL_HIT,14,97.37,57.301,22.146,20.095108695652186,-22.690217391304344,0.9074017266313164,-1.0245847758446904,-1.0,insider-event,
301166.SZ,20240329,EVENT,-3.365,0,20240329,28.609,20240415,27.759,SL_GAP,9,34.209,27.805,2.81,6.920899017791582,-8.109336222866926,2.4629053753887096,-2.8858285206574856,-1.057,insider-event,
688165.SH,20240329,EVENT,-17.8902,0,20240329,9.969,20240416,8.222,SL_HIT,10,10.87,8.222,17.525,5.523958552756958,-19.753643686116384,0.3151977498139829,-1.127145321788047,-1.0,insider-event,
000960_SZ.SZ,20240416,CONT,-5.9714,3,,,,,,,,,,,,,,,,
000425_SZ.SZ,20240418,CONT,0.6075,3,,,,,,,,,,,,,,,,
301246.SZ,20240409,EVENT,-4.2764,0,20240409,17.221,20240412,16.552,SL_HIT,3,22.751,16.552,3.884,2.206608210905281,-4.587422333197832,0.5680726107848364,-1.1809930592632154,-1.0,insider-event,
603233.SH,20240403,EVENT,-0.9661,0,20240403,19.51,20240412,19.399,SL_HIT,5,25.34,19.399,0.567,4.510507432086097,-2.4090210148641877,7.9483870967740415,-4.245161290322539,-1.0,insider-event,
688183.SH,20240403,EVENT,2.6642,0,20240403,8.023,20240415,8.023,BE,6,9.564,7.261,9.491,16.964312423345017,-8.213427463180667,1.7874083996533003,-0.8653901715126203,0.0,insider-event,
301095.SZ,20240412,EVENT,-3.4157,0,20240412,50.027,20240419,48.515,SL_HIT,5,60.817,48.515,3.022,9.155056269614414,-7.815779479081309,3.029529884242855,-2.5863453815261077,-1.0,insider-event,
300481.SZ,20240412,EVENT,13.9126,0,20240412,12.126,20240508,14.156,TIME_STOP,15,14.426,11.072,8.694,17.07075705096488,-6.597394029358394,1.9634146341463443,-0.7588075880758803,1.925,insider-event,
301041.SZ,20240412,EVENT,-3.2129,0,20240412,21.894,20240415,21.277,SL_HIT,1,31.574,21.277,2.819,0.22837307024756726,-10.276788161140038,0.08101851851852256,-3.6458333333333415,-1.0,insider-event,
001209.SZ,20240412,EVENT,-4.5809,0,20240412,15.098,20240416,14.0,SL_GAP,2,15.88,14.159,6.217,3.7920185461169043,-15.416459678754768,0.6099695585996953,-2.4798325722983265,-1.169,insider-event,
300875.SZ,20240410,EVENT,-9.8062,0,20240410,28.136,20240415,25.484,SL_HIT,3,36.0,25.484,9.425,13.023265732625333,-12.922326715430167,1.381741196244161,-1.3710317780974084,-1.0,insider-event,
301156.SZ,20240410,EVENT,-14.4973,0,20240410,8.861,20240415,7.609,SL_HIT,3,9.086,7.609,14.126,-4.215337734890811,-14.790361717736022,-0.29841632187187933,-1.0470537879868742,-1.0,insider-event,
301533.SZ,20240410,EVENT,3.0914,0,20240410,28.129,20240415,28.129,BE,3,31.639,26.533,5.675,13.08258381030254,-3.3417469515446774,2.3051454138702416,-0.5888143176733782,0.0,insider-event,
688472.SH,20240410,EVENT,-1.4617,0,20240410,11.606,20240411,11.482,SL_HIT,1,14.253,11.482,1.064,0.8377729353588492,-1.5748201110309945,0.787387637524692,-1.4801073589467684,-1.0,insider-event,
300801.SZ,20240416,EVENT,-6.1549,0,20240416,13.281,20240417,12.515,SL_GAP,1,15.345,12.541,5.57,1.0101010101010166,-5.766573675630693,0.18133804516795726,-1.0352422056793065,-1.035,insider-event,
301227.SZ,20240411,EVENT,-9.0657,0,20240411,19.382,20240415,17.699,SL_HIT,2,19.846,17.699,8.683,-1.7965950236866646,-10.84096661785906,-0.2069036349931765,-1.2484924930226897,-1.0,insider-event,
603980.SH,20240411,EVENT,-0.1829,0,20240411,3.5,20240415,3.5,BE,2,3.945,3.148,10.042,3.296043890103295,-5.276241909905277,0.3282250360765026,-0.5254161500782508,0.0,insider-event,
688433.SH,20240415,EVENT,-4.8695,0,20240415,22.774,20240416,21.754,SL_GAP,1,31.784,22.043,3.21,-4.302984636839624,-10.406446661011092,-1.3405169212971022,-3.2419399595874103,-1.395,insider-event,
002726.SZ,20240417,EVENT,-7.1038,0,20240417,7.247,20240513,6.76,TIME_STOP,15,7.49,6.566,9.394,1.700060716454166,-8.787326820113705,0.18098256070176963,-0.9354683007701822,-0.715,insider-event,
600400.SH,20240417,EVENT,11.0656,0,20240417,2.386,20240513,2.66,TIME_STOP,15,2.91,2.3,3.6,13.164843455299891,0.590971960266562,3.6565774155995316,0.16414435389988227,3.191,insider-event,
301130.SZ,20240418,EVENT,6.7722,0,20240418,22.7,20240430,24.349,TP2_RUNNER,8,24.349,21.913,3.464,9.688625978041143,-2.2939059573888865,2.7965692819397763,-0.6621234993106235,2.097,insider-event,
688371.SH,20240418,EVENT,-2.9182,0,20240418,10.188,20240419,9.931,SL_GAP,1,13.571,10.042,1.433,-0.7566678346971778,-4.093897874871544,-0.5279465430033329,-2.8564174811423158,-1.761,insider-event,
002932.SZ,20240418,EVENT,0.5553,0,20240418,18.831,20240514,19.011,TIME_STOP,15,21.151,17.644,6.303,7.382643001169886,-4.67208226526874,1.1712625458414418,-0.7412297963659032,0.152,insider-event,
301335.SZ,20240418,EVENT,-4.8306,0,20240418,17.432,20240423,16.658,SL_GAP,3,18.528,16.683,4.298,0.7806369005823877,-4.841233782624066,0.18161504230744493,-1.1263122171083009,-1.033,insider-event,
000795.SZ,20240418,EVENT,6.3858,0,20240418,5.355,20240425,5.839,TP2_RUNNER,5,5.839,4.902,8.467,9.040114586426306,-0.8573440076490413,1.067665027238045,-0.10125493482719695,1.068,insider-event,
603755.SH,20240418,EVENT,9.3158,0,20240418,19.887,20240514,22.147,TIME_STOP,15,23.457,18.774,5.596,15.940061346608324,-2.916478101272202,2.8485237483953716,-0.5211810012836987,2.031,insider-event,
301429.SZ,20240419,EVENT,2.3244,0,20240419,14.481,20240424,14.987,TP2_RUNNER,3,14.987,12.863,11.171,3.9105072741498548,-10.591524046094369,0.3500553268789723,-0.9481172523603341,0.313,insider-event,
301263.SZ,20240424,EVENT,3.2607,0,20240424,10.652,20240426,11.085,TP2_RUNNER,2,11.085,9.731,8.65,6.336838152459645,1.7179872324446288,0.7325581395348857,0.19860465116279286,0.47,insider-event,
300102.SZ,20240425,EVENT,3.1726,0,20240425,6.146,20240521,6.366,TIME_STOP,15,7.356,5.769,6.136,14.806378132118446,-0.976244712007801,2.4128787878787925,-0.15909090909090798,0.583,insider-event,
300470.SZ,20240426,EVENT,3.8176,0,20240426,31.129,20240430,32.993,TP2_RUNNER,2,32.993,27.067,13.047,6.728320639207008,1.5883479388870025,0.5157063265349918,0.12174227786495359,0.459,insider-event,
301171.SZ,20240426,EVENT,0.5436,0,20240426,12.337,20240522,12.454,TIME_STOP,15,17.094,10.664,13.566,10.801482972884035,-2.175340307261342,0.7962452871901202,-0.16035802417499653,0.07,insider-event,
301021.SZ,20240408,EVENT,-9.3871,0,20240408,17.89,20240415,16.279,SL_HIT,5,22.311,16.279,9.005,0.39524233536738507,-13.9141959129785,0.04388992979845624,-1.5451104984868145,-1.0,insider-event,
688550.SH,20240408,EVENT,-2.9917,0,20240408,25.449,20240409,24.788,SL_GAP,1,28.73,25.425,0.094,-1.3829259686258033,-3.6895053389257026,-14.635418523139275,-39.04580288718643,-27.485,insider-event,
002782.SZ,20240408,EVENT,-5.3465,0,20240408,10.397,20240415,9.882,SL_HIT,5,11.962,9.882,4.957,1.8757369928575462,-8.319531248497169,0.37843187261598427,-1.6784740086933319,-1.0,insider-event,
300759.SZ,20240430,EVENT,8.0057,0,20240430,19.157,20240524,20.771,TIME_STOP,15,25.201,16.9,11.782,20.845684899222185,0.33151524547319067,1.7692284323907626,0.0281365760298937,0.715,insider-event,
300080.SZ,20240430,EVENT,-7.4662,0,20240430,4.079,20240524,3.79,TIME_STOP,15,4.54,3.569,12.492,6.649014416004695,-7.8160243208787,0.5322716312454427,-0.6256939382044532,-0.567,insider-event,
300158.SZ,20240430,EVENT,2.8127,0,20240430,4.66,20240521,4.6,SL_GAP,12,5.33,3.852,17.344,17.16738197424892,-7.296137339055786,0.9898365002209454,-0.42068051259390155,-0.074,insider-event,
688580.SH,20240430,EVENT,-2.9355,0,20240430,29.457,20240524,28.709,TIME_STOP,15,37.78,27.248,7.499,9.181208828326959,-4.584409037442139,1.2243006065936348,-0.6113241589818541,-0.339,insider-event,
300786.SZ,20240430,EVENT,9.8653,0,20240430,11.751,20240524,12.96,TIME_STOP,15,14.9,9.083,22.705,12.92367652940527,-3.244747389650504,0.5692095991775813,-0.1429114506923101,0.453,insider-event,
600183_SH.SH,20240513,CONT,3.1803,3,,,,,,,,,,,,,,,,
300910_SZ.SZ,20240514,CONT,-6.9431,3,,,,,,,,,,,,,,,,
601113_SH.SH,20240514,CONT,-8.513,3,,,,,,,,,,,,,,,,
300702_SZ.SZ,20240515,CONT,-6.9211,3,,,,,,,,,,,,,,,,
002155_SZ.SZ,20240516,CONT,8.2538,3,,,,,,,,,,,,,,,,
002481_SZ.SZ,20240516,CONT,-8.3836,3,,,,,,,,,,,,,,,,
603228_SH.SH,20240516,CONT,-3.3622,3,,,,,,,,,,,,,,,,
000791_SZ.SZ,20240520,CONT,-8.8402,3,,,,,,,,,,,,,,,,
002569_SZ.SZ,20240520,CONT,-3.7294,3,,,,,,,,,,,,,,,,
603320_SH.SH,20240520,CONT,-2.1048,3,,,,,,,,,,,,,,,,
603507_SH.SH,20240520,CONT,0.9066,3,,,,,,,,,,,,,,,,
601825_SH.SH,20240522,CONT,-11.4053,3,,,,,,,,,,,,,,,,
688677.SH,20240516,EVENT,-8.6434,0,20240516,42.825,20240606,39.288,TIME_STOP,15,56.068,36.204,15.462,5.003056595825561,-12.08959538517076,0.3235691968879833,-0.7818861519064779,-0.534,insider-event,
688502.SH,20240516,EVENT,2.6965,0,20240516,92.766,20240520,96.463,TP2_RUNNER,2,96.463,80.035,13.724,12.512163673812715,-3.323384642019034,0.9117263057422264,-0.24216572618612142,0.29,insider-event,
688084.SH,20240517,EVENT,11.2523,0,20240517,40.992,20240607,45.892,TIME_STOP,15,51.702,38.612,5.806,25.63914910226388,0.6342701014832253,4.415966386554634,0.10924369747899335,2.059,insider-event,
600530.SH,20240520,EVENT,5.1973,0,20240520,2.318,20240523,2.448,TP2_RUNNER,3,2.448,1.821,21.462,15.962036238136324,-0.8628127696289956,0.743718592964824,-0.040201005025125865,0.261,insider-event,
002289.SZ,20240520,EVENT,0.6579,0,20240520,3.68,20240522,3.68,BE,2,5.52,3.28,10.879,5.163043478260865,-0.27173913043478937,0.47457627118644,-0.024977698483497485,0.0,insider-event,
600666.SH,20240524,EVENT,-6.1923,0,20240524,1.426,20240527,1.343,SL_HIT,1,1.66,1.343,5.804,-2.4971941638608386,-6.705948372615033,-0.4302486187845325,-1.1553867403314926,-1.0,insider-event,
300335.SZ,20240507,EVENT,7.4642,0,20240507,4.178,20240510,4.51,TP2_RUNNER,3,4.51,3.488,16.506,13.935564172531013,0.29201972329937487,0.8442750305566504,0.017691781815170397,0.482,insider-event,
300821.SZ,20240507,EVENT,1.4726,0,20240507,7.995,20240509,8.145,TP2_RUNNER,2,8.145,6.403,19.91,4.502814258911814,1.5009380863039379,0.22616109490688777,0.07538703163562925,0.094,insider-event,
300575.SZ,20240507,EVENT,1.8669,0,20240507,6.12,20240509,6.31,TP2_RUNNER,2,6.31,5.262,14.017,4.90196078431373,0.0,0.3497085761865115,0.0,0.221,insider-event,
600703.SH,20240507,EVENT,-0.4045,0,20240507,12.417,20240509,12.362,SL_GAP,2,13.342,10.888,12.307,2.1376256585952103,-0.43957353796294507,0.17368697567369057,-0.035716355708951444,-0.036,insider-event,
002488.SZ,20240507,EVENT,-9.8429,0,20240507,5.443,20240528,4.928,TIME_STOP,15,5.908,4.236,22.178,1.9287086948054588,-12.034128112702136,0.08696423964573378,-0.5426111283363354,-0.427,insider-event,
002426.SZ,20240507,EVENT,-1.7225,0,20240507,1.713,20240528,1.69,TIME_STOP,15,2.03,1.362,20.447,6.264961756291254,-3.6608863198458574,0.3063963449457461,-0.17904054825813814,-0.065,insider-event,
000607.SZ,20240507,EVENT,-10.9633,0,20240507,3.941,20240528,3.524,SL_HIT,15,4.581,3.524,10.585,0.7612281146917033,-10.657193605683835,0.07191780821917819,-1.0068493150684938,-1.0,insider-event,
301313.SZ,20240508,EVENT,-7.8203,0,20240508,23.563,20240529,21.811,TIME_STOP,15,33.051,20.712,12.101,4.914529098386922,-8.029498802995716,0.4061375033631561,-0.6635591186501477,-0.614,insider-event,
600778.SH,20240508,EVENT,-3.6292,0,20240508,4.475,20240529,4.33,TIME_STOP,15,5.06,3.598,19.605,5.256100831322086,-5.917582908733332,0.2680952923743314,-0.30183517610851407,-0.165,insider-event,
688420.SH,20240508,EVENT,-5.8126,0,20240508,22.071,20240529,20.874,TIME_STOP,15,23.614,18.687,15.332,0.9647928101323533,-7.417224184067273,0.06292840099092602,-0.4837868325641322,-0.354,insider-event,
688184.SH,20240508,EVENT,-0.1891,0,20240508,16.325,20240513,16.325,BE,3,18.46,15.41,5.608,7.196893127760329,-1.8689012624731216,1.2834025155269824,-0.3332761149776843,0.0,insider-event,
301037.SZ,20240508,EVENT,-0.1372,0,20240508,10.537,20240510,10.537,BE,2,11.243,7.368,30.069,5.072143970950682,-3.9440728814025827,0.16868500447976695,-0.13116858580479576,0.0,insider-event,
600180.SH,20240508,EVENT,0.3775,0,20240508,4.622,20240513,4.622,BE,3,5.132,4.153,10.153,4.110774556469066,-3.0289917784508846,0.40487062404870666,-0.29832572298325694,0.0,insider-event,
003016.SZ,20240508,EVENT,1.7742,0,20240508,6.559,20240529,6.559,BE,15,7.415,5.554,15.326,8.176100628930815,-2.8016009148084553,0.5334872979214782,-0.1828033398472194,0.0,insider-event,
001267.SZ,20240508,EVENT,8.6069,0,20240508,3.93,20240517,4.36,TP2_RUNNER,7,4.36,3.272,16.746,19.07487978016944,-2.04310103554437,1.139089665950379,-0.12200733650235551,0.653,insider-event,
300143.SZ,20240506,EVENT,0.4139,0,20240506,6.513,20240510,6.513,BE,4,7.006,5.415,16.852,2.8404729003531415,-0.2303086135421406,0.16855395027983872,-0.013666536509175757,0.0,insider-event,
301313.SZ,20240506,EVENT,-6.5261,0,20240506,23.621,20240527,22.171,TIME_STOP,15,33.051,19.081,19.222,4.65687312137506,-8.001354726726206,0.24227169039565882,-0.4162668134979938,-0.319,insider-event,
300700.SZ,20240506,EVENT,0.3748,0,20240506,7.73,20240527,7.79,TIME_STOP,15,9.916,6.774,12.371,7.7619663648124115,-2.7166882276843607,0.6274509803921564,-0.2196078431372561,0.063,insider-event,
000757.SZ,20240506,EVENT,-7.3556,0,20240506,3.3,20240527,3.07,TIME_STOP,15,3.84,2.572,22.056,3.6363636363636376,-9.393939393939387,0.16486751717369988,-0.4259077526987243,-0.316,insider-event,
002602.SZ,20240506,EVENT,-14.9458,0,20240506,4.69,20240520,4.006,SL_HIT,10,5.33,4.006,14.575,0.8528784648187626,-17.27078891257997,0.05851619644723088,-1.1849529780564272,-1.0,insider-event,
002583.SZ,20240506,EVENT,-5.4822,0,20240506,4.32,20240527,4.1,TIME_STOP,15,4.98,3.438,20.428,3.47222222222221,-6.944444444444464,0.16997167138810132,-0.33994334277620486,-0.249,insider-event,
300903.SZ,20240509,EVENT,4.3457,0,20240509,6.94,20240523,6.94,BE,10,8.45,5.347,22.957,16.570605187319877,-6.91642651296831,0.7218112530822682,-0.3012777404169473,0.0,insider-event,
301057.SZ,20240509,EVENT,0.7247,0,20240509,12.248,20240513,12.218,SL_GAP,2,12.988,9.199,24.89,9.715871979098644,-7.674722403657741,0.3903467666354271,-0.30834114339268986,-0.01,insider-event,
688202.SH,20240509,EVENT,-20.5776,0,20240509,41.313,20240530,32.96,TIME_STOP,15,51.18,30.444,26.309,-2.7901831640149477,-22.541978616744974,-0.10605266028686783,-0.8568028189932431,-0.768,insider-event,
603153.SH,20240509,EVENT,-6.5343,0,20240509,18.304,20240530,17.179,TIME_STOP,15,19.819,14.86,18.814,4.01489064477869,-8.168165510368986,0.21340243435492842,-0.4341603690734624,-0.327,insider-event,
600337.SH,20240509,EVENT,0.0307,0,20240509,2.318,20240530,2.328,TIME_STOP,15,2.768,2.093,9.707,8.196721311475397,-5.608283002588433,0.8444444444444428,-0.577777777777777,0.044,insider-event,
300138.SZ,20240510,EVENT,-12.6814,0,20240510,10.32,20240531,9.05,TIME_STOP,15,12.62,8.747,15.244,1.2596899224806002,-13.468992248062017,0.08263337116912467,-0.8835414301929624,-0.807,insider-event,
688677.SH,20240510,EVENT,-11.4382,0,20240510,45.399,20240531,40.378,TIME_STOP,15,56.068,36.064,20.563,0.8118605920516275,-11.302831622077992,0.03948218935584984,-0.5496763147875419,-0.538,insider-event,
002426.SZ,20240510,EVENT,1.3093,0,20240510,1.703,20240523,1.703,BE,9,1.84,1.366,19.775,6.882781301385954,-3.100775193798444,0.3480548131178142,-0.15680285096092625,0.0,insider-event,
300759.SZ,20240510,EVENT,-0.0541,0,20240510,20.211,20240531,20.281,TIME_STOP,15,25.201,16.898,16.391,14.54653406560784,-1.9296422740091912,0.8874514877102198,-0.1177231565329876,0.021,insider-event,
000989.SZ,20240510,EVENT,-9.7704,0,20240510,8.06,20240528,7.303,SL_HIT,12,8.94,7.303,9.389,3.970223325062028,-9.925558312655092,0.4228409627182623,-1.0571024067956583,-1.0,insider-event,
301428.SZ,20240530,EVENT,4.4456,0,20240530,26.138,20240605,27.602,TP2_RUNNER,4,27.602,23.715,9.271,13.138046627933742,-4.154796965947649,1.417187737665561,-0.44817372623049734,0.604,insider-event,
600992_SH.SH,20240617,CONT,-3.9661,3,,,,,,,,,,,,,,,,
002271.SZ,20240603,EVENT,-11.352,0,20240603,14.602,20240625,13.0,TIME_STOP,15,18.0,12.28,15.902,7.926724875877422,-12.343776750556401,0.4984620116887116,-0.7762227007074745,-0.69,insider-event,
600653.SH,20240603,EVENT,4.6576,0,20240603,1.48,20240607,1.48,BE,4,1.73,1.364,7.867,25.67567567567568,-4.729729729729737,3.2638036809815922,-0.601226993865031,0.0,insider-event,
301115.SZ,20240604,EVENT,-2.738,0,20240604,15.295,20240606,14.937,SL_HIT,2,16.89,14.937,2.343,1.9254028962766956,-3.6971658330881563,0.821805860075752,-1.5780346820809297,-1.0,insider-event,
301248.SZ,20240606,EVENT,-3.1481,0,20240606,13.018,20240607,12.66,SL_GAP,1,17.841,12.697,2.472,-0.14210546529938028,-3.0610285363137146,-0.05748529574963903,-1.238264343580077,-1.114,insider-event,
601929.SH,20240606,EVENT,-20.8996,0,20240606,1.138,20240626,0.905,SL_HIT,13,1.4,0.905,20.541,8.915239350021963,-24.462011418533148,0.43402565668906573,-1.1908979841172875,-1.0,insider-event,
688591.SH,20240606,EVENT,8.345,0,20240606,17.724,20240614,19.343,TP2_RUNNER,5,19.343,16.489,6.965,18.55695986847192,-4.6319757932336785,2.6641714274473314,-0.6649999594991324,1.311,insider-event,
301169.SZ,20240605,EVENT,-2.8396,0,20240605,27.591,20240606,26.917,SL_HIT,1,35.68,26.917,2.445,3.1122129076919025,-6.854696951575323,1.2730642155201588,-2.803943578447992,-1.0,insider-event,
600576.SH,20240605,EVENT,-2.3336,0,20240605,5.089,20240606,4.99,SL_GAP,1,5.87,4.997,1.797,-1.5446291710883076,-9.012302008410956,-0.8594189315838816,-5.014370509215902,-1.078,insider-event,
002445.SZ,20240613,EVENT,-1.0907,0,20240613,1.762,20240614,1.75,SL_GAP,1,2.05,1.758,0.246,1.5775734876858571,-1.827261377823175,6.401315789473962,-7.414473684210799,-2.809,insider-event,
605151.SH,20240613,EVENT,-3.574,0,20240613,15.127,20240621,14.646,SL_HIT,6,16.25,14.646,3.181,0.7456766619070354,-4.47670421492411,0.2344487662935388,-1.4075239763650973,-1.0,insider-event,
600234.SH,20240613,EVENT,0.2997,0,20240613,2.14,20240624,2.14,BE,7,2.58,1.905,10.965,18.224299065420535,0.0,1.6621004566210007,0.0,0.0,insider-event,
002932.SZ,20240611,EVENT,-2.6753,0,20240611,17.502,20240614,17.103,SL_HIT,3,20.221,17.103,2.28,1.8671356360139724,-2.9322582690985755,0.8188847562350889,-1.2860241921338071,-1.0,insider-event,
300841.SZ,20240618,EVENT,-3.427,0,20240618,53.513,20240620,51.89,SL_HIT,2,64.423,51.89,3.033,0.3924280081475606,-3.531852073327979,0.1293729372937321,-1.164356435643567,-1.0,insider-event,
301207.SZ,20240614,EVENT,-8.3696,0,20240614,16.686,20240704,15.354,SL_HIT,14,21.356,15.354,7.986,1.378401054776468,-9.708737864077666,0.17260787992495424,-1.2157598499061912,-1.0,insider-event,
601880.SH,20240614,EVENT,-1.4729,0,20240614,1.229,20240621,1.216,SL_HIT,5,1.419,1.216,1.075,2.4410089503661414,-1.6273393002441017,2.270270270270277,-1.5135135135135247,-1.0,insider-event,
600699.SH,20240614,EVENT,0.4238,0,20240614,14.995,20240621,14.995,BE,5,17.627,14.341,4.361,6.6788310945184115,-0.05695406461285746,1.531357994486413,-0.013058731524888775,0.0,insider-event,
688737.SH,20240614,EVENT,-8.0519,0,20240614,17.216,20240625,15.896,SL_HIT,7,21.45,15.896,7.667,2.810741108613435,-8.051184646929332,0.36658297439449095,-1.0500530291552113,-1.0,insider-event,
002132.SZ,20240614,EVENT,-4.3867,0,20240614,2.198,20240705,2.11,TIME_STOP,15,2.73,2.018,8.171,4.650104650104647,-5.814905814905824,0.5690875825312217,-0.7116378967464804,-0.489,insider-event,
002367.SZ,20240614,EVENT,-2.7998,0,20240614,5.564,20240617,5.43,SL_HIT,1,6.751,5.43,2.405,0.291167906826284,-2.4048312304540076,0.12107623318386249,-1.000000000000001,-1.0,insider-event,
002570.SZ,20240614,EVENT,-6.2309,0,20240614,2.564,20240621,2.414,SL_HIT,5,3.29,2.414,5.843,4.910104910104907,-6.009906009905997,0.8403737961285421,-1.0286068465719471,-1.0,insider-event,
300597.SZ,20240617,EVENT,10.8356,0,20240617,6.675,20240624,7.462,TP2_RUNNER,5,7.462,5.995,10.178,21.8353814022755,-0.637942761941579,2.145265752088083,-0.06267610964849604,1.159,insider-event,
000882.SZ,20240617,EVENT,-9.5978,0,20240617,1.138,20240620,1.034,SL_HIT,3,1.51,1.034,9.216,0.13175230566535578,-10.408432147562575,0.014295439074200878,-1.1293396868618115,-1.0,insider-event,
600307.SH,20240617,EVENT,-0.2113,0,20240617,1.218,20240708,1.22,TIME_STOP,15,1.38,1.091,10.428,1.8313213435164677,-7.20210232405355,0.17561030487118937,-0.6906288671391615,0.018,insider-event,
002105.SZ,20240617,EVENT,4.133,0,20240617,4.247,20240625,4.2,SL_GAP,6,5.14,3.836,9.678,29.029219938310867,-1.579901579901577,2.999548171833735,-0.16324899207562907,-0.115,insider-event,
600130.SH,20240617,EVENT,-2.5967,0,20240617,3.18,20240708,3.11,TIME_STOP,15,3.49,2.879,9.468,3.7735849056603765,-5.3459119496855445,0.3985765124555161,-0.5646500593119823,-0.233,insider-event,
688455.SH,20240617,EVENT,1.1136,0,20240617,7.9,20240708,8.02,TIME_STOP,15,9.31,7.174,9.193,10.123794334320625,-3.0404293562188323,1.1012411731151253,-0.33073034481402097,0.165,insider-event,
605338.SH,20240617,EVENT,-9.6896,0,20240617,13.038,20240621,11.825,SL_HIT,4,15.6,11.825,9.308,-3.131543222659383,-10.034283610593398,-0.3364212062714804,-1.0779815433871645,-1.0,insider-event,
601005.SH,20240617,EVENT,-4.535,0,20240617,1.109,20240620,1.063,SL_HIT,3,1.28,1.063,4.143,-0.7936507936507908,-4.401154401154395,-0.19154228855721359,-1.0621890547263684,-1.0,insider-event,
600022.SH,20240617,EVENT,0.1446,0,20240617,1.238,20240704,1.238,BE,13,1.3,1.105,10.678,1.8181818181818077,-4.646464646464654,0.17027027027026934,-0.43513513513513596,0.0,insider-event,
688455.SH,20240620,EVENT,-5.5195,0,20240620,8.306,20240711,7.88,TIME_STOP,15,9.31,7.168,13.708,4.742297829306152,-9.584522218610426,0.3459511681011754,-0.6991919901633589,-0.374,insider-event,
688232.SH,20240620,EVENT,-8.7508,0,20240620,19.67,20240709,18.024,SL_HIT,13,21.853,18.024,8.368,2.3385866802236865,-10.472801220132189,0.27947749858959253,-1.251573145857744,-1.0,insider-event,
002203.SZ,20240620,EVENT,-5.2922,0,20240620,8.197,20240624,7.795,SL_HIT,2,8.86,7.795,4.902,-1.063777875372074,-6.187478651246748,-0.21700024885349628,-1.262184933698319,-1.0,insider-event,
002702.SZ,20240620,EVENT,-12.1334,0,20240620,3.802,20240710,3.355,SL_HIT,14,4.44,3.355,11.757,1.0101010101010166,-14.246632996632991,0.08591427749544603,-1.2117492888420118,-1.0,insider-event,
000510.SZ,20240620,EVENT,0.0041,0,20240620,2.95,20240703,2.95,BE,9,4.02,2.545,13.723,5.7555419971527355,-9.497661175513528,0.41942199795335017,-0.6921203994495215,0.0,insider-event,
603153.SH,20240620,EVENT,-6.183,0,20240620,16.7,20240708,15.733,SL_HIT,12,19.039,15.733,5.795,0.47118885817090117,-7.193339524835151,0.08131328266045981,-1.2413579818634608,-1.0,insider-event,
603863.SH,20240620,EVENT,-0.2131,0,20240620,18.226,20240711,18.26,TIME_STOP,15,44.79,13.656,25.071,13.080835514295597,-16.87653284611459,0.521745247183951,-0.6731413136248956,0.007,insider-event,
000672.SZ,20240620,EVENT,2.4471,0,20240620,4.885,20240711,5.024,TIME_STOP,15,5.919,4.625,5.322,5.923441959112807,-1.651292003947047,1.1130785548630984,-0.31029555621503224,0.536,insider-event,
603333.SH,20240619,EVENT,-11.8122,0,20240619,3.257,20240709,2.885,SL_HIT,14,4.16,2.885,11.435,0.08903625924903125,-12.191827085444107,0.007786130714943763,-1.066162933415158,-1.0,insider-event,
688576.SH,20240619,EVENT,-5.9309,0,20240619,39.132,20240624,36.963,SL_HIT,3,47.897,36.963,5.542,4.14238985996116,-6.68506593069611,0.7474351585014428,-1.2062247838616746,-1.0,insider-event,
688236.SH,20240619,EVENT,-1.4751,0,20240619,14.422,20240620,14.267,SL_HIT,1,23.148,14.267,1.077,2.1888295364407506,-1.6247039311289568,2.031514884071591,-1.5079338812583891,-1.0,insider-event,
000795.SZ,20240619,EVENT,-4.7738,0,20240619,5.331,20240624,5.098,SL_HIT,3,5.925,5.098,4.383,0.822524220852916,-7.618431295311523,0.1876738711748352,-1.7382837577573311,-1.0,insider-event,
000672.SZ,20240619,EVENT,0.2095,0,20240619,4.914,20240710,4.944,TIME_STOP,15,5.919,4.625,5.88,5.291005291005302,-2.238502238502227,0.8998763906056878,-0.380716934487019,0.104,insider-event,
002132.SZ,20240619,EVENT,-7.4967,0,20240619,2.25,20240710,2.09,TIME_STOP,15,2.73,2.02,10.206,0.8888888888888946,-9.777777777777786,0.0870917573872478,-0.9580093312597203,-0.697,insider-event,
300019.SZ,20240621,EVENT,-7.8939,0,20240621,13.226,20240704,12.233,SL_HIT,9,14.27,12.233,7.509,-1.6361216960019354,-7.911449827617489,-0.21788472879478746,-1.053579390992909,-1.0,insider-event,
002700_SZ.SZ,20240701,CONT,14.6357,3,,,,,,,,,,,,,,,,
002700_SZ.SZ,20240708,CONT,23.7079,3,,,,,,,,,,,,,,,,
000908_SZ.SZ,20240815,CONT,62.6906,3,,,,,,,,,,,,,,,,
301035.SZ,20240807,EVENT,-11.0063,0,20240807,29.004,20240827,25.922,SL_HIT,14,33.295,25.922,10.628,3.106361426325921,-10.836528578959548,0.29228941091086325,-1.0196503625816318,-1.0,insider-event,
000878.SZ,20240807,EVENT,-0.0349,0,20240807,10.94,20240828,10.98,TIME_STOP,15,13.23,10.661,2.553,3.199268738574035,-2.376599634369281,1.253196930946287,-0.930946291560098,0.143,insider-event,
301260.SZ,20240807,EVENT,-4.4043,0,20240807,12.55,20240815,12.046,SL_HIT,6,15.5,12.046,4.013,1.035856573705174,-4.7011952191235,0.2581560283687923,-1.1716312056737541,-1.0,insider-event,
300376.SZ,20240807,EVENT,-14.389,0,20240807,2.767,20240815,2.379,SL_HIT,6,2.887,2.379,14.017,-2.5298156848572395,-15.17889410914347,-0.18047882136279897,-1.0828729281767961,-1.0,insider-event,
003023.SZ,20240807,EVENT,-0.4134,0,20240807,14.71,20240813,14.63,SL_GAP,4,15.46,13.867,5.732,2.58327668252889,-0.5438477226376581,0.45065650148242237,-0.09487505294366737,-0.095,insider-event,
600955.SH,20240807,EVENT,-4.5581,0,20240807,13.86,20240821,13.282,SL_HIT,10,14.61,13.282,4.167,2.4531024531024626,-4.545454545454541,0.5887445887445905,-1.0909090909090888,-1.0,insider-event,
688078.SH,20240807,EVENT,-1.8355,0,20240807,20.854,20240828,20.554,TIME_STOP,15,24.934,19.38,7.066,6.953102522297883,-3.30871775199002,0.9840038778477946,-0.4682501211827427,-0.204,insider-event,
688371.SH,20240807,EVENT,10.5515,0,20240807,8.772,20240828,9.681,TIME_STOP,15,11.581,8.327,5.072,13.77743123595736,-2.5237136059842236,2.7162129622792355,-0.4975487441929146,2.042,insider-event,
600810.SH,20240807,EVENT,0.9465,0,20240807,5.902,20240828,5.982,TIME_STOP,15,6.342,5.517,6.535,4.059718283133251,-3.39490171761222,0.6212002251718414,-0.5194729201232512,0.206,insider-event,
688067.SH,20240807,EVENT,-6.1983,0,20240807,13.597,20240828,12.807,TIME_STOP,15,13.937,12.361,9.088,2.1328234169302185,-8.751930572920497,0.23468208092485696,-0.9630057803468207,-0.639,insider-event,
688610.SH,20240807,EVENT,-4.9406,0,20240807,28.36,20240820,27.07,SL_HIT,9,31.0,27.07,4.55,2.186177715091686,-4.795486600846255,0.4804871298090246,-1.0539717686133387,-1.0,insider-event,
300982.SZ,20240805,EVENT,0.3629,0,20240805,16.261,20240808,16.261,BE,3,16.856,15.401,5.287,5.253447719201132,-2.7412634718570916,0.993685347513602,-0.5185077479124275,0.0,insider-event,
002955.SZ,20240805,EVENT,10.2047,0,20240805,20.129,20240807,22.497,TP2_RUNNER,2,22.497,17.416,13.475,13.579231226290055,0.5132974442437321,1.007714849716329,0.03809180713297028,0.873,insider-event,
000981.SZ,20240805,EVENT,-20.8403,0,20240805,1.396,20240826,1.11,TIME_STOP,15,1.4,0.728,47.832,-6.153735940969973,-26.212479403968757,-0.1286533441739054,-0.5480123240189995,-0.428,insider-event,
002706.SZ,20240805,EVENT,-1.82,0,20240805,5.754,20240806,5.672,SL_GAP,1,7.362,5.71,0.759,1.5314883174483818,-1.4230397575201614,2.0180592815546183,-1.8751554014264213,-1.875,insider-event,
688499.SH,20240805,EVENT,-8.1738,0,20240805,18.662,20240815,17.208,SL_HIT,8,19.58,17.208,7.79,1.5459636149291356,-8.36749457439112,0.19846690580315515,-1.0741978281165543,-1.0,insider-event,
605168.SH,20240805,EVENT,-0.1237,0,20240805,22.77,20240808,22.77,BE,3,23.7,20.869,8.347,2.8107158541941235,-1.273605621431706,0.33671552048102366,-0.15257422021796307,0.0,insider-event,
300801.SZ,20240808,EVENT,-6.1345,0,20240808,13.765,20240823,12.974,SL_GAP,11,14.984,13.184,4.223,2.099824481872803,-11.848635956806264,0.4972156826123897,-2.805628597126719,-1.361,insider-event,
002706.SZ,20240808,EVENT,-6.0845,0,20240808,5.784,20240820,5.454,SL_HIT,8,6.152,5.454,5.696,2.739133892848389,-6.251837097437917,0.4808808096927257,-1.0975690138157732,-1.0,insider-event,
688598.SH,20240808,EVENT,-11.2468,0,20240808,16.939,20240819,15.098,SL_HIT,7,17.29,15.098,10.869,-0.17061320392706136,-11.387398237193679,-0.015697624793401792,-1.0477214001381203,-1.0,insider-event,
688400.SH,20240808,EVENT,5.7124,0,20240808,14.019,20240829,14.941,TP2_RUNNER,15,14.941,13.134,6.314,10.282972368983256,-2.057079516298499,1.6286144962340037,-0.3257997201524157,1.041,insider-event,
002058.SZ,20240808,EVENT,-4.1468,0,20240808,7.346,20240829,7.07,TIME_STOP,15,9.55,6.515,11.31,4.005009665387016,-6.749435051321839,0.35411651420317697,-0.5967741935483867,-0.332,insider-event,
300770.SZ,20240808,EVENT,0.6872,0,20240808,26.714,20240822,26.714,BE,10,28.574,24.521,8.208,5.052900783704217,-2.1717321450496763,0.6156175604060805,-0.2645918655879168,0.0,insider-event,
688211.SH,20240808,EVENT,-3.0687,0,20240808,24.156,20240829,23.51,TIME_STOP,15,24.6,23.013,4.732,0.3891372743831889,-3.874813710879288,0.08222944263934275,-0.8187953011747056,-0.565,insider-event,
603033.SH,20240808,EVENT,-2.5647,0,20240808,10.177,20240813,9.956,SL_HIT,3,11.58,9.956,2.169,3.4665723381676727,-3.1167708210509737,1.5980328717484191,-1.4367801216513534,-1.0,insider-event,
300432.SZ,20240813,EVENT,1.4077,0,20240813,4.257,20240821,4.257,BE,6,4.593,3.934,7.588,7.728447263330995,-0.6577401926239013,1.0185758513931904,-0.08668730650154637,0.0,insider-event,
301260.SZ,20240809,EVENT,-4.1657,0,20240809,12.55,20240814,12.076,SL_HIT,3,15.28,12.076,3.773,0.3984063745019917,-3.9043824701195273,0.10558069381598781,-1.034690799396683,-1.0,insider-event,
002996.SZ,20240809,EVENT,-5.6483,0,20240809,5.202,20240821,4.928,SL_HIT,8,6.122,4.928,5.259,-0.1922337562475951,-5.382545174932718,-0.036553524804177166,-1.023498694516971,-1.0,insider-event,
600256.SH,20240809,EVENT,0.5542,0,20240809,5.335,20240814,5.335,BE,3,5.525,4.901,8.127,3.373945641986875,-1.3120899718837897,0.4151565074135093,-0.161449752883032,0.0,insider-event,
688371.SH,20240809,EVENT,0.7303,0,20240809,8.831,20240821,8.751,SL_GAP,8,9.861,8.323,5.751,8.379571962405175,-3.17064885063979,1.4571026722925482,-0.5513361462728552,-0.158,insider-event,
300687.SZ,20240809,EVENT,-2.0362,0,20240809,12.306,20240812,12.104,SL_HIT,1,13.48,12.104,1.64,-0.9402146972541159,-3.8656882582868035,-0.573421127159445,-2.357618238459362,-1.0,insider-event,
000538.SZ,20240809,EVENT,2.2671,0,20240809,47.53,20240813,48.8,TP2_RUNNER,2,48.8,43.429,8.629,3.8924971439031175,0.694510192531439,0.4510977279139536,0.08048611425565949,0.31,insider-event,
002870.SZ,20240809,EVENT,2.5439,0,20240809,28.616,20240815,29.625,TP2_RUNNER,4,29.625,26.332,7.98,3.631016967809919,-1.1565228482716905,0.45503514418971375,-0.14493420044231428,0.442,insider-event,
688707.SH,20240809,EVENT,-1.1238,0,20240809,8.643,20240830,8.58,TIME_STOP,15,9.58,7.818,9.544,2.2828514237448916,-6.742106054820818,0.23919707649941938,-0.7064375898439512,-0.076,insider-event,
002440.SZ,20240809,EVENT,-3.5792,0,20240809,5.482,20240830,5.307,TIME_STOP,15,5.517,4.674,14.731,0.09796356193321198,-6.286998575241309,0.0066502606852646366,-0.4267931731774589,-0.216,insider-event,
300376.SZ,20240812,EVENT,-3.2884,0,20240812,2.561,20240813,2.487,SL_GAP,1,2.887,2.496,2.532,-2.503972855731662,-6.0180467215643185,-0.9889846004714612,-2.376924941067609,-1.143,insider-event,
301115.SZ,20240812,EVENT,8.637,0,20240812,12.38,20240819,13.84,TP2_RUNNER,5,13.84,12.043,2.726,12.116316639741509,-1.2116316639741553,4.444444444444437,-0.44444444444444525,4.326,insider-event,
300071.SZ,20240812,EVENT,5.5367,0,20240812,2.228,20240815,2.36,TP2_RUNNER,3,2.36,1.761,20.94,9.539842873176196,-3.0303030303030276,0.4555895865237361,-0.14471669218989267,0.284,insider-event,
600679.SH,20240812,EVENT,-3.0393,0,20240812,9.111,20240902,8.723,TIME_STOP,15,10.513,7.955,12.69,2.436952377189261,-7.441249394960147,0.19203686016440802,-0.586385759067079,-0.336,insider-event,
601966.SH,20240812,EVENT,-5.7839,0,20240812,15.987,20240821,15.124,SL_HIT,7,17.988,15.124,5.395,0.19691590164714334,-6.371117666634129,0.03650072716551321,-1.180963171302967,-1.0,insider-event,
688598.SH,20240812,EVENT,-3.1823,0,20240812,16.107,20240815,15.658,SL_HIT,3,17.29,15.658,2.788,2.0655230858058315,-4.080758413886865,0.7408385290749562,-1.4636404122661977,-1.0,insider-event,
603201.SH,20240812,EVENT,-4.7656,0,20240812,11.286,20240820,10.792,SL_HIT,6,12.103,10.792,4.375,2.0733652312599604,-4.430267588162328,0.47395833333333237,-1.012731481481484,-1.0,insider-event,
601969.SH,20240812,EVENT,-4.1915,0,20240812,5.471,20240821,5.263,SL_HIT,7,6.261,5.263,3.799,2.1933832937305775,-4.021202705172722,0.5773195876288658,-1.058419243986253,-1.0,insider-event,
600256.SH,20240812,EVENT,4.0851,0,20240812,5.282,20240819,5.525,TP2_RUNNER,5,5.525,4.902,7.192,5.364800772485889,-0.12590762356460283,0.7459242962712276,-0.017506252232939938,0.641,insider-event,
002627.SZ,20240812,EVENT,-1.3696,0,20240812,4.541,20240902,4.497,TIME_STOP,15,5.057,4.249,6.438,2.1111485467273594,-2.7334606144285734,0.32793526223972735,-0.42460210808195875,-0.151,insider-event,
002455.SZ,20240812,EVENT,-4.0221,0,20240812,7.267,20240819,7.003,SL_HIT,5,8.86,7.003,3.63,2.111028541546256,-3.6688409985412673,0.5816271259885185,-1.0108330625067707,-1.0,insider-event,
300481.SZ,20240815,EVENT,-2.7073,0,20240815,11.693,20240820,11.423,SL_HIT,3,12.863,11.423,2.312,3.335328829214057,-2.6511588129650265,1.4425363276089775,-1.1466314398943185,-1.0,insider-event,
600653.SH,20240814,EVENT,-8.2866,0,20240814,1.346,20240904,1.24,TIME_STOP,15,1.45,1.137,15.569,0.2673796791443861,-9.387997623291744,0.01717440196278886,-0.6030123355823622,-0.508,insider-event,
688475.SH,20240814,EVENT,-2.0543,0,20240814,26.304,20240815,25.868,SL_HIT,1,28.94,25.868,1.658,-0.01634713716008873,-2.145276627775694,-0.009860446832211345,-1.294011662189605,-1.0,insider-event,
300820.SZ,20240816,EVENT,0.9703,0,20240816,37.805,20240820,37.805,BE,2,44.325,32.839,13.137,5.26385398756779,-1.5870916545430491,0.40069034948942955,-0.12081116065007903,0.0,insider-event,
688310.SH,20240816,EVENT,-1.6893,0,20240816,10.425,20240906,10.29,TIME_STOP,15,11.35,9.48,9.066,5.710476080846449,-8.582501175093771,0.629909000211627,-0.9467152401971157,-0.143,insider-event,
688496.SH,20240816,EVENT,-9.0387,0,20240816,7.722,20240823,7.054,SL_HIT,5,8.55,7.054,8.656,0.7511007511007639,-10.903910903910896,0.08677067749519285,-1.259670869843984,-1.0,insider-event,
002255.SZ,20240816,EVENT,-3.1704,0,20240816,4.396,20240822,4.274,SL_HIT,4,4.92,4.274,2.776,7.835107835107835,-4.449904449904441,2.8222898618590504,-1.6029033013345793,-1.0,insider-event,
301093.SZ,20240820,EVENT,7.9042,0,20240820,10.847,20240910,11.75,TIME_STOP,15,12.271,9.765,9.98,10.505437693536624,-4.880695243020705,1.052649706189354,-0.4890479162735337,0.834,insider-event,
688426.SH,20240819,EVENT,-8.6782,0,20240819,17.84,20240909,16.36,TIME_STOP,15,27.58,14.04,21.298,0.2253388490902397,-13.059563448020716,0.010580498644538262,-0.6131951677125594,-0.389,insider-event,
688163.SH,20240819,EVENT,3.5109,0,20240819,12.721,20240829,13.22,TP2_RUNNER,8,13.22,10.994,13.577,19.325551232166017,-8.108320559682426,1.423390265084158,-0.5972044166907906,0.289,insider-event,
605056.SH,20240822,EVENT,7.9197,0,20240822,8.559,20240902,9.305,TP2_RUNNER,7,9.305,8.302,2.996,11.40905877747982,-2.1446389867442517,3.8082012424436615,-0.7158536925091252,2.911,insider-event,
688089.SH,20240822,EVENT,0.6818,0,20240822,14.602,20240902,14.602,BE,7,16.18,13.457,7.846,6.146207841123097,-5.0847457627118615,0.7833541147132183,-0.6480673316708235,0.0,insider-event,
600143.SH,20240822,EVENT,2.2217,0,20240822,6.472,20240828,6.642,TP2_RUNNER,4,6.642,5.397,16.604,7.2620519159456,-2.4721878862793645,0.43735460285809175,-0.1488866733133936,0.158,insider-event,
002219.SZ,20240821,EVENT,6.336,0,20240821,1.742,20240911,1.86,TIME_STOP,15,2.39,1.595,8.439,16.505968778696033,-3.0073461891643727,1.955892354027005,-0.3563586903720975,0.8,insider-event,
603566.SH,20240821,EVENT,-3.0096,0,20240821,10.719,20240823,10.438,SL_HIT,2,11.957,10.438,2.615,0.3570385670690568,-4.121103899435841,0.13653159099133552,-1.57591062682521,-1.0,insider-event,
002493.SZ,20240823,EVENT,-1.3514,0,20240823,8.39,20240828,8.31,SL_GAP,3,9.16,8.321,0.822,1.7878426698450411,-2.1454112038140627,2.176165803108786,-2.611398963730559,-1.161,insider-event,
688080.SH,20240826,EVENT,-6.0439,0,20240826,23.918,20240918,22.566,SL_HIT,15,29.47,22.566,5.655,4.9401297745668815,-8.856779717706864,0.8735214599526915,-1.5660696181142288,-1.0,insider-event,
603815.SH,20240826,EVENT,7.2137,0,20240826,5.086,20240904,5.516,TP2_RUNNER,7,5.516,4.933,3.005,11.207235548564665,-2.9492725127801878,3.7289719626168107,-0.9813084112149545,2.813,insider-event,
603312.SH,20240826,EVENT,8.9924,0,20240826,24.79,20240910,27.24,TP2_RUNNER,11,27.24,24.481,1.248,11.415893505445762,1.2101653892698794,9.150115473441126,0.9699769053117887,7.921,insider-event,
300801.SZ,20240830,EVENT,-5.6745,0,20240830,13.074,20240924,12.383,TIME_STOP,15,14.244,11.938,8.69,6.50145326602416,-6.5779409515068,0.7481923923294551,-0.7569946557686255,-0.608,insider-event,
300627.SZ,20240830,EVENT,6.7724,0,20240830,18.479,20240924,19.807,TIME_STOP,15,22.721,18.304,0.946,9.697494453163058,2.3540234861193943,10.254649499284728,2.4892703862661176,7.599,insider-event,
001330.SZ,20240830,EVENT,-0.5997,0,20240830,4.1,20240902,4.092,SL_HIT,1,4.63,4.092,0.2,2.682926829268295,-0.7317073170731603,13.391304347826072,-3.652173913043419,-1.0,insider-event,
301529.SZ,20240830,EVENT,5.5667,0,20240830,19.985,20240924,20.881,TIME_STOP,15,23.797,18.609,6.886,15.021265949462093,-2.832124093069799,2.181459566074952,-0.4112945084605002,0.651,insider-event,
300073.SZ,20240902,EVENT,4.5596,0,20240902,29.677,20240904,31.347,TP2_RUNNER,2,31.347,25.678,13.474,10.10798514551392,-1.7192642305228656,0.750167282267794,-0.12759573315004055,0.418,insider-event,
002443.SZ,20240902,EVENT,3.4457,0,20240902,4.924,20240925,5.114,TIME_STOP,15,5.314,4.667,5.234,6.6962345611320195,-2.8483467566700504,1.2792520173805064,-0.5441495965239003,0.736,insider-event,
002014.SZ,20240904,EVENT,7.3703,0,20240904,8.49,20240927,9.13,TIME_STOP,15,9.34,7.93,6.592,12.249705535924615,-3.297997644287387,1.8583280153158923,-0.5003190810465851,1.144,insider-event,
603300.SH,20240904,EVENT,-4.8901,0,20240904,4.46,20240918,4.259,SL_HIT,8,5.285,4.259,4.499,1.9069720512561839,-4.5953429971188005,0.42384223827999934,-1.0213576335741996,-1.0,insider-event,
688496.SH,20240904,EVENT,-8.3409,0,20240904,7.257,20240913,6.679,SL_HIT,7,8.4,6.679,7.957,4.455193131864332,-9.60078272493008,0.559909943343475,-1.2065860115292324,-1.0,insider-event,
600380.SH,20240904,EVENT,7.0245,0,20240904,9.45,20240927,10.06,TIME_STOP,15,10.43,8.955,5.234,12.275132275132282,-4.973544973544963,2.345126353790616,-0.9501805054151607,1.233,insider-event,
603282.SH,20240904,EVENT,12.3716,0,20240904,12.047,20240927,13.589,TIME_STOP,15,16.289,11.489,4.631,20.682542409882366,-3.5552334919579542,4.4657715577609,-0.7676455000038411,2.763,insider-event,
002458.SZ,20240904,EVENT,-2.8145,0,20240904,5.783,20240918,5.643,SL_HIT,8,6.823,5.643,2.42,4.486052097762427,-4.592924623741257,1.8541015744654792,-1.898272376401392,-1.0,insider-event,
605266.SH,20240904,EVENT,15.4097,0,20240904,16.918,20240906,19.598,TP2_RUNNER,2,19.598,15.548,8.096,26.06691098238563,10.107577727863815,3.2198174706649287,1.2485006518904826,1.957,insider-event,
688719.SH,20240904,EVENT,-5.2511,0,20240904,21.127,20240918,20.1,SL_HIT,8,24.69,20.1,4.861,3.992123673473258,-6.042619257239679,0.821261145965197,-1.24308984934689,-1.0,insider-event,
301093.SZ,20240905,EVENT,3.866,0,20240905,11.768,20240930,12.271,TP2_RUNNER,15,12.271,10.112,14.073,24.337185588035346,-4.724677090414686,1.7293567100127227,-0.3357270707985595,0.304,insider-event,
301108.SZ,20240905,EVENT,-0.6357,0,20240905,16.036,20240909,15.786,SL_GAP,2,17.314,15.209,5.155,6.8159141930655975,-3.8787727612871192,1.3222155015985466,-0.7524410265272642,-0.302,insider-event,
301322.SZ,20240905,EVENT,7.6435,0,20240905,17.52,20240930,19.01,TP2_RUNNER,15,19.01,15.941,9.012,32.02054794520548,-5.76484018264839,3.553042298122601,-0.6396742818366878,0.944,insider-event,
002706.SZ,20240905,EVENT,8.5898,0,20240905,5.477,20240926,5.982,TP2_RUNNER,13,5.982,4.993,8.83,11.235273925078682,-4.285077820869576,1.2723513112729876,-0.4852684875016984,1.045,insider-event,
600382.SH,20240905,EVENT,3.784,0,20240905,3.425,20240925,3.59,TP2_RUNNER,12,3.59,3.201,6.549,10.935949086238095,-4.828633152332573,1.6698719989810882,-0.7373113417818264,0.734,insider-event,
600867.SH,20240905,EVENT,-1.3977,0,20240905,7.072,20240906,7.001,SL_HIT,1,7.652,7.001,1.0,2.5452488687782715,-1.2726244343891358,2.5454545454545356,-1.2727272727272678,-1.0,insider-event,
301223.SZ,20240906,EVENT,8.4308,0,20240906,13.415,20240930,14.695,TP2_RUNNER,14,14.695,12.904,3.812,25.270219903093547,-1.4908684308609699,6.628491620111763,-0.3910614525139666,2.503,insider-event,
002458.SZ,20240906,EVENT,-4.6595,0,20240906,5.897,20240918,5.646,SL_HIT,6,6.823,5.646,4.268,2.4514067992328803,-6.450776015993398,0.5743383976254383,-1.5113478357103527,-1.0,insider-event,
600588.SH,20240906,EVENT,0.4997,0,20240906,8.524,20240918,8.524,BE,6,9.28,7.898,7.345,4.412299534250774,-3.330635037952101,0.600757593044751,-0.45348333067110735,0.0,insider-event,
688768.SH,20240906,EVENT,9.4959,0,20240906,21.998,20240927,24.95,TP2_RUNNER,13,24.95,20.106,8.598,17.329914809662796,-5.536008146269156,2.015574488655251,-0.643871416054865,1.561,insider-event,
603008.SH,20240906,EVENT,6.3068,0,20240906,13.801,20240926,14.98,TP2_RUNNER,12,14.98,12.367,10.387,11.371969334666598,-9.641609785081794,1.0948356620358373,-0.9282454007295045,0.823,insider-event,
300802.SZ,20240910,EVENT,-0.8303,0,20240910,13.677,20240913,13.537,SL_GAP,3,14.437,12.422,9.173,5.044966001316098,-5.118081450610513,0.549957301451753,-0.5579276971249644,-0.112,insider-event,
002132.SZ,20240910,EVENT,3.4215,0,20240910,2.128,20240913,2.21,TP2_RUNNER,3,2.21,2.01,5.584,6.647874089734573,1.0101010101010166,1.1905048076923117,0.18088942307692435,0.686,insider-event,
301223.SZ,20240909,EVENT,8.6743,0,20240909,13.385,20240930,14.695,TP2_RUNNER,13,14.695,12.9,3.621,25.550989914082933,-1.2700784460216608,7.0567428150331875,-0.35077376565954294,2.703,insider-event,
603087.SH,20240909,EVENT,-3.683,0,20240909,36.646,20240910,35.44,SL_HIT,1,40.956,35.44,3.29,0.8190834212014275,-3.574321123489055,0.24898090741899506,-1.086504370248186,-1.0,insider-event,
688017.SH,20240909,EVENT,-6.3434,0,20240909,61.727,20240924,58.05,SL_HIT,9,72.8,58.05,5.956,4.963022364786607,-6.182919815638344,0.8333462868690023,-1.0381805463801352,-1.0,insider-event,
002706.SZ,20240909,EVENT,11.4145,0,20240909,5.338,20240926,5.982,TP2_RUNNER,11,5.982,4.987,6.577,14.123430147168992,-1.7998980906992923,2.1474307850062595,-0.2736698188447096,1.834,insider-event,
601969.SH,20240909,EVENT,9.1517,0,20240909,5.07,20240913,5.591,TP2_RUNNER,4,5.591,4.966,2.04,14.028391708532295,-1.1596141063042076,6.876054859605277,-0.5683880502189158,5.039,insider-event,
603918.SH,20240909,EVENT,0.3903,0,20240909,9.158,20240911,9.23,TP2_RUNNER,2,9.23,8.183,10.647,13.349713349713355,-3.357903357903369,1.253846153846155,-0.3153846153846166,0.074,insider-event,
300073.SZ,20240911,EVENT,0.0015,0,20240911,30.291,20240913,30.291,BE,2,31.347,25.437,16.026,5.6319313011145455,-0.14535656265238783,0.3514285016410774,-0.009070145973995983,0.0,insider-event,
000592.SZ,20240911,EVENT,5.5125,0,20240911,1.465,20240925,1.57,TP2_RUNNER,8,1.57,1.279,12.689,11.93011193011191,-4.449904449904462,0.9402182265252789,-0.3506992469648082,0.564,insider-event,
002925.SZ,20240911,EVENT,0.2022,0,20240911,10.992,20240913,10.992,BE,2,11.613,9.558,13.049,2.0108315433903012,-2.3559926018720923,0.15410013057391694,-0.18055155777372953,0.0,insider-event,
002443.SZ,20240911,EVENT,4.4552,0,20240911,4.954,20240926,5.264,TP2_RUNNER,9,5.264,4.67,5.731,6.459426725878092,-3.4315704481227227,1.1270440251572382,-0.5987421383647804,1.092,insider-event,
605009.SH,20240911,EVENT,14.4274,0,20240911,21.093,20240927,25.187,TP2_RUNNER,10,25.187,20.065,4.874,23.21184244586103,0.4648948890007665,4.7624858782184765,0.09538473082807311,3.982,insider-event,
600060.SH,20240911,EVENT,0.3559,0,20240911,13.87,20240913,13.87,BE,2,16.55,12.135,12.508,5.119719680747514,-0.7923633191299073,0.40930312986339246,-0.06334659058158916,0.0,insider-event,
301047.SZ,20240911,EVENT,18.6695,0,20240911,48.96,20240930,61.57,TP2_RUNNER,11,61.57,46.574,4.874,38.48039215686274,0.1225490196078427,7.8946423226579014,0.025142173002095137,5.284,insider-event,
002706.SZ,20240912,EVENT,6.781,0,20240912,5.462,20240925,5.942,TP2_RUNNER,7,5.942,4.981,8.801,9.703405346027093,-2.196997436836323,1.1025260029717674,-0.24962852897473983,0.999,insider-event,
001203.SZ,20240912,EVENT,-1.0395,0,20240912,7.41,20240913,7.362,SL_HIT,1,8.42,7.362,0.641,0.26990553306343035,-1.754385964912275,0.4210526315789485,-2.736842105263131,-1.0,insider-event,
002901.SZ,20240912,EVENT,-0.1578,0,20240912,23.503,20240918,23.503,BE,2,23.883,20.565,12.501,3.233629749393696,-0.9360507169297483,0.2586605080831411,-0.07487541023459302,0.0,insider-event,
600809.SH,20240912,EVENT,-4.1145,0,20240912,145.807,20240913,140.38,SL_GAP,1,176.45,142.213,2.465,-2.7277116630728626,-5.985438304829927,-1.1064066542409623,-2.427796478148387,-1.51,insider-event,
688153.SH,20240912,EVENT,-3.4932,0,20240912,27.922,20240918,27.056,SL_HIT,2,33.814,27.056,3.1,-0.028508027373441713,-4.720155748378707,-0.009197421024659055,-1.5228433434243058,-1.0,insider-event,
301115.SZ,20240919,EVENT,21.8027,0,20240919,12.15,20241017,15.27,TIME_STOP,15,18.4,11.192,7.884,47.16049382716048,-0.4115226337448652,5.9821029082773975,-0.052199850857570104,3.257,insider-event,
300736.SZ,20240919,EVENT,18.477,0,20240919,8.2,20240930,10.33,TP2_RUNNER,7,10.33,6.896,15.897,38.780487804878064,0.6097560975609762,2.439452054794522,0.038356164383561694,1.634,insider-event,
300802.SZ,20240920,EVENT,9.1157,0,20240920,13.174,20240927,14.697,TP2_RUNNER,5,14.697,12.071,8.373,15.128894718584341,-2.026198712153471,1.8069514221584992,-0.24200331303806094,1.381,insider-event,
603365.SH,20240920,EVENT,22.3446,0,20240920,9.38,20240930,12.385,TP2_RUNNER,6,12.385,8.861,5.539,34.5912955411636,-0.5890034913781705,6.2454801677321745,-0.10634495084897388,5.784,insider-event,
002353.SZ,20240920,EVENT,14.8403,0,20240920,27.047,20240930,31.63,TP2_RUNNER,6,31.63,25.923,4.154,22.417439401333983,3.7460993537128173,5.396295024856632,0.9017558581581888,4.079,insider-event,
600507.SH,20240920,EVENT,13.1647,0,20240920,3.354,20240927,3.828,TP2_RUNNER,5,3.828,3.234,3.59,14.724577534494877,-0.48060295994180047,4.101798680651123,-0.13388068909876047,3.936,insider-event,
002758.SZ,20240923,EVENT,8.1194,0,20240923,6.572,20240927,7.262,TP2_RUNNER,4,7.262,6.496,1.152,16.129032258064502,0.7608034083992576,14.000000000000005,0.6603773584905565,9.113,insider-event,
688172.SH,20240923,EVENT,8.959,0,20240923,12.21,20240927,13.7,TP2_RUNNER,4,13.7,11.9,2.539,18.263718263718243,-0.9828009828009909,7.193548387096755,-0.387096774193551,4.806,insider-event,
002702.SZ,20240923,EVENT,2.4845,0,20240923,3.138,20240925,3.25,TP2_RUNNER,2,3.25,2.982,4.964,6.745690341904842,0.054169454800367944,1.3587933247753494,0.01091142490372237,0.717,insider-event,
603182.SH,20240923,EVENT,2.246,0,20240923,9.811,20240925,10.08,TP2_RUNNER,2,10.08,9.564,2.521,5.189126379842834,1.3158833542284532,2.058395425402878,0.521977704615026,1.088,insider-event,
301107.SZ,20240924,EVENT,9.7304,0,20240924,10.1,20240930,11.139,TP2_RUNNER,4,11.139,9.945,1.535,30.61386138613862,4.257425742574261,19.943791753052455,2.7735544805344636,6.702,insider-event,
002758.SZ,20240925,EVENT,4.2006,0,20240925,6.942,20240930,7.262,TP2_RUNNER,3,7.262,6.122,11.817,18.582541054451163,0.8643042350907404,1.5724858511101423,0.07313887679581961,0.39,insider-event,
600873.SH,20240925,EVENT,12.3754,0,20240925,8.422,20241008,9.557,TP2_RUNNER,4,9.557,8.311,1.318,29.744607233733845,-0.296012909155019,22.567907748934957,-0.22459170409646528,10.226,insider-event,
600497.SH,20240925,EVENT,4.4021,0,20240925,4.801,20240930,5.041,TP2_RUNNER,3,5.041,4.213,12.237,15.830035409289733,-1.874609456363252,1.2936170212765952,-0.15319148936170157,0.409,insider-event,
603173.SH,20240925,EVENT,1.5293,0,20240925,16.555,20240927,16.875,TP2_RUNNER,2,16.875,15.271,7.756,8.0942313500453,-0.9664753850800345,1.0436717663421429,-0.12461752433936014,0.249,insider-event,
688686.SH,20240925,EVENT,15.2546,0,20240925,45.876,20240930,53.966,TP2_RUNNER,3,53.966,45.06,1.778,33.15459063562647,-1.329671287819334,18.646234676006998,-0.7478108581436047,9.918,insider-event,
600380.SH,20240925,EVENT,5.3841,0,20240925,9.68,20240927,10.43,TP2_RUNNER,2,10.43,8.87,8.371,9.607438016528924,-1.9628099173553681,1.1476421330982811,-0.23446452181577745,0.926,insider-event,
688419.SH,20240925,EVENT,13.5469,0,20240925,15.36,20240930,18.123,TP2_RUNNER,3,18.123,13.762,10.406,30.85286458333334,-1.2630208333333282,2.9650518412584925,-0.12138005005362842,1.729,insider-event,
601678.SH,20240925,EVENT,1.4093,0,20240925,3.31,20240927,3.37,TP2_RUNNER,2,3.37,2.912,12.031,11.17824773413898,2.4169184290030232,0.9291479820627815,0.2008968609865474,0.151,insider-event,
300447.SZ,20240926,EVENT,22.4329,0,20240926,11.041,20241008,13.651,TP2_RUNNER,3,13.651,9.919,10.163,46.010325151707264,3.1700027171451817,4.527052832590702,0.3119032463399102,2.326,insider-event,
301303.SZ,20240926,EVENT,2.9074,0,20240926,10.26,20240930,10.6,TP2_RUNNER,2,10.6,9.315,9.211,21.734892787524362,2.729044834307981,2.3597883597883587,0.296296296296295,0.36,insider-event,
688612.SH,20240926,EVENT,19.2173,0,20240926,18.293,20240930,23.248,TP2_RUNNER,2,23.248,16.113,11.918,32.71583679636498,6.640602365247883,2.7450349047343816,0.5571823027033959,2.273,insider-event,
688573.SH,20240926,EVENT,21.8708,0,20240926,13.39,20241024,16.84,TIME_STOP,15,20.49,12.973,3.115,48.991784914115,3.8834951456310662,15.726027397260234,1.24657534246575,8.271,insider-event,
603356.SH,20240926,EVENT,8.8357,0,20240926,11.93,20240930,13.4,TP2_RUNNER,2,13.4,10.911,8.544,12.992455993294216,0.3352891869237373,1.520672740014017,0.03924316748423452,1.442,insider-event,
603365.SH,20240926,EVENT,20.4467,0,20240926,10.245,20241008,12.385,TP2_RUNNER,3,12.385,8.712,14.962,36.21278672523183,6.8326012689116755,2.4203168685927334,0.4566635601118372,1.396,insider-event,
688448.SH,20240926,EVENT,10.7654,0,20240926,12.185,20240930,13.904,TP2_RUNNER,2,13.904,10.732,11.922,25.178498153467377,3.7669265490356985,2.111908742255875,0.31596027141311805,1.183,insider-event,
002302_SZ.SZ,20241011,CONT,3.6571,3,,,,,,,,,,,,,,,,
600239_SH.SH,20241011,CONT,-2.3661,3,,,,,,,,,,,,,,,,
600322_SH.SH,20241011,CONT,0.8417,3,,,,,,,,,,,,,,,,
600397_SH.SH,20241011,CONT,3.6627,3,,,,,,,,,,,,,,,,
600835_SH.SH,20241011,CONT,21.0604,3,,,,,,,,,,,,,,,,
002058_SZ.SZ,20241014,CONT,52.0751,3,,,,,,,,,,,,,,,,
301165_SZ.SZ,20241014,CONT,12.8121,3,,,,,,,,,,,,,,,,
600281_SH.SH,20241014,CONT,12.3683,3,,,,,,,,,,,,,,,,
002178_SZ.SZ,20241015,CONT,27.9184,3,,,,,,,,,,,,,,,,
002512_SZ.SZ,20241015,CONT,1.2706,3,,,,,,,,,,,,,,,,
002755_SZ.SZ,20241015,CONT,3.152,3,,,,,,,,,,,,,,,,
300036_SZ.SZ,20241015,CONT,-4.2573,3,,,,,,,,,,,,,,,,
300188_SZ.SZ,20241015,CONT,5.4081,3,,,,,,,,,,,,,,,,
600602_SH.SH,20241015,CONT,-2.5839,3,,,,,,,,,,,,,,,,
600877_SH.SH,20241015,CONT,7.8692,3,,,,,,,,,,,,,,,,
603106_SH.SH,20241015,CONT,48.5342,3,,,,,,,,,,,,,,,,
688038_SH.SH,20241015,CONT,-1.5015,3,,,,,,,,,,,,,,,,
688049_SH.SH,20241015,CONT,7.8234,3,,,,,,,,,,,,,,,,
688369_SH.SH,20241015,CONT,1.5991,3,,,,,,,,,,,,,,,,
688376_SH.SH,20241015,CONT,-4.9163,3,,,,,,,,,,,,,,,,
600079_SH.SH,20241017,CONT,2.0167,3,,,,,,,,,,,,,,,,
600828_SH.SH,20241017,CONT,5.7801,3,,,,,,,,,,,,,,,,
000510_SZ.SZ,20241021,CONT,2.55,3,,,,,,,,,,,,,,,,
000672_SZ.SZ,20241022,CONT,6.816,3,,,,,,,,,,,,,,,,
301317_SZ.SZ,20241025,CONT,-0.4803,3,,,,,,,,,,,,,,,,
002430_SZ.SZ,20241029,CONT,6.9786,3,,,,,,,,,,,,,,,,
603019_SH.SH,20241030,CONT,38.867,3,,,,,,,,,,,,,,,,
002612_SZ.SZ,20241031,CONT,-0.2625,3,,,,,,,,,,,,,,,,
000683.SZ,20241014,EVENT,7.7509,0,20241014,5.51,20241029,5.96,TP2_RUNNER,11,5.96,4.127,25.104,14.156079854809445,-2.5408348457350183,0.5639039504260266,-0.1012135295636454,0.325,insider-event,
600975.SH,20241010,EVENT,3.7786,0,20241010,6.21,20241031,6.47,TIME_STOP,15,6.74,4.902,21.055,6.763285024154597,-3.3816425120772986,0.3212237093690252,-0.1606118546845126,0.199,insider-event,
601872.SH,20241015,EVENT,-8.987,0,20241015,6.865,20241105,6.274,TIME_STOP,15,8.254,5.361,21.907,-2.049045400646199,-11.226484632887857,-0.09353175417398067,-0.5124497488391884,-0.393,insider-event,
601975.SH,20241015,EVENT,0.0052,0,20241015,3.31,20241105,3.323,TIME_STOP,15,3.783,2.622,20.767,2.2187172351695317,-5.335134171508682,0.10684079576137177,-0.25690970049823414,0.02,insider-event,
301227.SZ,20241017,EVENT,0.9921,0,20241017,13.003,20241107,13.184,TIME_STOP,15,15.93,9.675,25.59,7.577987888632021,-5.4578063257825775,0.2961313983312453,-0.21327928242002936,0.054,insider-event,
002996.SZ,20241017,EVENT,19.182,0,20241017,5.556,20241107,6.592,TIME_STOP,15,6.772,4.429,20.28,21.888881689309336,-1.149772853265374,1.0793289346228545,-0.05669467843938777,0.92,insider-event,
688443.SH,20241017,EVENT,24.2857,0,20241017,25.037,20241107,32.1,TIME_STOP,15,36.4,20.915,16.464,31.764461539076017,0.2911679068262618,1.9293321365323504,0.01768516047645569,1.713,insider-event,
002318.SZ,20241016,EVENT,5.1504,0,20241016,21.532,20241106,22.73,TIME_STOP,15,24.97,17.498,18.739,12.48113317078834,2.496226634157672,0.6660470879801739,0.133209417596035,0.297,insider-event,
688392.SH,20241016,EVENT,22.6626,0,20241016,34.233,20241106,39.819,TIME_STOP,15,47.569,25.518,25.459,39.24782396976503,-2.027884618474274,1.5416358163665558,-0.07965434113511913,0.641,insider-event,
601872.SH,20241022,EVENT,-1.5288,0,20241022,6.538,20241112,6.464,TIME_STOP,15,8.254,5.339,18.338,1.4689597366762674,-6.790497341678437,0.08010275572162512,-0.37028758257156147,-0.062,insider-event,
603986.SH,20241022,EVENT,11.6174,0,20241022,89.021,20241112,99.14,TIME_STOP,15,101.14,78.645,11.655,13.748696933750338,-3.1911643121607436,1.1795909712986024,-0.2737909366024784,0.975,insider-event,
601872.SH,20241021,EVENT,-5.2978,0,20241021,6.724,20241111,6.394,TIME_STOP,15,8.254,5.339,20.603,-0.1487209994051164,-9.36942296252231,-0.007218355246197493,-0.454756380510441,-0.238,insider-event,
600497.SH,20241021,EVENT,13.0287,0,20241021,5.351,20241106,6.071,TP2_RUNNER,12,6.071,4.143,22.579,23.360119603812368,-0.5606428704915012,1.034584688146615,-0.024830032515518956,0.596,insider-event,
603173.SH,20241021,EVENT,24.1807,0,20241021,17.215,20241030,21.455,TP2_RUNNER,7,21.455,16.022,6.931,32.87830380482137,1.3941330235259786,4.743489973061951,0.20113738401675887,3.553,insider-event,
000157.SZ,20241021,EVENT,7.8816,0,20241021,6.861,20241111,7.43,TIME_STOP,15,8.33,5.526,19.453,11.067383794656527,-2.1965688632355262,0.5689223325911973,-0.11291531084089722,0.427,insider-event,
600750.SH,20241023,EVENT,-3.739,0,20241023,20.661,20241113,19.97,TIME_STOP,15,23.37,15.034,27.236,1.687696321141452,-10.218621287140694,0.061964987459255064,-0.3751840493912408,-0.123,insider-event,
601985.SH,20241023,EVENT,-4.7589,0,20241023,10.167,20241028,9.723,SL_HIT,3,11.82,9.723,4.368,0.026555722758270228,-4.69446165648697,0.006079907353796349,-1.0747925110982468,-1.0,insider-event,
000703.SZ,20241025,EVENT,1.5042,0,20241025,6.29,20241115,6.41,TIME_STOP,15,7.62,5.878,6.558,5.882352941176472,-2.384737678855331,0.896969696969698,-0.36363636363636476,0.291,insider-event,
601975.SH,20241028,EVENT,-0.2208,0,20241028,3.25,20241030,3.223,SL_GAP,2,3.393,3.043,6.374,3.4715107209776885,-1.4513087007756553,0.5446251870444597,-0.22768740647777283,-0.131,insider-event,
002993.SZ,20241030,EVENT,0.5854,0,20241030,25.873,20241101,25.873,BE,2,30.224,23.035,10.966,3.6383580196237997,-3.9758571403172294,0.3317811830647781,-0.3625576643629453,0.0,insider-event,
605296.SH,20241030,EVENT,-6.1528,0,20241030,29.522,20241120,27.82,TIME_STOP,15,33.99,26.582,9.958,8.428347864967577,-7.661456957231594,0.8464252390949384,-0.769409454941295,-0.579,insider-event,
002993.SZ,20241031,EVENT,10.68,0,20241031,26.259,20241112,30.224,TP2_RUNNER,8,30.224,24.613,6.269,17.994909127468304,-5.387763930970091,2.8704123464418174,-0.8594155156673595,2.409,insider-event,
600416_SH.SH,20241101,CONT,-5.1863,3,,,,,,,,,,,,,,,,
000096_SZ.SZ,20241104,CONT,3.2628,3,,,,,,,,,,,,,,,,
000716_SZ.SZ,20241104,CONT,14.7105,3,,,,,,,,,,,,,,,,
600458_SH.SH,20241104,CONT,2.1271,3,,,,,,,,,,,,,,,,
000070_SZ.SZ,20241105,CONT,0.8753,3,,,,,,,,,,,,,,,,
002808_SZ.SZ,20241105,CONT,25.2545,3,,,,,,,,,,,,,,,,
002988_SZ.SZ,20241105,CONT,-1.9638,3,,,,,,,,,,,,,,,,
600234_SH.SH,20241105,CONT,12.5451,3,,,,,,,,,,,,,,,,
688616_SH.SH,20241105,CONT,3.8,3,,,,,,,,,,,,,,,,
600624_SH.SH,20241106,CONT,-6.1524,3,,,,,,,,,,,,,,,,
002517_SZ.SZ,20241107,CONT,1.4478,3,,,,,,,,,,,,,,,,
002351_SZ.SZ,20241112,CONT,-4.9436,3,,,,,,,,,,,,,,,,
688320_SH.SH,20241114,CONT,2.4452,3,,,,,,,,,,,,,,,,
002310_SZ.SZ,20241115,CONT,-8.842,3,,,,,,,,,,,,,,,,
601789_SH.SH,20241115,CONT,-1.3062,3,,,,,,,,,,,,,,,,
000815_SZ.SZ,20241120,CONT,-0.2855,3,,,,,,,,,,,,,,,,
603325_SH.SH,20241120,CONT,-0.5716,3,,,,,,,,,,,,,,,,
301268_SZ.SZ,20241126,CONT,-10.3333,3,,,,,,,,,,,,,,,,
002927_SZ.SZ,20241128,CONT,-2.5471,3,,,,,,,,,,,,,,,,
300235_SZ.SZ,20241128,CONT,-1.8583,3,,,,,,,,,,,,,,,,
300805_SZ.SZ,20241128,CONT,-0.2,3,,,,,,,,,,,,,,,,
001289.SZ,20241101,EVENT,-0.0646,0,20241101,18.246,20241108,18.246,BE,5,19.35,14.523,20.402,1.94182738946711,-4.0869903593723445,0.09517833705588447,-0.20032313277610195,0.0,insider-event,
603500.SH,20241101,EVENT,12.3776,0,20241101,5.97,20241108,6.92,TP2_RUNNER,5,6.92,5.391,9.693,16.421260699867666,-1.670100675075803,1.6941783527552818,-0.1723039699782739,1.642,insider-event,
601666.SH,20241114,EVENT,0.0872,0,20241114,9.732,20241202,9.732,BE,12,11.43,8.941,8.124,2.5514555524728477,-7.9297553356556305,0.31405391731714366,-0.9760588320323774,0.0,insider-event,
300639.SZ,20241118,EVENT,6.5372,0,20241118,6.178,20241120,6.73,TP2_RUNNER,2,6.73,5.659,8.402,17.359492359492368,10.075110075110082,2.0661675657822305,1.1991632720466812,1.064,insider-event,
688443.SH,20241121,EVENT,-7.5499,0,20241121,27.73,20241125,25.743,SL_HIT,2,32.99,25.743,7.164,0.07248493503402287,-7.320257195301827,0.010117352662006817,-1.0217519486869728,-1.0,insider-event,
002122_SZ.SZ,20241206,CONT,44.4194,3,,,,,,,,,,,,,,,,
002052_SZ.SZ,20241209,CONT,0.1257,3,,,,,,,,,,,,,,,,
002860_SZ.SZ,20241213,CONT,-10.6318,3,,,,,,,,,,,,,,,,
001313_SZ.SZ,20241217,CONT,-3.1967,3,,,,,,,,,,,,,,,,
300809_SZ.SZ,20241219,CONT,-14.9894,3,,,,,,,,,,,,,,,,
603610_SH.SH,20241219,CONT,-11.0941,3,,,,,,,,,,,,,,,,
603390_SH.SH,20241226,CONT,-26.7132,3,,,,,,,,,,,,,,,,
001376.SZ,20241202,EVENT,3.919,0,20241202,14.72,20241209,15.39,TP2_RUNNER,5,15.39,13.608,7.553,10.05434782608694,-3.125000000000011,1.331191776421454,-0.41374879537423787,0.603,insider-event,
000534_SZ.SZ,20250123,CONT,-5.476,3,,,,,,,,,,,,,,,,
600881.SH,20250102,EVENT,1.4198,0,20250102,1.81,20250106,1.81,BE,2,2.89,1.577,12.865,14.364640883977886,-1.6574585635359185,1.1165644171779119,-0.12883435582822125,0.0,insider-event,
301176.SZ,20250109,EVENT,5.3475,0,20250109,16.67,20250207,17.63,TIME_STOP,15,23.09,16.26,2.457,17.15656868626274,-0.4199160167966398,6.981691368788098,-0.17088055797733082,2.344,insider-event,
688212.SH,20250110,EVENT,3.3747,0,20250110,39.132,20250210,40.612,TIME_STOP,15,52.092,37.407,4.409,10.426249616682014,1.328835735459477,2.364727799627411,0.30138687642310247,0.858,insider-event,
301290.SZ,20250114,EVENT,8.7891,0,20250114,20.853,20250212,22.773,TIME_STOP,15,28.313,20.221,3.03,10.118448184913431,3.1170574977221532,3.3397399660825218,1.028829847371395,3.039,insider-event,
301227.SZ,20250114,EVENT,11.9125,0,20250114,11.04,20250212,12.402,TIME_STOP,15,15.053,10.346,6.29,14.302536231884066,2.889492753623202,2.273811972845098,0.4593704998971432,1.961,insider-event,
002252.SZ,20250114,EVENT,5.2945,0,20250114,6.66,20250212,7.04,TIME_STOP,15,7.77,6.39,4.059,6.606606606606591,0.6006006006006093,1.627476882430644,0.14795244385733378,1.406,insider-event,
300250.SZ,20250115,EVENT,28.7598,0,20250115,13.603,20250211,17.64,TP2_RUNNER,13,17.64,11.989,11.863,30.563274668078154,-0.6072368517783477,2.576360916100816,-0.05118762006781435,2.502,insider-event,
002252.SZ,20250115,EVENT,2.6656,0,20250115,6.791,20250213,7.0,TIME_STOP,15,7.77,6.389,5.926,4.543982095002486,-1.3458197131666516,0.766762503105808,-0.22709686579349028,0.518,insider-event,
688310.SH,20250115,EVENT,6.5548,0,20250115,10.573,20250213,11.31,TIME_STOP,15,13.43,9.433,10.789,8.481821964968027,-6.556198691030146,0.7861839221530643,-0.6076970281406154,0.646,insider-event,
301391.SZ,20250116,EVENT,9.7997,0,20250116,34.824,20250214,39.454,TIME_STOP,15,45.884,30.452,12.554,17.94739260280267,-1.2347806110728277,1.429621762927867,-0.09835797728943756,1.059,insider-event,
688326.SH,20250116,EVENT,28.9273,0,20250116,76.69,20250207,100.72,TP2_RUNNER,10,100.72,68.443,10.754,36.54974572956058,-2.568783413743647,3.3987528148276507,-0.2388706045383689,2.914,insider-event,
688100.SH,20250116,EVENT,9.257,0,20250116,32.947,20250214,35.757,TIME_STOP,15,38.517,32.838,0.331,12.413876832488535,0.8498497587033471,37.5475409836043,2.57049180327846,25.797,insider-event,
600380.SH,20250116,EVENT,-1.1697,0,20250116,10.37,20250117,10.29,SL_GAP,1,11.43,10.364,0.059,1.2536162005786,-0.9643201542912205,21.41176470588585,-16.470588235296635,-13.176,insider-event,
601678.SH,20250117,EVENT,0.6591,0,20250117,3.77,20250217,3.81,TIME_STOP,15,4.2,3.651,3.155,3.7135278514588865,-2.917771883289122,1.1771771771771766,-0.9249249249249236,0.336,insider-event,
603799.SH,20250117,EVENT,0.4971,0,20250117,28.707,20250212,28.707,BE,12,29.997,26.194,8.755,4.249834535130792,-3.831818023478595,0.4854341338638607,-0.43768651413954796,0.0,insider-event,
688061.SH,20250117,EVENT,18.673,0,20250117,26.938,20250212,32.41,TP2_RUNNER,12,32.41,24.165,10.294,21.241819147001053,-2.0339373150839446,2.0635796458581255,-0.19759096974286774,1.973,insider-event,
688100.SH,20250117,EVENT,8.9848,0,20250117,33.419,20250217,36.367,TIME_STOP,15,38.517,32.827,1.772,10.824750751284506,1.8479369636166698,6.1100081794952565,1.043064198180236,4.978,insider-event,
301391.SZ,20250121,EVENT,9.3429,0,20250121,35.02,20250219,39.534,TIME_STOP,15,45.884,31.767,9.291,17.28639364756286,0.1820089285459403,1.8605367328874913,0.019589643981118027,1.387,insider-event,
000513.SZ,20250120,EVENT,-0.8455,0,20250120,33.591,20250218,33.441,TIME_STOP,15,36.181,32.294,3.863,2.054121639724915,-1.6671132148492251,0.5317919075144483,-0.43159922928709327,-0.116,insider-event,
002791.SZ,20250120,EVENT,2.0802,0,20250120,22.133,20250218,22.683,TIME_STOP,15,29.393,19.705,10.971,6.099489450142337,-3.162698233407124,0.5559641123694681,-0.2882776878952785,0.227,insider-event,
300095.SZ,20250122,EVENT,6.1769,0,20250122,6.093,20250220,6.495,TIME_STOP,15,7.665,5.589,8.274,12.497846047805439,-3.0926650747934215,1.510519530198489,-0.37378688919428094,0.796,insider-event,
301468.SZ,20250122,EVENT,2.2032,0,20250122,15.911,20250220,16.326,TIME_STOP,15,18.449,14.617,8.135,3.1424800452517276,-1.740933945069445,0.3863134657836665,-0.21401766004414974,0.321,insider-event,
002340.SZ,20250122,EVENT,1.8722,0,20250122,6.475,20250220,6.58,TIME_STOP,15,6.74,6.129,5.339,5.952491273592209,-2.3877922960491627,1.1149316030912961,-0.4472455263049114,0.305,insider-event,
000513.SZ,20250122,EVENT,-0.3403,0,20250122,33.521,20250220,33.541,TIME_STOP,15,36.181,32.279,3.707,2.2672354643357817,-1.8794188717520477,0.6116700201207225,-0.50704225352113,0.016,insider-event,
688184.SH,20250122,EVENT,0.5354,0,20250122,13.692,20250220,13.82,TIME_STOP,15,16.25,12.841,6.21,6.4878722145533585,-5.7823352834198705,1.0447252137972776,-0.9311144340462693,0.151,insider-event,
688659.SH,20250122,EVENT,11.4767,0,20250122,6.336,20250220,7.09,TIME_STOP,15,8.87,5.841,7.811,14.109848484848486,1.799242424242431,1.8063212584788557,0.23033626785972072,1.523,insider-event,
600059.SH,20250122,EVENT,0.8554,0,20250122,8.078,20250220,8.18,TIME_STOP,15,9.57,7.762,3.919,3.238265002970886,-0.9704892057833314,0.8262419347561257,-0.24761990705229658,0.321,insider-event,
600639.SH,20250122,EVENT,-0.1904,0,20250122,9.996,20250220,10.017,TIME_STOP,15,11.147,9.433,5.632,3.511093904279994,-1.4908918840779717,0.6234384159199741,-0.26472640717028073,0.037,insider-event,
601666.SH,20250122,EVENT,-1.5562,0,20250122,8.217,20250220,8.122,SL_HIT,15,10.02,8.122,1.159,4.17427284897165,-1.423877327491796,3.602400600150018,-1.228807201800451,-1.0,insider-event,
688326.SH,20250122,EVENT,24.6478,0,20250122,79.319,20250207,100.72,TP2_RUNNER,6,100.72,68.588,13.529,32.024185943307245,-5.7978688532857365,2.3670198391620754,-0.42854081052621823,1.994,insider-event,
605266.SH,20250122,EVENT,1.6503,0,20250122,19.155,20250220,19.548,TIME_STOP,15,26.308,16.909,11.725,11.60812173836776,-1.7046629202924324,0.99005892889857,-0.14539102733730866,0.175,insider-event,
000932.SZ,20250123,EVENT,10.4965,0,20250123,4.03,20250221,4.47,TIME_STOP,15,4.75,3.762,6.647,15.136476426798984,-0.7444168734491385,2.2773333333333268,-0.1120000000000009,1.643,insider-event,
603858.SH,20250123,EVENT,-2.5498,0,20250123,14.39,20250124,14.08,SL_GAP,1,16.86,14.212,1.238,-1.4593467685893091,-2.501737317581665,-1.178356713426857,-2.02004008016032,-1.739,insider-event,
000513.SZ,20250123,EVENT,-2.4672,0,20250123,33.791,20250221,33.091,TIME_STOP,15,36.181,32.279,4.476,1.4500902607203159,-3.225710988132924,0.3239669421487625,-0.7206611570247928,-0.463,insider-event,
688573.SH,20250123,EVENT,27.8321,0,20250123,15.95,20250221,20.6,TIME_STOP,15,24.64,13.618,14.619,29.15360501567399,-2.006269592476484,1.9941798131413706,-0.1372338796140294,1.994,insider-event,
300457.SZ,20250124,EVENT,14.9566,0,20250124,18.145,20250224,21.315,TIME_STOP,15,22.815,16.592,8.556,18.95839074125103,-0.6613392119041106,2.215780998389691,-0.07729468599033863,2.042,insider-event,
300095.SZ,20250124,EVENT,10.2926,0,20250124,5.915,20250224,6.645,TIME_STOP,15,7.445,5.599,5.342,15.886902497781175,2.193482946621028,2.97422855205155,0.4106476771787064,2.31,insider-event,
688381.SH,20250124,EVENT,6.3703,0,20250124,17.38,20250207,18.64,TP2_RUNNER,4,18.64,16.557,4.737,10.471806674338314,-1.2082853855005626,2.210845986984813,-0.2550976138828605,1.531,insider-event,
600196.SH,20250124,EVENT,6.3269,0,20250124,22.937,20250224,24.927,TIME_STOP,15,26.317,21.75,5.174,12.68692505558704,0.523172167240693,2.452001203731565,0.10111345170026886,1.677,insider-event,
002439.SZ,20250124,EVENT,17.1443,0,20250124,13.88,20250206,16.89,TP2_RUNNER,3,16.89,13.419,3.324,22.406340057636864,7.636887608069154,6.739938080495344,2.2972136222910176,6.523,insider-event,
000513.SZ,20250124,EVENT,-2.6943,0,20250124,33.491,20250224,32.721,TIME_STOP,15,36.181,32.313,3.517,2.3588426741512514,-2.9261592666686487,0.6707095209217673,-0.8320194057004223,-0.654,insider-event,
601966.SH,20250124,EVENT,-0.0107,0,20250124,17.699,20250205,17.699,BE,2,18.589,16.537,6.566,1.6385106503192137,-1.638510650319247,0.24953902888752022,-0.24953902888752527,0.0,insider-event,
688659.SH,20250124,EVENT,7.3744,0,20250124,6.564,20250224,7.18,TIME_STOP,15,8.87,5.846,10.933,11.674817557170503,1.771866477748829,1.0678225902775016,0.16206155193693497,0.859,insider-event,
000513.SZ,20250127,EVENT,0.0096,0,20250127,33.641,20250211,33.641,BE,5,35.971,32.329,3.9,1.6051841502928044,-0.5350613834309348,0.4115405552531333,-0.1371801850843778,0.0,insider-event,
688238.SH,20250127,EVENT,14.9244,0,20250127,4.65,20250225,5.61,TIME_STOP,15,6.58,4.202,9.631,26.451612903225797,0.4301075268817067,2.746411483253587,0.04465709728867481,2.144,insider-event,
688061.SH,20250127,EVENT,13.1334,0,20250127,28.255,20250212,32.41,TP2_RUNNER,6,32.41,25.862,8.469,15.591797441832478,-1.5735490858125756,1.8410956614148326,-0.18580631294888877,1.737,insider-event,
003004.SZ,20250127,EVENT,6.1603,0,20250127,24.25,20250225,26.42,TIME_STOP,15,32.0,22.305,8.022,15.010309278350519,1.2783505154639219,1.8711217183770874,0.15935377271892828,1.115,insider-event,
601869_SH.SH,20250207,CONT,1.5136,3,,,,,,,,,,,,,,,,
002656_SZ.SZ,20250213,CONT,1.1636,3,,,,,,,,,,,,,,,,
601689_SH.SH,20250213,CONT,-4.0041,3,,,,,,,,,,,,,,,,
600633_SH.SH,20250217,CONT,-19.27,3,,,,,,,,,,,,,,,,
300115_SZ.SZ,20250218,CONT,17.8851,3,,,,,,,,,,,,,,,,
301252_SZ.SZ,20250218,CONT,1.8602,3,,,,,,,,,,,,,,,,
688665_SH.SH,20250218,CONT,-10.6356,3,,,,,,,,,,,,,,,,
603666_SH.SH,20250219,CONT,13.407,3,,,,,,,,,,,,,,,,
001339_SZ.SZ,20250224,CONT,9.3192,3,,,,,,,,,,,,,,,,
603360_SH.SH,20250224,CONT,7.3423,3,,,,,,,,,,,,,,,,
301280_SZ.SZ,20250226,CONT,29.6207,3,,,,,,,,,,,,,,,,
603895_SH.SH,20250226,CONT,5.2965,3,,,,,,,,,,,,,,,,
688678_SH.SH,20250227,CONT,15.0118,3,,,,,,,,,,,,,,,,
603070_SH.SH,20250228,CONT,-4.2,3,,,,,,,,,,,,,,,,
300686.SZ,20250206,EVENT,6.2913,0,20250206,8.8,20250227,9.57,TIME_STOP,15,10.52,7.385,16.075,9.659090909090896,0.2272727272727204,0.6008583690987114,0.014137843978792801,0.544,insider-event,
000513.SZ,20250206,EVENT,-0.4438,0,20250206,34.011,20250210,33.951,SL_GAP,2,35.971,32.341,4.909,0.3822292787627468,-0.9114698185881065,0.07786096256684377,-0.18566844919786185,-0.036,insider-event,
301227.SZ,20250205,EVENT,0.9074,0,20250205,12.013,20250226,12.17,TIME_STOP,15,15.053,11.316,5.8,4.930964499120094,-0.6215109725905776,0.8501261950600407,-0.1071520102022184,0.226,insider-event,
300146.SZ,20250207,EVENT,3.3411,0,20250207,10.618,20250228,11.028,TIME_STOP,15,12.948,10.176,4.161,5.744961386325098,0.18835938971557553,1.3807599029911046,0.045270816491511275,0.928,insider-event,
000513.SZ,20250207,EVENT,-5.1349,0,20250207,33.971,20250225,32.359,SL_HIT,12,35.971,32.359,4.745,0.2943687262665362,-5.534132053810592,0.06204298692665963,-1.1664081542211404,-1.0,insider-event,
688600.SH,20250207,EVENT,0.3494,0,20250207,14.742,20250217,14.742,BE,6,15.111,11.537,21.743,4.808748284673348,-2.3137153551497702,0.22116284117351115,-0.10641186257193794,0.0,insider-event,
603027.SH,20250207,EVENT,2.8729,0,20250207,8.153,20250228,8.42,TIME_STOP,15,9.874,7.402,9.203,4.8861413160138145,-2.2894396300589315,0.5309512928900573,-0.24878137019688426,0.356,insider-event,
002840.SZ,20250210,EVENT,-0.9338,0,20250210,11.4,20250212,11.24,SL_GAP,2,13.52,10.793,5.326,2.1929824561403466,-3.157894736842115,0.4117647058823518,-0.5929411764705896,-0.264,insider-event,
000513.SZ,20250210,EVENT,-2.9792,0,20250210,33.951,20250213,33.074,SL_HIT,3,35.971,33.074,2.585,0.11781685370091388,-2.709787635121208,0.045584045584042596,-1.0484330484330526,-1.0,insider-event,
300347.SZ,20250212,EVENT,7.5005,0,20250212,52.551,20250217,56.711,TP2_RUNNER,3,56.711,46.512,11.492,8.506022720785511,-0.5899031417099576,0.7401975279436978,-0.0513336093204802,0.689,insider-event,
000513.SZ,20250212,EVENT,-0.5807,0,20250212,33.156,20250213,33.096,SL_HIT,1,34.281,33.096,0.181,1.0704217535903782,-0.3772760901541772,5.906307205857709,-2.0817107671824777,-1.0,insider-event,
002386.SZ,20250212,EVENT,-1.9732,0,20250212,4.44,20250305,4.37,TIME_STOP,15,4.66,3.925,11.599,1.8018018018017834,-4.504504504504503,0.15533980582524112,-0.3883495145631066,-0.136,insider-event,
600821.SH,20250213,EVENT,5.0965,0,20250213,5.359,20250225,5.663,TP2_RUNNER,8,5.663,4.748,11.393,13.885949836439382,-1.2291770466534957,1.2188604896585744,-0.10789289566851305,0.498,insider-event,
002727.SZ,20250213,EVENT,2.2387,0,20250213,12.104,20250306,12.424,TIME_STOP,15,14.384,11.189,7.557,4.874421678783891,-1.0740251156642344,0.6450605232331147,-0.14213197969543034,0.35,insider-event,
002368.SZ,20250213,EVENT,0.0606,0,20250213,27.332,20250217,27.458,TP2_RUNNER,2,27.458,19.702,27.915,11.620405738052785,-0.5631510702504561,0.41628207605532075,-0.020173968271087122,0.017,insider-event,
301589.SZ,20250214,EVENT,0.0867,0,20250214,169.855,20250218,169.855,BE,2,178.955,152.027,10.496,2.6257690382973653,-2.0605810838656535,0.2501652677337283,-0.19631803521705216,0.0,insider-event,
688338.SH,20250214,EVENT,5.1957,0,20250214,23.472,20250307,25.322,TIME_STOP,15,26.802,21.942,6.517,9.117246080436248,0.3408316291751756,1.399019378939993,0.0522997898669139,1.209,insider-event,
300967.SZ,20250220,EVENT,5.0081,0,20250220,11.568,20250224,12.195,TP2_RUNNER,2,12.195,11.205,3.142,9.827414063614315,0.4914355363649259,3.1274488612917755,0.1563930753964331,1.724,insider-event,
000932.SZ,20250220,EVENT,3.5922,0,20250220,4.45,20250227,4.64,TP2_RUNNER,5,4.64,3.853,13.419,12.35955056179774,-2.2471910112359716,0.9210526315789459,-0.16746411483253704,0.318,insider-event,
603978.SH,20250220,EVENT,11.122,0,20250220,12.91,20250307,14.4,TP2_RUNNER,11,14.4,12.7,1.626,13.868748838073985,-0.771518869678367,8.52745458256789,-0.47438252704633,7.099,insider-event,
600611.SH,20250220,EVENT,-3.8119,0,20250220,6.999,20250313,6.76,TIME_STOP,15,7.92,5.869,16.155,6.15347249010616,-6.419213349906416,0.3809048527498077,-0.3973544238228195,-0.212,insider-event,
301391.SZ,20250221,EVENT,0.3237,0,20250221,39.822,20250226,39.822,BE,3,41.074,38.744,2.706,2.7679339135186387,-0.2203820222913211,1.0227137767220922,-0.08142814726840536,0.0,insider-event,
600075.SH,20250221,EVENT,-2.5775,0,20250221,4.386,20250314,4.29,TIME_STOP,15,4.51,4.163,5.073,1.4661285541646807,-4.234215746631087,0.28900731989213013,-0.8346603313214326,-0.43,insider-event,
605296.SH,20250221,EVENT,-0.1705,0,20250221,26.11,20250225,26.11,BE,2,27.91,23.793,8.875,6.664113366526236,-1.1106855610876987,0.7509247842170168,-0.1251541307028353,0.0,insider-event,
603069.SH,20250224,EVENT,1.0748,0,20250224,17.879,20250304,17.879,BE,6,19.23,17.156,4.046,7.889526494177668,-0.4440864905980946,1.9501510872356111,-0.1097703079019559,0.0,insider-event,
688238.SH,20250224,EVENT,-3.0291,0,20250224,5.762,20250317,5.61,TIME_STOP,15,6.58,4.44,22.935,-0.3783539866014096,-8.361970217640312,-0.016497118950065417,-0.3646014637679589,-0.115,insider-event,
603658.SH,20250224,EVENT,-1.6929,0,20250224,40.333,20250317,39.81,TIME_STOP,15,42.6,36.411,9.722,1.6051531515449025,-6.700782989442777,0.16510372264847928,-0.6892328094374115,-0.133,insider-event,
688560.SH,20250224,EVENT,6.2732,0,20250224,14.622,20250226,15.6,TP2_RUNNER,2,15.6,11.254,23.038,11.063239025324334,0.5997688462143547,0.48021084682224324,0.026033560775367184,0.29,insider-event,
301515.SZ,20250227,EVENT,1.3401,0,20250227,19.092,20250320,19.425,TIME_STOP,15,19.815,18.075,5.329,3.209958019395387,-2.0801743124792105,0.6023053541217633,-0.3903166702936436,0.327,insider-event,
688317.SH,20250227,EVENT,0.9154,0,20250227,17.147,20250313,17.147,BE,10,17.9,15.459,9.842,5.209135232229922,-1.9058949774884981,0.5292992228637223,-0.19365761982967222,0.0,insider-event,
002245_SZ.SZ,20250304,CONT,2.1873,3,,,,,,,,,,,,,,,,
003019_SZ.SZ,20250304,CONT,18.548,3,,,,,,,,,,,,,,,,
002580_SZ.SZ,20250305,CONT,19.4159,3,,,,,,,,,,,,,,,,
605100_SH.SH,20250305,CONT,11.0112,3,,,,,,,,,,,,,,,,
603067_SH.SH,20250311,CONT,10.2309,3,,,,,,,,,,,,,,,,
002283_SZ.SZ,20250312,CONT,-6.216,3,,,,,,,,,,,,,,,,
600595_SH.SH,20250312,CONT,-3.4138,3,,,,,,,,,,,,,,,,
603615_SH.SH,20250317,CONT,-15.3288,3,,,,,,,,,,,,,,,,
300402_SZ.SZ,20250321,CONT,-28.6137,3,,,,,,,,,,,,,,,,
688359_SH.SH,20250326,CONT,-22.2777,3,,,,,,,,,,,,,,,,
603579_SH.SH,20250327,CONT,-1.0075,3,,,,,,,,,,,,,,,,
300457.SZ,20250304,EVENT,-0.7707,0,20250304,21.567,20250306,21.445,SL_GAP,2,21.585,19.353,10.267,2.0765376973777228,-2.791977614102936,0.20225418627681815,-0.2719378324586055,-0.055,insider-event,
301589.SZ,20250303,EVENT,1.0286,0,20250303,164.755,20250313,164.755,BE,8,179.335,163.681,0.652,6.057479287426792,-0.18208855573426108,9.296074517631432,-0.2794411177644546,0.0,insider-event,
002252.SZ,20250305,EVENT,4.0469,0,20250305,6.791,20250317,7.1,TP2_RUNNER,8,7.1,6.678,1.677,5.132962275819408,-0.1678593515328175,3.060579455662853,-0.10008779631255274,2.709,insider-event,
000651.SZ,20250305,EVENT,7.3489,0,20250305,41.73,20250325,45.27,TP2_RUNNER,14,45.27,40.026,4.084,9.273903666427042,-0.43134435657800063,2.270746018440913,-0.1056160938809724,2.077,insider-event,
300749.SZ,20250305,EVENT,0.2016,0,20250305,7.009,20250307,7.009,BE,2,7.92,6.458,7.861,2.4367973520515784,-1.2726131370199179,0.30998988825222207,-0.1618916746609974,0.0,insider-event,
600603.SH,20250305,EVENT,-1.9765,0,20250305,8.88,20250306,8.74,SL_GAP,1,11.0,8.765,1.298,-1.0168575385966827,-6.6472979516457915,-0.7831743278404302,-5.1196877710321225,-1.217,insider-event,
001228.SZ,20250306,EVENT,2.8822,0,20250306,21.59,20250327,22.3,TIME_STOP,15,24.28,20.359,5.704,5.465493283927736,-0.41685965724872487,0.9582366589327118,-0.07308584686774908,0.577,insider-event,
300371.SZ,20250306,EVENT,-0.6922,0,20250306,10.437,20250310,10.382,SL_GAP,2,10.462,9.331,10.594,1.1059178389855706,-1.3853197120129335,0.10439094728899354,-0.13076453958622933,-0.049,insider-event,
000922.SZ,20250307,EVENT,5.6382,0,20250307,11.57,20250319,12.27,TP2_RUNNER,8,12.27,10.734,7.229,8.210890233362145,1.123595505617958,1.135781383432963,0.1554227156276659,0.837,insider-event,
002203.SZ,20250307,EVENT,-1.3277,0,20250307,9.68,20250328,9.59,TIME_STOP,15,10.76,9.255,4.394,4.028925619834722,-2.4793388429752095,0.9168765743073072,-0.5642317380352649,-0.212,insider-event,
300861.SZ,20250311,EVENT,-7.138,0,20250311,14.16,20250324,13.204,SL_HIT,9,14.718,13.204,6.752,2.825076606800714,-6.963079724038979,0.4184232900845585,-1.0313046804606505,-1.0,insider-event,
000912.SZ,20250312,EVENT,-1.4963,0,20250312,4.742,20250402,4.69,TIME_STOP,15,5.17,4.56,3.84,7.125535100482905,-3.418316779485875,1.8555738605162064,-0.890170236133994,-0.286,insider-event,
000958.SZ,20250313,EVENT,-1.7838,0,20250313,5.841,20250314,5.76,SL_GAP,1,6.52,5.83,0.194,2.379729498373573,-2.0715630885122516,12.238993710691396,-10.654088050314117,-7.132,insider-event,
001286.SZ,20250313,EVENT,2.0759,0,20250313,9.03,20250325,9.29,TP2_RUNNER,8,9.29,8.897,1.467,4.097452934662238,0.0,2.7924528301886737,0.0,1.962,insider-event,
688317.SH,20250313,EVENT,2.0979,0,20250313,17.285,20250403,17.64,TIME_STOP,15,17.9,16.628,3.804,3.787011003505869,-2.9238548138891707,0.9955244633701275,-0.7686191014165268,0.539,insider-event,
002145.SZ,20250314,EVENT,3.7457,0,20250314,4.55,20250326,4.76,TP2_RUNNER,8,4.76,4.133,9.168,5.274725274725278,-3.076923076923066,0.5753424657534248,-0.33561643835616306,0.503,insider-event,
300749.SZ,20250314,EVENT,0.5507,0,20250314,6.93,20250321,6.93,BE,5,7.36,6.512,6.03,4.18470418470418,-0.5772005772005762,0.6940170940170934,-0.09572649572649558,0.0,insider-event,
003027.SZ,20250317,EVENT,0.9211,0,20250317,15.111,20250319,15.311,TP2_RUNNER,2,15.311,13.99,7.417,2.9117861160743885,0.5955926146515855,0.39260675589547506,0.08030592734225707,0.178,insider-event,
000709.SZ,20250320,EVENT,0.8363,0,20250320,2.18,20250324,2.21,TP2_RUNNER,2,2.21,2.094,3.932,4.128440366972463,0.917431192660545,1.049999999999995,0.2333333333333316,0.35,insider-event,
002145.SZ,20250321,EVENT,5.9623,0,20250321,4.455,20250326,4.76,TP2_RUNNER,3,4.76,4.405,1.122,7.519640852974185,-1.0101010101010055,6.700000000000023,-0.8999999999999991,6.1,insider-event,
301507.SZ,20250324,EVENT,-0.717,0,20250324,12.802,20250325,12.761,SL_GAP,1,13.961,12.762,0.309,0.38518351873855217,-1.17711020966762,1.2446183247395257,-3.8035192730681895,-1.027,insider-event,
301395.SZ,20250326,EVENT,3.9748,0,20250326,9.67,20250328,10.177,TP2_RUNNER,2,10.177,9.655,0.154,11.888748252384618,2.044192953283863,77.38974901432995,13.306664102317816,34.107,insider-event,
603558.SH,20250326,EVENT,-8.8976,0,20250326,9.408,20250403,8.607,SL_HIT,6,9.738,8.607,8.515,1.5943877551020558,-11.479591836734693,0.1872492197949195,-1.3481943825234077,-1.0,insider-event,
603759.SH,20250328,EVENT,-5.853,0,20250328,8.341,20250407,7.885,SL_GAP,5,9.035,7.902,5.259,2.9283937295806917,-9.420615652069664,0.556876475857018,-1.7914664929565993,-1.039,insider-event,
000929.SZ,20250328,EVENT,-11.1801,0,20250328,6.93,20250407,6.181,SL_HIT,5,7.77,6.181,10.802,-0.5772005772005762,-12.265512265512257,-0.053435114503816716,-1.1354961832061066,-1.0,insider-event,
002432.SZ,20250328,EVENT,-0.1933,0,20250328,40.584,20250402,40.584,BE,3,42.214,39.417,2.876,3.0798791446691176,-1.5524814422214095,1.0708849728655296,-0.5398033393632151,0.0,insider-event,
002365_SZ.SZ,20250409,CONT,10.4064,3,,,,,,,,,,,,,,,,
601086_SH.SH,20250417,CONT,10.2402,3,,,,,,,,,,,,,,,,
603326_SH.SH,20250418,CONT,5.0363,3,,,,,,,,,,,,,,,,
603057_SH.SH,20250421,CONT,-7.3675,3,,,,,,,,,,,,,,,,
301033_SZ.SZ,20250422,CONT,3.088,3,,,,,,,,,,,,,,,,
603590_SH.SH,20250422,CONT,0.2512,3,,,,,,,,,,,,,,,,
002743_SZ.SZ,20250429,CONT,0.8072,3,,,,,,,,,,,,,,,,
688501_SH.SH,20250429,CONT,13.5324,3,,,,,,,,,,,,,,,,
300802.SZ,20250402,EVENT,-9.9329,0,20250402,17.797,20250407,16.097,SL_GAP,2,20.227,17.311,2.731,2.022812833623644,-21.23953475304827,0.7406318883174089,-7.776634827332797,-3.497,insider-event,
688093_SH.SH,20250507,CONT,-5.951,3,,,,,,,,,,,,,,,,
688112_SH.SH,20250507,CONT,-3.3276,3,,,,,,,,,,,,,,,,
002891_SZ.SZ,20250512,CONT,11.5261,3,,,,,,,,,,,,,,,,
002620_SZ.SZ,20250515,CONT,-8.8449,3,,,,,,,,,,,,,,,,
605016_SH.SH,20250515,CONT,6.8416,3,,,,,,,,,,,,,,,,
002052_SZ.SZ,20250516,CONT,1.3556,3,,,,,,,,,,,,,,,,
002956_SZ.SZ,20250516,CONT,-3.1642,3,,,,,,,,,,,,,,,,
002052_SZ.SZ,20250519,CONT,3.3599,3,,,,,,,,,,,,,,,,
600499_SH.SH,20250520,CONT,-0.4638,3,,,,,,,,,,,,,,,,
300069_SZ.SZ,20250527,CONT,-16.8596,3,,,,,,,,,,,,,,,,
002734_SZ.SZ,20250603,CONT,27.5617,3,,,,,,,,,,,,,,,,
002174_SZ.SZ,20250605,CONT,-9.4443,3,,,,,,,,,,,,,,,,
600521_SH.SH,20250609,CONT,3.3921,3,,,,,,,,,,,,,,,,
603879_SH.SH,20250609,CONT,-6.3633,3,,,,,,,,,,,,,,,,
600193_SH.SH,20250610,CONT,-2.9083,3,,,,,,,,,,,,,,,,
002565_SZ.SZ,20250617,CONT,13.6678,3,,,,,,,,,,,,,,,,
301345_SZ.SZ,20250620,CONT,43.1645,3,,,,,,,,,,,,,,,,
688658_SH.SH,20250623,CONT,21.6978,3,,,,,,,,,,,,,,,,
002309_SZ.SZ,20250624,CONT,8.5719,3,,,,,,,,,,,,,,,,
688183_SH.SH,20250625,CONT,1.4986,3,,,,,,,,,,,,,,,,
300548_SZ.SZ,20250626,CONT,18.9601,3,,,,,,,,,,,,,,,,
688303.SH,20250605,EVENT,1.1051,0,20250605,18.9,20250612,18.9,BE,5,23.41,17.394,7.969,5.026455026455046,-1.005291005290998,0.6307801754802034,-0.1261560350960393,0.0,insider-event,
601598.SH,20250609,EVENT,-0.6416,0,20250609,4.54,20250611,4.52,SL_GAP,2,4.73,4.374,3.658,0.4405286343612147,-1.3215859030836885,0.12043010752687652,-0.3612903225806417,-0.12,insider-event,
603777.SH,20250609,EVENT,-13.3665,0,20250609,14.28,20250623,12.425,SL_HIT,10,15.3,12.425,12.993,-2.1008403361344463,-13.095238095238093,-0.16169393647738153,-1.0078922040423484,-1.0,insider-event,
603195.SH,20250611,EVENT,-3.8806,0,20250611,48.0,20250619,46.326,SL_HIT,6,49.279,46.326,3.488,1.1458333333333348,-3.5416666666666763,0.32853333333333457,-1.0154666666666718,-1.0,insider-event,
000422.SZ,20250612,EVENT,-3.6192,0,20250612,11.78,20250620,11.4,SL_HIT,6,14.08,11.4,3.226,1.6129032258064724,-4.6689303904923545,0.5000000000000078,-1.4473684210526334,-1.0,insider-event,
600022.SH,20250612,EVENT,-3.424,0,20250612,1.32,20250619,1.28,SL_HIT,5,1.36,1.28,3.03,0.0,-3.0303030303030276,0.0,-0.9999999999999982,-1.0,insider-event,
002919.SZ,20250612,EVENT,3.0622,0,20250612,16.72,20250702,17.3,TP2_RUNNER,14,17.3,14.583,12.78,4.366028708133984,-5.861244019138745,0.3416346314557926,-0.4586327929132536,0.271,insider-event,
002111.SZ,20250613,EVENT,3.8195,0,20250613,10.1,20250704,10.56,TIME_STOP,15,10.99,9.674,4.215,6.6336633663366396,-0.8910891089108919,1.5738255033557078,-0.21140939597315478,1.081,insider-event,
002992.SZ,20250613,EVENT,-0.8291,0,20250613,58.113,20250620,57.59,SL_GAP,5,68.37,50.753,12.665,3.2471219864746326,-3.636019479290342,0.2563808932280046,-0.28708681896702276,-0.071,insider-event,
600756.SH,20250613,EVENT,-1.0674,0,20250613,15.068,20250630,14.88,SL_GAP,11,17.0,13.64,9.478,1.2092010777950302,-7.285735143816607,0.12757699732922526,-0.7686829180462331,-0.131,insider-event,
688084.SH,20250619,EVENT,3.4287,0,20250619,68.399,20250625,71.08,TP2_RUNNER,4,71.08,63.771,6.766,9.913726935003542,-5.700513603249169,1.4652941775715655,-0.84256197964419,0.579,insider-event,
688298.SH,20250619,EVENT,6.0815,0,20250619,25.71,20250626,27.38,TP2_RUNNER,5,27.38,22.284,13.325,6.494284391858507,-0.8957499523537193,0.48735932216111083,-0.06722096897269159,0.487,insider-event,
688352.SH,20250619,EVENT,-0.639,0,20250619,10.85,20250624,10.8,SL_GAP,3,11.47,10.373,4.401,0.8294930875575979,-2.304147465437789,0.1884816753926692,-0.523560209424085,-0.105,insider-event,
688739.SH,20250619,EVENT,3.3247,0,20250619,25.008,20250710,26.191,TIME_STOP,15,26.97,24.421,2.35,5.808490670530975,0.41030230254728295,2.471788376971761,0.1746030974322655,2.012,insider-event,
002023.SZ,20250619,EVENT,-2.3222,0,20250619,10.217,20250620,10.02,SL_GAP,1,11.02,10.024,1.891,-1.143215096703487,-2.513507164669959,-0.6044654739021238,-1.328996007688897,-1.018,insider-event,
002262.SZ,20250619,EVENT,-0.8673,0,20250619,21.087,20250620,20.988,SL_HIT,1,23.86,20.988,0.468,0.6307203490302005,-0.5074216341821924,1.346348517715093,-1.0831525668835733,-1.0,insider-event,
002061.SZ,20250620,EVENT,6.8513,0,20250620,3.84,20250711,4.14,TP2_RUNNER,15,4.14,3.822,0.465,7.8125,0.26041666666667407,16.800000000000058,0.5600000000000179,16.8,insider-event,
688352.SH,20250620,EVENT,2.7841,0,20250620,10.72,20250711,11.14,TIME_STOP,15,11.47,10.214,4.721,5.317164179104461,-1.1194029850746356,1.126323218066332,-0.23712067748765148,0.83,insider-event,
600330.SH,20250620,EVENT,4.2286,0,20250620,6.9,20250708,7.22,TP2_RUNNER,12,7.22,6.506,5.703,6.376811594202891,-1.3043478260869712,1.118170266836084,-0.22871664548920187,0.813,insider-event,
300218.SZ,20250623,EVENT,6.0336,0,20250623,13.884,20250714,14.644,TIME_STOP,15,15.154,13.723,1.159,10.87582829155862,1.728608470181503,9.383044829116681,1.4913448735019894,4.723,insider-event,
002192.SZ,20250623,EVENT,3.6801,0,20250623,28.62,20250625,29.85,TP2_RUNNER,2,29.85,27.714,3.166,8.979734451432563,2.0964360587002018,2.836420969649188,0.6621994481671232,1.358,insider-event,
688739.SH,20250623,EVENT,2.3636,0,20250623,25.161,20250630,26.071,TP2_RUNNER,5,26.071,24.418,2.952,5.166726282739154,1.470529788164221,1.7501682854120602,0.4981248196942019,1.225,insider-event,
000778.SZ,20250625,EVENT,2.4981,0,20250625,3.375,20250630,3.485,TP2_RUNNER,3,3.485,3.29,2.529,8.000000000000007,-0.2962962962962945,3.1631799163180006,-0.1171548117154807,1.289,insider-event,
601390.SH,20250625,EVENT,0.0578,0,20250625,5.234,20250630,5.234,BE,3,5.414,5.128,2.02,1.910584638899504,0.0,0.9459459459459449,0.0,0.0,insider-event,
601011.SH,20250625,EVENT,3.5823,0,20250625,2.584,20250627,2.69,TP2_RUNNER,2,2.69,2.366,8.43,6.4282673478075925,-0.1509346336932449,0.7625262329485866,-0.017903987408183584,0.487,insider-event,
002716.SZ,20250626,EVENT,13.1501,0,20250626,3.83,20250714,4.35,TP2_RUNNER,12,4.35,3.303,13.754,26.63185378590076,0.0,1.9362711864406759,0.0,0.987,insider-event,
603318.SH,20250626,EVENT,5.1566,0,20250626,6.502,20250714,6.882,TP2_RUNNER,12,6.882,6.142,5.537,6.459550907413103,-0.9227929867732909,1.1666666666666683,-0.1666666666666652,1.056,insider-event,
002716.SZ,20250627,EVENT,12.2691,0,20250627,3.86,20250714,4.35,TP2_RUNNER,11,4.35,3.686,4.515,25.647668393782386,-0.7772020725388518,5.680327868852471,-0.1721311475409821,2.811,insider-event,
002413_SZ.SZ,20250704,CONT,-12.0936,3,,,,,,,,,,,,,,,,
688518_SH.SH,20250704,CONT,-2.1858,3,,,,,,,,,,,,,,,,
001896_SZ.SZ,20250714,CONT,-14.8341,3,,,,,,,,,,,,,,,,
603127_SH.SH,20250716,CONT,31.8238,3,,,,,,,,,,,,,,,,
601869_SH.SH,20250718,CONT,16.7943,3,,,,,,,,,,,,,,,,
603083_SH.SH,20250718,CONT,-3.4724,3,,,,,,,,,,,,,,,,
300308_SZ.SZ,20250724,CONT,9.2976,3,,,,,,,,,,,,,,,,
002384_SZ.SZ,20250729,CONT,3.3283,3,,,,,,,,,,,,,,,,
688226_SH.SH,20250729,CONT,23.9755,3,,,,,,,,,,,,,,,,
002049.SZ,20250701,EVENT,0.4093,0,20250701,65.201,20250711,65.73,TP2_RUNNER,8,65.73,61.016,6.419,1.8689782734726768,-1.8272613778231528,0.29115993623986214,-0.28466104385045415,0.126,insider-event,
300433.SZ,20250703,EVENT,1.8045,0,20250703,21.352,20250707,21.892,TP2_RUNNER,2,21.892,20.16,5.582,9.788310228550024,4.1213937804421175,1.7536709619418647,0.7383877734492065,0.453,insider-event,
688352.SH,20250703,EVENT,3.3935,0,20250703,11.05,20250722,11.47,TP2_RUNNER,13,11.47,10.205,7.647,4.7963800904977205,-1.4479638009049833,0.6272189349112399,-0.18934911242603616,0.497,insider-event,
000921.SZ,20250710,EVENT,3.7665,0,20250710,26.11,20250731,27.2,TIME_STOP,15,29.98,24.877,4.723,4.787437763309077,-3.2554576790501666,1.01361135244715,-0.6892557196640606,0.884,insider-event,
688788.SH,20250711,EVENT,12.7396,0,20250711,28.594,20250724,33.438,TP2_RUNNER,9,33.438,24.788,13.309,19.42365531230328,0.5245855773938546,1.4594117757465404,0.039415154188329006,1.273,insider-event,
000521.SZ,20250717,EVENT,2.1321,0,20250717,7.095,20250722,7.275,TP2_RUNNER,3,7.275,6.446,9.146,4.228329809725162,-0.986610288935863,0.4623004953219594,-0.10787011557512298,0.277,insider-event,
603836.SH,20250717,EVENT,2.4255,0,20250717,9.608,20250807,9.88,TIME_STOP,15,11.149,8.848,7.907,4.475437135720228,-0.8950874271440479,0.5659756498848296,-0.11319512997696621,0.358,insider-event,
688521.SH,20250716,EVENT,0.8771,0,20250716,86.29,20250721,86.29,BE,3,99.9,82.484,4.411,4.5196430640862095,-0.33607602271411574,1.0245824732595217,-0.07618690185776224,0.0,insider-event,
688788.SH,20250724,EVENT,7.2203,0,20250724,31.066,20250728,33.438,TP2_RUNNER,2,33.438,27.874,10.275,21.801969999356217,7.290928989892498,2.121772208547776,0.7095547102260028,0.743,insider-event,
600343_SH.SH,20250804,CONT,-2.1974,3,,,,,,,,,,,,,,,,
688156_SH.SH,20250804,CONT,-0.4761,3,,,,,,,,,,,,,,,,
688163_SH.SH,20250805,CONT,-1.8269,3,,,,,,,,,,,,,,,,
688265_SH.SH,20250805,CONT,41.216,3,,,,,,,,,,,,,,,,
300229_SZ.SZ,20250807,CONT,2.2231,3,,,,,,,,,,,,,,,,
300224_SZ.SZ,20250808,CONT,-4.8906,3,,,,,,,,,,,,,,,,
301268_SZ.SZ,20250811,CONT,-3.3139,3,,,,,,,,,,,,,,,,
603109_SH.SH,20250811,CONT,-4.8316,3,,,,,,,,,,,,,,,,
002148_SZ.SZ,20250812,CONT,2.1111,3,,,,,,,,,,,,,,,,
001277_SZ.SZ,20250814,CONT,-19.9775,3,,,,,,,,,,,,,,,,
000501_SZ.SZ,20250818,CONT,-12.6448,3,,,,,,,,,,,,,,,,
300855_SZ.SZ,20250818,CONT,-7.7048,3,,,,,,,,,,,,,,,,
688661_SH.SH,20250818,CONT,1.5822,3,,,,,,,,,,,,,,,,
601231_SH.SH,20250819,CONT,1.0892,3,,,,,,,,,,,,,,,,
688226_SH.SH,20250819,CONT,-14.8419,3,,,,,,,,,,,,,,,,
300809_SZ.SZ,20250820,CONT,-14.0701,3,,,,,,,,,,,,,,,,
600884_SH.SH,20250820,CONT,-3.1412,3,,,,,,,,,,,,,,,,
603893_SH.SH,20250821,CONT,0.696,3,,,,,,,,,,,,,,,,
002993_SZ.SZ,20250825,CONT,-13.2428,3,,,,,,,,,,,,,,,,
300274_SZ.SZ,20250825,CONT,37.8121,3,,,,,,,,,,,,,,,,
301057_SZ.SZ,20250825,CONT,9.8277,3,,,,,,,,,,,,,,,,
301526_SZ.SZ,20250825,CONT,11.8244,3,,,,,,,,,,,,,,,,
300004_SZ.SZ,20250826,CONT,-14.9107,3,,,,,,,,,,,,,,,,
301057_SZ.SZ,20250826,CONT,9.7279,3,,,,,,,,,,,,,,,,
300147_SZ.SZ,20250827,CONT,-5.6329,3,,,,,,,,,,,,,,,,
603021_SH.SH,20250827,CONT,7.3157,3,,,,,,,,,,,,,,,,
688260_SH.SH,20250827,CONT,-1.6071,3,,,,,,,,,,,,,,,,
000029_SZ.SZ,20250829,CONT,-2.2234,3,,,,,,,,,,,,,,,,
301448_SZ.SZ,20250829,CONT,50.7873,3,,,,,,,,,,,,,,,,
600107_SH.SH,20250829,CONT,17.9979,3,,,,,,,,,,,,,,,,
600487_SH.SH,20250829,CONT,-1.2728,3,,,,,,,,,,,,,,,,
605288_SH.SH,20250829,CONT,35.4265,3,,,,,,,,,,,,,,,,
002327.SZ,20250804,EVENT,1.5741,0,20250804,7.23,20250825,7.37,TIME_STOP,15,7.47,7.185,0.622,2.4896265560165887,0.0,3.999999999999914,0.0,3.111,insider-event,
002327.SZ,20250814,EVENT,0.0115,0,20250814,7.28,20250828,7.28,BE,10,7.47,7.148,1.815,2.4725274725274637,-0.5494505494505475,1.3621621621621485,-0.30270270270269967,0.0,insider-event,
300096.SZ,20250819,EVENT,9.5979,0,20250819,3.841,20250825,4.31,TP2_RUNNER,4,4.31,3.82,0.552,25.481620326981158,3.0927835051546504,46.169811320754974,5.60377358490571,22.113,insider-event,
688218_SH.SH,20250901,CONT,-7.3678,3,,,,,,,,,,,,,,,,
688433_SH.SH,20250901,CONT,18.9881,3,,,,,,,,,,,,,,,,
000972_SZ.SZ,20250908,CONT,-22.9557,3,,,,,,,,,,,,,,,,
002943_SZ.SZ,20250908,CONT,-4.8138,3,,,,,,,,,,,,,,,,
300756_SZ.SZ,20250908,CONT,8.7757,3,,,,,,,,,,,,,,,,
605133_SH.SH,20250908,CONT,2.2184,3,,,,,,,,,,,,,,,,
688088_SH.SH,20250908,CONT,-5.2341,3,,,,,,,,,,,,,,,,
688612_SH.SH,20250908,CONT,-2.8945,3,,,,,,,,,,,,,,,,
000830_SZ.SZ,20250909,CONT,-10.3974,3,,,,,,,,,,,,,,,,
603285_SH.SH,20250911,CONT,-16.7533,3,,,,,,,,,,,,,,,,
002715_SZ.SZ,20250912,CONT,1.558,3,,,,,,,,,,,,,,,,
688325_SH.SH,20250912,CONT,67.9818,3,,,,,,,,,,,,,,,,
001234_SZ.SZ,20250916,CONT,-11.1748,3,,,,,,,,,,,,,,,,
300736_SZ.SZ,20250916,CONT,-5.2462,3,,,,,,,,,,,,,,,,
002715_SZ.SZ,20250919,CONT,-5.8693,3,,,,,,,,,,,,,,,,
300111_SZ.SZ,20250922,CONT,13.4134,3,,,,,,,,,,,,,,,,
603216_SH.SH,20250922,CONT,0.09,3,,,,,,,,,,,,,,,,
301288_SZ.SZ,20250923,CONT,-4.4802,3,,,,,,,,,,,,,,,,
603298_SH.SH,20250924,CONT,-6.8595,3,,,,,,,,,,,,,,,,
300904_SZ.SZ,20250929,CONT,-4.27,3,,,,,,,,,,,,,,,,
301042_SZ.SZ,20250930,CONT,8.2663,3,,,,,,,,,,,,,,,,
603216_SH.SH,20250930,CONT,-11.442,3,,,,,,,,,,,,,,,,
301197.SZ,20250904,EVENT,16.3759,0,20250904,18.692,20250922,22.152,TP2_RUNNER,12,22.152,17.862,4.438,20.008559811684123,-0.5884870532848252,4.507963839862239,-0.13258717176065365,4.17,insider-event,
300791.SZ,20250910,EVENT,-5.1692,0,20250910,24.871,20250923,23.682,SL_HIT,9,26.321,23.682,4.779,3.538257408226464,-6.433195287684446,0.7403846153846185,-1.3461538461538447,-1.0,insider-event,
601665.SH,20250917,EVENT,5.5818,0,20250917,5.297,20250924,5.651,TP2_RUNNER,5,5.651,5.209,1.673,6.673160307994919,-1.2551227090565553,3.9884757345712027,-0.7501732669277805,3.988,insider-event,
002802.SZ,20250917,EVENT,0.127,0,20250917,13.072,20250922,13.072,BE,3,14.582,12.406,5.095,2.294981640146876,-2.0654834761321905,0.45040214477211793,-0.4053619302949065,0.0,insider-event,
688232.SH,20250917,EVENT,-0.0233,0,20250917,28.101,20250919,27.961,SL_GAP,2,31.631,27.155,3.365,2.7757019323155774,-3.2027329988256636,0.8247734138972821,-0.9516616314199401,-0.148,insider-event,
603121.SH,20250919,EVENT,3.2014,0,20250919,18.473,20250923,19.35,TP2_RUNNER,2,19.35,16.104,12.824,5.8278389468100045,-3.158054283456213,0.45443143308529993,-0.2462523667675684,0.37,insider-event,
000526.SZ,20250924,EVENT,-3.5165,0,20250924,46.55,20250929,45.096,SL_HIT,3,55.05,45.096,3.123,0.96713627126217,-3.3293376126213303,0.30968642210669817,-1.0660862216369715,-1.0,insider-event,
002221.SZ,20250926,EVENT,-9.0532,0,20250926,9.009,20251013,8.228,SL_HIT,5,9.53,8.228,8.671,-0.5439005439005329,-10.31191031191031,-0.06272860277980853,-1.1892831016825163,-1.0,insider-event,
688232.SH,20250926,EVENT,-1.2672,0,20250926,27.671,20250929,27.431,SL_GAP,1,28.881,27.465,0.745,0.9016861759160832,-1.6279932883989878,1.2100136480466739,-2.184678162432526,-1.166,insider-event,
002969.SZ,20250930,EVENT,5.0347,0,20250930,3.495,20251021,3.7,TP2_RUNNER,9,3.7,3.29,5.847,6.160757718831378,-1.565227344264175,1.0536213646532446,-0.2676873601789715,1.005,insider-event,
301197.SZ,20250929,EVENT,4.6795,0,20250929,19.452,20251028,20.442,TIME_STOP,15,22.432,18.3,5.925,6.580300226197799,-2.519021180341363,1.110629067245116,-0.425162689804774,0.859,insider-event,
300686_SZ.SZ,20251014,CONT,-1.2828,3,,,,,,,,,,,,,,,,
601011_SH.SH,20251017,CONT,-2.2619,3,,,,,,,,,,,,,,,,
603530_SH.SH,20251017,CONT,-2.1152,3,,,,,,,,,,,,,,,,
601001_SH.SH,20251021,CONT,-2.355,3,,,,,,,,,,,,,,,,
603843_SH.SH,20251022,CONT,50.5326,3,,,,,,,,,,,,,,,,
000592_SZ.SZ,20251024,CONT,100.2505,3,,,,,,,,,,,,,,,,
000933_SZ.SZ,20251030,CONT,9.0308,3,,,,,,,,,,,,,,,,
301258.SZ,20251014,EVENT,4.8762,0,20251014,33.557,20251103,35.787,TP2_RUNNER,14,35.787,31.196,7.035,11.353815895342233,-0.5066007092410008,1.6139183055975757,-0.07201210287443373,0.945,insider-event,
002481.SZ,20251009,EVENT,9.8173,0,20251009,5.494,20251022,6.12,TP2_RUNNER,9,6.12,5.33,3.0,16.116116116116117,1.0101010101010166,5.371317157712343,0.33665511265165093,3.794,insider-event,
002221.SZ,20251009,EVENT,-4.0416,0,20251009,8.524,20251013,8.213,SL_HIT,2,9.53,8.213,3.649,0.4235150576614055,-5.207710085758855,0.11606117668672399,-1.4271345244109663,-1.0,insider-event,
600686.SH,20251009,EVENT,4.2874,0,20251009,11.37,20251013,12.09,TP2_RUNNER,2,12.09,10.594,6.829,17.59014951627089,5.364995602462641,2.5758969641214424,0.7856485740570426,0.927,insider-event,
000906.SZ,20251013,EVENT,0.3983,0,20251013,6.178,20251015,6.23,TP2_RUNNER,2,6.23,5.852,5.274,1.1719761719761745,-0.2849002849002802,0.22221247862498428,-0.054018503091155384,0.161,insider-event,
605266.SH,20251013,EVENT,-0.0117,0,20251013,19.318,20251103,19.393,TIME_STOP,15,20.963,18.81,2.628,5.151344325228391,-1.2158172717799842,1.9599700626601875,-0.46259098672234505,0.148,insider-event,
301325.SZ,20251028,EVENT,8.2868,0,20251028,57.1,20251118,62.07,TIME_STOP,15,72.48,53.025,7.137,17.338003502626975,-4.535901926444841,2.429234948733679,-0.635527122951539,1.22,insider-event,
002413.SZ,20251031,EVENT,0.4929,0,20251031,5.59,20251111,5.64,TP2_RUNNER,7,5.64,5.21,6.804,5.903398926654746,-2.3255813953488302,0.8676056338028192,-0.341784037558685,0.131,insider-event,
000908_SZ.SZ,20251103,CONT,16.3344,3,,,,,,,,,,,,,,,,
002497_SZ.SZ,20251106,CONT,29.2072,3,,,,,,,,,,,,,,,,
300438_SZ.SZ,20251106,CONT,-6.1222,3,,,,,,,,,,,,,,,,
603185_SH.SH,20251106,CONT,5.5628,3,,,,,,,,,,,,,,,,
600815_SH.SH,20251111,CONT,-6.4657,3,,,,,,,,,,,,,,,,
000007_SZ.SZ,20251113,CONT,1.7792,3,,,,,,,,,,,,,,,,
000820_SZ.SZ,20251114,CONT,1.262,3,,,,,,,,,,,,,,,,
300078_SZ.SZ,20251125,CONT,7.8508,3,,,,,,,,,,,,,,,,
300592.SZ,20251105,EVENT,-1.2117,0,20251105,10.694,20251107,10.544,SL_GAP,2,11.964,9.701,9.284,1.4961660744342575,-2.1507387319992577,0.16115107913669,-0.23165467625899325,-0.151,insider-event,
688166.SH,20251103,EVENT,-12.8658,0,20251103,56.81,20251121,49.714,SL_HIT,14,102.724,49.714,12.491,2.946374380920602,-14.955353056565945,0.23587968704200618,-1.1972898018083018,-1.0,insider-event,
002051.SZ,20251106,EVENT,4.2747,0,20251106,8.54,20251127,8.94,TIME_STOP,15,9.41,8.339,2.354,7.845433255269341,-2.1077283372365363,3.3321492007104987,-0.8952042628774461,1.989,insider-event,
000513.SZ,20251106,EVENT,-2.8781,0,20251106,35.15,20251121,34.277,SL_HIT,11,41.15,34.277,2.483,3.6130867709815107,-3.1294452347083945,1.4549918166939455,-1.260229132569559,-1.0,insider-event,
600872.SH,20251106,EVENT,0.3393,0,20251106,17.69,20251121,17.62,SL_GAP,11,19.06,17.663,0.153,3.78745053702656,-1.9785189372526935,24.684210526316953,-12.894736842105955,-2.579,insider-event,
000513.SZ,20251107,EVENT,-3.446,0,20251107,35.36,20251121,34.281,SL_HIT,10,41.15,34.281,3.052,2.9977375565610975,-3.7047511312217285,0.9821310390469897,-1.2137657180675046,-1.0,insider-event,
688321.SH,20251107,EVENT,-9.4927,0,20251107,30.128,20251120,27.383,SL_HIT,9,32.412,27.383,9.111,2.0390551147648983,-10.374778276986474,0.22379878801504743,-1.138695461197538,-1.0,insider-event,
601919.SH,20251107,EVENT,0.6842,0,20251107,14.73,20251111,14.89,TP2_RUNNER,2,14.89,12.912,12.344,2.3761031907671315,0.5431093007467691,0.19249656256138184,0.04399921429974411,0.088,insider-event,
603369.SH,20251107,EVENT,0.5933,0,20251107,36.78,20251120,36.78,BE,9,39.23,36.324,1.241,4.812398042414334,-0.7612833061446445,3.8779342723004264,-0.6134585289514831,0.0,insider-event,
000513.SZ,20251110,EVENT,-4.8666,0,20251110,35.9,20251121,34.293,SL_HIT,9,37.85,34.293,4.476,1.4484679665738298,-5.153203342618385,0.32362747277173026,-1.1513669704378755,-1.0,insider-event,
600576.SH,20251119,EVENT,-0.2295,0,20251119,7.385,20251121,7.38,SL_GAP,2,8.99,6.984,5.441,1.8225146911474033,-3.051967395130928,0.33496871444823767,-0.5609357224118308,-0.013,insider-event,
002892.SZ,20251119,EVENT,-2.9843,0,20251119,13.017,20251121,12.679,SL_HIT,2,17.578,12.679,2.59,0.16502106553826223,-5.443236748378211,0.06372158464850879,-2.101862996050246,-1.0,insider-event,
688010.SH,20251121,EVENT,5.0704,0,20251121,26.75,20251201,28.6,TP2_RUNNER,6,28.6,25.768,3.67,10.094281078737023,-1.9058086415599473,2.75085503049002,-0.5193637117783209,1.885,insider-event,
002892.SZ,20251121,EVENT,-2.0574,0,20251121,12.729,20251124,12.518,SL_GAP,1,17.578,12.685,0.345,2.5812645038029824,-2.9963658988390707,7.481329690345735,-8.684426229507865,-4.814,insider-event,
688267.SH,20251126,EVENT,9.572,0,20251126,20.628,20251202,22.983,TP2_RUNNER,4,22.983,20.302,1.58,12.504387317211286,-1.4962448442962906,7.913083493664902,-0.9468604962024411,7.226,insider-event,
600858.SH,20251126,EVENT,6.1529,0,20251126,5.62,20251202,6.04,TP2_RUNNER,4,6.04,5.373,4.404,8.185053380782925,0.3558718861209842,1.8585858585858632,0.08080808080807816,1.697,insider-event,
600566.SH,20251126,EVENT,3.2872,0,20251126,24.215,20251217,25.11,TIME_STOP,15,26.69,22.225,8.22,9.640972273842262,-0.22878003254127588,1.1729300643086826,-0.027833601286173727,0.449,insider-event,
601233.SH,20251127,EVENT,0.5352,0,20251127,14.41,20251209,14.41,BE,8,16.46,13.407,6.957,8.53573907009022,-1.179736294240108,1.2269326683291761,-0.1695760598503734,0.0,insider-event,
605555.SH,20251128,EVENT,4.7466,0,20251128,16.91,20251219,17.2,TIME_STOP,15,20.42,15.55,8.043,13.246599645180357,-0.47309284447073496,1.6470588235294112,-0.05882352941176567,0.213,insider-event,
600278.SH,20251128,EVENT,-2.1869,0,20251128,7.574,20251212,7.439,SL_HIT,10,8.661,7.439,1.791,4.970763708183656,-2.8317418070391454,2.7759497803945505,-1.581401472462418,-1.0,insider-event,
600734_SH.SH,20251202,CONT,-6.2606,3,,,,,,,,,,,,,,,,
603355_SH.SH,20251209,CONT,-11.8637,3,,,,,,,,,,,,,,,,
000901_SZ.SZ,20251215,CONT,14.1103,3,,,,,,,,,,,,,,,,
000935_SZ.SZ,20251216,CONT,-0.9149,3,,,,,,,,,,,,,,,,
002297_SZ.SZ,20251225,CONT,5.4911,3,,,,,,,,,,,,,,,,
300118_SZ.SZ,20251225,CONT,41.002,3,,,,,,,,,,,,,,,,
002387.SZ,20251201,EVENT,0.2988,0,20251201,9.0,20251204,9.0,BE,3,11.28,8.401,6.659,4.999999999999982,-0.5555555555555647,0.750893921334921,-0.083432657926104,0.0,insider-event,
688310.SH,20251201,EVENT,-7.457,0,20251201,15.622,20251203,14.518,SL_HIT,2,21.45,14.518,7.071,-0.9742545864218743,-7.439413142835183,-0.13777496152801497,-1.052050330406444,-1.0,insider-event,
000521.SZ,20251204,EVENT,-2.3233,0,20251204,6.529,20251209,6.403,SL_HIT,3,6.895,6.403,1.927,-0.06203046385001576,-2.3594550508879486,-0.03218482147924883,-1.2242152466367748,-1.0,insider-event,
300531.SZ,20251204,EVENT,-2.52,0,20251204,16.772,20251216,16.415,SL_HIT,8,20.301,16.415,2.124,5.064576465320214,-2.5077526936921335,2.3839455040435014,-1.1804236346942691,-1.0,insider-event,
600873.SH,20251231,EVENT,1.3556,0,20251231,9.722,20260107,9.932,TP2_RUNNER,3,9.932,9.502,2.263,2.777206336144844,-0.7200164575190349,1.2272727272727315,-0.3181818181818198,0.955,insider-event,
300129_SZ.SZ,20260105,CONT,50.0788,3,,,,,,,,,,,,,,,,
002169_SZ.SZ,20260107,CONT,1.0142,3,,,,,,,,,,,,,,,,
002582_SZ.SZ,20260109,CONT,36.5576,3,,,,,,,,,,,,,,,,
300984_SZ.SZ,20260109,CONT,-2.2482,3,,,,,,,,,,,,,,,,
000603_SZ.SZ,20260112,CONT,50.3059,3,,,,,,,,,,,,,,,,
688503_SH.SH,20260114,CONT,3.8927,3,,,,,,,,,,,,,,,,
300054_SZ.SZ,20260116,CONT,-4.4044,3,,,,,,,,,,,,,,,,
603650_SH.SH,20260116,CONT,-9.2833,3,,,,,,,,,,,,,,,,
000612_SZ.SZ,20260120,CONT,2.1447,3,,,,,,,,,,,,,,,,
002112_SZ.SZ,20260120,CONT,11.4901,3,,,,,,,,,,,,,,,,
300855_SZ.SZ,20260120,CONT,-2.8142,3,,,,,,,,,,,,,,,,
301073_SZ.SZ,20260120,CONT,-1.6834,3,,,,,,,,,,,,,,,,
000960_SZ.SZ,20260121,CONT,-3.7313,3,,,,,,,,,,,,,,,,
001373_SZ.SZ,20260121,CONT,6.6687,3,,,,,,,,,,,,,,,,
600547_SH.SH,20260121,CONT,-2.7236,3,,,,,,,,,,,,,,,,
300201_SZ.SZ,20260122,CONT,-0.3239,3,,,,,,,,,,,,,,,,
688155_SH.SH,20260122,CONT,12.7928,3,,,,,,,,,,,,,,,,
002358_SZ.SZ,20260123,CONT,6.4104,3,,,,,,,,,,,,,,,,
002339_SZ.SZ,20260126,CONT,11.5343,3,,,,,,,,,,,,,,,,
603012_SH.SH,20260127,CONT,1.1959,3,,,,,,,,,,,,,,,,
300594_SZ.SZ,20260128,CONT,5.7618,3,,,,,,,,,,,,,,,,
603861_SH.SH,20260128,CONT,5.0434,3,,,,,,,,,,,,,,,,
603986_SH.SH,20260128,CONT,-9.5316,3,,,,,,,,,,,,,,,,
688008_SH.SH,20260128,CONT,-0.8447,3,,,,,,,,,,,,,,,,
688179_SH.SH,20260128,CONT,-8.9233,3,,,,,,,,,,,,,,,,
688536_SH.SH,20260128,CONT,-11.3217,3,,,,,,,,,,,,,,,,
600176_SH.SH,20260129,CONT,26.0257,3,,,,,,,,,,,,,,,,
002675.SZ,20260106,EVENT,1.029,0,20260106,13.97,20260127,14.17,TIME_STOP,15,15.17,12.799,8.385,7.874015748031482,-1.0021474588403745,0.9390243902439013,-0.11951219512195155,0.171,insider-event,
002422.SZ,20260107,EVENT,2.8572,0,20260107,30.182,20260128,30.942,TIME_STOP,15,34.222,29.64,1.795,12.060168312239107,0.7951759326751073,6.718523401450268,0.44297956493078766,1.403,insider-event,
000513.SZ,20260107,EVENT,0.8517,0,20260107,34.29,20260109,34.72,TP2_RUNNER,2,34.72,32.613,4.891,3.2662583843686033,1.1665208515602155,0.6678023850085155,0.2385008517887555,0.256,insider-event,
002675.SZ,20260107,EVENT,0.6664,0,20260107,14.04,20260128,14.19,TIME_STOP,15,15.17,12.798,8.85,7.33618233618234,-1.9943019943019946,0.8289738430583519,-0.22535211267605673,0.121,insider-event,
603039.SH,20260108,EVENT,-0.1504,0,20260108,46.413,20260112,46.529,TP2_RUNNER,2,46.529,40.114,13.572,15.674487751276601,0.9156917243013929,1.1549190366036213,0.0674694969837175,0.018,insider-event,
688576.SH,20260109,EVENT,4.0171,0,20260109,43.959,20260113,46.185,TP2_RUNNER,2,46.185,40.885,6.992,6.31952501194295,2.5250801883573315,0.9038450365446955,0.3611475847964762,0.724,insider-event,
000048.SZ,20260109,EVENT,17.4427,0,20260109,15.27,20260122,18.0,TP2_RUNNER,9,18.0,12.293,19.497,23.64112639161755,-4.060248853962012,1.2125719769673704,-0.2082533589251437,0.917,insider-event,
002488.SZ,20260109,EVENT,1.8266,0,20260109,10.31,20260113,10.54,TP2_RUNNER,2,10.54,7.462,27.619,18.331716779825392,8.632395732298725,0.6637401229148366,0.3125548726953462,0.081,insider-event,
688506.SH,20260109,EVENT,-8.1724,0,20260109,332.3,20260119,306.42,SL_GAP,6,404.0,307.172,7.562,6.52723442672285,-8.817333734577193,0.8631731548202793,-1.1660199832288685,-1.03,insider-event,
688506.SH,20260112,EVENT,-10.3783,0,20260112,340.461,20260119,306.42,SL_GAP,5,404.0,307.062,9.81,3.9737297370330493,-11.00302237260654,0.40507374076102176,-1.121625205310704,-1.019,insider-event,
300834.SZ,20260105,EVENT,1.5024,0,20260105,23.085,20260107,23.525,TP2_RUNNER,2,23.525,20.682,10.409,8.706952566601679,3.6387264457439894,0.836504161712246,0.3495838287752674,0.183,insider-event,
600872.SH,20260105,EVENT,0.5965,0,20260105,16.939,20260107,17.15,TP2_RUNNER,2,17.15,16.505,2.564,5.024529337796424,2.0727438027262624,1.9598986775445768,0.8085071386275406,0.486,insider-event,
002608.SZ,20260119,EVENT,-0.319,0,20260119,7.41,20260203,7.41,BE,11,7.78,7.191,2.955,3.7786774628880027,-0.26990553306343035,1.278955954323008,-0.09135399673735824,0.0,insider-event,
002875.SZ,20260121,EVENT,0.2274,0,20260121,17.513,20260127,17.513,BE,4,18.38,15.207,13.165,2.437603850831671,-2.9298068303155955,0.18515787647467086,-0.2225451075641916,0.0,insider-event,
600211.SH,20260122,EVENT,-4.7206,0,20260122,43.655,20260212,41.765,TIME_STOP,15,45.135,40.399,7.459,0.32069636925895484,-7.398923376474642,0.04299188418512731,-0.991884185128319,-0.58,insider-event,
601618.SH,20260128,EVENT,-0.1137,0,20260128,3.14,20260130,3.14,BE,2,3.17,2.946,6.187,7.643312101910826,-0.9554140127388644,1.235294117647058,-0.15441176470588402,0.0,insider-event,
688612.SH,20260128,EVENT,-1.9288,0,20260128,32.256,20260129,31.762,SL_GAP,1,34.822,32.041,0.666,0.08004667632681706,-4.8182394815505125,0.12015210136543375,-7.2323002672409915,-2.3,insider-event,
600331_SH.SH,20260202,CONT,21.1029,3,,,,,,,,,,,,,,,,
603285_SH.SH,20260202,CONT,5.2827,3,,,,,,,,,,,,,,,,
603306_SH.SH,20260202,CONT,13.4052,3,,,,,,,,,,,,,,,,
605056_SH.SH,20260202,CONT,10.0995,3,,,,,,,,,,,,,,,,
002487_SZ.SZ,20260204,CONT,11.5697,3,,,,,,,,,,,,,,,,
000533_SZ.SZ,20260213,CONT,40.4357,3,,,,,,,,,,,,,,,,
603950_SH.SH,20260227,CONT,6.419,3,,,,,,,,,,,,,,,,
600801.SH,20260204,EVENT,-3.6096,0,20260204,23.63,20260305,22.87,TIME_STOP,15,26.23,22.238,5.891,3.4701650444350474,-5.628438425729998,0.589020010261675,-0.9553617239610066,-0.546,insider-event,
603858.SH,20260204,EVENT,1.0734,0,20260204,17.167,20260206,17.42,TP2_RUNNER,2,17.42,16.067,6.403,3.6897230668857084,0.19456386238392298,0.5762896915658284,0.030388499681556293,0.231,insider-event,
688317.SH,20260204,EVENT,0.042,0,20260204,21.483,20260210,21.483,BE,4,28.58,19.648,8.541,1.9410696830051588,-0.8518363357073011,0.2272744968271878,-0.09973916767236313,0.0,insider-event,
301320.SZ,20260205,EVENT,3.3411,0,20260205,18.061,20260226,18.741,TP2_RUNNER,9,18.741,15.541,13.953,4.706273185316445,-0.332207518963501,0.3373015873015886,-0.023809523809522982,0.27,insider-event,
002015.SZ,20260205,EVENT,6.3251,0,20260205,10.771,20260209,11.53,TP2_RUNNER,2,11.53,9.664,10.277,23.198900772430186,0.2673796791443861,2.2574466986732746,0.02601827474059171,0.686,insider-event,
300679.SZ,20260210,EVENT,-6.9528,0,20260210,42.665,20260303,39.864,SL_HIT,9,51.715,39.864,6.566,1.7344427516699845,-10.078518692136406,0.26415094339622586,-1.5349311575726652,-1.0,insider-event,
600873.SH,20260206,EVENT,4.1276,0,20260206,10.209,20260212,10.672,TP2_RUNNER,4,10.672,9.574,6.221,5.907797917107471,2.577364020343076,0.9496542695572793,0.4143006887616246,0.729,insider-event,
600436.SH,20260206,EVENT,-8.9508,0,20260206,171.45,20260309,156.76,TIME_STOP,15,172.83,149.606,12.74,-1.7964421114027296,-9.938757655293085,-0.1410025833033575,-0.7800922141198787,-0.673,insider-event,
600329.SH,20260209,EVENT,-1.6533,0,20260209,42.54,20260212,41.67,SL_GAP,3,42.79,39.993,5.987,1.1981579819606125,-3.3152093426703555,0.20011105128549903,-0.5536916139453483,-0.342,insider-event,
002286.SZ,20260209,EVENT,-0.7673,0,20260209,10.59,20260213,10.53,SL_GAP,4,10.6,9.09,14.161,0.28328611898016387,-2.6440037771482516,0.02000476303881835,-0.18671112169564189,-0.04,insider-event,
301130.SZ,20260211,EVENT,0.8623,0,20260211,31.43,20260225,31.827,TP2_RUNNER,4,31.827,30.098,4.236,2.3464238886168554,-1.408007055784799,0.5538812966660638,-0.3323648286894828,0.299,insider-event,
688617.SH,20260211,EVENT,-4.4858,0,20260211,244.003,20260312,234.013,TIME_STOP,15,268.693,218.491,10.456,3.23766511067487,-8.159735740954,0.3096608010303363,-0.780423613735948,-0.392,insider-event,
600971.SH,20260211,EVENT,5.1356,0,20260211,6.613,20260224,6.98,TP2_RUNNER,3,6.98,5.886,10.995,5.848908244117834,0.2540373797858875,0.5319554411678036,0.023104579657754015,0.504,insider-event,
601137.SH,20260211,EVENT,7.1481,0,20260211,19.569,20260312,21.049,TIME_STOP,15,23.839,17.954,8.255,9.658132760999539,-1.2775307884919984,1.17001989829759,-0.15476453681185007,0.916,insider-event,
600743.SH,20260211,EVENT,-0.2508,0,20260211,2.01,20260226,2.01,BE,5,2.07,1.85,7.96,2.9850746268656803,-3.482587064676612,0.3750000000000017,-0.43750000000000017,0.0,insider-event,
300679.SZ,20260213,EVENT,-3.8248,0,20260213,41.407,20260303,39.986,SL_HIT,6,51.715,39.986,3.432,4.825903989083913,-7.346024500836212,1.4061926663148123,-2.140516223076728,-1.0,insider-event,
688617.SH,20260213,EVENT,-0.1189,0,20260213,233.306,20260316,233.963,TIME_STOP,15,268.693,218.23,6.462,7.970905380766058,-3.949043483039072,1.2334776662656302,-0.6111045993839646,0.044,insider-event,
002475.SZ,20260225,EVENT,-1.9758,0,20260225,50.411,20260227,49.615,SL_HIT,2,60.181,49.615,1.579,2.1423895578345897,-2.4399436630894167,1.3566621803499235,-1.5450874831763164,-1.0,insider-event,
600208.SH,20260224,EVENT,0.2476,0,20260224,3.7,20260226,3.7,BE,2,4.09,3.51,5.145,3.7837837837837673,-1.0810810810810811,0.7354596622889265,-0.2101313320825513,0.0,insider-event,
002655_SZ.SZ,20260302,CONT,5.9493,3,,,,,,,,,,,,,,,,
600188_SH.SH,20260302,CONT,11.4052,3,,,,,,,,,,,,,,,,
600482_SH.SH,20260305,CONT,-11.9589,3,,,,,,,,,,,,,,,,
601898_SH.SH,20260312,CONT,-2.7054,3,,,,,,,,,,,,,,,,
301265_SZ.SZ,20260317,CONT,0.9915,3,,,,,,,,,,,,,,,,
300868_SZ.SZ,20260324,CONT,6.0426,3,,,,,,,,,,,,,,,,
688251_SH.SH,20260325,CONT,-3.1379,3,,,,,,,,,,,,,,,,
002309_SZ.SZ,20260331,CONT,-16.2417,3,,,,,,,,,,,,,,,,
301307.SZ,20260306,EVENT,4.4752,0,20260306,37.165,20260310,39.58,TP2_RUNNER,2,39.58,31.371,15.589,9.136113398233814,2.866706489508819,0.5860677060858552,0.1838948383294652,0.417,insider-event,
603836.SH,20260306,EVENT,-5.1864,0,20260306,10.11,20260317,9.625,SL_HIT,7,10.64,9.625,4.796,1.7705242334322469,-5.252225519287823,0.36915371584297046,-1.0950872799587528,-1.0,insider-event,
300583.SZ,20260310,EVENT,-0.5219,0,20260310,14.595,20260313,14.577,SL_HIT,3,15.245,14.577,0.122,3.2887975334018327,-0.6851661527920605,26.880000000000624,-5.600000000000229,-1.0,insider-event,
600909.SH,20260311,EVENT,-3.6518,0,20260311,6.05,20260320,5.853,SL_HIT,7,7.73,5.853,3.259,1.6528925619834878,-5.289256198347103,0.5072463768116007,-1.6231884057971044,-1.0,insider-event,
000009.SZ,20260311,EVENT,-5.9054,0,20260311,9.18,20260323,8.674,SL_HIT,8,9.8,8.674,5.517,5.555555555555558,-7.4074074074074066,1.0070521861777186,-1.3427362482369574,-1.0,insider-event,
688278.SH,20260316,EVENT,-2.1037,0,20260316,69.473,20260318,68.287,SL_HIT,2,79.185,68.287,1.707,1.6146502430791854,-2.0270391841464064,0.945740868989213,-1.1872873445545271,-1.0,insider-event,
600208.SH,20260316,EVENT,-4.9156,0,20260316,3.465,20260320,3.308,SL_HIT,4,3.86,3.308,4.525,1.5873015873015817,-5.339105339105343,0.350797266514806,-1.1799544419134438,-1.0,insider-event,
002955.SZ,20260319,EVENT,-2.8504,0,20260319,25.413,20260320,24.789,SL_HIT,1,27.9,24.789,2.455,1.2855473315153798,-3.2396422345779663,0.5235457063711857,-1.3193608204940341,-1.0,insider-event,
600679.SH,20260319,EVENT,-3.3432,0,20260319,12.006,20260320,11.652,SL_HIT,1,13.047,11.652,2.949,-0.1560088391126535,-4.820448235967323,-0.05289658316556338,-1.6344281674002759,-1.0,insider-event,
300633.SZ,20260319,EVENT,-5.5516,0,20260319,25.761,20260323,24.431,SL_GAP,2,29.021,24.633,4.376,-0.46500903116714065,-10.519048522968443,-0.10626369434662016,-2.4038091351826036,-1.18,insider-event,
000408.SZ,20260325,EVENT,6.9561,0,20260325,75.937,20260409,81.807,TP2_RUNNER,10,81.807,72.325,4.756,8.981129093854134,-2.199191435005332,1.888262632255523,-0.4623751606842691,1.625,insider-event,
000408.SZ,20260326,EVENT,8.4677,0,20260326,74.881,20260409,81.807,TP2_RUNNER,9,81.807,72.242,3.524,10.518568019526553,-0.8194776139036186,2.9850225306314373,-0.23255628868011016,2.625,insider-event,
603885.SH,20260326,EVENT,1.6458,0,20260326,11.543,20260417,11.78,TIME_STOP,15,14.27,11.154,3.377,10.799244589982138,-1.4155274875686463,3.19781588976839,-0.4191586045148026,0.607,insider-event,
603043.SH,20260330,EVENT,-3.9452,0,20260330,15.256,20260407,14.714,SL_HIT,5,17.57,14.714,3.553,2.124423993340274,-4.037126619865106,0.598002003268488,-1.1364067689387947,-1.0,insider-event,
605162_SH.SH,20260401,CONT,10.4529,3,,,,,,,,,,,,,,,,
002713_SZ.SZ,20260408,CONT,10.1528,3,,,,,,,,,,,,,,,,
002902_SZ.SZ,20260414,CONT,2.576,3,,,,,,,,,,,,,,,,
002281_SZ.SZ,20260416,CONT,34.3896,3,,,,,,,,,,,,,,,,
002281_SZ.SZ,20260417,CONT,35.6861,3,,,,,,,,,,,,,,,,
301222_SZ.SZ,20260417,CONT,29.8452,3,,,,,,,,,,,,,,,,
688383_SH.SH,20260417,CONT,3.5317,3,,,,,,,,,,,,,,,,
603165_SH.SH,20260420,CONT,8.5821,3,,,,,,,,,,,,,,,,
301369_SZ.SZ,20260423,CONT,37.1808,3,,,,,,,,,,,,,,,,
603950_SH.SH,20260423,CONT,15.0388,3,,,,,,,,,,,,,,,,
003031_SZ.SZ,20260428,CONT,26.8506,3,,,,,,,,,,,,,,,,
605006_SH.SH,20260428,CONT,28.4216,3,,,,,,,,,,,,,,,,
002273_SZ.SZ,20260430,CONT,10.7384,3,,,,,,,,,,,,,,,,
002384_SZ.SZ,20260430,CONT,16.8197,3,,,,,,,,,,,,,,,,
003031_SZ.SZ,20260430,CONT,35.3134,3,,,,,,,,,,,,,,,,
301603_SZ.SZ,20260430,CONT,26.7856,3,,,,,,,,,,,,,,,,
603139_SH.SH,20260430,CONT,5.5119,3,,,,,,,,,,,,,,,,
688683_SH.SH,20260430,CONT,1.1268,3,,,,,,,,,,,,,,,,
002938_SZ.SZ,20260506,CONT,23.7167,3,,,,,,,,,,,,,,,,
003031_SZ.SZ,20260506,CONT,30.8796,3,,,,,,,,,,,,,,,,
688069_SH.SH,20260506,CONT,45.1166,3,,,,,,,,,,,,,,,,
002938_SZ.SZ,20260507,CONT,25.5635,3,,,,,,,,,,,,,,,,
301371_SZ.SZ,20260507,CONT,5.4799,3,,,,,,,,,,,,,,,,
688381_SH.SH,20260507,CONT,28.5425,3,,,,,,,,,,,,,,,,
002916_SZ.SZ,20260512,CONT,25.5841,3,,,,,,,,,,,,,,,,
300054_SZ.SZ,20260512,CONT,18.5593,3,,,,,,,,,,,,,,,,
603682_SH.SH,20260512,CONT,-5.4934,3,,,,,,,,,,,,,,,,
688508_SH.SH,20260512,CONT,6.3858,3,,,,,,,,,,,,,,,,
000668_SZ.SZ,20260514,CONT,1.0686,3,,,,,,,,,,,,,,,,
300475_SZ.SZ,20260514,CONT,-3.6178,3,,,,,,,,,,,,,,,,
300706_SZ.SZ,20260514,CONT,6.7505,3,,,,,,,,,,,,,,,,
688110_SH.SH,20260514,CONT,-11.271,3,,,,,,,,,,,,,,,,
688290_SH.SH,20260514,CONT,2.6271,3,,,,,,,,,,,,,,,,
000668_SZ.SZ,20260515,CONT,-0.9096,3,,,,,,,,,,,,,,,,
001339_SZ.SZ,20260518,CONT,3.8678,3,,,,,,,,,,,,,,,,
301285_SZ.SZ,20260518,CONT,-5.3475,3,,,,,,,,,,,,,,,,
601208_SH.SH,20260518,CONT,5.0701,3,,,,,,,,,,,,,,,,
603162_SH.SH,20260518,CONT,-8.3698,3,,,,,,,,,,,,,,,,
688017_SH.SH,20260518,CONT,-4.4363,3,,,,,,,,,,,,,,,,
002635_SZ.SZ,20260519,CONT,-3.8504,3,,,,,,,,,,,,,,,,
300408_SZ.SZ,20260519,CONT,49.9508,3,,,,,,,,,,,,,,,,
301123_SZ.SZ,20260519,CONT,17.8385,3,,,,,,,,,,,,,,,,
603336_SH.SH,20260519,CONT,-27.5771,3,,,,,,,,,,,,,,,,
603608_SH.SH,20260519,CONT,26.8395,3,,,,,,,,,,,,,,,,
688179_SH.SH,20260519,CONT,-10.4508,3,,,,,,,,,,,,,,,,
003004_SZ.SZ,20260520,CONT,58.5642,3,,,,,,,,,,,,,,,,
002273_SZ.SZ,20260520,CONT,-5.8821,3,,,,,,,,,,,,,,,,
002993_SZ.SZ,20260520,CONT,7.3483,3,,,,,,,,,,,,,,,,
603936_SH.SH,20260520,CONT,5.2934,3,,,,,,,,,,,,,,,,
605358_SH.SH,20260520,CONT,3.7469,3,,,,,,,,,,,,,,,,
688052_SH.SH,20260520,CONT,7.7877,3,,,,,,,,,,,,,,,,
600936_SH.SH,20260522,CONT,3.9812,3,,,,,,,,,,,,,,,,
300106_SZ.SZ,20260525,CONT,-10.9349,3,,,,,,,,,,,,,,,,
600730_SH.SH,20260525,CONT,1.7685,3,,,,,,,,,,,,,,,,
300825_SZ.SZ,20260526,CONT,7.5147,3,,,,,,,,,,,,,,,,
688107_SH.SH,20260526,CONT,-17.3429,3,,,,,,,,,,,,,,,,
002782_SZ.SZ,20260527,CONT,-18.3149,3,,,,,,,,,,,,,,,,
000063.SZ,20260529,EVENT,1.4191,0,20260529,37.513,20260608,37.513,BE,6,39.792,33.608,10.41,9.007311583053168,-8.319977991676497,0.8652785104550711,-0.7992504863717135,0.0,insider-event,
600239.SH,20260529,EVENT,-6.55,0,20260529,1.53,20260609,1.436,SL_HIT,7,2.26,1.436,6.162,3.267973856209161,-8.496732026143794,0.5303030303030319,-1.3787878787878791,-1.0,insider-event,
688068.SH,20260527,EVENT,-8.8787,0,20260527,85.209,20260617,77.97,TIME_STOP,15,127.86,71.362,16.251,10.293125280925919,-11.51200631855912,0.63339354854684,-0.7083981136922378,-0.523,insider-event,
603456.SH,20260527,EVENT,-1.7278,0,20260527,12.603,20260528,12.435,SL_HIT,1,17.69,12.435,1.331,0.295968324247986,-2.243170114340576,0.2224209898628536,-1.6857483601669458,-1.0,insider-event,
300883.SZ,20260528,EVENT,-7.1959,0,20260528,6.86,20260529,6.393,SL_HIT,1,8.0,6.393,6.81,0.4373177842565523,-7.725947521865894,0.06422018348623733,-1.1345565749235462,-1.0,insider-event,
002962_SZ.SZ,20260603,CONT,-11.0477,3,,,,,,,,,,,,,,,,
301566_SZ.SZ,20260603,CONT,-1.7802,3,,,,,,,,,,,,,,,,
301568_SZ.SZ,20260603,CONT,47.2476,3,,,,,,,,,,,,,,,,
300037_SZ.SZ,20260605,CONT,13.5243,3,,,,,,,,,,,,,,,,
601678_SH.SH,20260623,CONT,-4.5478,3,,,,,,,,,,,,,,,,
002876_SZ.SZ,20260625,CONT,-11.6286,3,,,,,,,,,,,,,,,,
002937_SZ.SZ,20260625,CONT,1.3998,3,,,,,,,,,,,,,,,,
603290_SH.SH,20260630,CONT,-20.5931,3,,,,,,,,,,,,,,,,
300245.SZ,20260601,EVENT,-2.2301,0,20260601,6.66,20260604,6.538,SL_HIT,3,14.42,6.538,1.834,6.606606606606591,-4.95495495495496,3.6023391812865357,-2.701754385964911,-1.0,insider-event,
603899.SH,20260601,EVENT,-9.8899,0,20260601,22.82,20260622,20.65,SL_HIT,14,25.186,20.65,9.509,3.4203203400600346,-10.164552246981751,0.3596892590276171,-1.068929194509364,-1.0,insider-event,
605507.SH,20260603,EVENT,-3.1946,0,20260603,15.484,20260625,15.05,TIME_STOP,15,16.964,14.764,4.645,6.6935338035082115,-4.414993929060429,1.4409597394085008,-0.9504439192007472,-0.603,insider-event,
600585.SH,20260603,EVENT,-4.9084,0,20260603,19.325,20260608,18.452,SL_HIT,3,22.98,18.452,4.518,-0.95628415300546,-5.096042391124356,-0.21168038487342566,-1.1280456873557925,-1.0,insider-event,
002637.SZ,20260603,EVENT,1.0045,0,20260603,12.499,20260608,12.499,BE,3,13.395,9.522,23.812,6.930693069306937,-2.030203020302035,0.2910541789164219,-0.0852582948341035,0.0,insider-event,
600179.SH,20260603,EVENT,4.5809,0,20260603,4.346,20260605,4.62,TP2_RUNNER,2,4.62,4.189,3.608,9.75357216815076,2.1605577414233634,2.7031975949713027,0.5987974856518221,1.747,insider-event,
300583.SZ,20260604,EVENT,-1.8729,0,20260604,12.469,20260605,12.285,SL_GAP,1,15.865,12.394,0.602,1.9724838700622582,-2.83943042974405,3.2740325187791033,-4.713036036892671,-2.45,insider-event,
000100.SZ,20260604,EVENT,1.1383,0,20260604,4.604,20260608,4.604,BE,2,4.84,3.923,14.785,9.91636798088409,-1.8138372977082873,0.6706894742365396,-0.12267814041347612,0.0,insider-event,
000409.SZ,20260604,EVENT,-4.5264,0,20260604,9.524,20260610,9.13,SL_HIT,4,10.8,9.13,4.135,2.165102165102173,-4.764904764904754,0.5236160487557147,-1.152361604875567,-1.0,insider-event,
603858.SH,20260604,EVENT,-3.5877,0,20260604,14.84,20260610,14.366,SL_HIT,4,16.75,14.366,3.194,0.807946038099483,-3.639463345934324,0.25293834006389326,-1.139382797902478,-1.0,insider-event,
688377.SH,20260604,EVENT,-9.5393,0,20260604,31.373,20260605,28.5,SL_GAP,1,37.292,29.079,7.311,-5.237289270107192,-12.026545033802838,-0.7163847227066614,-1.6450558074642465,-1.253,insider-event,
300611.SZ,20260605,EVENT,-0.3183,0,20260605,25.75,20260616,25.75,BE,7,29.83,23.598,8.356,9.90333943044439,-0.34912756942745427,1.185163791844268,-0.04178119481071319,0.0,insider-event,
301078.SZ,20260605,EVENT,-2.1953,0,20260605,8.187,20260608,8.04,SL_GAP,1,9.89,8.184,0.041,-0.2113028715205134,-5.096918398006656,-5.13135593220578,-123.77542372887808,-43.691,insider-event,
688278.SH,20260605,EVENT,9.9354,0,20260605,53.559,20260612,59.845,TP2_RUNNER,5,59.845,53.074,0.905,13.295617916690006,1.6262439552642949,14.691128794577159,1.7969348659004016,12.968,insider-event,
688513.SH,20260605,EVENT,-2.2323,0,20260605,46.391,20260608,45.54,SL_HIT,1,67.966,45.54,1.836,2.0447755402941192,-2.589704126195802,1.1136043469511063,-1.4103776749178258,-1.0,insider-event,
605507.SH,20260605,EVENT,-8.4015,0,20260605,15.84,20260629,14.57,SL_GAP,15,16.964,14.659,7.459,4.292929292929282,-9.469696969696972,0.5755395683453224,-1.2695725772323323,-1.075,insider-event,
000055.SZ,20260609,EVENT,7.7806,0,20260609,3.534,20260615,3.83,TP2_RUNNER,4,3.83,3.226,8.711,8.932461873638342,1.0101010101010166,1.025428054382627,0.11595749617187212,0.96,insider-event,
600679.SH,20260608,EVENT,-10.6,0,20260608,10.402,20260611,9.339,SL_HIT,3,12.157,9.339,10.221,-0.8164830949641044,-11.872123730884566,-0.07988567604719651,-1.161582690697808,-1.0,insider-event,
688606.SH,20260608,EVENT,-7.2355,0,20260608,49.154,20260617,45.787,SL_HIT,7,61.38,45.787,6.849,-0.08849827580945657,-8.226270764035116,-0.012920609326601116,-1.201022616370348,-1.0,insider-event,
000055.SZ,20260610,EVENT,0.9652,0,20260610,3.663,20260618,3.663,BE,6,4.44,3.221,12.055,5.10510510510509,-2.5389025389025544,0.423487544483984,-0.21061145260433617,0.0,insider-event,
000100.SZ,20260610,EVENT,2.0876,0,20260610,4.722,20260618,4.84,TP2_RUNNER,6,4.84,4.023,14.804,10.962878258475751,-5.76625796751582,0.7405386627431751,-0.3895087461173771,0.168,insider-event,
002452.SZ,20260610,EVENT,9.4688,0,20260610,11.286,20260625,12.6,TP2_RUNNER,10,12.6,10.149,10.075,17.667907141591343,-8.293460925039875,1.7536277404359544,-0.8231672843771588,1.156,insider-event,
300347.SZ,20260611,EVENT,19.2703,0,20260611,38.253,20260703,45.339,TIME_STOP,15,59.379,37.473,2.039,30.65513699588078,-0.16628930679501996,15.033089938775811,-0.081547249494991,9.085,insider-event,
002332.SZ,20260611,EVENT,0.1146,0,20260611,8.474,20260616,8.474,BE,3,8.91,8.126,4.106,2.190125554611533,-1.1139431700179392,0.5333771245586635,-0.27128664093932126,0.0,insider-event,
600567.SH,20260611,EVENT,-5.2521,0,20260611,1.356,20260612,1.29,SL_HIT,1,1.4,1.29,4.862,6.171201061712006,-4.888299048882994,1.2692807625649916,-1.0054159445407294,-1.0,insider-event,
002661.SZ,20260611,EVENT,-6.3837,0,20260611,7.861,20260617,7.389,SL_HIT,4,9.083,7.389,5.996,1.3917512658066622,-8.403938630638885,0.23211687681861914,-1.4016125121241496,-1.0,insider-event,
002206.SZ,20260611,EVENT,2.0874,0,20260611,5.207,20260629,5.207,BE,11,6.25,5.013,3.743,8.883511925337029,-1.6783807658332317,2.3735248845561894,-0.44843509492047134,0.0,insider-event,
600567.SH,20260612,EVENT,7.0723,0,20260612,1.297,20260616,1.4,TP2_RUNNER,2,1.4,1.288,0.697,11.8050736371347,6.407587323617858,16.930489731438026,9.189573459715877,11.401,insider-event,
603987.SH,20260612,EVENT,-0.934,0,20260612,7.118,20260618,7.08,SL_GAP,4,8.67,7.118,0.003,3.6793526362371987,-0.5352551945041473,1078.4117647095227,-156.88235294170482,-156.882,insider-event,
600187.SH,20260612,EVENT,-7.5824,0,20260612,1.584,20260706,1.47,TIME_STOP,15,1.92,1.137,28.211,2.2727272727272707,-21.085858585858585,0.08056265984654722,-0.7474424552429665,-0.255,insider-event,
601800.SH,20260612,EVENT,-3.3188,0,20260612,6.203,20260617,6.022,SL_HIT,3,7.573,6.022,2.925,4.0303079155247445,-3.7078832822827756,1.377952755905511,-1.2677165354330737,-1.0,insider-event,
688109.SH,20260612,EVENT,3.1232,0,20260612,77.42,20260625,77.42,BE,8,106.75,73.549,5.0,13.588220098165849,-0.3229139757168653,2.7178446207787417,-0.06458756228086289,0.0,insider-event,
300883.SZ,20260616,EVENT,-3.0934,0,20260616,6.326,20260622,6.155,SL_HIT,3,8.0,6.155,2.699,4.645832345362866,-4.838684181407182,1.7213018741633241,-1.79275435073628,-1.0,insider-event,
301223.SZ,20260616,EVENT,-2.6463,0,20260616,16.78,20260617,16.402,SL_HIT,1,20.003,16.402,2.251,-1.0727056019070313,-4.290822407628148,-0.4765506807866849,-1.9062027231467493,-1.0,insider-event,
300193.SZ,20260616,EVENT,-6.1123,0,20260616,8.316,20260708,7.84,TIME_STOP,15,8.66,6.971,16.173,-0.19240019240018835,-10.17316017316019,-0.011896542567316115,-0.6290296882468539,-0.354,insider-event,
301333.SZ,20260616,EVENT,14.4473,0,20260616,45.442,20260708,51.98,TIME_STOP,15,70.081,42.623,6.204,23.102003235333648,-1.0144582136477842,3.723749305148402,-0.16351777071848672,2.319,insider-event,
300082.SZ,20260616,EVENT,-14.6459,0,20260616,9.67,20260708,8.29,SL_HIT,15,13.25,8.29,14.275,5.480868665977234,-18.407445708376425,0.38395860284605376,-1.289521345407505,-1.0,insider-event,
300347.SZ,20260615,EVENT,0.5654,0,20260615,39.302,20260622,39.302,BE,4,46.849,37.495,4.598,4.903031677005831,-2.3485058397776593,1.0662283901677916,-0.5107133230627939,0.0,insider-event,
300871.SZ,20260615,EVENT,9.0468,0,20260615,22.281,20260707,24.39,TIME_STOP,15,28.571,19.131,14.138,10.722139939859087,-4.488128899061983,0.7584126984126999,-0.31746031746031766,0.67,insider-event,
300791.SZ,20260615,EVENT,-4.8095,0,20260615,17.0,20260626,16.249,SL_HIT,8,18.851,16.249,4.418,5.1764705882352935,-7.058823529411762,1.1715481171548134,-1.5975656143020178,-1.0,insider-event,
002758.SZ,20260615,EVENT,-2.99,0,20260615,7.885,20260617,7.68,SL_HIT,2,8.605,7.68,2.595,1.775523145212432,-2.7901077996195234,0.6841186736474716,-1.0750436300174504,-1.0,insider-event,
600872.SH,20260615,EVENT,-6.592,0,20260615,17.51,20260629,16.424,SL_HIT,9,20.76,16.424,6.205,1.37064534551683,-7.881210736721888,0.2209072978303715,-1.2702169625246549,-1.0,insider-event,
002223.SZ,20260615,EVENT,-4.0712,0,20260615,25.96,20260618,25.005,SL_HIT,3,30.36,25.005,3.679,0.500770416024654,-4.853620955315874,0.1361256544502622,-1.3193717277486945,-1.0,insider-event,
603579.SH,20260615,EVENT,-0.2985,0,20260615,18.72,20260624,18.55,SL_GAP,6,22.34,17.287,7.654,11.538461538461542,-1.1217948717948567,1.5074775672981076,-0.14656031904286954,-0.119,insider-event,
000801.SZ,20260615,EVENT,-1.4207,0,20260615,12.226,20260616,12.101,SL_HIT,1,14.62,12.101,1.023,-0.05316321105793831,-4.1426409847462375,-0.05197030268417158,-4.049685893775014,-1.0,insider-event,
300347.SZ,20260617,EVENT,0.9277,0,20260617,38.847,20260622,38.847,BE,2,46.849,34.475,11.252,6.132813133501225,-0.6374043964196607,0.5450219898053064,-0.056646012993545,0.0,insider-event,
301333.SZ,20260617,EVENT,8.4475,0,20260617,45.135,20260709,47.6,TIME_STOP,15,70.081,42.671,5.46,23.939046094734717,1.4532152256703235,4.3843139550858465,0.2661489421272712,1.0,insider-event,
301263.SZ,20260617,EVENT,-9.2489,0,20260617,19.523,20260626,17.792,SL_HIT,6,23.083,17.792,8.867,5.517651156596393,-9.183108980269218,0.6222812743710469,-1.035671990988128,-1.0,insider-event,
000564.SZ,20260617,EVENT,-4.9047,0,20260617,1.584,20260618,1.512,SL_HIT,1,1.89,1.512,4.514,-2.146464646464652,-9.090909090909093,-0.4755244755244759,-2.013986013986011,-1.0,insider-event,
301097.SZ,20260618,EVENT,-6.2915,0,20260618,36.016,20260710,33.89,TIME_STOP,15,46.336,32.021,11.091,8.229074694165384,-7.958085528179004,0.7419264281742186,-0.7174942737137983,-0.532,insider-event,
603713_SH.SH,20260701,CONT,0.0088,3,,,,,,,,,,,,,,,,
603259_SH.SH,20260702,CONT,2.3434,3,,,,,,,,,,,,,,,,
002860_SZ.SZ,20260710,CONT,7.3574,3,,,,,,,,,,,,,,,,
301087.SZ,20260721,EVENT,3.73,0,20260721,50.193,20260723,52.27,TP2_RUNNER,2,52.27,45.722,8.907,7.3257227103380895,-1.2611320303627993,0.8224373721881375,-0.141583588957055,0.465,insider-event,
301173.SZ,20260721,EVENT,-3.2819,0,20260721,29.136,20260722,28.294,SL_HIT,1,34.35,28.294,2.888,-1.8729599769355176,-5.854329911414524,-0.648550909183519,-2.027182125333198,-1.0,insider-event,
601600.SH,20260721,EVENT,10.2824,0,20260721,9.078,20260811,10.05,TIME_STOP,15,11.07,7.617,16.091,14.558893184847378,0.12887875483293953,0.904778203723986,0.008009309967140433,0.665,insider-event,
688331.SH,20260721,EVENT,-3.6813,0,20260721,121.879,20260727,117.871,SL_HIT,4,157.8,117.871,3.288,8.714469854913354,-4.413315184170519,2.650324572316702,-1.3422179286546898,-1.0,insider-event,
301283.SZ,20260721,EVENT,12.555,0,20260721,23.374,20260811,26.42,TIME_STOP,15,28.44,22.471,3.863,13.203188171421987,-1.3001681362545314,3.418256906864145,-0.3366087534415622,3.374,insider-event,
300143.SZ,20260720,EVENT,5.307,0,20260720,7.009,20260728,7.5,TP2_RUNNER,6,7.5,6.326,9.751,8.42892198824401,-1.9859613079951988,0.8643926093136013,-0.20366190117883043,0.718,insider-event,
301283.SZ,20260720,EVENT,9.5071,0,20260720,23.641,20260810,25.82,TIME_STOP,15,28.44,22.478,4.919,11.838654552222415,-2.4161210090858254,2.406564384773188,-0.49114962719109523,1.873,insider-event,
002340.SZ,20260720,EVENT,9.249,0,20260720,6.237,20260810,6.84,TIME_STOP,15,7.89,6.222,0.232,12.714446047779383,0.5291005291005124,54.6896551724106,2.275862068965313,41.586,insider-event,
301032.SZ,20260722,EVENT,11.8116,0,20260722,8.99,20260812,10.09,TIME_STOP,15,10.98,8.809,2.018,13.348164627363722,-0.22246941045606095,6.6141732283464805,-0.11023622047244078,6.063,insider-event,
002858.SZ,20260722,EVENT,15.8924,0,20260722,10.108,20260812,11.89,TIME_STOP,15,12.76,9.772,3.318,19.213684345907645,-1.2653469068748202,5.79039952295763,-0.3813357185450188,5.313,insider-event,
601799.SH,20260722,EVENT,7.1796,0,20260722,89.15,20260812,95.92,TIME_STOP,15,132.29,85.001,4.653,12.889023494242814,-0.39203809331517236,2.770082482392851,-0.08425602259225691,1.632,insider-event,
000695.SZ,20260722,EVENT,4.2937,0,20260722,12.484,20260724,13.08,TP2_RUNNER,2,13.08,11.057,11.432,6.777529457941833,2.7723708136079495,0.5928747322268725,0.24251736771507162,0.418,insider-event,
002020.SZ,20260722,EVENT,1.3931,0,20260722,13.989,20260812,14.24,TIME_STOP,15,15.88,12.856,8.099,5.799681171231064,-4.851773216953692,0.7160725768828251,-0.5990366793176066,0.222,insider-event,
301026.SZ,20260722,EVENT,24.3347,0,20260722,17.246,20260812,21.52,TIME_STOP,15,25.6,15.768,8.572,34.525507659835995,-3.918635261918857,4.027734559967526,-0.45714672258675637,2.891,insider-event,
600918.SH,20260722,EVENT,-1.1665,0,20260722,5.623,20260812,5.58,TIME_STOP,15,5.78,5.09,9.488,1.8992744344857204,-2.902262057191629,0.2001660017671174,-0.30587164314974896,-0.081,insider-event,
300014.SZ,20260722,EVENT,4.0299,0,20260722,53.668,20260812,56.05,TIME_STOP,15,70.44,49.104,8.505,6.8236320034881,-3.853141263213211,0.8023304945493441,-0.4530567788095889,0.522,insider-event,
300183.SZ,20260723,EVENT,7.8398,0,20260723,9.92,20260813,10.88,TP2_RUNNER,15,10.88,9.136,7.899,9.778225806451623,-1.1088709677419262,1.23792160437557,-0.14038286235186742,1.225,insider-event,
301533.SZ,20260723,EVENT,11.1636,0,20260723,22.88,20260806,25.75,TP2_RUNNER,10,25.75,22.289,2.582,13.72377622377623,-0.7867132867132809,5.315598548972202,-0.30471584038693916,4.859,insider-event,
001322.SZ,20260723,EVENT,-2.3781,0,20260723,5.98,20260724,5.861,SL_HIT,1,6.82,5.861,1.982,2.5152184092581464,-2.1673690547862723,1.2688923707364201,-1.0934072556345733,-1.0,insider-event,
000695.SZ,20260723,EVENT,-0.2131,0,20260723,12.83,20260727,12.77,SL_GAP,2,13.08,11.037,13.971,4.28682774746687,-0.4676539360872978,0.3068340306834027,-0.0334728033472805,-0.033,insider-event,
600382.SH,20260723,EVENT,11.2901,0,20260723,5.72,20260813,6.39,TIME_STOP,15,9.68,5.578,2.485,19.23076923076925,-0.6993006993006978,7.738693467336705,-0.2814070351758792,4.714,insider-event,
002318.SZ,20260723,EVENT,6.8382,0,20260723,18.89,20260813,20.26,TIME_STOP,15,30.58,16.646,11.877,13.552143991529908,-2.1704605611434613,1.1410378860235593,-0.18274434893346064,0.611,insider-event,
688032.SH,20260723,EVENT,6.928,0,20260723,74.854,20260813,80.35,TIME_STOP,15,88.8,72.608,3.001,9.239465144768676,-1.7419266063625205,3.0792377705552036,-0.580532110441855,2.447,insider-event,
301330.SZ,20260724,EVENT,-1.837,0,20260724,21.632,20260727,21.32,SL_GAP,1,29.12,21.344,1.329,6.280193236714959,-1.9485472574717555,4.72404371584692,-1.4657228017883661,-1.083,insider-event,
003008.SZ,20260724,EVENT,-2.2754,0,20260724,16.612,20260727,16.3,SL_GAP,1,18.29,16.362,1.505,1.1304944558818253,-1.8793416886384695,0.7510283363802527,-1.248514625228509,-1.249,insider-event,
001233.SZ,20260724,EVENT,3.5483,0,20260724,43.382,20260814,44.57,TIME_STOP,15,48.3,38.547,11.145,15.232655168757425,-2.977746428225647,1.3667384643567324,-0.2671760461632542,0.246,insider-event,
000695.SZ,20260724,EVENT,-1.2316,0,20260724,13.018,20260728,12.85,SL_GAP,2,13.08,11.023,15.329,2.776817605714954,-2.216077121020077,0.18114463652958301,-0.14456494505887768,-0.084,insider-event,
301446.SZ,20260724,EVENT,18.4604,0,20260724,31.977,20260814,38.02,TIME_STOP,15,44.88,30.285,5.29,24.71463864652721,-5.150576977202359,4.671789891483348,-0.9736097622767381,3.572,insider-event,
300988.SZ,20260724,EVENT,-2.5251,0,20260724,14.81,20260728,14.3,SL_GAP,2,16.51,13.007,12.176,1.4152217360773323,-5.471830605520456,0.11623411604398222,-0.4494090059257855,-0.283,insider-event,
688623.SH,20260724,EVENT,-1.3068,0,20260724,59.717,20260729,59.174,SL_HIT,3,75.23,59.174,0.909,3.7731425662460127,-1.7361948396431126,4.151614856150159,-1.9103471874917803,-1.0,insider-event,
300906.SZ,20260727,EVENT,15.8211,0,20260727,22.34,20260805,26.31,TP2_RUNNER,7,26.31,21.76,2.598,19.024171888988374,1.611459265890769,7.323076923076934,0.620307692307689,6.841,insider-event,
300091.SZ,20260727,EVENT,9.622,0,20260727,2.39,20260817,2.63,TIME_STOP,15,2.85,2.142,10.371,12.133891213389125,0.0,1.1700288184438048,0.0,0.968,insider-event,
002340.SZ,20260727,EVENT,2.0644,0,20260727,6.48,20260817,6.64,TIME_STOP,15,7.89,6.03,6.95,8.487654320987659,-0.30864197530865445,1.2212529738302926,-0.044409199048376057,0.355,insider-event,
002722.SZ,20260727,EVENT,8.188,0,20260727,11.52,20260804,12.52,TP2_RUNNER,6,12.52,11.412,0.933,12.500000000000021,2.430555555555558,13.395348837209335,2.604651162790702,9.302,insider-event,
002318.SZ,20260727,EVENT,3.9686,0,20260727,18.711,20260817,19.53,TIME_STOP,15,30.58,16.633,11.105,14.63844797178131,2.506546950991395,1.3182302588607384,0.22572106294475577,0.394,insider-event,
002020.SZ,20260727,EVENT,5.0271,0,20260727,13.325,20260817,14.05,TIME_STOP,15,15.88,13.1,1.694,11.06608432017051,0.7849670553979671,6.5317977599190105,0.4633297475162977,3.21,insider-event,
300925.SZ,20260728,EVENT,7.7715,0,20260728,13.751,20260731,14.97,TP2_RUNNER,3,14.97,13.218,3.875,14.463570187112307,2.682694475351055,3.732319982842737,0.6922685110717891,2.287,insider-event,
301252.SZ,20260728,EVENT,17.3402,0,20260728,28.75,20260818,33.86,TIME_STOP,15,48.0,22.058,23.275,19.8277541252748,-9.28569440966135,0.8519012717844059,-0.3989607106791888,0.764,insider-event,
002929.SZ,20260728,EVENT,-13.7508,0,20260728,50.767,20260730,43.976,SL_HIT,2,74.17,43.976,13.378,-1.8066783277391751,-15.023873682220025,-0.13505145097643295,-1.1230532347224673,-1.0,insider-event,
002888.SZ,20260728,EVENT,12.4718,0,20260728,15.731,20260818,17.76,TIME_STOP,15,23.22,12.871,18.183,20.525583080649177,-2.613294683779266,1.1288337736668892,-0.14372187567111333,0.709,insider-event,
300467.SZ,20260728,EVENT,7.6714,0,20260728,32.73,20260818,35.23,TIME_STOP,15,39.38,25.975,20.64,18.11793461655973,-6.813321112129533,0.8778218345228656,-0.3301083795929152,0.37,insider-event,
301662.SZ,20260728,EVENT,8.5469,0,20260728,67.132,20260818,73.15,TIME_STOP,15,131.007,55.139,17.865,10.915972883234337,-3.771530375276144,0.6110328906931195,-0.21111531992548063,0.502,insider-event,
301439.SZ,20260728,EVENT,7.9092,0,20260728,14.216,20260818,15.4,TIME_STOP,15,18.38,12.032,15.367,15.078360203708385,-1.4518443487802846,0.9812258456870445,-0.09447892076404482,0.542,insider-event,
301290.SZ,20260728,EVENT,15.0866,0,20260728,25.61,20260817,30.1,TP2_RUNNER,14,30.1,20.814,18.726,18.235064427957838,-5.818039828192112,0.9737861185582375,-0.3106940720881741,0.936,insider-event,
002858.SZ,20260717,EVENT,-5.7828,0,20260717,10.92,20260720,10.331,SL_HIT,1,12.76,10.331,5.394,-1.370916783428111,-8.056082126798358,-0.2541657571127117,-1.493584612772568,-1.0,insider-event,
000923.SZ,20260717,EVENT,8.7403,0,20260717,13.622,20260729,14.87,TP2_RUNNER,8,14.87,11.672,14.319,11.72774254169604,-7.358468404980034,0.8190240437078443,-0.5138893974791829,0.64,insider-event,
002827.SZ,20260717,EVENT,0.168,0,20260717,24.819,20260724,24.819,BE,5,27.96,21.675,12.67,2.5411675591173077,-5.8796984604722935,0.20056240516794996,-0.4640569492018209,0.0,insider-event,
601717.SH,20260717,EVENT,0.4206,0,20260717,15.028,20260722,15.028,BE,3,16.88,13.764,8.41,5.202219826725751,-1.318853888023852,0.6185546036123601,-0.1568144313583656,0.0,insider-event,
688326.SH,20260717,EVENT,-4.9378,0,20260717,67.043,20260720,63.994,SL_HIT,1,73.98,63.994,4.547,-0.8245479007440104,-7.372603769532294,-0.18133423306903745,-1.6213799696339164,-1.0,insider-event,
300690.SZ,20260729,EVENT,-0.5519,0,20260729,20.99,20260731,20.82,SL_GAP,2,24.67,18.106,13.741,3.09671272034302,-0.8099094807050844,0.2253590886577514,-0.0589400693412571,-0.059,insider-event,
301248.SZ,20260729,EVENT,20.7991,0,20260729,54.717,20260819,66.34,TIME_STOP,15,89.49,44.274,19.085,31.804749137841238,-11.947409685784937,1.6664441437953732,-0.6259974200114634,1.113,insider-event,
301305.SZ,20260729,EVENT,23.3619,0,20260729,20.176,20260819,24.98,TIME_STOP,15,33.19,18.155,10.02,24.701380834845033,1.6048611730653084,2.4653272936703714,0.16017355786557894,2.376,insider-event,
603920.SH,20260729,EVENT,24.8195,0,20260729,32.482,20260819,40.69,TIME_STOP,15,62.49,30.521,6.038,28.687053405127138,-5.116387896028263,4.7512583495407235,-0.847395526030173,4.185,insider-event,
002931.SZ,20260729,EVENT,23.7135,0,20260729,44.144,20260819,54.81,TIME_STOP,15,83.57,37.608,14.807,26.109717946452648,-8.436234966847211,1.7633830706587663,-0.5697615711953348,1.632,insider-event,
002820.SZ,20260729,EVENT,8.2918,0,20260729,8.326,20260804,9.15,TP2_RUNNER,4,9.15,7.459,10.417,12.059957482074001,0.7698867389711594,1.15769275114061,0.07390509446082351,0.95,insider-event,
600580.SH,20260729,EVENT,26.4268,0,20260729,29.49,20260819,37.87,TIME_STOP,15,39.49,26.449,10.311,32.519498134961,-2.9840623940318722,3.153864223631667,-0.2894056847545219,2.756,insider-event,
688162.SH,20260729,EVENT,12.2502,0,20260729,20.67,20260819,23.29,TIME_STOP,15,26.441,18.426,10.858,16.110304789550067,-0.5805515239477588,1.4837683004455766,-0.053469127943985534,1.167,insider-event,
002722.SZ,20260729,EVENT,3.8525,0,20260729,12.0,20260804,12.52,TP2_RUNNER,4,12.52,11.2,6.667,8.000000000000007,0.5833333333333357,1.2,0.08750000000000027,0.65,insider-event,
002023.SZ,20260729,EVENT,18.0403,0,20260729,8.93,20260819,10.58,TIME_STOP,15,14.18,7.805,12.598,29.115341545352734,-0.33594624860021627,2.3111111111111087,-0.026666666666666033,1.467,insider-event,
002812.SZ,20260729,EVENT,10.9935,0,20260729,51.797,20260819,57.71,TIME_STOP,15,72.5,45.134,12.863,14.138325147499465,-1.0363574583758028,1.0991646225363236,-0.08057018371442758,0.888,insider-event,
688429.SH,20260729,EVENT,13.9964,0,20260729,9.13,20260810,10.57,TP2_RUNNER,8,10.57,8.517,6.713,23.767798466593646,0.4381161007666945,3.5407925407925407,0.06526806526806396,2.35,insider-event,
600382.SH,20260729,EVENT,-0.7192,0,20260729,6.25,20260819,6.23,TIME_STOP,15,9.68,5.122,18.046,9.119999999999994,-2.8799999999999937,0.5053831538948699,-0.1595946801773271,-0.018,insider-event,
601799.SH,20260729,EVENT,-0.6997,0,20260729,93.09,20260819,92.81,TIME_STOP,15,132.29,83.891,9.882,8.110779173206062,-5.220448664030486,0.8207752718079172,-0.5282865036362692,-0.03,insider-event,
603390.SH,20260729,EVENT,8.2803,0,20260729,9.52,20260819,10.3,TIME_STOP,15,11.11,8.326,12.545,11.239495798319332,-0.9453781512605008,0.8959330143540661,-0.07535885167464079,0.653,insider-event,
002778.SZ,20260729,EVENT,10.4939,0,20260729,14.315,20260819,15.92,TIME_STOP,15,16.6,12.635,11.736,14.631795129720437,-4.0194475879123175,1.2467539093390463,-0.3424912629779849,0.955,insider-event,
688638.SH,20260729,EVENT,14.7536,0,20260729,27.918,20260810,33.0,TP2_RUNNER,8,33.0,23.521,15.751,18.883874203023133,3.445805573465144,1.198921412559696,0.21877131997011132,1.156,insider-event,
603091.SH,20260729,EVENT,8.2431,0,20260729,46.2,20260819,49.13,TIME_STOP,15,52.85,39.669,14.137,14.632034632034618,0.0,1.035052222890577,0.0,0.449,insider-event,
603135.SH,20260729,EVENT,9.6671,0,20260729,8.593,20260819,9.46,TIME_STOP,15,15.2,7.617,11.358,12.530838337289962,-1.899176092724475,1.1032140975352742,-0.16720332533224005,0.888,insider-event,
600186.SH,20260729,EVENT,51.719,0,20260729,8.474,20260819,12.9,TIME_STOP,15,15.93,7.099,16.231,57.88728405550834,-9.37411498159163,3.566486295607735,-0.5775474382809014,3.218,insider-event,
688153.SH,20260730,EVENT,3.268,0,20260730,24.615,20260820,25.52,TIME_STOP,15,35.994,21.543,12.48,12.531362531362532,-2.564902564902549,1.0040903028758614,-0.20551586364168914,0.294,insider-event,
300095.SZ,20260730,EVENT,-2.6315,0,20260730,8.009,20260820,7.83,TIME_STOP,15,9.38,6.674,16.666,7.627573634990181,-2.4859222634253553,0.4576666630991995,-0.1491593266050923,-0.134,insider-event,
002931.SZ,20260730,EVENT,13.9877,0,20260730,43.114,20260820,49.33,TIME_STOP,15,83.57,37.719,12.515,29.121293300397788,-0.7294529682589479,2.3268469613332785,-0.05828468554333364,1.152,insider-event,
301306.SZ,20260730,EVENT,10.1325,0,20260730,80.685,20260820,89.2,TIME_STOP,15,181.96,70.753,12.31,33.85387618516453,-3.017909152878484,2.750161812297737,-0.24516361021215458,0.857,insider-event,
300183.SZ,20260730,EVENT,5.7276,0,20260730,10.118,20260813,10.88,TP2_RUNNER,10,10.88,8.802,13.007,7.632093933463802,0.31825100318250144,0.5867717458559937,0.0244678194982679,0.579,insider-event,
300906.SZ,20260730,EVENT,-0.3593,0,20260730,25.146,20260803,25.146,BE,2,26.31,19.963,20.611,3.3961663882923876,-2.3701582756700756,0.16477625105086977,-0.1149960721619643,0.0,insider-event,
688623.SH,20260730,EVENT,-3.3958,0,20260730,60.816,20260820,58.99,TIME_STOP,15,75.23,51.466,15.374,7.192715039044195,-4.498344999728687,0.4678581578488988,-0.292599858817921,-0.195,insider-event,
603031.SH,20260730,EVENT,6.5825,0,20260730,35.749,20260820,38.25,TIME_STOP,15,55.9,33.805,5.438,24.535300386865067,0.7303721233380633,4.512114820721235,0.13431760893050107,1.287,insider-event,
002203.SZ,20260730,EVENT,6.4547,0,20260730,17.582,20260820,18.37,TIME_STOP,15,26.99,15.672,10.863,19.210119210119213,1.1238511238511384,1.7684695533797565,0.10346091418398991,0.412,insider-event,
001205.SZ,20260730,EVENT,4.6693,0,20260730,13.25,20260817,14.1,TP2_RUNNER,12,14.1,11.964,9.704,8.377358490566023,-0.30188679245282124,0.8633333333333325,-0.031111111111110215,0.661,insider-event,
605588.SH,20260730,EVENT,17.1005,0,20260730,39.818,20260820,46.8,TIME_STOP,15,72.0,32.712,17.845,25.446408390217456,-1.3004234287178118,1.4259342656555354,-0.07287151484933548,0.983,insider-event,
600580.SH,20260730,EVENT,18.0754,0,20260730,29.334,20260820,34.08,TIME_STOP,15,39.49,26.527,9.569,33.22560740718012,3.39643481729206,3.4722471040899,0.3549449319028526,1.691,insider-event,
600382.SH,20260730,EVENT,-2.9344,0,20260730,6.3,20260820,6.14,TIME_STOP,15,9.68,5.134,18.503,5.0793650793650835,-3.650793650793649,0.2745098039215689,-0.1973039215686274,-0.137,insider-event,
002079.SZ,20260730,EVENT,5.8669,0,20260730,8.92,20260820,9.48,TIME_STOP,15,15.2,7.522,15.666,14.46316662742857,-1.4562943530757155,0.9232145412909695,-0.09295835122370169,0.401,insider-event,
603088.SH,20260730,EVENT,-3.8131,0,20260730,9.029,20260820,8.72,TIME_STOP,15,11.19,7.662,15.141,7.877015771752638,-3.752436647173485,0.5202579134923889,-0.2478393997345622,-0.226,insider-event,
688350.SH,20260730,EVENT,1.665,0,20260730,28.334,20260820,28.92,TIME_STOP,15,37.05,20.348,28.184,8.951146686995749,-7.74269600265407,0.3175972421738455,-0.2747199865471893,0.073,insider-event,
301252.SZ,20260731,EVENT,19.1035,0,20260731,27.53,20260821,32.91,TIME_STOP,15,48.0,22.247,19.189,25.136215038140207,-0.6901561932437406,1.3098972417522985,-0.03596538669551142,1.018,insider-event,
002722.SZ,20260731,EVENT,1.48,0,20260731,12.28,20260804,12.52,TP2_RUNNER,2,12.52,11.207,8.737,5.537459283387625,0.5700325732899136,0.6338215712383496,0.06524633821571373,0.224,insider-event,
301322.SZ,20260731,EVENT,24.4337,0,20260731,32.11,20260821,40.1,TIME_STOP,15,64.7,24.155,24.775,31.765805045157293,-1.8685767673621845,1.282154882154883,-0.0754208754208751,1.004,insider-event,
002050.SZ,20260731,EVENT,-1.4112,0,20260731,36.51,20260821,36.14,TIME_STOP,15,49.41,34.814,4.646,10.791563955080807,-1.670775130101343,2.322526315789478,-0.35957894736842166,-0.218,insider-event,
002023.SZ,20260731,EVENT,9.3972,0,20260731,9.27,20260821,10.18,TIME_STOP,15,14.18,7.836,15.465,24.379719525350584,0.9708737864077666,1.5764823119083202,0.06278026905829592,0.635,insider-event,
603920.SH,20260731,EVENT,15.4651,0,20260731,32.9,20260821,38.13,TIME_STOP,15,62.49,30.579,7.054,27.051671732522784,-6.322188449848021,3.8350261618959682,-0.8962757771622035,2.254,insider-event,
688359.SH,20260731,EVENT,5.2777,0,20260731,90.0,20260821,95.12,TIME_STOP,15,218.0,76.268,15.258,26.255555555555542,-13.888888888888884,1.7207802340702196,-0.9102730819245769,0.373,insider-event,
002203.SZ,20260731,EVENT,5.2694,0,20260731,17.78,20260821,18.37,TIME_STOP,15,26.99,15.699,11.707,17.885264341957253,1.3498312710910954,1.5277968428277258,0.11530542210020418,0.283,insider-event,
301446.SZ,20260731,EVENT,6.3455,0,20260731,33.29,20260821,35.54,TIME_STOP,15,44.88,25.188,24.339,19.795734454791237,-1.6521477921297656,0.813329219376736,-0.06788028386300513,0.278,insider-event,
605588.SH,20260731,EVENT,18.0632,0,20260731,40.0,20260821,47.4,TIME_STOP,15,72.0,32.824,17.94,24.875000000000004,-1.750000000000007,1.3865525307320965,-0.0975464091972333,1.031,insider-event,
002600.SZ,20260731,EVENT,-3.8739,0,20260731,12.64,20260821,12.2,TIME_STOP,15,18.54,10.616,16.009,3.5601265822784667,-6.0126582278481,0.22237910342393125,-0.37557359689375197,-0.217,insider-event,
300687.SZ,20260731,EVENT,23.9498,0,20260731,21.19,20260821,27.98,TIME_STOP,15,32.5,17.434,17.724,45.87069372345445,7.126002831524292,2.5880562951692645,0.40205401293267323,1.808,insider-event,
688657.SH,20260731,EVENT,16.3514,0,20260731,28.24,20260821,32.98,TIME_STOP,15,37.21,24.108,14.631,28.399433427762034,2.6912181303116123,1.9410493560376874,0.18393983922551638,1.147,insider-event,
688755.SH,20260731,EVENT,21.3716,0,20260731,23.03,20260820,28.96,TP2_RUNNER,14,28.96,21.36,7.25,27.789839339991307,2.2145028224055396,3.833155080213902,0.3054545454545428,3.552,insider-event,
003015.SZ,20260731,EVENT,14.9845,0,20260731,10.36,20260821,12.41,TIME_STOP,15,13.25,9.378,9.48,22.7799227799228,0.4826254826254983,2.402909090909092,0.050909090909092534,2.087,insider-event,
603031.SH,20260731,EVENT,8.6906,0,20260731,36.01,20260821,39.29,TIME_STOP,15,55.9,33.851,5.994,23.632324354346036,0.0,3.942422236929191,0.0,1.52,insider-event,
603079.SH,20260731,EVENT,11.0598,0,20260731,10.86,20260811,12.2,TP2_RUNNER,7,12.2,9.667,10.984,13.259668508287303,0.5524861878453136,1.2071856287425156,0.05029940119760566,1.123,insider-event,
300274.SZ,20260804,EVENT,8.3303,0,20260804,105.0,20260825,111.5,TIME_STOP,15,160.26,96.447,8.146,16.39047619047618,-0.8000000000000007,2.012109065096661,-0.09820869347363151,0.76,insider-event,
300232.SZ,20260804,EVENT,-0.0211,0,20260804,5.27,20260825,5.29,TIME_STOP,15,6.01,4.583,13.039,6.261859582542706,-6.072106261859567,0.4802494802494813,-0.4656964656964646,0.029,insider-event,
300095.SZ,20260804,EVENT,-4.8541,0,20260804,8.29,20260825,7.92,TIME_STOP,15,9.38,6.714,19.012,3.9806996381182236,-6.5138721351025275,0.20938137321550018,-0.3426240652617265,-0.235,insider-event,
301252.SZ,20260804,EVENT,10.7607,0,20260804,28.66,20260825,32.96,TIME_STOP,15,42.59,22.415,21.79,22.05163991625958,3.628750872295883,1.012009607686148,0.166533226581265,0.689,insider-event,
301396.SZ,20260804,EVENT,19.8746,0,20260804,157.16,20260825,172.86,TIME_STOP,15,302.98,152.327,3.075,47.62025960804277,5.109442606261139,15.486808070356929,1.6616658044490404,3.249,insider-event,
301322.SZ,20260804,EVENT,15.9548,0,20260804,33.3,20260825,40.17,TIME_STOP,15,64.7,24.184,27.375,27.62762762762765,2.2522522522522515,1.0092461996552275,0.08227550540667605,0.754,insider-event,
300906.SZ,20260803,EVENT,-0.0428,0,20260803,26.0,20260806,26.0,BE,3,26.31,19.94,23.306,2.269230769230779,-1.4615384615384586,0.09736547415571449,-0.06270996640537504,0.0,insider-event,
301265.SZ,20260803,EVENT,17.2113,0,20260803,16.771,20260824,19.73,TIME_STOP,15,32.6,16.108,3.95,30.5856677757504,0.7715883748941499,7.743826428278716,0.19535445467681467,4.468,insider-event,
300684.SZ,20260803,EVENT,55.7025,0,20260803,42.877,20260817,72.5,TP2_RUNNER,10,72.5,39.786,7.209,88.5164272603663,-0.9723184278714103,12.277845302080108,-0.1348673417042918,9.583,insider-event,
301010.SZ,20260803,EVENT,4.9813,0,20260803,15.95,20260810,16.99,TP2_RUNNER,5,16.99,12.782,19.863,9.717868338557988,1.5673981191222541,0.48923458460151037,0.07890880396798544,0.328,insider-event,
002655.SZ,20260803,EVENT,66.4315,0,20260803,22.622,20260824,37.77,TIME_STOP,15,52.72,21.72,3.984,76.24825939924406,0.8774838096501147,19.140694356372833,0.22027584020291746,16.81,insider-event,
002130.SZ,20260803,EVENT,-3.8881,0,20260803,16.88,20260824,16.29,TIME_STOP,15,19.36,14.519,13.987,5.56872037914693,-7.109004739336489,0.39812433822417265,-0.5082438360308574,-0.25,insider-event,
002683.SZ,20260803,EVENT,5.8288,0,20260803,28.04,20260824,29.79,TIME_STOP,15,31.77,24.39,13.017,11.091298145506423,-1.4978601997146845,0.8520547945205484,-0.1150684931506843,0.479,insider-event,
002188.SZ,20260803,EVENT,3.6202,0,20260803,4.99,20260805,5.23,TP2_RUNNER,2,5.23,3.888,22.094,8.21643286573146,2.8056112224448926,0.37188208616780033,0.12698412698412712,0.218,insider-event,
600673.SH,20260803,EVENT,19.732,0,20260803,28.076,20260824,33.74,TIME_STOP,15,39.9,25.206,10.223,35.309370147169886,6.388283398156469,3.4538206178486286,0.6248761963538277,1.973,insider-event,
600252.SH,20260803,EVENT,5.0687,0,20260803,2.19,20260813,2.31,TP2_RUNNER,8,2.31,2.041,6.784,9.589041095890405,-1.82648401826484,1.4134615384615374,-0.26923076923076916,0.808,insider-event,
002787.SZ,20260803,EVENT,13.4488,0,20260803,19.275,20260824,21.95,TIME_STOP,15,34.99,17.66,8.382,23.992882082250343,-6.564359568982048,2.8624266110207337,-0.78314882931315,1.655,insider-event,
688381.SH,20260803,EVENT,22.8637,0,20260803,27.265,20260824,33.62,TIME_STOP,15,55.01,22.78,16.448,39.301511850531455,-5.811931955722804,2.3893769789947834,-0.3533425500602062,1.417,insider-event,
002929.SZ,20260803,EVENT,9.0487,0,20260803,49.01,20260824,53.65,TIME_STOP,15,74.17,44.274,9.663,22.628035094878605,2.2444399102224066,2.3417797888386125,0.23227752639517366,0.98,insider-event,
688258.SH,20260803,EVENT,-3.5921,0,20260803,100.505,20260824,97.29,TIME_STOP,15,147.35,81.991,18.42,17.606323280082158,-10.3823896968105,0.9558064595782519,-0.5636358585609169,-0.174,insider-event,
688716.SH,20260803,EVENT,5.2356,0,20260803,26.21,20260824,27.69,TIME_STOP,15,39.13,23.175,11.58,14.269362838611222,1.7169019458222134,1.2322899505766052,0.14827018121911092,0.488,insider-event,
688755.SH,20260803,EVENT,18.0845,0,20260803,23.67,20260820,28.96,TP2_RUNNER,13,28.96,21.374,9.702,24.33460076045626,3.5910435149978825,2.508242612752717,0.3701399688958,2.304,insider-event,
301120.SZ,20260805,EVENT,-8.3858,0,20260805,15.979,20260826,14.7,TIME_STOP,15,17.04,11.316,29.18,6.3922997008498905,-11.569223836881825,0.21906568171164031,-0.3964801441278029,-0.274,insider-event,
300232.SZ,20260805,EVENT,1.7263,0,20260805,5.356,20260826,5.47,TIME_STOP,15,6.01,4.583,14.427,4.557590694374425,-7.5785582255083135,0.31591110782428616,-0.5253106049400974,0.148,insider-event,
300184.SZ,20260805,EVENT,-1.5632,0,20260805,12.01,20260826,11.87,TIME_STOP,15,18.3,10.269,14.494,10.241465445462117,-5.328892589508749,0.7066064833812069,-0.3676651620845308,-0.08,insider-event,
300802.SZ,20260805,EVENT,13.7811,0,20260805,20.55,20260826,23.47,TIME_STOP,15,25.028,14.424,29.812,16.885644768856434,0.48661800486617945,0.5663985076367022,0.01632272356301735,0.477,insider-event,
300811.SZ,20260805,EVENT,18.7832,0,20260805,63.093,20260826,75.22,TIME_STOP,15,105.0,51.173,18.893,32.86798631220411,4.607981588995247,1.7397293109089411,0.24390422213140434,1.017,insider-event,
688755.SH,20260805,EVENT,13.2862,0,20260805,24.671,20260820,28.96,TP2_RUNNER,11,28.96,21.362,13.411,19.29082153801256,0.11835854532482593,1.438408331390379,0.008825332677045503,1.296,insider-event,
002655.SZ,20260805,EVENT,46.5834,0,20260805,25.49,20260826,37.49,TIME_STOP,15,52.72,21.864,14.224,56.41428010984699,5.727736367202829,3.9661150512214345,0.40267927501970097,3.31,insider-event,
601006.SH,20260805,EVENT,-2.8963,0,20260805,4.841,20260826,4.72,TIME_STOP,15,5.128,4.546,6.087,0.3904071388733943,-3.9474499597198953,0.06413923498327385,-0.64851893149755,-0.411,insider-event,
301120.SZ,20260806,EVENT,-5.7993,0,20260806,15.731,20260827,14.88,TIME_STOP,15,17.04,11.276,28.322,8.066187361341548,-10.177927799073172,0.2848013800312303,-0.359362825729374,-0.191,insider-event,
301396.SZ,20260806,EVENT,3.8444,0,20260806,196.911,20260819,196.0,SL_GAP,9,302.98,114.352,41.927,17.81972566286292,-5.144963968493377,0.4250161572343314,-0.12271192364960554,-0.011,insider-event,
301446.SZ,20260806,EVENT,-1.7939,0,20260806,35.313,20260827,34.82,TIME_STOP,15,44.88,25.235,28.539,12.931954815890911,-5.418071944564796,0.45313811208636745,-0.18985025288607654,-0.049,insider-event,
301360.SZ,20260806,EVENT,8.6007,0,20260806,49.698,20260827,54.18,TIME_STOP,15,76.49,40.89,17.722,22.198076381343302,0.044267374944673143,1.2525485171158168,0.0024978306178891014,0.509,insider-event,
300687.SZ,20260806,EVENT,-6.3248,0,20260806,26.918,20260827,25.32,TIME_STOP,15,32.5,18.846,29.989,14.829798537043848,-7.348587010227325,0.49451304004657826,-0.245045277816613,-0.198,insider-event,
301330.SZ,20260806,EVENT,-2.8721,0,20260806,24.661,20260827,24.05,TIME_STOP,15,29.12,20.644,16.29,1.6994513582229143,-5.721202389207214,0.10432305761113331,-0.3512035361096398,-0.152,insider-event,
688312.SH,20260806,EVENT,4.0215,0,20260806,45.906,20260827,47.94,TIME_STOP,15,98.8,34.535,24.77,18.2844184785095,-2.1920738547868024,0.7381709771522914,-0.08849749863687595,0.179,insider-event,
688251.SH,20260806,EVENT,-5.1427,0,20260806,20.998,20260827,20.0,TIME_STOP,15,29.25,16.337,22.196,7.010701070106995,-7.60980859990762,0.31584996919568487,-0.34284129188084134,-0.214,insider-event,
002787.SZ,20260806,EVENT,1.4997,0,20260806,20.622,20260811,20.622,BE,3,34.99,16.32,20.86,7.459617781269268,-0.5901550308655357,0.3576028081921111,-0.02829114071181118,0.0,insider-event,
603091.SH,20260806,EVENT,2.046,0,20260806,48.72,20260819,48.72,BE,9,52.85,39.843,18.221,8.70279146141215,-1.724137931034475,0.4776311554554233,-0.09462504023173438,0.0,insider-event,
603950.SH,20260806,EVENT,14.4845,0,20260806,57.034,20260827,65.54,TIME_STOP,15,92.87,48.161,15.556,19.858540271663006,-1.6374472024532682,1.2765439811423138,-0.10525815805871389,0.959,insider-event,
300100.SZ,20260807,EVENT,-13.3471,0,20260807,23.027,20260825,20.04,SL_GAP,12,32.42,20.089,12.762,2.747162076482801,-13.407505840867827,0.21525583565852316,-1.0505546427633947,-1.017,insider-event,
300637.SZ,20260807,EVENT,0.9466,0,20260807,8.89,20260819,8.89,BE,8,10.97,6.651,25.182,5.509437357989699,-0.5646667116600335,0.21878070880712644,-0.022423012621718672,0.0,insider-event,
600673.SH,20260807,EVENT,0.4068,0,20260807,32.17,20260828,32.43,TIME_STOP,15,39.9,24.3,24.464,18.091389493316747,-2.5489586571339817,0.7395171537484113,-0.10419313850063557,0.033,insider-event,
688368.SH,20260807,EVENT,19.9477,0,20260807,116.523,20260828,140.28,TIME_STOP,15,231.2,100.991,13.329,29.26203410485484,-4.602524823425414,2.1953348479134673,-0.34529667681496645,1.53,insider-event,
688716.SH,20260807,EVENT,-4.3177,0,20260807,28.769,20260828,27.64,TIME_STOP,15,39.13,23.218,19.297,4.103665700362202,-8.062038137743565,0.21266160243741833,-0.4177937664690378,-0.203,insider-event,
603950.SH,20260807,EVENT,13.8067,0,20260807,57.014,20260828,65.13,TIME_STOP,15,92.87,48.223,15.419,19.900165046891892,-1.603287607802284,1.2906435561506866,-0.10398269636409153,0.923,insider-event,
688395.SH,20260807,EVENT,7.1664,0,20260807,21.503,20260828,22.98,TIME_STOP,15,25.05,17.477,18.722,14.775750134866161,0.21950629685438816,0.7892376045082268,0.011724793822482859,0.367,insider-event,
601777.SH,20260807,EVENT,-1.3541,0,20260807,8.544,20260811,8.42,SL_GAP,2,10.05,6.865,19.653,0.6589650853845441,-3.6717113194517648,0.03353072302482642,-0.1868310446338933,-0.074,insider-event,
001227.SZ,20260807,EVENT,0.0414,0,20260807,2.158,20260827,2.158,BE,14,2.19,2.042,5.394,1.9367991845055998,-2.696691687517383,0.3590624616517336,-0.49993864277825417,0.0,insider-event,
000035.SZ,20260807,EVENT,-4.5918,0,20260807,4.875,20260828,4.67,TIME_STOP,15,5.144,4.124,15.408,2.0357925313246206,-7.400569463932582,0.13212319934877964,-0.4802979181485863,-0.273,insider-event,
688080.SH,20260811,EVENT,6.0944,0,20260811,36.383,20260901,38.75,TIME_STOP,15,45.75,29.841,17.979,7.056964199821358,-3.909846766989622,0.3925197925197934,-0.2174720174720174,0.362,insider-event,
688080.SH,20260810,EVENT,2.3085,0,20260810,36.85,20260831,37.85,TIME_STOP,15,45.75,29.767,19.221,5.698778833107188,-5.128900949796478,0.29649052037111717,-0.2668414683340059,0.141,insider-event,
300727.SZ,20260810,EVENT,2.7291,0,20260810,28.235,20260831,29.12,TIME_STOP,15,39.95,24.686,12.57,6.712284131638957,-7.02962301840282,0.5339966832504137,-0.559242621842245,0.249,insider-event,
300274.SZ,20260810,EVENT,1.5689,0,20260810,113.018,20260819,113.018,BE,7,160.26,97.668,13.582,8.13283500739701,-1.5823972025793998,0.598780126901048,-0.11650402312435637,0.0,insider-event,
600186.SH,20260810,EVENT,15.7158,0,20260810,10.28,20260831,11.94,TIME_STOP,15,15.93,7.347,28.526,30.15564202334633,1.6536964980544688,1.0571184995737433,0.05797101449275341,0.566,insider-event,
000932.SZ,20260810,EVENT,0.9416,0,20260810,3.72,20260831,3.77,TIME_STOP,15,4.01,3.257,12.452,2.1505376344086002,-4.838709677419361,0.17270624518118702,-0.3885890516576717,0.108,insider-event,
688766.SH,20260810,EVENT,1.3835,0,20260810,389.694,20260825,385.05,SL_GAP,11,909.8,255.885,34.337,25.55501923690324,-7.601790842397504,0.7442418482455919,-0.22138785395052274,-0.035,insider-event,
688755.SH,20260810,EVENT,1.6361,0,20260810,27.116,20260821,27.116,BE,9,28.96,21.452,20.888,8.533306780842388,-2.235203440022704,0.40853063355503644,-0.10700999049125107,0.0,insider-event,
300192.SZ,20260812,EVENT,1.5747,0,20260812,13.424,20260814,13.75,TP2_RUNNER,2,13.75,9.746,27.403,13.599118023896771,7.341855129465746,0.4962641937337864,0.26792177330413025,0.089,insider-event,
301308.SZ,20260812,EVENT,-11.0589,0,20260812,413.325,20260902,369.18,TIME_STOP,15,749.88,292.37,29.264,2.9891731688138856,-14.382144801306474,0.10214572758973989,-0.49146521866224924,-0.365,insider-event,
002429.SZ,20260812,EVENT,-0.1555,0,20260812,8.17,20260902,8.19,TIME_STOP,15,12.25,6.857,16.069,8.44553243574051,-6.609547123623017,0.5255712731229594,-0.41131664853101224,0.015,insider-event,
688035.SH,20260812,EVENT,8.3569,0,20260812,62.0,20260902,67.44,TIME_STOP,15,105.25,49.804,19.671,27.145161290322584,-0.6451612903225823,1.3799929717699424,-0.0327984069345204,0.446,insider-event,
301359.SZ,20260813,EVENT,1.9942,0,20260813,16.563,20260818,16.96,TP2_RUNNER,3,16.96,12.816,22.623,3.425166186672457,-1.4653407958847287,0.15140169812687507,-0.06477206440224333,0.106,insider-event,
301396.SZ,20260813,EVENT,-2.487,0,20260813,209.67,20260819,196.0,SL_GAP,4,302.98,117.141,44.131,10.65006915629323,-8.89969952782944,0.24132993156580393,-0.20166666023367202,-0.148,insider-event,
300637.SZ,20260813,EVENT,0.7064,0,20260813,8.94,20260819,8.94,BE,4,9.29,6.685,25.225,4.925221204290997,-1.1152499524592407,0.19525004117729153,-0.04421173996224306,0.0,insider-event,
688525.SH,20260813,EVENT,-0.0072,0,20260813,242.431,20260819,240.55,SL_GAP,4,517.0,186.248,23.175,8.195644784994682,-5.95269915753418,0.35364443073640295,-0.25686068151288316,-0.033,insider-event,
300002.SZ,20260813,EVENT,-3.4383,0,20260813,8.385,20260903,8.13,TIME_STOP,15,9.06,7.322,12.675,1.1293573277044278,-6.860815951725052,0.08910425291682282,-0.5413059841926987,-0.24,insider-event,
002655.SZ,20260813,EVENT,16.5717,0,20260813,32.86,20260903,37.62,TIME_STOP,15,52.72,20.252,38.368,24.071819841752905,-3.590992087644551,0.6273865503370918,-0.093592431023738,0.378,insider-event,
002655.SZ,20260814,EVENT,23.1154,0,20260814,31.7,20260904,38.65,TIME_STOP,15,52.72,20.259,36.091,28.612798818919984,5.994359585864895,0.7927892605583235,0.1660887469860562,0.607,insider-event,
688381.SH,20260814,EVENT,13.9654,0,20260814,33.0,20260904,37.75,TIME_STOP,15,55.01,22.748,31.067,17.303030303030308,-4.696969696969699,0.5569567337838781,-0.15118790496760265,0.463,insider-event,
688035.SH,20260814,EVENT,4.7234,0,20260814,63.7,20260904,66.97,TIME_STOP,15,105.25,49.869,21.712,23.751962323390895,-3.296703296703296,1.0939420544337137,-0.15183597583019157,0.236,insider-event,
300637.SZ,20260820,EVENT,2.9787,0,20260820,8.98,20260831,9.29,TP2_RUNNER,7,9.29,6.759,24.73,10.579064587973264,-2.2271714922049157,0.4277902862656798,-0.0900611128980386,0.14,insider-event,
