symbol,entry_date,src,net_pnl_pct,rank
002102.SZ,20230907,EVENT,6.7205,3
300687.SZ,20230908,EVENT,0.7935,5
603986.SH,20230914,EVENT,3.0049,4
688381.SH,20230913,EVENT,-1.7367,3
603986.SH,20230921,EVENT,1.4738,3
603986.SH,20230920,EVENT,0.0164,4
603551.SH,20230928,EVENT,0.1252,3
301308.SZ,20231009,EVENT,8.5445,4
000935.SZ,20231026,EVENT,4.42,5
000651.SZ,20231030,EVENT,-3.4289,3
601600.SH,20231030,EVENT,-4.0017,3
601600.SH,20231027,EVENT,1.5018,4
300232.SZ,20231101,EVENT,3.8346,5
000651.SZ,20231101,EVENT,-3.2217,3
002102.SZ,20231109,EVENT,-0.0,4
603776.SH,20231109,EVENT,3.0971,3
600636.SH,20231109,EVENT,0.3615,5
301120.SZ,20231114,EVENT,0.6437,3
688005.SH,20231114,EVENT,-4.1777,4
300138.SZ,20231103,EVENT,1.0292,5
301288.SZ,20231115,EVENT,-5.6693,4
301231.SZ,20231117,EVENT,-0.1218,5
300618.SZ,20231117,EVENT,0.22,3
301030.SZ,20231117,EVENT,-7.4529,5
301060.SZ,20231117,EVENT,2.2764,3
001227.SZ,20231117,EVENT,0.8549,3
002959.SZ,20231117,EVENT,1.6194,4
002271.SZ,20231117,EVENT,3.1141,3
002240.SZ,20231117,EVENT,-4.4796,1
603588.SH,20231117,EVENT,-1.684,2
603351.SH,20231117,EVENT,1.926,1
301120.SZ,20231121,EVENT,-7.3025,3
002120.SZ,20231121,EVENT,-0.9323,4
300138.SZ,20231122,EVENT,0.1235,3
301103.SZ,20231122,EVENT,-3.988,3
300232.SZ,20231122,EVENT,-5.917,3
601615.SH,20231122,EVENT,-9.9851,2
688202.SH,20231122,EVENT,-1.0807,1
600585.SH,20231122,EVENT,-2.6772,4
001323.SZ,20231128,EVENT,-1.5831,3
301288.SZ,20231120,EVENT,-4.9062,3
300778.SZ,20231120,EVENT,2.1949,3
300138.SZ,20231120,EVENT,0.4494,2
600177.SH,20231120,EVENT,-4.0052,4
600052.SH,20231120,EVENT,0.2237,4
002092.SZ,20231120,EVENT,0.2955,4
600547.SH,20231120,EVENT,5.9029,4
002956.SZ,20231120,EVENT,0.0209,2
600739.SH,20231120,EVENT,-0.1757,4
601985.SH,20231120,EVENT,-0.0847,2
601766.SH,20231120,EVENT,-3.2437,2
605098.SH,20231120,EVENT,0.1919,3
002605.SZ,20231120,EVENT,1.3693,4
600061.SH,20231120,EVENT,0.2834,4
001330.SZ,20231120,EVENT,3.1071,3
603587.SH,20231120,EVENT,-3.0638,2
600663.SH,20231120,EVENT,3.4865,2
600919.SH,20231120,EVENT,-1.5493,3
600295.SH,20231120,EVENT,4.0776,2
002285.SZ,20231120,EVENT,-4.9753,3
300232.SZ,20231127,EVENT,-3.5106,2
002279.SZ,20231127,EVENT,-1.0403,3
001267.SZ,20231127,EVENT,-3.3621,3
000598.SZ,20231123,EVENT,2.1423,2
002517.SZ,20231123,EVENT,3.7498,4
603551.SH,20231123,EVENT,0.1889,2
601388.SH,20231123,EVENT,-3.0306,2
301179.SZ,20231123,EVENT,-3.2457,3
688211.SH,20231123,EVENT,0.1783,2
300769.SZ,20231205,EVENT,16.0526,4
301195.SZ,20231124,EVENT,-6.2991,2
301029.SZ,20231124,EVENT,-2.5842,2
603081.SH,20231124,EVENT,-4.5913,3
002126.SZ,20231124,EVENT,-5.0777,4
601678.SH,20231124,EVENT,-3.1623,2
002472.SZ,20231124,EVENT,-3.8298,2
605196.SH,20231124,EVENT,0.1263,3
300947.SZ,20231129,EVENT,-1.5171,3
300631.SZ,20231129,EVENT,-2.6372,3
002493.SZ,20231129,EVENT,0.9633,2
601827.SH,20231129,EVENT,-1.9432,3
601615.SH,20231129,EVENT,-6.1299,3
002408.SZ,20231129,EVENT,-0.4643,3
601016.SH,20231129,EVENT,0.189,3
002142.SZ,20231204,EVENT,7.3282,4
688073.SH,20231204,EVENT,-4.1937,2
002518.SZ,20231204,EVENT,7.815,3
605020.SH,20231204,EVENT,-3.5013,3
000889.SZ,20231204,EVENT,-1.8053,3
603212.SH,20231204,EVENT,3.7025,2
605399.SH,20231204,EVENT,1.9308,3
600637.SH,20231201,EVENT,0.8638,2
603566.SH,20231201,EVENT,4.7366,2
002946.SZ,20231130,EVENT,-1.1956,3
002085.SZ,20231130,EVENT,-7.6496,2
002966.SZ,20231130,EVENT,-0.3912,4
002396.SZ,20231130,EVENT,1.3159,2
002240.SZ,20231130,EVENT,3.3723,3
000422.SZ,20231130,EVENT,2.6212,3
001231.SZ,20231130,EVENT,-2.8689,2
300124.SZ,20231212,EVENT,-1.4536,3
300982.SZ,20231212,EVENT,5.2113,3
300993.SZ,20231212,EVENT,5.4784,2
301382.SZ,20231212,EVENT,-6.6725,3
605303.SH,20231212,EVENT,0.7588,2
688184.SH,20231212,EVENT,1.3242,4
688035.SH,20231212,EVENT,-2.4484,1
002625.SZ,20231212,EVENT,-4.2642,5
002208.SZ,20231212,EVENT,0.26,4
002709.SZ,20231212,EVENT,13.2028,3
300943.SZ,20231212,EVENT,1.7855,5
000779.SZ,20231212,EVENT,1.7881,4
002560.SZ,20231212,EVENT,1.1835,3
002254.SZ,20231212,EVENT,-4.2579,6
002724.SZ,20231212,EVENT,-0.4987,3
300014.SZ,20231212,EVENT,6.5344,3
300481.SZ,20231212,EVENT,0.4397,3
601717.SH,20231212,EVENT,0.6786,4
688090.SH,20231212,EVENT,1.2557,3
688290.SH,20231212,EVENT,11.1036,3
688420.SH,20231212,EVENT,1.2379,3
603901.SH,20231206,EVENT,1.9906,3
300390.SZ,20231206,EVENT,7.0408,3
002408.SZ,20231206,EVENT,5.7421,3
300769.SZ,20231211,EVENT,12.386,5
300618.SZ,20231211,EVENT,1.7968,4
301103.SZ,20231211,EVENT,3.9267,3
601668.SH,20231211,EVENT,2.3647,4
000656.SZ,20231211,EVENT,14.4294,4
000404.SZ,20231211,EVENT,1.5377,1
002271.SZ,20231211,EVENT,10.9197,2
603051.SH,20231211,EVENT,2.6551,4
002594.SZ,20231207,EVENT,17.0628,4
000921.SZ,20231207,EVENT,3.402,3
002074.SZ,20231207,EVENT,-4.1079,5
600143.SH,20231207,EVENT,0.617,3
301168.SZ,20231207,EVENT,-3.3677,4
001289.SZ,20231207,EVENT,-1.0482,1
000886.SZ,20231207,EVENT,0.5163,3
002283.SZ,20231207,EVENT,2.384,3
600588.SH,20231207,EVENT,7.2105,3
688089.SH,20231207,EVENT,4.0828,3
688400.SH,20231207,EVENT,9.6553,3
601678.SH,20231207,EVENT,0.2917,3
601003.SH,20231207,EVENT,-1.0352,3
002876.SZ,20231208,EVENT,-0.2046,1
002120.SZ,20231208,EVENT,8.709,3
002606.SZ,20231208,EVENT,-2.3054,2
002857.SZ,20231208,EVENT,0.047,2
000555.SZ,20231208,EVENT,-2.1048,1
002102.SZ,20231208,EVENT,-1.7898,3
605399.SH,20231208,EVENT,4.8692,3
300666.SZ,20231219,EVENT,0.0973,5
300771.SZ,20231214,EVENT,-2.5266,4
300203.SZ,20231214,EVENT,3.6855,1
300080.SZ,20231214,EVENT,2.8243,3
300618.SZ,20231214,EVENT,7.3721,2
000703.SZ,20231214,EVENT,3.3861,3
600266.SH,20231214,EVENT,-2.766,4
002446.SZ,20231214,EVENT,4.5606,3
600048.SH,20231214,EVENT,5.8553,4
001267.SZ,20231214,EVENT,1.1212,2
600703.SH,20231214,EVENT,-4.6682,3
300046.SZ,20231214,EVENT,1.8411,3
301023.SZ,20231213,EVENT,0.9607,4
300806.SZ,20231213,EVENT,5.1404,4
300943.SZ,20231213,EVENT,1.3289,3
001301.SZ,20231213,EVENT,12.2343,5
002340.SZ,20231213,EVENT,5.8309,3
301300.SZ,20231213,EVENT,0.79,1
002637.SZ,20231213,EVENT,-2.588,3
600048.SH,20231213,EVENT,3.7095,5
603156.SH,20231213,EVENT,7.336,6
688565.SH,20231213,EVENT,1.1265,2
600967.SH,20231213,EVENT,0.7236,2
000927.SZ,20231213,EVENT,-2.4592,2
600703.SH,20231213,EVENT,-2.7838,3
300687.SZ,20231213,EVENT,-6.5774,3
688489.SH,20231213,EVENT,-11.8173,1
600704.SH,20231213,EVENT,-2.5863,3
603688.SH,20231218,EVENT,16.7004,7
000568.SZ,20231218,EVENT,18.752,7
000725.SZ,20231218,EVENT,4.3789,3
002985.SZ,20231218,EVENT,-6.6077,3
600048.SH,20231218,EVENT,-9.4658,4
688035.SH,20231218,EVENT,2.5566,3
300021.SZ,20231218,EVENT,-2.3562,3
002946.SZ,20231218,EVENT,11.1217,2
301115.SZ,20231218,EVENT,-1.9025,4
600703.SH,20231218,EVENT,-2.4397,4
605399.SH,20231218,EVENT,9.2173,4
600522.SH,20231218,EVENT,3.5718,4
002568.SZ,20231218,EVENT,-1.6518,3
002985.SZ,20231215,EVENT,3.1165,3
300450.SZ,20231215,EVENT,9.6226,3
000858.SZ,20231215,EVENT,13.9096,5
002410.SZ,20231215,EVENT,12.942,5
688275.SH,20231215,EVENT,-0.0907,2
688187.SH,20231215,EVENT,-0.8731,3
002568.SZ,20231215,EVENT,6.7709,4
600048.SH,20231215,EVENT,4.6344,4
600219.SH,20231215,EVENT,-2.2899,4
002073.SZ,20231215,EVENT,1.0561,3
600522.SH,20231215,EVENT,1.2587,3
300397.SZ,20231226,EVENT,1.4894,2
301115.SZ,20231226,EVENT,1.1652,4
300252.SZ,20231226,EVENT,2.2523,2
000422.SZ,20231226,EVENT,11.5467,6
300358.SZ,20231226,EVENT,2.5595,4
600293.SH,20231226,EVENT,2.7136,6
002555.SZ,20231226,EVENT,15.2913,4
001212.SZ,20231226,EVENT,0.1602,4
300993.SZ,20231222,EVENT,-1.9224,4
301382.SZ,20231222,EVENT,-1.3782,4
301305.SZ,20231222,EVENT,-1.8006,5
002261.SZ,20231222,EVENT,3.3464,3
300888.SZ,20231222,EVENT,-1.3861,3
002560.SZ,20231222,EVENT,0.328,3
688018.SH,20231222,EVENT,0.4883,2
002857.SZ,20231222,EVENT,-1.8939,3
603267.SH,20231222,EVENT,4.5852,5
688189.SH,20231222,EVENT,3.613,3
600549.SH,20231222,EVENT,1.9015,3
000411.SZ,20231222,EVENT,0.4871,2
688087.SH,20231222,EVENT,-3.8833,4
603889.SH,20231222,EVENT,-3.9628,8
603737.SH,20231222,EVENT,0.1573,2
603713.SH,20231222,EVENT,1.984,5
688258.SH,20231222,EVENT,7.3014,4
300943.SZ,20231221,EVENT,-2.8374,3
000589.SZ,20231221,EVENT,2.1598,4
000404.SZ,20231221,EVENT,0.0406,1
002029.SZ,20231221,EVENT,1.337,3
000513.SZ,20231221,EVENT,0.0083,4
002283.SZ,20231221,EVENT,3.7754,4
600888.SH,20231221,EVENT,5.6875,4
603195.SH,20231221,EVENT,1.0073,3
688035.SH,20231221,EVENT,7.7822,2
603657.SH,20231221,EVENT,3.3176,3
603688.SH,20231221,EVENT,16.53,2
603931.SH,20231221,EVENT,0.0339,3
600313.SH,20231221,EVENT,-3.321,3
002254.SZ,20231221,EVENT,5.8065,4
603588.SH,20231221,EVENT,5.0987,2
300982.SZ,20231220,EVENT,11.2461,2
300481.SZ,20231220,EVENT,-1.3673,4
300835.SZ,20231220,EVENT,2.0522,3
301168.SZ,20231220,EVENT,0.0757,2
000703.SZ,20231220,EVENT,-0.0503,6
000975.SZ,20231220,EVENT,6.4667,1
301115.SZ,20231220,EVENT,-1.637,3
301305.SZ,20231220,EVENT,-1.7628,5
688061.SH,20231220,EVENT,-5.1302,3
002170.SZ,20231220,EVENT,-1.9524,2
300477.SZ,20231220,EVENT,3.2487,4
000969.SZ,20231220,EVENT,1.7454,3
002111.SZ,20231220,EVENT,-1.6904,3
300687.SZ,20231220,EVENT,-1.566,4
600433.SH,20231220,EVENT,-3.342,2
002968.SZ,20231220,EVENT,-2.3598,3
002568.SZ,20231220,EVENT,-0.4947,4
002335.SZ,20231220,EVENT,2.9622,3
002978.SZ,20231220,EVENT,-0.7867,5
002345.SZ,20231220,EVENT,1.5937,2
000404.SZ,20231220,EVENT,-2.1152,1
603237.SH,20231220,EVENT,-1.8169,3
603077.SH,20231220,EVENT,3.9012,2
600600.SH,20231220,EVENT,15.961,3
603876.SH,20231220,EVENT,11.6263,4
301190.SZ,20231225,EVENT,6.0466,4
300515.SZ,20231225,EVENT,0.295,2
605060.SH,20231225,EVENT,2.1414,4
603216.SH,20231225,EVENT,-3.3551,4
603267.SH,20231225,EVENT,1.9549,5
002185.SZ,20231225,EVENT,2.1708,4
688073.SH,20231225,EVENT,7.168,4
300138.SZ,20231225,EVENT,-5.463,3
000589.SZ,20231225,EVENT,0.9352,3
600884.SH,20231225,EVENT,2.5446,5
688018.SH,20231225,EVENT,1.3382,2
600487.SH,20231225,EVENT,-0.1935,3
300068.SZ,20231228,EVENT,16.528,3
300551.SZ,20231228,EVENT,23.4612,6
002179.SZ,20231228,EVENT,0.2465,3
001323.SZ,20231228,EVENT,-1.7279,6
688576.SH,20231228,EVENT,10.8921,4
002558.SZ,20231228,EVENT,6.3349,1
600765.SH,20231228,EVENT,-6.3981,4
000555.SZ,20231228,EVENT,3.4234,2
600329.SH,20231228,EVENT,1.116,2
300171.SZ,20231228,EVENT,1.6337,4
300989.SZ,20231228,EVENT,17.7618,2
002148.SZ,20231228,EVENT,4.2522,1
603456.SH,20231228,EVENT,6.3297,3
603363.SH,20231228,EVENT,32.0793,3
688189.SH,20231228,EVENT,8.0999,3
603267.SH,20231228,EVENT,-4.9293,4
688290.SH,20231228,EVENT,2.8335,1
600633.SH,20231227,EVENT,14.877,2
600406.SH,20231227,EVENT,3.7424,3
002724.SZ,20231227,EVENT,0.7228,4
002812.SZ,20231227,EVENT,16.2371,3
002385.SZ,20231227,EVENT,12.7519,4
601615.SH,20231227,EVENT,11.0974,3
002186.SZ,20231227,EVENT,4.6469,1
603258.SH,20231227,EVENT,6.6705,3
002517.SZ,20231227,EVENT,9.2899,6
002558.SZ,20231227,EVENT,5.921,3
688035.SH,20231227,EVENT,7.3042,2
002624.SZ,20231227,EVENT,9.7944,2
603444.SH,20231227,EVENT,4.0084,4
605133.SH,20231227,EVENT,1.198,2
002384.SZ,20231227,EVENT,2.1978,3
001267.SZ,20240104,EVENT,1.314,3
600243.SH,20240104,EVENT,0.55,1
002390.SZ,20240104,EVENT,1.182,5
603156.SH,20240104,EVENT,5.8902,3
002385.SZ,20240105,EVENT,-2.0698,3
603027.SH,20240105,EVENT,-2.2568,2
688171.SH,20240105,EVENT,-6.2188,4
600803.SH,20240105,EVENT,4.7258,2
300515.SZ,20240102,EVENT,-0.1721,3
001267.SZ,20240102,EVENT,0.0286,3
002902.SZ,20240102,EVENT,2.0645,4
002517.SZ,20240102,EVENT,-0.3217,4
603515.SH,20240102,EVENT,-4.8697,4
600039.SH,20240102,EVENT,-6.3424,4
688093.SH,20240102,EVENT,-7.8647,4
605168.SH,20240102,EVENT,2.7792,1
600648.SH,20240102,EVENT,2.451,5
300369.SZ,20240102,EVENT,0.2401,3
605388.SH,20240102,EVENT,5.0688,4
002624.SZ,20240102,EVENT,-13.7,4
603918.SH,20240102,EVENT,6.5558,2
300993.SZ,20231229,EVENT,0.7961,3
300046.SZ,20231229,EVENT,-0.3495,3
301367.SZ,20231229,EVENT,0.2798,1
688313.SH,20231229,EVENT,0.152,3
300672.SZ,20231229,EVENT,0.5724,6
605336.SH,20231229,EVENT,3.9737,3
688013.SH,20231229,EVENT,1.3689,3
601668.SH,20231229,EVENT,-0.1996,4
002664.SZ,20231229,EVENT,3.1333,4
002185.SZ,20231229,EVENT,0.5015,4
600872.SH,20231229,EVENT,-13.0283,5
001301.SZ,20231229,EVENT,-1.9924,6
000758.SZ,20231229,EVENT,0.6949,4
600480.SH,20231229,EVENT,10.9905,3
001330.SZ,20231229,EVENT,2.8619,3
688184.SH,20231229,EVENT,5.3485,6
603757.SH,20231229,EVENT,0.7262,3
603444.SH,20231229,EVENT,0.2237,3
603258.SH,20231229,EVENT,7.025,4
600633.SH,20231229,EVENT,13.4834,3
600821.SH,20231229,EVENT,6.6698,3
688420.SH,20231229,EVENT,-2.1663,7
603223.SH,20231229,EVENT,0.2413,5
002517.SZ,20231229,EVENT,8.8941,2
002555.SZ,20231229,EVENT,19.3358,5
002004.SZ,20231229,EVENT,-0.154,3
301201.SZ,20240110,EVENT,-0.2321,4
003016.SZ,20240110,EVENT,1.091,3
688135.SH,20240110,EVENT,2.0362,3
300846.SZ,20240110,EVENT,-1.6602,3
600509.SH,20240110,EVENT,1.5676,2
002430.SZ,20240110,EVENT,2.2413,3
600803.SH,20240110,EVENT,2.6399,1
002402.SZ,20240110,EVENT,2.4379,2
000921.SZ,20240110,EVENT,4.4672,5
002959.SZ,20240110,EVENT,-0.1966,5
601138.SH,20240110,EVENT,3.4525,4
301267.SZ,20240110,EVENT,5.0472,3
603456.SH,20240110,EVENT,6.1215,4
600219.SH,20240110,EVENT,-11.8217,3
601633.SH,20240110,EVENT,4.4143,5
603515.SH,20240110,EVENT,4.0013,6
688489.SH,20240110,EVENT,-0.0114,3
688121.SH,20240108,EVENT,-7.0503,4
688403.SH,20240108,EVENT,0.3849,1
300724.SZ,20240108,EVENT,-7.1172,2
603456.SH,20240108,EVENT,4.317,5
000576.SZ,20240108,EVENT,-1.7303,2
603258.SH,20240108,EVENT,-11.8294,3
603156.SH,20240108,EVENT,1.2015,3
603888.SH,20240108,EVENT,-4.2406,2
300672.SZ,20240115,EVENT,-0.1926,3
300759.SZ,20240115,EVENT,-5.2464,2
688326.SH,20240115,EVENT,-1.781,4
000603.SZ,20240115,EVENT,0.7055,2
601233.SH,20240115,EVENT,2.7951,4
300699.SZ,20240115,EVENT,-15.3463,2
000498.SZ,20240115,EVENT,-0.7538,3
300595.SZ,20240111,EVENT,0.8993,5
601668.SH,20240111,EVENT,0.3341,2
603217.SH,20240111,EVENT,1.0291,3
002415.SZ,20240111,EVENT,5.6881,4
688326.SH,20240111,EVENT,13.1162,2
002271.SZ,20240111,EVENT,2.1488,2
002624.SZ,20240111,EVENT,-3.6144,4
002384.SZ,20240111,EVENT,4.3906,3
002930.SZ,20240111,EVENT,-1.7608,4
002279.SZ,20240111,EVENT,1.2925,4
601688.SH,20240111,EVENT,-1.1289,3
603456.SH,20240111,EVENT,0.4622,6
002570.SZ,20240117,EVENT,-4.0832,6
002254.SZ,20240117,EVENT,-6.1244,3
002572.SZ,20240117,EVENT,-9.0724,3
002902.SZ,20240117,EVENT,-1.2557,3
688819.SH,20240117,EVENT,-6.6822,2
300338.SZ,20240117,EVENT,-2.901,3
600487.SH,20240117,EVENT,-4.1011,3
603588.SH,20240117,EVENT,-0.7186,3
603444.SH,20240117,EVENT,4.4729,4
300759.SZ,20240116,EVENT,-4.6457,2
301267.SZ,20240116,EVENT,-5.8753,4
002229.SZ,20240116,EVENT,7.8892,4
601211.SH,20240112,EVENT,-0.2645,2
688326.SH,20240112,EVENT,13.6219,2
000036.SZ,20240112,EVENT,8.8476,5
688257.SH,20240112,EVENT,-4.7015,3
002920.SZ,20240112,EVENT,1.2717,3
000555.SZ,20240112,EVENT,4.1233,5
002043.SZ,20240112,EVENT,0.5269,4
301288.SZ,20240122,EVENT,3.2763,3
600872.SH,20240122,EVENT,-4.112,3
300567.SZ,20240122,EVENT,1.1624,4
601718.SH,20240122,EVENT,2.7485,3
002968.SZ,20240122,EVENT,-1.3778,3
002493.SZ,20240122,EVENT,4.7856,4
688248.SH,20240122,EVENT,-0.75,3
688349.SH,20240122,EVENT,11.0607,2
600728.SH,20240122,EVENT,7.4176,4
688403.SH,20240122,EVENT,14.2901,4
688239.SH,20240122,EVENT,1.0103,3
688331.SH,20240122,EVENT,17.7442,3
603076.SH,20240122,EVENT,1.7109,4
603368.SH,20240122,EVENT,2.7125,3
600487.SH,20240122,EVENT,-2.9467,2
002913.SZ,20240122,EVENT,3.4563,2
600995.SH,20240119,EVENT,9.9413,3
000036.SZ,20240119,EVENT,13.7266,6
000404.SZ,20240119,EVENT,0.2273,3
688333.SH,20240119,EVENT,24.4661,6
002279.SZ,20240119,EVENT,2.0967,3
603156.SH,20240119,EVENT,18.9831,4
300963.SZ,20240123,EVENT,16.8692,4
300235.SZ,20240123,EVENT,8.1276,3
301267.SZ,20240123,EVENT,2.0957,3
600487.SH,20240123,EVENT,2.1297,3
688183.SH,20240123,EVENT,26.3066,4
600509.SH,20240123,EVENT,25.6938,3
300802.SZ,20240123,EVENT,17.8498,3
300768.SZ,20240123,EVENT,11.3733,5
300922.SZ,20240130,EVENT,13.5171,4
301055.SZ,20240130,EVENT,10.5224,4
300126.SZ,20240130,EVENT,-8.0544,3
301196.SZ,20240130,EVENT,9.7801,3
300702.SZ,20240130,EVENT,24.5799,4
301366.SZ,20240130,EVENT,21.2713,4
688082.SH,20240130,EVENT,6.0688,6
301057.SZ,20240130,EVENT,15.7611,2
301029.SZ,20240130,EVENT,18.9951,4
300456.SZ,20240118,EVENT,6.1503,2
688349.SH,20240118,EVENT,11.098,3
000576.SZ,20240118,EVENT,0.484,3
688184.SH,20240118,EVENT,-3.0924,2
002291.SZ,20240118,EVENT,14.9893,4
002415.SZ,20240118,EVENT,4.2535,5
603596.SH,20240118,EVENT,13.074,3
301087.SZ,20240129,EVENT,9.7855,4
300148.SZ,20240129,EVENT,-0.3959,4
301263.SZ,20240129,EVENT,7.5704,5
300976.SZ,20240129,EVENT,15.6068,3
688660.SH,20240129,EVENT,2.6841,4
300887.SZ,20240129,EVENT,21.5078,4
002877.SZ,20240129,EVENT,10.1479,2
002859.SZ,20240129,EVENT,-2.9724,4
300896.SZ,20240129,EVENT,1.259,2
600576.SH,20240129,EVENT,-9.3895,4
002556.SZ,20240129,EVENT,-0.554,3
605338.SH,20240129,EVENT,10.6454,3
002810.SZ,20240129,EVENT,11.0986,2
688325.SH,20240129,EVENT,13.2709,5
688508.SH,20240129,EVENT,7.9319,4
300841.SZ,20240129,EVENT,11.8579,3
003016.SZ,20240129,EVENT,2.496,3
600718.SH,20240129,EVENT,-12.8931,5
688371.SH,20240129,EVENT,16.3384,4
688331.SH,20240129,EVENT,27.0166,3
601615.SH,20240129,EVENT,5.986,2
002567.SZ,20240129,EVENT,2.0476,3
603551.SH,20240129,EVENT,-11.8551,3
603727.SH,20240129,EVENT,-3.6398,3
000603.SZ,20240129,EVENT,4.8568,5
688152.SH,20240129,EVENT,7.8346,4
300998.SZ,20240126,EVENT,0.9876,3
301071.SZ,20240126,EVENT,3.5672,4
002166.SZ,20240126,EVENT,3.1889,5
002324.SZ,20240126,EVENT,8.4304,3
002271.SZ,20240126,EVENT,4.7419,4
605066.SH,20240126,EVENT,5.8388,5
003019.SZ,20240126,EVENT,8.0676,4
688325.SH,20240126,EVENT,11.5584,5
300489.SZ,20240126,EVENT,4.6604,4
600509.SH,20240126,EVENT,18.1654,5
603669.SH,20240126,EVENT,2.3439,2
688292.SH,20240126,EVENT,1.4245,6
603882.SH,20240126,EVENT,12.8947,5
688458.SH,20240126,EVENT,29.124,4
300174.SZ,20240126,EVENT,3.0603,3
002558.SZ,20240126,EVENT,0.1879,4
688349.SH,20240126,EVENT,8.4631,3
000818.SZ,20240126,EVENT,-2.7167,5
600580.SH,20240126,EVENT,2.7421,3
301135.SZ,20240126,EVENT,5.4822,4
688200.SH,20240126,EVENT,5.7184,5
600330.SH,20240126,EVENT,6.771,6
600718.SH,20240126,EVENT,-1.9517,6
688258.SH,20240126,EVENT,4.2416,3
688560.SH,20240126,EVENT,2.3685,4
300841.SZ,20240124,EVENT,16.7951,2
301135.SZ,20240124,EVENT,12.5991,2
300005.SZ,20240124,EVENT,11.0205,5
300489.SZ,20240124,EVENT,10.1588,5
002324.SZ,20240124,EVENT,12.2763,4
688258.SH,20240124,EVENT,7.5829,3
300820.SZ,20240124,EVENT,14.2936,3
300802.SZ,20240124,EVENT,11.4906,5
002609.SZ,20240124,EVENT,24.3183,4
002588.SZ,20240124,EVENT,3.1009,3
002968.SZ,20240124,EVENT,7.7302,4
002821.SZ,20240124,EVENT,5.1037,3
000661.SZ,20240124,EVENT,-1.6541,3
600236.SH,20240124,EVENT,3.5199,1
600048.SH,20240124,EVENT,6.9925,3
000925.SZ,20240124,EVENT,11.7618,3
600580.SH,20240124,EVENT,8.0342,3
688392.SH,20240124,EVENT,17.7239,5
601827.SH,20240124,EVENT,4.0891,4
001215.SZ,20240124,EVENT,11.4892,4
688333.SH,20240124,EVENT,32.8169,5
600572.SH,20240124,EVENT,10.1907,3
002279.SZ,20240124,EVENT,10.9285,5
600169.SH,20240124,EVENT,8.4297,5
600261.SH,20240124,EVENT,12.8893,4
688420.SH,20240124,EVENT,9.5302,3
300724.SZ,20240124,EVENT,-2.8816,3
300627.SZ,20240125,EVENT,3.078,5
301071.SZ,20240125,EVENT,6.8199,4
002532.SZ,20240125,EVENT,5.7165,4
300802.SZ,20240125,EVENT,6.8415,5
600298.SH,20240125,EVENT,1.8803,3
688173.SH,20240125,EVENT,12.0494,6
000069.SZ,20240125,EVENT,7.3945,3
002373.SZ,20240125,EVENT,11.5202,8
600888.SH,20240125,EVENT,2.887,4
002139.SZ,20240125,EVENT,4.0551,4
301055.SZ,20240125,EVENT,9.3783,4
300005.SZ,20240125,EVENT,9.939,4
301160.SZ,20240125,EVENT,12.8904,4
000568.SZ,20240125,EVENT,-0.4678,4
601600.SH,20240125,EVENT,7.8571,2
603848.SH,20240125,EVENT,0.4602,3
688475.SH,20240125,EVENT,1.9214,2
002185.SZ,20240125,EVENT,4.9415,5
603061.SH,20240125,EVENT,15.5348,4
000404.SZ,20240125,EVENT,3.0358,3
688073.SH,20240125,EVENT,7.8711,4
002835.SZ,20240125,EVENT,11.1562,3
002724.SZ,20240125,EVENT,9.1891,5
603612.SH,20240125,EVENT,9.0581,5
603505.SH,20240125,EVENT,-4.0297,5
603159.SH,20240125,EVENT,2.7529,5
600728.SH,20240125,EVENT,11.0521,3
688349.SH,20240125,EVENT,12.5228,3
300768.SZ,20240125,EVENT,5.8903,4
605507.SH,20240125,EVENT,8.4664,4
301201.SZ,20240125,EVENT,14.8634,5
603456.SH,20240125,EVENT,4.7686,4
605189.SH,20240125,EVENT,6.7539,3
300702.SZ,20240125,EVENT,22.7298,6
300200.SZ,20240131,EVENT,-2.1437,6
300335.SZ,20240131,EVENT,-5.213,4
300656.SZ,20240131,EVENT,-7.6568,6
688082.SH,20240131,EVENT,9.8885,4
001256.SZ,20240131,EVENT,-6.4141,4
688550.SH,20240131,EVENT,12.0903,2
688508.SH,20240131,EVENT,-0.8122,4
002166.SZ,20240131,EVENT,-3.2504,3
002661.SZ,20240131,EVENT,-4.6912,4
600867.SH,20240131,EVENT,-7.7089,7
300727.SZ,20240131,EVENT,-0.2324,3
688018.SH,20240131,EVENT,-5.178,5
688293.SH,20240131,EVENT,0.9758,4
002139.SZ,20240131,EVENT,1.0087,4
603055.SH,20240131,EVENT,-0.2076,5
002148.SZ,20240131,EVENT,-3.7311,4
688167.SH,20240131,EVENT,1.292,2
301152.SZ,20240131,EVENT,-12.4465,6
301087.SZ,20240131,EVENT,-6.3493,5
600572.SH,20240131,EVENT,-8.6554,3
300716.SZ,20240206,EVENT,43.5832,5
300035.SZ,20240206,EVENT,11.6272,6
300562.SZ,20240206,EVENT,35.333,4
300005.SZ,20240206,EVENT,31.5923,6
301178.SZ,20240206,EVENT,43.7059,7
300497.SZ,20240206,EVENT,22.6049,4
301393.SZ,20240206,EVENT,23.2241,4
301079.SZ,20240206,EVENT,41.4894,6
300903.SZ,20240206,EVENT,42.0687,7
301162.SZ,20240206,EVENT,48.2911,4
301290.SZ,20240206,EVENT,27.268,5
300884.SZ,20240206,EVENT,34.16,3
301121.SZ,20240206,EVENT,39.6689,7
301336.SZ,20240206,EVENT,36.1115,4
300922.SZ,20240206,EVENT,37.5771,6
300148.SZ,20240206,EVENT,24.4043,4
301196.SZ,20240206,EVENT,19.8683,3
301313.SZ,20240206,EVENT,35.8551,5
301265.SZ,20240206,EVENT,21.9963,4
301075.SZ,20240206,EVENT,34.6712,8
300095.SZ,20240206,EVENT,27.9225,6
300800.SZ,20240206,EVENT,34.7973,7
301093.SZ,20240206,EVENT,15.4633,3
300598.SZ,20240206,EVENT,15.6007,4
300447.SZ,20240206,EVENT,31.2643,6
301270.SZ,20240206,EVENT,32.1146,7
301041.SZ,20240206,EVENT,41.6604,8
300674.SZ,20240206,EVENT,23.7495,8
300592.SZ,20240206,EVENT,31.9084,4
300912.SZ,20240206,EVENT,33.9471,6
300110.SZ,20240206,EVENT,17.9424,6
300233.SZ,20240206,EVENT,11.3716,6
301130.SZ,20240206,EVENT,34.5503,5
301227.SZ,20240206,EVENT,15.5856,5
300885.SZ,20240206,EVENT,39.9909,5
300014.SZ,20240206,EVENT,17.971,4
300546.SZ,20240206,EVENT,41.4928,7
300395.SZ,20240206,EVENT,35.6997,5
603517.SH,20240206,EVENT,14.4598,4
600884.SH,20240206,EVENT,10.5788,5
300420.SZ,20240206,EVENT,21.6891,5
688176.SH,20240206,EVENT,45.779,5
688029.SH,20240206,EVENT,45.4514,6
600478.SH,20240206,EVENT,29.0298,4
688349.SH,20240206,EVENT,0.7254,8
688337.SH,20240206,EVENT,35.7192,6
300672.SZ,20240206,EVENT,65.0679,5
600763.SH,20240206,EVENT,21.7192,4
300700.SZ,20240206,EVENT,63.1905,5
300339.SZ,20240206,EVENT,19.1233,3
300708.SZ,20240206,EVENT,10.7943,6
301515.SZ,20240206,EVENT,33.077,4
300132.SZ,20240206,EVENT,34.9345,6
301107.SZ,20240206,EVENT,41.0481,6
300902.SZ,20240206,EVENT,31.4794,5
300171.SZ,20240206,EVENT,12.8614,5
300611.SZ,20240206,EVENT,32.6834,6
301369.SZ,20240206,EVENT,35.2796,5
300322.SZ,20240206,EVENT,35.2851,7
301345.SZ,20240206,EVENT,12.8681,4
300435.SZ,20240206,EVENT,7.337,3
600400.SH,20240206,EVENT,4.8923,4
688400.SH,20240206,EVENT,17.2962,4
301055.SZ,20240206,EVENT,35.5843,6
300100.SZ,20240206,EVENT,31.8261,4
688299.SH,20240206,EVENT,30.9516,7
603259.SH,20240206,EVENT,48.6212,5
601086.SH,20240206,EVENT,25.718,4
603063.SH,20240206,EVENT,29.9128,6
688646.SH,20240206,EVENT,22.572,5
603931.SH,20240206,EVENT,7.1869,8
000931.SZ,20240206,EVENT,26.7194,7
002673.SZ,20240206,EVENT,14.7352,5
688088.SH,20240206,EVENT,29.8275,6
603828.SH,20240205,EVENT,13.3556,4
300453.SZ,20240205,EVENT,13.6967,4
300998.SZ,20240205,EVENT,30.1541,5
300531.SZ,20240205,EVENT,30.3853,3
300036.SZ,20240205,EVENT,11.2625,4
301366.SZ,20240205,EVENT,16.7186,7
300835.SZ,20240205,EVENT,2.3942,4
301160.SZ,20240205,EVENT,9.1458,5
300925.SZ,20240205,EVENT,12.6129,3
300715.SZ,20240205,EVENT,15.1585,7
300091.SZ,20240205,EVENT,15.83,4
301298.SZ,20240205,EVENT,11.7643,4
300203.SZ,20240205,EVENT,22.9552,3
300233.SZ,20240205,EVENT,10.6383,4
603259.SH,20240205,EVENT,42.5211,4
300910.SZ,20240205,EVENT,3.6379,5
002042.SZ,20240205,EVENT,18.8358,5
300166.SZ,20240205,EVENT,11.0017,6
603063.SH,20240205,EVENT,22.3597,3
688206.SH,20240205,EVENT,18.5711,8
688525.SH,20240205,EVENT,87.1783,4
603236.SH,20240205,EVENT,33.6582,5
688123.SH,20240205,EVENT,37.8181,4
300179.SZ,20240205,EVENT,12.7586,6
002241.SZ,20240205,EVENT,21.9299,2
002053.SZ,20240205,EVENT,9.1594,4
688343.SH,20240205,EVENT,10.3377,6
688581.SH,20240205,EVENT,53.1195,6
601003.SH,20240205,EVENT,-3.225,4
688392.SH,20240205,EVENT,11.4501,4
688007.SH,20240205,EVENT,46.5997,6
002345.SZ,20240205,EVENT,8.0495,2
603061.SH,20240205,EVENT,1.0173,4
300129.SZ,20240205,EVENT,-7.3949,3
002793.SZ,20240205,EVENT,9.1726,5
002185.SZ,20240205,EVENT,8.8643,4
600732.SH,20240205,EVENT,14.516,2
002970.SZ,20240205,EVENT,11.521,5
002019.SZ,20240205,EVENT,40.0606,7
002968.SZ,20240205,EVENT,13.5147,5
300674.SZ,20240205,EVENT,13.2759,8
600222.SH,20240205,EVENT,6.01,5
000404.SZ,20240205,EVENT,3.8017,3
002291.SZ,20240205,EVENT,11.9645,6
688432.SH,20240205,EVENT,10.3121,6
688610.SH,20240205,EVENT,18.1494,6
002457.SZ,20240205,EVENT,5.0613,4
688660.SH,20240205,EVENT,12.7139,4
002688.SZ,20240205,EVENT,10.5527,4
688136.SH,20240205,EVENT,16.9384,3
000066.SZ,20240205,EVENT,2.2845,5
002635.SZ,20240205,EVENT,7.6784,5
002437.SZ,20240205,EVENT,4.5451,4
600643.SH,20240205,EVENT,2.0897,3
002353.SZ,20240205,EVENT,3.6036,4
300128.SZ,20240205,EVENT,-8.3205,6
600572.SH,20240205,EVENT,12.9065,4
688690.SH,20240205,EVENT,19.2204,7
603859.SH,20240205,EVENT,18.2347,4
605388.SH,20240205,EVENT,10.8049,5
688129.SH,20240205,EVENT,11.0879,6
600884.SH,20240205,EVENT,14.21,4
688150.SH,20240205,EVENT,2.4058,3
603040.SH,20240205,EVENT,28.7027,3
603337.SH,20240205,EVENT,1.9727,3
002264.SZ,20240205,EVENT,9.1242,5
002099.SZ,20240205,EVENT,26.4424,7
605507.SH,20240205,EVENT,5.362,3
603155.SH,20240205,EVENT,16.1374,4
000036.SZ,20240205,EVENT,-1.8984,6
688517.SH,20240205,EVENT,16.0723,5
600703.SH,20240205,EVENT,7.69,4
603686.SH,20240205,EVENT,8.5187,3
002168.SZ,20240207,EVENT,25.7541,4
300873.SZ,20240207,EVENT,9.6768,6
300214.SZ,20240207,EVENT,19.085,4
300664.SZ,20240207,EVENT,6.0039,5
301178.SZ,20240207,EVENT,41.1412,7
300110.SZ,20240207,EVENT,11.5193,5
300245.SZ,20240207,EVENT,40.2339,9
300753.SZ,20240207,EVENT,37.6367,7
300162.SZ,20240207,EVENT,42.2168,8
300594.SZ,20240207,EVENT,32.4836,7
301065.SZ,20240207,EVENT,34.2797,7
301298.SZ,20240207,EVENT,30.4403,7
300935.SZ,20240207,EVENT,53.4666,7
301325.SZ,20240207,EVENT,13.2879,3
300743.SZ,20240207,EVENT,42.2658,7
300158.SZ,20240207,EVENT,8.0781,6
301067.SZ,20240207,EVENT,14.5734,3
301257.SZ,20240207,EVENT,19.1989,6
300801.SZ,20240207,EVENT,14.5044,4
301135.SZ,20240207,EVENT,32.5553,5
301258.SZ,20240207,EVENT,21.7506,4
300335.SZ,20240207,EVENT,31.4405,7
300642.SZ,20240207,EVENT,24.3941,7
300095.SZ,20240207,EVENT,23.7535,4
300860.SZ,20240207,EVENT,16.9146,6
300674.SZ,20240207,EVENT,13.8822,8
300051.SZ,20240207,EVENT,23.4133,5
300825.SZ,20240207,EVENT,16.1903,8
301305.SZ,20240207,EVENT,14.4056,5
301068.SZ,20240207,EVENT,30.3476,6
301280.SZ,20240207,EVENT,18.2252,7
300240.SZ,20240207,EVENT,35.3604,6
300005.SZ,20240207,EVENT,26.3095,5
300800.SZ,20240207,EVENT,26.6195,6
300036.SZ,20240207,EVENT,10.2448,6
300982.SZ,20240207,EVENT,61.1106,4
300448.SZ,20240207,EVENT,41.953,5
301071.SZ,20240207,EVENT,17.6357,6
605299.SH,20240207,EVENT,23.8959,3
002271.SZ,20240207,EVENT,2.6072,4
300639.SZ,20240207,EVENT,6.481,6
002582.SZ,20240207,EVENT,40.9939,4
300018.SZ,20240207,EVENT,25.5278,5
301382.SZ,20240207,EVENT,14.5191,2
301092.SZ,20240207,EVENT,23.1316,6
300563.SZ,20240207,EVENT,39.6769,8
301370.SZ,20240207,EVENT,6.1691,2
301233.SZ,20240207,EVENT,30.5971,6
688007.SH,20240207,EVENT,45.7373,6
688598.SH,20240207,EVENT,38.5149,5
300171.SZ,20240207,EVENT,7.796,7
300885.SZ,20240207,EVENT,44.0273,7
300166.SZ,20240207,EVENT,14.5735,8
300686.SZ,20240207,EVENT,43.6273,7
301176.SZ,20240207,EVENT,46.5207,7
300232.SZ,20240207,EVENT,9.7768,3
688478.SH,20240207,EVENT,67.8021,6
300567.SZ,20240207,EVENT,27.7125,5
603429.SH,20240207,EVENT,21.5342,6
600661.SH,20240207,EVENT,26.1659,6
002266.SZ,20240207,EVENT,7.6816,6
002111.SZ,20240207,EVENT,12.4918,6
688315.SH,20240207,EVENT,19.9895,5
688503.SH,20240207,EVENT,12.582,3
002803.SZ,20240207,EVENT,47.0415,4
688610.SH,20240207,EVENT,25.4768,7
688523.SH,20240207,EVENT,15.1693,6
688003.SH,20240207,EVENT,19.1467,7
003023.SZ,20240207,EVENT,27.4385,7
002432.SZ,20240207,EVENT,6.51,3
688173.SH,20240207,EVENT,26.5724,8
300259.SZ,20240207,EVENT,19.3402,6
688768.SH,20240207,EVENT,25.6087,7
300285.SZ,20240207,EVENT,1.8322,6
688662.SH,20240207,EVENT,86.2308,6
300200.SZ,20240207,EVENT,16.4735,6
002687.SZ,20240207,EVENT,14.6888,6
002769.SZ,20240207,EVENT,38.2147,6
000035.SZ,20240207,EVENT,7.9196,6
688683.SH,20240207,EVENT,47.9,6
300877.SZ,20240207,EVENT,31.7256,7
600805.SH,20240207,EVENT,21.679,3
688525.SH,20240207,EVENT,92.8063,3
688008.SH,20240207,EVENT,5.1351,5
003038.SZ,20240207,EVENT,14.9063,3
000555.SZ,20240207,EVENT,9.3374,6
001256.SZ,20240207,EVENT,16.8341,6
688391.SH,20240207,EVENT,20.3263,5
688005.SH,20240207,EVENT,24.1506,3
002895.SZ,20240207,EVENT,25.4881,5
000869.SZ,20240207,EVENT,9.5461,5
002812.SZ,20240207,EVENT,19.1523,5
603657.SH,20240207,EVENT,34.4998,5
688088.SH,20240207,EVENT,21.1073,6
001299.SZ,20240207,EVENT,26.2626,5
001283.SZ,20240207,EVENT,25.5799,5
002457.SZ,20240207,EVENT,11.6113,6
002402.SZ,20240207,EVENT,24.1978,6
605183.SH,20240207,EVENT,9.2657,6
600702.SH,20240207,EVENT,12.1681,3
300599.SZ,20240207,EVENT,37.7821,7
002793.SZ,20240207,EVENT,12.4243,5
002093.SZ,20240207,EVENT,11.0503,6
002666.SZ,20240207,EVENT,18.2759,4
600212.SH,20240207,EVENT,34.3435,4
603656.SH,20240207,EVENT,52.0782,3
603281.SH,20240207,EVENT,5.7659,4
688058.SH,20240207,EVENT,22.039,5
688392.SH,20240207,EVENT,15.8625,5
002688.SZ,20240207,EVENT,25.7367,6
603828.SH,20240207,EVENT,40.0272,3
300453.SZ,20240207,EVENT,16.7145,6
002506.SZ,20240207,EVENT,13.0479,5
002979.SZ,20240207,EVENT,47.9654,6
003012.SZ,20240207,EVENT,2.3361,5
002273.SZ,20240207,EVENT,21.6941,6
002947.SZ,20240207,EVENT,29.7156,7
002008.SZ,20240207,EVENT,9.0281,5
003017.SZ,20240207,EVENT,30.7595,5
688458.SH,20240207,EVENT,59.7702,6
300715.SZ,20240207,EVENT,14.0926,7
002635.SZ,20240207,EVENT,14.9793,7
688368.SH,20240207,EVENT,23.4792,5
603048.SH,20240207,EVENT,33.8763,5
688025.SH,20240207,EVENT,79.8666,6
300564.SZ,20240207,EVENT,51.0762,8
002873.SZ,20240207,EVENT,5.6427,7
002139.SZ,20240207,EVENT,6.757,5
603033.SH,20240207,EVENT,22.3222,4
600929.SH,20240207,EVENT,12.1571,6
003026.SZ,20240207,EVENT,29.8278,7
300868.SZ,20240207,EVENT,41.2885,7
002532.SZ,20240207,EVENT,10.6837,6
002391.SZ,20240207,EVENT,11.7186,6
605167.SH,20240207,EVENT,41.5348,4
002234.SZ,20240207,EVENT,6.8137,6
001324.SZ,20240207,EVENT,28.675,5
300997.SZ,20240207,EVENT,21.7872,6
300128.SZ,20240207,EVENT,20.5936,6
300925.SZ,20240207,EVENT,19.0207,3
300597.SZ,20240207,EVENT,23.4886,6
601089.SH,20240207,EVENT,10.7827,7
601003.SH,20240207,EVENT,-0.7045,4
000948.SZ,20240207,EVENT,4.5064,3
688147.SH,20240207,EVENT,13.0139,4
688560.SH,20240207,EVENT,41.9541,3
300479.SZ,20240207,EVENT,21.1165,7
002256.SZ,20240207,EVENT,18.6472,4
001313.SZ,20240207,EVENT,15.9442,6
600031.SH,20240207,EVENT,1.4497,4
603115.SH,20240207,EVENT,17.1615,7
601188.SH,20240207,EVENT,22.8803,2
688083.SH,20240207,EVENT,14.8531,6
600222.SH,20240207,EVENT,19.7563,9
002099.SZ,20240207,EVENT,25.6331,7
688630.SH,20240207,EVENT,37.2443,6
605089.SH,20240207,EVENT,35.3288,6
000878.SZ,20240207,EVENT,6.5183,5
001286.SZ,20240207,EVENT,3.9646,7
603629.SH,20240207,EVENT,42.4282,6
600246.SH,20240207,EVENT,18.0592,4
688126.SH,20240207,EVENT,8.2577,7
600884.SH,20240207,EVENT,2.7706,7
603507.SH,20240207,EVENT,20.5953,4
688097.SH,20240207,EVENT,43.5531,7
601969.SH,20240207,EVENT,18.9268,6
003010.SZ,20240207,EVENT,27.7863,7
688255.SH,20240207,EVENT,25.3691,6
688038.SH,20240207,EVENT,53.0373,9
688170.SH,20240207,EVENT,20.1709,5
688558.SH,20240207,EVENT,19.4239,4
688603.SH,20240207,EVENT,89.4084,7
002788.SZ,20240207,EVENT,11.7332,4
003002.SZ,20240207,EVENT,15.1832,6
002560.SZ,20240207,EVENT,5.9592,7
001289.SZ,20240207,EVENT,1.2289,4
002076.SZ,20240207,EVENT,33.0143,5
002408.SZ,20240207,EVENT,17.6374,6
688291.SH,20240207,EVENT,28.8048,7
300484.SZ,20240207,EVENT,38.9314,5
600351.SH,20240207,EVENT,1.1235,8
688152.SH,20240207,EVENT,36.1515,9
603200.SH,20240207,EVENT,16.4144,2
688187.SH,20240207,EVENT,8.3862,3
688333.SH,20240207,EVENT,14.4777,5
002951.SZ,20240207,EVENT,64.3785,5
688681.SH,20240207,EVENT,38.0326,7
603185.SH,20240207,EVENT,23.9228,2
301189.SZ,20240207,EVENT,32.1791,7
688400.SH,20240207,EVENT,6.5814,6
300609.SZ,20240207,EVENT,42.0624,7
300566.SZ,20240207,EVENT,49.1048,6
603177.SH,20240207,EVENT,21.0053,2
300143.SZ,20240207,EVENT,7.5479,8
001205.SZ,20240207,EVENT,22.7035,7
688069.SH,20240207,EVENT,-3.9174,4
600497.SH,20240207,EVENT,6.6187,6
688596.SH,20240207,EVENT,21.4942,4
002734.SZ,20240207,EVENT,25.9511,6
002264.SZ,20240207,EVENT,22.4851,7
688485.SH,20240207,EVENT,20.5386,6
603889.SH,20240207,EVENT,3.6509,3
605500.SH,20240207,EVENT,18.1941,3
688739.SH,20240207,EVENT,2.2331,6
600022.SH,20240207,EVENT,4.8758,4
002970.SZ,20240207,EVENT,21.6796,6
002933.SZ,20240207,EVENT,24.4573,6
300575.SZ,20240207,EVENT,18.4616,6
300437.SZ,20240207,EVENT,31.5618,4
300054.SZ,20240207,EVENT,8.1693,7
300463.SZ,20240207,EVENT,11.3492,9
688081.SH,20240207,EVENT,43.1399,8
688105.SH,20240207,EVENT,9.2007,6
688571.SH,20240207,EVENT,29.0866,6
603367.SH,20240207,EVENT,7.9613,3
688299.SH,20240207,EVENT,22.1596,8
688700.SH,20240207,EVENT,47.2251,5
300888.SZ,20240202,EVENT,4.1517,4
300922.SZ,20240202,EVENT,7.2638,4
300138.SZ,20240202,EVENT,-1.751,3
300702.SZ,20240202,EVENT,-1.1813,6
300095.SZ,20240202,EVENT,7.5951,4
300166.SZ,20240202,EVENT,7.3891,7
000404.SZ,20240202,EVENT,-0.5936,4
000668.SZ,20240202,EVENT,40.0289,4
301003.SZ,20240202,EVENT,4.7837,4
300976.SZ,20240202,EVENT,5.9961,3
002484.SZ,20240202,EVENT,6.5129,4
002180.SZ,20240202,EVENT,-4.433,5
000547.SZ,20240202,EVENT,3.9095,6
600031.SH,20240202,EVENT,4.5073,2
603936.SH,20240202,EVENT,12.0476,5
002602.SZ,20240202,EVENT,5.4131,4
603063.SH,20240202,EVENT,15.1139,4
688368.SH,20240202,EVENT,8.5841,4
688084.SH,20240202,EVENT,3.0997,2
688315.SH,20240202,EVENT,6.6904,5
300708.SZ,20240202,EVENT,9.7199,3
688136.SH,20240202,EVENT,8.9841,4
002042.SZ,20240202,EVENT,16.933,4
688321.SH,20240202,EVENT,3.6876,4
300939.SZ,20240202,EVENT,4.4692,4
301055.SZ,20240202,EVENT,9.6852,5
301313.SZ,20240202,EVENT,7.8426,3
688120.SH,20240202,EVENT,14.1025,5
003029.SZ,20240202,EVENT,7.8993,4
002873.SZ,20240202,EVENT,4.0421,5
601003.SH,20240202,EVENT,-5.6365,4
688166.SH,20240202,EVENT,6.9799,5
002821.SZ,20240202,EVENT,13.3068,5
688700.SH,20240202,EVENT,38.4528,4
001228.SZ,20240202,EVENT,8.3276,3
600755.SH,20240202,EVENT,7.8071,2
688037.SH,20240202,EVENT,23.1569,5
688335.SH,20240202,EVENT,3.4596,2
688371.SH,20240202,EVENT,8.9933,5
300068.SZ,20240202,EVENT,18.9826,4
688123.SH,20240202,EVENT,33.7477,4
600267.SH,20240202,EVENT,12.5287,7
603030.SH,20240202,EVENT,5.6201,3
603990.SH,20240202,EVENT,-13.5624,6
688383.SH,20240202,EVENT,-10.4217,6
300718.SZ,20240202,EVENT,2.1978,4
688298.SH,20240202,EVENT,0.079,7
603659.SH,20240202,EVENT,12.2578,2
600433.SH,20240202,EVENT,2.1976,6
688603.SH,20240202,EVENT,62.6081,5
688433.SH,20240202,EVENT,4.7229,5
603040.SH,20240202,EVENT,19.1794,4
300497.SZ,20240202,EVENT,6.6081,3
300200.SZ,20240202,EVENT,9.0814,5
300997.SZ,20240202,EVENT,-7.2366,5
300562.SZ,20240202,EVENT,6.3182,4
688498.SH,20240202,EVENT,21.6367,3
688458.SH,20240202,EVENT,52.6156,3
603337.SH,20240202,EVENT,0.1024,4
605303.SH,20240202,EVENT,0.2803,4
603596.SH,20240202,EVENT,0.8387,3
688012.SH,20240202,EVENT,11.945,6
603505.SH,20240202,EVENT,-3.0091,4
000925.SZ,20240202,EVENT,4.0174,3
600793.SH,20240202,EVENT,2.7018,4
688543.SH,20240202,EVENT,3.1539,4
603189.SH,20240202,EVENT,7.0533,4
688400.SH,20240202,EVENT,4.4049,5
601086.SH,20240202,EVENT,5.9469,4
600703.SH,20240202,EVENT,4.7252,3
603076.SH,20240202,EVENT,7.7707,3
600293.SH,20240202,EVENT,-2.6121,2
605133.SH,20240202,EVENT,7.9813,6
601089.SH,20240202,EVENT,4.3711,4
600420.SH,20240202,EVENT,-3.7039,5
688217.SH,20240202,EVENT,5.5842,5
688050.SH,20240202,EVENT,6.7935,2
603277.SH,20240202,EVENT,2.7371,3
600989.SH,20240202,EVENT,-0.5329,5
688623.SH,20240202,EVENT,3.5726,4
002391.SZ,20240202,EVENT,1.3018,5
600739.SH,20240202,EVENT,-4.5373,4
301336.SZ,20240220,EVENT,26.334,6
301370.SZ,20240220,EVENT,6.8632,4
301283.SZ,20240220,EVENT,-1.2909,3
301042.SZ,20240220,EVENT,15.108,8
301321.SZ,20240220,EVENT,22.3455,7
301326.SZ,20240220,EVENT,31.8555,5
301127.SZ,20240220,EVENT,11.0672,4
301116.SZ,20240220,EVENT,15.4958,7
301515.SZ,20240220,EVENT,19.947,5
300135.SZ,20240220,EVENT,27.6375,6
301265.SZ,20240220,EVENT,8.2513,4
301320.SZ,20240220,EVENT,15.4623,4
301068.SZ,20240220,EVENT,0.3336,5
300947.SZ,20240220,EVENT,23.1825,5
301518.SZ,20240220,EVENT,24.8233,6
300643.SZ,20240220,EVENT,11.1268,7
301389.SZ,20240220,EVENT,20.183,6
300801.SZ,20240220,EVENT,1.5301,3
300828.SZ,20240220,EVENT,23.6144,6
301012.SZ,20240220,EVENT,29.9698,4
300903.SZ,20240220,EVENT,26.7955,5
301158.SZ,20240220,EVENT,15.1794,5
301323.SZ,20240220,EVENT,9.4796,6
300588.SZ,20240220,EVENT,23.3605,7
300143.SZ,20240220,EVENT,2.9012,7
300594.SZ,20240220,EVENT,21.6235,4
300074.SZ,20240220,EVENT,19.4863,6
300822.SZ,20240220,EVENT,27.435,9
002812.SZ,20240220,EVENT,11.7238,4
688391.SH,20240220,EVENT,2.822,5
603725.SH,20240220,EVENT,17.1419,4
600746.SH,20240220,EVENT,6.3027,6
688581.SH,20240220,EVENT,43.5375,3
600173.SH,20240220,EVENT,15.6651,5
603067.SH,20240220,EVENT,2.9222,5
603839.SH,20240220,EVENT,21.1767,5
002404.SZ,20240220,EVENT,4.4625,5
605018.SH,20240220,EVENT,18.0221,6
688138.SH,20240220,EVENT,1.2233,8
688718.SH,20240220,EVENT,16.6901,5
688078.SH,20240220,EVENT,6.9889,6
688618.SH,20240220,EVENT,0.9277,7
688317.SH,20240220,EVENT,5.4911,5
688368.SH,20240220,EVENT,2.8816,5
688610.SH,20240220,EVENT,15.1112,6
605069.SH,20240220,EVENT,46.2073,3
603700.SH,20240220,EVENT,10.9216,4
300935.SZ,20240220,EVENT,30.3867,7
000404.SZ,20240220,EVENT,13.8209,4
688192.SH,20240220,EVENT,6.3499,7
605055.SH,20240220,EVENT,35.5079,6
688193.SH,20240220,EVENT,20.1013,4
603221.SH,20240220,EVENT,20.3605,4
688244.SH,20240220,EVENT,0.6671,6
002858.SZ,20240220,EVENT,24.1854,8
002759.SZ,20240220,EVENT,11.2691,5
002058.SZ,20240220,EVENT,9.8406,3
600645.SH,20240220,EVENT,1.1429,5
688247.SH,20240220,EVENT,7.1208,5
603637.SH,20240220,EVENT,20.0104,5
688616.SH,20240220,EVENT,25.1492,7
603798.SH,20240220,EVENT,31.3001,4
603528.SH,20240220,EVENT,28.6603,7
688166.SH,20240220,EVENT,19.1494,5
002164.SZ,20240220,EVENT,17.9275,6
002692.SZ,20240220,EVENT,23.0119,5
000633.SZ,20240220,EVENT,17.1465,8
002917.SZ,20240220,EVENT,11.4119,5
000544.SZ,20240220,EVENT,3.7422,4
001324.SZ,20240220,EVENT,12.7517,7
002980.SZ,20240220,EVENT,21.6535,4
300334.SZ,20240220,EVENT,27.1218,4
300051.SZ,20240220,EVENT,7.6412,4
300875.SZ,20240220,EVENT,24.4766,3
300405.SZ,20240220,EVENT,41.7595,4
300321.SZ,20240220,EVENT,33.9486,6
301237.SZ,20240220,EVENT,30.4283,4
301307.SZ,20240220,EVENT,58.0287,5
001360.SZ,20240220,EVENT,17.6707,6
002272.SZ,20240220,EVENT,25.6806,6
003001.SZ,20240220,EVENT,31.8835,5
002663.SZ,20240220,EVENT,6.0917,2
002908.SZ,20240220,EVENT,0.2419,6
002398.SZ,20240220,EVENT,19.4602,4
002951.SZ,20240220,EVENT,64.6617,6
003015.SZ,20240220,EVENT,28.8436,3
002753.SZ,20240220,EVENT,23.4398,7
003004.SZ,20240220,EVENT,22.0149,6
003002.SZ,20240220,EVENT,0.4488,6
002072.SZ,20240220,EVENT,50.1271,6
002286.SZ,20240220,EVENT,22.2355,6
002943.SZ,20240220,EVENT,38.141,3
301021.SZ,20240220,EVENT,58.1571,5
300745.SZ,20240220,EVENT,18.1289,5
300132.SZ,20240220,EVENT,22.9763,4
300440.SZ,20240220,EVENT,4.0133,4
300658.SZ,20240220,EVENT,27.2663,4
301222.SZ,20240220,EVENT,19.0374,5
301067.SZ,20240221,EVENT,9.9482,2
300995.SZ,20240221,EVENT,36.5704,3
688010.SH,20240221,EVENT,15.5886,5
002885.SZ,20240221,EVENT,16.0039,7
600067.SH,20240221,EVENT,17.3568,3
301206.SZ,20240221,EVENT,1.6421,5
301317.SZ,20240221,EVENT,30.4493,5
300497.SZ,20240221,EVENT,21.1819,2
002377.SZ,20240221,EVENT,36.1039,4
301335.SZ,20240221,EVENT,10.4565,5
002921.SZ,20240221,EVENT,20.8207,7
600589.SH,20240221,EVENT,9.3338,3
001231.SZ,20240221,EVENT,26.5605,4
001201.SZ,20240221,EVENT,3.1952,5
001202.SZ,20240221,EVENT,21.6517,3
001268.SZ,20240221,EVENT,25.3321,4
300349.SZ,20240221,EVENT,9.5681,2
688581.SH,20240221,EVENT,6.2139,3
003001.SZ,20240221,EVENT,28.9631,4
301092.SZ,20240221,EVENT,10.1066,3
002497.SZ,20240221,EVENT,8.2772,2
688498.SH,20240221,EVENT,21.055,5
002769.SZ,20240221,EVENT,22.1248,5
002820.SZ,20240221,EVENT,14.108,4
300656.SZ,20240221,EVENT,2.7212,5
002917.SZ,20240221,EVENT,13.836,4
603506.SH,20240221,EVENT,14.2086,3
002664.SZ,20240221,EVENT,25.5123,4
603687.SH,20240221,EVENT,16.724,2
002836.SZ,20240221,EVENT,31.5022,6
002811.SZ,20240221,EVENT,44.7719,6
688435.SH,20240221,EVENT,25.8668,5
002402.SZ,20240221,EVENT,10.7671,5
002452.SZ,20240221,EVENT,27.5743,2
001259.SZ,20240221,EVENT,0.9653,3
600365.SH,20240221,EVENT,4.5821,4
603528.SH,20240221,EVENT,29.1172,8
688061.SH,20240221,EVENT,14.9748,4
605069.SH,20240221,EVENT,42.0055,3
300885.SZ,20240221,EVENT,26.9419,4
300597.SZ,20240221,EVENT,15.1476,5
688326.SH,20240221,EVENT,5.5472,4
002899.SZ,20240221,EVENT,20.0231,7
001283.SZ,20240221,EVENT,16.5817,4
603111.SH,20240221,EVENT,27.6067,4
688478.SH,20240221,EVENT,9.1433,5
688229.SH,20240221,EVENT,20.4283,3
688084.SH,20240221,EVENT,19.3409,5
301353.SZ,20240221,EVENT,16.491,5
603356.SH,20240221,EVENT,12.8363,4
601117.SH,20240221,EVENT,4.4741,3
603928.SH,20240221,EVENT,11.1613,4
002084.SZ,20240221,EVENT,31.6017,3
688237.SH,20240221,EVENT,14.1087,5
002431.SZ,20240221,EVENT,29.6558,3
688239.SH,20240221,EVENT,16.5783,4
688291.SH,20240221,EVENT,20.1216,4
603096.SH,20240221,EVENT,13.4804,7
603324.SH,20240221,EVENT,9.3815,4
301057.SZ,20240221,EVENT,26.7315,5
603683.SH,20240221,EVENT,12.1967,3
001336.SZ,20240221,EVENT,31.7912,4
600645.SH,20240221,EVENT,7.1983,4
300877.SZ,20240221,EVENT,12.3768,4
301003.SZ,20240221,EVENT,28.1777,3
300915.SZ,20240221,EVENT,8.5604,4
002076.SZ,20240221,EVENT,20.3527,4
603726.SH,20240221,EVENT,26.3124,6
003015.SZ,20240221,EVENT,26.2293,4
603378.SH,20240221,EVENT,18.526,2
688232.SH,20240221,EVENT,2.8722,6
600212.SH,20240221,EVENT,16.7842,5
603203.SH,20240221,EVENT,11.7128,5
688068.SH,20240221,EVENT,1.8232,4
605055.SH,20240221,EVENT,31.5433,4
688531.SH,20240221,EVENT,9.7089,4
600702.SH,20240221,EVENT,16.2289,2
603079.SH,20240221,EVENT,24.7612,3
002802.SZ,20240221,EVENT,21.3435,4
600261.SH,20240221,EVENT,11.9766,3
002787.SZ,20240221,EVENT,15.8512,4
301063.SZ,20240221,EVENT,21.141,4
301026.SZ,20240221,EVENT,15.6754,4
001228.SZ,20240221,EVENT,18.8766,7
603067.SH,20240221,EVENT,3.0096,4
002132.SZ,20240221,EVENT,13.8982,2
605388.SH,20240221,EVENT,12.9653,4
688681.SH,20240221,EVENT,25.1819,4
688001.SH,20240221,EVENT,9.1628,5
603166.SH,20240221,EVENT,16.6068,5
600173.SH,20240221,EVENT,12.8451,5
603517.SH,20240221,EVENT,2.4803,3
300878.SZ,20240221,EVENT,8.4545,8
300836.SZ,20240221,EVENT,26.8006,4
300014.SZ,20240221,EVENT,22.0849,3
300246.SZ,20240221,EVENT,25.2219,4
000949.SZ,20240221,EVENT,10.7131,4
000608.SZ,20240221,EVENT,28.9257,3
002117.SZ,20240221,EVENT,1.8404,5
301116.SZ,20240221,EVENT,13.7842,5
300629.SZ,20240221,EVENT,20.4767,5
301283.SZ,20240221,EVENT,11.4932,3
300897.SZ,20240221,EVENT,22.0918,4
301135.SZ,20240221,EVENT,14.8364,4
301085.SZ,20240221,EVENT,23.6099,7
301176.SZ,20240221,EVENT,30.1026,3
002424.SZ,20240208,EVENT,3.294,4
300719.SZ,20240208,EVENT,41.242,4
300947.SZ,20240208,EVENT,36.6438,7
301021.SZ,20240208,EVENT,88.3609,5
300878.SZ,20240208,EVENT,40.9829,7
301057.SZ,20240208,EVENT,58.5366,5
300285.SZ,20240208,EVENT,-0.0348,6
300997.SZ,20240208,EVENT,16.179,5
301097.SZ,20240208,EVENT,33.0818,6
301265.SZ,20240208,EVENT,23.5076,4
301317.SZ,20240208,EVENT,44.085,7
301227.SZ,20240208,EVENT,25.1757,5
300822.SZ,20240208,EVENT,59.5152,8
300463.SZ,20240208,EVENT,2.0798,6
301033.SZ,20240208,EVENT,51.5713,6
300102.SZ,20240208,EVENT,22.8244,4
300658.SZ,20240208,EVENT,52.1096,3
301059.SZ,20240208,EVENT,51.3823,9
301283.SZ,20240208,EVENT,22.0177,5
300472.SZ,20240208,EVENT,79.8969,8
300588.SZ,20240208,EVENT,57.028,9
301187.SZ,20240208,EVENT,34.5099,3
300903.SZ,20240208,EVENT,57.0264,7
300071.SZ,20240208,EVENT,43.8476,9
300051.SZ,20240208,EVENT,32.5899,4
301393.SZ,20240208,EVENT,18.3648,3
301258.SZ,20240208,EVENT,24.0138,3
300985.SZ,20240208,EVENT,42.5617,6
300884.SZ,20240208,EVENT,35.2765,3
300700.SZ,20240208,EVENT,58.5065,2
300912.SZ,20240208,EVENT,55.8988,5
300656.SZ,20240208,EVENT,17.8093,5
300440.SZ,20240208,EVENT,33.4876,5
300158.SZ,20240208,EVENT,1.3406,6
301515.SZ,20240208,EVENT,42.0099,5
300642.SZ,20240208,EVENT,30.5221,6
301121.SZ,20240208,EVENT,52.2284,6
301006.SZ,20240208,EVENT,41.3804,4
301382.SZ,20240208,EVENT,15.02,4
301290.SZ,20240208,EVENT,23.1452,4
300246.SZ,20240208,EVENT,51.6192,6
300802.SZ,20240208,EVENT,34.7275,6
300664.SZ,20240208,EVENT,8.367,3
300836.SZ,20240208,EVENT,60.9031,7
300592.SZ,20240208,EVENT,14.0608,3
301042.SZ,20240208,EVENT,52.7064,9
301123.SZ,20240208,EVENT,39.7952,7
600173.SH,20240208,EVENT,31.8293,7
301019.SZ,20240208,EVENT,37.5541,5
002879.SZ,20240208,EVENT,21.3348,7
605069.SH,20240208,EVENT,55.7961,4
002375.SZ,20240208,EVENT,10.7902,6
300349.SZ,20240208,EVENT,28.4234,4
002951.SZ,20240208,EVENT,72.5282,6
001211.SZ,20240208,EVENT,60.4886,7
600793.SH,20240208,EVENT,30.2347,6
002798.SZ,20240208,EVENT,59.4158,7
603990.SH,20240208,EVENT,13.0586,6
002688.SZ,20240208,EVENT,32.4504,7
002980.SZ,20240208,EVENT,43.7216,4
001228.SZ,20240208,EVENT,34.2498,4
300456.SZ,20240208,EVENT,12.829,7
002661.SZ,20240208,EVENT,18.8567,4
002975.SZ,20240208,EVENT,33.7538,5
000035.SZ,20240208,EVENT,-2.6375,5
002560.SZ,20240208,EVENT,4.9351,4
300244.SZ,20240208,EVENT,8.7189,6
300143.SZ,20240208,EVENT,2.7691,6
002556.SZ,20240208,EVENT,8.897,4
002925.SZ,20240208,EVENT,8.4709,4
300758.SZ,20240208,EVENT,37.4185,6
001313.SZ,20240208,EVENT,22.2581,5
003012.SZ,20240208,EVENT,-0.2829,4
300054.SZ,20240208,EVENT,2.9218,6
002098.SZ,20240208,EVENT,36.8939,7
300259.SZ,20240208,EVENT,21.5128,5
002666.SZ,20240208,EVENT,19.1415,4
002676.SZ,20240208,EVENT,31.3323,5
301335.SZ,20240208,EVENT,31.9729,6
002058.SZ,20240208,EVENT,31.3303,6
002034.SZ,20240208,EVENT,1.0861,4
002846.SZ,20240208,EVENT,54.8313,7
003001.SZ,20240208,EVENT,53.7648,6
688260.SH,20240208,EVENT,79.4901,6
002420.SZ,20240208,EVENT,57.5346,9
000608.SZ,20240208,EVENT,41.0348,6
688517.SH,20240208,EVENT,45.628,6
688228.SH,20240208,EVENT,70.5705,4
002117.SZ,20240208,EVENT,15.5048,7
002663.SZ,20240208,EVENT,4.1956,3
001205.SZ,20240208,EVENT,22.9599,6
002402.SZ,20240208,EVENT,7.4768,5
000926.SZ,20240208,EVENT,14.4838,5
300567.SZ,20240208,EVENT,19.3793,6
301323.SZ,20240208,EVENT,23.5717,7
002641.SZ,20240208,EVENT,20.865,4
002943.SZ,20240208,EVENT,55.9078,5
002683.SZ,20240208,EVENT,0.6336,4
301206.SZ,20240208,EVENT,8.964,6
000656.SZ,20240208,EVENT,7.7335,3
300407.SZ,20240208,EVENT,44.3893,7
002029.SZ,20240208,EVENT,7.7665,4
300562.SZ,20240208,EVENT,56.2412,7
001256.SZ,20240208,EVENT,24.7613,7
002111.SZ,20240208,EVENT,23.4874,6
002457.SZ,20240208,EVENT,24.5137,6
002169.SZ,20240208,EVENT,16.9996,5
002658.SZ,20240208,EVENT,20.369,8
002759.SZ,20240208,EVENT,29.1046,5
002947.SZ,20240208,EVENT,32.0287,5
300629.SZ,20240208,EVENT,10.5727,7
688001.SH,20240208,EVENT,9.1781,8
002979.SZ,20240208,EVENT,47.5295,7
688321.SH,20240208,EVENT,8.067,8
002819.SZ,20240208,EVENT,0.3933,3
002634.SZ,20240208,EVENT,31.7464,3
003016.SZ,20240208,EVENT,31.579,5
002093.SZ,20240208,EVENT,25.5976,6
002351.SZ,20240208,EVENT,8.3137,6
002627.SZ,20240208,EVENT,12.1666,5
000726.SZ,20240208,EVENT,6.5821,4
002376.SZ,20240208,EVENT,22.0778,7
002274.SZ,20240208,EVENT,10.9127,4
002933.SZ,20240208,EVENT,29.7317,6
301196.SZ,20240208,EVENT,16.2891,4
688619.SH,20240208,EVENT,65.7985,7
603506.SH,20240208,EVENT,38.3935,6
600979.SH,20240208,EVENT,9.9303,5
688078.SH,20240208,EVENT,42.8683,7
600536.SH,20240208,EVENT,16.4014,4
688286.SH,20240208,EVENT,74.0307,6
601003.SH,20240208,EVENT,10.834,4
603967.SH,20240208,EVENT,24.9688,6
603818.SH,20240208,EVENT,46.3548,6
688683.SH,20240208,EVENT,71.2733,6
600459.SH,20240208,EVENT,0.0309,5
300437.SZ,20240208,EVENT,25.1527,3
002820.SZ,20240208,EVENT,33.8462,5
002099.SZ,20240208,EVENT,15.7762,6
301248.SZ,20240208,EVENT,56.3514,7
002960.SZ,20240208,EVENT,10.5613,4
301260.SZ,20240208,EVENT,59.8,5
688651.SH,20240208,EVENT,43.7612,5
688484.SH,20240208,EVENT,38.4794,7
603936.SH,20240208,EVENT,25.7395,6
603800.SH,20240208,EVENT,17.9312,5
688525.SH,20240208,EVENT,102.9662,4
688659.SH,20240208,EVENT,60.1231,6
605298.SH,20240208,EVENT,62.0036,6
300566.SZ,20240208,EVENT,50.8331,4
688486.SH,20240208,EVENT,26.6819,4
688047.SH,20240208,EVENT,21.6025,6
688519.SH,20240208,EVENT,106.6018,5
603629.SH,20240208,EVENT,48.0719,7
688392.SH,20240208,EVENT,12.5453,3
600702.SH,20240208,EVENT,9.1451,3
603399.SH,20240208,EVENT,29.4746,6
002008.SZ,20240208,EVENT,0.6458,7
603002.SH,20240208,EVENT,34.467,7
688362.SH,20240208,EVENT,29.6462,6
600661.SH,20240208,EVENT,57.015,6
603822.SH,20240208,EVENT,37.0312,5
688220.SH,20240208,EVENT,0.4311,7
600120.SH,20240208,EVENT,3.0686,5
688008.SH,20240208,EVENT,4.0723,4
605389.SH,20240208,EVENT,44.8833,3
603278.SH,20240208,EVENT,38.4555,7
688193.SH,20240208,EVENT,46.714,6
600379.SH,20240208,EVENT,20.6724,5
603080.SH,20240208,EVENT,27.7392,5
605500.SH,20240208,EVENT,27.2003,4
688571.SH,20240208,EVENT,33.3202,6
600109.SH,20240208,EVENT,0.641,6
603725.SH,20240208,EVENT,44.706,6
600557.SH,20240208,EVENT,12.1136,4
688426.SH,20240208,EVENT,29.6956,8
301228.SZ,20240208,EVENT,78.2714,6
300203.SZ,20240208,EVENT,31.1895,2
301108.SZ,20240208,EVENT,10.288,5
300084.SZ,20240208,EVENT,29.2916,6
301110.SZ,20240208,EVENT,39.5238,6
301125.SZ,20240208,EVENT,72.4488,5
300571.SZ,20240208,EVENT,32.189,6
002455.SZ,20240208,EVENT,54.6035,6
002908.SZ,20240208,EVENT,13.5538,5
603115.SH,20240208,EVENT,16.955,7
688700.SH,20240208,EVENT,44.2714,6
603063.SH,20240208,EVENT,13.1497,3
605060.SH,20240208,EVENT,37.2147,4
002895.SZ,20240208,EVENT,13.7033,4
002645.SZ,20240208,EVENT,31.8467,7
600884.SH,20240208,EVENT,-2.3602,5
688435.SH,20240208,EVENT,30.1365,5
003030.SZ,20240208,EVENT,33.9074,6
688320.SH,20240208,EVENT,17.1118,5
300347.SZ,20240208,EVENT,12.1898,4
688610.SH,20240208,EVENT,31.5654,5
688596.SH,20240208,EVENT,14.1093,6
688166.SH,20240208,EVENT,17.0188,7
603889.SH,20240208,EVENT,9.3008,3
603005.SH,20240208,EVENT,7.6978,7
688356.SH,20240208,EVENT,29.1218,6
688553.SH,20240208,EVENT,18.439,6
603986.SH,20240208,EVENT,38.2324,4
002687.SZ,20240208,EVENT,17.7774,7
603657.SH,20240208,EVENT,43.6775,4
600774.SH,20240208,EVENT,44.157,4
688288.SH,20240208,EVENT,61.0557,7
600865.SH,20240208,EVENT,30.3009,6
688560.SH,20240208,EVENT,38.7325,4
603127.SH,20240208,EVENT,21.3354,6
603221.SH,20240208,EVENT,45.1735,6
600433.SH,20240208,EVENT,10.9047,7
688603.SH,20240208,EVENT,97.9982,8
600746.SH,20240208,EVENT,8.9204,7
603232.SH,20240208,EVENT,23.633,4
603711.SH,20240208,EVENT,15.6822,6
603116.SH,20240208,EVENT,40.8443,4
603429.SH,20240208,EVENT,27.9139,7
002909.SZ,20240208,EVENT,62.6236,5
688176.SH,20240208,EVENT,52.5905,6
688136.SH,20240208,EVENT,39.8095,5
688373.SH,20240208,EVENT,37.1125,6
603811.SH,20240208,EVENT,22.3863,7
688646.SH,20240208,EVENT,27.2678,5
603119.SH,20240208,EVENT,17.248,4
688531.SH,20240208,EVENT,43.4551,4
603687.SH,20240208,EVENT,19.7584,5
600232.SH,20240208,EVENT,52.7725,8
002347.SZ,20240208,EVENT,31.4898,3
003038.SZ,20240208,EVENT,13.9044,4
000404.SZ,20240208,EVENT,27.9667,5
600094.SH,20240208,EVENT,7.0928,4
002484.SZ,20240208,EVENT,10.5202,4
688084.SH,20240208,EVENT,42.5799,7
001283.SZ,20240208,EVENT,31.1242,5
605183.SH,20240208,EVENT,19.2165,5
688337.SH,20240208,EVENT,19.9809,4
603656.SH,20240208,EVENT,57.8481,4
300639.SZ,20240208,EVENT,2.672,7
600222.SH,20240208,EVENT,26.2268,8
603558.SH,20240208,EVENT,6.1519,4
688097.SH,20240208,EVENT,37.8591,8
605167.SH,20240208,EVENT,42.3568,4
688593.SH,20240208,EVENT,30.1658,7
603633.SH,20240208,EVENT,20.8062,7
605299.SH,20240208,EVENT,30.7689,4
603408.SH,20240208,EVENT,30.1396,5
300963.SZ,20240222,EVENT,13.8935,4
300639.SZ,20240222,EVENT,2.9218,3
300845.SZ,20240222,EVENT,19.1535,4
301336.SZ,20240222,EVENT,19.2779,3
688381.SH,20240222,EVENT,14.0857,4
688288.SH,20240222,EVENT,19.5082,4
002811.SZ,20240222,EVENT,29.3078,5
002917.SZ,20240222,EVENT,12.6392,4
301366.SZ,20240222,EVENT,23.4946,4
301225.SZ,20240222,EVENT,15.886,6
301059.SZ,20240222,EVENT,13.9168,6
300822.SZ,20240222,EVENT,16.5176,6
300903.SZ,20240222,EVENT,33.4256,6
300643.SZ,20240222,EVENT,18.5606,5
002132.SZ,20240222,EVENT,13.1819,2
002634.SZ,20240222,EVENT,11.9756,5
002769.SZ,20240222,EVENT,10.8389,5
002098.SZ,20240222,EVENT,9.5323,6
688390.SH,20240222,EVENT,8.3166,3
301321.SZ,20240222,EVENT,15.0405,7
301389.SZ,20240222,EVENT,15.7895,4
301065.SZ,20240222,EVENT,10.4705,5
300203.SZ,20240222,EVENT,28.0694,2
300985.SZ,20240222,EVENT,14.0584,4
301280.SZ,20240222,EVENT,25.8119,6
300700.SZ,20240222,EVENT,19.8525,5
600543.SH,20240222,EVENT,2.0702,5
603356.SH,20240222,EVENT,3.7381,3
688138.SH,20240222,EVENT,17.3691,4
002753.SZ,20240222,EVENT,7.8949,3
002663.SZ,20240222,EVENT,4.027,3
002921.SZ,20240222,EVENT,17.0566,8
603017.SH,20240222,EVENT,8.766,3
002331.SZ,20240222,EVENT,21.9633,6
688123.SH,20240222,EVENT,27.4063,4
688699.SH,20240222,EVENT,16.4988,6
601615.SH,20240222,EVENT,10.695,3
688718.SH,20240222,EVENT,15.1669,3
603755.SH,20240222,EVENT,0.9139,4
688593.SH,20240222,EVENT,9.1853,6
688084.SH,20240222,EVENT,19.4831,4
688486.SH,20240222,EVENT,14.651,5
300407.SZ,20240222,EVENT,14.8788,4
601113.SH,20240222,EVENT,4.7076,3
688519.SH,20240222,EVENT,30.8196,4
603008.SH,20240222,EVENT,17.7687,5
688432.SH,20240222,EVENT,12.6642,5
688426.SH,20240222,EVENT,0.4188,4
001296.SZ,20240222,EVENT,8.4507,3
603818.SH,20240222,EVENT,19.2588,3
688616.SH,20240222,EVENT,12.9279,4
688237.SH,20240222,EVENT,8.4462,4
688252.SH,20240222,EVENT,22.0699,4
688173.SH,20240222,EVENT,32.0942,5
688286.SH,20240222,EVENT,17.4748,4
001222.SZ,20240222,EVENT,7.7494,3
603725.SH,20240222,EVENT,11.2355,4
300642.SZ,20240222,EVENT,7.3812,5
603626.SH,20240222,EVENT,17.8343,7
603416.SH,20240222,EVENT,11.952,4
600645.SH,20240222,EVENT,6.2276,6
603822.SH,20240222,EVENT,9.822,4
603629.SH,20240222,EVENT,28.7602,5
603528.SH,20240222,EVENT,23.2344,9
300873.SZ,20240222,EVENT,3.0165,4
300786.SZ,20240222,EVENT,21.5349,4
301072.SZ,20240222,EVENT,8.6052,5
301021.SZ,20240222,EVENT,49.2787,3
301320.SZ,20240222,EVENT,22.7486,2
301033.SZ,20240222,EVENT,17.0654,6
300658.SZ,20240222,EVENT,22.324,2
300978.SZ,20240222,EVENT,18.5613,5
301110.SZ,20240222,EVENT,18.938,3
300497.SZ,20240222,EVENT,13.8773,3
301222.SZ,20240222,EVENT,15.1191,3
300331.SZ,20240222,EVENT,16.8173,3
603822.SH,20240219,EVENT,12.1809,4
300640.SZ,20240219,EVENT,27.6019,6
301313.SZ,20240219,EVENT,12.426,6
300405.SZ,20240219,EVENT,48.6403,4
300834.SZ,20240219,EVENT,7.7968,4
301075.SZ,20240219,EVENT,35.476,5
301097.SZ,20240219,EVENT,14.3349,6
301320.SZ,20240219,EVENT,18.0184,3
300845.SZ,20240219,EVENT,44.2189,6
301121.SZ,20240219,EVENT,31.8026,5
300995.SZ,20240219,EVENT,49.3443,6
301107.SZ,20240219,EVENT,25.563,6
301280.SZ,20240219,EVENT,28.7267,6
301270.SZ,20240219,EVENT,3.8617,7
300786.SZ,20240219,EVENT,75.4191,6
300331.SZ,20240219,EVENT,14.3499,5
300371.SZ,20240219,EVENT,24.9231,6
688288.SH,20240219,EVENT,41.7762,7
000925.SZ,20240219,EVENT,11.7965,6
600067.SH,20240219,EVENT,22.3202,6
688020.SH,20240219,EVENT,72.0272,8
002712.SZ,20240219,EVENT,26.6683,7
688143.SH,20240219,EVENT,16.4675,6
300688.SZ,20240219,EVENT,9.992,5
603725.SH,20240219,EVENT,25.5877,6
002713.SZ,20240219,EVENT,18.0315,3
002787.SZ,20240219,EVENT,32.3032,8
301187.SZ,20240219,EVENT,8.6836,4
301325.SZ,20240219,EVENT,1.6266,4
300162.SZ,20240219,EVENT,28.8943,7
300171.SZ,20240219,EVENT,0.4648,6
301135.SZ,20240219,EVENT,20.6191,5
301033.SZ,20240219,EVENT,21.0196,8
301065.SZ,20240219,EVENT,25.9876,5
301257.SZ,20240219,EVENT,0.8049,5
003002.SZ,20240219,EVENT,0.5351,3
688326.SH,20240219,EVENT,21.9329,5
300335.SZ,20240219,EVENT,20.7462,6
300448.SZ,20240219,EVENT,32.6981,6
300564.SZ,20240219,EVENT,47.0751,7
002996.SZ,20240219,EVENT,26.5112,6
002072.SZ,20240219,EVENT,59.5494,5
002627.SZ,20240219,EVENT,4.7841,4
603790.SH,20240219,EVENT,30.1903,5
002492.SZ,20240219,EVENT,18.2201,7
001202.SZ,20240219,EVENT,25.3308,6
300599.SZ,20240219,EVENT,26.1884,5
300441.SZ,20240219,EVENT,9.8795,6
001209.SZ,20240219,EVENT,31.9275,4
300407.SZ,20240219,EVENT,25.37,6
603839.SH,20240219,EVENT,29.7156,5
002669.SZ,20240219,EVENT,3.6475,4
003017.SZ,20240219,EVENT,26.1212,8
603879.SH,20240219,EVENT,52.2757,5
002375.SZ,20240219,EVENT,0.363,6
301149.SZ,20240219,EVENT,9.0957,4
000803.SZ,20240219,EVENT,26.3495,5
300877.SZ,20240219,EVENT,20.5111,4
600858.SH,20240219,EVENT,15.3782,4
002829.SZ,20240219,EVENT,21.7337,5
688683.SH,20240219,EVENT,34.1926,4
002548.SZ,20240219,EVENT,15.8035,4
600173.SH,20240219,EVENT,21.0197,8
002657.SZ,20240219,EVENT,19.0839,6
000589.SZ,20240219,EVENT,5.9181,3
688088.SH,20240219,EVENT,-2.7737,6
688038.SH,20240219,EVENT,44.765,6
003030.SZ,20240219,EVENT,17.7472,5
002058.SZ,20240219,EVENT,18.4144,6
000695.SZ,20240219,EVENT,14.6104,3
300245.SZ,20240219,EVENT,26.3182,7
301306.SZ,20240219,EVENT,17.9313,5
300743.SZ,20240219,EVENT,23.7403,5
603017.SH,20240219,EVENT,19.7679,5
603798.SH,20240219,EVENT,38.739,3
603378.SH,20240219,EVENT,22.5818,6
300563.SZ,20240219,EVENT,28.2828,4
000035.SZ,20240219,EVENT,-1.329,5
603313.SH,20240219,EVENT,12.0877,5
002455.SZ,20240219,EVENT,37.8262,5
002802.SZ,20240219,EVENT,30.8784,7
002404.SZ,20240219,EVENT,7.8423,4
603166.SH,20240219,EVENT,18.6409,7
002836.SZ,20240219,EVENT,47.7288,6
002798.SZ,20240219,EVENT,46.716,7
600743.SH,20240219,EVENT,16.0702,5
300868.SZ,20240219,EVENT,43.4468,6
002811.SZ,20240219,EVENT,60.5149,6
001201.SZ,20240219,EVENT,9.2628,7
301290.SZ,20240219,EVENT,3.961,6
301158.SZ,20240219,EVENT,15.0569,7
301063.SZ,20240219,EVENT,30.2414,6
001215.SZ,20240219,EVENT,0.7042,4
600826.SH,20240219,EVENT,4.3948,3
600539.SH,20240219,EVENT,48.8321,6
688138.SH,20240219,EVENT,7.728,9
688390.SH,20240219,EVENT,2.2825,4
603700.SH,20240219,EVENT,14.4396,5
688646.SH,20240219,EVENT,5.7759,7
688392.SH,20240219,EVENT,2.8605,5
002034.SZ,20240219,EVENT,-3.3667,4
600865.SH,20240219,EVENT,17.3633,6
300998.SZ,20240219,EVENT,29.1291,4
000656.SZ,20240219,EVENT,12.0464,3
605298.SH,20240219,EVENT,45.4837,5
688528.SH,20240219,EVENT,43.5886,7
688618.SH,20240219,EVENT,7.7629,5
603039.SH,20240219,EVENT,2.3887,6
002093.SZ,20240219,EVENT,12.8046,8
300365.SZ,20240219,EVENT,15.7208,5
002346.SZ,20240219,EVENT,8.6189,4
002208.SZ,20240219,EVENT,9.1551,6
605388.SH,20240219,EVENT,16.0658,6
688517.SH,20240219,EVENT,16.2706,7
603182.SH,20240219,EVENT,27.3162,6
300939.SZ,20240219,EVENT,5.8328,7
688229.SH,20240219,EVENT,28.8555,9
688472.SH,20240219,EVENT,5.6875,3
600375.SH,20240219,EVENT,45.3798,5
603967.SH,20240219,EVENT,12.6377,6
603063.SH,20240219,EVENT,10.7857,4
002908.SZ,20240219,EVENT,2.6458,5
002909.SZ,20240219,EVENT,48.2202,4
603048.SH,20240219,EVENT,26.964,5
603201.SH,20240219,EVENT,12.7039,6
600843.SH,20240219,EVENT,11.8794,3
603990.SH,20240219,EVENT,5.4389,4
002873.SZ,20240219,EVENT,5.6917,6
002879.SZ,20240219,EVENT,10.7846,6
000949.SZ,20240219,EVENT,6.7579,6
002980.SZ,20240219,EVENT,25.2517,5
002452.SZ,20240219,EVENT,30.8625,6
603115.SH,20240219,EVENT,9.1081,7
600212.SH,20240219,EVENT,23.821,3
001324.SZ,20240219,EVENT,17.7351,7
002921.SZ,20240219,EVENT,35.2588,6
600746.SH,20240219,EVENT,2.5591,6
688068.SH,20240219,EVENT,2.9524,8
300881.SZ,20240219,EVENT,20.3583,7
300354.SZ,20240219,EVENT,8.4544,4
001296.SZ,20240219,EVENT,12.548,6
000862.SZ,20240219,EVENT,10.84,3
002658.SZ,20240219,EVENT,10.6586,7
301397.SZ,20240219,EVENT,2.9452,7
002641.SZ,20240219,EVENT,10.4759,4
603828.SH,20240219,EVENT,45.8992,5
002082.SZ,20240219,EVENT,22.0467,6
300897.SZ,20240219,EVENT,18.7296,5
000850.SZ,20240219,EVENT,12.7805,4
688581.SH,20240219,EVENT,40.8798,5
300664.SZ,20240219,EVENT,-0.585,4
605060.SH,20240219,EVENT,1.6138,3
301298.SZ,20240219,EVENT,12.264,7
000818.SZ,20240219,EVENT,0.917,5
002117.SZ,20240219,EVENT,4.528,7
003010.SZ,20240219,EVENT,20.4948,7
300420.SZ,20240219,EVENT,8.5248,8
301206.SZ,20240219,EVENT,2.2024,8
605183.SH,20240219,EVENT,8.476,5
688315.SH,20240219,EVENT,2.27,6
688029.SH,20240219,EVENT,21.9206,5
002796.SZ,20240219,EVENT,33.5313,8
002947.SZ,20240219,EVENT,14.0502,4
688123.SH,20240219,EVENT,24.9615,6
688391.SH,20240219,EVENT,5.0438,4
688681.SH,20240219,EVENT,29.3306,6
688089.SH,20240219,EVENT,12.8788,6
688700.SH,20240219,EVENT,35.3445,6
603657.SH,20240219,EVENT,27.3046,4
603551.SH,20240219,EVENT,9.406,2
603221.SH,20240219,EVENT,27.1792,5
002826.SZ,20240219,EVENT,36.7656,6
603755.SH,20240219,EVENT,20.3367,6
301486.SZ,20240219,EVENT,14.9414,7
688012.SH,20240219,EVENT,2.828,4
001222.SZ,20240219,EVENT,21.6401,4
600232.SH,20240219,EVENT,38.2307,8
601089.SH,20240219,EVENT,2.942,5
603936.SH,20240219,EVENT,10.1556,5
603811.SH,20240219,EVENT,7.8947,8
603517.SH,20240219,EVENT,2.2387,3
600774.SH,20240219,EVENT,27.6381,4
688662.SH,20240219,EVENT,64.2999,5
688571.SH,20240219,EVENT,12.6211,4
603933.SH,20240219,EVENT,35.2589,6
600557.SH,20240219,EVENT,5.3504,5
000404.SZ,20240219,EVENT,14.1494,3
002169.SZ,20240219,EVENT,8.2001,5
603356.SH,20240219,EVENT,17.2326,4
603416.SH,20240219,EVENT,-0.7565,5
003001.SZ,20240219,EVENT,32.1874,4
001318.SZ,20240219,EVENT,0.4201,3
002858.SZ,20240219,EVENT,30.1786,8
002420.SZ,20240219,EVENT,41.5826,7
002062.SZ,20240219,EVENT,3.2428,5
003023.SZ,20240219,EVENT,22.4179,8
603203.SH,20240219,EVENT,33.9173,5
300800.SZ,20240219,EVENT,19.4152,5
603429.SH,20240219,EVENT,18.0707,7
688498.SH,20240219,EVENT,18.2258,4
301282.SZ,20240219,EVENT,24.0534,5
688523.SH,20240219,EVENT,8.0811,6
002376.SZ,20240219,EVENT,11.21,7
600192.SH,20240219,EVENT,41.5509,7
300214.SZ,20240219,EVENT,7.5528,5
603656.SH,20240219,EVENT,43.8667,3
301026.SZ,20240223,EVENT,15.7269,3
301258.SZ,20240223,EVENT,4.3215,4
301085.SZ,20240223,EVENT,2.0947,5
300745.SZ,20240223,EVENT,11.4433,4
003004.SZ,20240223,EVENT,13.1539,7
600543.SH,20240223,EVENT,11.5767,5
002910.SZ,20240223,EVENT,4.898,4
300101.SZ,20240223,EVENT,13.5595,5
300132.SZ,20240223,EVENT,8.1333,3
300834.SZ,20240223,EVENT,7.4119,4
301326.SZ,20240223,EVENT,18.4411,3
301237.SZ,20240223,EVENT,6.1551,4
301279.SZ,20240223,EVENT,7.7944,4
301176.SZ,20240223,EVENT,11.4809,4
301012.SZ,20240223,EVENT,35.0919,2
300074.SZ,20240223,EVENT,15.2335,5
300135.SZ,20240223,EVENT,6.8534,6
688356.SH,20240223,EVENT,9.0809,5
001336.SZ,20240223,EVENT,4.324,4
002312.SZ,20240223,EVENT,0.0597,7
002494.SZ,20240223,EVENT,9.1557,4
002980.SZ,20240223,EVENT,8.6122,4
301353.SZ,20240223,EVENT,10.0257,4
301335.SZ,20240223,EVENT,4.8511,4
688528.SH,20240223,EVENT,12.4241,5
300828.SZ,20240223,EVENT,17.4342,3
603885.SH,20240223,EVENT,0.3844,1
300068.SZ,20240223,EVENT,9.7677,3
002431.SZ,20240223,EVENT,24.6309,2
603683.SH,20240223,EVENT,10.7466,3
603822.SH,20240223,EVENT,5.6859,4
603166.SH,20240223,EVENT,10.195,3
603067.SH,20240223,EVENT,2.3115,4
001299.SZ,20240223,EVENT,13.3455,6
688081.SH,20240223,EVENT,8.9743,4
601615.SH,20240223,EVENT,7.3467,3
605300.SH,20240223,EVENT,2.4264,5
603928.SH,20240223,EVENT,10.5773,3
603356.SH,20240223,EVENT,27.2805,4
600199.SH,20240223,EVENT,17.1605,5
688435.SH,20240223,EVENT,17.1202,4
603811.SH,20240223,EVENT,4.786,4
688195.SH,20240223,EVENT,9.1147,6
002796.SZ,20240223,EVENT,16.1955,6
001360.SZ,20240223,EVENT,8.9127,3
688237.SH,20240223,EVENT,3.5961,7
600643.SH,20240223,EVENT,-0.5017,3
688485.SH,20240223,EVENT,8.1075,4
688543.SH,20240223,EVENT,12.8766,3
300564.SZ,20240223,EVENT,7.8255,4
300997.SZ,20240223,EVENT,5.1295,3
301097.SZ,20240223,EVENT,12.9325,4
300902.SZ,20240223,EVENT,12.1321,3
603708.SH,20240223,EVENT,-0.1337,3
002420.SZ,20240223,EVENT,7.2074,3
688503.SH,20240223,EVENT,23.8929,3
603119.SH,20240223,EVENT,11.1855,6
688486.SH,20240223,EVENT,11.6935,3
688519.SH,20240223,EVENT,21.1413,5
603324.SH,20240223,EVENT,9.4787,2
603726.SH,20240223,EVENT,14.4062,5
688523.SH,20240223,EVENT,14.4877,4
300897.SZ,20240223,EVENT,12.6692,5
002058.SZ,20240223,EVENT,5.3882,4
300875.SZ,20240226,EVENT,17.84,3
301225.SZ,20240226,EVENT,2.734,6
301033.SZ,20240226,EVENT,6.3329,5
301116.SZ,20240226,EVENT,2.5308,6
301059.SZ,20240226,EVENT,6.8792,5
301234.SZ,20240226,EVENT,6.3532,5
301222.SZ,20240226,EVENT,5.9421,5
300801.SZ,20240226,EVENT,2.6364,5
300221.SZ,20240226,EVENT,7.6522,4
001211.SZ,20240226,EVENT,0.7732,3
300629.SZ,20240226,EVENT,10.5192,5
603028.SH,20240226,EVENT,7.7249,6
603506.SH,20240226,EVENT,0.6836,2
301366.SZ,20240226,EVENT,22.3566,7
300845.SZ,20240226,EVENT,4.315,5
300828.SZ,20240226,EVENT,12.4003,6
603281.SH,20240226,EVENT,0.351,3
688291.SH,20240226,EVENT,5.88,4
688173.SH,20240226,EVENT,22.3339,4
603321.SH,20240226,EVENT,7.0208,5
300122.SZ,20240226,EVENT,-3.8677,3
300776.SZ,20240226,EVENT,2.0358,4
300597.SZ,20240226,EVENT,4.259,6
301389.SZ,20240226,EVENT,11.6526,5
300154.SZ,20240226,EVENT,5.442,3
301130.SZ,20240226,EVENT,11.839,4
300014.SZ,20240226,EVENT,17.8469,3
300836.SZ,20240226,EVENT,27.0721,4
301237.SZ,20240226,EVENT,-0.9518,4
603017.SH,20240226,EVENT,1.3414,5
002975.SZ,20240226,EVENT,28.6857,3
600525.SH,20240226,EVENT,3.0727,5
688391.SH,20240226,EVENT,18.6271,2
688138.SH,20240226,EVENT,7.9021,4
688362.SH,20240226,EVENT,5.6173,3
300331.SZ,20240226,EVENT,6.3403,5
688581.SH,20240226,EVENT,-3.7815,4
002058.SZ,20240226,EVENT,5.2106,5
002753.SZ,20240226,EVENT,-1.5463,4
688383.SH,20240226,EVENT,3.896,5
688478.SH,20240226,EVENT,-3.3519,5
603885.SH,20240226,EVENT,0.6229,2
002899.SZ,20240226,EVENT,9.7108,4
301336.SZ,20240226,EVENT,2.4991,4
301149.SZ,20240226,EVENT,9.3802,4
600232.SH,20240226,EVENT,6.1107,6
688170.SH,20240226,EVENT,1.4885,6
688193.SH,20240226,EVENT,0.1229,3
688517.SH,20240226,EVENT,9.6326,4
688217.SH,20240226,EVENT,-2.6969,3
300912.SZ,20240226,EVENT,7.9187,5
603726.SH,20240226,EVENT,11.352,6
603096.SH,20240226,EVENT,8.7751,3
603811.SH,20240226,EVENT,1.0805,4
001336.SZ,20240226,EVENT,3.0931,4
002084.SZ,20240226,EVENT,11.4608,4
002556.SZ,20240226,EVENT,9.0894,3
688321.SH,20240226,EVENT,3.2275,4
300786.SZ,20240226,EVENT,11.775,6
603687.SH,20240226,EVENT,15.9408,5
605388.SH,20240226,EVENT,2.454,3
603629.SH,20240226,EVENT,20.0688,6
300688.SZ,20240226,EVENT,1.6734,5
301370.SZ,20240227,EVENT,3.7812,3
301233.SZ,20240227,EVENT,18.8945,3
301197.SZ,20240227,EVENT,7.6675,4
301033.SZ,20240227,EVENT,8.8729,3
301187.SZ,20240227,EVENT,12.505,3
301353.SZ,20240227,EVENT,1.294,8
300686.SZ,20240227,EVENT,20.8428,5
301158.SZ,20240227,EVENT,6.3486,6
301123.SZ,20240227,EVENT,9.0229,5
300124.SZ,20240227,EVENT,7.4115,4
301125.SZ,20240227,EVENT,19.4739,6
300546.SZ,20240227,EVENT,8.7221,5
688291.SH,20240227,EVENT,6.5787,4
002796.SZ,20240227,EVENT,8.6536,6
002594.SZ,20240227,EVENT,6.5041,2
688455.SH,20240227,EVENT,-0.9865,6
688133.SH,20240227,EVENT,4.0845,5
605336.SH,20240227,EVENT,2.1068,4
300207.SZ,20240201,EVENT,2.2172,2
300005.SZ,20240201,EVENT,9.7497,6
300531.SZ,20240201,EVENT,28.8485,4
301325.SZ,20240201,EVENT,1.3302,4
300700.SZ,20240201,EVENT,30.9375,4
600703.SH,20240201,EVENT,7.7714,4
300337.SZ,20240201,EVENT,4.4115,5
300244.SZ,20240201,EVENT,26.8057,5
300672.SZ,20240201,EVENT,37.8749,4
688176.SH,20240201,EVENT,6.3171,3
688072.SH,20240201,EVENT,-0.6699,4
688485.SH,20240201,EVENT,2.0265,5
688536.SH,20240201,EVENT,38.8155,6
688281.SH,20240201,EVENT,-0.9356,4
688369.SH,20240201,EVENT,50.7638,8
603185.SH,20240201,EVENT,19.9174,3
688538.SH,20240201,EVENT,-2.6204,4
002352.SZ,20240201,EVENT,2.7511,5
688007.SH,20240201,EVENT,38.1178,5
688143.SH,20240201,EVENT,6.3483,6
688088.SH,20240201,EVENT,7.1438,6
688696.SH,20240201,EVENT,4.752,4
688206.SH,20240201,EVENT,8.3499,7
688690.SH,20240201,EVENT,17.0317,7
002271.SZ,20240201,EVENT,-1.2561,4
688232.SH,20240201,EVENT,5.5373,6
688390.SH,20240201,EVENT,22.2687,2
300702.SZ,20240201,EVENT,-1.3535,5
002385.SZ,20240201,EVENT,0.9574,6
688029.SH,20240201,EVENT,16.5783,3
000555.SZ,20240201,EVENT,2.275,6
300578.SZ,20240201,EVENT,10.1954,7
300835.SZ,20240201,EVENT,-3.2452,7
300154.SZ,20240201,EVENT,3.6386,4
688192.SH,20240201,EVENT,7.126,5
688392.SH,20240201,EVENT,6.0387,3
688069.SH,20240201,EVENT,-8.8003,4
300745.SZ,20240201,EVENT,6.7668,6
603901.SH,20240201,EVENT,-0.4208,4
688018.SH,20240201,EVENT,-2.8226,4
000589.SZ,20240201,EVENT,-0.2849,5
002373.SZ,20240201,EVENT,-2.3918,4
688311.SH,20240201,EVENT,63.7219,6
002535.SZ,20240201,EVENT,-9.318,3
002129.SZ,20240201,EVENT,12.1762,3
000925.SZ,20240201,EVENT,1.3894,4
600330.SH,20240201,EVENT,2.6895,6
001217.SZ,20240201,EVENT,-8.6801,2
600572.SH,20240201,EVENT,-6.336,4
600580.SH,20240201,EVENT,1.0237,5
688293.SH,20240201,EVENT,2.0492,5
002353.SZ,20240201,EVENT,-1.9503,4
000633.SZ,20240201,EVENT,2.8206,4
300790.SZ,20240201,EVENT,37.5902,6
002099.SZ,20240201,EVENT,15.3823,5
688292.SH,20240201,EVENT,1.5847,5
603286.SH,20240201,EVENT,5.5886,3
688686.SH,20240201,EVENT,8.2836,5
603061.SH,20240201,EVENT,8.6949,2
688603.SH,20240201,EVENT,61.6677,4
002346.SZ,20240201,EVENT,2.3782,3
688152.SH,20240201,EVENT,0.1066,4
603321.SH,20240228,EVENT,2.3725,3
300947.SZ,20240228,EVENT,-0.3783,2
300405.SZ,20240228,EVENT,0.4401,4
300995.SZ,20240228,EVENT,30.7898,4
688429.SH,20240228,EVENT,3.8774,4
688136.SH,20240228,EVENT,6.2149,4
002671.SZ,20240228,EVENT,2.707,6
688528.SH,20240228,EVENT,4.2363,4
002272.SZ,20240228,EVENT,34.2956,3
688593.SH,20240228,EVENT,0.9923,5
001360.SZ,20240228,EVENT,0.7382,5
605018.SH,20240228,EVENT,3.9196,5
603879.SH,20240228,EVENT,30.0887,4
001211.SZ,20240228,EVENT,1.2234,4
605055.SH,20240228,EVENT,1.2054,5
600853.SH,20240228,EVENT,1.9062,3
603017.SH,20240228,EVENT,2.9104,3
603219.SH,20240228,EVENT,15.898,2
600115.SH,20240228,EVENT,-1.5573,2
600865.SH,20240228,EVENT,-1.144,3
603818.SH,20240228,EVENT,-4.6634,3
603626.SH,20240228,EVENT,4.8237,5
002910.SZ,20240228,EVENT,0.079,3
605169.SH,20240228,EVENT,0.9335,3
688247.SH,20240228,EVENT,5.0766,3
301130.SZ,20240229,EVENT,24.507,5
300405.SZ,20240229,EVENT,3.8423,5
002769.SZ,20240229,EVENT,13.4009,6
688136.SH,20240229,EVENT,18.3029,4
688199.SH,20240229,EVENT,13.2844,5
688038.SH,20240229,EVENT,16.4964,5
301300.SZ,20240229,EVENT,27.2829,6
688536.SH,20240229,EVENT,2.6795,4
688081.SH,20240229,EVENT,18.6835,5
688032.SH,20240229,EVENT,8.1659,2
002009.SZ,20240229,EVENT,19.7256,6
600734.SH,20240229,EVENT,12.0714,5
002436.SZ,20240229,EVENT,8.9812,5
605069.SH,20240229,EVENT,18.6169,4
600867.SH,20240229,EVENT,2.4675,4
688623.SH,20240229,EVENT,5.3614,4
603980.SH,20240229,EVENT,8.9536,3
300597.SZ,20240229,EVENT,16.7566,7
001299.SZ,20240229,EVENT,17.2254,5
301369.SZ,20240305,EVENT,28.9271,3
301362.SZ,20240305,EVENT,2.1981,2
300250.SZ,20240305,EVENT,0.7254,4
301115.SZ,20240305,EVENT,-1.2299,3
300825.SZ,20240305,EVENT,5.1379,4
003019.SZ,20240305,EVENT,5.0663,4
300124.SZ,20240304,EVENT,1.9679,1
301300.SZ,20240304,EVENT,11.6194,4
002701.SZ,20240304,EVENT,1.8353,2
688037.SH,20240304,EVENT,0.8203,3
002821.SZ,20240304,EVENT,-8.7822,2
001227.SZ,20240304,EVENT,-3.7297,3
688136.SH,20240304,EVENT,11.504,3
688320.SH,20240304,EVENT,-3.5185,4
603786.SH,20240304,EVENT,0.1036,2
600739.SH,20240304,EVENT,-5.5847,3
300132.SZ,20240304,EVENT,7.7032,3
301356.SZ,20240304,EVENT,9.1375,2
603606.SH,20240304,EVENT,8.5905,2
603116.SH,20240304,EVENT,8.6045,3
300135.SZ,20240306,EVENT,22.8,4
688455.SH,20240306,EVENT,5.2113,2
600109.SH,20240306,EVENT,-4.9678,5
001203.SZ,20240306,EVENT,6.0311,3
600422.SH,20240306,EVENT,-0.6669,4
600308.SH,20240306,EVENT,5.2186,3
600882.SH,20240306,EVENT,4.1518,2
688120.SH,20240306,EVENT,0.0739,4
688047.SH,20240306,EVENT,2.0406,3
688558.SH,20240306,EVENT,-7.6443,3
000576.SZ,20240306,EVENT,6.8133,6
688426.SH,20240306,EVENT,-3.0568,4
688048.SH,20240306,EVENT,4.9757,4
605168.SH,20240306,EVENT,4.9088,3
600510.SH,20240306,EVENT,4.6605,3
688147.SH,20240306,EVENT,6.6627,2
300825.SZ,20240308,EVENT,7.1192,3
301166.SZ,20240308,EVENT,0.0796,2
300355.SZ,20240308,EVENT,1.401,3
002082.SZ,20240308,EVENT,6.7468,4
688326.SH,20240308,EVENT,-1.8611,3
688484.SH,20240308,EVENT,-2.5706,2
688627.SH,20240308,EVENT,19.7859,3
600643.SH,20240308,EVENT,-2.8667,2
688170.SH,20240308,EVENT,6.9333,4
000035.SZ,20240308,EVENT,9.6054,3
001255.SZ,20240308,EVENT,1.9512,3
002398.SZ,20240308,EVENT,8.1911,3
002419.SZ,20240308,EVENT,5.309,3
688432.SH,20240308,EVENT,3.1883,3
603324.SH,20240308,EVENT,5.4433,3
002594.SZ,20240308,EVENT,5.2102,3
688163.SH,20240308,EVENT,8.443,2
603116.SH,20240308,EVENT,5.0543,3
001267.SZ,20240308,EVENT,0.9269,3
002810.SZ,20240308,EVENT,-9.3909,2
688120.SH,20240308,EVENT,0.4706,3
688072.SH,20240308,EVENT,8.064,2
000576.SZ,20240308,EVENT,11.1064,5
600248.SH,20240308,EVENT,-1.4617,2
300819.SZ,20240308,EVENT,10.6689,3
301362.SZ,20240308,EVENT,8.1254,3
300686.SZ,20240301,EVENT,22.8044,3
600183.SH,20240301,EVENT,0.7704,3
300068.SZ,20240301,EVENT,1.8074,2
003003.SZ,20240301,EVENT,17.4373,4
601615.SH,20240301,EVENT,2.093,2
002420.SZ,20240301,EVENT,11.3839,5
600536.SH,20240301,EVENT,5.6295,2
301305.SZ,20240301,EVENT,3.6387,8
688123.SH,20240301,EVENT,21.8904,2
001255.SZ,20240301,EVENT,10.5585,7
002760.SZ,20240301,EVENT,15.4445,4
002937.SZ,20240301,EVENT,5.2114,4
301233.SZ,20240301,EVENT,28.997,5
688603.SH,20240301,EVENT,6.868,3
300437.SZ,20240301,EVENT,8.5277,2
600843.SH,20240301,EVENT,33.8054,3
688565.SH,20240301,EVENT,5.6038,7
688298.SH,20240301,EVENT,-5.4814,3
300885.SZ,20240312,EVENT,6.707,2
301041.SZ,20240312,EVENT,14.7364,3
002317.SZ,20240312,EVENT,9.7929,3
002972.SZ,20240312,EVENT,-0.0398,5
301126.SZ,20240312,EVENT,2.9452,2
300860.SZ,20240312,EVENT,7.2998,3
300296.SZ,20240312,EVENT,0.0793,3
688455.SH,20240312,EVENT,4.1321,2
002076.SZ,20240312,EVENT,0.7615,3
000837.SZ,20240312,EVENT,3.1469,2
000989.SZ,20240312,EVENT,-5.8827,2
002554.SZ,20240312,EVENT,1.4654,3
002820.SZ,20240312,EVENT,8.071,3
001231.SZ,20240312,EVENT,11.1784,2
002600.SZ,20240312,EVENT,0.3203,3
301148.SZ,20240312,EVENT,23.0515,2
600307.SH,20240312,EVENT,4.0338,2
301428.SZ,20240312,EVENT,11.0505,3
688508.SH,20240312,EVENT,-11.2733,2
600109.SH,20240312,EVENT,-4.3422,2
688050.SH,20240312,EVENT,3.3021,3
600120.SH,20240312,EVENT,0.1889,2
688010.SH,20240312,EVENT,3.4579,4
301057.SZ,20240307,EVENT,8.2285,3
300684.SZ,20240307,EVENT,-16.2005,5
301009.SZ,20240307,EVENT,4.6693,2
301125.SZ,20240307,EVENT,2.3481,3
688522.SH,20240307,EVENT,28.795,4
600843.SH,20240307,EVENT,27.3559,2
600734.SH,20240307,EVENT,0.4866,3
002996.SZ,20240307,EVENT,13.4335,3
002600.SZ,20240307,EVENT,2.1667,2
002398.SZ,20240307,EVENT,1.4605,2
688291.SH,20240307,EVENT,2.5085,3
002791.SZ,20240307,EVENT,6.9455,2
600143.SH,20240307,EVENT,-4.0949,4
600308.SH,20240307,EVENT,4.5806,3
603986.SH,20240307,EVENT,2.379,2
603339.SH,20240307,EVENT,2.5696,3
603818.SH,20240307,EVENT,6.4154,3
603005.SH,20240307,EVENT,0.4968,3
300881.SZ,20240307,EVENT,1.485,4
300888.SZ,20240315,EVENT,-0.0027,2
300232.SZ,20240315,EVENT,-6.8711,2
300824.SZ,20240315,EVENT,-0.6327,3
002864.SZ,20240315,EVENT,-13.747,3
301041.SZ,20240315,EVENT,7.5868,3
000026.SZ,20240315,EVENT,6.978,4
688550.SH,20240315,EVENT,4.8893,2
688195.SH,20240315,EVENT,5.5636,3
603396.SH,20240315,EVENT,-8.7103,2
688381.SH,20240315,EVENT,0.7942,4
003028.SZ,20240315,EVENT,5.0856,2
688173.SH,20240315,EVENT,-10.5113,3
605089.SH,20240315,EVENT,0.4249,4
002600.SZ,20240315,EVENT,4.0424,2
600617.SH,20240315,EVENT,0.4452,3
603020.SH,20240315,EVENT,15.659,2
301321.SZ,20240314,EVENT,9.2359,3
300232.SZ,20240314,EVENT,-7.7941,1
300080.SZ,20240314,EVENT,2.0414,3
301156.SZ,20240314,EVENT,1.6731,3
688118.SH,20240314,EVENT,2.9678,2
601188.SH,20240314,EVENT,-1.0811,3
688508.SH,20240314,EVENT,-10.9624,2
600196.SH,20240314,EVENT,-9.0066,2
688671.SH,20240314,EVENT,6.0735,2
603115.SH,20240314,EVENT,0.7644,2
002408.SZ,20240314,EVENT,0.2267,2
603755.SH,20240314,EVENT,1.4715,3
002551.SZ,20240314,EVENT,8.4489,2
301181.SZ,20240314,EVENT,1.0117,3
300456.SZ,20240311,EVENT,-4.7975,2
300976.SZ,20240311,EVENT,1.3955,2
301110.SZ,20240311,EVENT,8.4369,4
300970.SZ,20240311,EVENT,8.77,3
301046.SZ,20240311,EVENT,-9.6401,3
001267.SZ,20240311,EVENT,0.2217,3
688056.SH,20240311,EVENT,9.4612,3
002820.SZ,20240311,EVENT,9.4838,2
003004.SZ,20240311,EVENT,15.0085,3
605122.SH,20240311,EVENT,5.4919,4
603879.SH,20240311,EVENT,25.8554,5
688032.SH,20240311,EVENT,1.0699,3
603811.SH,20240311,EVENT,-0.0635,3
603212.SH,20240311,EVENT,-9.1374,3
002821.SZ,20240311,EVENT,-13.7869,3
605089.SH,20240311,EVENT,4.7189,3
601555.SH,20240311,EVENT,0.5593,2
600662.SH,20240311,EVENT,7.7096,2
301042.SZ,20240311,EVENT,1.7169,4
000850.SZ,20240311,EVENT,0.6084,3
002351.SZ,20240311,EVENT,1.7989,4
603986.SH,20240311,EVENT,9.5681,2
301115.SZ,20240313,EVENT,0.1495,3
300591.SZ,20240313,EVENT,2.7142,3
301148.SZ,20240313,EVENT,21.2429,3
300970.SZ,20240313,EVENT,0.0782,2
301469.SZ,20240313,EVENT,4.89,3
600501.SH,20240313,EVENT,1.3091,3
688258.SH,20240313,EVENT,-0.1725,3
300766.SZ,20240313,EVENT,2.2452,3
600433.SH,20240313,EVENT,1.3789,3
688603.SH,20240313,EVENT,0.4662,2
688337.SH,20240313,EVENT,1.6525,4
603259.SH,20240313,EVENT,-10.8727,4
002657.SZ,20240313,EVENT,10.1535,4
300666.SZ,20240313,EVENT,-9.9262,4
002321.SZ,20240313,EVENT,1.3274,3
688392.SH,20240313,EVENT,0.5981,3
603986.SH,20240313,EVENT,-0.1655,4
002419.SZ,20240313,EVENT,1.5314,3
600186.SH,20240318,EVENT,-16.22,3
300981.SZ,20240318,EVENT,3.9224,2
300054.SZ,20240318,EVENT,0.6263,2
605299.SH,20240318,EVENT,19.7189,4
000869.SZ,20240318,EVENT,-0.0973,2
688037.SH,20240318,EVENT,6.0897,3
603139.SH,20240318,EVENT,16.8958,2
688072.SH,20240318,EVENT,7.3866,2
600252.SH,20240318,EVENT,0.103,2
600109.SH,20240318,EVENT,-2.8793,2
300824.SZ,20240326,EVENT,15.4236,2
301246.SZ,20240322,EVENT,7.5524,5
000869.SZ,20240322,EVENT,0.6636,3
688073.SH,20240322,EVENT,-11.6161,2
603589.SH,20240322,EVENT,-6.8944,2
688258.SH,20240322,EVENT,-13.3799,3
003016.SZ,20240322,EVENT,0.0595,3
002408.SZ,20240322,EVENT,-3.5004,3
688133.SH,20240322,EVENT,-5.477,3
300255.SZ,20240322,EVENT,-4.1195,4
301382.SZ,20240321,EVENT,-8.8554,3
301042.SZ,20240321,EVENT,-11.9523,3
688199.SH,20240321,EVENT,-12.7499,3
301428.SZ,20240321,EVENT,0.5507,4
688381.SH,20240321,EVENT,-12.8702,3
000661.SZ,20240321,EVENT,-3.6763,5
600729.SH,20240321,EVENT,6.4355,4
603128.SH,20240321,EVENT,3.0591,3
603980.SH,20240321,EVENT,1.929,3
688184.SH,20240321,EVENT,-5.5539,2
300672.SZ,20240320,EVENT,0.3073,3
300835.SZ,20240320,EVENT,0.2977,3
300435.SZ,20240320,EVENT,0.0804,3
301313.SZ,20240320,EVENT,0.6843,3
002973.SZ,20240320,EVENT,-2.6663,3
601188.SH,20240320,EVENT,-6.7468,3
000779.SZ,20240320,EVENT,-4.3111,4
688258.SH,20240320,EVENT,-0.1898,2
002551.SZ,20240320,EVENT,1.1133,2
000989.SZ,20240320,EVENT,-5.2494,3
603980.SH,20240320,EVENT,5.8499,3
688282.SH,20240320,EVENT,6.4198,3
300819.SZ,20240325,EVENT,5.2453,2
301305.SZ,20240325,EVENT,0.0267,2
301260.SZ,20240325,EVENT,-3.0753,2
688052.SH,20240325,EVENT,-8.2658,3
002072.SZ,20240325,EVENT,1.3541,3
603919.SH,20240325,EVENT,-6.4816,2
688768.SH,20240325,EVENT,-13.5025,2
603378.SH,20240325,EVENT,-11.6229,5
600501.SH,20240325,EVENT,-12.9812,3
688656.SH,20240325,EVENT,-6.0199,2
688455.SH,20240325,EVENT,-7.4726,4
688195.SH,20240325,EVENT,0.1467,3
688038.SH,20240325,EVENT,-13.2647,3
601689.SH,20240325,EVENT,0.5974,3
300015.SZ,20240402,EVENT,2.1113,2
600486.SH,20240327,EVENT,-1.7907,3
002286.SZ,20240327,EVENT,0.3898,4
603267.SH,20240327,EVENT,5.7795,3
000629.SZ,20240327,EVENT,1.2359,4
605298.SH,20240327,EVENT,0.956,2
301148.SZ,20240328,EVENT,0.1608,6
688656.SH,20240328,EVENT,-3.0309,3
688515.SH,20240328,EVENT,-22.3458,4
603185.SH,20240328,EVENT,9.8193,3
002554.SZ,20240328,EVENT,1.3487,2
603222.SH,20240328,EVENT,1.5824,3
605336.SH,20240328,EVENT,7.1515,3
300059.SZ,20240409,EVENT,0.5062,2
300250.SZ,20240409,EVENT,-0.9763,3
301246.SZ,20240409,EVENT,-4.0844,4
600713.SH,20240409,EVENT,0.0184,4
301166.SZ,20240329,EVENT,-3.0101,3
301158.SZ,20240329,EVENT,11.5906,2
603317.SH,20240329,EVENT,2.3319,4
600882.SH,20240329,EVENT,-6.894,2
600611.SH,20240401,EVENT,0.716,3
000739.SZ,20240401,EVENT,0.9253,2
002895.SZ,20240401,EVENT,2.0176,4
600500.SH,20240403,EVENT,-0.1802,3
603233.SH,20240403,EVENT,-0.7675,2
600817.SH,20240403,EVENT,3.1712,4
688285.SH,20240403,EVENT,-1.4431,3
603520.SH,20240403,EVENT,-7.1859,3
301095.SZ,20240412,EVENT,-3.2219,2
301041.SZ,20240412,EVENT,-3.0188,4
002276.SZ,20240412,EVENT,-1.0669,3
300378.SZ,20240412,EVENT,3.4511,3
002669.SZ,20240412,EVENT,-0.604,2
688183.SH,20240412,EVENT,4.0614,3
301108.SZ,20240412,EVENT,-3.1192,5
600763.SH,20240412,EVENT,3.6673,3
300875.SZ,20240410,EVENT,-9.6253,3
300363.SZ,20240410,EVENT,-3.3164,2
002266.SZ,20240410,EVENT,0.1919,3
603919.SH,20240410,EVENT,-4.3966,3
300378.SZ,20240410,EVENT,1.269,2
688373.SH,20240410,EVENT,-3.8016,3
603456.SH,20240410,EVENT,4.3246,5
603936.SH,20240410,EVENT,-7.3658,2
002979.SZ,20240410,EVENT,1.3272,3
600307.SH,20240410,EVENT,-6.0013,3
688472.SH,20240410,EVENT,-1.264,3
601965.SH,20240410,EVENT,3.0882,2
688469.SH,20240416,EVENT,0.3544,3
600095.SH,20240416,EVENT,-0.1853,4
603893.SH,20240416,EVENT,7.2844,6
301042.SZ,20240411,EVENT,0.3361,2
002930.SZ,20240411,EVENT,-3.6881,4
000739.SZ,20240411,EVENT,9.5517,4
000661.SZ,20240411,EVENT,-0.029,2
002404.SZ,20240411,EVENT,1.0251,6
688343.SH,20240411,EVENT,24.7661,2
601188.SH,20240411,EVENT,-5.1935,3
603331.SH,20240411,EVENT,-1.5714,3
603882.SH,20240411,EVENT,17.6152,5
300200.SZ,20240415,EVENT,1.471,3
688268.SH,20240415,EVENT,0.1848,5
301367.SZ,20240415,EVENT,11.3883,6
000503.SZ,20240415,EVENT,-0.9112,3
688005.SH,20240415,EVENT,0.0267,4
001380.SZ,20240415,EVENT,1.7095,4
002036.SZ,20240415,EVENT,-6.7849,2
601519.SH,20240415,EVENT,1.1852,3
603028.SH,20240415,EVENT,0.3222,3
002617.SZ,20240415,EVENT,-2.9227,2
301237.SZ,20240417,EVENT,12.5266,3
300656.SZ,20240417,EVENT,9.369,3
301067.SZ,20240417,EVENT,36.9915,4
300825.SZ,20240417,EVENT,15.2203,4
301320.SZ,20240417,EVENT,9.0118,5
002859.SZ,20240417,EVENT,1.4135,4
002915.SZ,20240417,EVENT,14.7765,4
688343.SH,20240417,EVENT,38.242,3
002726.SZ,20240417,EVENT,-6.9174,4
002518.SZ,20240417,EVENT,3.2764,4
002905.SZ,20240417,EVENT,12.925,5
601933.SH,20240417,EVENT,6.1739,5
600095.SH,20240417,EVENT,1.7765,3
600400.SH,20240417,EVENT,11.2883,4
002424.SZ,20240418,EVENT,7.2791,6
301181.SZ,20240418,EVENT,3.1407,3
301313.SZ,20240418,EVENT,10.2927,3
603933.SH,20240418,EVENT,-4.9864,1
600095.SH,20240418,EVENT,0.0168,3
000695.SZ,20240418,EVENT,-3.2772,2
603275.SH,20240418,EVENT,3.5532,4
603267.SH,20240418,EVENT,5.1594,4
600252.SH,20240418,EVENT,-1.6162,4
300538.SZ,20240418,EVENT,6.4595,3
001268.SZ,20240418,EVENT,4.7817,4
002488.SZ,20240418,EVENT,3.7182,4
003037.SZ,20240418,EVENT,13.3562,3
002768.SZ,20240418,EVENT,5.3546,4
603931.SH,20240418,EVENT,4.6161,3
600460.SH,20240418,EVENT,0.3175,3
603882.SH,20240418,EVENT,21.7361,4
002819.SZ,20240418,EVENT,-2.0315,5
002634.SZ,20240418,EVENT,6.8106,7
300885.SZ,20240418,EVENT,0.5138,7
603429.SH,20240418,EVENT,4.1938,7
000576.SZ,20240418,EVENT,9.907,3
603281.SH,20240418,EVENT,1.8168,3
603655.SH,20240418,EVENT,8.5401,5
002937.SZ,20240419,EVENT,-1.1821,6
300683.SZ,20240419,EVENT,11.9167,4
600568.SH,20240419,EVENT,5.2571,3
002271.SZ,20240419,EVENT,10.1192,3
301429.SZ,20240419,EVENT,2.5296,4
300102.SZ,20240419,EVENT,2.5155,3
300610.SZ,20240419,EVENT,1.3722,3
688368.SH,20240419,EVENT,6.173,3
003010.SZ,20240419,EVENT,7.794,3
600675.SH,20240419,EVENT,5.9809,2
300656.SZ,20240422,EVENT,5.3471,4
301126.SZ,20240422,EVENT,8.8025,4
601366.SH,20240422,EVENT,0.8875,3
301007.SZ,20240422,EVENT,12.1411,2
300797.SZ,20240422,EVENT,-0.7598,6
688088.SH,20240422,EVENT,12.6104,3
300166.SZ,20240423,EVENT,0.6708,3
300656.SZ,20240424,EVENT,2.8162,3
300749.SZ,20240424,EVENT,24.7559,3
002825.SZ,20240424,EVENT,12.821,5
002317.SZ,20240424,EVENT,5.6545,3
600510.SH,20240424,EVENT,3.7138,6
301079.SZ,20240425,EVENT,10.6954,2
300835.SZ,20240425,EVENT,15.6268,2
600718.SH,20240425,EVENT,4.761,3
300739.SZ,20240425,EVENT,3.1592,7
300976.SZ,20240425,EVENT,0.2119,5
002141.SZ,20240514,EVENT,18.8615,6
002410.SZ,20240513,EVENT,-1.2883,3
601002.SH,20240513,EVENT,-3.3008,1
002103.SZ,20240513,EVENT,-1.8341,3
600539.SH,20240513,EVENT,-7.3291,2
000930.SZ,20240426,EVENT,5.467,4
002655.SZ,20240426,EVENT,-0.1015,1
002841.SZ,20240426,EVENT,11.4535,4
300470.SZ,20240426,EVENT,4.0258,3
000635.SZ,20240426,EVENT,9.5529,4
301171.SZ,20240426,EVENT,0.7453,3
300912.SZ,20240426,EVENT,4.0153,7
002197.SZ,20240516,EVENT,28.3417,7
688677.SH,20240516,EVENT,-8.4601,2
002141.SZ,20240516,EVENT,8.2586,5
688502.SH,20240516,EVENT,2.9025,5
603989.SH,20240517,EVENT,-2.3795,3
603688.SH,20240517,EVENT,-0.1066,3
600530.SH,20240520,EVENT,5.4083,4
300125.SZ,20240520,EVENT,-15.3859,4
688083.SH,20240520,EVENT,-0.9117,4
002841.SZ,20240520,EVENT,0.8101,3
688636.SH,20240520,EVENT,-11.1824,2
002600.SZ,20240520,EVENT,0.7301,3
002289.SZ,20240520,EVENT,0.8598,4
601238.SH,20240520,EVENT,0.4338,2
002197.SZ,20240520,EVENT,37.2473,9
600273.SH,20240520,EVENT,-6.1913,2
600666.SH,20240524,EVENT,-6.0041,5
603662.SH,20240524,EVENT,-4.1225,2
001314.SZ,20240524,EVENT,1.2488,5
301195.SZ,20240523,EVENT,-0.7164,2
002885.SZ,20240523,EVENT,-3.8833,3
002162.SZ,20240523,EVENT,-10.2213,4
000723.SZ,20240523,EVENT,-2.3341,3
301322.SZ,20240523,EVENT,-12.4112,2
300656.SZ,20240527,EVENT,0.1313,3
300884.SZ,20240527,EVENT,0.1712,3
300017.SZ,20240527,EVENT,0.7094,3
300420.SZ,20240527,EVENT,3.1612,2
301313.SZ,20240527,EVENT,0.1544,3
002925.SZ,20240527,EVENT,1.2201,3
002513.SZ,20240527,EVENT,-4.9251,2
000893.SZ,20240522,EVENT,-6.0725,2
002511.SZ,20240522,EVENT,-9.0473,2
600643.SH,20240522,EVENT,0.273,2
301079.SZ,20240408,EVENT,4.9537,2
301021.SZ,20240408,EVENT,-9.2053,2
002655.SZ,20240408,EVENT,-9.8743,6
003002.SZ,20240408,EVENT,-0.1992,2
002782.SZ,20240408,EVENT,-5.1566,3
688184.SH,20240408,EVENT,-4.8389,2
000739.SZ,20240408,EVENT,7.1872,3
600196.SH,20240408,EVENT,-3.2834,3
603127.SH,20240408,EVENT,-2.897,3
600273.SH,20240408,EVENT,-2.9154,3
300620.SZ,20240429,EVENT,-7.7764,2
300592.SZ,20240429,EVENT,10.9175,2
300912.SZ,20240429,EVENT,1.6601,4
300562.SZ,20240429,EVENT,10.3649,1
300450.SZ,20240429,EVENT,-1.0763,2
300080.SZ,20240430,EVENT,-7.2805,2
300443.SZ,20240430,EVENT,-2.1785,4
000989.SZ,20240430,EVENT,6.5259,3
003003.SZ,20240430,EVENT,1.9585,2
002397.SZ,20240430,EVENT,-5.2886,3
300335.SZ,20240507,EVENT,7.6797,3
300091.SZ,20240507,EVENT,-11.059,4
300888.SZ,20240507,EVENT,3.3613,4
300575.SZ,20240507,EVENT,2.0712,2
300240.SZ,20240507,EVENT,1.4123,3
300068.SZ,20240507,EVENT,-2.5582,4
000701.SZ,20240507,EVENT,0.3096,3
002352.SZ,20240507,EVENT,1.9505,2
000909.SZ,20240507,EVENT,-8.3752,4
000607.SZ,20240507,EVENT,-10.7074,2
301313.SZ,20240508,EVENT,-7.6353,3
300080.SZ,20240508,EVENT,-11.9045,1
301228.SZ,20240508,EVENT,-10.7093,2
002867.SZ,20240508,EVENT,12.1506,2
688260.SH,20240508,EVENT,-10.13,1
002424.SZ,20240508,EVENT,6.6947,3
600180.SH,20240508,EVENT,0.5789,3
600178.SH,20240508,EVENT,-15.8519,4
003016.SZ,20240508,EVENT,1.9784,2
002168.SZ,20240508,EVENT,-11.5129,4
300800.SZ,20240508,EVENT,-2.6093,2
301313.SZ,20240506,EVENT,-6.3386,1
300450.SZ,20240506,EVENT,-6.0463,1
300700.SZ,20240506,EVENT,0.5762,6
300560.SZ,20240506,EVENT,-7.4021,4
300355.SZ,20240506,EVENT,-4.7726,4
002513.SZ,20240506,EVENT,5.7124,4
002602.SZ,20240506,EVENT,-14.7751,5
002196.SZ,20240506,EVENT,-14.4069,2
300071.SZ,20240509,EVENT,-9.5284,2
300443.SZ,20240509,EVENT,-1.1249,1
603879.SH,20240509,EVENT,0.6202,2
002388.SZ,20240509,EVENT,-8.6951,2
000987.SZ,20240509,EVENT,-5.372,4
603828.SH,20240509,EVENT,2.2089,5
002883.SZ,20240509,EVENT,-4.7432,1
603153.SH,20240509,EVENT,-6.3468,1
001318.SZ,20240509,EVENT,-5.3635,3
002058.SZ,20240509,EVENT,-14.3153,2
603601.SH,20240510,EVENT,-5.4444,1
002426.SZ,20240510,EVENT,1.5125,1
300759.SZ,20240510,EVENT,0.1463,4
301079.SZ,20240510,EVENT,-1.3655,1
300124.SZ,20240530,EVENT,0.246,4
000547.SZ,20240530,EVENT,1.1491,3
000935.SZ,20240530,EVENT,2.5942,2
600188.SH,20240530,EVENT,-11.391,4
603658.SH,20240530,EVENT,-0.6662,3
002396.SZ,20240530,EVENT,2.7862,3
600653.SH,20240531,EVENT,28.0946,6
000987.SZ,20240531,EVENT,2.266,3
000898.SZ,20240531,EVENT,-0.8522,3
688681.SH,20240531,EVENT,-2.4868,2
600186.SH,20240531,EVENT,-3.8191,2
300860.SZ,20240531,EVENT,4.2768,5
603187.SH,20240531,EVENT,4.7379,3
300676.SZ,20240531,EVENT,-5.3785,4
603959.SH,20240531,EVENT,130.6802,5
300597.SZ,20240603,EVENT,-3.7717,3
000987.SZ,20240603,EVENT,1.7608,5
600653.SH,20240603,EVENT,4.8676,5
000636.SZ,20240603,EVENT,2.4815,5
603885.SH,20240603,EVENT,0.7855,3
000589.SZ,20240603,EVENT,6.4541,1
300140.SZ,20240603,EVENT,-1.1965,2
002323.SZ,20240603,EVENT,9.9315,4
000963.SZ,20240603,EVENT,-9.2745,4
603083.SH,20240603,EVENT,-1.0017,6
301382.SZ,20240529,EVENT,-5.1927,3
300773.SZ,20240529,EVENT,0.1405,2
301115.SZ,20240529,EVENT,-5.2378,4
603019.SH,20240529,EVENT,4.8728,2
301320.SZ,20240529,EVENT,0.8631,2
600375.SH,20240529,EVENT,-2.7957,3
600877.SH,20240529,EVENT,0.7255,3
002219.SZ,20240529,EVENT,-2.6402,3
603031.SH,20240529,EVENT,14.102,3
300800.SZ,20240529,EVENT,1.2281,1
002488.SZ,20240529,EVENT,-3.6922,4
300597.SZ,20240606,EVENT,3.9492,2
300138.SZ,20240606,EVENT,2.3115,4
300036.SZ,20240606,EVENT,5.827,4
301207.SZ,20240606,EVENT,13.1991,3
600353.SH,20240606,EVENT,-11.4684,6
002374.SZ,20240606,EVENT,4.4691,5
301149.SZ,20240606,EVENT,5.2421,2
601929.SH,20240606,EVENT,-20.7408,6
000920.SZ,20240606,EVENT,-1.3408,2
000912.SZ,20240606,EVENT,4.2065,3
603456.SH,20240606,EVENT,-0.3584,4
002323.SZ,20240606,EVENT,-4.8921,5
603379.SH,20240606,EVENT,-0.8645,3
688285.SH,20240606,EVENT,3.7341,2
688636.SH,20240606,EVENT,-9.8876,5
300163.SZ,20240605,EVENT,8.9892,5
300592.SZ,20240605,EVENT,-4.5035,3
301325.SZ,20240605,EVENT,-4.3603,3
301169.SZ,20240605,EVENT,-2.6447,5
300368.SZ,20240605,EVENT,24.6362,5
600666.SH,20240605,EVENT,3.205,5
600579.SH,20240605,EVENT,6.446,4
600307.SH,20240605,EVENT,7.0711,4
688291.SH,20240605,EVENT,7.5376,3
688072.SH,20240605,EVENT,0.8023,3
001323.SZ,20240605,EVENT,0.4876,2
002275.SZ,20240605,EVENT,0.2833,3
301169.SZ,20240607,EVENT,3.0734,6
600576.SH,20240607,EVENT,6.0049,6
000882.SZ,20240607,EVENT,11.1095,7
688084.SH,20240607,EVENT,1.7455,3
002657.SZ,20240607,EVENT,9.5619,6
601005.SH,20240607,EVENT,11.2351,5
600778.SH,20240607,EVENT,15.7263,5
603500.SH,20240607,EVENT,-9.5343,5
603313.SH,20240607,EVENT,6.271,3
001259.SZ,20240607,EVENT,9.7651,3
605338.SH,20240607,EVENT,18.2754,5
300067.SZ,20240607,EVENT,-1.3343,4
688468.SH,20240607,EVENT,8.7113,5
600138.SH,20240607,EVENT,0.5118,2
002410.SZ,20240607,EVENT,-0.2696,3
002396.SZ,20240607,EVENT,5.0417,6
603326.SH,20240612,EVENT,9.2544,3
601162.SH,20240612,EVENT,19.7835,7
603879.SH,20240612,EVENT,40.7833,5
688244.SH,20240612,EVENT,2.8423,3
300957.SZ,20240612,EVENT,-3.3205,2
300591.SZ,20240612,EVENT,12.9758,4
002228.SZ,20240612,EVENT,8.02,3
301067.SZ,20240613,EVENT,0.5743,3
300496.SZ,20240613,EVENT,-15.3664,2
300138.SZ,20240613,EVENT,-7.5017,4
301515.SZ,20240613,EVENT,6.8352,3
300244.SZ,20240613,EVENT,-4.7173,3
600226.SH,20240613,EVENT,-3.2208,3
002445.SZ,20240613,EVENT,-0.4464,6
002887.SZ,20240613,EVENT,13.8236,2
605151.SH,20240613,EVENT,-3.3806,7
603339.SH,20240613,EVENT,1.6164,3
002052.SZ,20240613,EVENT,97.7302,4
688041.SH,20240613,EVENT,2.1348,2
688400.SH,20240613,EVENT,1.6369,4
603119.SH,20240613,EVENT,-1.6438,2
600234.SH,20240613,EVENT,0.5009,5
002387.SZ,20240613,EVENT,-0.7502,5
002609.SZ,20240613,EVENT,6.8921,3
600477.SH,20240613,EVENT,6.488,2
605338.SH,20240613,EVENT,12.4,5
603536.SH,20240613,EVENT,6.4566,4
603938.SH,20240613,EVENT,-1.0758,3
605266.SH,20240613,EVENT,9.4898,2
601519.SH,20240613,EVENT,5.4148,5
688292.SH,20240613,EVENT,2.2285,4
603313.SH,20240613,EVENT,6.2686,2
603429.SH,20240613,EVENT,2.7954,2
600500.SH,20240613,EVENT,10.4939,4
002331.SZ,20240613,EVENT,12.8276,2
600123.SH,20240613,EVENT,-3.9962,5
002132.SZ,20240613,EVENT,9.7246,4
002728.SZ,20240613,EVENT,8.7464,6
603100.SH,20240613,EVENT,-6.6637,4
600351.SH,20240613,EVENT,4.5143,3
301263.SZ,20240611,EVENT,6.3143,4
300245.SZ,20240611,EVENT,10.9503,4
600576.SH,20240611,EVENT,4.2979,5
301207.SZ,20240611,EVENT,13.5974,4
688531.SH,20240611,EVENT,3.3769,4
002946.SZ,20240611,EVENT,-2.0441,2
603153.SH,20240611,EVENT,0.5789,2
600581.SH,20240611,EVENT,4.4303,4
600406.SH,20240611,EVENT,6.7179,3
600884.SH,20240611,EVENT,7.693,5
601777.SH,20240611,EVENT,10.5314,3
002276.SZ,20240611,EVENT,2.497,3
002132.SZ,20240611,EVENT,12.4033,4
688056.SH,20240611,EVENT,7.5047,3
000695.SZ,20240611,EVENT,7.9662,3
300365.SZ,20240611,EVENT,4.7948,2
603429.SH,20240611,EVENT,3.2448,5
688580.SH,20240611,EVENT,6.0429,3
001256.SZ,20240611,EVENT,7.8913,5
603313.SH,20240611,EVENT,6.7862,3
603101.SH,20240611,EVENT,3.9684,4
601519.SH,20240611,EVENT,9.3638,6
301363.SZ,20240611,EVENT,7.6134,2
002796.SZ,20240611,EVENT,10.6637,4
002067.SZ,20240611,EVENT,5.1054,2
688737.SH,20240611,EVENT,6.3232,6
600704.SH,20240618,EVENT,9.0041,2
603237.SH,20240618,EVENT,-0.1845,3
600373.SH,20240618,EVENT,-4.0685,3
688337.SH,20240618,EVENT,-6.675,4
688049.SH,20240618,EVENT,-0.0089,2
300187.SZ,20240614,EVENT,20.6407,4
300770.SZ,20240614,EVENT,2.0063,3
301207.SZ,20240614,EVENT,-8.1857,3
603489.SH,20240614,EVENT,9.4726,3
601880.SH,20240614,EVENT,-1.2752,2
002201.SZ,20240614,EVENT,-12.2639,4
600143.SH,20240614,EVENT,7.7794,2
600699.SH,20240614,EVENT,0.6252,4
688737.SH,20240614,EVENT,-7.8674,4
603863.SH,20240614,EVENT,120.0927,7
000858.SZ,20240614,EVENT,11.4457,3
688683.SH,20240614,EVENT,-6.3355,4
688260.SH,20240614,EVENT,-0.6891,4
002132.SZ,20240614,EVENT,-4.1949,3
002203.SZ,20240614,EVENT,3.7576,4
601005.SH,20240614,EVENT,-1.7212,3
601686.SH,20240614,EVENT,0.2477,4
600884.SH,20240614,EVENT,3.379,5
688232.SH,20240614,EVENT,-3.8029,5
002367.SZ,20240614,EVENT,-2.6048,4
600728.SH,20240614,EVENT,-4.5426,4
603062.SH,20240614,EVENT,-8.9366,2
301230.SZ,20240617,EVENT,10.9492,3
300036.SZ,20240617,EVENT,3.5418,5
300597.SZ,20240617,EVENT,11.0579,4
300187.SZ,20240617,EVENT,21.4883,4
000882.SZ,20240617,EVENT,-9.4164,2
000576.SZ,20240617,EVENT,-8.6512,3
002083.SZ,20240617,EVENT,-2.6632,2
600433.SH,20240617,EVENT,-2.3383,2
002860.SZ,20240617,EVENT,-5.0915,4
600307.SH,20240617,EVENT,-0.0111,5
000869.SZ,20240617,EVENT,4.4364,1
603637.SH,20240617,EVENT,-6.5877,3
002727.SZ,20240617,EVENT,12.4972,4
002105.SZ,20240617,EVENT,5.1182,5
600130.SH,20240617,EVENT,-2.4013,4
603109.SH,20240617,EVENT,-7.335,5
688293.SH,20240617,EVENT,-10.9136,2
688455.SH,20240617,EVENT,1.3164,2
605338.SH,20240617,EVENT,-9.5084,7
601005.SH,20240617,EVENT,-4.3435,5
600763.SH,20240617,EVENT,-0.6034,4
001322.SZ,20240617,EVENT,-4.7047,4
600022.SH,20240617,EVENT,0.3455,5
688455.SH,20240620,EVENT,-5.33,5
301225.SZ,20240620,EVENT,16.2163,2
002203.SZ,20240620,EVENT,-5.1022,4
603077.SH,20240620,EVENT,15.4041,3
605289.SH,20240620,EVENT,-8.801,5
603901.SH,20240620,EVENT,-4.178,4
002702.SZ,20240620,EVENT,-11.9571,6
601686.SH,20240620,EVENT,0.1407,6
000963.SZ,20240620,EVENT,2.6844,3
688498.SH,20240620,EVENT,7.442,2
600998.SH,20240620,EVENT,5.2204,3
688281.SH,20240620,EVENT,1.9448,1
000510.SZ,20240620,EVENT,0.2047,4
603856.SH,20240620,EVENT,-0.2394,3
603153.SH,20240620,EVENT,-5.9947,4
603863.SH,20240620,EVENT,-0.0129,3
000672.SZ,20240620,EVENT,2.2811,3
600278.SH,20240620,EVENT,-1.7783,3
600429.SH,20240620,EVENT,-0.8275,4
603333.SH,20240619,EVENT,-11.6352,5
301286.SZ,20240619,EVENT,-2.6932,3
301469.SZ,20240619,EVENT,-2.5446,3
301305.SZ,20240619,EVENT,-3.8481,3
688576.SH,20240619,EVENT,-5.7421,5
605007.SH,20240619,EVENT,-2.4079,3
000568.SZ,20240619,EVENT,14.4432,4
002335.SZ,20240619,EVENT,1.3643,4
600580.SH,20240619,EVENT,-5.404,3
600400.SH,20240619,EVENT,-2.3406,5
600998.SH,20240619,EVENT,4.2067,3
688025.SH,20240619,EVENT,0.1244,4
003038.SZ,20240619,EVENT,-6.7221,2
605118.SH,20240619,EVENT,-14.5855,4
002955.SZ,20240619,EVENT,-11.2551,3
605589.SH,20240619,EVENT,-10.2764,1
301207.SZ,20240619,EVENT,-6.0016,3
600507.SH,20240619,EVENT,2.9124,2
688236.SH,20240619,EVENT,-1.2774,4
301037.SZ,20240619,EVENT,-4.6915,5
000672.SZ,20240619,EVENT,0.287,3
002132.SZ,20240619,EVENT,-7.3111,4
300019.SZ,20240621,EVENT,-7.7091,6
600337.SH,20240621,EVENT,-5.9995,5
688050.SH,20240621,EVENT,-4.0597,3
000656.SZ,20240621,EVENT,-2.1725,3
002557.SZ,20240621,EVENT,9.6808,4
002084.SZ,20240621,EVENT,-5.4851,3
300021.SZ,20240621,EVENT,2.4333,4
000526.SZ,20240621,EVENT,0.0476,3
301265.SZ,20240806,EVENT,0.5353,3
300091.SZ,20240806,EVENT,8.3141,4
301035.SZ,20240807,EVENT,-10.8277,4
000878.SZ,20240807,EVENT,0.1656,2
000501.SZ,20240807,EVENT,0.3372,4
300376.SZ,20240807,EVENT,-14.2172,3
300796.SZ,20240807,EVENT,29.7015,7
300335.SZ,20240807,EVENT,-0.1413,4
300716.SZ,20240807,EVENT,1.6797,4
300575.SZ,20240807,EVENT,-3.9165,3
600094.SH,20240807,EVENT,-13.4917,5
000661.SZ,20240807,EVENT,-5.9797,2
688078.SH,20240807,EVENT,-1.6386,2
688371.SH,20240807,EVENT,10.7732,6
601615.SH,20240807,EVENT,-4.6635,3
600497.SH,20240807,EVENT,-2.2407,3
600486.SH,20240807,EVENT,0.2913,5
605183.SH,20240807,EVENT,10.296,4
300800.SZ,20240807,EVENT,2.2429,3
605056.SH,20240807,EVENT,-4.6193,3
603933.SH,20240807,EVENT,1.3025,3
601880.SH,20240807,EVENT,0.103,2
300337.SZ,20240805,EVENT,6.1038,2
601880.SH,20240805,EVENT,-3.4841,2
300796.SZ,20240805,EVENT,14.47,6
002706.SZ,20240805,EVENT,-0.9589,6
688573.SH,20240805,EVENT,-1.9909,3
603162.SH,20240805,EVENT,-10.4255,2
600507.SH,20240805,EVENT,0.0217,3
688065.SH,20240805,EVENT,14.0482,6
300677.SZ,20240808,EVENT,2.5046,1
300857.SZ,20240808,EVENT,14.7234,2
300801.SZ,20240808,EVENT,-4.4232,4
002706.SZ,20240808,EVENT,-5.8961,5
688787.SH,20240808,EVENT,13.626,2
002058.SZ,20240808,EVENT,-3.9545,3
002431.SZ,20240808,EVENT,3.3673,3
000526.SZ,20240808,EVENT,-8.6022,4
600979.SH,20240808,EVENT,0.386,5
605069.SH,20240808,EVENT,-0.1021,5
603633.SH,20240808,EVENT,-5.8598,4
603383.SH,20240808,EVENT,-6.7869,2
300364.SZ,20240813,EVENT,2.9703,2
002909.SZ,20240813,EVENT,-2.3493,3
300405.SZ,20240809,EVENT,0.2054,5
301260.SZ,20240809,EVENT,-3.9735,3
300334.SZ,20240809,EVENT,9.2958,5
002996.SZ,20240809,EVENT,-5.459,6
300640.SZ,20240809,EVENT,2.6348,4
688371.SH,20240809,EVENT,1.5665,5
688184.SH,20240809,EVENT,-4.0953,3
600819.SH,20240809,EVENT,-5.3009,4
002286.SZ,20240809,EVENT,0.103,4
002168.SZ,20240809,EVENT,-6.4568,4
002402.SZ,20240809,EVENT,-4.4603,4
002116.SZ,20240809,EVENT,0.4047,3
000538.SZ,20240809,EVENT,1.3094,5
002440.SZ,20240809,EVENT,-3.3857,4
002962.SZ,20240812,EVENT,2.301,3
300071.SZ,20240812,EVENT,5.7484,4
600679.SH,20240812,EVENT,-2.8448,1
603879.SH,20240812,EVENT,0.103,4
300796.SZ,20240812,EVENT,23.2748,6
601966.SH,20240812,EVENT,-5.5948,6
603088.SH,20240812,EVENT,-0.7824,4
601969.SH,20240812,EVENT,-3.9993,4
600846.SH,20240812,EVENT,-3.6737,2
603077.SH,20240812,EVENT,-1.5638,4
002627.SZ,20240812,EVENT,-1.1718,1
002455.SZ,20240812,EVENT,-3.8295,4
002210.SZ,20240815,EVENT,-1.2237,3
301021.SZ,20240815,EVENT,1.0572,2
300364.SZ,20240815,EVENT,1.9654,2
688513.SH,20240815,EVENT,3.3107,2
688787.SH,20240815,EVENT,17.7777,4
300181.SZ,20240815,EVENT,0.6029,3
002360.SZ,20240815,EVENT,2.9016,7
301356.SZ,20240814,EVENT,-3.9845,3
688371.SH,20240814,EVENT,1.0359,5
600653.SH,20240814,EVENT,-8.1026,4
300888.SZ,20240814,EVENT,-6.6149,2
600711.SH,20240814,EVENT,10.0565,4
600340.SH,20240814,EVENT,1.5324,4
300266.SZ,20240814,EVENT,10.2709,4
600887.SH,20240814,EVENT,0.4979,3
688660.SH,20240814,EVENT,-3.1009,3
600103.SH,20240814,EVENT,2.6752,2
600675.SH,20240814,EVENT,-0.1363,3
300820.SZ,20240816,EVENT,1.1728,3
002019.SZ,20240816,EVENT,-9.5992,2
603885.SH,20240816,EVENT,-4.9804,3
688310.SH,20240816,EVENT,-1.4921,4
000759.SZ,20240816,EVENT,2.8576,2
688636.SH,20240816,EVENT,-4.9422,4
002197.SZ,20240816,EVENT,4.8131,5
600894.SH,20240816,EVENT,-0.168,2
603009.SH,20240816,EVENT,2.3668,4
600566.SH,20240816,EVENT,4.3774,3
600351.SH,20240816,EVENT,-0.0526,6
600178.SH,20240816,EVENT,-12.0145,4
300611.SZ,20240820,EVENT,-6.7576,2
300443.SZ,20240820,EVENT,2.8226,2
301093.SZ,20240820,EVENT,8.1206,3
001231.SZ,20240820,EVENT,-3.2916,4
300214.SZ,20240819,EVENT,-0.7003,3
002340.SZ,20240819,EVENT,-3.3787,3
688207.SH,20240819,EVENT,-0.6206,2
603222.SH,20240819,EVENT,-6.7813,3
688657.SH,20240819,EVENT,0.2419,4
603398.SH,20240819,EVENT,14.3781,6
688163.SH,20240819,EVENT,3.7186,3
605016.SH,20240819,EVENT,16.093,6
002920.SZ,20240822,EVENT,0.6243,5
300146.SZ,20240822,EVENT,18.5416,2
301093.SZ,20240822,EVENT,8.8129,3
688522.SH,20240822,EVENT,2.8928,4
000026.SZ,20240822,EVENT,0.0463,4
601666.SH,20240822,EVENT,3.6759,5
000893.SZ,20240822,EVENT,3.9462,4
002415.SZ,20240822,EVENT,1.117,3
605056.SH,20240822,EVENT,8.1361,4
603901.SH,20240822,EVENT,-2.5305,3
603662.SH,20240822,EVENT,-10.1556,2
301047.SZ,20240822,EVENT,7.0381,5
603786.SH,20240822,EVENT,28.2294,3
600433.SH,20240822,EVENT,4.2903,3
688089.SH,20240822,EVENT,0.8837,3
001300.SZ,20240822,EVENT,0.9152,3
600076.SH,20240822,EVENT,1.3068,5
300624.SZ,20240821,EVENT,1.9588,3
002910.SZ,20240821,EVENT,1.4667,3
002219.SZ,20240821,EVENT,6.5493,2
600307.SH,20240821,EVENT,3.2483,3
002787.SZ,20240821,EVENT,0.9155,3
600894.SH,20240821,EVENT,5.6601,3
600143.SH,20240821,EVENT,3.2257,3
600543.SH,20240821,EVENT,4.5816,5
600746.SH,20240821,EVENT,0.629,5
000551.SZ,20240821,EVENT,-7.0747,3
600315.SH,20240821,EVENT,-2.4515,3
688184.SH,20240821,EVENT,1.3909,4
688310.SH,20240821,EVENT,-3.5692,2
301359.SZ,20240823,EVENT,-0.2167,3
002493.SZ,20240823,EVENT,-1.0216,5
003000.SZ,20240823,EVENT,0.614,4
002271.SZ,20240823,EVENT,18.6415,3
002925.SZ,20240823,EVENT,2.3453,4
601992.SH,20240823,EVENT,5.3734,4
603986.SH,20240823,EVENT,1.081,3
002230.SZ,20240823,EVENT,0.6615,6
002690.SZ,20240823,EVENT,5.4259,6
300724.SZ,20240823,EVENT,7.828,4
002117.SZ,20240823,EVENT,5.1255,4
600307.SH,20240823,EVENT,3.1213,3
601666.SH,20240823,EVENT,3.0738,3
603658.SH,20240823,EVENT,-1.1434,4
603650.SH,20240823,EVENT,1.1288,6
000581.SZ,20240823,EVENT,0.6319,4
688653.SH,20240823,EVENT,12.7098,4
600076.SH,20240823,EVENT,1.3329,5
688215.SH,20240823,EVENT,3.8254,3
301093.SZ,20240827,EVENT,4.0219,4
300700.SZ,20240826,EVENT,7.9174,4
002960.SZ,20240826,EVENT,14.2618,5
688080.SH,20240826,EVENT,-5.8554,4
600782.SH,20240826,EVENT,3.6509,5
603899.SH,20240826,EVENT,5.8829,2
688576.SH,20240826,EVENT,14.1251,6
688137.SH,20240826,EVENT,2.9392,4
600787.SH,20240826,EVENT,6.9645,5
600215.SH,20240826,EVENT,8.5902,4
600062.SH,20240826,EVENT,1.1358,6
002840.SZ,20240826,EVENT,9.9436,2
601686.SH,20240826,EVENT,2.1825,4
603815.SH,20240826,EVENT,7.4288,4
600809.SH,20240829,EVENT,4.1931,4
688576.SH,20240829,EVENT,7.3865,6
688326.SH,20240829,EVENT,4.0575,3
300009.SZ,20240829,EVENT,1.6198,4
301042.SZ,20240829,EVENT,1.206,5
000155.SZ,20240829,EVENT,2.9522,5
605020.SH,20240829,EVENT,8.5553,4
000777.SZ,20240829,EVENT,-3.6596,4
301390.SZ,20240829,EVENT,2.0982,5
300801.SZ,20240830,EVENT,-5.4853,2
301110.SZ,20240830,EVENT,1.2931,4
300627.SZ,20240830,EVENT,6.9865,3
300363.SZ,20240830,EVENT,-3.9194,3
301088.SZ,20240830,EVENT,-0.5833,2
600060.SH,20240830,EVENT,10.4619,3
301129.SZ,20240830,EVENT,8.2697,4
001330.SZ,20240830,EVENT,-0.4003,5
002758.SZ,20240830,EVENT,-5.3613,4
301529.SZ,20240830,EVENT,5.7785,3
002903.SZ,20240830,EVENT,3.0924,5
603396.SH,20240830,EVENT,2.8425,3
002404.SZ,20240903,EVENT,-6.9393,5
601010.SH,20240903,EVENT,9.6089,1
300073.SZ,20240902,EVENT,4.7694,6
301080.SZ,20240902,EVENT,0.5256,4
002443.SZ,20240902,EVENT,3.6532,4
002557.SZ,20240902,EVENT,-2.2785,5
002213.SZ,20240902,EVENT,0.5892,3
000035.SZ,20240902,EVENT,-5.3839,2
002374.SZ,20240902,EVENT,-2.0025,3
002851.SZ,20240902,EVENT,0.4442,7
688737.SH,20240902,EVENT,-5.4799,6
300795.SZ,20240904,EVENT,-5.7197,6
300664.SZ,20240904,EVENT,8.4193,3
300022.SZ,20240904,EVENT,0.9176,2
002892.SZ,20240904,EVENT,0.4311,3
000513.SZ,20240904,EVENT,2.4547,2
002230.SZ,20240904,EVENT,13.1749,5
603986.SH,20240904,EVENT,6.5269,5
002014.SZ,20240904,EVENT,7.5856,3
002045.SZ,20240904,EVENT,-6.7334,2
603885.SH,20240904,EVENT,0.8959,2
002254.SZ,20240904,EVENT,4.8249,2
600380.SH,20240904,EVENT,7.2392,2
688007.SH,20240904,EVENT,5.3238,3
600305.SH,20240904,EVENT,-4.2494,3
603282.SH,20240904,EVENT,12.597,2
002458.SZ,20240904,EVENT,-2.6195,4
605266.SH,20240904,EVENT,15.6411,4
601880.SH,20240904,EVENT,-0.995,3
300727.SZ,20240905,EVENT,4.3637,3
002019.SZ,20240905,EVENT,-2.5628,2
002706.SZ,20240905,EVENT,8.8076,6
000541.SZ,20240905,EVENT,0.0609,4
002840.SZ,20240905,EVENT,12.5773,3
688633.SH,20240905,EVENT,3.2647,4
688289.SH,20240905,EVENT,3.578,2
601005.SH,20240905,EVENT,-0.1307,3
603096.SH,20240905,EVENT,-4.3237,2
603367.SH,20240905,EVENT,6.4057,3
601969.SH,20240905,EVENT,2.4895,4
688069.SH,20240905,EVENT,1.7879,2
688419.SH,20240905,EVENT,4.625,4
688105.SH,20240905,EVENT,-4.4185,3
600382.SH,20240905,EVENT,4.5035,5
002374.SZ,20240906,EVENT,9.6059,3
002458.SZ,20240906,EVENT,-4.4682,3
688768.SH,20240906,EVENT,9.7155,5
600116.SH,20240906,EVENT,-1.43,2
603008.SH,20240906,EVENT,6.52,4
300651.SZ,20240906,EVENT,-7.422,2
605009.SH,20240906,EVENT,12.1263,3
300750.SZ,20240910,EVENT,-0.0021,1
300802.SZ,20240910,EVENT,0.0852,2
002132.SZ,20240910,EVENT,3.629,3
300676.SZ,20240909,EVENT,8.8433,3
001206.SZ,20240909,EVENT,-3.1847,4
000551.SZ,20240909,EVENT,1.0411,1
002892.SZ,20240909,EVENT,6.3781,4
002920.SZ,20240909,EVENT,0.5225,3
605377.SH,20240909,EVENT,-4.2453,4
603087.SH,20240909,EVENT,-3.4897,4
688017.SH,20240909,EVENT,-6.1555,5
601969.SH,20240909,EVENT,9.3706,5
300724.SZ,20240911,EVENT,23.1616,2
300073.SZ,20240911,EVENT,0.2021,4
600011.SH,20240911,EVENT,4.1129,4
002443.SZ,20240911,EVENT,4.6648,3
000513.SZ,20240911,EVENT,5.8455,2
600720.SH,20240911,EVENT,3.8068,4
002840.SZ,20240911,EVENT,17.5911,3
600215.SH,20240911,EVENT,11.0688,2
605009.SH,20240911,EVENT,14.6569,4
688100.SH,20240911,EVENT,13.3811,4
600060.SH,20240911,EVENT,0.5573,2
603355.SH,20240911,EVENT,9.9246,4
688101.SH,20240911,EVENT,-0.0509,1
603138.SH,20240911,EVENT,1.0709,2
603986.SH,20240911,EVENT,0.0533,5
300951.SZ,20240912,EVENT,-3.8253,3
300003.SZ,20240912,EVENT,-3.7851,3
000513.SZ,20240912,EVENT,5.0555,2
002690.SZ,20240912,EVENT,-5.102,4
002511.SZ,20240912,EVENT,-2.8642,3
001203.SZ,20240912,EVENT,-0.841,4
002901.SZ,20240912,EVENT,0.0425,4
603069.SH,20240912,EVENT,1.6097,2
600340.SH,20240912,EVENT,8.9262,3
600809.SH,20240912,EVENT,-2.6654,2
603267.SH,20240912,EVENT,-0.827,4
688153.SH,20240912,EVENT,-3.2996,3
600808.SH,20240912,EVENT,1.5554,5
601666.SH,20240919,EVENT,5.2982,5
300736.SZ,20240919,EVENT,18.7146,3
300835.SZ,20240920,EVENT,7.2737,3
300677.SZ,20240920,EVENT,13.5085,5
301390.SZ,20240920,EVENT,14.0605,4
300802.SZ,20240920,EVENT,9.3345,3
002045.SZ,20240920,EVENT,13.7093,3
688007.SH,20240920,EVENT,19.3604,4
002851.SZ,20240920,EVENT,9.8525,3
300416.SZ,20240920,EVENT,2.4579,3
002962.SZ,20240920,EVENT,10.0746,4
603365.SH,20240920,EVENT,22.5899,3
688285.SH,20240920,EVENT,-0.4426,5
600382.SH,20240920,EVENT,7.1297,4
600929.SH,20240920,EVENT,8.5209,3
002353.SZ,20240920,EVENT,15.0706,3
600098.SH,20240920,EVENT,10.696,4
002900.SZ,20240920,EVENT,10.0493,3
001309.SZ,20240920,EVENT,6.7901,4
688129.SH,20240920,EVENT,2.2145,3
300677.SZ,20240923,EVENT,16.2332,7
301529.SZ,20240923,EVENT,6.4487,4
002758.SZ,20240923,EVENT,8.3362,4
688172.SH,20240923,EVENT,9.1776,3
301206.SZ,20240923,EVENT,10.8227,2
688657.SH,20240923,EVENT,3.461,5
000625.SZ,20240923,EVENT,2.991,2
688619.SH,20240923,EVENT,6.5968,4
600155.SH,20240923,EVENT,1.5175,1
300416.SZ,20240923,EVENT,3.9062,2
688737.SH,20240923,EVENT,5.7494,4
605266.SH,20240923,EVENT,30.2082,4
688511.SH,20240923,EVENT,8.1217,5
600803.SH,20240923,EVENT,5.4155,3
301292.SZ,20240923,EVENT,32.8485,3
600704.SH,20240923,EVENT,1.4882,3
603182.SH,20240923,EVENT,2.4511,3
301090.SZ,20240913,EVENT,5.6038,5
605589.SH,20240913,EVENT,13.6827,5
601607.SH,20240913,EVENT,7.778,3
301110.SZ,20240924,EVENT,16.3989,2
300395.SZ,20240924,EVENT,14.8489,2
601666.SH,20240924,EVENT,21.2161,3
688212.SH,20240924,EVENT,10.0937,7
002324.SZ,20240924,EVENT,9.8281,3
600588.SH,20240924,EVENT,2.1261,2
300751.SZ,20240924,EVENT,9.4124,3
300736.SZ,20240924,EVENT,22.7762,4
688049.SH,20240925,EVENT,9.2694,3
002953.SZ,20240925,EVENT,1.0179,4
002758.SZ,20240925,EVENT,4.4096,6
000568.SZ,20240925,EVENT,11.7885,7
600873.SH,20240925,EVENT,12.6007,5
688333.SH,20240925,EVENT,1.3819,3
600497.SH,20240925,EVENT,4.6115,5
603848.SH,20240925,EVENT,6.884,4
600337.SH,20240925,EVENT,7.8265,4
600382.SH,20240925,EVENT,1.7349,5
000048.SZ,20240925,EVENT,12.7872,4
603008.SH,20240925,EVENT,0.4577,3
600929.SH,20240925,EVENT,3.3795,4
603173.SH,20240925,EVENT,1.733,3
002688.SZ,20240925,EVENT,6.43,3
688686.SH,20240925,EVENT,15.4858,5
603558.SH,20240925,EVENT,2.325,2
600380.SH,20240925,EVENT,5.5955,3
688419.SH,20240925,EVENT,13.7746,4
688080.SH,20240925,EVENT,1.0232,2
601678.SH,20240925,EVENT,1.6127,5
605358.SH,20240925,EVENT,0.716,7
300456.SZ,20240926,EVENT,8.4445,3
301278.SZ,20240926,EVENT,24.6383,4
688496.SH,20240926,EVENT,19.9473,3
603356.SH,20240926,EVENT,9.054,2
603365.SH,20240926,EVENT,20.6882,3
603008.SH,20240926,EVENT,0.7787,4
000403.SZ,20240926,EVENT,11.8552,6
603669.SH,20240926,EVENT,5.3807,4
001308.SZ,20240926,EVENT,6.5364,6
688448.SH,20240926,EVENT,10.9875,5
300841.SZ,20240927,EVENT,4.6973,3
001318.SZ,20240927,EVENT,6.8093,4
603117.SH,20240927,EVENT,0.9843,4
300201.SZ,20240927,EVENT,1.6121,6
600315.SH,20240930,EVENT,0.2264,5
688623.SH,20240930,EVENT,0.9209,5
000683.SZ,20241014,EVENT,7.165,2
600975.SH,20241010,EVENT,3.9868,6
601872.SH,20241015,EVENT,-8.8044,2
601975.SH,20241015,EVENT,0.2058,4
301227.SZ,20241017,EVENT,1.1946,3
002996.SZ,20241017,EVENT,19.421,5
600711.SH,20241017,EVENT,7.7365,3
688443.SH,20241017,EVENT,24.5349,3
603201.SH,20241017,EVENT,23.0201,1
002318.SZ,20241016,EVENT,5.3614,2
605018.SH,20241016,EVENT,10.7009,2
688686.SH,20241016,EVENT,21.5531,1
000723.SZ,20241018,EVENT,23.4345,2
601872.SH,20241022,EVENT,-1.3312,3
600026.SH,20241022,EVENT,-3.4,6
603986.SH,20241022,EVENT,11.8412,3
603605.SH,20241022,EVENT,-0.046,2
601872.SH,20241021,EVENT,-5.1078,3
688443.SH,20241021,EVENT,2.5237,4
600497.SH,20241021,EVENT,13.2554,1
603173.SH,20241021,EVENT,24.4297,4
603848.SH,20241021,EVENT,7.6275,5
603579.SH,20241021,EVENT,7.0814,2
000157.SZ,20241021,EVENT,8.098,2
600750.SH,20241023,EVENT,-3.5459,3
601985.SH,20241023,EVENT,-4.5678,3
000703.SZ,20241025,EVENT,1.6809,3
601975.SH,20241028,EVENT,0.5645,1
605116.SH,20241028,EVENT,0.6611,5
002993.SZ,20241030,EVENT,0.7872,4
600183.SH,20241030,EVENT,3.0251,4
001289.SZ,20241101,EVENT,0.1359,4
603500.SH,20241101,EVENT,12.603,2
600028.SH,20241113,EVENT,2.711,2
605296.SH,20241114,EVENT,-6.0039,1
600026.SH,20241127,EVENT,0.7335,3
601233.SH,20241127,EVENT,0.9143,2
600011.SH,20241128,EVENT,0.5864,1
688333.SH,20241129,EVENT,1.6285,2
001965.SZ,20241129,EVENT,2.1103,2
300294.SZ,20241219,EVENT,-0.9245,3
000758.SZ,20241231,EVENT,-2.9323,2
603858.SH,20241230,EVENT,1.1645,2
000789.SZ,20241230,EVENT,6.3365,2
301568.SZ,20250103,EVENT,14.1882,3
002673.SZ,20250103,EVENT,6.1954,3
603239.SH,20250106,EVENT,1.663,2
301515.SZ,20250102,EVENT,11.7564,3
301519.SZ,20250102,EVENT,-7.9045,4
300132.SZ,20250102,EVENT,-5.3073,2
600975.SH,20250102,EVENT,-2.2912,3
002812.SZ,20250102,EVENT,2.09,2
002268.SZ,20250102,EVENT,2.4862,3
000933.SZ,20250102,EVENT,9.656,3
603858.SH,20250102,EVENT,5.5119,3
002601.SZ,20250102,EVENT,-2.8435,3
688560.SH,20250102,EVENT,13.4462,3
600328.SH,20250102,EVENT,0.209,3
601326.SH,20250102,EVENT,-0.8161,2
688366.SH,20250102,EVENT,-0.3991,3
688419.SH,20250102,EVENT,-0.5985,1
301228.SZ,20250109,EVENT,3.5477,3
300347.SZ,20250109,EVENT,23.0424,4
301391.SZ,20250109,EVENT,5.906,3
300294.SZ,20250109,EVENT,3.772,2
002721.SZ,20250109,EVENT,5.36,2
002388.SZ,20250109,EVENT,-0.7546,4
603883.SH,20250109,EVENT,6.1776,3
000513.SZ,20250109,EVENT,2.0384,3
600328.SH,20250109,EVENT,1.4854,4
300250.SZ,20250110,EVENT,10.7021,3
301248.SZ,20250110,EVENT,7.1662,3
002446.SZ,20250110,EVENT,2.9849,2
300588.SZ,20250110,EVENT,11.2985,3
600388.SH,20250110,EVENT,-0.9612,2
002252.SZ,20250110,EVENT,6.8806,4
002947.SZ,20250110,EVENT,1.2405,2
002758.SZ,20250110,EVENT,-0.9684,2
002443.SZ,20250110,EVENT,2.4849,3
000513.SZ,20250110,EVENT,2.492,3
000039.SZ,20250110,EVENT,4.549,3
600917.SH,20250110,EVENT,3.8504,4
688212.SH,20250110,EVENT,3.5821,4
605377.SH,20250110,EVENT,5.528,1
600871.SH,20250110,EVENT,3.5952,3
600797.SH,20250110,EVENT,6.3139,2
603936.SH,20250110,EVENT,8.7739,5
603515.SH,20250110,EVENT,2.024,4
600426.SH,20250110,EVENT,9.5224,3
688331.SH,20250110,EVENT,16.7138,4
002020.SZ,20250110,EVENT,3.2098,4
301381.SZ,20250113,EVENT,11.6485,4
300778.SZ,20250113,EVENT,9.1699,4
300073.SZ,20250113,EVENT,11.7105,4
688600.SH,20250113,EVENT,15.2168,4
002798.SZ,20250113,EVENT,7.0965,2
002020.SZ,20250113,EVENT,5.6884,3
600184.SH,20250113,EVENT,14.9497,3
000513.SZ,20250113,EVENT,3.7602,3
603027.SH,20250113,EVENT,16.7623,3
603919.SH,20250113,EVENT,5.5617,4
603801.SH,20250113,EVENT,14.0687,2
300786.SZ,20250114,EVENT,5.9314,4
301290.SZ,20250114,EVENT,9.0073,3
301227.SZ,20250114,EVENT,12.137,3
300752.SZ,20250114,EVENT,14.2987,3
300374.SZ,20250114,EVENT,4.8,3
301228.SZ,20250114,EVENT,23.4571,3
688289.SH,20250114,EVENT,4.0408,3
002252.SZ,20250114,EVENT,5.5057,2
002020.SZ,20250114,EVENT,1.8964,4
301382.SZ,20250115,EVENT,2.7393,4
300241.SZ,20250115,EVENT,9.9399,3
301257.SZ,20250115,EVENT,5.3955,5
301188.SZ,20250115,EVENT,1.692,2
300752.SZ,20250115,EVENT,8.8199,2
300250.SZ,20250115,EVENT,29.0179,5
688202.SH,20250115,EVENT,19.5302,4
002252.SZ,20250115,EVENT,2.8715,3
002557.SZ,20250115,EVENT,1.7442,3
000758.SZ,20250115,EVENT,3.9341,3
688118.SH,20250115,EVENT,31.2014,3
000546.SZ,20250115,EVENT,5.3621,3
000513.SZ,20250115,EVENT,3.2,4
601899.SH,20250115,EVENT,0.3762,3
603037.SH,20250115,EVENT,16.6371,2
300778.SZ,20250116,EVENT,2.621,5
301391.SZ,20250116,EVENT,10.02,3
000948.SZ,20250116,EVENT,14.0658,6
000513.SZ,20250116,EVENT,2.1826,3
688326.SH,20250116,EVENT,29.1858,2
688100.SH,20250116,EVENT,9.4761,4
601969.SH,20250116,EVENT,6.5554,2
603286.SH,20250116,EVENT,15.3789,4
300078.SZ,20250117,EVENT,61.9773,4
603799.SH,20250117,EVENT,0.6987,3
688061.SH,20250117,EVENT,18.911,3
002083.SZ,20250117,EVENT,1.4362,3
600755.SH,20250117,EVENT,1.2191,4
601668.SH,20250117,EVENT,4.0021,3
002422.SZ,20250117,EVENT,1.5353,3
002025.SZ,20250117,EVENT,-1.4214,5
000034.SZ,20250117,EVENT,3.0867,3
600298.SH,20250117,EVENT,0.6087,4
688100.SH,20250117,EVENT,9.2034,5
000513.SZ,20250117,EVENT,3.5822,3
600867.SH,20250117,EVENT,3.9572,4
688093.SH,20250117,EVENT,13.9608,3
300967.SZ,20250121,EVENT,10.7263,3
301391.SZ,20250121,EVENT,9.5622,4
300105.SZ,20250121,EVENT,1.2749,3
600329.SH,20250121,EVENT,4.2391,4
300786.SZ,20250120,EVENT,2.4839,2
301520.SZ,20250120,EVENT,6.2405,3
002955.SZ,20250120,EVENT,11.1033,3
000513.SZ,20250120,EVENT,-0.6155,3
002791.SZ,20250120,EVENT,2.285,6
600219.SH,20250120,EVENT,-7.4739,4
300095.SZ,20250122,EVENT,6.3899,3
002340.SZ,20250122,EVENT,2.0766,4
000776.SZ,20250122,EVENT,0.2198,3
002812.SZ,20250122,EVENT,3.7223,2
000513.SZ,20250122,EVENT,-0.1445,2
600050.SH,20250122,EVENT,15.9594,3
688126.SH,20250122,EVENT,1.1676,5
000422.SZ,20250122,EVENT,-1.296,3
688280.SH,20250122,EVENT,13.6952,5
688516.SH,20250122,EVENT,10.8098,5
600059.SH,20250122,EVENT,1.0577,3
688326.SH,20250122,EVENT,24.8977,4
600655.SH,20250122,EVENT,-5.522,2
002101.SZ,20250123,EVENT,0.1336,3
002673.SZ,20250123,EVENT,0.3188,3
603858.SH,20250123,EVENT,-1.4385,5
000513.SZ,20250123,EVENT,-2.1284,2
600019.SH,20250123,EVENT,0.7202,3
300797.SZ,20250123,EVENT,0.54,5
301589.SZ,20250124,EVENT,6.5928,5
300095.SZ,20250124,EVENT,10.5138,2
600196.SH,20250124,EVENT,6.5402,4
002439.SZ,20250124,EVENT,17.3793,6
688317.SH,20250124,EVENT,6.3469,2
000661.SZ,20250124,EVENT,5.1737,3
601015.SH,20250124,EVENT,-0.5236,4
000513.SZ,20250124,EVENT,-2.3389,2
601966.SH,20250124,EVENT,0.1899,3
300019.SZ,20250206,EVENT,15.8388,4
601021.SH,20250205,EVENT,-2.7039,3
600881.SH,20250205,EVENT,3.8017,4
000513.SZ,20250127,EVENT,0.1817,3
000789.SZ,20250127,EVENT,3.5751,3
688061.SH,20250127,EVENT,13.3603,3
003012.SZ,20250127,EVENT,-0.0922,4
000733.SZ,20250127,EVENT,0.3016,3
600805.SH,20250127,EVENT,6.5952,4
603317.SH,20250127,EVENT,-6.7265,3
605222.SH,20250207,EVENT,3.0058,3
002519.SZ,20250207,EVENT,8.4615,6
603993.SH,20250207,EVENT,2.516,3
300881.SZ,20250207,EVENT,0.9784,3
002167.SZ,20250207,EVENT,0.1732,4
600655.SH,20250207,EVENT,0.2055,2
300457.SZ,20250210,EVENT,5.0615,5
600743.SH,20250210,EVENT,-2.2202,3
000789.SZ,20250210,EVENT,2.7482,4
301376.SZ,20250212,EVENT,-1.9391,3
300797.SZ,20250212,EVENT,2.7484,2
002033.SZ,20250212,EVENT,1.8479,4
000513.SZ,20250212,EVENT,-1.0769,2
601718.SH,20250212,EVENT,-0.6808,2
600388.SH,20250212,EVENT,-0.0236,2
688100.SH,20250212,EVENT,6.386,3
603799.SH,20250213,EVENT,-0.0265,4
688593.SH,20250213,EVENT,6.2066,4
600821.SH,20250213,EVENT,5.3073,3
301272.SZ,20250213,EVENT,4.4255,2
000789.SZ,20250213,EVENT,-0.1413,3
002727.SZ,20250213,EVENT,2.4438,3
000404.SZ,20250213,EVENT,-1.5784,2
603551.SH,20250213,EVENT,4.2496,2
002368.SZ,20250213,EVENT,0.2613,6
600867.SH,20250213,EVENT,-2.9338,3
002102.SZ,20250213,EVENT,7.5206,4
603838.SH,20250213,EVENT,1.3786,4
301589.SZ,20250214,EVENT,0.2875,6
300278.SZ,20250214,EVENT,14.1396,3
603885.SH,20250214,EVENT,4.679,4
603656.SH,20250214,EVENT,5.4716,3
300373.SZ,20250218,EVENT,0.4532,3
300557.SZ,20250217,EVENT,3.5332,2
001300.SZ,20250217,EVENT,-0.1506,3
600212.SH,20250217,EVENT,8.6894,3
000301.SZ,20250217,EVENT,0.013,3
002252.SZ,20250219,EVENT,-0.9194,2
002084.SZ,20250219,EVENT,3.6961,3
600536.SH,20250219,EVENT,0.2441,4
000035.SZ,20250219,EVENT,0.2575,5
301376.SZ,20250220,EVENT,4.5864,3
000932.SZ,20250220,EVENT,3.8,2
301115.SZ,20250220,EVENT,0.1409,2
002727.SZ,20250220,EVENT,3.4143,3
603052.SH,20250220,EVENT,-1.2926,3
600611.SH,20250220,EVENT,-3.6189,3
601678.SH,20250221,EVENT,4.9485,3
600702.SH,20250221,EVENT,1.348,4
000404.SZ,20250221,EVENT,0.638,3
600075.SH,20250221,EVENT,-2.3821,2
603069.SH,20250224,EVENT,1.2776,4
600784.SH,20250224,EVENT,7.1259,2
000503.SZ,20250224,EVENT,4.9313,3
688238.SH,20250224,EVENT,-2.8346,4
600428.SH,20250224,EVENT,0.8538,4
603658.SH,20250224,EVENT,-1.4957,4
601117.SH,20250224,EVENT,0.9423,3
002493.SZ,20250224,EVENT,0.7408,2
603919.SH,20250224,EVENT,1.1813,3
002145.SZ,20250224,EVENT,4.308,3
688560.SH,20250224,EVENT,6.4864,3
300902.SZ,20250225,EVENT,-2.9599,3
301115.SZ,20250225,EVENT,0.2231,3
301156.SZ,20250225,EVENT,0.033,3
002803.SZ,20250226,EVENT,-5.1048,5
600557.SH,20250226,EVENT,1.425,4
001288.SZ,20250227,EVENT,1.3387,2
301515.SZ,20250227,EVENT,1.5434,2
300146.SZ,20250227,EVENT,0.2152,3
002386.SZ,20250227,EVENT,0.103,3
600252.SH,20250228,EVENT,-3.5453,3
002252.SZ,20250228,EVENT,4.1036,4
300457.SZ,20250304,EVENT,-0.1752,6
301292.SZ,20250303,EVENT,-0.4697,6
300315.SZ,20250303,EVENT,1.417,3
002083.SZ,20250303,EVENT,3.3774,4
000035.SZ,20250303,EVENT,0.6547,4
603779.SH,20250303,EVENT,4.6991,4
002252.SZ,20250305,EVENT,4.2556,3
000651.SZ,20250305,EVENT,7.5642,7
300749.SZ,20250305,EVENT,0.4026,5
600603.SH,20250305,EVENT,-1.4984,3
300073.SZ,20250306,EVENT,-0.0221,3
300666.SZ,20250306,EVENT,-8.9191,1
000597.SZ,20250307,EVENT,1.1628,4
300531.SZ,20250307,EVENT,-10.0718,4
601168.SH,20250307,EVENT,0.5461,4
000922.SZ,20250307,EVENT,5.8501,3
002203.SZ,20250307,EVENT,-1.1298,5
300861.SZ,20250311,EVENT,-6.9517,4
300640.SZ,20250311,EVENT,1.0918,3
002565.SZ,20250311,EVENT,2.724,3
002270.SZ,20250311,EVENT,-4.6563,2
300015.SZ,20250310,EVENT,0.5544,3
002185.SZ,20250312,EVENT,-3.6714,4
001203.SZ,20250312,EVENT,0.4727,5
000656.SZ,20250312,EVENT,-4.4857,3
600269.SH,20250312,EVENT,2.2933,3
605507.SH,20250312,EVENT,7.5401,3
000411.SZ,20250313,EVENT,0.142,4
000597.SZ,20250313,EVENT,9.6588,3
601668.SH,20250313,EVENT,-0.5863,2
300813.SZ,20250313,EVENT,2.9035,4
601678.SH,20250313,EVENT,2.4247,2
002145.SZ,20250314,EVENT,3.9538,3
000404.SZ,20250314,EVENT,0.0703,3
002460.SZ,20250314,EVENT,-5.4401,4
601969.SH,20250314,EVENT,0.3714,2
300484.SZ,20250314,EVENT,1.1909,1
002863.SZ,20250314,EVENT,1.6325,2
601390.SH,20250317,EVENT,-3.1966,4
600483.SH,20250317,EVENT,0.049,4
000400.SZ,20250320,EVENT,1.2281,2
000709.SZ,20250320,EVENT,1.0,4
002145.SZ,20250321,EVENT,6.1749,2
600062.SH,20250321,EVENT,1.7907,5
300531.SZ,20250324,EVENT,-0.6312,1
002388.SZ,20250324,EVENT,-8.7362,3
603939.SH,20250324,EVENT,0.1799,2
300015.SZ,20250327,EVENT,-0.3521,1
301376.SZ,20250327,EVENT,-1.273,2
003011.SZ,20250327,EVENT,-4.2304,4
002268.SZ,20250327,EVENT,5.123,2
603899.SH,20250327,EVENT,3.5019,3
688150.SH,20250326,EVENT,1.813,3
300749.SZ,20250326,EVENT,11.3549,2
688353.SH,20250326,EVENT,1.1187,2
688328.SH,20250326,EVENT,1.9625,2
600328.SH,20250328,EVENT,-5.2385,3
603518.SH,20250328,EVENT,-4.0904,5
601567.SH,20250328,EVENT,-12.6516,2
688035.SH,20250328,EVENT,0.1425,1
688198.SH,20250328,EVENT,4.1466,2
688172.SH,20250328,EVENT,4.5668,4
000929.SZ,20250328,EVENT,-11.0019,2
603043.SH,20250328,EVENT,-10.1328,1
300592.SZ,20250401,EVENT,-0.8559,4
601328.SH,20250401,EVENT,1.8307,2
002430.SZ,20250331,EVENT,-5.9827,1
001389.SZ,20250402,EVENT,-3.7568,1
603019.SH,20250402,EVENT,4.394,1
002867.SZ,20250402,EVENT,-0.1242,2
301135.SZ,20250604,EVENT,0.4275,3
600587.SH,20250604,EVENT,-4.0549,2
000921.SZ,20250604,EVENT,1.6415,3
002163.SZ,20250604,EVENT,7.294,4
600215.SH,20250605,EVENT,-3.5457,3
000338.SZ,20250605,EVENT,3.9186,3
000819.SZ,20250605,EVENT,0.7499,5
688268.SH,20250605,EVENT,-1.2619,2
688303.SH,20250605,EVENT,1.3079,5
600985.SH,20250605,EVENT,-0.0265,3
000521.SZ,20250606,EVENT,-0.9143,2
603081.SH,20250606,EVENT,0.3029,5
300348.SZ,20250610,EVENT,0.2144,5
300124.SZ,20250609,EVENT,-0.6715,4
000725.SZ,20250609,EVENT,0.0278,3
601727.SH,20250609,EVENT,-3.2561,3
002979.SZ,20250609,EVENT,0.8008,3
300492.SZ,20250609,EVENT,1.494,1
000503.SZ,20250609,EVENT,0.2794,4
002897.SZ,20250609,EVENT,-5.9476,5
601800.SH,20250611,EVENT,-3.2089,3
001323.SZ,20250611,EVENT,-0.1422,4
000725.SZ,20250611,EVENT,0.0302,3
600183.SH,20250611,EVENT,3.9249,2
603195.SH,20250611,EVENT,-3.6877,6
603100.SH,20250611,EVENT,0.4799,3
600388.SH,20250611,EVENT,0.8544,4
600872.SH,20250611,EVENT,5.4846,3
601390.SH,20250611,EVENT,-0.5789,4
603876.SH,20250611,EVENT,-0.0256,3
301102.SZ,20250612,EVENT,0.8223,2
300887.SZ,20250612,EVENT,1.0195,3
301327.SZ,20250612,EVENT,1.0862,2
600765.SH,20250612,EVENT,0.136,2
600184.SH,20250612,EVENT,1.0845,2
002163.SZ,20250612,EVENT,0.0346,3
002249.SZ,20250612,EVENT,-2.3656,4
601800.SH,20250612,EVENT,-4.4701,3
600022.SH,20250612,EVENT,-3.2303,2
002919.SZ,20250612,EVENT,3.2689,6
601633.SH,20250613,EVENT,0.1468,4
600821.SH,20250613,EVENT,-1.1677,4
600512.SH,20250613,EVENT,2.0276,3
002111.SZ,20250613,EVENT,4.0277,4
002992.SZ,20250613,EVENT,-0.0002,3
000056.SZ,20250613,EVENT,-4.3024,3
600756.SH,20250613,EVENT,0.0035,5
603650.SH,20250617,EVENT,0.4021,4
688400.SH,20250617,EVENT,-1.1333,3
300677.SZ,20250616,EVENT,5.5841,2
000960.SZ,20250616,EVENT,-0.0955,4
000543.SZ,20250616,EVENT,-1.7894,4
601727.SH,20250616,EVENT,-0.9147,4
002557.SZ,20250616,EVENT,-2.2388,4
603738.SH,20250616,EVENT,4.1602,6
688296.SH,20250616,EVENT,0.3509,5
600918.SH,20250616,EVENT,2.8556,2
301468.SZ,20250618,EVENT,-2.7236,3
000301.SZ,20250618,EVENT,0.1034,5
000333.SZ,20250618,EVENT,6.2671,3
601390.SH,20250618,EVENT,-0.4123,3
603667.SH,20250618,EVENT,4.6486,4
603663.SH,20250618,EVENT,5.1634,4
605117.SH,20250618,EVENT,5.7776,5
605066.SH,20250618,EVENT,1.4853,3
002870.SZ,20250618,EVENT,7.2315,5
600143.SH,20250618,EVENT,-1.4259,4
000886.SZ,20250619,EVENT,0.3894,5
605117.SH,20250619,EVENT,6.8397,5
300551.SZ,20250619,EVENT,0.4242,4
000333.SZ,20250619,EVENT,7.4292,3
688084.SH,20250619,EVENT,3.6362,1
600755.SH,20250619,EVENT,-1.0375,2
688087.SH,20250619,EVENT,4.9858,2
688298.SH,20250619,EVENT,6.2943,3
002001.SZ,20250619,EVENT,-0.6803,2
688352.SH,20250619,EVENT,-0.1171,6
688739.SH,20250619,EVENT,3.532,3
688105.SH,20250619,EVENT,3.9558,3
002023.SZ,20250619,EVENT,-2.0913,4
002262.SZ,20250619,EVENT,-0.6685,3
603019.SH,20250619,EVENT,1.4904,3
603556.SH,20250619,EVENT,0.6669,3
688190.SH,20250619,EVENT,6.8432,7
688390.SH,20250619,EVENT,7.9542,5
000923.SZ,20250620,EVENT,0.7656,3
688147.SH,20250620,EVENT,0.5238,2
000858.SZ,20250620,EVENT,4.7462,2
688633.SH,20250620,EVENT,4.0174,3
600817.SH,20250620,EVENT,0.6779,4
002430.SZ,20250620,EVENT,4.6798,4
600839.SH,20250620,EVENT,4.5582,4
600400.SH,20250620,EVENT,0.7602,3
600330.SH,20250620,EVENT,4.4377,3
688239.SH,20250620,EVENT,4.1144,4
301001.SZ,20250623,EVENT,9.7932,3
603296.SH,20250623,EVENT,12.0987,2
002364.SZ,20250623,EVENT,7.4026,1
002192.SZ,20250623,EVENT,3.8881,3
603237.SH,20250623,EVENT,16.4254,3
600579.SH,20250623,EVENT,13.1333,3
688256.SH,20250625,EVENT,0.5407,4
000778.SZ,20250625,EVENT,2.6242,2
000528.SZ,20250625,EVENT,-1.5586,3
603218.SH,20250625,EVENT,-0.05,4
603530.SH,20250625,EVENT,6.6593,2
002242.SZ,20250625,EVENT,2.837,2
605598.SH,20250625,EVENT,0.3554,3
600094.SH,20250625,EVENT,5.5468,2
000869.SZ,20250625,EVENT,5.1217,3
601390.SH,20250625,EVENT,0.2585,3
600845.SH,20250625,EVENT,3.2183,5
601011.SH,20250625,EVENT,3.7901,1
600640.SH,20250625,EVENT,2.1957,1
688029.SH,20250625,EVENT,4.5661,2
002716.SZ,20250626,EVENT,13.377,1
688516.SH,20250626,EVENT,-0.1727,3
000526.SZ,20250626,EVENT,4.0924,6
603318.SH,20250626,EVENT,5.3675,1
603286.SH,20250626,EVENT,11.9261,4
688352.SH,20250626,EVENT,2.3431,3
002716.SZ,20250627,EVENT,12.4943,2
000819.SZ,20250627,EVENT,1.0969,4
600186.SH,20250627,EVENT,0.5226,2
601827.SH,20250627,EVENT,0.8077,3
603786.SH,20250627,EVENT,7.0146,2
600538.SH,20250627,EVENT,6.7675,3
002334.SZ,20250627,EVENT,1.9134,3
000869.SZ,20250627,EVENT,5.3693,4
688169.SH,20250627,EVENT,-0.0068,4
603237.SH,20250701,EVENT,1.7001,3
600821.SH,20250701,EVENT,2.3367,3
000503.SZ,20250630,EVENT,-0.0661,5
300433.SZ,20250703,EVENT,2.0087,1
688472.SH,20250703,EVENT,1.7954,3
002034.SZ,20250703,EVENT,0.9111,3
002028.SZ,20250703,EVENT,-3.6845,2
688352.SH,20250703,EVENT,3.6009,2
002716.SZ,20250702,EVENT,9.9238,2
601969.SH,20250702,EVENT,7.4056,1
603960.SH,20250702,EVENT,3.1256,2
300708.SZ,20250704,EVENT,0.7268,2
000543.SZ,20250708,EVENT,-1.6436,6
300442.SZ,20250708,EVENT,4.2253,3
000830.SZ,20250707,EVENT,7.6932,4
002688.SZ,20250709,EVENT,2.7578,6
300592.SZ,20250710,EVENT,0.0445,2
600718.SH,20250711,EVENT,3.4143,2
601633.SH,20250711,EVENT,3.8933,3
688788.SH,20250711,EVENT,12.9657,5
600350.SH,20250711,EVENT,2.8824,3
300442.SZ,20250714,EVENT,6.8097,2
600839.SH,20250714,EVENT,0.834,4
001309.SZ,20250714,EVENT,37.463,4
600131.SH,20250714,EVENT,1.2225,4
600456.SH,20250714,EVENT,1.2818,3
000521.SZ,20250717,EVENT,0.5397,4
601900.SH,20250716,EVENT,4.1005,4
000069.SZ,20250716,EVENT,2.3862,4
603027.SH,20250716,EVENT,2.9839,3
603690.SH,20250716,EVENT,5.7106,4
601985.SH,20250721,EVENT,1.577,2
000921.SZ,20250731,EVENT,-7.3956,3
001309.SZ,20250730,EVENT,-0.0159,4
300910.SZ,20250801,EVENT,-0.6684,4
002050.SZ,20250801,EVENT,6.0076,2
601567.SH,20250801,EVENT,-0.1314,4
002327.SZ,20250804,EVENT,1.7779,3
600547.SH,20250804,EVENT,3.5026,2
301109.SZ,20250806,EVENT,4.9315,4
603986.SH,20250806,EVENT,7.3076,3
603887.SH,20250807,EVENT,3.0349,4
300729.SZ,20250811,EVENT,-0.054,2
002582.SZ,20250811,EVENT,6.5266,2
603055.SH,20250815,EVENT,0.9443,4
000869.SZ,20250815,EVENT,2.911,3
300096.SZ,20250819,EVENT,9.8177,3
603949.SH,20250820,EVENT,-4.0343,4
603605.SH,20250820,EVENT,1.8385,3
301078.SZ,20250820,EVENT,-2.51,3
002651.SZ,20250821,EVENT,8.5914,3
300203.SZ,20250828,EVENT,0.0768,2
301070.SZ,20250829,EVENT,9.4787,4
003001.SZ,20250903,EVENT,3.8841,2
000755.SZ,20250904,EVENT,1.4323,3
000651.SZ,20250904,EVENT,10.4046,3
301197.SZ,20250904,EVENT,16.6093,3
601678.SH,20250904,EVENT,2.8812,2
601006.SH,20250904,EVENT,4.3944,3
603825.SH,20250905,EVENT,18.0044,2
300980.SZ,20250909,EVENT,5.0632,2
600642.SH,20250909,EVENT,-0.4758,2
002966.SZ,20250909,EVENT,1.1881,6
601000.SH,20250908,EVENT,1.7009,3
300179.SZ,20250910,EVENT,6.1771,2
300791.SZ,20250910,EVENT,-4.9789,1
600015.SH,20250912,EVENT,6.1035,4
002802.SZ,20250917,EVENT,0.3278,3
002252.SZ,20250917,EVENT,-3.3775,2
301023.SZ,20250917,EVENT,0.469,3
688232.SH,20250917,EVENT,0.526,3
603121.SH,20250919,EVENT,3.4084,3
601006.SH,20250925,EVENT,0.3913,3
603121.SH,20250925,EVENT,0.5802,2
600882.SH,20250924,EVENT,5.4793,2
688232.SH,20250926,EVENT,-0.9452,3
301258.SZ,20251014,EVENT,5.0865,3
603300.SH,20251014,EVENT,14.1158,6
002312.SZ,20251009,EVENT,0.9927,3
002822.SZ,20251009,EVENT,0.2946,3
000039.SZ,20251009,EVENT,-0.0914,6
002986.SZ,20251009,EVENT,-4.3704,2
600686.SH,20251009,EVENT,4.4966,3
002883.SZ,20251013,EVENT,1.1602,3
000906.SZ,20251013,EVENT,0.5997,5
002286.SZ,20251013,EVENT,0.3791,5
600648.SH,20251013,EVENT,2.2504,2
603779.SH,20251013,EVENT,1.0987,4
605266.SH,20251013,EVENT,0.1889,2
600636.SH,20251013,EVENT,-2.5963,3
300245.SZ,20251028,EVENT,1.3884,3
603628.SH,20251029,EVENT,-0.16,4
000597.SZ,20251029,EVENT,-0.169,4
301004.SZ,20251030,EVENT,-3.6826,7
301260.SZ,20251104,EVENT,4.2787,3
000625.SZ,20251104,EVENT,-1.592,3
603887.SH,20251031,EVENT,-7.2643,5
002051.SZ,20251031,EVENT,0.2695,2
002552.SZ,20251105,EVENT,1.5526,3
300977.SZ,20251105,EVENT,4.6021,2
300592.SZ,20251105,EVENT,-0.0317,3
000513.SZ,20251105,EVENT,3.1189,3
300981.SZ,20251103,EVENT,4.5915,3
300015.SZ,20251103,EVENT,-0.6573,3
688166.SH,20251103,EVENT,-12.691,7
601919.SH,20251103,EVENT,2.9528,3
300633.SZ,20251106,EVENT,8.7012,2
603855.SH,20251106,EVENT,0.2757,3
688496.SH,20251106,EVENT,23.487,5
002120.SZ,20251106,EVENT,2.6338,4
002051.SZ,20251106,EVENT,4.4838,2
000513.SZ,20251106,EVENT,-2.5862,3
600872.SH,20251106,EVENT,0.8175,2
600835.SH,20251106,EVENT,0.9958,2
600519.SH,20251107,EVENT,1.3663,3
000513.SZ,20251107,EVENT,-3.1336,3
600872.SH,20251107,EVENT,2.4313,2
002852.SZ,20251107,EVENT,-4.0811,4
603128.SH,20251107,EVENT,1.0445,2
601919.SH,20251107,EVENT,0.8862,3
603369.SH,20251107,EVENT,0.7951,3
300825.SZ,20251111,EVENT,-8.3263,3
300685.SZ,20251111,EVENT,0.7932,2
000513.SZ,20251110,EVENT,-4.5043,4
002940.SZ,20251110,EVENT,19.7696,3
600609.SH,20251110,EVENT,0.6622,2
600600.SH,20251112,EVENT,-2.7112,2
300051.SZ,20251112,EVENT,0.668,4
301275.SZ,20251120,EVENT,-0.0933,2
002311.SZ,20251120,EVENT,0.4084,3
688328.SH,20251120,EVENT,-2.3778,4
002959.SZ,20251120,EVENT,-0.9469,3
002605.SZ,20251120,EVENT,1.744,2
600557.SH,20251120,EVENT,0.8609,3
600835.SH,20251120,EVENT,2.7469,3
300685.SZ,20251119,EVENT,-2.0248,2
300184.SZ,20251119,EVENT,-1.3194,3
600576.SH,20251119,EVENT,0.0218,3
000995.SZ,20251119,EVENT,-3.9252,5
300566.SZ,20251119,EVENT,-3.1198,2
603918.SH,20251119,EVENT,-8.6303,5
603058.SH,20251119,EVENT,-5.3851,2
603337.SH,20251119,EVENT,4.6597,4
002892.SZ,20251119,EVENT,-2.7897,3
601390.SH,20251121,EVENT,0.5554,3
600184.SH,20251121,EVENT,10.2733,4
603383.SH,20251121,EVENT,-3.1811,3
002892.SZ,20251121,EVENT,-0.545,3
300493.SZ,20251125,EVENT,9.9589,3
603966.SH,20251124,EVENT,0.2482,2
688337.SH,20251124,EVENT,-1.0336,2
688052.SH,20251126,EVENT,5.9392,6
300758.SZ,20251126,EVENT,1.4089,2
600487.SH,20251126,EVENT,3.9486,3
603160.SH,20251126,EVENT,-1.3562,2
600305.SH,20251126,EVENT,1.3909,3
600587.SH,20251126,EVENT,0.3526,2
300009.SZ,20251127,EVENT,4.524,3
601800.SH,20251127,EVENT,1.0597,3
600519.SH,20251127,EVENT,-1.1284,2
601233.SH,20251127,EVENT,0.7368,3
300760.SZ,20251128,EVENT,1.091,5
002011.SZ,20251128,EVENT,5.3775,3
605555.SH,20251128,EVENT,4.9567,3
000927.SZ,20251128,EVENT,0.8087,5
600278.SH,20251128,EVENT,-1.9907,2
300184.SZ,20251201,EVENT,-5.2077,4
000537.SZ,20251201,EVENT,1.7932,4
603439.SH,20251201,EVENT,-3.2263,2
688032.SH,20251201,EVENT,2.847,4
002387.SZ,20251201,EVENT,0.5,4
600202.SH,20251201,EVENT,-5.9387,2
688310.SH,20251201,EVENT,-7.2713,5
002179.SZ,20251203,EVENT,1.1375,4
688309.SH,20251203,EVENT,-3.6166,2
603579.SH,20251203,EVENT,-1.8795,4
688232.SH,20251203,EVENT,-1.5014,3
002920.SZ,20251204,EVENT,17.1689,3
300531.SZ,20251204,EVENT,-2.3245,2
002706.SZ,20251205,EVENT,5.3647,3
688093.SH,20260106,EVENT,0.0751,3
601666.SH,20260106,EVENT,3.1797,2
601678.SH,20260106,EVENT,3.3664,2
600305.SH,20260107,EVENT,-0.1237,2
688310.SH,20260107,EVENT,0.2579,4
600873.SH,20251231,EVENT,1.5589,3
601598.SH,20251231,EVENT,-1.3594,2
600587.SH,20251231,EVENT,7.1889,3
600486.SH,20251231,EVENT,-0.0055,4
688366.SH,20251231,EVENT,4.5768,2
002437.SZ,20251231,EVENT,5.287,3
603195.SH,20260108,EVENT,1.3967,2
603718.SH,20260108,EVENT,3.1071,3
603039.SH,20260108,EVENT,0.0499,5
688576.SH,20260109,EVENT,4.2257,3
000048.SZ,20260109,EVENT,17.6782,3
002488.SZ,20260109,EVENT,2.0308,3
688506.SH,20260109,EVENT,-7.7619,4
688218.SH,20260109,EVENT,0.1625,3
300073.SZ,20260113,EVENT,0.6011,4
601138.SH,20260112,EVENT,-0.7015,2
688506.SH,20260112,EVENT,-10.0099,4
002675.SZ,20260112,EVENT,-5.9811,4
603949.SH,20260112,EVENT,3.4173,4
300834.SZ,20260105,EVENT,1.706,6
688506.SH,20260105,EVENT,6.3246,3
688001.SH,20260105,EVENT,6.4383,3
605198.SH,20260105,EVENT,5.4523,3
603300.SH,20260105,EVENT,-1.7634,1
601598.SH,20260105,EVENT,0.3519,2
603609.SH,20260114,EVENT,-0.1625,3
002165.SZ,20260115,EVENT,4.8965,4
600872.SH,20260115,EVENT,0.367,3
600458.SH,20260115,EVENT,4.1389,3
601618.SH,20260115,EVENT,0.2918,4
301511.SZ,20260116,EVENT,7.4054,2
600873.SH,20260116,EVENT,0.2072,6
601390.SH,20260116,EVENT,-1.2613,3
600872.SH,20260116,EVENT,0.2571,2
000048.SZ,20260119,EVENT,18.5763,5
603900.SH,20260119,EVENT,6.4343,3
002608.SZ,20260119,EVENT,-0.119,3
603683.SH,20260119,EVENT,5.3916,2
600872.SH,20260121,EVENT,-1.9006,2
002875.SZ,20260121,EVENT,0.4285,4
600373.SH,20260121,EVENT,9.3905,2
688126.SH,20260122,EVENT,-8.4226,4
300015.SZ,20260123,EVENT,0.3984,2
002891.SZ,20260127,EVENT,-1.9929,5
002959.SZ,20260126,EVENT,-0.1747,2
600212.SH,20260126,EVENT,-6.8972,5
600872.SH,20260129,EVENT,3.1121,2
600436.SH,20260129,EVENT,7.5342,5
600202.SH,20260129,EVENT,0.9278,2
601618.SH,20260128,EVENT,0.0866,6
301260.SZ,20260203,EVENT,5.4193,3
603579.SH,20260204,EVENT,6.5961,2
688696.SH,20260204,EVENT,15.2306,4
603858.SH,20260204,EVENT,1.2761,5
603337.SH,20260204,EVENT,-0.1672,1
688528.SH,20260202,EVENT,4.2503,3
600733.SH,20260202,EVENT,-1.6547,2
002891.SZ,20260202,EVENT,-0.1331,2
000056.SZ,20260205,EVENT,14.7735,5
301320.SZ,20260205,EVENT,3.5484,3
300679.SZ,20260210,EVENT,-6.7661,3
000404.SZ,20260206,EVENT,0.3226,2
301303.SZ,20260206,EVENT,6.1589,4
000625.SZ,20260206,EVENT,3.5266,2
600873.SH,20260206,EVENT,4.3364,2
000568.SZ,20260206,EVENT,-13.762,2
688377.SH,20260206,EVENT,17.7077,1
300074.SZ,20260209,EVENT,-0.0747,3
002286.SZ,20260209,EVENT,-0.1717,4
600821.SH,20260209,EVENT,8.7631,2
300073.SZ,20260212,EVENT,3.3825,3
688180.SH,20260212,EVENT,-3.8664,3
688617.SH,20260211,EVENT,-4.2942,5
600971.SH,20260211,EVENT,5.3465,2
601137.SH,20260211,EVENT,7.363,4
600743.SH,20260211,EVENT,-0.0507,4
300679.SZ,20260213,EVENT,-3.6319,3
603223.SH,20260213,EVENT,10.826,3
002475.SZ,20260225,EVENT,-1.7792,3
603039.SH,20260226,EVENT,0.5392,5
688152.SH,20260226,EVENT,-4.1027,2
002456.SZ,20260224,EVENT,-4.0899,2
002633.SZ,20260224,EVENT,-0.083,4
600208.SH,20260224,EVENT,0.4486,3
002431.SZ,20260224,EVENT,-7.0352,2
688228.SH,20260227,EVENT,70.3808,5
002568.SZ,20260305,EVENT,4.4055,2
600909.SH,20260305,EVENT,5.3384,3
600570.SH,20260305,EVENT,5.9886,5
605338.SH,20260305,EVENT,1.359,2
603901.SH,20260305,EVENT,4.2154,1
600480.SH,20260306,EVENT,3.7993,3
300679.SZ,20260310,EVENT,8.1208,3
300583.SZ,20260310,EVENT,-0.3224,3
300583.SZ,20260309,EVENT,0.662,3
000796.SZ,20260309,EVENT,6.7348,4
603669.SH,20260309,EVENT,-0.0109,2
688475.SH,20260312,EVENT,6.1047,5
688180.SH,20260312,EVENT,21.5539,3
603900.SH,20260312,EVENT,-4.7093,3
688218.SH,20260312,EVENT,9.0812,4
600062.SH,20260313,EVENT,0.4397,3
002981.SZ,20260311,EVENT,6.3882,5
600909.SH,20260311,EVENT,-3.4586,2
000009.SZ,20260311,EVENT,-5.7167,3
603439.SH,20260311,EVENT,-3.0803,4
002558.SZ,20260311,EVENT,7.2966,3
603529.SH,20260311,EVENT,11.5244,3
688278.SH,20260316,EVENT,-1.9073,3
002517.SZ,20260316,EVENT,10.1586,6
688180.SH,20260318,EVENT,11.3077,3
603683.SH,20260320,EVENT,-1.779,2
002955.SZ,20260319,EVENT,-2.6555,5
600679.SH,20260319,EVENT,-3.1493,2
688573.SH,20260319,EVENT,-6.7982,4
300633.SZ,20260319,EVENT,-4.576,4
600570.SH,20260324,EVENT,4.1218,6
600050.SH,20260323,EVENT,2.2879,5
001217.SZ,20260323,EVENT,5.1022,2
600353.SH,20260323,EVENT,10.2328,2
603317.SH,20260323,EVENT,-2.7943,2
000625.SZ,20260323,EVENT,3.3413,2
600062.SH,20260323,EVENT,-0.0131,4
605598.SH,20260323,EVENT,20.4994,3
000415.SZ,20260325,EVENT,0.9039,3
002932.SZ,20260325,EVENT,2.2389,5
600655.SH,20260325,EVENT,4.5308,2
300783.SZ,20260325,EVENT,2.7549,5
301225.SZ,20260325,EVENT,16.6533,3
603192.SH,20260325,EVENT,6.8992,3
000408.SZ,20260325,EVENT,6.9363,4
600713.SH,20260325,EVENT,3.0904,2
002517.SZ,20260325,EVENT,1.7142,4
601899.SH,20260325,EVENT,1.7388,4
603416.SH,20260325,EVENT,2.048,4
002511.SZ,20260325,EVENT,1.6342,2
000404.SZ,20260325,EVENT,0.5937,1
603223.SH,20260325,EVENT,12.2695,3
603536.SH,20260325,EVENT,7.1251,6
000625.SZ,20260326,EVENT,5.8442,2
000408.SZ,20260326,EVENT,8.434,4
002239.SZ,20260326,EVENT,-3.4542,1
300095.SZ,20260326,EVENT,3.5391,3
300049.SZ,20260326,EVENT,1.1122,5
002164.SZ,20260326,EVENT,1.7892,6
603885.SH,20260326,EVENT,1.8497,5
688083.SH,20260326,EVENT,9.1093,6
688137.SH,20260326,EVENT,2.22,2
601177.SH,20260326,EVENT,6.8052,3
600202.SH,20260326,EVENT,0.3523,2
600790.SH,20260326,EVENT,1.9268,3
300783.SZ,20260327,EVENT,2.9832,6
000408.SZ,20260327,EVENT,8.8808,2
600882.SH,20260327,EVENT,7.6421,6
300997.SZ,20260327,EVENT,2.4745,5
300313.SZ,20260330,EVENT,11.3112,3
603043.SH,20260330,EVENT,-3.7525,3
300583.SZ,20260529,EVENT,0.7602,4
300957.SZ,20260529,EVENT,7.1,4
601966.SH,20260529,EVENT,8.959,3
000063.SZ,20260529,EVENT,1.6063,5
002758.SZ,20260529,EVENT,7.2993,4
600827.SH,20260529,EVENT,2.093,2
002019.SZ,20260529,EVENT,6.4597,5
301166.SZ,20260529,EVENT,3.1923,3
002120.SZ,20260529,EVENT,11.15,2
002318.SZ,20260529,EVENT,19.7219,2
600239.SH,20260529,EVENT,-6.3625,4
600882.SH,20260529,EVENT,2.837,2
002385.SZ,20260529,EVENT,13.6769,4
603258.SH,20260529,EVENT,21.0955,5
000056.SZ,20260529,EVENT,3.5267,2
603456.SH,20260529,EVENT,-0.0964,3
600202.SH,20260529,EVENT,0.8933,3
605009.SH,20260529,EVENT,12.097,3
300456.SZ,20260527,EVENT,-0.1547,3
300347.SZ,20260527,EVENT,8.7282,2
603858.SH,20260527,EVENT,5.042,2
603871.SH,20260527,EVENT,7.3545,6
688606.SH,20260527,EVENT,9.5472,2
002556.SZ,20260527,EVENT,17.0206,3
688068.SH,20260527,EVENT,-8.6959,2
600057.SH,20260527,EVENT,5.016,2
002758.SZ,20260527,EVENT,6.3969,4
300992.SZ,20260527,EVENT,-8.5355,3
600587.SH,20260527,EVENT,1.8774,4
002643.SZ,20260527,EVENT,-7.5227,3
000757.SZ,20260527,EVENT,7.0451,3
603456.SH,20260527,EVENT,-1.5307,3
300245.SZ,20260601,EVENT,-2.034,3
301166.SZ,20260601,EVENT,3.9218,2
002040.SZ,20260601,EVENT,6.7731,3
600629.SH,20260601,EVENT,9.353,3
002332.SZ,20260601,EVENT,2.3959,2
600990.SH,20260601,EVENT,13.6702,3
600585.SH,20260601,EVENT,3.6514,3
300800.SZ,20260601,EVENT,13.2646,4
603341.SH,20260601,EVENT,2.3569,3
002583.SZ,20260601,EVENT,16.7296,3
000525.SZ,20260601,EVENT,7.8432,6
603899.SH,20260601,EVENT,-9.7091,4
601800.SH,20260601,EVENT,16.9315,6
600187.SH,20260601,EVENT,23.079,4
603871.SH,20260601,EVENT,-4.1127,3
603187.SH,20260601,EVENT,-1.8631,2
002133.SZ,20260601,EVENT,9.0021,3
601633.SH,20260601,EVENT,17.1093,5
600328.SH,20260601,EVENT,12.8856,5
605259.SH,20260601,EVENT,1.6523,3
600860.SH,20260528,EVENT,8.3443,5
002223.SZ,20260528,EVENT,4.6802,2
002202.SZ,20260528,EVENT,3.6499,2
002363.SZ,20260528,EVENT,9.3096,3
002864.SZ,20260528,EVENT,2.6298,4
600585.SH,20260528,EVENT,6.0476,4
688326.SH,20260528,EVENT,-2.8136,5
603357.SH,20260528,EVENT,13.3987,5
002605.SZ,20260528,EVENT,1.2838,4
000869.SZ,20260528,EVENT,3.673,2
688109.SH,20260528,EVENT,6.1332,2
688013.SH,20260528,EVENT,14.1843,4
300888.SZ,20260602,EVENT,3.4194,2
301166.SZ,20260602,EVENT,1.9474,2
600739.SH,20260602,EVENT,2.2551,3
301232.SZ,20260603,EVENT,7.0348,2
688506.SH,20260603,EVENT,21.9751,6
300627.SZ,20260603,EVENT,5.1174,4
002294.SZ,20260603,EVENT,3.2814,4
600187.SH,20260603,EVENT,-11.239,4
603858.SH,20260603,EVENT,4.6751,2
601010.SH,20260603,EVENT,-14.0995,3
605507.SH,20260603,EVENT,-3.0004,4
002173.SZ,20260603,EVENT,25.9876,6
002206.SZ,20260603,EVENT,7.7698,6
002683.SZ,20260603,EVENT,11.4221,3
600585.SH,20260603,EVENT,-4.7176,2
603899.SH,20260603,EVENT,-10.2124,2
002195.SZ,20260603,EVENT,0.6639,4
002858.SZ,20260603,EVENT,14.1271,3
601966.SH,20260603,EVENT,7.4259,3
002366.SZ,20260603,EVENT,0.6678,3
600179.SH,20260603,EVENT,4.7907,2
603500.SH,20260603,EVENT,13.6986,4
600389.SH,20260603,EVENT,6.4047,2
300989.SZ,20260604,EVENT,-4.5051,2
000801.SZ,20260604,EVENT,-2.1473,3
000757.SZ,20260604,EVENT,13.4049,2
002576.SZ,20260604,EVENT,9.7799,2
002895.SZ,20260604,EVENT,-10.912,3
688506.SH,20260604,EVENT,19.4429,4
600686.SH,20260604,EVENT,13.6846,3
002206.SZ,20260604,EVENT,8.3608,3
002930.SZ,20260604,EVENT,16.0134,4
002306.SZ,20260604,EVENT,-9.1427,4
688169.SH,20260604,EVENT,6.4279,3
600731.SH,20260604,EVENT,16.7267,5
605155.SH,20260604,EVENT,7.7226,4
000409.SZ,20260604,EVENT,-4.3349,3
603098.SH,20260604,EVENT,-6.8307,3
603277.SH,20260604,EVENT,-0.2156,3
301166.SZ,20260604,EVENT,5.445,3
603900.SH,20260604,EVENT,-0.5262,2
002173.SZ,20260604,EVENT,24.7811,5
603858.SH,20260604,EVENT,-3.3942,3
603579.SH,20260604,EVENT,-5.2645,2
688377.SH,20260604,EVENT,-7.5107,5
600579.SH,20260604,EVENT,-1.5326,4
300611.SZ,20260605,EVENT,-0.1183,2
301263.SZ,20260605,EVENT,10.1573,3
300144.SZ,20260605,EVENT,-1.5861,3
301078.SZ,20260605,EVENT,-0.2412,2
300957.SZ,20260605,EVENT,4.0226,5
688513.SH,20260605,EVENT,-2.0362,3
000663.SZ,20260605,EVENT,5.0422,4
600763.SH,20260605,EVENT,0.4163,3
002318.SZ,20260605,EVENT,26.1009,2
002605.SZ,20260605,EVENT,-2.9111,2
688109.SH,20260605,EVENT,-0.1298,4
002626.SZ,20260605,EVENT,1.2348,2
600201.SH,20260605,EVENT,18.108,2
002206.SZ,20260605,EVENT,9.6681,4
605507.SH,20260605,EVENT,-7.659,5
002511.SZ,20260605,EVENT,-0.7291,4
601086.SH,20260605,EVENT,0.8169,2
300132.SZ,20260609,EVENT,15.1516,4
300596.SZ,20260609,EVENT,4.6528,4
300871.SZ,20260609,EVENT,20.8738,8
002601.SZ,20260609,EVENT,15.0912,4
300363.SZ,20260608,EVENT,1.5274,4
002385.SZ,20260608,EVENT,0.0109,5
002173.SZ,20260608,EVENT,27.1643,5
688289.SH,20260608,EVENT,3.9504,3
600774.SH,20260608,EVENT,-0.3098,3
001387.SZ,20260608,EVENT,4.2234,3
000777.SZ,20260608,EVENT,12.0998,6
601633.SH,20260608,EVENT,17.943,4
000739.SZ,20260608,EVENT,0.0877,2
603528.SH,20260608,EVENT,11.7476,3
001322.SZ,20260608,EVENT,8.7625,3
300858.SZ,20260610,EVENT,13.8076,3
301498.SZ,20260610,EVENT,1.3719,4
300347.SZ,20260610,EVENT,29.0603,3
300188.SZ,20260610,EVENT,0.6635,3
300691.SZ,20260610,EVENT,6.3631,4
001288.SZ,20260610,EVENT,1.2298,2
688105.SH,20260610,EVENT,4.1145,4
600131.SH,20260610,EVENT,12.5729,4
002393.SZ,20260610,EVENT,1.9726,4
000100.SZ,20260610,EVENT,2.265,1
600109.SH,20260610,EVENT,5.3901,3
603978.SH,20260610,EVENT,29.5739,1
688695.SH,20260610,EVENT,14.3599,3
601778.SH,20260610,EVENT,14.8276,2
600959.SH,20260610,EVENT,5.0426,3
000401.SZ,20260610,EVENT,0.2774,5
600062.SH,20260610,EVENT,0.4426,3
600388.SH,20260610,EVENT,7.2027,4
688117.SH,20260610,EVENT,17.9158,5
601969.SH,20260610,EVENT,6.0721,5
603277.SH,20260610,EVENT,0.1441,4
688575.SH,20260610,EVENT,49.3605,4
688169.SH,20260610,EVENT,-9.7585,2
600770.SH,20260610,EVENT,-1.8481,1
300036.SZ,20260611,EVENT,12.7597,4
300691.SZ,20260611,EVENT,0.714,4
600109.SH,20260611,EVENT,5.3766,3
300827.SZ,20260611,EVENT,17.6761,3
300132.SZ,20260611,EVENT,15.6266,5
300347.SZ,20260611,EVENT,19.5095,4
300624.SZ,20260611,EVENT,6.3509,2
301320.SZ,20260611,EVENT,-3.7968,2
301173.SZ,20260611,EVENT,5.6106,4
002332.SZ,20260611,EVENT,0.3154,5
600567.SH,20260611,EVENT,-5.062,7
300453.SZ,20260611,EVENT,1.1745,3
002223.SZ,20260611,EVENT,-1.7614,2
000757.SZ,20260611,EVENT,18.2011,3
300133.SZ,20260611,EVENT,16.6506,2
600072.SH,20260611,EVENT,21.4922,5
002291.SZ,20260611,EVENT,18.9612,3
002727.SZ,20260611,EVENT,-0.4013,2
600713.SH,20260611,EVENT,-2.2713,4
000590.SZ,20260611,EVENT,4.9022,5
600512.SH,20260611,EVENT,3.7665,5
002206.SZ,20260611,EVENT,2.2922,4
600872.SH,20260611,EVENT,3.9667,3
600388.SH,20260611,EVENT,5.7426,4
600305.SH,20260611,EVENT,4.1881,3
300800.SZ,20260612,EVENT,17.6347,2
300363.SZ,20260612,EVENT,2.6073,3
688198.SH,20260612,EVENT,12.2802,4
002607.SZ,20260612,EVENT,14.1422,4
603987.SH,20260612,EVENT,-0.2034,6
605288.SH,20260612,EVENT,23.8794,1
002517.SZ,20260612,EVENT,12.5855,3
002758.SZ,20260612,EVENT,-0.1302,6
300702.SZ,20260612,EVENT,13.2301,4
600187.SH,20260612,EVENT,-7.397,4
600509.SH,20260612,EVENT,8.5365,3
603118.SH,20260612,EVENT,-1.8188,2
688297.SH,20260612,EVENT,2.0244,5
001299.SZ,20260612,EVENT,7.1562,3
002294.SZ,20260612,EVENT,0.716,3
600239.SH,20260612,EVENT,-4.052,4
601800.SH,20260612,EVENT,-3.1249,3
003038.SZ,20260612,EVENT,-5.1847,3
688472.SH,20260612,EVENT,7.8796,4
600763.SH,20260612,EVENT,4.4378,4
603057.SH,20260612,EVENT,4.4352,4
301173.SZ,20260616,EVENT,3.7509,3
300883.SZ,20260616,EVENT,-2.899,3
301223.SZ,20260616,EVENT,-2.451,6
300193.SZ,20260616,EVENT,-5.9239,6
301333.SZ,20260616,EVENT,14.6768,5
300082.SZ,20260616,EVENT,-14.4746,2
300039.SZ,20260615,EVENT,15.2967,7
300871.SZ,20260615,EVENT,9.2655,5
300791.SZ,20260615,EVENT,-4.6185,2
603409.SH,20260615,EVENT,15.7937,4
002758.SZ,20260615,EVENT,-2.7953,6
603833.SH,20260615,EVENT,4.7886,4
600872.SH,20260615,EVENT,-6.4046,4
300371.SZ,20260615,EVENT,11.2649,3
002223.SZ,20260615,EVENT,-3.8787,3
000739.SZ,20260615,EVENT,-0.4246,2
002930.SZ,20260615,EVENT,20.8908,5
603579.SH,20260615,EVENT,0.5372,3
301339.SZ,20260615,EVENT,10.9961,5
000801.SZ,20260615,EVENT,-1.2197,3
688198.SH,20260615,EVENT,-14.4272,5
603298.SH,20260615,EVENT,3.6843,2
600201.SH,20260615,EVENT,2.4261,2
600109.SH,20260615,EVENT,5.2353,5
300676.SZ,20260617,EVENT,7.7378,2
000564.SZ,20260617,EVENT,-4.7139,3
002739.SZ,20260617,EVENT,3.32,3
603583.SH,20260617,EVENT,-5.4065,2
688303.SH,20260617,EVENT,-11.4746,2
301265.SZ,20260721,EVENT,40.6376,3
300002.SZ,20260721,EVENT,0.1317,2
300802.SZ,20260721,EVENT,27.6517,4
300122.SZ,20260721,EVENT,0.3168,3
300806.SZ,20260721,EVENT,63.2506,4
300747.SZ,20260721,EVENT,5.6344,3
301129.SZ,20260721,EVENT,6.5915,6
301305.SZ,20260721,EVENT,30.4956,3
600346.SH,20260721,EVENT,6.5406,2
601236.SH,20260721,EVENT,-1.2943,3
688079.SH,20260721,EVENT,53.5695,2
603683.SH,20260721,EVENT,31.1218,2
600406.SH,20260721,EVENT,0.5014,5
601456.SH,20260721,EVENT,-1.7368,3
300627.SZ,20260721,EVENT,5.5493,3
301283.SZ,20260721,EVENT,12.7807,3
603920.SH,20260721,EVENT,54.823,6
601966.SH,20260721,EVENT,1.504,2
601717.SH,20260721,EVENT,0.4349,4
002150.SZ,20260721,EVENT,5.3489,5
300748.SZ,20260720,EVENT,11.4476,3
300143.SZ,20260720,EVENT,5.5182,6
600649.SH,20260720,EVENT,0.1333,4
000039.SZ,20260720,EVENT,11.8533,4
605090.SH,20260720,EVENT,-17.2718,4
603949.SH,20260720,EVENT,22.6324,4
600810.SH,20260720,EVENT,3.2421,4
002019.SZ,20260720,EVENT,-0.1412,6
000422.SZ,20260720,EVENT,3.9831,4
688005.SH,20260720,EVENT,9.4776,5
002051.SZ,20260720,EVENT,18.5521,3
688400.SH,20260720,EVENT,16.5692,2
600557.SH,20260720,EVENT,0.103,5
600579.SH,20260720,EVENT,2.6324,2
301283.SZ,20260720,EVENT,9.7267,3
688618.SH,20260720,EVENT,13.6495,5
002318.SZ,20260720,EVENT,21.9151,2
002340.SZ,20260720,EVENT,9.4681,4
301248.SZ,20260722,EVENT,-2.1664,3
301086.SZ,20260722,EVENT,13.0491,6
301161.SZ,20260722,EVENT,20.8344,3
300095.SZ,20260722,EVENT,5.636,3
603189.SH,20260722,EVENT,11.885,3
300834.SZ,20260722,EVENT,17.5713,5
301322.SZ,20260722,EVENT,61.3217,5
300274.SZ,20260722,EVENT,32.3361,3
301265.SZ,20260722,EVENT,30.3327,3
300014.SZ,20260722,EVENT,4.2386,5
600495.SH,20260722,EVENT,7.8781,2
301337.SZ,20260722,EVENT,3.2993,3
301070.SZ,20260722,EVENT,30.6527,4
002615.SZ,20260722,EVENT,7.2336,3
600186.SH,20260722,EVENT,0.919,3
601882.SH,20260722,EVENT,16.8698,2
002943.SZ,20260722,EVENT,12.0712,5
000695.SZ,20260722,EVENT,4.5029,5
002020.SZ,20260722,EVENT,1.5964,2
002050.SZ,20260722,EVENT,3.3136,3
002192.SZ,20260722,EVENT,27.3856,4
002913.SZ,20260722,EVENT,15.0468,5
002388.SZ,20260722,EVENT,25.2237,4
300450.SZ,20260722,EVENT,22.715,4
002475.SZ,20260722,EVENT,-2.573,2
603799.SH,20260722,EVENT,13.842,4
603516.SH,20260722,EVENT,31.2032,5
002099.SZ,20260722,EVENT,9.3587,2
600103.SH,20260722,EVENT,11.5082,7
603916.SH,20260722,EVENT,37.8999,2
600233.SH,20260722,EVENT,6.3713,3
600031.SH,20260722,EVENT,0.2723,2
600770.SH,20260722,EVENT,14.1564,2
301360.SZ,20260722,EVENT,32.5999,5
600918.SH,20260722,EVENT,-0.9682,2
603262.SH,20260722,EVENT,-2.8163,2
300183.SZ,20260723,EVENT,8.056,4
300790.SZ,20260723,EVENT,17.2007,3
301290.SZ,20260723,EVENT,4.7175,4
002931.SZ,20260723,EVENT,35.4563,3
300982.SZ,20260723,EVENT,3.8853,3
300091.SZ,20260723,EVENT,10.9111,4
300192.SZ,20260723,EVENT,7.9458,2
002695.SZ,20260723,EVENT,22.5264,6
000400.SZ,20260723,EVENT,4.6946,3
603091.SH,20260723,EVENT,5.2196,3
300802.SZ,20260723,EVENT,16.8581,3
603920.SH,20260723,EVENT,45.0384,5
688429.SH,20260723,EVENT,0.5736,4
002913.SZ,20260723,EVENT,11.3298,5
300286.SZ,20260723,EVENT,34.1609,5
000670.SZ,20260723,EVENT,20.184,5
002352.SZ,20260723,EVENT,2.9681,2
603659.SH,20260723,EVENT,13.025,4
002929.SZ,20260723,EVENT,5.3566,3
001322.SZ,20260723,EVENT,-2.1822,4
000695.SZ,20260723,EVENT,0.3144,3
605009.SH,20260723,EVENT,-3.1138,2
603439.SH,20260723,EVENT,18.0794,3
603588.SH,20260723,EVENT,40.2934,4
000338.SZ,20260723,EVENT,14.6376,3
600382.SH,20260723,EVENT,11.5133,5
600580.SH,20260723,EVENT,3.585,3
000528.SZ,20260723,EVENT,0.7893,2
603288.SH,20260723,EVENT,-0.0383,3
600346.SH,20260723,EVENT,0.9619,4
002318.SZ,20260723,EVENT,7.0525,3
001205.SZ,20260723,EVENT,4.3884,3
603799.SH,20260723,EVENT,11.8397,3
002192.SZ,20260723,EVENT,20.6445,4
688350.SH,20260723,EVENT,26.4079,3
000656.SZ,20260723,EVENT,-2.4968,4
603201.SH,20260723,EVENT,11.8146,2
002264.SZ,20260724,EVENT,4.4742,2
002812.SZ,20260724,EVENT,16.6093,5
301290.SZ,20260724,EVENT,5.7241,3
301337.SZ,20260724,EVENT,4.2985,4
301322.SZ,20260724,EVENT,62.1377,3
301330.SZ,20260724,EVENT,-1.5294,4
301305.SZ,20260724,EVENT,24.9941,4
301161.SZ,20260724,EVENT,23.3896,3
688022.SH,20260724,EVENT,2.9587,3
003008.SZ,20260724,EVENT,-1.7053,3
688525.SH,20260724,EVENT,6.5034,2
000695.SZ,20260724,EVENT,-0.1274,2
688258.SH,20260724,EVENT,8.556,3
603836.SH,20260724,EVENT,11.2516,2
603659.SH,20260724,EVENT,7.7394,5
688350.SH,20260724,EVENT,22.2945,4
605588.SH,20260724,EVENT,44.481,4
301446.SZ,20260724,EVENT,18.698,7
003015.SZ,20260724,EVENT,7.0629,3
300184.SZ,20260724,EVENT,15.2669,3
002695.SZ,20260724,EVENT,14.5403,5
002161.SZ,20260724,EVENT,24.4212,2
603683.SH,20260724,EVENT,71.1564,5
605228.SH,20260724,EVENT,18.5643,3
601006.SH,20260724,EVENT,-3.6765,2
600141.SH,20260724,EVENT,7.1883,2
688719.SH,20260724,EVENT,38.7167,3
688623.SH,20260724,EVENT,-1.1088,2
605488.SH,20260724,EVENT,6.7262,4
002929.SZ,20260724,EVENT,4.8077,3
300463.SZ,20260724,EVENT,8.5439,3
300906.SZ,20260727,EVENT,16.0534,4
300091.SZ,20260727,EVENT,9.8418,5
301010.SZ,20260727,EVENT,17.0245,4
300573.SZ,20260727,EVENT,13.6593,2
300790.SZ,20260727,EVENT,21.1457,3
300684.SZ,20260727,EVENT,7.6576,3
301086.SZ,20260727,EVENT,19.2841,3
688337.SH,20260727,EVENT,65.5073,3
002888.SZ,20260727,EVENT,34.1314,5
003019.SZ,20260727,EVENT,6.9438,5
688162.SH,20260727,EVENT,10.0403,3
002722.SZ,20260727,EVENT,8.405,3
002318.SZ,20260727,EVENT,4.1771,2
688755.SH,20260727,EVENT,7.9367,4
603031.SH,20260727,EVENT,12.7075,2
003015.SZ,20260727,EVENT,7.7952,3
603588.SH,20260727,EVENT,43.2456,3
605060.SH,20260727,EVENT,27.2645,4
688657.SH,20260727,EVENT,25.5952,3
603091.SH,20260727,EVENT,0.6666,3
688719.SH,20260727,EVENT,42.9864,3
001358.SZ,20260727,EVENT,26.7126,4
603189.SH,20260727,EVENT,8.1977,3
603390.SH,20260727,EVENT,11.6021,4
688258.SH,20260727,EVENT,14.9588,4
301360.SZ,20260727,EVENT,36.946,2
300095.SZ,20260728,EVENT,7.6913,5
301252.SZ,20260728,EVENT,17.5756,4
300627.SZ,20260728,EVENT,7.9413,4
002929.SZ,20260728,EVENT,-13.5777,3
002888.SZ,20260728,EVENT,12.6974,6
300467.SZ,20260728,EVENT,7.8874,4
688087.SH,20260728,EVENT,12.7436,4
301662.SZ,20260728,EVENT,8.7646,4
301439.SZ,20260728,EVENT,8.1256,3
301290.SZ,20260728,EVENT,15.3174,5
301026.SZ,20260717,EVENT,11.8202,4
300988.SZ,20260717,EVENT,3.1375,4
002858.SZ,20260717,EVENT,-5.5938,4
000923.SZ,20260717,EVENT,8.9584,2
000501.SZ,20260717,EVENT,1.5204,2
000858.SZ,20260717,EVENT,0.7345,3
601038.SH,20260717,EVENT,5.1911,3
603088.SH,20260717,EVENT,0.5175,5
600382.SH,20260717,EVENT,-8.303,3
300690.SZ,20260729,EVENT,0.2145,4
301248.SZ,20260729,EVENT,21.0414,3
688083.SH,20260729,EVENT,8.3806,4
301305.SZ,20260729,EVENT,23.6092,3
603920.SH,20260729,EVENT,25.0698,4
002931.SZ,20260729,EVENT,23.9616,3
600580.SH,20260729,EVENT,26.6803,4
688162.SH,20260729,EVENT,12.4754,3
002023.SZ,20260729,EVENT,18.277,3
603231.SH,20260729,EVENT,10.371,3
002812.SZ,20260729,EVENT,11.2161,5
002050.SZ,20260729,EVENT,12.2227,4
603194.SH,20260729,EVENT,0.4409,2
600186.SH,20260729,EVENT,52.0232,3
002734.SZ,20260729,EVENT,15.109,3
600884.SH,20260729,EVENT,-4.1563,6
688695.SH,20260729,EVENT,1.0876,2
600382.SH,20260729,EVENT,-0.52,7
601717.SH,20260729,EVENT,1.5434,4
601799.SH,20260729,EVENT,-0.5005,5
603861.SH,20260729,EVENT,7.3214,2
603390.SH,20260729,EVENT,8.4975,6
002778.SZ,20260729,EVENT,10.7155,5
688638.SH,20260729,EVENT,14.9838,4
603091.SH,20260729,EVENT,8.4602,2
603135.SH,20260729,EVENT,9.887,3
000009_SZ.SZ,20250908,CONT,-2.4031,3
000544_SZ.SZ,20240514,CONT,2.0248,3
000752_SZ.SZ,20250815,CONT,0.8476,3
000758_SZ.SZ,20250718,CONT,6.4787,3
000791_SZ.SZ,20240517,CONT,0.2478,3
000791_SZ.SZ,20240520,CONT,-8.366,3
000792_SZ.SZ,20260121,CONT,-4.5817,3
000803_SZ.SZ,20250818,CONT,1.9368,3
000812_SZ.SZ,20241114,CONT,10.2444,3
000823_SZ.SZ,20250811,CONT,7.0197,3
000908_SZ.SZ,20240815,CONT,62.6906,3
000912_SZ.SZ,20241014,CONT,0.7091,3
000975_SZ.SZ,20240520,CONT,-6.2204,3
001228_SZ.SZ,20241128,CONT,4.7333,3
002019_SZ.SZ,20240514,CONT,-4.5478,3
002107_SZ.SZ,20250710,CONT,10.6414,3
002110_SZ.SZ,20241118,CONT,-0.745,3
002156_SZ.SZ,20250829,CONT,4.1492,3
002271_SZ.SZ,20260129,CONT,7.8,3
002309_SZ.SZ,20250624,CONT,8.5719,3
002344_SZ.SZ,20241115,CONT,13.4259,3
002358_SZ.SZ,20260123,CONT,6.4104,3
002413_SZ.SZ,20250703,CONT,0.5168,3
002432_SZ.SZ,20260310,CONT,20.916,3
002460_SZ.SZ,20250905,CONT,30.1713,3
002479_SZ.SZ,20241014,CONT,7.3294,3
002569_SZ.SZ,20240520,CONT,-3.7294,3
002656_SZ.SZ,20250213,CONT,1.1636,3
002674_SZ.SZ,20250818,CONT,4.6426,3
002768_SZ.SZ,20250716,CONT,20.0801,3
002768_SZ.SZ,20250717,CONT,6.747,3
002860_SZ.SZ,20241212,CONT,-1.4043,3
002887_SZ.SZ,20260226,CONT,4.755,3
002908_SZ.SZ,20250707,CONT,3.2991,3
002925_SZ.SZ,20241218,CONT,-0.2703,3
300019_SZ.SZ,20241118,CONT,-5.0555,3
300035_SZ.SZ,20250829,CONT,15.9567,3
300049_SZ.SZ,20250716,CONT,18.7419,3
300084_SZ.SZ,20260302,CONT,-3.0278,3
300131_SZ.SZ,20231127,CONT,-1.4308,3
300263_SZ.SZ,20250729,CONT,-2.4142,3
300510_SZ.SZ,20250818,CONT,-21.0475,3
300686_SZ.SZ,20250820,CONT,7.1609,3
300708_SZ.SZ,20260305,CONT,-7.9807,3
300739_SZ.SZ,20250715,CONT,7.3585,3
300747_SZ.SZ,20250708,CONT,8.9011,3
300748_SZ.SZ,20250718,CONT,3.7526,3
300750_SZ.SZ,20240326,CONT,3.9663,3
300767_SZ.SZ,20250730,CONT,18.2806,3
300855_SZ.SZ,20250811,CONT,10.4137,3
300861_SZ.SZ,20250905,CONT,-5.2231,3
301127_SZ.SZ,20240612,CONT,3.7085,3
301363_SZ.SZ,20250821,CONT,23.9652,3
600096_SH.SH,20251106,CONT,10.2816,3
600107_SH.SH,20250829,CONT,17.9979,3
600111_SH.SH,20250718,CONT,19.887,3
600115_SH.SH,20251103,CONT,11.2583,3
600233_SH.SH,20240320,CONT,8.6873,3
600233_SH.SH,20240321,CONT,2.9572,3
600377_SH.SH,20240220,CONT,0.0799,3
600389_SH.SH,20250516,CONT,15.6323,3
600452_SH.SH,20250821,CONT,-16.6183,3
600487_SH.SH,20250829,CONT,-1.2728,3
600490_SH.SH,20250901,CONT,7.674,3
600499_SH.SH,20250519,CONT,6.2105,3
600499_SH.SH,20250520,CONT,-0.4638,3
600628_SH.SH,20241126,CONT,22.2764,3
600639_SH.SH,20240201,CONT,-3.4543,3
600722_SH.SH,20241120,CONT,25.7179,3
600761_SH.SH,20250924,CONT,-6.2179,3
600792_SH.SH,20250718,CONT,1.6717,3
600819_SH.SH,20241113,CONT,7.38,3
600938_SH.SH,20260302,CONT,4.2894,3
600971_SH.SH,20231212,CONT,-4.3082,3
600977_SH.SH,20250905,CONT,33.8063,3
600981_SH.SH,20231212,CONT,-9.897,3
601061_SH.SH,20251021,CONT,29.6106,3
601089_SH.SH,20250717,CONT,29.3342,3
601117_SH.SH,20260312,CONT,-6.3401,3
601199_SH.SH,20240520,CONT,-5.4572,3
601231_SH.SH,20250819,CONT,1.0892,3
601606_SH.SH,20241014,CONT,5.3575,3
601615_SH.SH,20250825,CONT,2.6932,3
601717_SH.SH,20250319,CONT,2.0551,3
601727_SH.SH,20241021,CONT,79.2996,3
601728_SH.SH,20250221,CONT,2.9517,3
601789_SH.SH,20241114,CONT,0.4881,3
601789_SH.SH,20241115,CONT,-1.3062,3
601825_SH.SH,20240522,CONT,-11.4053,3
601899_SH.SH,20240314,CONT,5.8412,3
601899_SH.SH,20250905,CONT,5.104,3
603035_SH.SH,20250923,CONT,13.3405,3
603111_SH.SH,20250917,CONT,4.4561,3
603167_SH.SH,20250620,CONT,12.4667,3
603181_SH.SH,20250826,CONT,12.5635,3
603217_SH.SH,20251014,CONT,3.7724,3
603268_SH.SH,20250818,CONT,2.8126,3
603285_SH.SH,20250911,CONT,-16.7533,3
603338_SH.SH,20241205,CONT,2.165,3
603586_SH.SH,20250611,CONT,2.5877,3
603610_SH.SH,20241219,CONT,-11.0941,3
603612_SH.SH,20250729,CONT,10.3106,3
603685_SH.SH,20250728,CONT,4.7498,3
603726_SH.SH,20250708,CONT,-4.2771,3
603976_SH.SH,20250728,CONT,5.2511,3
605050_SH.SH,20241126,CONT,7.9032,3
605228_SH.SH,20250725,CONT,13.2626,3
605599_SH.SH,20250520,CONT,38.5903,3
688125_SH.SH,20250811,CONT,4.3977,3
688161_SH.SH,20250908,CONT,6.9681,3
688362_SH.SH,20250812,CONT,12.1243,3
688371_SH.SH,20250818,CONT,31.2798,3
688718_SH.SH,20250718,CONT,12.4225,3
