symbol,entry_date,src,net_pnl_pct,rank,buy_date,buy_price,sell_date,sell_price,reason,hold_bars,tp,sl,risk_pct,mfe_pct,mae_pct,mfe_r,mae_r,rr_exit,signal_chain,r20
603986.SH,20230914,EVENT,2.7987,4,20230914,97.96,20230919,101.1,TP2_RUNNER,3,101.1,86.826,11.366,5.021922101255094,-2.195272584357977,0.44184196513917984,-0.1931458778395782,0.282,insider-event,
002032.SZ,20230918,EVENT,3.3441,3,20230918,47.094,20230920,48.93,TP2_RUNNER,2,48.93,46.438,1.393,5.532941353836884,1.8382267068413949,3.971584723250485,1.3194922266254625,2.798,insider-event,
688381.SH,20230913,EVENT,-1.9334,3,20230913,27.878,20231012,27.45,TIME_STOP,15,35.67,23.932,14.155,1.5122819100091833,-6.020431588613406,0.10683541004496128,-0.42531440279758764,-0.109,insider-event,
603986.SH,20230921,EVENT,1.2707,3,20230921,99.436,20230925,101.1,TP2_RUNNER,2,101.1,86.814,12.693,2.759977311948658,-0.30733459646242745,0.21744169726494583,-0.024213009285878717,0.132,insider-event,
301308.SZ,20231009,EVENT,8.3273,4,20231009,86.98,20231011,95.48,TP2_RUNNER,2,95.48,81.05,6.817,17.268337548861812,6.438261669349266,2.5330361982774225,0.9444076371740041,1.433,insider-event,
000651.SZ,20231030,EVENT,-3.6222,3,20231030,33.878,20231113,32.784,SL_HIT,10,37.33,32.784,3.229,1.6004581171150445,-4.598291506532304,0.49567068472398035,-1.4241161797547328,-1.0,insider-event,
600382.SH,20231011,EVENT,-0.0758,1,20231011,4.62,20231013,4.62,BE,2,4.72,4.395,4.862,1.7316017316017396,-0.21645021645021467,0.3561208267090633,-0.044515103338632345,0.0,insider-event,
300138.SZ,20231103,EVENT,0.827,5,20231103,13.83,20231124,14.0,TIME_STOP,15,15.96,12.748,7.822,2.4584237165582,-1.0845986984815648,0.3142951469131716,-0.1386596236381647,0.157,insider-event,
002102.SZ,20231109,EVENT,-0.2002,4,20231109,2.911,20231121,2.911,BE,8,3.16,2.721,6.499,1.0101010101010166,-2.0820449391877993,0.15541458994109753,-0.320344358858179,0.0,insider-event,
000651.SZ,20231101,EVENT,-3.4155,3,20231101,33.85,20231113,32.827,SL_HIT,8,37.33,32.827,3.022,1.68389955686854,-4.519940915805021,0.5572625698324039,-1.4958100558659235,-1.0,insider-event,
301120.SZ,20231114,EVENT,0.4422,3,20231114,12.09,20231122,12.09,BE,6,12.43,10.729,11.258,3.8875103391232457,-0.6617038875103343,0.3453161899763846,-0.058777223825767104,0.0,insider-event,
301120.SZ,20231121,EVENT,-7.4881,3,20231121,12.39,20231212,11.51,TIME_STOP,15,12.43,10.756,13.185,0.0,-9.039548022598876,0.0,-0.6856143419326632,-0.539,insider-event,
300138.SZ,20231122,EVENT,-0.0769,3,20231122,13.91,20231127,13.91,BE,3,14.16,13.61,2.159,1.869158878504673,-0.790797987059666,0.8656361474435192,-0.3662306777645643,0.0,insider-event,
300232.SZ,20231122,EVENT,-6.1054,3,20231122,6.881,20231205,6.487,SL_HIT,9,7.39,6.487,5.717,1.1554392849356887,-5.966136181963533,0.202106410023606,-1.0435808970401304,-1.0,insider-event,
300138.SZ,20231120,EVENT,0.2483,2,20231120,13.86,20231127,13.86,BE,5,15.07,13.605,1.842,2.236652236652237,-0.43290043290041824,1.2139860139860215,-0.23496503496502844,0.0,insider-event,
300232.SZ,20231127,EVENT,-3.7038,2,20231127,6.71,20231205,6.488,SL_HIT,6,7.39,6.488,3.311,3.576751117734722,-3.576751117734722,1.080385852090028,-1.080385852090028,-1.0,insider-event,
603889.SH,20231222,EVENT,-4.155,8,20231222,4.744,20231225,4.566,SL_HIT,1,4.862,4.566,3.763,-1.0977892447007531,-4.175309016711337,-0.29175069624507605,-1.1096385927846582,-1.0,insider-event,
688420.SH,20231229,EVENT,-2.5085,7,20231229,25.084,20240115,24.554,SL_GAP,10,27.504,24.591,1.966,4.066337107319407,-3.388614256099498,2.0680666183924754,-1.723388848660392,-1.075,insider-event,
002254.SZ,20231212,EVENT,-4.4496,6,20231212,15.71,20231215,15.072,SL_HIT,3,16.83,15.072,4.058,-0.8274984086569126,-5.728835136855503,-0.20392156862745217,-1.4117647058823501,-1.0,insider-event,
000703.SZ,20231220,EVENT,-0.2462,6,20231220,6.498,20240111,6.508,TIME_STOP,15,7.008,6.317,2.792,2.923976608187129,-2.6161895967990123,1.0472440944881867,-0.9370078740157467,0.055,insider-event,
001323.SZ,20231228,EVENT,-1.9246,6,20231228,29.72,20240103,29.266,SL_HIT,3,33.18,29.266,1.528,3.264490339773496,-1.715354746667197,2.136601019316688,-1.1226955263323424,-1.0,insider-event,
002625.SZ,20231212,EVENT,-4.4558,5,20231212,14.407,20231218,13.822,SL_HIT,4,14.583,13.822,4.064,-0.308659327418348,-6.4166019432974615,-0.07594680381283307,-1.578829361836053,-1.0,insider-event,
301305.SZ,20231220,EVENT,-1.9595,5,20231220,17.231,20231221,16.962,SL_HIT,1,19.051,16.962,1.563,1.2767686147060475,-1.624978236898622,0.8169761273209492,-1.0397877984084911,-1.0,insider-event,
002978.SZ,20231220,EVENT,-0.9853,5,20231220,29.523,20231221,29.35,SL_HIT,1,32.403,29.35,0.587,0.3387189648748512,-1.998441892761571,0.5773195876288851,-3.4061855670103354,-1.0,insider-event,
603267.SH,20231228,EVENT,-5.1197,5,20231228,47.1,20240108,44.872,SL_HIT,6,57.81,44.872,4.729,8.89596602972398,-8.49256900212314,1.8810325476992065,-1.795735129068457,-1.0,insider-event,
600872.SH,20231229,EVENT,-13.2024,5,20231229,26.306,20240122,22.932,SL_HIT,15,33.552,22.932,12.828,2.4546230025682236,-13.13100902141997,0.19134501656474528,-1.0236004209553113,-1.0,insider-event,
603223.SH,20231229,EVENT,0.0406,5,20231229,9.517,20240103,9.517,BE,2,10.137,9.158,3.768,2.2065777030576994,0.0,0.5856573705179318,0.0,0.0,insider-event,
601717.SH,20231212,EVENT,0.4771,4,20231212,8.861,20231215,8.861,BE,3,9.32,7.881,11.05,3.7187517634444944,-1.1342475029625931,0.33654337199970735,-0.10264828189975975,0.0,insider-event,
300771.SZ,20231214,EVENT,-2.7217,4,20231214,10.469,20231218,10.225,SL_HIT,2,10.829,10.225,2.327,0.9552010698252067,-3.1521635304231577,0.41055718475073716,-1.3548387096774221,-1.0,insider-event,
301115.SZ,20231218,EVENT,-2.0989,4,20231218,17.919,20231221,17.614,SL_HIT,3,19.23,17.614,1.703,0.34042078240972273,-3.007980356046658,0.19995317255911477,-1.766799344415838,-1.0,insider-event,
600703.SH,20231218,EVENT,-2.635,4,20231218,13.298,20231221,13.0,SL_HIT,3,15.382,13.0,2.24,1.3861064486436758,-2.298746849074418,0.6188913831808007,-1.0263819336518352,-1.0,insider-event,
600219.SH,20231215,EVENT,-2.4856,4,20231215,2.119,20231218,2.075,SL_HIT,1,2.409,2.075,2.09,-0.9438414346389812,-3.7753657385559247,-0.45161290322580927,-1.806451612903237,-1.0,insider-event,
300993.SZ,20231222,EVENT,-2.1188,4,20231222,10.286,20231225,10.109,SL_HIT,1,11.63,10.109,1.722,-0.05930333168063795,-2.5869863213462962,-0.03442993065635762,-1.5019351717465006,-1.0,insider-event,
688087.SH,20231222,EVENT,-4.0757,4,20231222,22.661,20231227,21.826,SL_HIT,3,24.34,21.826,3.683,1.098357979091924,-4.108803191372001,0.29820117411470703,-1.1155287795026272,-1.0,insider-event,
000513.SZ,20231221,EVENT,-0.5753,4,20231221,30.715,20231225,30.535,SL_GAP,2,31.315,28.923,5.835,1.3674100602311556,-1.9208855608009112,0.23435631725787145,-0.32921482662415313,-0.1,insider-event,
300481.SZ,20231220,EVENT,-1.5648,4,20231220,15.206,20231221,15.029,SL_HIT,1,17.316,15.029,1.167,0.328817572011042,-3.2224122057082694,0.28169014084506755,-2.7605633802817113,-1.0,insider-event,
300687.SZ,20231220,EVENT,-2.2996,4,20231220,22.651,20231221,22.22,SL_GAP,1,24.39,22.342,1.366,0.12714558169104606,-3.3605283605283587,0.09307908952399242,-2.4601320467242194,-1.394,insider-event,
002568.SZ,20231220,EVENT,-1.8283,4,20231220,22.527,20231221,22.205,SL_GAP,1,26.495,22.461,0.295,3.5403474427864623,-1.653316287462614,12.015172710642247,-5.610997525018708,-4.858,insider-event,
688576.SH,20231228,EVENT,10.6702,4,20231228,56.861,20240102,63.549,TP2_RUNNER,2,63.549,53.786,5.407,15.086619657003553,4.995282326178119,2.790413833003012,0.9239249891377841,2.176,insider-event,
600382.SH,20231227,EVENT,5.9081,4,20231227,4.43,20240105,4.74,TP2_RUNNER,6,4.74,4.39,0.911,8.352144469525967,-0.22573363431150906,9.168141592920486,-0.24778761061946866,7.681,insider-event,
301382.SZ,20231212,EVENT,-6.8594,3,20231212,23.746,20231218,22.209,SL_HIT,4,26.119,22.209,6.473,0.6485302787837988,-6.670597153204749,0.10019751365167956,-1.0306029975601267,-1.0,insider-event,
002724.SZ,20231212,EVENT,-0.6979,3,20231212,7.832,20231215,7.808,SL_HIT,3,8.281,7.808,0.299,1.2654672116181542,-1.0328286020360289,4.23728088926896,-3.4583155194527344,-1.0,insider-event,
688090.SH,20231212,EVENT,1.053,3,20231212,12.675,20231221,12.675,BE,7,13.612,12.312,2.863,5.1521226480220506,-1.159529371667145,1.799837781863859,-0.40506892302119285,0.0,insider-event,
688290.SH,20231212,EVENT,10.8812,3,20231212,41.035,20231229,46.73,TP2_RUNNER,13,46.73,39.344,4.122,16.313923310304478,-2.694008845999196,3.9575627058525424,-0.653534329870788,3.366,insider-event,
601003.SH,20231207,EVENT,-1.2333,3,20231207,3.25,20231208,3.223,SL_HIT,1,3.51,3.223,0.835,0.3076923076922977,-1.2307692307692353,0.3684210526315671,-1.4736842105263217,-1.0,insider-event,
600703.SH,20231214,EVENT,-4.8591,3,20231214,13.612,20231221,13.004,SL_HIT,5,15.382,13.004,4.468,0.2938583602703382,-4.5548045841904194,0.06576629477392591,-1.0193775689958915,-1.0,insider-event,
300687.SZ,20231213,EVENT,-6.7645,3,20231213,23.809,20231219,22.291,SL_HIT,4,27.63,22.291,6.377,0.5481005481005496,-6.465906465906468,0.08594411515664711,-1.0138771286104054,-1.0,insider-event,
600704.SH,20231213,EVENT,-2.7813,3,20231213,4.011,20231218,3.915,SL_HIT,3,4.081,3.915,2.386,0.0,-2.7424582398404507,0.0,-1.1492537313432896,-1.0,insider-event,
002985.SZ,20231218,EVENT,-6.7947,3,20231218,33.568,20240109,31.417,TIME_STOP,15,39.327,30.168,10.127,3.601860466224771,-7.807839208434952,0.355660977176907,-0.770974819416797,-0.633,insider-event,
002568.SZ,20231218,EVENT,-1.8487,3,20231218,22.805,20231219,22.474,SL_HIT,1,27.295,22.474,1.452,-0.21771875472765823,-1.8840455784236987,-0.1499644020625247,-1.2977282043537273,-1.0,insider-event,
002857.SZ,20231222,EVENT,-2.1348,3,20231222,16.008,20231225,15.73,SL_GAP,1,18.58,15.737,1.694,-0.6765240531474426,-2.862889875876895,-0.3993993993994034,-1.6901638480585734,-1.026,insider-event,
300943.SZ,20231221,EVENT,-3.032,3,20231221,13.385,20231225,13.032,SL_HIT,2,14.62,13.032,2.637,1.2342358496204575,-2.9496144880760244,0.4679697300797185,-1.1183683379871296,-1.0,insider-event,
600313.SH,20231221,EVENT,-3.5146,3,20231221,7.461,20231225,7.228,SL_HIT,2,8.141,7.228,3.121,0.13403029084573248,-3.4847875619890223,0.04294478527607401,-1.116564417177917,-1.0,insider-event,
301115.SZ,20231220,EVENT,-1.8339,3,20231220,17.87,20231221,17.613,SL_HIT,1,19.23,17.613,1.437,0.05595970900951208,-2.7420257414661586,0.038942976356049645,-1.9082058414464793,-1.0,insider-event,
688061.SH,20231220,EVENT,-5.3202,3,20231220,38.661,20231226,36.755,SL_HIT,4,41.811,36.755,4.93,2.5865859651845513,-5.612891544450482,0.5246393104740465,-1.1384673037286823,-1.0,insider-event,
002968.SZ,20231220,EVENT,-2.5553,3,20231220,11.875,20231225,11.619,SL_HIT,3,13.595,11.619,2.16,1.6837823840741617,-5.726712729630612,0.7795972930069293,-2.65148856768875,-1.0,insider-event,
300068.SZ,20231228,EVENT,16.2948,3,20231228,11.956,20240119,13.956,TIME_STOP,15,14.576,11.444,4.287,17.731682837069272,2.425560388089676,4.136585365853668,0.5658536585365893,3.902,insider-event,
300993.SZ,20231229,EVENT,0.5943,3,20231229,10.24,20240118,10.24,BE,13,11.57,9.918,3.146,6.34765625,-3.80859375,2.0177383592017715,-1.210643015521063,0.0,insider-event,
688013.SH,20231229,EVENT,1.166,3,20231229,17.974,20240108,17.974,BE,5,20.544,17.95,0.133,5.730499610548567,-0.1112718370980259,43.0447761194056,-0.8358208955224048,0.0,insider-event,
000526_SZ.SZ,20231208,CONT,12.2571,3,,,,,,,,,,,,,,,,
600971_SH.SH,20231212,CONT,-4.3082,3,,,,,,,,,,,,,,,,
688073.SH,20231204,EVENT,-4.4819,2,20231204,58.035,20231205,55.661,SL_GAP,1,66.781,55.717,3.994,-1.6434797127722889,-5.279229923981809,-0.4115210585779234,-1.3218990596047935,-1.024,insider-event,
605303.SH,20231212,EVENT,0.5571,2,20231212,11.89,20231225,11.89,BE,9,12.41,11.821,0.583,4.121110176619003,-1.5979814970563555,7.072164948453453,-2.742268041237066,0.0,insider-event,
000927.SZ,20231213,EVENT,-2.6545,2,20231213,2.64,20231221,2.58,SL_HIT,6,2.7,2.58,2.259,1.5151515151515138,-3.0303030303030276,0.6706586826347278,-1.3413173652694557,-1.0,insider-event,
300138.SZ,20231218,EVENT,-2.2433,2,20231218,12.949,20240109,12.71,TIME_STOP,15,14.17,12.053,6.925,4.17631977265005,-4.009514101257217,0.6031002564960419,-0.5790119326419091,-0.267,insider-event,
603077.SH,20231220,EVENT,3.6932,2,20231220,2.292,20240104,2.392,TP2_RUNNER,10,2.392,2.269,0.982,4.799301919720778,-0.43630017452006564,4.888888888888906,-0.4444444444444408,4.444,insider-event,
688035.SH,20231212,EVENT,-2.6437,1,20231212,55.262,20231213,54.019,SL_HIT,1,65.2,54.019,2.248,-0.4737449739241173,-2.9890448736740405,-0.2107018027961719,-1.3294012141280358,-1.0,insider-event,
688489.SH,20231213,EVENT,-11.9939,1,20231213,34.624,20231222,30.602,SL_HIT,7,36.784,30.602,11.617,-0.9913858086786576,-12.171408139841834,-0.0853370515562484,-1.0476971476182322,-1.0,insider-event,
000975.SZ,20231220,EVENT,6.2535,1,20231220,14.55,20231227,15.52,TP2_RUNNER,5,15.52,14.056,3.395,7.147766323024052,0.27491408934707806,2.1055676066522007,0.08098336948662285,1.964,insider-event,
000404.SZ,20231220,EVENT,-2.6398,1,20231220,5.06,20231221,4.946,SL_HIT,1,5.5,4.946,2.244,-0.19762845849802257,-2.9644268774703497,-0.0880503144654084,-1.320754716981131,-1.0,insider-event,
301367.SZ,20231229,EVENT,-1.2232,1,20231229,60.031,20240103,58.912,SL_GAP,2,66.064,52.335,12.82,2.4587296563442163,-3.3949126284752773,0.19178171187266482,-0.2648042878025004,-0.145,insider-event,
300656.SZ,20240131,EVENT,-7.8417,7,20240131,19.77,20240201,18.296,SL_HIT,1,27.07,18.296,7.457,-2.7834681314901633,-8.094464929717793,-0.37327997209194114,-1.0855168804992414,-1.0,insider-event,
603515.SH,20240110,EVENT,3.7931,6,20240110,14.258,20240115,14.902,TP2_RUNNER,3,14.902,14.078,1.262,5.218270750835674,0.5191478736819688,4.135545038749846,0.4114312031508091,3.58,insider-event,
002570.SZ,20240117,EVENT,-4.2752,6,20240117,3.861,20240118,3.711,SL_HIT,1,4.37,3.711,3.883,-0.8029008029007967,-5.464905464905456,-0.20676512625059423,-1.407336827060505,-1.0,insider-event,
301093.SZ,20240117,EVENT,-7.6494,6,20240117,17.772,20240122,16.481,SL_HIT,3,20.615,16.481,7.264,3.6771457894452464,-10.310772610237862,0.5062060769427374,-1.419409523619829,-1.0,insider-event,
600718.SH,20240126,EVENT,-2.148,6,20240126,8.108,20240129,7.966,SL_HIT,1,9.77,7.966,1.752,0.5167671834338528,-2.936569603236272,0.2950110641721994,-1.6764232548782905,-1.0,insider-event,
300200.SZ,20240131,EVENT,-10.0206,6,20240131,6.009,20240201,5.43,SL_GAP,1,8.7,5.892,1.944,-7.476744379545053,-11.470553974672592,-3.8467465753424293,-5.9015410958903445,-4.96,insider-event,
301152.SZ,20240131,EVENT,-12.6218,6,20240131,27.849,20240202,24.438,SL_HIT,2,38.95,24.438,12.246,-4.878863286257529,-14.14320955735815,-0.39838900198547406,-1.154879489306091,-1.0,insider-event,
000921.SZ,20240110,EVENT,4.2581,5,20240110,22.176,20240116,23.25,TP2_RUNNER,4,23.25,19.382,12.6,10.29942279942282,1.0101010101010166,0.8174033078555202,0.08016564840614594,0.384,insider-event,
600351.SH,20240111,EVENT,-1.2309,5,20240111,6.69,20240115,6.634,SL_HIT,2,7.64,6.634,0.833,1.195814648729443,-1.195814648729443,1.4358974358974226,-1.4358974358974226,-1.0,insider-event,
600718.SH,20240129,EVENT,-13.0675,5,20240129,8.009,20240202,6.992,SL_HIT,4,9.77,6.992,12.693,-0.23847873044411383,-18.46774294240301,-0.01878811725358992,-1.4549478654337977,-1.0,insider-event,
601969.SH,20240129,EVENT,-9.8095,5,20240129,6.131,20240130,5.553,SL_GAP,1,6.423,5.897,3.813,-7.4712896770057995,-10.896466685260474,-1.9593703597333343,-2.8576343271269655,-2.473,insider-event,
603882.SH,20240126,EVENT,12.6687,5,20240126,53.539,20240208,60.55,TP2_RUNNER,9,60.55,46.627,12.91,19.98685075608151,-10.58887693503079,1.548135349410139,-0.8201899785881405,1.014,insider-event,
000818.SZ,20240126,EVENT,-2.9115,5,20240126,27.007,20240129,26.328,SL_HIT,1,32.2,26.328,2.517,2.565241861429546,-2.951805444474065,1.0192732087685743,-1.1728703839929369,-1.0,insider-event,
603505.SH,20240125,EVENT,-4.2218,5,20240125,17.66,20240131,16.984,SL_HIT,4,19.153,16.984,3.83,3.556058890147229,-6.596828992072479,0.9285525690447305,-1.722553730791576,-1.0,insider-event,
688018.SH,20240131,EVENT,-5.3678,5,20240131,83.309,20240202,79.161,SL_HIT,2,104.23,79.161,4.978,3.5908700792836035,-8.628771373869416,0.721352417368533,-1.7333918944521924,-1.0,insider-event,
301087.SZ,20240131,EVENT,-6.5368,5,20240131,26.344,20240201,24.724,SL_HIT,1,34.23,24.724,6.149,0.2888714275411042,-6.164235363784398,0.04697613714527651,-1.0024250868622009,-1.0,insider-event,
603515.SH,20240102,EVENT,-5.0602,4,20240102,14.822,20240110,14.13,SL_HIT,6,16.572,14.13,4.67,0.40480367021995534,-4.722709485899335,0.0866873065015506,-1.011351909184726,-1.0,insider-event,
688093.SH,20240102,EVENT,-8.0492,4,20240102,16.7,20240110,15.42,SL_HIT,6,16.76,15.42,7.665,0.11976047904191933,-10.479041916167663,0.01562500000000042,-1.3671875000000004,-1.0,insider-event,
002624.SZ,20240102,EVENT,-13.8728,4,20240102,11.045,20240117,9.554,SL_HIT,11,13.275,9.554,13.5,2.082390221819841,-15.02942507922137,0.15425149700598914,-1.113293413173654,-1.0,insider-event,
301201.SZ,20240110,EVENT,-0.4318,4,20240110,23.406,20240115,23.398,SL_HIT,3,26.582,23.398,0.032,4.940787624147758,-0.6988931699193124,154.01331811266562,-21.7857686453623,-1.0,insider-event,
002959.SZ,20240110,EVENT,-1.442,4,20240110,49.066,20240112,48.332,SL_GAP,2,54.892,42.053,14.294,1.11200377936993,-3.0252486529472766,0.07779384165525188,-0.21164111043623718,-0.105,insider-event,
688326.SH,20240115,EVENT,-1.9777,4,20240115,90.239,20240116,88.812,SL_HIT,1,132.72,88.812,1.581,-0.4637710068319034,-3.178798406445138,-0.29333133072995454,-2.0105637328527095,-1.0,insider-event,
002624.SZ,20240111,EVENT,-3.8074,4,20240111,9.895,20240117,9.557,SL_HIT,4,13.275,9.557,3.414,3.840323395654388,-5.154118241536132,1.1247357293868978,-1.5095137420718834,-1.0,insider-event,
002930.SZ,20240111,EVENT,-1.9575,4,20240111,18.351,20240117,18.065,SL_HIT,4,22.021,18.065,1.561,2.5611683287014575,-1.8527600675712463,1.6408977556109803,-1.1870324189526107,-1.0,insider-event,
301267.SZ,20240116,EVENT,-6.0638,4,20240116,30.348,20240118,28.626,SL_HIT,2,34.685,28.626,5.675,1.537310801704872,-6.568539744204394,0.27087540900664914,-1.1573820256870682,-1.0,insider-event,
002043.SZ,20240112,EVENT,0.3256,4,20240112,9.08,20240118,9.08,BE,4,10.0,8.3,8.586,4.735682819383258,-0.11013215859030367,0.5515345854328904,-0.012826385707741094,0.0,insider-event,
603077.SH,20240122,EVENT,-1.9545,4,20240122,2.309,20240123,2.273,SL_HIT,1,2.402,2.273,1.558,-0.28934282793630084,-2.021934611986065,-0.1857324435970714,-1.2979027645376562,-1.0,insider-event,
603156.SH,20240119,EVENT,18.745,4,20240119,17.664,20240208,21.052,TP2_RUNNER,14,21.052,15.474,12.393,28.750796837334235,-7.481948732929567,2.319887806749868,-0.6037148025654612,1.548,insider-event,
300148.SZ,20240129,EVENT,-5.783,4,20240129,3.435,20240130,3.25,SL_GAP,1,3.95,3.429,0.196,-4.229616045178009,-8.596046924577184,-21.59447983014725,-43.88747346071905,-27.539,insider-event,
002859.SZ,20240129,EVENT,-3.7899,4,20240129,20.876,20240130,20.167,SL_GAP,1,24.467,20.297,2.772,-2.5346172877827366,-6.4625483746268975,-0.9142273924386818,-2.3310180899983015,-1.225,insider-event,
301093.SZ,20240126,EVENT,-4.1244,4,20240126,16.941,20240129,16.309,SL_HIT,1,18.745,16.309,3.732,-1.1562563455971508,-7.75567739102101,-0.30982045615794934,-2.078144276785835,-1.0,insider-event,
001256.SZ,20240131,EVENT,-6.6015,4,20240131,15.484,20240201,14.521,SL_HIT,1,18.8,14.521,6.214,-2.542044485778505,-8.225477279185721,-0.4090747119610404,-1.3236726452072671,-1.0,insider-event,
688508.SH,20240131,EVENT,-4.3168,4,20240131,34.651,20240201,33.291,SL_GAP,1,53.161,34.439,0.612,-1.183198517560391,-7.157053810006586,-1.9327038985002183,-11.690739630824087,-6.411,insider-event,
002148.SZ,20240131,EVENT,-6.3099,4,20240131,5.049,20240201,4.75,SL_GAP,1,6.55,4.871,3.531,-4.535551594375109,-9.88314517726282,-1.2844551282051329,-2.798878205128223,-1.677,insider-event,
603156.SH,20240104,EVENT,5.6783,3,20240104,16.535,20240125,17.542,TIME_STOP,15,21.052,14.926,9.731,12.258980657974794,-4.432905271128251,1.259760852889368,-0.45553547076538536,0.626,insider-event,
002385.SZ,20240105,EVENT,-2.2659,3,20240105,5.655,20240108,5.549,SL_HIT,1,7.042,5.549,1.87,-1.1119599354893484,-4.825566590272468,-0.5946822308690037,-2.5807392996109,-1.0,insider-event,
688171.SH,20240105,EVENT,-6.4065,3,20240105,15.657,20240116,14.714,SL_HIT,7,17.707,14.714,6.019,0.04566691256542299,-6.322152923480773,0.007587414442616261,-1.0504059001432589,-1.0,insider-event,
600433.SH,20240105,EVENT,-6.5504,3,20240105,3.406,20240116,3.196,SL_HIT,7,3.53,3.196,6.163,0.12919896640828377,-6.33074935400516,0.02096378981759027,-1.0272257010618024,-1.0,insider-event,
300515.SZ,20240102,EVENT,-0.5667,3,20240102,10.766,20240104,10.736,SL_GAP,2,10.916,10.23,4.979,2.322125208991266,-1.6719301504737105,0.46635576282478275,-0.3357761492338434,-0.056,insider-event,
300846.SZ,20240110,EVENT,-1.8571,3,20240110,13.315,20240115,13.121,SL_HIT,3,17.18,13.121,1.46,2.8125117344448336,-1.8437159701100048,1.9261572373255318,-1.2626745040411518,-1.0,insider-event,
600219.SH,20240110,EVENT,-11.9983,3,20240110,2.256,20240123,1.994,SL_HIT,9,2.309,1.994,11.622,0.5668798560417798,-12.729754765735446,0.04877769726555149,-1.0953434270241413,-1.0,insider-event,
603258.SH,20240108,EVENT,-12.006,3,20240108,22.26,20240122,19.671,SL_HIT,10,27.815,19.671,11.629,0.9651776829895597,-14.173983553569936,0.08299463883163521,-1.218806305374136,-1.0,insider-event,
603156.SH,20240108,EVENT,0.9989,3,20240108,16.386,20240123,16.386,BE,11,21.052,14.928,8.902,13.276310714686756,-3.566842909520529,1.4913429748828786,-0.4006674918913838,0.0,insider-event,
000498.SZ,20240115,EVENT,-1.1433,3,20240115,4.843,20240117,4.807,SL_HIT,2,5.202,4.807,0.745,1.6295415314221406,-0.8482205538624332,2.187361419068713,-1.1385809312638748,-1.0,insider-event,
002572.SZ,20240117,EVENT,-9.2545,3,20240117,12.941,20240123,11.793,SL_HIT,4,14.302,11.793,8.872,0.623740464621747,-9.4989058269352,0.07030081642708132,-1.070606883269093,-1.0,insider-event,
600487.SH,20240117,EVENT,-4.2931,3,20240117,10.443,20240122,10.035,SL_HIT,3,11.498,10.035,3.901,1.0101010101010166,-5.310212477447973,0.25892468895092197,-1.3611956628466473,-1.0,insider-event,
688257.SH,20240112,EVENT,-4.8923,3,20240112,8.433,20240122,8.053,SL_HIT,6,8.798,8.053,4.502,2.6702811159256212,-11.891870098021794,0.5931944423537171,-2.641741054628111,-1.0,insider-event,
600872.SH,20240122,EVENT,-7.6021,3,20240122,24.554,20240123,22.782,SL_GAP,1,27.102,23.593,3.912,-4.610169104967909,-7.6646637327227545,-1.1784689151766996,-1.9592704190747576,-1.845,insider-event,
300126.SZ,20240130,EVENT,-8.2385,3,20240130,6.019,20240131,5.546,SL_HIT,1,7.61,5.546,7.854,-2.3125996810207328,-11.948431685273786,-0.2944340363812174,-1.5212425213029566,-1.0,insider-event,
603727.SH,20240129,EVENT,-3.8327,3,20240129,11.549,20240130,11.152,SL_HIT,1,12.486,11.152,3.44,1.529611215879001,-4.444756150567919,0.44468657403411715,-1.2921737004113796,-1.0,insider-event,
000661.SZ,20240124,EVENT,-2.0054,3,20240124,113.394,20240130,111.569,SL_HIT,4,157.829,111.569,1.609,3.8674048740489075,-2.7731809579040645,2.4039375807081997,-1.7237796765329407,-1.0,insider-event,
002166.SZ,20240131,EVENT,-4.6405,3,20240131,6.465,20240201,6.19,SL_GAP,1,8.09,6.268,3.05,-0.3820749609417362,-5.486720188098449,-0.1252535496957422,-1.7986815415821478,-1.393,insider-event,
300727.SZ,20240131,EVENT,-2.424,3,20240131,15.436,20240201,15.123,SL_GAP,1,22.839,15.431,0.032,-0.8815709687951867,-7.262724733222425,-27.169423844833577,-223.83228750709893,-62.509,insider-event,
600572.SH,20240131,EVENT,-8.8383,3,20240131,4.038,20240205,3.697,SL_HIT,3,5.078,3.697,8.455,3.2194155522535794,-11.391778107974249,0.3807531380753122,-1.347280334728033,-1.0,insider-event,
603977_SH.SH,20240109,CONT,-14.6161,3,,,,,,,,,,,,,,,,
300097.SZ,20240104,EVENT,-8.4106,2,20240104,8.861,20240117,8.149,SL_HIT,9,13.91,8.149,8.027,0.3329383217651527,-8.470176626601212,0.04147835693482161,-1.0552375213417695,-1.0,insider-event,
000576.SZ,20240108,EVENT,-1.927,2,20240108,8.969,20240110,8.832,SL_HIT,2,10.76,8.832,1.53,0.8986108323856712,-3.003545387651363,0.5872189841798525,-1.9627393838468028,-1.0,insider-event,
603888.SH,20240108,EVENT,-4.4324,2,20240108,16.236,20240109,15.58,SL_HIT,1,21.288,15.58,4.041,1.0101010101010166,-4.717910815471771,0.2499863901137809,-1.1676193587021593,-1.0,insider-event,
300699.SZ,20240115,EVENT,-15.5158,2,20240115,24.415,20240123,20.717,SL_HIT,6,26.342,20.717,15.146,-2.676100064795217,-16.315044041911285,-0.17668360235739833,-1.0771647861250955,-1.0,insider-event,
688819.SH,20240117,EVENT,-6.869,2,20240117,25.712,20240122,24.046,SL_HIT,3,26.752,24.046,6.482,0.2711544833830404,-7.4294461634674125,0.041830948250444464,-1.1461391827862604,-1.0,insider-event,
600487.SH,20240122,EVENT,-4.3172,2,20240122,10.334,20240123,9.928,SL_GAP,1,11.498,10.05,2.747,0.04238592090670679,-4.505874998306492,0.015431539530106871,-1.640464254796564,-1.429,insider-event,
688184.SH,20240118,EVENT,-3.2864,2,20240118,19.008,20240122,18.458,SL_HIT,2,22.35,18.458,2.892,4.166666666666674,-8.354377104377086,1.440561257632854,-2.888398077172933,-1.0,insider-event,
002318.SZ,20240126,EVENT,-0.5718,2,20240126,19.79,20240130,19.63,SL_GAP,2,21.0,19.515,1.388,1.9701770076957725,-3.6892183465470074,1.4191451747088188,-2.6573939267886764,-0.583,insider-event,
600243.SH,20240104,EVENT,0.3487,1,20240104,4.8,20240110,4.8,BE,4,4.92,4.309,10.223,5.000000000000004,-3.749999999999998,0.4890829694323158,-0.3668122270742363,0.0,insider-event,
600803.SH,20240110,EVENT,2.4344,1,20240110,14.085,20240112,14.485,TP2_RUNNER,2,14.485,12.407,11.912,4.898828541001055,-0.3549875754348619,0.41123882503192777,-0.02979991485738631,0.238,insider-event,
688349.SH,20240206,EVENT,0.5238,8,20240206,18.172,20240219,18.172,BE,3,21.181,16.597,8.667,16.21994624827485,-0.046443955792396796,1.871453086961726,-0.005358691274802434,0.0,insider-event,
002093.SZ,20240219,EVENT,12.5788,8,20240219,6.49,20240226,7.43,TP2_RUNNER,5,7.43,6.132,5.514,15.716486902927574,-0.46224961479198745,2.8502994011976015,-0.08383233532934121,2.627,insider-event,
688068.SH,20240219,EVENT,2.7463,8,20240219,31.165,20240305,31.165,BE,11,41.49,30.905,0.835,12.657707956310249,-0.11294649159960812,15.16064565718693,-0.1352805534204512,0.0,insider-event,
688237.SH,20240223,EVENT,3.3887,8,20240223,21.536,20240315,22.354,TIME_STOP,15,37.434,13.472,37.445,15.357862898545061,-2.5652312404174094,0.41014871287226895,-0.06850733714888212,0.101,insider-event,
301353.SZ,20240227,EVENT,1.0912,8,20240227,14.879,20240319,15.101,TIME_STOP,15,18.769,9.246,37.856,4.108487899824653,-13.870221275903628,0.10852915492675551,-0.36639353222512133,0.039,insider-event,
300171.SZ,20240207,EVENT,7.5802,7,20240207,13.907,20240307,14.917,TIME_STOP,15,17.657,13.791,0.835,15.891277773782985,3.739124182066589,19.039999999999957,4.479999999999994,8.702,insider-event,
300285.SZ,20240207,EVENT,1.6283,7,20240207,18.453,20240221,18.453,BE,4,23.053,17.079,7.444,19.129680810708294,-0.4877255730775465,2.569942797711912,-0.065522620904836,0.0,insider-event,
002635.SZ,20240207,EVENT,14.7492,7,20240207,11.504,20240307,13.25,TIME_STOP,15,16.3,10.942,4.882,19.35186633981816,0.8362454145586895,3.963628039475034,0.17127886865398798,3.109,insider-event,
600884.SH,20240207,EVENT,2.5648,7,20240207,10.712,20240307,11.03,TIME_STOP,15,13.76,10.371,3.184,10.999085121081432,1.4768759685580335,3.4542636957614326,0.46381303400904456,0.933,insider-event,
300054.SZ,20240207,EVENT,7.9528,7,20240207,18.52,20240307,20.4,TIME_STOP,15,24.11,17.225,6.994,16.09071274298057,3.455723542116629,2.3005238489109487,0.4940722360077199,1.451,insider-event,
300143.SZ,20240220,EVENT,2.6952,7,20240220,6.265,20240312,6.459,TIME_STOP,15,7.661,4.762,23.994,10.970641944093252,-1.5758086554546802,0.4572269255771686,-0.0656754773789116,0.129,insider-event,
002885.SZ,20240221,EVENT,15.7717,7,20240221,12.176,20240313,14.149,TIME_STOP,15,17.249,8.682,28.694,18.667773761683826,-0.7967306202935065,0.6505789650797309,-0.02776636298548798,0.565,insider-event,
603096.SH,20240221,EVENT,13.2532,7,20240221,13.638,20240313,15.276,TIME_STOP,15,18.326,9.329,31.598,19.047619047619047,-2.9493541688663583,0.6028148544968983,-0.09334051146866221,0.38,insider-event,
001228.SZ,20240221,EVENT,18.6387,7,20240221,22.196,20240313,26.43,TIME_STOP,15,32.4,17.525,21.042,22.680867551518745,0.559565323169231,1.0778849359650804,0.02659276728116859,0.907,insider-event,
301085.SZ,20240221,EVENT,23.3626,7,20240221,41.75,20240313,52.372,TIME_STOP,15,57.352,29.138,30.208,35.572743464235444,5.417257081868687,1.1776002979510427,0.17933290863831527,0.842,insider-event,
002008.SZ,20240208,EVENT,0.174,7,20240208,18.09,20240222,18.02,SL_GAP,4,19.32,16.805,7.105,2.985074626865658,-1.8242122719734577,0.4201166990830763,-0.2567379827729911,-0.054,insider-event,
603626.SH,20240222,EVENT,17.5984,7,20240222,5.287,20240314,6.24,TIME_STOP,15,9.27,3.842,27.33,21.439110203155142,2.334203457798978,0.7844606820451465,0.0854089007979281,0.66,insider-event,
688646.SH,20240219,EVENT,5.5642,7,20240219,28.112,20240311,29.186,TIME_STOP,15,35.206,26.974,4.05,15.025448170961608,-3.685396008258379,3.709979447362411,-0.9099724208196461,0.943,insider-event,
003004.SZ,20240223,EVENT,12.9274,7,20240223,19.119,20240315,21.672,TIME_STOP,15,31.582,12.008,37.191,27.94682533704902,-9.764588720678214,0.7514459600314704,-0.2625543566050461,0.359,insider-event,
002312.SZ,20240223,EVENT,-1.1487,7,20240223,6.93,20240227,6.83,SL_GAP,2,6.99,4.667,32.653,1.443001443001446,-2.3088023088023157,0.04419191919191929,-0.07070707070707093,-0.044,insider-event,
301366.SZ,20240226,EVENT,22.1117,7,20240226,16.773,20240318,21.215,TP2_RUNNER,15,21.215,10.982,34.525,27.684589967673425,-3.688043222926951,0.8018623647977228,-0.10682127001575918,0.767,insider-event,
300835.SZ,20240201,EVENT,-3.4389,7,20240201,21.894,20240202,21.227,SL_HIT,1,29.875,21.227,3.045,3.704921701756425,-7.302735699751284,1.2166511318955702,-2.398129399286483,-1.0,insider-event,
300597.SZ,20240229,EVENT,16.523,7,20240229,6.782,20240321,7.932,TIME_STOP,15,9.272,4.904,27.689,17.988793866116204,4.276024771453857,0.649676683149487,0.15443134271586187,0.612,insider-event,
300128.SZ,20240205,EVENT,-13.5212,6,20240205,3.673,20240206,3.19,SL_GAP,1,4.5,3.375,8.12,2.9159519725557415,-19.137466307277617,0.3590861193600917,-2.356691253951529,-1.619,insider-event,
000036.SZ,20240205,EVENT,-11.794,6,20240205,3.138,20240206,2.78,SL_GAP,1,3.68,3.085,1.698,-6.955995284071004,-16.196666985310525,-4.095684803001872,-9.536585365853641,-6.722,insider-event,
002266.SZ,20240207,EVENT,7.4661,6,20240207,3.21,20240219,3.52,TP2_RUNNER,2,3.52,2.961,7.766,14.953271028037385,5.919003115264787,1.9255014326647546,0.7621776504297972,1.244,insider-event,
002532.SZ,20240207,EVENT,10.4622,6,20240207,4.3,20240219,4.87,TP2_RUNNER,2,4.87,3.87,9.992,15.581395348837201,7.6744186046511675,1.559434746467165,0.7680798004987538,1.327,insider-event,
300997.SZ,20240207,EVENT,21.5435,6,20240207,10.502,20240304,13.228,TP2_RUNNER,12,13.228,10.309,1.84,26.053140759023098,1.4862044273808994,14.161485906953374,0.8078436011948795,14.11,insider-event,
300128.SZ,20240207,EVENT,20.3522,6,20240207,3.584,20240228,4.5,TP2_RUNNER,9,4.5,3.345,6.663,29.471510686980285,8.54400357162788,4.422948073701842,1.282244556113903,3.837,insider-event,
601969.SH,20240207,EVENT,18.6888,6,20240207,4.993,20240307,5.843,TIME_STOP,15,6.283,4.977,0.315,25.63589024634487,4.606449028640092,81.45454545453927,14.636363636362518,54.091,insider-event,
600497.SH,20240207,EVENT,6.4053,6,20240207,4.341,20240221,4.691,TP2_RUNNER,4,4.691,3.923,9.634,8.75374337710204,5.298318359824905,0.9086251067463693,0.5499573014517484,0.837,insider-event,
688739.SH,20240207,EVENT,2.0285,6,20240207,26.509,20240306,26.509,BE,14,30.969,25.428,4.079,10.336112263759478,-0.5281225244256671,2.5336856010568045,-0.12945838837516527,0.0,insider-event,
300702.SZ,20240202,EVENT,-4.5123,6,20240202,16.177,20240205,15.51,SL_GAP,1,20.0,16.018,0.981,-0.5971588590927723,-13.084331688982854,-0.6085313174946053,-13.3335133189344,-4.199,insider-event,
688069.SH,20240202,EVENT,-12.4038,6,20240202,11.798,20240205,10.379,SL_HIT,1,13.937,10.379,12.028,-2.965206313364399,-14.340179507587415,-0.24652507573004304,-1.1922319951758278,-1.0,insider-event,
603990.SH,20240202,EVENT,-19.5712,6,20240202,11.177,20240206,9.03,SL_GAP,2,12.58,9.684,13.362,-1.6739583612922826,-19.20981292106182,-0.12527380030034332,-1.4376022267496935,-1.438,insider-event,
688383.SH,20240202,EVENT,-10.6011,6,20240202,67.897,20240205,60.957,SL_HIT,1,111.463,60.957,10.222,-6.9283741870243,-21.052674213078394,-0.6778107142835094,-2.0596070247864975,-1.0,insider-event,
688606.SH,20240202,EVENT,-9.5947,6,20240202,58.004,20240205,52.66,SL_GAP,1,81.1,53.396,7.944,-3.455100587717075,-9.213314231235382,-0.4349485485386172,-1.159826624542301,-1.16,insider-event,
301150.SZ,20240221,EVENT,10.9975,6,20240221,11.489,20240312,12.801,TP2_RUNNER,14,12.801,7.009,38.992,17.948115363022723,-12.045922386292919,0.46029883301736496,-0.3089307097084856,0.293,insider-event,
688232.SH,20240221,EVENT,2.4755,6,20240221,24.159,20240229,24.093,SL_GAP,6,36.133,16.678,30.966,12.393036623663999,-0.6869912086483909,0.40021949025326914,-0.022185625660843738,-0.009,insider-event,
300285.SZ,20240208,EVENT,-2.7736,6,20240208,19.595,20240220,18.883,SL_GAP,2,23.053,17.007,13.206,2.7962645706292477,-4.909755361935431,0.21173712315389526,-0.37177364640130683,-0.275,insider-event,
300463.SZ,20240208,EVENT,1.8755,6,20240208,11.843,20240308,12.113,TIME_STOP,15,14.973,11.612,1.948,9.457063244110442,0.5910664527569054,4.854489164086663,0.3034055727554179,1.17,insider-event,
300054.SZ,20240208,EVENT,2.7158,6,20240208,19.54,20240308,20.15,TIME_STOP,15,24.11,17.174,12.109,10.030706243602872,-1.9447287615148356,0.8283773584905658,-0.16060377358490505,0.258,insider-event,
600109.SH,20240208,EVENT,0.1131,6,20240208,8.561,20240229,8.521,SL_GAP,9,8.801,7.508,12.298,4.555542576801774,-2.9202196005139625,0.37042062415196747,-0.23744911804613336,-0.038,insider-event,
300138.SZ,20240208,EVENT,2.4232,6,20240208,11.108,20240308,11.32,TIME_STOP,15,13.49,9.783,11.928,11.003078917517417,0.379913214137817,0.9224548767601829,0.031850430207232966,0.16,insider-event,
688596.SH,20240208,EVENT,13.8809,6,20240208,31.448,20240227,36.008,TP2_RUNNER,7,36.008,30.205,3.953,17.74357669804121,3.2116509793945536,4.4883654122378545,0.8124102269462777,3.668,insider-event,
301225.SZ,20240222,EVENT,15.654,6,20240222,17.634,20240314,20.647,TIME_STOP,15,26.178,12.288,30.318,22.98400816604287,-0.5273902687989107,0.7580862803778274,-0.017395021977581516,0.564,insider-event,
300903.SZ,20240222,EVENT,33.1586,6,20240222,5.93,20240314,7.75,TIME_STOP,15,10.13,4.22,28.836,60.87689713322091,18.381112984822924,2.111111111111111,0.6374269005847949,1.064,insider-event,
300162.SZ,20240222,EVENT,15.9609,6,20240222,4.88,20240314,5.68,TIME_STOP,15,8.73,3.363,31.082,20.491803278688515,3.4836065573770503,0.6592889098186953,0.11207911466917828,0.527,insider-event,
301280.SZ,20240222,EVENT,25.5601,6,20240222,14.538,20240306,19.2,TP2_RUNNER,9,19.2,10.23,29.633,32.98115647451703,2.516482496053496,1.1129719253043644,0.08492044148880643,1.082,insider-event,
688699.SH,20240222,EVENT,16.2657,6,20240222,26.898,20240314,31.39,TIME_STOP,15,40.9,18.981,29.435,18.78074079031016,1.4934029288096173,0.6380354040102406,0.05073516277508801,0.567,insider-event,
688593.SH,20240222,EVENT,8.9668,6,20240222,9.696,20240314,10.606,TIME_STOP,15,14.706,7.22,25.537,16.398514851485157,-1.753300330033003,0.6421462570315885,-0.0686571469782201,0.368,insider-event,
600645.SH,20240222,EVENT,6.0149,6,20240222,16.078,20240314,16.88,TIME_STOP,15,19.23,12.419,22.754,9.780066676618414,0.13932427725533714,0.4298154497387566,0.0061230387141629926,0.219,insider-event,
300171.SZ,20240219,EVENT,-0.5752,6,20240219,14.926,20240222,14.747,SL_GAP,3,17.657,13.725,8.049,2.2160317776156457,-3.1436605224493985,0.27532667983414194,-0.390578159986015,-0.149,insider-event,
688088.SH,20240219,EVENT,-2.9683,6,20240219,27.934,20240221,27.215,SL_HIT,2,41.364,27.215,2.574,3.687262833822569,-4.474833536192458,1.4326875310481773,-1.7386984600099311,-1.0,insider-event,
603039.SH,20240219,EVENT,2.1838,6,20240219,31.869,20240311,32.694,TIME_STOP,15,38.911,28.211,11.479,9.805767360130524,-7.555932097022189,0.854225242111839,-0.6582318025616998,0.226,insider-event,
002635.SZ,20240219,EVENT,9.6446,6,20240219,12.038,20240311,13.25,TIME_STOP,15,16.3,10.917,9.314,14.051701222753854,-2.229532163742687,1.5086637447762712,-0.2393741718479254,1.081,insider-event,
300135.SZ,20240223,EVENT,6.6395,6,20240223,2.317,20240315,2.48,TIME_STOP,15,3.29,1.452,37.331,16.98178364845033,-1.1482344815678003,0.4548953532550347,-0.03075804879660335,0.189,insider-event,
001299.SZ,20240223,EVENT,13.1186,6,20240223,11.0,20240315,12.49,TIME_STOP,15,16.04,7.892,28.256,21.636363636363654,-4.545454545454541,0.7657129725382058,-0.16086406986096735,0.479,insider-event,
688195.SH,20240223,EVENT,8.8963,6,20240223,16.941,20240315,18.519,TIME_STOP,15,25.833,10.519,37.906,14.96369753851603,-4.810814001534725,0.39476099107366336,-0.12691526931954028,0.246,insider-event,
002796.SZ,20240223,EVENT,15.9629,6,20240223,7.99,20240315,9.3,TIME_STOP,15,11.48,5.07,36.546,27.40926157697121,-0.8760951188986232,0.75,-0.023972602739726026,0.449,insider-event,
603119.SH,20240223,EVENT,10.9629,6,20240223,12.631,20240228,14.277,TP2_RUNNER,3,14.277,10.259,18.781,15.232364816720768,3.744754967936026,0.8110443671619767,0.19938876593950858,0.694,insider-event,
301225.SZ,20240226,EVENT,2.5283,6,20240226,18.272,20240228,18.272,BE,2,26.178,12.237,33.027,18.68979859894924,-0.19154991243433006,0.5659026211908702,-0.005799880451443889,0.0,insider-event,
301116.SZ,20240226,EVENT,2.3255,6,20240226,9.521,20240318,9.781,TIME_STOP,15,12.761,6.751,29.09,8.717571683646685,-4.936456254595112,0.29967762733720205,-0.16969696969696987,0.094,insider-event,
603028.SH,20240226,EVENT,7.5093,6,20240226,8.366,20240318,8.846,TIME_STOP,15,11.346,4.532,45.832,13.626583791537183,-4.781257470714795,0.29731743666169924,-0.10432190760059606,0.125,insider-event,
300828.SZ,20240226,EVENT,12.1754,6,20240226,10.714,20240318,12.064,TIME_STOP,15,15.394,6.146,42.638,19.22717939145042,-8.306888183684901,0.45094206864201347,-0.1948244859666954,0.296,insider-event,
300597.SZ,20240226,EVENT,4.0502,6,20240226,7.249,20240318,7.572,TIME_STOP,15,9.272,4.91,32.271,7.493950706187791,-6.439428427956151,0.23221675045313064,-0.19954002941075885,0.138,insider-event,
600232.SH,20240226,EVENT,5.8983,6,20240226,4.12,20240318,4.38,TIME_STOP,15,6.36,2.683,34.891,14.320388349514568,-13.349514563106801,0.41043478260869576,-0.3826086956521741,0.181,insider-event,
688170.SH,20240226,EVENT,1.2853,6,20240226,28.961,20240228,28.961,BE,2,35.611,18.617,35.716,9.046648941680191,-5.386554331687443,0.2532974242110351,-0.15081831365237208,0.0,insider-event,
603726.SH,20240226,EVENT,11.1291,6,20240226,9.955,20240318,11.105,TIME_STOP,15,13.805,6.23,37.422,19.387242591662467,-6.027122049221489,0.5180711341194513,-0.16105838366407804,0.309,insider-event,
300786.SZ,20240226,EVENT,11.5513,6,20240226,12.038,20240318,13.48,TIME_STOP,15,20.21,6.908,42.618,31.163609782030832,-6.964380648591173,0.7312286641903668,-0.16341350678569236,0.281,insider-event,
603629.SH,20240226,EVENT,19.8285,6,20240226,15.961,20240318,19.344,TIME_STOP,15,22.241,9.872,38.149,28.005764049871562,-4.0348349100933545,0.7341106914107406,-0.10576449334866157,0.556,insider-event,
301158.SZ,20240227,EVENT,6.1357,6,20240227,9.19,20240319,9.792,TIME_STOP,15,11.766,5.979,34.939,8.050231932597551,-7.890713664709148,0.23041059883148762,-0.22584492917917626,0.187,insider-event,
301125.SZ,20240227,EVENT,19.2348,6,20240227,7.034,20240319,8.341,TIME_STOP,15,9.727,3.645,48.181,27.52436397756597,-14.912673533363186,0.5712711001700874,-0.3095141243890461,0.386,insider-event,
002796.SZ,20240227,EVENT,8.4361,6,20240227,8.81,20240319,9.59,TIME_STOP,15,11.48,5.06,42.565,15.550510783200888,-10.102156640181615,0.3653333333333329,-0.2373333333333334,0.208,insider-event,
688455.SH,20240227,EVENT,-1.1848,6,20240227,10.019,20240319,9.94,TIME_STOP,15,12.89,6.977,30.363,2.1080368906456037,-10.268694853675076,0.06942768184614577,-0.33819696535660076,-0.026,insider-event,
002671.SZ,20240228,EVENT,2.5014,6,20240228,4.217,20240320,4.34,TIME_STOP,15,6.38,2.746,34.896,8.123488405178536,-11.082657561530795,0.2327942689627053,-0.31759498340095893,0.083,insider-event,
002769.SZ,20240229,EVENT,13.174,6,20240229,5.647,20240321,6.424,TIME_STOP,15,7.874,3.693,34.603,17.833312082961463,2.0726196041764178,0.5153653033801185,0.05989668246306937,0.398,insider-event,
301300.SZ,20240229,EVENT,27.0281,6,20240229,18.084,20240321,23.054,TIME_STOP,15,29.324,11.425,36.82,34.22915284229153,2.7095775270957967,0.9296288350139454,0.07358935850675878,0.746,insider-event,
301071.SZ,20240207,EVENT,17.4003,5,20240207,24.897,20240307,30.228,TP2_RUNNER,15,30.228,24.37,2.114,27.96165889851274,3.1790788431475647,13.225270311346565,1.5036367189196262,10.129,insider-event,
000869.SZ,20240207,EVENT,9.3268,5,20240207,21.27,20240228,23.43,TP2_RUNNER,9,23.43,20.867,1.894,10.29619181946404,4.043253408556646,5.436170212765994,2.1347517730496555,5.362,insider-event,
002506.SZ,20240207,EVENT,12.8216,5,20240207,2.34,20240307,2.68,TIME_STOP,15,2.87,2.335,0.229,17.521367521367527,5.55555555555558,76.5333333333368,24.266666666667863,63.467,insider-event,
002008.SZ,20240207,EVENT,8.8099,5,20240207,17.49,20240226,19.32,TP2_RUNNER,7,19.32,16.841,3.71,15.437392795883387,1.543739279588352,4.1607044578976495,0.4160704457897685,2.82,insider-event,
000878.SZ,20240207,EVENT,6.3051,5,20240207,10.33,20240221,11.12,TP2_RUNNER,4,11.12,9.241,10.541,7.647628267182949,3.19457889641821,0.7254837651689054,0.3030501803870127,0.725,insider-event,
688333.SH,20240207,EVENT,14.2486,5,20240207,50.546,20240307,57.425,TIME_STOP,15,77.532,49.694,1.685,21.366675899180933,3.2228069481264443,12.680840357277738,1.9126934205560513,8.077,insider-event,
002180.SZ,20240202,EVENT,-4.6244,5,20240202,18.8,20240205,18.004,SL_HIT,1,23.09,18.004,4.233,-3.670725155717247,-11.436641294461191,-0.8671621160715899,-2.70176099951533,-1.0,insider-event,
300997.SZ,20240202,EVENT,-7.4224,5,20240202,11.298,20240205,10.503,SL_HIT,1,13.228,10.503,7.037,7.966011683483809,-11.8605062842981,1.1320754716981143,-1.685534591194968,-1.0,insider-event,
600989.SH,20240202,EVENT,-1.4112,5,20240202,11.86,20240205,11.74,SL_GAP,1,13.66,11.821,0.333,1.0944166202930816,-3.4586263300787623,3.2872648335743975,-10.388567293776745,-3.044,insider-event,
300035.SZ,20240220,EVENT,11.0676,5,20240220,7.7,20240312,8.738,TIME_STOP,15,9.598,5.646,26.684,15.944739241216489,-1.846960216721083,0.597541270830089,-0.06921624357576711,0.505,insider-event,
603067.SH,20240220,EVENT,2.7161,5,20240220,5.64,20240306,5.64,BE,11,6.821,5.474,2.935,11.666072698194863,-0.7806696063673457,3.9749290158883475,-0.26599407962302973,0.0,insider-event,
688166.SH,20240220,EVENT,18.9109,5,20240220,25.683,20240312,30.652,TIME_STOP,15,34.942,24.713,3.775,31.108323229208267,1.1269117043536836,8.240690423425105,0.29852237363258916,5.126,insider-event,
301206.SZ,20240221,EVENT,1.4387,5,20240221,21.633,20240313,22.032,TIME_STOP,15,25.962,17.532,18.957,8.31359540859815,-3.5199145028908863,0.43854331183167267,-0.1856759786344227,0.097,insider-event,
301317.SZ,20240221,EVENT,30.1882,5,20240221,12.578,20240313,16.565,TIME_STOP,15,18.095,8.488,32.515,36.70749207939292,1.328117857043476,1.1289360297469453,0.04084616016054125,0.975,insider-event,
301335.SZ,20240221,EVENT,10.2354,5,20240221,15.135,20240313,16.748,TIME_STOP,15,21.068,12.03,20.517,21.294049865478428,2.06724492438779,1.0378528375597011,0.10075565823601275,0.519,insider-event,
688498.SH,20240221,EVENT,20.8127,5,20240221,87.721,20240301,106.921,TP2_RUNNER,7,106.921,50.165,42.813,27.160074568292902,-1.8626455510674544,0.6343950627681246,-0.04350699179094619,0.511,insider-event,
300656.SZ,20240221,EVENT,1.7421,5,20240221,19.364,20240229,19.15,SL_GAP,6,24.59,14.994,22.571,10.512073702257752,-2.0367271901014283,0.4657240536282758,-0.09023460736440972,-0.049,insider-event,
688435.SH,20240221,EVENT,25.6149,5,20240221,32.175,20240313,40.46,TIME_STOP,15,67.7,22.832,29.038,31.530691530691545,2.595182595182588,1.0858562691131504,0.08937308868501505,0.887,insider-event,
002402.SZ,20240221,EVENT,10.5454,5,20240221,11.248,20240313,12.482,TIME_STOP,15,14.132,8.044,28.486,13.278534331165925,0.7433959379039567,0.46613903197819373,0.026096695179508193,0.385,insider-event,
688478.SH,20240221,EVENT,8.9249,5,20240221,32.04,20240313,35.034,TIME_STOP,15,52.244,22.286,30.445,17.988686768812844,-0.6752733115358178,0.5908653551842789,-0.022180363146842803,0.307,insider-event,
688237.SH,20240221,EVENT,13.8803,5,20240221,20.378,20240313,23.294,TIME_STOP,15,37.434,13.46,33.947,21.914834312813312,2.9729867662242393,0.6455642353438736,0.08757784343835281,0.422,insider-event,
600212.SH,20240221,EVENT,16.5505,5,20240221,5.653,20240313,6.64,TIME_STOP,15,7.4,4.081,27.799,21.884342549841662,-0.9358028622477033,0.7872239848004139,-0.03366271828950146,0.628,insider-event,
688255.SH,20240221,EVENT,27.8,5,20240221,15.499,20240313,20.116,TIME_STOP,15,22.926,10.845,30.032,32.882220260861025,4.04246863112474,1.0948880557622003,0.13460315589699032,0.992,insider-event,
603166.SH,20240221,EVENT,16.3735,5,20240221,4.495,20240313,5.25,TIME_STOP,15,6.57,3.54,21.231,21.924086681795927,4.124949939927913,1.032651166968576,0.19429016273185917,0.792,insider-event,
002117.SZ,20240221,EVENT,0.5545,5,20240221,7.425,20240229,7.31,SL_GAP,6,8.63,5.189,30.115,6.801346801346808,-1.8181818181818188,0.22584251716978143,-0.06037374221370391,-0.051,insider-event,
300997.SZ,20240208,EVENT,15.9465,5,20240208,11.008,20240304,13.228,TP2_RUNNER,11,13.228,10.278,6.632,20.257994186046524,0.7267441860465018,3.0547945205479525,0.10958904109588913,3.041,insider-event,
300233.SZ,20240208,EVENT,17.7355,5,20240208,12.47,20240304,15.12,TP2_RUNNER,11,15.12,11.995,3.812,21.411387329591026,2.4057738572573983,5.6168294515401875,0.6311044327573192,5.575,insider-event,
002402.SZ,20240208,EVENT,7.2617,5,20240208,10.942,20240308,11.782,TIME_STOP,15,14.132,10.321,5.679,14.713946262109289,-4.112593675744824,2.5908045977011454,-0.7241379310344801,1.352,insider-event,
600120.SH,20240208,EVENT,2.8623,5,20240208,3.365,20240221,3.499,TP2_RUNNER,3,3.499,2.953,12.246,4.576212254941292,0.4157491359609633,0.3736882793622621,0.03394960080705275,0.325,insider-event,
300643.SZ,20240222,EVENT,18.3233,5,20240222,8.262,20240314,9.812,TIME_STOP,15,11.482,5.882,28.807,20.091987412248848,4.357298474945526,0.6974789915966383,0.15126050420168036,0.651,insider-event,
002634.SZ,20240222,EVENT,11.7515,5,20240222,5.01,20240314,5.62,TIME_STOP,15,6.86,3.846,23.232,15.968063872255488,-0.9980039920159611,0.6873274010432651,-0.04295796256520377,0.524,insider-event,
301065.SZ,20240222,EVENT,10.2494,5,20240222,14.526,20240314,16.076,TIME_STOP,15,21.996,10.501,27.711,19.68883381522786,0.8261049153242439,0.7104959630911185,0.02981101943039651,0.385,insider-event,
300700.SZ,20240222,EVENT,19.6126,5,20240222,7.83,20240314,9.4,TIME_STOP,15,12.194,5.599,28.488,25.723028744902553,2.389427209252726,0.902955513271213,0.08387606659976037,0.704,insider-event,
688486.SH,20240222,EVENT,14.4215,5,20240222,29.413,20240314,33.781,TIME_STOP,15,43.276,20.361,30.774,20.552546671698458,-1.5907985951742254,0.6678529942803746,-0.05169284478731325,0.483,insider-event,
603008.SH,20240222,EVENT,17.533,5,20240222,13.751,20240313,16.36,TP2_RUNNER,14,16.36,10.726,21.996,19.91767931292767,-0.6624924551490441,0.9055198439499913,-0.030118973961752702,0.863,insider-event,
688432.SH,20240222,EVENT,12.4387,5,20240222,9.165,20240314,10.335,TIME_STOP,15,11.425,7.027,23.322,13.74795417348611,0.4364429896345001,0.5894736842105274,0.01871345029239857,0.547,insider-event,
688173.SH,20240222,EVENT,31.8298,5,20240222,11.009,20240314,14.12,TIME_STOP,15,17.7,7.329,33.423,59.8721023181455,0.19257321415595552,1.7913233889566176,0.005761630028808376,0.846,insider-event,
300642.SZ,20240222,EVENT,7.1662,5,20240222,12.479,20240314,13.425,TIME_STOP,15,16.895,9.034,27.607,12.0687237307626,-1.7144871964388075,0.4371670920562382,-0.06210411297462399,0.275,insider-event,
603629.SH,20240222,EVENT,28.5026,5,20240222,14.33,20240314,18.321,TIME_STOP,15,22.241,9.861,31.188,38.087927424982546,0.9979064898813617,1.2212242288636725,0.0319961642959883,0.893,insider-event,
300978.SZ,20240222,EVENT,18.324,5,20240222,8.732,20240314,10.37,TIME_STOP,15,12.3,6.257,28.341,20.0210724020248,3.4151034151034043,0.7064412963411965,0.12050154133905959,0.662,insider-event,
000818.SZ,20240219,EVENT,0.715,5,20240219,28.2,20240228,28.2,BE,7,29.25,23.236,17.603,7.978723404255317,-7.765957446808502,0.4532700194258578,-0.4411828189078347,0.0,insider-event,
605183.SH,20240219,EVENT,8.2589,5,20240219,11.307,20240311,12.207,TIME_STOP,15,13.607,10.941,3.241,12.381710444857163,2.211019722295915,3.820662768031191,0.6822612085769962,2.456,insider-event,
603416.SH,20240219,EVENT,-1.0686,5,20240219,23.875,20240220,23.715,SL_GAP,1,35.365,23.742,0.556,4.732984293193709,-2.4712041884816793,8.505376344085912,-4.440860215053721,-1.204,insider-event,
301085.SZ,20240223,EVENT,1.8903,5,20240223,46.542,20240228,46.542,BE,3,57.352,29.117,37.439,17.919298697950236,-0.9024107257960545,0.47863247863247854,-0.02410379388796653,0.0,insider-event,
600543.SH,20240223,EVENT,11.3534,5,20240223,5.108,20240315,5.71,TIME_STOP,15,6.2,3.745,26.682,14.125753660637375,-2.513507164669959,0.5294037500131005,-0.09420099986375034,0.441,insider-event,
300074.SZ,20240223,EVENT,15.0029,5,20240223,3.46,20240315,3.85,TIME_STOP,15,4.72,2.249,35.002,26.878612716762994,-3.4682080924855474,0.7679150693010908,-0.09908581539368913,0.322,insider-event,
688356.SH,20240223,EVENT,8.8626,5,20240223,77.139,20240315,84.298,TIME_STOP,15,106.938,56.502,26.753,13.169996637231417,-4.758719410019507,0.4922739562319834,-0.17787351774606758,0.347,insider-event,
688528.SH,20240223,EVENT,12.1991,5,20240223,7.05,20240315,7.94,TIME_STOP,15,11.47,4.424,37.244,17.163120567375877,-4.964539007092195,0.46082698585418896,-0.13329706202393893,0.339,insider-event,
605300.SH,20240223,EVENT,2.2213,5,20240223,12.993,20240315,13.334,TIME_STOP,15,15.974,9.665,25.612,6.8595125285158876,-2.99212792355128,0.26782554342739856,-0.11682583620891757,0.103,insider-event,
600199.SH,20240223,EVENT,16.9261,5,20240223,14.7,20240313,17.51,TP2_RUNNER,13,17.51,11.314,23.032,19.795918367346932,-1.7006802721088454,0.8594936708860755,-0.07383966244725745,0.83,insider-event,
688519.SH,20240223,EVENT,20.8988,5,20240223,16.723,20240315,20.292,TIME_STOP,15,25.582,10.141,39.358,28.457198075952505,1.368886592661167,0.7230429565884768,0.03478078925937712,0.542,insider-event,
603726.SH,20240223,EVENT,14.1772,5,20240223,9.585,20240315,10.985,TIME_STOP,15,13.805,6.232,34.98,23.995826812728204,-2.399582681272827,0.6859821048146563,-0.06859821048146583,0.418,insider-event,
300897.SZ,20240223,EVENT,12.4437,5,20240223,7.935,20240315,8.956,TIME_STOP,15,11.664,5.269,33.593,19.12008418558635,-2.2287755912210216,0.5691741654027337,-0.06634706597994547,0.383,insider-event,
300448.SZ,20240226,EVENT,6.5865,5,20240226,4.007,20240318,4.287,TIME_STOP,15,5.387,2.428,39.406,14.987283260077945,-7.975230436312719,0.38032937889249785,-0.20238587512701658,0.178,insider-event,
301033.SZ,20240226,EVENT,6.1201,5,20240226,30.308,20240318,32.288,TIME_STOP,15,42.758,19.307,36.296,9.832387488451877,-11.152171043948789,0.27089150055191175,-0.3072527757937796,0.18,insider-event,
301059.SZ,20240226,EVENT,6.6653,5,20240226,8.193,20240318,8.773,TIME_STOP,15,11.383,4.98,39.215,13.059929207860366,-7.567435615769547,0.33303690529124047,-0.19297465540240075,0.181,insider-event,
301222.SZ,20240226,EVENT,5.73,5,20240226,14.539,20240318,15.432,TIME_STOP,15,21.039,9.503,34.639,9.581126624939817,-5.110392736776948,0.2765986114755377,-0.1475324970038224,0.177,insider-event,
300801.SZ,20240226,EVENT,2.431,5,20240226,13.115,20240307,13.115,BE,8,16.245,9.462,27.855,14.182234083110945,-5.947388486465877,0.509140678463193,-0.21351060709746786,0.0,insider-event,
300629.SZ,20240226,EVENT,10.298,5,20240226,16.891,20240318,18.702,TIME_STOP,15,21.972,11.991,29.009,13.916092113255395,-3.193226367531854,0.47970913679211985,-0.11007543295085323,0.37,insider-event,
300845.SZ,20240226,EVENT,4.1062,5,20240226,6.79,20240318,7.097,TIME_STOP,15,9.978,3.522,48.133,13.468847978251697,-10.874306558808676,0.2798241365926665,-0.22592083961271248,0.094,insider-event,
603321.SH,20240226,EVENT,6.8066,5,20240226,5.955,20240318,6.385,TIME_STOP,15,8.605,3.959,33.525,11.92275398824516,-2.686817800167929,0.35563506261180644,-0.08014311270125232,0.215,insider-event,
301389.SZ,20240226,EVENT,11.4292,5,20240226,12.107,20240318,13.197,TIME_STOP,15,18.257,7.617,37.083,23.540100768150673,-5.946972825638053,0.6347943679898184,-0.16036910349216432,0.243,insider-event,
603017.SH,20240226,EVENT,1.1385,5,20240226,7.529,20240318,7.645,TIME_STOP,15,9.965,5.397,28.315,4.596258442412293,-7.756061602215447,0.16232706657329643,-0.27392252716508114,0.054,insider-event,
600525.SH,20240226,EVENT,2.8664,5,20240226,4.4,20240228,4.4,BE,2,4.88,3.383,23.109,12.045454545454536,-1.8181818181818188,0.5212504390586575,-0.07867931155602385,0.0,insider-event,
300331.SZ,20240226,EVENT,6.1274,5,20240226,17.721,20240318,18.88,TIME_STOP,15,27.2,10.943,38.247,11.167541335139086,-7.84944416229334,0.29198326465659846,-0.2052292678814198,0.171,insider-event,
688383.SH,20240226,EVENT,3.688,5,20240226,69.996,20240318,72.863,TIME_STOP,15,111.463,50.454,27.919,10.696372948328325,-6.7332019257680065,0.38312005069746713,-0.24116816752913206,0.147,insider-event,
688478.SH,20240226,EVENT,-3.5454,5,20240226,35.08,20240318,33.974,TIME_STOP,15,52.244,22.396,36.157,7.766152807638393,-6.031016264125699,0.2147876854210388,-0.1667991933965195,-0.087,insider-event,
300912.SZ,20240226,EVENT,7.7026,5,20240226,12.81,20240318,13.85,TIME_STOP,15,18.0,7.69,39.969,10.070257611241207,-9.055425448868071,0.25195312499999967,-0.2265624999999999,0.203,insider-event,
603687.SH,20240226,EVENT,15.7088,5,20240226,10.092,20240318,11.754,TP2_RUNNER,15,11.754,6.942,31.215,18.944992399965898,-4.340640067538248,0.6069259938815726,-0.1390577114761772,0.528,insider-event,
300688.SZ,20240226,EVENT,1.4699,5,20240226,24.834,20240228,24.834,BE,2,30.795,15.476,37.681,9.707801555519314,-4.587030359404287,0.2576321616754994,-0.12173369432882393,0.0,insider-event,
300686.SZ,20240227,EVENT,20.601,5,20240227,7.088,20240319,8.46,TIME_STOP,15,10.71,3.784,46.618,33.739630946334856,-12.109926076406518,0.7237466117338843,-0.25976923043668093,0.415,insider-event,
301123.SZ,20240227,EVENT,8.8047,5,20240227,16.253,20240319,17.293,TIME_STOP,15,23.583,10.252,36.925,20.857687811480965,-9.106011197932695,0.5648655082123306,-0.24660795048797923,0.173,insider-event,
300546.SZ,20240227,EVENT,8.5045,5,20240227,11.375,20240319,12.39,TIME_STOP,15,15.36,6.825,39.997,11.29572487274837,-5.143691044474341,0.2824115648608084,-0.12860067444941958,0.223,insider-event,
688133.SH,20240227,EVENT,3.8761,5,20240227,23.974,20240319,25.001,TIME_STOP,15,33.751,16.512,31.126,9.915641382440189,-7.1863331030823545,0.3185664307683942,-0.23088012148320688,0.138,insider-event,
300702.SZ,20240201,EVENT,-1.551,5,20240201,16.226,20240202,16.039,SL_HIT,1,21.98,16.039,1.154,2.735715914483472,-7.309827993171492,2.371622653030089,-6.336971454739739,-1.0,insider-event,
688593.SH,20240228,EVENT,0.7901,5,20240228,10.975,20240320,11.106,TIME_STOP,15,14.706,7.251,33.933,2.923516237606072,-11.290425452431574,0.08615680398696049,-0.33273185218600765,0.035,insider-event,
001360.SZ,20240228,EVENT,0.5365,5,20240228,13.9,20240320,14.03,TIME_STOP,15,18.22,9.464,31.915,1.8014906903795813,-7.623240956574284,0.05644688621096097,-0.23886230283200532,0.029,insider-event,
605018.SH,20240228,EVENT,3.7115,5,20240228,8.362,20240320,8.706,TIME_STOP,15,14.206,5.542,33.719,5.674313583382973,-10.949418408570665,0.16827993927933754,-0.3247207680474738,0.122,insider-event,
603626.SH,20240228,EVENT,4.6139,5,20240228,5.98,20240320,6.28,TIME_STOP,15,9.27,3.853,35.561,7.365041139875572,-9.525720783998926,0.2071120009136898,-0.2678723790200675,0.141,insider-event,
301130.SZ,20240229,EVENT,24.2579,5,20240229,18.948,20240321,23.629,TIME_STOP,15,27.959,13.686,27.77,28.190310017991727,8.187787272378921,1.0151213172400557,0.29483880794194867,0.89,insider-event,
300405.SZ,20240229,EVENT,3.6344,5,20240229,5.277,20240321,5.49,TIME_STOP,15,8.39,3.005,43.052,21.287926165974945,-6.001857221369411,0.4944755029273231,-0.13941101377822762,0.094,insider-event,
688081.SH,20240229,EVENT,18.4459,5,20240229,9.791,20240321,11.64,TIME_STOP,15,17.56,6.278,35.882,22.25388362901002,1.5207688615170856,0.6201962370947475,0.04238249561861834,0.526,insider-event,
002436.SZ,20240229,EVENT,8.7631,5,20240229,12.177,20240321,13.76,TIME_STOP,15,14.84,7.856,35.481,17.35238564506856,6.676521310667649,0.4890556804655464,0.18816955429176022,0.366,insider-event,
001299.SZ,20240229,EVENT,16.9908,5,20240229,10.722,20240321,12.59,TIME_STOP,15,16.04,7.914,26.191,24.79364279918297,2.6889392540361934,0.9466446896509626,0.10266623933580525,0.665,insider-event,
002053.SZ,20240205,EVENT,8.9409,4,20240205,8.791,20240305,9.65,TIME_STOP,15,10.32,8.102,7.842,13.750113750113746,-3.881153881153887,1.7533724279409026,-0.4949128659939089,1.246,insider-event,
601003.SH,20240205,EVENT,-5.7389,4,20240205,2.673,20240206,2.53,SL_GAP,1,3.19,2.592,3.025,-0.486344930789373,-8.7167976056865,-0.16077738515900966,-2.881625441696111,-1.769,insider-event,
601003.SH,20240207,EVENT,-0.9033,4,20240207,2.594,20240208,2.581,SL_HIT,1,3.19,2.581,0.504,3.7088441668594374,-2.845246356696729,7.351528384279436,-5.639737991266322,-1.0,insider-event,
688147.SH,20240207,EVENT,12.7877,4,20240207,32.105,20240226,36.479,TP2_RUNNER,7,36.479,29.379,8.489,15.587401350144559,1.4773221748459742,1.836198929941963,0.17402884135055352,1.605,insider-event,
600031.SH,20240207,EVENT,1.2466,4,20240207,12.509,20240219,12.715,TP2_RUNNER,2,12.715,11.405,8.82,6.366394455037128,1.7296031146446733,0.7217938508749804,0.19609480710341226,0.187,insider-event,
001289.SZ,20240207,EVENT,1.0263,4,20240207,18.652,20240301,18.652,BE,11,20.2,17.198,7.792,6.049883119946831,-4.726672242595809,0.7763940356016034,-0.6065836421360966,0.0,insider-event,
600022.SH,20240207,EVENT,4.6658,4,20240207,1.32,20240219,1.39,TP2_RUNNER,2,1.39,1.228,6.981,12.12121212121211,3.7878787878787845,1.7364341085271273,0.5426356589147273,0.76,insider-event,
300802.SZ,20240202,EVENT,-3.0691,4,20240202,14.374,20240205,13.989,SL_HIT,1,17.379,13.989,2.675,-1.4248831729374523,-13.39109115815501,-0.5327311169491352,-5.006621655265178,-1.0,insider-event,
000404.SZ,20240202,EVENT,-5.0578,4,20240202,4.227,20240205,4.03,SL_GAP,1,5.36,4.199,0.68,-4.430724102855244,-15.312374328767763,-6.519641969169605,-22.531576330184144,-6.868,insider-event,
601003.SH,20240202,EVENT,-5.8255,4,20240202,2.742,20240205,2.593,SL_HIT,1,3.44,2.593,5.437,-1.9071582248477603,-9.929621120956856,-0.35080490609428944,-1.8264660789574516,-1.0,insider-event,
600351.SH,20240202,EVENT,-4.3611,4,20240202,5.623,20240205,5.4,SL_GAP,1,7.08,5.539,1.499,-3.257931426945504,-12.14966567079242,-2.173927784370233,-8.107136802847956,-2.649,insider-event,
600739.SH,20240202,EVENT,-4.7284,4,20240202,9.871,20240205,9.443,SL_HIT,1,11.651,9.443,4.337,-2.6368387515714686,-11.2476687444093,-0.6079451990804222,-2.593243978205096,-1.0,insider-event,
301370.SZ,20240220,EVENT,6.6493,4,20240220,12.459,20240312,13.339,TIME_STOP,15,16.119,12.156,2.431,14.206597640260043,-2.0868448511116466,5.844339622641512,-0.8584905660377371,2.906,insider-event,
000544.SZ,20240220,EVENT,3.8707,4,20240220,6.118,20240312,6.38,TIME_STOP,15,6.71,5.31,13.216,4.769376614036802,-3.4029616553888364,0.3608897683704656,-0.2574957154720046,0.324,insider-event,
002687.SZ,20240220,EVENT,17.4604,4,20240220,4.258,20240312,5.014,TIME_STOP,15,5.331,4.226,0.745,19.375573921028465,0.7752484153321193,26.022033974676862,1.041184157166684,23.846,insider-event,
301196.SZ,20240220,EVENT,6.8329,4,20240220,18.911,20240312,19.887,TIME_STOP,15,23.818,18.525,2.039,13.457895889054928,1.0101010101010166,6.600987083435227,0.49544622544333855,2.531,insider-event,
688010.SH,20240221,EVENT,15.3572,4,20240221,16.646,20240313,19.274,TIME_STOP,15,29.944,12.427,25.344,19.933725262617852,2.5119759507769457,0.7865415170474479,0.09911711679983946,0.623,insider-event,
002820.SZ,20240221,EVENT,13.8797,4,20240221,7.37,20240313,8.424,TIME_STOP,15,11.674,5.951,19.252,18.243151558573388,2.6384207469645427,0.9476066866570948,0.13704787432210105,0.743,insider-event,
002917.SZ,20240221,EVENT,13.6082,4,20240221,6.756,20240313,7.704,TIME_STOP,15,9.394,5.137,23.963,16.25635013677218,1.1581228462822946,0.6783853615146769,0.0483290270659499,0.586,insider-event,
002664.SZ,20240221,EVENT,25.2612,4,20240221,12.266,20240313,15.42,TIME_STOP,15,17.47,8.917,27.303,34.19098164860878,0.8470499995923753,1.2523002896424051,0.031024583345775115,0.942,insider-event,
688061.SH,20240221,EVENT,14.7447,4,20240221,26.008,20240313,29.661,TIME_STOP,15,40.091,18.695,28.121,20.5038854918951,0.6640574985898873,0.7291379819880572,0.023614526360735914,0.499,insider-event,
301160.SZ,20240221,EVENT,10.996,4,20240221,14.34,20240313,15.914,TIME_STOP,15,19.281,10.795,24.723,15.91928954718047,0.3057848069929481,0.6439166209986784,0.012368637374681456,0.444,insider-event,
688326.SH,20240221,EVENT,5.3359,4,20240221,70.508,20240313,74.56,TIME_STOP,15,132.72,52.204,25.96,17.958580469111208,-0.7485696617962834,0.6917771494086727,-0.02883542981929662,0.221,insider-event,
001283.SZ,20240221,EVENT,16.3484,4,20240221,33.541,20240313,39.17,TIME_STOP,15,55.58,25.358,24.398,25.129691245393705,-0.1228340071315337,1.0299947279665649,-0.0050346173586067475,0.688,insider-event,
603111.SH,20240221,EVENT,27.3513,4,20240221,4.015,20240226,5.276,TP2_RUNNER,3,5.276,2.939,26.811,32.388978542824695,10.224533301456384,1.208044500589166,0.38135476268829455,1.171,insider-event,
688239.SH,20240221,EVENT,16.3449,4,20240221,24.714,20240313,28.861,TIME_STOP,15,40.452,18.627,24.63,21.11177469293155,2.0095199713850542,0.8571419854651765,0.08158688519357887,0.681,insider-event,
688291.SH,20240221,EVENT,19.8812,4,20240221,17.451,20240313,20.997,TIME_STOP,15,28.207,12.842,26.41,24.56212433519973,2.500010028233768,0.9300327856047111,0.0946616529933406,0.769,insider-event,
603324.SH,20240221,EVENT,9.1625,4,20240221,18.795,20240313,20.596,TIME_STOP,15,26.353,13.989,25.571,16.76948574499273,0.12157391667533268,0.6557903059450177,0.004754289858605624,0.375,insider-event,
600645.SH,20240221,EVENT,6.9838,4,20240221,15.81,20240313,16.98,TIME_STOP,15,19.23,12.416,21.471,9.042839161812232,1.5793501704584934,0.42117068777591216,0.07355831344872697,0.345,insider-event,
300877.SZ,20240221,EVENT,12.1519,4,20240221,11.585,20240313,13.042,TIME_STOP,15,17.332,8.501,26.618,18.705427199701695,0.8374636814219905,0.7027350311731853,0.03146226279610862,0.472,insider-event,
300915.SZ,20240221,EVENT,8.3431,4,20240221,17.054,20240313,18.548,TIME_STOP,15,22.682,13.437,21.208,14.09053594464642,0.9206051366248413,0.6643889722726919,0.04340785212102076,0.413,insider-event,
688068.SH,20240221,EVENT,-0.5764,4,20240221,32.264,20240229,31.25,SL_GAP,6,41.49,22.289,30.917,8.820639658319894,-3.1431219218884365,0.2852983550587018,-0.10166241324889581,-0.102,insider-event,
688531.SH,20240221,EVENT,9.4893,4,20240221,31.251,20240313,34.348,TIME_STOP,15,43.147,23.94,23.395,18.177370371117018,2.5428357769093246,0.7769794617120926,0.10869180375532213,0.424,insider-event,
301063.SZ,20240221,EVENT,20.8986,4,20240221,13.542,20240313,16.432,TIME_STOP,15,22.182,9.538,29.569,25.033229951262737,1.624575395067196,0.8465929361398504,0.05494113449875128,0.722,insider-event,
301026.SZ,20240221,EVENT,15.4439,4,20240221,10.01,20240313,11.599,TIME_STOP,15,14.494,7.622,23.86,20.470854325072494,2.1289944245141523,0.8579461478234292,0.08922747122538603,0.665,insider-event,
603067.SH,20240221,EVENT,2.8034,4,20240221,5.625,20240306,5.625,BE,10,6.821,4.279,23.939,11.96086169687014,-0.25208082230258055,0.49964036638072756,-0.010530157241578535,0.0,insider-event,
300897.SZ,20240221,EVENT,21.8474,4,20240221,7.391,20240313,9.039,TIME_STOP,15,11.664,5.273,28.656,24.74057478075693,1.903037879464331,0.8633533041561023,0.06640888725219365,0.778,insider-event,
002424.SZ,20240208,EVENT,3.0872,4,20240208,7.47,20240308,7.62,TIME_STOP,15,8.35,7.367,1.372,10.174029451137901,-1.338688085676032,7.414634146341472,-0.9756097560975565,1.463,insider-event,
002925.SZ,20240208,EVENT,8.2538,4,20240208,14.228,20240308,15.462,TIME_STOP,15,18.862,13.292,6.583,16.964243042728988,-2.2228969348368155,2.577006494358238,-0.3376761240059421,1.317,insider-event,
003012.SZ,20240208,EVENT,-0.4825,4,20240208,6.404,20240308,6.399,TIME_STOP,15,7.739,6.294,1.717,14.282412937537359,-1.0197819905657268,8.31892889160283,-0.5939818363714273,-0.048,insider-event,
002683.SZ,20240208,EVENT,0.4322,4,20240208,15.834,20240222,15.834,BE,4,17.194,14.052,11.253,3.7261588985726846,-2.3998989516230806,0.33112848266185546,-0.21326919222288954,0.0,insider-event,
002274.SZ,20240208,EVENT,10.6907,4,20240208,7.01,20240301,7.84,TP2_RUNNER,10,7.84,6.577,6.175,16.405135520684745,0.8559201141226991,2.6567656765676557,0.13861386138614126,1.917,insider-event,
600536.SH,20240208,EVENT,16.1684,4,20240208,27.07,20240308,32.32,TIME_STOP,15,39.42,24.608,9.095,30.402659770964146,2.2903583302549047,3.342616768204237,0.25181317087322447,2.132,insider-event,
601003.SH,20240208,EVENT,10.6122,4,20240208,2.594,20240308,2.88,TIME_STOP,15,3.19,2.577,0.656,15.660421003932456,3.7088441668594374,23.874055415617224,5.654072208228406,16.821,insider-event,
002960.SZ,20240208,EVENT,10.34,4,20240208,8.52,20240227,9.441,TP2_RUNNER,7,9.441,7.539,11.518,17.82946828264049,3.5453301314328334,1.547955914186682,0.30780585588405124,0.939,insider-event,
002895.SZ,20240208,EVENT,13.4757,4,20240208,12.141,20240308,14.051,TIME_STOP,15,15.891,11.173,7.972,19.520632567333827,-0.41182769129396446,2.4487084870848697,-0.051660516605166254,1.973,insider-event,
002484.SZ,20240208,EVENT,10.299,4,20240208,14.222,20240229,15.876,TP2_RUNNER,9,15.876,13.983,1.682,11.838136340433447,-1.3101922749702233,7.038796450029299,-0.7790226830229726,6.913,insider-event,
603558.SH,20240208,EVENT,5.9394,4,20240208,7.638,20240308,7.895,TIME_STOP,15,8.955,6.949,9.015,15.935767264347977,1.2719548040351691,1.767663564974746,0.14109067521447363,0.373,insider-event,
002917.SZ,20240222,EVENT,12.4138,4,20240222,6.854,20240314,7.734,TIME_STOP,15,9.394,5.137,25.053,15.465421651590304,1.1672016340822822,0.617304492512479,0.046589018302828404,0.512,insider-event,
301366.SZ,20240222,EVENT,23.2474,4,20240222,15.152,20240314,18.624,TIME_STOP,15,21.215,10.975,27.57,26.412354804646256,6.612988384371699,0.9580219892960351,0.23986457603064137,0.831,insider-event,
300985.SZ,20240222,EVENT,13.8301,4,20240222,18.508,20240314,21.147,TIME_STOP,15,25.951,13.103,29.206,28.933085873444252,2.285221835903828,0.9906588861491459,0.07824520787248802,0.488,insider-event,
688138.SH,20240222,EVENT,17.1342,4,20240222,15.218,20240314,17.892,TIME_STOP,15,22.462,10.797,29.055,19.474736961075756,0.4844174243081367,0.6702766202305156,0.01667255761117576,0.605,insider-event,
688123.SH,20240222,EVENT,27.1513,4,20240222,43.352,20240314,55.32,TIME_STOP,15,66.36,30.717,29.145,31.758323126215338,0.756364743576432,1.0896673288506826,0.025951809435726367,0.947,insider-event,
603755.SH,20240222,EVENT,0.7119,4,20240222,19.272,20240314,19.487,TIME_STOP,15,26.057,12.646,34.385,5.680008592629959,-8.277826292928781,0.16518935890009592,-0.2407406249683374,0.032,insider-event,
688519.SH,20240222,EVENT,30.5578,4,20240222,15.732,20240314,20.612,TIME_STOP,15,25.582,10.132,35.599,36.549707602339176,6.1657767607424585,1.0267202346789108,0.17320323958931255,0.871,insider-event,
301290.SZ,20240222,EVENT,7.1078,4,20240222,19.541,20240314,21.011,TIME_STOP,15,26.741,14.356,26.536,12.947136789314783,-1.0234890742541247,0.48791239066051423,-0.03857014945932887,0.283,insider-event,
688616.SH,20240222,EVENT,12.7018,4,20240222,6.749,20240314,7.635,TIME_STOP,15,10.838,4.305,36.206,16.224625870499352,-1.4965180026670577,0.44812113594177116,-0.041333547698738544,0.363,insider-event,
688237.SH,20240222,EVENT,8.2291,4,20240222,21.477,20240314,23.334,TIME_STOP,15,37.434,13.447,37.388,15.67691294804785,-2.2957518394044474,0.41930319956334405,-0.06140342137867047,0.231,insider-event,
688252.SH,20240222,EVENT,21.8256,4,20240222,12.573,20240314,15.373,TIME_STOP,15,20.373,8.742,30.473,23.940189294519996,5.249343832021003,0.785607755406413,0.17225950782997784,0.731,insider-event,
688286.SH,20240222,EVENT,17.2396,4,20240222,26.122,20240314,30.739,TIME_STOP,15,51.898,18.705,28.395,26.11591761733405,3.8090498430441766,0.9197478849978089,0.13414675250261207,0.622,insider-event,
603416.SH,20240222,EVENT,11.7279,4,20240222,24.605,20240314,27.955,TIME_STOP,15,35.365,16.933,31.181,17.354196301564716,1.1379800853485111,0.5565589796108369,0.03649567079415341,0.437,insider-event,
300873.SZ,20240222,EVENT,2.3843,4,20240222,11.808,20240229,11.736,SL_GAP,5,16.652,8.071,31.651,15.02371273712737,-0.6690379403794133,0.4746624365724771,-0.02113772970080396,-0.019,insider-event,
300786.SZ,20240222,EVENT,21.2917,4,20240222,10.712,20240314,13.04,TIME_STOP,15,20.21,6.904,35.552,47.40753188072966,4.557590694374425,1.33348088350039,0.12819608666946752,0.611,insider-event,
301325.SZ,20240219,EVENT,0.8973,4,20240219,53.149,20240229,52.749,SL_GAP,8,65.092,49.149,7.525,10.246665036030777,-5.4601215450902245,1.361621573354765,-0.725564782569874,-0.1,insider-event,
002627.SZ,20240219,EVENT,4.5744,4,20240219,4.414,20240311,4.634,TIME_STOP,15,5.254,4.304,2.492,9.288627095604895,-1.1327594019030274,3.7272727272727173,-0.45454545454544987,2.0,insider-event,
002111.SZ,20240219,EVENT,17.7596,4,20240219,7.15,20240311,8.61,TIME_STOP,15,9.4,7.054,1.344,28.251748251748253,-0.9790209790209836,21.026022304832765,-0.7286245353159901,15.197,insider-event,
300664.SZ,20240219,EVENT,-2.852,4,20240219,4.326,20240220,4.22,SL_GAP,1,5.19,4.31,0.385,-2.457064928460806,-4.537364491597895,-6.381646655231695,-11.784734133790987,-6.382,insider-event,
301258.SZ,20240223,EVENT,4.1127,4,20240223,24.107,20240315,25.197,TIME_STOP,15,30.677,17.892,25.781,9.748205915294328,-2.8207574563404836,0.3781174577634763,-0.10941271118262282,0.175,insider-event,
300745.SZ,20240223,EVENT,11.2202,4,20240223,17.83,20240315,19.54,TIME_STOP,15,25.57,11.857,33.497,17.666853617498603,-3.7577117218171474,0.5274173294265385,-0.1121808287986601,0.286,insider-event,
002910.SZ,20240223,EVENT,4.688,4,20240223,7.583,20240315,7.97,TIME_STOP,15,11.25,5.314,29.932,15.647334968483783,-3.7371100034285454,0.522770756759478,-0.1248552439454208,0.17,insider-event,
300834.SZ,20240223,EVENT,7.1968,4,20240223,16.159,20240315,17.389,TIME_STOP,15,21.219,12.131,24.929,13.86224395073954,0.2475400705489461,0.5560776664597932,0.009929958329640198,0.305,insider-event,
301237.SZ,20240223,EVENT,5.9426,4,20240223,19.512,20240315,20.752,TIME_STOP,15,30.432,13.29,31.889,15.067650676506773,-4.663796637966378,0.4725060268625877,-0.1462518654574675,0.199,insider-event,
301279.SZ,20240223,EVENT,7.5786,4,20240223,9.269,20240315,10.01,TIME_STOP,15,14.431,6.057,34.653,18.3083396267127,-2.3087711727262983,0.5283371323733809,-0.06662589648079187,0.231,insider-event,
301176.SZ,20240223,EVENT,11.2578,4,20240223,10.53,20240315,11.76,TIME_STOP,15,17.0,6.884,34.626,17.378917378917393,-2.1842355175688333,0.5019100793417578,-0.06308159467136791,0.337,insider-event,
001336.SZ,20240223,EVENT,4.1151,4,20240223,19.067,20240315,19.93,TIME_STOP,15,29.35,14.123,25.932,11.551653607728362,-6.594501610077952,0.4454607966069369,-0.25430055645762484,0.174,insider-event,
002494.SZ,20240223,EVENT,8.9372,4,20240223,3.475,20240315,3.8,TIME_STOP,15,5.87,2.359,32.125,16.550116550116556,-2.731013842124952,0.515170904623575,-0.0850108135085676,0.291,insider-event,
301353.SZ,20240223,EVENT,9.8055,4,20240223,13.114,20240315,14.455,TIME_STOP,15,18.769,9.236,29.57,18.118041787402774,-2.2800061003507843,0.6127151659160609,-0.07710514924617144,0.346,insider-event,
301335.SZ,20240223,EVENT,4.6413,4,20240223,15.838,20240315,16.638,TIME_STOP,15,21.068,12.032,24.029,15.91109988634929,-2.33615355474176,0.6621621621621625,-0.09722222222222224,0.21,insider-event,
603822.SH,20240223,EVENT,5.4744,4,20240223,19.708,20240315,20.868,TIME_STOP,15,28.378,14.805,24.877,11.77186929165821,-4.110006088897899,0.4731934731934732,-0.16520979020978982,0.237,insider-event,
603067.SH,20240223,EVENT,1.937,4,20240223,5.746,20240229,5.732,SL_GAP,4,6.821,4.289,25.356,9.607445927225378,-0.8520769375352399,0.37890781656464106,-0.03360504075611333,-0.01,insider-event,
601615.SH,20240223,EVENT,7.1319,4,20240223,8.878,20240315,9.548,TIME_STOP,15,11.838,6.802,23.384,10.475332282045514,0.3379139445821133,0.4479614656803718,0.014450369860657156,0.323,insider-event,
603356.SH,20240223,EVENT,27.0258,4,20240223,11.55,20240314,15.18,TP2_RUNNER,14,15.18,7.74,32.987,33.93939393939394,-6.493506493506496,1.0288713910761151,-0.1968503937007874,0.953,insider-event,
688435.SH,20240223,EVENT,16.8858,4,20240223,34.353,20240315,40.09,TIME_STOP,15,67.7,22.839,33.517,26.74293365936016,6.540913457339981,0.7978932610408378,0.19515251524532126,0.498,insider-event,
688485.SH,20240223,EVENT,7.8911,4,20240223,9.028,20240315,9.778,TIME_STOP,15,14.058,6.779,24.911,12.516614975631368,-3.6552946389011964,0.5024614895982211,-0.1467365412101,0.333,insider-event,
301097.SZ,20240223,EVENT,12.7065,4,20240223,25.631,20240315,28.997,TIME_STOP,15,37.607,18.238,28.843,17.670008973508633,-2.649135812102521,0.6126183574879221,-0.0918454106280189,0.455,insider-event,
688523.SH,20240223,EVENT,14.2585,4,20240223,18.227,20240315,20.841,TIME_STOP,15,24.401,13.276,27.161,21.200051133243235,2.601156862196463,0.7805442588719881,0.0957694885947344,0.528,insider-event,
002058.SZ,20240223,EVENT,5.1773,4,20240223,10.2,20240315,10.77,TIME_STOP,15,14.2,6.91,32.258,13.921568627450975,-7.352941176470584,0.43156409421469655,-0.22793878215564953,0.173,insider-event,
688291.SH,20240226,EVENT,5.668,4,20240226,19.737,20240318,20.937,TIME_STOP,15,28.207,12.853,34.876,10.133252267315186,-6.130617621725676,0.29054685067967184,-0.17578084466120117,0.174,insider-event,
300776.SZ,20240226,EVENT,1.8315,4,20240226,45.174,20240318,46.184,TIME_STOP,15,60.124,34.16,24.382,6.973037587993081,-2.9884446805684695,0.2859922178988322,-0.12256809338521406,0.092,insider-event,
301130.SZ,20240226,EVENT,11.6152,4,20240226,19.948,20240318,22.349,TIME_STOP,15,27.959,13.678,31.432,17.052203508107013,-5.65739784063275,0.5425077074120337,-0.17998740930931906,0.383,insider-event,
300836.SZ,20240226,EVENT,26.8179,4,20240226,13.635,20240318,17.704,TIME_STOP,15,19.549,7.582,44.394,40.63527894937173,-7.4459104953550685,0.9153284092730044,-0.16772256978459593,0.672,insider-event,
688138.SH,20240226,EVENT,7.6861,4,20240226,16.292,20240318,17.612,TIME_STOP,15,22.462,10.823,33.568,12.398723299779025,-6.137981831573791,0.36935936785737566,-0.18285117220662214,0.241,insider-event,
688581.SH,20240226,EVENT,-3.9742,4,20240226,54.403,20240318,52.455,TIME_STOP,15,88.506,36.912,32.151,6.259766150945878,-5.344273076698968,0.19470098794863044,-0.16622589771078378,-0.111,insider-event,
002753.SZ,20240226,EVENT,-1.7435,4,20240226,5.942,20240318,5.862,TIME_STOP,15,7.952,3.979,33.034,2.524402558061256,-12.622012790306291,0.07641921397379904,-0.3820960698689955,-0.041,insider-event,
688662.SH,20240226,EVENT,10.4732,4,20240226,18.21,20240318,20.194,TIME_STOP,15,30.041,10.223,43.862,13.305502562869108,-8.578005783616305,0.3033486868545233,-0.19556771929473118,0.248,insider-event,
002899.SZ,20240226,EVENT,9.4912,4,20240226,12.022,20240318,13.213,TIME_STOP,15,16.573,8.112,32.519,15.151348783894282,-6.892360981136414,0.4659241607616152,-0.211949282641799,0.305,insider-event,
301336.SZ,20240226,EVENT,2.2939,4,20240226,24.823,20240318,25.493,TIME_STOP,15,34.856,15.153,38.957,6.703460500342406,-11.859968577528901,0.17207478043772065,-0.30443999615904493,0.069,insider-event,
688517.SH,20240226,EVENT,9.4131,4,20240226,10.272,20240318,11.282,TIME_STOP,15,14.762,6.016,41.434,15.089563862928346,-2.7258566978193066,0.3641856171855331,-0.06578836955609613,0.237,insider-event,
603811.SH,20240226,EVENT,0.8782,4,20240226,5.177,20240318,5.243,TIME_STOP,15,7.057,3.407,34.178,6.380307183520029,-4.6498644892219225,0.1866765386484857,-0.13604683647121338,0.037,insider-event,
001336.SZ,20240226,EVENT,2.8867,4,20240226,19.711,20240318,20.36,TIME_STOP,15,29.35,14.104,28.448,7.909836689344485,-9.643902612260224,0.2780468417606554,-0.3390027846211464,0.116,insider-event,
002084.SZ,20240226,EVENT,11.2377,4,20240226,2.83,20240318,3.16,TIME_STOP,15,4.09,1.874,33.771,20.848056537102465,-9.893992932862194,0.6173393124065768,-0.29297458893871464,0.345,insider-event,
688321.SH,20240226,EVENT,3.0208,4,20240226,16.922,20240318,17.502,TIME_STOP,15,22.112,11.858,29.927,8.214159082850724,-5.082141590828504,0.27447108603667136,-0.16981664315937933,0.115,insider-event,
301197.SZ,20240227,EVENT,7.452,4,20240227,13.124,20240319,14.157,TIME_STOP,15,18.627,7.828,40.358,9.010448453761422,-8.895091063002347,0.2232647670348823,-0.22040639199331322,0.195,insider-event,
300124.SZ,20240227,EVENT,7.1965,4,20240227,59.121,20240305,63.621,TP2_RUNNER,5,63.621,51.389,13.079,10.859085604100049,1.0486967405828773,0.8302618816682817,0.08018105399288752,0.582,insider-event,
300845.SZ,20240227,EVENT,9.8148,4,20240227,6.894,20240319,7.6,TIME_STOP,15,9.978,3.513,49.038,11.75801669770653,-12.218102913105799,0.23977331211585212,-0.24915554030631284,0.209,insider-event,
688072.SH,20240201,EVENT,-0.8688,4,20240201,108.289,20240202,107.78,SL_HIT,1,181.572,107.78,0.47,4.557085440769382,-3.9728534256934456,9.698032532833492,-8.4547156886418,-1.0,insider-event,
688281.SH,20240201,EVENT,-1.1339,4,20240201,35.561,20240202,35.299,SL_HIT,1,51.955,35.299,0.736,3.1838428831747256,-4.009471103012308,4.3282180110315975,-5.450603462399634,-1.0,insider-event,
688069.SH,20240201,EVENT,-8.9829,4,20240201,11.391,20240205,10.411,SL_HIT,2,13.952,10.411,8.6,7.910321711816581,-11.280368433158284,0.9197734477760371,-1.3116259671779256,-1.0,insider-event,
688018.SH,20240201,EVENT,-3.0171,4,20240201,81.3,20240202,79.168,SL_HIT,1,104.23,79.168,2.623,4.52644526445265,-6.371463714637137,1.7259631490787326,-2.429480737018427,-1.0,insider-event,
002373.SZ,20240201,EVENT,-2.5872,4,20240201,8.611,20240202,8.422,SL_HIT,1,12.398,8.422,2.192,1.5907523150567426,-8.744840913155471,0.7257822789409151,-3.989842106059947,-1.0,insider-event,
600572.SH,20240201,EVENT,-6.5235,4,20240201,3.938,20240205,3.697,SL_HIT,2,5.078,3.697,6.136,3.5493192355937397,-9.146771891869943,0.5784433120115384,-1.4906771344455354,-1.0,insider-event,
002353.SZ,20240201,EVENT,-2.1466,4,20240201,26.096,20240202,25.64,SL_HIT,1,29.52,25.64,1.75,0.35867016140158636,-7.8416946398736975,0.20492290370000482,-4.480280236449505,-1.0,insider-event,
300405.SZ,20240228,EVENT,0.239,4,20240228,5.405,20240320,5.44,TIME_STOP,15,8.39,2.992,44.639,18.400118400118394,-8.239908239908244,0.4122010858303284,-0.18459115587052932,0.014,insider-event,
300995.SZ,20240228,EVENT,30.5281,4,20240228,14.877,20240320,19.727,TIME_STOP,15,21.267,7.589,48.986,44.76971753873331,-16.735734264183044,0.9139197747402581,-0.3416398255272025,0.666,insider-event,
688429.SH,20240228,EVENT,3.6694,4,20240228,16.627,20240320,17.305,TIME_STOP,15,22.625,12.475,24.972,6.723682192571756,-6.988912645358026,0.26925253790296405,-0.2798737972808616,0.163,insider-event,
688136.SH,20240228,EVENT,6.0023,4,20240228,15.172,20240320,16.145,TIME_STOP,15,22.495,9.588,36.807,10.830985219239707,-10.458582562987118,0.2942651206518334,-0.2841473787885568,0.174,insider-event,
688528.SH,20240228,EVENT,4.0277,4,20240228,7.88,20240320,8.23,TIME_STOP,15,11.47,4.442,43.626,10.527384396731154,-14.978935079437584,0.24131010209721107,-0.3433491375549025,0.102,insider-event,
603879.SH,20240228,EVENT,29.8284,4,20240228,4.881,20240315,6.5,TP2_RUNNER,12,6.5,2.759,43.473,46.495379761099855,-14.971213145655327,1.0695308502329595,-0.34438205273221817,0.763,insider-event,
001211.SZ,20240228,EVENT,1.0207,4,20240228,16.939,20240320,17.18,TIME_STOP,15,25.23,10.757,36.494,3.3124937274557453,-13.158469558235774,0.09076707270008777,-0.36056091310145283,0.039,insider-event,
605055.SH,20240228,EVENT,1.0028,4,20240228,5.06,20240320,5.131,TIME_STOP,15,7.301,3.017,40.366,3.7769595781726784,-13.219457339981687,0.09356847445274441,-0.3274921086112482,0.035,insider-event,
688536.SH,20240229,EVENT,2.4739,4,20240229,106.193,20240307,106.193,BE,5,149.636,77.957,26.59,9.645294139914995,-0.8450059109168184,0.3627437677448106,-0.031779292932512256,0.0,insider-event,
605069.SH,20240229,EVENT,18.3795,4,20240229,6.346,20240321,7.54,TIME_STOP,15,11.34,4.278,32.589,27.79905135599361,-0.2505554767645246,0.8530287435325317,-0.007688428673072524,0.577,insider-event,
688623.SH,20240229,EVENT,5.1505,4,20240229,38.143,20240321,40.264,TIME_STOP,15,45.686,31.171,18.278,6.759559884559874,0.41234605188094076,0.3698103140177633,0.022559134845212558,0.304,insider-event,
600337.SH,20240206,EVENT,-2.4717,3,20240206,2.384,20240207,2.334,SL_HIT,1,2.838,2.334,2.076,0.5906238464378211,-8.637873754152825,0.28449370742409674,-4.1607204710772665,-1.0,insider-event,
300129.SZ,20240205,EVENT,-8.9925,3,20240205,7.9,20240206,7.22,SL_GAP,1,9.35,7.332,7.195,2.2758917495759423,-14.432546011493386,0.31631858051219885,-2.0059312875417805,-1.197,insider-event,
002432.SZ,20240207,EVENT,6.2968,3,20240207,36.125,20240307,39.035,TIME_STOP,15,43.625,33.537,7.165,10.020761245674725,1.799307958477514,1.3986477162963997,0.25113840209742094,1.124,insider-event,
603061.SH,20240207,EVENT,-2.4651,3,20240207,44.571,20240208,43.648,SL_HIT,1,67.317,43.648,2.069,5.342534875419513,-2.0995589263730907,2.581645249073414,-1.014558903931375,-1.0,insider-event,
301071.SZ,20240202,EVENT,-4.3499,3,20240202,24.758,20240205,23.778,SL_GAP,1,30.228,24.473,1.149,-3.190574975603766,-13.207571556899767,-2.7759069048264653,-11.491028846250448,-3.444,insider-event,
688767.SH,20240202,EVENT,-3.548,3,20240202,16.007,20240205,15.502,SL_HIT,1,20.069,15.502,3.155,-2.9131065744338103,-15.232478161539941,-0.9234723467820203,-4.828787411554682,-1.0,insider-event,
301283.SZ,20240220,EVENT,-1.4885,3,20240220,16.225,20240221,16.048,SL_HIT,1,20.651,16.048,1.091,4.929951168281743,-1.1223960885319184,4.519079595163935,-1.0288534486933345,-1.0,insider-event,
300708.SZ,20240220,EVENT,-4.0812,3,20240220,6.597,20240312,6.354,TIME_STOP,15,8.54,4.773,27.647,3.9506711775619374,-6.341324408551285,0.14289731096346517,-0.22936816687643913,-0.133,insider-event,
600589.SH,20240221,EVENT,9.1149,3,20240221,3.297,20240228,3.65,TP2_RUNNER,5,3.65,2.557,22.433,14.053447386780714,-2.0232353565686867,0.6264559871737909,-0.09018910931252277,0.478,insider-event,
688581.SH,20240221,EVENT,6.0013,3,20240221,51.52,20240313,54.824,TIME_STOP,15,88.506,36.755,28.659,12.207781116313022,-0.18556044689787,0.4259690801895809,-0.0064748058743476,0.224,insider-event,
301092.SZ,20240221,EVENT,9.8863,3,20240221,18.932,20240313,20.883,TIME_STOP,15,25.593,14.011,25.995,16.592373560422512,0.21778206686431378,0.6382966185557796,0.008377918707975402,0.396,insider-event,
002111.SZ,20240221,EVENT,25.5171,3,20240221,7.148,20240312,9.4,TP2_RUNNER,14,9.4,5.581,21.924,34.30705951481576,1.9894233190632216,1.5648154900816813,0.09074168611435302,1.437,insider-event,
601117.SH,20240221,EVENT,4.265,3,20240221,6.004,20240226,6.285,TP2_RUNNER,3,6.285,5.074,15.49,9.170851132928615,1.1766469309750338,0.5920558486740535,0.07596249107204504,0.302,insider-event,
002431.SZ,20240221,EVENT,29.3963,3,20240221,1.99,20240312,2.62,TP2_RUNNER,14,2.62,1.625,18.356,41.21312628775318,1.512638826071666,2.2452675219023797,0.082407697121402,1.725,insider-event,
301003.SZ,20240221,EVENT,27.9213,3,20240221,15.047,20240313,19.257,TIME_STOP,15,22.187,10.659,29.159,29.640459892337347,2.525420349571328,1.0165242165242165,0.08660968660968607,0.96,insider-event,
600261.SH,20240221,EVENT,11.7525,3,20240221,2.346,20240313,2.62,TIME_STOP,15,2.92,1.85,21.137,14.648595661253871,2.7149128414951207,0.6930233897914494,0.12844221684525864,0.552,insider-event,
300014.SZ,20240221,EVENT,21.8406,3,20240221,33.091,20240312,40.525,TP2_RUNNER,14,40.525,28.136,14.972,26.938797095865176,2.0073585518611825,1.7992877790673372,0.1340748697024972,1.501,insider-event,
301283.SZ,20240221,EVENT,11.27,3,20240221,16.252,20240313,17.461,TIME_STOP,15,20.651,11.687,28.086,30.643668655364543,-3.327869336641276,1.0910506674411637,-0.11848692471303753,0.265,insider-event,
688069.SH,20240208,EVENT,1.0964,3,20240208,10.427,20240308,10.583,TIME_STOP,15,13.937,10.341,0.818,16.029263389688776,-0.1695650005562488,19.59638867020669,-0.2072997102225907,1.833,insider-event,
300963.SZ,20240222,EVENT,13.6655,3,20240222,4.385,20240314,5.003,TIME_STOP,15,6.85,3.153,28.099,18.631698973774235,-0.5701254275940593,0.6630724637681162,-0.020289855072463368,0.502,insider-event,
300674.SZ,20240222,EVENT,10.8123,3,20240222,11.972,20240314,13.362,TIME_STOP,15,15.612,8.746,26.947,13.531573671901121,1.5035081857667887,0.5021587512454341,0.05579541680504814,0.431,insider-event,
300997.SZ,20240222,EVENT,5.1694,3,20240222,12.472,20240305,13.168,TP2_RUNNER,8,13.168,8.834,29.172,8.867689436033599,-2.517795834195269,0.30398215181791766,-0.08630940461297938,0.191,insider-event,
002753.SZ,20240222,EVENT,7.6789,3,20240222,5.312,20240314,5.742,TIME_STOP,15,7.952,3.98,25.078,14.68373493975903,-2.259036144578319,0.585522788203753,-0.09008042895442382,0.323,insider-event,
002663.SZ,20240222,EVENT,3.8187,3,20240222,1.554,20240314,1.62,TIME_STOP,15,2.13,1.279,17.694,8.730618284758407,-0.9200283085633365,0.49342891278375134,-0.05199729884161841,0.239,insider-event,
601615.SH,20240222,EVENT,10.4735,3,20240222,8.7,20240314,9.648,TIME_STOP,15,11.838,6.801,21.83,12.734077231118658,1.8146876135041845,0.5833210478651869,0.08312698761323956,0.499,insider-event,
688718.SH,20240222,EVENT,14.9364,3,20240222,9.752,20240314,11.25,TIME_STOP,15,14.42,7.151,26.667,29.723632261703337,2.138132594985387,1.1146239630830084,0.08017909135856725,0.576,insider-event,
601113.SH,20240222,EVENT,4.498,3,20240222,3.079,20240314,3.23,TIME_STOP,15,4.6,2.581,16.181,12.053005943681194,0.3605183669492362,0.7449029335015638,0.022280847647176978,0.303,insider-event,
001296.SZ,20240222,EVENT,8.2336,3,20240222,18.38,20240314,19.97,TIME_STOP,15,23.88,14.489,21.172,12.241566920565838,-2.4483133841131655,0.5781938325991194,-0.11563876651982379,0.409,insider-event,
001222.SZ,20240222,EVENT,7.5337,3,20240222,11.07,20240314,11.95,TIME_STOP,15,16.2,8.437,23.787,15.627822944896108,1.2646793134598155,0.6569917265699168,0.05316696053167019,0.334,insider-event,
603798.SH,20240222,EVENT,33.7665,3,20240222,7.109,20240314,8.901,TIME_STOP,15,12.821,5.407,23.943,67.40303747684335,4.52667603482253,2.8152034061753306,0.18906438446876705,1.053,insider-event,
603700.SH,20240222,EVENT,11.1296,3,20240222,9.675,20240314,10.793,TIME_STOP,15,13.933,7.173,25.863,15.27326885968041,1.2168135876311492,0.5905557753559775,0.04704927925443711,0.447,insider-event,
301110.SZ,20240222,EVENT,18.6999,3,20240222,14.387,20240314,17.14,TIME_STOP,15,20.72,9.49,34.034,20.986912894427334,-0.12984232637411885,0.6166370192160406,-0.003815024415747816,0.562,insider-event,
301222.SZ,20240222,EVENT,14.8887,3,20240222,13.382,20240314,15.432,TIME_STOP,15,21.039,9.489,29.093,19.055447616200883,2.5631445224929106,0.6549857811209988,0.08810200899000127,0.527,insider-event,
300331.SZ,20240222,EVENT,16.5835,3,20240222,16.16,20240314,18.91,TIME_STOP,15,27.2,10.941,32.298,21.90594059405939,1.0519801980197974,0.6782537293006702,0.03257150677432585,0.527,insider-event,
002713.SZ,20240219,EVENT,17.7953,3,20240219,3.986,20240229,4.788,TP2_RUNNER,8,4.788,3.478,12.751,34.052898583449995,0.6337593520902018,2.6706976665739033,0.04970442145031669,1.579,insider-event,
000534.SZ,20240219,EVENT,-0.0316,3,20240219,10.841,20240311,10.881,TIME_STOP,15,12.341,9.949,8.226,8.117332349414275,-1.5681210220459318,0.9867841409691652,-0.190628754505406,0.045,insider-event,
688472.SH,20240219,EVENT,5.4759,3,20240219,12.507,20240311,13.393,TIME_STOP,15,14.723,11.818,5.504,16.841653293802427,-2.907808393441247,3.0601346148657456,-0.528349857519107,1.288,insider-event,
000862.SZ,20240219,EVENT,10.6181,3,20240219,5.623,20240226,6.28,TP2_RUNNER,5,6.28,5.412,3.747,14.169867690994465,-0.41257646891449395,3.781680113906029,-0.11010915994304608,3.117,insider-event,
605060.SH,20240219,EVENT,1.0744,3,20240219,14.555,20240221,14.485,SL_GAP,2,17.835,13.448,7.604,7.832360013740991,-3.778770182068014,1.0300096805421122,-0.49693449499838643,-0.063,insider-event,
000404.SZ,20240219,EVENT,16.6835,3,20240219,4.51,20240304,5.36,TP2_RUNNER,10,5.36,4.159,7.784,24.611973392461195,-0.44345898004433115,3.161749745676503,-0.05696846388606123,2.421,insider-event,
002166.SZ,20240219,EVENT,6.4101,3,20240219,6.554,20240311,6.92,TIME_STOP,15,7.64,5.551,15.3,15.505508254752964,-0.5157313314413048,1.0134347708395661,-0.03370802524540206,0.365,insider-event,
301026.SZ,20240223,EVENT,15.4953,3,20240223,10.535,20240315,11.768,TIME_STOP,15,14.494,7.623,27.644,32.57712387280493,-2.135738016136679,1.1784702549575072,-0.07725985063095517,0.423,insider-event,
300132.SZ,20240223,EVENT,7.9169,3,20240223,3.6,20240315,3.9,TIME_STOP,15,5.33,2.448,32.004,13.055555555555554,-2.777777777777779,0.4079355238685677,-0.08679479231246126,0.26,insider-event,
301326.SZ,20240223,EVENT,18.204,3,20240223,23.121,20240315,27.431,TIME_STOP,15,41.181,13.715,40.682,35.46559404870033,-3.546559404870031,0.8717773474579494,-0.08717773474579489,0.458,insider-event,
002836.SZ,20240223,EVENT,8.2946,3,20240223,5.395,20240315,5.865,TIME_STOP,15,8.625,3.188,40.904,19.833178869323454,-3.3364226135310426,0.48486810163456895,-0.08156659653665632,0.213,insider-event,
300828.SZ,20240223,EVENT,17.1992,3,20240223,10.094,20240315,11.874,TIME_STOP,15,15.394,6.141,39.16,21.497919556171972,-2.6748563503071088,0.5489700036140223,-0.06830502349114553,0.45,insider-event,
300068.SZ,20240223,EVENT,9.548,3,20240223,11.136,20240315,12.246,TIME_STOP,15,14.076,8.543,23.287,15.894396551724155,-2.244971264367812,0.6825506128632431,-0.09640545379424312,0.428,insider-event,
603166.SH,20240223,EVENT,9.9744,3,20240223,4.81,20240315,5.31,TIME_STOP,15,6.57,3.536,26.478,15.176715176715195,-1.8711018711018657,0.5731912507010665,-0.07066741446999421,0.393,insider-event,
001202.SZ,20240223,EVENT,5.4138,3,20240223,12.36,20240315,13.08,TIME_STOP,15,18.24,8.649,30.025,21.035598705501624,-2.265372168284785,0.7006062939081897,-0.07544990857472796,0.194,insider-event,
603928.SH,20240223,EVENT,10.3559,3,20240223,5.159,20240315,5.715,TIME_STOP,15,7.526,3.622,29.797,14.111261872455906,-1.1436324869160686,0.47358394126666986,-0.038381116119139434,0.362,insider-event,
001360.SZ,20240223,EVENT,8.6947,3,20240223,12.51,20240315,13.65,TIME_STOP,15,18.22,9.486,24.169,13.029576338928873,2.6378896882494063,0.5390975667375392,0.1091424521615878,0.377,insider-event,
300997.SZ,20240223,EVENT,4.9191,3,20240223,12.502,20240305,13.168,TP2_RUNNER,7,13.168,8.827,29.394,8.609055393977783,-2.7493816850801434,0.29288192838155214,-0.09353456017328907,0.181,insider-event,
002420.SZ,20240223,EVENT,6.9928,3,20240223,4.05,20240315,4.35,TIME_STOP,15,6.36,2.616,35.397,16.049382716049386,-2.4691358024691246,0.45341305430991535,-0.06975585450921741,0.209,insider-event,
688503.SH,20240223,EVENT,23.645,3,20240223,32.522,20240311,40.851,TP2_RUNNER,11,40.851,21.352,34.346,28.11134694791204,-4.524530563311724,0.8184677114377402,-0.13173264811343052,0.746,insider-event,
688486.SH,20240223,EVENT,11.47,3,20240223,29.68,20240315,33.21,TIME_STOP,15,43.276,20.315,31.553,19.4676549865229,-2.4764150943396235,0.6169804628955181,-0.07848401526967917,0.377,insider-event,
300875.SZ,20240226,EVENT,17.6041,3,20240226,24.03,20240318,28.2,TIME_STOP,15,40.6,15.242,36.57,28.08988764044944,-6.5751144402829915,0.7681053401609363,-0.1797935462895232,0.475,insider-event,
001211.SZ,20240226,EVENT,0.5715,3,20240226,16.44,20240318,16.6,TIME_STOP,15,25.23,10.75,34.609,6.690997566909962,-10.523114355231144,0.19333375180465714,-0.3040612642018705,0.028,insider-event,
603281.SH,20240226,EVENT,0.1501,3,20240226,14.483,20240228,14.483,BE,2,17.908,11.651,19.552,5.413243112614774,-1.9816336394393508,0.27686409040460014,-0.10135203309454184,0.0,insider-event,
300122.SZ,20240226,EVENT,-4.0602,3,20240226,51.52,20240318,49.63,TIME_STOP,15,60.68,40.876,20.658,6.736077143456098,-6.967445399420802,0.3260682234887033,-0.33726789276021396,-0.178,insider-event,
688362.SH,20240226,EVENT,5.4059,3,20240226,20.8,20240318,22.01,TIME_STOP,15,25.01,14.093,32.246,15.240384615384617,-3.8461538461538547,0.47263045793397235,-0.11927582534611315,0.18,insider-event,
001313.SZ,20240226,EVENT,7.4521,3,20240226,7.554,20240318,8.07,TIME_STOP,15,8.76,4.975,34.134,11.733322742497055,-9.713120722295033,0.34374792225349615,-0.28456262050929715,0.2,insider-event,
001324.SZ,20240226,EVENT,15.0585,3,20240226,18.6,20240318,21.43,TIME_STOP,15,26.8,12.974,30.25,35.48387096774193,-7.795698924731198,1.1730354195759802,-0.2577123270280568,0.503,insider-event,
301149.SZ,20240226,EVENT,9.1613,3,20240226,7.394,20240318,7.962,TIME_STOP,15,9.415,5.172,30.051,14.439345929505244,-5.332613861198676,0.48049557617706057,-0.17745245402914406,0.255,insider-event,
688193.SH,20240226,EVENT,-0.0775,3,20240226,30.967,20240318,31.067,TIME_STOP,15,45.277,19.587,36.75,9.429392579197216,-12.949268576226302,0.25658245724148765,-0.35236152518437147,0.009,insider-event,
688217.SH,20240226,EVENT,-2.8917,3,20240226,27.088,20240318,26.412,TIME_STOP,15,36.182,18.112,33.136,12.712535781024936,-10.470836572729702,0.3836465275107528,-0.31599518463156434,-0.075,insider-event,
002391.SZ,20240226,EVENT,1.6323,3,20240226,4.873,20240318,4.972,TIME_STOP,15,5.932,3.789,22.246,4.498869228653879,-4.325662147685705,0.2022335383950368,-0.19444751949140432,0.092,insider-event,
301370.SZ,20240227,EVENT,3.5735,3,20240227,13.463,20240319,13.999,TIME_STOP,15,16.119,9.836,26.939,8.512138073135201,-6.863324026350726,0.31597242326809377,-0.25476808595533273,0.148,insider-event,
301233.SZ,20240227,EVENT,18.6566,3,20240227,22.475,20240319,26.786,TIME_STOP,15,31.705,14.497,35.498,28.338153503893217,-8.872080088987765,0.7983132335956594,-0.24993508993401556,0.54,insider-event,
301033.SZ,20240227,EVENT,8.655,3,20240227,30.262,20240319,33.008,TIME_STOP,15,42.758,19.276,36.304,9.998175949497568,-11.018058099973837,0.2754007399235728,-0.3034934940714055,0.25,insider-event,
301187.SZ,20240227,EVENT,12.2798,3,20240227,10.227,20240319,11.526,TIME_STOP,15,15.48,6.259,38.794,17.81904231081386,-10.547879570144813,0.45932092619631915,-0.27189237945890854,0.327,insider-event,
002535.SZ,20240201,EVENT,-9.4996,3,20240201,4.217,20240202,3.833,SL_HIT,1,5.15,3.833,9.118,0.2987622705932669,-10.134205908853788,0.032766178765139764,-1.111449587636527,-1.0,insider-event,
603321.SH,20240228,EVENT,2.1676,3,20240228,6.4,20240320,6.565,TIME_STOP,15,8.605,3.949,38.307,5.228620309826826,-9.458076511440773,0.1364927501609624,-0.2469023944716516,0.067,insider-event,
002272.SZ,20240228,EVENT,34.0269,3,20240228,5.059,20240307,7.2,TP2_RUNNER,6,7.2,3.134,38.058,43.70713000849986,-12.826899128268998,1.1484273556276103,-0.3370333820572371,1.112,insider-event,
603818.SH,20240228,EVENT,-4.8542,3,20240228,4.019,20240320,3.84,TIME_STOP,15,5.32,2.614,34.976,0.5125143056177839,-8.444046375080838,0.014653280221121095,-0.24142346150719404,-0.128,insider-event,
002910.SZ,20240228,EVENT,-0.1213,3,20240228,8.207,20240320,8.23,TIME_STOP,15,11.25,5.314,35.252,6.858695519732927,-11.052625166014785,0.19456157849517627,-0.3135313694314691,0.008,insider-event,
605169.SH,20240228,EVENT,0.7314,3,20240228,8.104,20240320,8.196,TIME_STOP,15,11.096,5.341,34.1,2.2440382323108965,-11.57605865643978,0.06580792039899766,-0.33947565403670676,0.033,insider-event,
688247.SH,20240228,EVENT,4.8663,3,20240228,8.438,20240320,8.883,TIME_STOP,15,11.023,5.854,30.616,9.898705463647373,-7.404444539256239,0.3233138255603618,-0.24184569375543014,0.172,insider-event,
300768.SZ,20240228,EVENT,-0.466,3,20240228,12.17,20240304,12.153,SL_GAP,3,14.593,8.109,33.366,0.5992570297459254,-9.014492110563033,0.01796021670045794,-0.2701716020234661,-0.004,insider-event,
603980.SH,20240229,EVENT,8.7355,3,20240229,3.193,20240321,3.485,TIME_STOP,15,4.905,2.39,25.154,10.093179860621726,-4.314462453997336,0.40125405790012014,-0.17152132343131574,0.364,insider-event,
601666_SH.SH,20240229,CONT,-8.6288,3,,,,,,,,,,,,,,,,
688187.SH,20240207,EVENT,8.1693,2,20240207,30.91,20240226,33.6,TP2_RUNNER,7,33.6,28.301,8.439,15.431899061792297,2.491103202846978,1.828587075575026,0.29518072289156644,1.031,insider-event,
600031.SH,20240202,EVENT,4.2981,2,20240202,12.063,20240207,12.715,TP2_RUNNER,3,12.715,11.435,5.207,5.569440817696858,-3.549238797494858,1.0695693703733165,-0.6816047122502605,1.038,insider-event,
600711.SH,20240202,EVENT,-3.2911,2,20240202,3.373,20240205,3.275,SL_HIT,1,4.037,3.275,2.897,-2.251158488317284,-13.517327664671374,-0.777050043128024,-4.66588207774739,-1.0,insider-event,
600718.SH,20240202,EVENT,-6.9002,2,20240202,7.178,20240205,6.71,SL_GAP,1,9.02,6.983,2.707,-6.374085684430519,-14.733542319749215,-2.3547794117647016,-5.443014705882337,-2.406,insider-event,
600293.SH,20240202,EVENT,-5.6059,2,20240202,2.891,20240205,2.74,SL_GAP,1,3.52,2.821,2.412,-4.524699045246994,-12.826899128268987,-1.8758451137062166,-5.317762753534133,-2.163,insider-event,
002663.SZ,20240220,EVENT,5.8793,2,20240220,1.515,20240312,1.61,TIME_STOP,15,2.13,1.494,1.371,11.573248828150785,-0.3102924671552043,8.439477303989046,-0.22627235213204513,4.588,insider-event,
300349.SZ,20240221,EVENT,9.3488,2,20240221,9.911,20240313,10.891,TIME_STOP,15,11.991,6.807,31.321,14.631481128334611,-0.3015874457288681,0.4671481686189533,-0.009628965223341314,0.316,insider-event,
002497.SZ,20240221,EVENT,8.0605,2,20240221,10.312,20240313,11.186,TIME_STOP,15,12.846,7.867,23.708,11.968378097410337,1.0101010101010166,0.5048166989805632,0.042605259744130326,0.358,insider-event,
603687.SH,20240221,EVENT,16.4904,2,20240221,9.3,20240313,10.874,TIME_STOP,15,11.754,6.935,25.43,18.751922030610558,0.6875224460917595,0.7373989122266976,0.027036071451871046,0.666,insider-event,
002452.SZ,20240221,EVENT,27.319,2,20240221,5.16,20240313,6.722,TIME_STOP,15,6.982,3.531,31.576,32.21237703202402,0.23488918346938892,1.0201382532117051,0.007438738255316205,0.959,insider-event,
603800.SH,20240221,EVENT,13.4519,2,20240221,21.291,20240313,24.246,TIME_STOP,15,27.136,15.422,27.567,13.879424769408955,-2.3716191018339106,0.5034837888083555,-0.08603179100285256,0.503,insider-event,
002132.SZ,20240221,EVENT,13.6702,2,20240221,2.544,20240313,2.87,TIME_STOP,15,3.57,1.938,23.835,18.303659159690298,-0.9550760523523105,0.7679206614685175,-0.040069727450472055,0.537,insider-event,
002132.SZ,20240222,EVENT,12.9553,2,20240222,2.554,20240314,2.86,TIME_STOP,15,3.57,1.935,24.256,17.84511784511782,-1.3389711064129783,0.735686780880351,-0.05520071940787243,0.494,insider-event,
300203.SZ,20240222,EVENT,27.8131,2,20240222,11.73,20240314,14.95,TIME_STOP,15,16.15,8.379,28.568,37.59590792838874,2.1312872975277175,1.3159970158797818,0.07460300543536218,0.961,insider-event,
002960.SZ,20240222,EVENT,2.1912,2,20240222,9.198,20240227,9.441,TP2_RUNNER,3,9.441,6.31,31.398,9.143292020004345,-2.500543596434013,0.2912049861495844,-0.07963988919667608,0.084,insider-event,
301320.SZ,20240222,EVENT,22.503,2,20240222,13.552,20240314,16.662,TIME_STOP,15,21.312,10.48,22.669,24.940968122786302,2.951593860684776,1.1002092536619388,0.1302022785398747,1.012,insider-event,
301012.SZ,20240223,EVENT,34.8215,2,20240223,10.399,20240315,14.069,TIME_STOP,15,18.026,6.572,36.801,46.32176170785654,-3.317626694874498,1.2587000139984141,-0.09014978302459033,0.959,insider-event,
002431.SZ,20240223,EVENT,24.3815,2,20240223,2.07,20240312,2.62,TP2_RUNNER,12,2.62,1.622,21.618,35.7487922705314,-2.415458937198056,1.6536312849162011,-0.11173184357541846,1.229,insider-event,
603506.SH,20240226,EVENT,0.482,2,20240226,7.902,20240318,7.972,TIME_STOP,15,10.732,5.656,28.421,8.602942479163978,-6.835835174597394,0.30269456773820924,-0.24051888970731367,0.031,insider-event,
603885.SH,20240226,EVENT,0.4214,2,20240226,12.696,20240228,12.696,BE,2,13.904,10.365,18.358,4.00322627396863,-0.3289287132081875,0.21806431207944674,-0.017917451740196863,0.0,insider-event,
002594.SZ,20240227,EVENT,6.2909,2,20240227,59.768,20240312,63.885,TP2_RUNNER,10,63.885,50.467,15.561,10.713090617052611,-1.0875384821309009,0.6884496787844114,-0.06988791054347414,0.443,insider-event,
001217.SZ,20240201,EVENT,-8.863,2,20240201,11.098,20240202,10.157,SL_HIT,1,19.69,10.157,8.48,-3.315041584443912,-13.226826696942663,-0.39091957861501625,-1.5597468046995944,-1.0,insider-event,
300947.SZ,20240228,EVENT,-0.5777,2,20240228,11.781,20240320,11.76,TIME_STOP,15,16.15,7.033,40.303,1.8589253883371404,-12.061794414735605,0.046123296326382936,-0.29927490447392996,-0.004,insider-event,
603219.SH,20240228,EVENT,15.666,2,20240228,11.466,20240320,13.162,TIME_STOP,15,16.452,6.924,39.612,37.90120162076644,-10.58922849632572,0.9567997493887256,-0.26732057924921043,0.373,insider-event,
600115.SH,20240228,EVENT,-1.7544,2,20240228,3.802,20240320,3.75,TIME_STOP,15,4.03,3.426,9.878,0.22095959595960224,-5.829124579124567,0.02236847110739213,-0.590101571118803,-0.137,insider-event,
600865.SH,20240228,EVENT,-1.3419,2,20240228,6.653,20240320,6.59,TIME_STOP,15,8.5,4.636,30.314,0.8597883597883493,-9.812409812409816,0.02836276572383813,-0.32369254308604484,-0.031,insider-event,
688032.SH,20240229,EVENT,7.9494,2,20240229,144.606,20240321,157.007,TIME_STOP,15,197.42,93.724,35.187,11.600923694004251,-5.15422111881273,0.3296926202703908,-0.1464804623266865,0.244,insider-event,
301305.SZ,20240301,EVENT,3.4312,8,20240301,15.485,20240322,16.181,TIME_STOP,15,17.781,10.838,30.007,5.336983413832708,-7.1270211222899675,0.17785847435505972,-0.2375126555989168,0.15,insider-event,
001255.SZ,20240301,EVENT,10.3372,7,20240301,24.26,20240322,26.87,TIME_STOP,15,35.45,17.758,26.8,12.32481450948062,-3.8334707337180696,0.4598736610821199,-0.14303762702554296,0.401,insider-event,
000576.SZ,20240306,EVENT,6.5995,6,20240306,7.663,20240321,8.2,TP2_RUNNER,11,8.2,4.745,38.071,9.884373450264917,-7.342155404170914,0.2596287100833956,-0.19285333019925874,0.184,insider-event,
301148.SZ,20240328,EVENT,-0.0397,6,20240328,16.942,20240401,17.003,TP2_RUNNER,2,17.003,13.652,19.421,25.80075280945966,4.66967341857778,1.3284903801608994,0.24044322508291813,0.019,insider-event,
688320.SH,20240304,EVENT,-3.7116,5,20240304,33.036,20240325,31.94,TIME_STOP,15,45.14,19.622,40.604,8.547264675523603,-8.978911076603602,0.2105014851047564,-0.22113204492907787,-0.082,insider-event,
600109.SH,20240306,EVENT,-5.1581,5,20240306,8.654,20240327,8.241,TIME_STOP,15,8.991,7.09,18.074,2.6279266755184993,-6.616791412581369,0.1454010867609363,-0.36610179089945055,-0.264,insider-event,
000576.SZ,20240308,EVENT,10.884,5,20240308,7.168,20240314,8.2,TP2_RUNNER,4,8.2,6.385,10.924,17.47307327417824,-0.8036162732295349,1.5995766964073914,-0.07356724505993771,1.319,insider-event,
002420.SZ,20240301,EVENT,11.161,5,20240301,4.23,20240322,4.72,TIME_STOP,15,6.36,2.605,38.408,13.475177304964525,-4.018912529550844,0.35084633985491276,-0.10463838206199207,0.302,insider-event,
301233.SZ,20240301,EVENT,28.7389,5,20240301,21.98,20240322,29.116,TIME_STOP,15,31.705,14.456,34.23,42.32029117379437,-2.7070063694267454,1.236357422245851,-0.07908327953518379,0.948,insider-event,
002972.SZ,20240312,EVENT,-0.24,5,20240312,8.399,20240321,8.399,BE,7,9.694,6.71,20.11,3.0341129351030283,-4.585696664904592,0.15087426693347689,-0.22802830266872612,0.0,insider-event,
300684.SZ,20240307,EVENT,-16.3683,5,20240307,16.519,20240328,13.876,TIME_STOP,15,20.166,11.184,32.295,5.6108247765924935,-18.179759963291065,0.17373437787860502,-0.5629206779690062,-0.495,insider-event,
603879.SH,20240311,EVENT,25.6035,5,20240311,4.584,20240314,6.03,TP2_RUNNER,3,6.03,3.976,13.248,41.80683727120014,4.718895215655494,3.155590580818185,0.3561833964572228,2.382,insider-event,
603378.SH,20240325,EVENT,-11.7999,5,20240325,6.547,20240415,5.799,SL_HIT,13,6.947,5.799,11.423,1.8329005651443353,-14.204979379868643,0.16045845272206274,-1.2435530085959903,-1.0,insider-event,
300250.SZ,20240305,EVENT,0.5238,4,20240305,15.424,20240314,15.424,BE,7,17.16,9.723,36.961,3.5385951945643868,-6.186382437987059,0.09573782979885687,-0.16737456429840455,0.0,insider-event,
300825.SZ,20240305,EVENT,4.9274,4,20240305,11.553,20240314,12.17,TP2_RUNNER,7,12.17,6.325,45.251,12.781629491141056,-3.836998952680193,0.28246291903944726,-0.08479434686137145,0.118,insider-event,
003019.SZ,20240305,EVENT,4.8559,4,20240305,17.927,20240314,18.871,TP2_RUNNER,7,18.871,11.888,33.684,7.76530491573566,-2.872328319644424,0.23053303679303055,-0.08527244936028634,0.156,insider-event,
301300.SZ,20240304,EVENT,11.396,4,20240304,19.428,20240325,21.724,TIME_STOP,15,29.324,11.385,41.398,24.944924170362427,-4.39453647769994,0.6025646718705654,-0.106153557037252,0.286,insider-event,
301225.SZ,20240304,EVENT,-1.0342,4,20240304,20.476,20240325,20.346,TIME_STOP,15,26.178,12.018,41.306,4.619174386616254,-5.3680449029286255,0.11182914731924126,-0.12995912992703793,-0.015,insider-event,
301228.SZ,20240304,EVENT,19.4015,4,20240304,10.94,20240325,13.11,TIME_STOP,15,16.99,6.286,42.535,21.669180492709895,-5.114493349787463,0.509448444192008,-0.12024315736149689,0.466,insider-event,
688120.SH,20240306,EVENT,-1.0301,4,20240306,62.813,20240308,62.0,SL_GAP,2,63.386,54.921,12.563,2.5957718945567088,-1.2935794816734902,0.20662041103617879,-0.102967415885743,-0.103,insider-event,
688426.SH,20240306,EVENT,-3.2509,4,20240306,21.206,20240327,20.6,TIME_STOP,15,32.38,13.03,38.553,6.48030255873393,-9.883145177262831,0.1680887536018145,-0.25635308528502626,-0.074,insider-event,
688048.SH,20240306,EVENT,4.7656,4,20240306,44.411,20240327,46.71,TIME_STOP,15,63.81,27.52,38.034,28.458008529341548,-6.172739431767516,0.7482269083675712,-0.16229560604804802,0.136,insider-event,
688170.SH,20240308,EVENT,6.7193,4,20240308,29.201,20240315,31.581,TP2_RUNNER,5,31.581,26.151,10.444,11.917400089038033,-1.027362076641214,1.1411172268415495,-0.09837217472772018,0.78,insider-event,
003003.SZ,20240301,EVENT,17.2022,4,20240301,7.698,20240322,9.056,TIME_STOP,15,11.326,5.215,32.263,19.325975807457297,-3.276593091407898,0.5990171221372995,-0.10155944432429424,0.547,insider-event,
002760.SZ,20240301,EVENT,15.2134,4,20240301,15.238,20240322,17.622,TIME_STOP,15,23.352,10.024,34.216,17.022617022617027,-0.8930258930258894,0.49749736694727004,-0.026099278965497862,0.457,insider-event,
002937.SZ,20240301,EVENT,5.0007,4,20240301,20.882,20240322,22.012,TIME_STOP,15,26.192,14.217,31.916,9.290297864189245,-0.38310506656451526,0.2910883661111406,-0.012003643963346326,0.17,insider-event,
688010.SH,20240312,EVENT,3.2508,4,20240312,19.164,20240319,19.964,TP2_RUNNER,5,19.964,16.861,12.018,5.635566687539129,-2.8177833437695865,0.468909908512947,-0.23445495425647533,0.347,insider-event,
688522.SH,20240307,EVENT,28.5373,4,20240307,14.529,20240320,18.742,TP2_RUNNER,9,18.742,11.789,18.863,30.90843017253484,-1.6053145243660416,1.638542335051523,-0.08510221303908876,1.537,insider-event,
300881.SZ,20240307,EVENT,0.8668,4,20240307,18.516,20240311,18.406,SL_GAP,2,22.056,15.705,15.184,6.048822639879026,-1.8362497299632796,0.3983739837398378,-0.12093495934959386,-0.039,insider-event,
301110.SZ,20240311,EVENT,8.2198,4,20240311,15.819,20240401,17.115,TIME_STOP,15,19.646,13.828,12.588,18.115885685821233,2.950779463702702,1.4390913160379137,0.23440427784776402,0.651,insider-event,
605122.SH,20240311,EVENT,5.2807,4,20240311,10.717,20240401,11.327,TIME_STOP,15,15.227,9.801,8.545,10.54399552113463,1.2130260334048515,1.2340093603744111,0.1419656786271426,0.666,insider-event,
605089.SH,20240311,EVENT,4.5093,4,20240311,27.384,20240401,28.404,TIME_STOP,15,35.594,25.844,5.624,19.82909728308502,1.2416009348524604,3.525974025974029,0.22077922077921944,0.662,insider-event,
301042.SZ,20240311,EVENT,1.2002,4,20240311,20.971,20240328,20.877,SL_GAP,13,24.552,17.849,14.887,16.832769062038054,-0.7915693099995291,1.1306854580397183,-0.05317104420243474,-0.03,insider-event,
002351.SZ,20240311,EVENT,1.5951,4,20240311,13.444,20240325,13.444,BE,10,16.82,12.321,8.351,7.481293048303339,-1.0725814849526172,0.8958190192635543,-0.1284321958419215,0.0,insider-event,
688337.SH,20240313,EVENT,1.449,4,20240313,36.6,20240315,36.6,BE,2,39.9,32.245,11.9,7.32240437158469,-0.819672131147553,0.6153341533415324,-0.06888068880688906,0.0,insider-event,
603259.SH,20240313,EVENT,-11.0512,4,20240313,52.421,20240318,46.827,SL_HIT,3,56.271,46.827,10.673,4.214893548428322,-15.013861681535568,0.394923784765532,-1.4067570179629305,-1.0,insider-event,
002657.SZ,20240313,EVENT,9.933,4,20240313,15.56,20240322,17.24,TP2_RUNNER,7,17.24,14.303,8.082,22.62210796915165,-3.470437017994865,2.7992047713717665,-0.4294234592445335,1.336,insider-event,
603986.SH,20240313,EVENT,-1.4462,4,20240313,78.21,20240315,77.0,SL_GAP,2,78.3,67.37,13.861,0.5242296381537059,-3.618463112133996,0.037821632128621135,-0.2610615095707177,-0.112,insider-event,
300005.SZ,20240318,EVENT,0.0156,4,20240318,5.302,20240322,5.302,BE,4,5.606,4.703,11.296,3.273210069326571,-0.6872307843181602,0.28977860887567974,-0.060840818779844076,0.0,insider-event,
301428.SZ,20240321,EVENT,-0.2093,4,20240321,31.494,20240326,31.242,SL_GAP,3,32.282,26.637,15.421,6.312718534521622,-18.70801565256488,0.409371078543555,-1.2131889776518536,-0.052,insider-event,
688455.SH,20240325,EVENT,-7.6579,4,20240325,9.801,20240415,9.088,SL_HIT,13,10.29,9.088,7.273,2.9486787062544595,-9.907152331394753,0.40545144804088573,-1.362260747569898,-1.0,insider-event,
688515.SH,20240328,EVENT,-22.5013,4,20240328,73.6,20240419,57.301,SL_HIT,14,97.37,57.301,22.146,20.095108695652186,-22.690217391304344,0.9074017266313164,-1.0245847758446904,-1.0,insider-event,
301369.SZ,20240305,EVENT,28.6691,3,20240305,29.506,20240322,39.758,TP2_RUNNER,13,39.758,18.353,37.799,37.6908258534886,0.37633074809293454,0.9971315934348154,0.009956037576971569,0.919,insider-event,
301115.SZ,20240305,EVENT,-1.4276,3,20240305,16.177,20240326,16.01,TIME_STOP,15,18.04,13.199,18.409,3.5446261884450436,-2.822595601053368,0.19254348514357558,-0.1533229077721596,-0.056,insider-event,
300658.SZ,20240304,EVENT,7.2214,3,20240304,4.829,20240325,5.198,TIME_STOP,15,8.008,3.188,33.985,11.777885455622217,-3.959645657062638,0.34655926688682753,-0.11651088824167403,0.225,insider-event,
688037.SH,20240304,EVENT,0.6184,3,20240304,79.346,20240306,79.346,BE,2,95.171,50.33,36.568,5.738785789193157,-1.6857030257407257,0.1569335191664527,-0.04609743555809266,0.0,insider-event,
300132.SZ,20240304,EVENT,7.4876,3,20240304,3.772,20240325,4.07,TIME_STOP,15,5.33,2.435,35.444,11.879954399639425,-2.7015562448633346,0.3351783977859222,-0.07622110853466982,0.223,insider-event,
603726.SH,20240304,EVENT,6.9475,3,20240304,10.595,20240325,11.375,TIME_STOP,15,13.805,6.192,41.553,13.119395941481816,-5.474280320906089,0.315729699034639,-0.13174332765474162,0.177,insider-event,
603116.SH,20240304,EVENT,8.3871,3,20240304,4.106,20240325,4.467,TIME_STOP,15,6.588,3.116,24.113,11.508136586506513,-2.619150268053083,0.4772623962618933,-0.10862070707143559,0.365,insider-event,
300877.SZ,20240304,EVENT,11.8436,3,20240304,12.258,20240325,13.762,TIME_STOP,15,17.332,8.508,30.59,16.917845879241455,-4.129324255313582,0.5530553263340124,-0.13499028126054796,0.401,insider-event,
600308.SH,20240306,EVENT,5.0079,3,20240306,3.285,20240320,3.475,TP2_RUNNER,10,3.475,2.654,19.222,6.0882800608828,0.0,0.3167420814479637,0.0,0.301,insider-event,
688558.SH,20240306,EVENT,-7.8292,3,20240306,21.493,20240327,19.893,TIME_STOP,15,26.843,13.361,37.835,6.8394360954729505,-11.026845949844121,0.1807721024199571,-0.2914488998199303,-0.197,insider-event,
300825.SZ,20240308,EVENT,6.9048,3,20240308,11.34,20240314,12.17,TP2_RUNNER,4,12.17,10.216,9.911,14.902998236331566,-1.146384479717799,1.5036542739116616,-0.11566571337781875,0.738,insider-event,
688627.SH,20240308,EVENT,19.5461,3,20240308,59.387,20240312,73.557,TP2_RUNNER,2,73.557,34.411,42.056,28.002761547139944,1.1787091450990994,0.6658373014170705,0.02802682567600426,0.567,insider-event,
001255.SZ,20240308,EVENT,1.7471,3,20240308,24.997,20240325,24.997,BE,11,31.49,21.406,14.369,9.010901090109025,-0.9100910091009107,0.6271253853037697,-0.06333896788306659,0.0,insider-event,
002398.SZ,20240308,EVENT,7.9745,3,20240308,3.658,20240329,3.965,TIME_STOP,15,4.945,3.441,5.922,18.50576126624841,0.4633616270964147,3.125037095657342,0.07824710653872989,1.417,insider-event,
688432.SH,20240308,EVENT,2.9817,3,20240308,10.005,20240313,10.365,TP2_RUNNER,3,10.365,9.193,8.114,4.197901049475261,-1.2993503248375893,0.5173779146502412,-0.16014078310602806,0.443,insider-event,
603324.SH,20240308,EVENT,5.2322,3,20240308,19.481,20240329,19.995,TIME_STOP,15,26.353,18.464,5.219,16.81506599689342,0.5789165154954423,3.221683334410479,0.11091753611500703,0.505,insider-event,
002594.SZ,20240308,EVENT,4.9996,3,20240308,60.051,20240312,63.518,TP2_RUNNER,2,63.518,55.256,7.985,10.19133736324125,-0.16652512031439803,1.2763200035751259,-0.020854902019201222,0.723,insider-event,
603116.SH,20240308,EVENT,4.844,3,20240308,4.168,20240329,4.387,TIME_STOP,15,6.588,3.833,8.046,9.836852207293667,0.0,1.2225772097976562,0.0,0.653,insider-event,
002769.SZ,20240308,EVENT,11.4043,3,20240308,5.805,20240321,6.534,TP2_RUNNER,9,6.534,5.27,9.227,14.618214891066206,2.0436286466300357,1.584330794341679,0.22148968401288982,1.36,insider-event,
300819.SZ,20240308,EVENT,10.4474,3,20240308,10.415,20240329,11.475,TIME_STOP,15,13.665,9.244,11.248,16.418626980316866,-1.728276524243877,1.4597560975609776,-0.15365853658536574,0.905,insider-event,
301362.SZ,20240308,EVENT,7.9089,3,20240308,20.542,20240321,22.392,TP2_RUNNER,9,22.392,18.575,9.577,9.254210885016057,-0.10222957842469516,0.9662533810154833,-0.010674024724527099,0.94,insider-event,
002117.SZ,20240308,EVENT,2.42,3,20240308,7.712,20240312,7.93,TP2_RUNNER,2,7.93,7.108,7.83,5.937423010593745,1.2694337469690398,0.7582560560181676,0.16211676760030147,0.361,insider-event,
003017.SZ,20240308,EVENT,11.2187,3,20240308,13.181,20240329,14.648,TIME_STOP,15,17.039,11.929,9.5,17.259691980881577,-0.697974357029052,1.8168853394181406,-0.07347404449515063,1.172,insider-event,
300997.SZ,20240301,EVENT,4.1921,3,20240301,12.531,20240305,13.168,TP2_RUNNER,2,13.168,8.845,29.416,8.351647299348365,0.5313045129762051,0.2839124567798564,0.018061582843551,0.173,insider-event,
300686.SZ,20240301,EVENT,22.5586,3,20240301,6.89,20240322,8.31,TIME_STOP,15,10.71,3.767,45.324,37.59071117561685,4.644412191582004,0.829368709972553,0.10247026532479415,0.455,insider-event,
600183.SH,20240301,EVENT,0.5686,3,20240301,14.84,20240306,14.84,BE,3,16.15,10.459,29.52,4.312668463611868,-0.26954177897573484,0.14609489646176452,-0.009130931028860048,0.0,insider-event,
002811.SZ,20240301,EVENT,16.5273,3,20240301,5.392,20240322,6.306,TIME_STOP,15,9.026,3.24,39.901,40.145487189189,-7.707259892349871,1.006138611494424,-0.19316173023312655,0.425,insider-event,
688603.SH,20240301,EVENT,6.6541,3,20240301,24.612,20240322,26.352,TIME_STOP,15,38.523,12.758,48.166,7.827805426453915,-8.611069465419662,0.16251801719455852,-0.1787798570867875,0.147,insider-event,
600843.SH,20240301,EVENT,33.5376,3,20240301,4.446,20240319,6.021,TP2_RUNNER,12,6.021,3.261,26.663,36.54694349417129,-2.8134833078052868,1.3707148478030595,-0.10552136445199103,1.329,insider-event,
688528.SH,20240301,EVENT,12.3435,3,20240301,7.44,20240322,8.39,TIME_STOP,15,11.47,4.438,40.351,17.069892473118276,-2.1505376344086002,0.4230311682131809,-0.053295265286699915,0.316,insider-event,
688298.SH,20240301,EVENT,-5.6707,3,20240301,31.828,20240307,30.148,SL_HIT,4,33.53,30.148,5.281,2.046907645663465,-6.216127055940424,0.38756692444973045,-1.1769779892920884,-1.0,insider-event,
301041.SZ,20240312,EVENT,14.5068,3,20240312,21.923,20240315,26.244,TP2_RUNNER,3,26.244,17.711,19.212,19.940371927366172,0.28025923979684286,1.037909371076053,0.014587676316938953,1.026,insider-event,
300860.SZ,20240312,EVENT,7.085,3,20240312,27.13,20240321,29.339,TP2_RUNNER,7,29.339,25.603,5.627,8.459270180611878,-1.2937707335053394,1.5032985542506951,-0.2299162494736346,1.447,insider-event,
300296.SZ,20240312,EVENT,-0.5113,3,20240312,5.37,20240314,5.34,SL_GAP,2,5.45,3.778,29.649,0.9310986964618184,-2.607076350093107,0.031404217137729694,-0.08793180798564366,-0.019,insider-event,
002554.SZ,20240312,EVENT,1.2623,3,20240312,2.702,20240328,2.702,BE,12,3.052,2.483,8.102,7.772020725388606,-0.7401924500370138,0.9592169657422511,-0.09135399673735772,0.0,insider-event,
002820.SZ,20240312,EVENT,7.8547,3,20240312,8.294,20240402,9.094,TIME_STOP,15,10.144,7.421,10.52,11.092355919942133,0.36170725825896977,1.0544412607449856,0.03438395415472657,0.917,insider-event,
002600.SZ,20240312,EVENT,0.1194,3,20240312,5.524,20240314,5.524,BE,2,5.62,4.959,10.226,2.639296187683282,-1.5242025994714137,0.2580922516690266,-0.14904916042888902,0.0,insider-event,
301428.SZ,20240312,EVENT,10.8282,3,20240312,29.276,20240325,33.182,TP2_RUNNER,9,33.182,25.255,13.736,14.36562295482895,-1.1076543877842293,1.0458288395436428,-0.08063812524067446,0.971,insider-event,
301125.SZ,20240307,EVENT,2.1432,3,20240307,7.924,20240325,7.924,BE,12,8.597,5.606,29.249,15.851165326427697,-6.2085119056633165,0.5419314754650066,-0.21226124062112994,0.0,insider-event,
002996.SZ,20240307,EVENT,13.2064,3,20240307,6.242,20240318,7.204,TP2_RUNNER,7,7.204,5.72,8.37,20.82665812239666,0.36847164370392704,2.4882083532708963,0.044022147788637285,1.841,insider-event,
688291.SH,20240307,EVENT,2.3033,3,20240307,19.937,20240326,19.937,BE,13,23.057,17.839,10.524,13.392185383959454,-0.7523699653909977,1.2725106382978713,-0.07148936170212923,0.0,insider-event,
600308.SH,20240307,EVENT,4.3713,3,20240307,3.305,20240320,3.475,TP2_RUNNER,9,3.475,3.091,6.484,5.446293494704979,-0.302571860816947,0.8399999999999958,-0.046666666666666995,0.793,insider-event,
603339.SH,20240307,EVENT,2.3643,3,20240307,9.568,20240328,9.818,TIME_STOP,15,11.358,8.656,9.533,13.377926421404695,0.2090301003344397,1.403288958496477,0.021926389976506543,0.274,insider-event,
603818.SH,20240307,EVENT,6.2024,3,20240307,3.9,20240328,4.14,TIME_STOP,15,4.96,3.56,8.718,8.205128205128197,-4.61538461538461,0.9411764705882348,-0.529411764705882,0.706,insider-event,
300824.SZ,20240315,EVENT,-0.8316,3,20240315,6.933,20240409,6.903,TIME_STOP,15,7.983,6.257,9.751,5.625270445694519,-4.615606519544202,0.5768621236133138,-0.47332276809297347,-0.044,insider-event,
002864.SZ,20240315,EVENT,-13.9197,3,20240315,24.371,20240328,21.069,SL_HIT,9,25.324,21.069,13.547,1.953852207741802,-13.794482994629242,0.14422800659092688,-1.018270868382247,-1.0,insider-event,
301041.SZ,20240315,EVENT,7.3715,3,20240315,24.348,20240319,26.244,TP2_RUNNER,2,26.244,19.626,19.395,29.67768273940512,-0.9202375877174651,1.5301821882434379,-0.04744747688159965,0.401,insider-event,
688195.SH,20240315,EVENT,5.3523,3,20240315,18.334,20240319,19.476,TP2_RUNNER,2,19.476,15.485,15.539,14.29702827726478,3.1155008151606323,0.9200884368205267,0.2004987483652534,0.401,insider-event,
688173.SH,20240315,EVENT,-10.6905,3,20240315,13.603,20240409,12.2,TIME_STOP,15,17.6,10.402,23.531,12.184435328540122,-11.634540455501163,0.5178057369330119,-0.4944366835224967,-0.438,insider-event,
605089.SH,20240315,EVENT,0.2239,3,20240315,28.892,20240325,28.892,BE,6,35.594,25.955,10.167,13.574062998405111,-0.028242955874535625,1.3351191414114891,-0.002777923677130646,0.0,insider-event,
301321.SZ,20240314,EVENT,9.0172,3,20240314,14.147,20240321,15.86,TP2_RUNNER,5,15.86,11.682,17.421,19.529797626368662,-2.7362498321210627,1.1210338391625423,-0.15706402661689484,0.695,insider-event,
301156.SZ,20240314,EVENT,1.4695,3,20240314,7.815,20240328,7.815,BE,10,9.621,6.706,14.191,16.262703037468683,-1.344327490767827,1.1459983486127456,-0.09473192007904008,0.0,insider-event,
603755.SH,20240314,EVENT,1.2683,3,20240314,19.292,20240328,19.292,BE,10,21.127,17.365,9.99,9.199969106573525,-0.7522756688867371,0.9209230511507395,-0.07530329681244573,0.0,insider-event,
301181.SZ,20240314,EVENT,0.8094,3,20240314,15.749,20240325,15.749,BE,7,16.877,13.41,14.85,5.7469337579973745,-1.4281614231325124,0.38699447016374483,-0.09617138399835354,0.0,insider-event,
002921.SZ,20240314,EVENT,0.6325,3,20240314,12.306,20240328,12.306,BE,10,14.67,11.188,9.087,10.11157431109162,-0.6964252338347188,1.1127705240565209,-0.07664103022714988,0.0,insider-event,
300970.SZ,20240311,EVENT,8.5523,3,20240311,9.097,20240401,9.862,TIME_STOP,15,11.654,8.151,10.394,14.18049906562604,1.6159173353852863,1.3642544190965413,0.15546155008309362,0.809,insider-event,
301227.SZ,20240311,EVENT,1.5842,3,20240311,18.98,20240313,19.462,TP2_RUNNER,2,19.462,16.593,12.575,4.561155051453403,0.8204304678329333,0.36270919234293636,0.06524173570166139,0.202,insider-event,
688056.SH,20240311,EVENT,9.2421,3,20240311,22.043,20240401,24.116,TIME_STOP,15,27.226,19.906,9.696,16.7064519260693,1.8266741791398422,1.7230108452562591,0.18839304930427797,0.97,insider-event,
003004.SZ,20240311,EVENT,14.7783,3,20240311,22.326,20240319,25.722,TP2_RUNNER,6,25.722,16.475,26.209,29.541244298250334,-4.543842110355056,1.1271266383733356,-0.17336729053918126,0.58,insider-event,
688032.SH,20240311,EVENT,0.8675,3,20240311,149.662,20240315,149.662,BE,4,159.363,94.943,36.562,7.376621988213428,-0.26593256805333976,0.20175741464372926,-0.007273500998931362,0.0,insider-event,
603811.SH,20240311,EVENT,-0.2636,3,20240311,5.129,20240401,5.136,TIME_STOP,15,5.679,4.81,6.22,6.531487619418996,-3.762916747904066,1.0501567398119163,-0.6050156739811915,0.022,insider-event,
003019.SZ,20240311,EVENT,6.999,3,20240311,17.569,20240314,18.871,TP2_RUNNER,3,18.871,16.16,8.015,9.963605399196517,1.1182488698548765,1.2431891139456268,0.13952728615664467,0.925,insider-event,
002821.SZ,20240311,EVENT,-13.9596,3,20240311,94.797,20240401,81.917,TIME_STOP,15,108.377,74.178,21.75,9.831534753209503,-16.266337542327292,0.452019677128803,-0.747869465807525,-0.625,insider-event,
000850.SZ,20240311,EVENT,0.407,3,20240311,3.34,20240314,3.34,BE,3,4.25,3.056,8.49,3.293413173652704,0.0,0.3879093198992457,0.0,0.0,insider-event,
301115.SZ,20240313,EVENT,-0.051,3,20240313,16.31,20240325,16.31,BE,8,17.24,15.207,6.764,2.6977314530962637,-1.9006744328632696,0.39883457429588987,-0.28099708643573956,0.0,insider-event,
301148.SZ,20240313,EVENT,21.0003,3,20240313,15.338,20240401,19.503,TP2_RUNNER,13,19.503,13.567,11.55,38.95490110554978,-0.6850275164997921,3.3728110744010915,-0.05931136592183032,2.351,insider-event,
301469.SZ,20240313,EVENT,4.6801,3,20240313,26.326,20240320,27.906,TP2_RUNNER,5,27.906,23.034,12.507,12.573121628808014,-3.114791460913169,1.0053151100987086,-0.2490508731966593,0.48,insider-event,
688258.SH,20240313,EVENT,-0.3724,3,20240313,31.642,20240315,31.642,BE,2,31.671,25.154,20.504,4.516149421654747,-2.948612603501677,0.22025641166788612,-0.1438063205641278,0.0,insider-event,
301009.SZ,20240326,EVENT,0.7162,3,20240326,8.465,20240411,8.465,BE,10,11.17,7.786,8.011,7.389686337054746,-2.5341130604288664,0.9224691878226028,-0.3163383545770582,0.0,insider-event,
300597.SZ,20240322,EVENT,-11.7623,3,20240322,7.843,20240415,6.95,SL_HIT,14,8.422,6.95,11.385,3.8152287836710874,-16.585700478656797,0.33510173651219205,-1.4567663819942853,-1.0,insider-event,
000869.SZ,20240322,EVENT,0.4621,3,20240322,23.206,20240402,23.46,TP2_RUNNER,7,23.46,22.185,4.397,2.4752645913055593,-3.9886923845968147,0.5630032065194587,-0.9072349720654725,0.249,insider-event,
688258.SH,20240322,EVENT,-13.5534,3,20240322,31.681,20240327,27.505,SL_HIT,3,33.523,27.505,13.18,1.8276259674965933,-14.147253605395527,0.13866756897677182,-1.0733953774169742,-1.0,insider-event,
002820.SZ,20240322,EVENT,-14.9521,3,20240322,9.053,20240416,7.733,SL_HIT,15,10.144,7.733,14.581,2.8880228355294024,-20.86216495665315,0.19806232088589545,-1.4307396600836373,-1.0,insider-event,
002408.SZ,20240322,EVENT,-3.6936,3,20240322,4.872,20240326,4.711,SL_HIT,2,5.021,4.711,3.3,-0.22147916884759367,-4.53200979516769,-0.06710616331861567,-1.3731575346725584,-1.0,insider-event,
688696.SH,20240322,EVENT,-9.6574,3,20240322,90.356,20240328,81.975,SL_HIT,4,92.889,81.975,9.276,-1.2254927187708486,-10.267473295445573,-0.13211207480607776,-1.1068667967589543,-1.0,insider-event,
301382.SZ,20240321,EVENT,-9.0379,3,20240321,19.139,20240327,17.482,SL_HIT,4,19.878,17.482,8.655,2.995608892567292,-11.540398815383302,0.3460954693784611,-1.3333114862673947,-1.0,insider-event,
301042.SZ,20240321,EVENT,-12.1286,3,20240321,22.858,20240415,20.172,SL_HIT,15,24.552,20.172,11.752,3.941226986833124,-16.2310444739307,0.33535713753927276,-1.381091886418797,-1.0,insider-event,
300834.SZ,20240321,EVENT,-0.3258,3,20240321,18.354,20240325,18.354,BE,2,18.399,16.234,11.551,2.4267160520464293,-1.2782771345800636,0.2100928787979862,-0.1106668095260237,0.0,insider-event,
688381.SH,20240321,EVENT,-13.0447,3,20240321,20.533,20240327,17.931,SL_HIT,4,25.48,17.931,12.67,1.0101010101010166,-13.55210738045839,0.07972236102950518,-1.0696019373225631,-1.0,insider-event,
603980.SH,20240321,EVENT,1.725,3,20240321,3.45,20240408,3.45,BE,10,4.235,2.999,13.078,14.34285465849312,-6.525803225946691,1.0966899368381071,-0.4989789618654126,0.0,insider-event,
300672.SZ,20240320,EVENT,0.1065,3,20240320,56.773,20240322,56.773,BE,2,59.853,52.188,8.076,2.8006270586370174,-1.8846987124161108,0.3467829880043607,-0.23336968375136283,0.0,insider-event,
300435.SZ,20240320,EVENT,-0.12,3,20240320,12.841,20240322,12.841,BE,2,13.731,12.295,4.25,2.803519975079838,-0.8566311034966079,0.6596858638743507,-0.2015706806282716,0.0,insider-event,
301313.SZ,20240320,EVENT,0.4828,3,20240320,28.384,20240325,28.384,BE,3,33.751,25.128,11.47,16.44117221181154,-1.8788209956986823,1.433357188270742,-0.1637974193667286,0.0,insider-event,
002973.SZ,20240320,EVENT,-2.8612,3,20240320,10.355,20240412,10.1,TIME_STOP,15,10.96,7.919,23.529,1.6860768294802542,-5.653089209494578,0.07166100860143106,-0.24026548932003589,-0.105,insider-event,
000989.SZ,20240320,EVENT,-5.4391,3,20240320,9.11,20240412,8.65,TIME_STOP,15,9.29,8.499,6.712,0.8781558726673966,-6.5861690450054855,0.13084112149532667,-0.9813084112149516,-0.752,insider-event,
603980.SH,20240320,EVENT,5.638,3,20240320,3.405,20240412,3.575,TIME_STOP,15,4.235,2.983,12.398,15.859030837004418,-5.286343612334798,1.2791878172588855,-0.4263959390862946,0.403,insider-event,
688282.SH,20240320,EVENT,6.2067,3,20240320,27.631,20240322,29.46,TP2_RUNNER,2,29.46,20.64,25.3,8.429330930226664,-4.454795174967163,0.33317870265542426,-0.1760807458239502,0.262,insider-event,
688195.SH,20240325,EVENT,-1.0608,3,20240325,19.254,20240327,18.976,SL_GAP,2,19.476,17.571,8.741,3.529120908800043,-7.637668332855496,0.4037437694386702,-0.8737759578426957,-0.165,insider-event,
601689.SH,20240325,EVENT,0.396,3,20240325,41.39,20240329,41.39,BE,4,42.49,34.966,15.52,7.373969314267836,-3.7229354393533476,0.47512761881548693,-0.2398802293469235,0.0,insider-event,
688656.SH,20240328,EVENT,-3.225,3,20240328,24.601,20240409,23.905,SL_HIT,6,27.301,23.905,2.831,6.341205642047076,-3.373846591601959,2.2399999999999967,-1.191794871794866,-1.0,insider-event,
301166.SZ,20240329,EVENT,-3.365,3,20240329,28.609,20240415,27.759,SL_GAP,9,34.209,27.805,2.81,6.920899017791582,-8.109336222866926,2.4629053753887096,-2.8858285206574856,-1.057,insider-event,
600160_SH.SH,20240301,CONT,3.1197,3,,,,,,,,,,,,,,,,
601666_SH.SH,20240304,CONT,-17.5077,3,,,,,,,,,,,,,,,,
600707_SH.SH,20240311,CONT,-1.3236,3,,,,,,,,,,,,,,,,
605196_SH.SH,20240314,CONT,14.3829,3,,,,,,,,,,,,,,,,
300274_SZ.SZ,20240318,CONT,4.068,3,,,,,,,,,,,,,,,,
600233_SH.SH,20240321,CONT,2.9572,3,,,,,,,,,,,,,,,,
002496_SZ.SZ,20240329,CONT,0.6889,3,,,,,,,,,,,,,,,,
301362.SZ,20240305,EVENT,1.9935,2,20240305,20.735,20240326,20.735,BE,15,25.24,13.76,33.638,8.239576822464546,-2.901243141884846,0.24494932374653072,-0.08624927723125324,0.0,insider-event,
002701.SZ,20240304,EVENT,1.6315,2,20240304,3.902,20240313,3.981,TP2_RUNNER,7,3.981,3.116,20.144,3.060547110280676,-1.5529566151235685,0.15193133671293757,-0.07709169827850973,0.101,insider-event,
002821.SZ,20240304,EVENT,-8.9649,2,20240304,97.877,20240325,89.477,TIME_STOP,15,114.447,74.068,24.325,6.375348651879409,-9.031743923495805,0.26209048361934517,-0.37129485179407135,-0.353,insider-event,
688519.SH,20240304,EVENT,25.3842,2,20240304,17.832,20240325,21.782,TIME_STOP,15,25.582,10.099,43.367,45.87258860475549,-3.5329744279946063,1.0577749041703226,-0.08146677134808086,0.511,insider-event,
600080.SH,20240304,EVENT,-1.8939,2,20240304,7.179,20240325,7.072,TIME_STOP,15,7.742,4.219,41.233,3.0993888136745307,-5.118476547047967,0.07516711417039378,-0.12413450977591335,-0.036,insider-event,
603606.SH,20240304,EVENT,8.3731,2,20240304,31.095,20240311,34.639,TP2_RUNNER,5,34.639,28.836,7.264,14.613281878115458,-0.6431902235086051,2.0117003446858304,-0.08854314897384848,1.569,insider-event,
300005.SZ,20240306,EVENT,13.1121,2,20240306,4.877,20240315,5.606,TP2_RUNNER,7,5.606,3.333,31.645,17.00439227844832,-1.0404491525076276,0.5373499909281775,-0.032878878204297766,0.473,insider-event,
688455.SH,20240306,EVENT,5.0006,2,20240306,9.24,20240327,9.74,TIME_STOP,15,11.45,7.018,24.049,9.523809523809511,1.6233766233766378,0.3960141433622625,0.06750241080038633,0.225,insider-event,
688625.SH,20240306,EVENT,6.6768,2,20240306,16.133,20240318,17.58,TP2_RUNNER,8,17.58,15.444,4.27,9.41521250799604,-0.26678171008066576,2.204801214300394,-0.06247343199523616,2.1,insider-event,
688326.SH,20240306,EVENT,3.1212,2,20240306,74.418,20240321,74.418,BE,11,118.22,52.313,29.704,13.681715384522342,-5.963990040084221,0.4605969699770124,-0.20077860591541435,0.0,insider-event,
600882.SH,20240306,EVENT,3.9433,2,20240306,13.167,20240327,13.74,TIME_STOP,15,17.2,10.682,18.872,10.123794334320646,-4.534062428799269,0.5364493503506954,-0.2402552604346325,0.231,insider-event,
002879.SZ,20240306,EVENT,5.6323,2,20240306,13.12,20240327,14.06,TIME_STOP,15,15.43,9.287,29.217,13.948170731707311,1.0670731707317138,0.4774061306251744,0.03652287338116113,0.245,insider-event,
002132.SZ,20240306,EVENT,13.2164,2,20240306,2.58,20240312,2.98,TP2_RUNNER,4,2.98,1.951,24.377,16.66666666666665,0.7751937984496138,0.6837024417944343,0.03180011357183424,0.636,insider-event,
301166.SZ,20240308,EVENT,-0.1207,2,20240308,28.609,20240329,28.689,TIME_STOP,15,34.569,26.319,8.003,8.458876577300845,-2.2021042329336993,1.0569333957260945,-0.2751520823584472,0.035,insider-event,
688484.SH,20240308,EVENT,-2.7657,2,20240308,30.372,20240329,29.652,TIME_STOP,15,43.352,27.718,8.737,14.25655208744896,-4.477808507836167,1.6317631224764462,-0.5125168236877526,-0.271,insider-event,
600643.SH,20240308,EVENT,-3.0611,2,20240308,4.5,20240329,4.38,TIME_STOP,15,4.84,3.736,16.984,3.777777777777769,-4.8888888888888875,0.22242990654205555,-0.2878504672897195,-0.157,insider-event,
603061.SH,20240308,EVENT,5.9764,2,20240308,47.984,20240320,52.304,TP2_RUNNER,8,52.304,44.501,7.259,13.226594276337412,-0.8571760227457648,1.821972431011913,-0.1180765848969316,1.24,insider-event,
688123.SH,20240301,EVENT,21.6465,2,20240301,47.79,20240322,58.38,TIME_STOP,15,66.36,30.712,35.735,26.741996233521668,-2.720234358652429,0.7483374461499857,-0.07612196244092158,0.62,insider-event,
600080.SH,20240301,EVENT,-3.3306,2,20240301,7.348,20240322,7.132,TIME_STOP,15,7.742,4.22,42.565,0.7379099537547562,-5.114197757690064,0.017336166511975018,-0.12015095263500199,-0.069,insider-event,
300885.SZ,20240312,EVENT,6.4934,2,20240312,7.239,20240402,7.739,TIME_STOP,15,8.909,6.379,11.88,10.91310954551734,-3.0390937974858367,0.9186046511627907,-0.25581395348837166,0.581,insider-event,
301126.SZ,20240312,EVENT,2.7391,2,20240312,8.966,20240326,8.966,BE,10,11.986,8.017,10.584,10.930180682578627,-0.11153245594467398,1.0327436958976275,-0.010538200978546661,0.0,insider-event,
688455.SH,20240312,EVENT,3.9237,2,20240312,9.633,20240402,10.05,TIME_STOP,15,11.45,8.749,9.175,4.747370934421302,-3.1424211280326353,0.5174414845467487,-0.3425093754041119,0.472,insider-event,
000837.SZ,20240312,EVENT,2.9404,2,20240312,9.86,20240319,10.19,TP2_RUNNER,5,10.19,8.226,16.575,7.606490872210947,-1.521298174442176,0.45891608391608324,-0.09178321678321584,0.202,insider-event,
000989.SZ,20240312,EVENT,-6.0712,2,20240312,9.05,20240328,8.536,SL_HIT,12,9.29,8.536,5.683,2.099447513812147,-5.966850828729287,0.3694444444444432,-1.050000000000001,-1.0,insider-event,
001231.SZ,20240312,EVENT,10.9559,2,20240312,15.09,20240402,16.87,TIME_STOP,15,20.08,13.345,11.562,17.892644135188874,2.054340622929085,1.547594677584443,0.1776867963152502,1.02,insider-event,
301148.SZ,20240312,EVENT,22.8052,2,20240312,15.113,20240401,19.503,TP2_RUNNER,14,19.503,13.558,10.287,41.02428372923972,0.5955137960696133,3.988054215483577,0.057891109579600745,2.824,insider-event,
600307.SH,20240312,EVENT,3.8256,2,20240312,1.396,20240319,1.47,TP2_RUNNER,5,1.47,1.223,12.422,5.308403180743615,-1.1390500752202937,0.42733564013840947,-0.09169550173010436,0.427,insider-event,
688508.SH,20240312,EVENT,-11.4509,2,20240312,36.981,20240326,32.886,SL_HIT,10,38.851,32.886,11.073,3.190827722343914,-12.979638192585396,0.2881562881562884,-1.172161172161172,-1.0,insider-event,
688519.SH,20240312,EVENT,19.3348,2,20240312,18.772,20240320,23.972,TP2_RUNNER,6,23.972,16.388,12.697,38.568080119326666,-0.10654165778819502,3.037458795325147,-0.008390770152831883,2.182,insider-event,
600120.SH,20240312,EVENT,-0.0117,2,20240312,3.494,20240319,3.494,BE,5,3.549,2.768,20.774,2.441244407807175,-1.2797284262288544,0.11751471812647261,-0.06160256826632197,0.0,insider-event,
301009.SZ,20240307,EVENT,4.4598,2,20240307,8.059,20240328,8.31,TIME_STOP,15,11.17,7.508,6.83,13.171022261931341,-1.2235375871739507,1.9284657512913002,-0.1791470916500116,0.457,insider-event,
002582.SZ,20240307,EVENT,21.3126,2,20240307,3.383,20240328,4.083,TIME_STOP,15,4.653,3.054,9.712,38.42743127401713,-0.8867868755542352,3.9565217391304315,-0.09130434782608624,2.13,insider-event,
301130.SZ,20240307,EVENT,5.5556,2,20240307,21.383,20240328,22.659,TIME_STOP,15,27.959,18.05,15.585,13.59018211187295,-2.2635260424046844,0.8719936968639086,-0.14523576103809646,0.383,insider-event,
002600.SZ,20240307,EVENT,1.9622,2,20240307,5.455,20240312,5.62,TP2_RUNNER,3,5.62,4.944,9.367,3.0266366019542135,-1.3730774166345716,0.32311004249608716,-0.14658353835830787,0.323,insider-event,
002398.SZ,20240307,EVENT,1.2574,2,20240307,3.757,20240327,3.757,BE,14,4.945,3.439,8.458,15.383079809957279,-3.514725649113004,1.8188009980443736,-0.4155596016813907,0.0,insider-event,
002791.SZ,20240307,EVENT,6.7314,2,20240307,36.118,20240313,38.783,TP2_RUNNER,4,38.783,34.876,3.44,11.06044409226714,-2.6722560971389253,3.2156392627116053,-0.7769137978816033,2.145,insider-event,
603986.SH,20240307,EVENT,2.174,2,20240307,72.102,20240327,72.102,BE,14,93.5,67.099,6.939,14.32462757466193,-2.8455639742197447,2.064368295266684,-0.4100834049551855,0.0,insider-event,
301130.SZ,20240315,EVENT,8.2448,2,20240315,22.126,20240402,24.339,TP2_RUNNER,12,24.339,18.184,17.813,10.049440668260301,0.8745109152286323,0.5641724847008144,0.049094771761852785,0.562,insider-event,
688550.SH,20240315,EVENT,4.6793,2,20240315,26.316,20240319,27.697,TP2_RUNNER,2,27.697,24.839,5.614,9.173126614987082,4.073567411460721,1.6341174479607403,0.7256727026569673,0.935,insider-event,
002600.SZ,20240315,EVENT,3.8341,2,20240315,5.445,20240319,5.7,TP2_RUNNER,2,5.7,5.253,3.529,8.172635445362708,2.846648301193744,2.3159851301115264,0.8066914498141248,1.327,insider-event,
002820.SZ,20240315,EVENT,4.8175,2,20240315,8.474,20240409,9.004,TIME_STOP,15,10.144,7.682,9.348,9.912674061836203,0.4720320981826731,1.0604147880973833,0.05049594229035125,0.669,insider-event,
603020.SH,20240315,EVENT,15.4275,2,20240315,6.356,20240401,7.496,TP2_RUNNER,11,7.496,6.045,4.9,24.229074889867853,2.674638137193197,4.9449541284403695,0.5458715596330262,3.661,insider-event,
688508.SH,20240314,EVENT,-11.1407,2,20240314,36.869,20240326,32.901,SL_HIT,8,38.851,32.901,10.762,3.5054500321276327,-12.71431861104534,0.3257125040908177,-1.1813640230662639,-1.0,insider-event,
603115.SH,20240314,EVENT,0.5627,2,20240314,9.979,20240327,9.979,BE,9,10.95,9.144,8.374,8.525733525733514,-0.29260862594197024,1.0181557082777704,-0.03494375491503532,0.0,insider-event,
002408.SZ,20240314,EVENT,0.026,2,20240314,4.852,20240319,4.852,BE,3,5.171,4.542,6.38,2.040606019385849,-1.6692120140396005,0.3198395887269068,-0.26162820211082044,0.0,insider-event,
600261.SH,20240314,EVENT,1.1239,2,20240314,2.62,20240318,2.66,TP2_RUNNER,2,2.66,2.372,9.46,3.053435114503822,-0.7633587786259555,0.322766570605188,-0.080691642651297,0.161,insider-event,
301003.SZ,20240311,EVENT,5.2958,2,20240311,18.055,20240319,19.457,TP2_RUNNER,6,19.457,14.911,17.414,8.98589447692919,0.5670013730550094,0.5160113792863731,0.03255982599379108,0.446,insider-event,
688528.SH,20240311,EVENT,6.7044,2,20240311,7.6,20240401,8.09,TIME_STOP,15,10.18,6.431,15.385,14.605263157894743,1.4473684210526416,0.9492974954184494,0.0940745265730001,0.419,insider-event,
002820.SZ,20240311,EVENT,9.2647,2,20240311,8.034,20240401,8.854,TIME_STOP,15,10.144,7.415,7.699,13.816280806572067,2.6138909634055185,1.7944572748267882,0.33949191685912106,1.326,insider-event,
601089.SH,20240311,EVENT,1.9973,2,20240311,13.323,20240313,13.643,TP2_RUNNER,2,13.643,10.454,21.531,3.978083014336109,1.3510470614726433,0.18476095617529875,0.06274900398406384,0.112,insider-event,
300970.SZ,20240313,EVENT,-0.1985,2,20240313,9.649,20240315,9.638,SL_GAP,2,10.032,8.165,15.373,7.653593186119356,-1.3944078585983122,0.4978527462600034,-0.09070377336866127,-0.007,insider-event,
300743.SZ,20240313,EVENT,1.5956,2,20240313,9.303,20240327,9.303,BE,10,10.793,8.111,12.811,10.534236267870556,-2.6873051703751427,0.8222954749775229,-0.20976925382079672,0.0,insider-event,
688603.SH,20240313,EVENT,0.2651,2,20240313,25.36,20240322,25.36,BE,7,26.539,21.475,15.32,4.649713878321005,-8.954472898882637,0.30351463662795547,-0.5845120063776121,0.0,insider-event,
688646.SH,20240313,EVENT,0.2571,2,20240313,30.536,20240322,30.536,BE,7,32.336,19.979,34.574,5.665444066020431,-3.798794865077282,0.16386455126687177,-0.10987449680322034,0.0,insider-event,
600543.SH,20240313,EVENT,1.4049,2,20240313,5.53,20240315,5.63,TP2_RUNNER,2,5.63,4.865,12.025,5.4249547920433905,0.1808318264014508,0.4511278195488714,0.01503759398496275,0.15,insider-event,
301047.SZ,20240313,EVENT,-0.3181,2,20240313,65.114,20240315,65.114,BE,2,66.622,47.398,27.208,7.229934816141714,-0.21850813677124492,0.2657241858225344,-0.008030901829087797,0.0,insider-event,
000850.SZ,20240313,EVENT,-0.0974,2,20240313,3.396,20240322,3.396,BE,7,4.25,3.059,9.918,3.3660217333686626,-1.640309803575124,0.33939933825400753,-0.16539407822177113,0.0,insider-event,
300745.SZ,20240318,EVENT,0.2335,2,20240318,20.33,20240320,20.33,BE,2,20.76,17.282,14.992,2.5086079685194385,-0.5902606984751424,0.1673306772908374,-0.03937192406843103,0.0,insider-event,
300981.SZ,20240318,EVENT,3.7144,2,20240318,9.703,20240320,10.103,TP2_RUNNER,2,10.103,8.677,10.577,12.08904462537359,1.0306090899721898,1.1429963459196104,0.0974421437271636,0.39,insider-event,
003019.SZ,20240318,EVENT,0.7099,2,20240318,18.663,20240320,18.871,TP2_RUNNER,2,18.871,16.977,9.035,26.86272870868669,10.970730003193395,2.9730864927554874,1.214207593795719,0.123,insider-event,
000869.SZ,20240318,EVENT,-0.2974,2,20240318,23.38,20240320,23.38,BE,2,23.46,22.152,5.25,1.1548331907613285,-0.42771599657825954,0.219959266802443,-0.08146639511201396,0.0,insider-event,
603139.SH,20240318,EVENT,16.6619,2,20240318,13.702,20240410,16.8,TIME_STOP,15,17.67,11.881,13.287,28.525135750569277,4.002452268348233,2.146849031286049,0.30123119659125797,1.702,insider-event,
002921.SZ,20240318,EVENT,-0.3763,2,20240318,12.72,20240325,12.72,BE,5,14.67,11.2,11.95,6.525157232704393,-0.07861635220125507,0.5460526315789461,-0.006578947368420813,0.0,insider-event,
300824.SZ,20240326,EVENT,15.1926,2,20240326,6.775,20240415,7.983,TP2_RUNNER,12,7.983,6.313,6.813,46.17901948020317,-3.2706134854315505,6.777801850206916,-0.4800355309053894,2.618,insider-event,
300035.SZ,20240322,EVENT,1.5197,2,20240322,8.76,20240403,8.928,TP2_RUNNER,8,8.928,7.963,9.097,13.79618974555683,-7.437850475825158,1.516519843532074,-0.817591526924746,0.211,insider-event,
688616.SH,20240322,EVENT,-20.4428,2,20240322,8.13,20240416,6.497,SL_HIT,15,9.391,6.497,20.083,3.4824622257647153,-21.720861808538384,0.17340206979340583,-1.0815458003912797,-1.0,insider-event,
001228.SZ,20240322,EVENT,0.2046,2,20240322,25.78,20240408,25.78,BE,9,27.23,23.294,9.642,6.906235938493999,-5.545470061599078,0.7162652229636147,-0.5751363529256243,0.0,insider-event,
300132.SZ,20240321,EVENT,-17.1687,2,20240321,4.128,20240415,3.435,SL_HIT,15,4.66,3.435,16.802,1.9790228423321787,-17.64164426034931,0.1177815306038379,-1.04994233462394,-1.0,insider-event,
688392.SH,20240321,EVENT,-10.4516,2,20240321,55.095,20240327,49.546,SL_HIT,4,59.852,49.546,10.072,1.282355648775546,-10.860201236108658,0.1273193843327579,-1.078261039697912,-1.0,insider-event,
688517.SH,20240320,EVENT,0.1963,2,20240320,11.552,20240322,11.552,BE,2,12.482,9.686,16.154,2.423822714681445,-4.068559556786699,0.15004784688995257,-0.2518660287081339,0.0,insider-event,
688258.SH,20240320,EVENT,-0.3896,2,20240320,31.66,20240322,31.66,BE,2,33.523,27.333,13.666,4.206543230933457,-1.8009993619749753,0.30780456559493247,-0.13178417427709235,0.0,insider-event,
002551.SZ,20240320,EVENT,0.9108,2,20240320,3.122,20240322,3.172,TP2_RUNNER,2,3.172,2.649,15.157,18.577834721332476,4.804612427930821,1.2256603773584906,0.31698113207547224,0.106,insider-event,
300819.SZ,20240325,EVENT,5.0346,2,20240325,11.499,20240402,12.125,TP2_RUNNER,6,12.125,9.588,16.622,7.793388034455617,-3.946916430773517,0.4688570905381011,-0.2374499699165514,0.328,insider-event,
301305.SZ,20240325,EVENT,-0.1788,2,20240325,15.722,20240329,15.721,SL_GAP,4,15.841,14.182,9.798,2.2821884228596767,-3.5694136758301465,0.23292155577173407,-0.364296557742367,-0.001,insider-event,
301260.SZ,20240325,EVENT,-3.2694,2,20240325,12.721,20240326,12.356,SL_HIT,1,13.75,12.356,2.875,-1.2695043823448326,-4.728216012262698,-0.4415153290372941,-1.6444053895723563,-1.0,insider-event,
301130.SZ,20240325,EVENT,4.9057,2,20240325,22.828,20240402,24.339,TP2_RUNNER,6,24.339,18.365,19.55,6.660954486098669,-2.2314738520992194,0.34071170233095216,-0.11414118748933758,0.338,insider-event,
603919.SH,20240325,EVENT,-6.6689,2,20240325,19.557,20240329,18.329,SL_HIT,4,21.115,18.329,6.282,-0.677235529171738,-7.631107327386744,-0.1078125272540148,-1.2148343246527489,-1.0,insider-event,
688768.SH,20240325,EVENT,-13.6758,2,20240325,31.338,20240408,27.17,SL_HIT,8,31.655,27.17,13.303,-3.425344903784333,-15.39147596642464,-0.25749572076973054,-1.1570336153027676,-1.0,insider-event,
688282.SH,20240325,EVENT,-27.253,2,20240325,28.215,20240415,20.623,SL_HIT,13,29.46,20.623,26.907,1.7189438242069865,-27.698032961190865,0.06388483793573899,-1.0294020793150498,-1.0,insider-event,
688656.SH,20240325,EVENT,-6.208,2,20240325,25.434,20240327,23.954,SL_HIT,2,28.181,23.954,5.82,-1.5848414470500005,-6.420870571740522,-0.27231526313910065,-1.103265605894054,-1.0,insider-event,
688038.SH,20240325,EVENT,-13.4384,2,20240325,9.652,20240408,8.391,SL_HIT,8,12.36,8.391,13.065,-2.0979020979021046,-13.390313390313391,-0.1605777400169929,-1.0249221183800625,-1.0,insider-event,
301065.SZ,20240327,EVENT,-0.3914,2,20240327,17.371,20240329,17.366,SL_GAP,2,19.566,14.363,17.315,1.700925820383259,-3.7105351934942687,0.09823275837502003,-0.2142927708760404,-0.002,insider-event,
301197.SZ,20240328,EVENT,3.3052,2,20240328,12.687,20240411,12.687,BE,8,14.747,12.184,3.966,13.557184519586984,-1.0246709229920326,3.4180269694819145,-0.2583392476933988,0.0,insider-event,
002554.SZ,20240328,EVENT,1.1458,2,20240328,2.712,20240415,2.712,BE,10,3.052,2.506,7.585,11.061946902654851,-2.212389380530977,1.4583333333333297,-0.2916666666666668,0.0,insider-event,
688265.SH,20240328,EVENT,-5.3135,2,20240328,26.411,20240415,25.111,SL_HIT,10,30.728,25.111,4.924,5.06140950702012,-5.161518475859883,1.0280053699297138,-1.0483381561630079,-1.0,insider-event,
301158.SZ,20240329,EVENT,11.3672,2,20240329,9.483,20240418,10.971,TP2_RUNNER,12,10.971,8.814,7.057,16.7563007487082,0.8963408204154755,2.3742995890922654,0.12700784460216594,2.223,insider-event,
300124.SZ,20240304,EVENT,1.7638,1,20240304,62.271,20240306,63.621,TP2_RUNNER,2,63.621,57.034,8.41,5.395770101652464,1.3971190441778525,0.6416149491918444,0.1661324422014576,0.258,insider-event,
300232.SZ,20240314,EVENT,-7.9787,1,20240314,6.504,20240326,6.01,SL_HIT,8,7.13,6.01,7.594,4.238734375720665,-9.598265762649339,0.5581617306802386,-1.2639113836186957,-1.0,insider-event,
301227.SZ,20240321,EVENT,-1.3231,1,20240321,19.052,20240325,18.773,SL_GAP,2,19.846,16.766,11.998,1.393271732078638,-2.259972411708022,0.11612513725987776,-0.18836211233654646,-0.122,insider-event,
688560.SH,20240403,EVENT,-6.3867,6,20240403,14.216,20240408,13.364,SL_HIT,1,14.57,13.364,5.999,0.5880532342927847,-6.7977828423510855,0.0980267345639712,-1.13317029046199,-1.0,insider-event,
301108.SZ,20240412,EVENT,-3.3131,5,20240412,19.235,20240415,18.673,SL_HIT,1,20.836,18.673,2.919,-0.13886354408255697,-5.712121472067944,-0.04756937465494321,-1.956755807829605,-1.0,insider-event,
002819.SZ,20240418,EVENT,-2.2277,5,20240418,23.591,20240419,23.159,SL_HIT,1,29.659,23.159,1.832,-0.1344173193600362,-2.381064410524314,-0.07339137105013377,-1.3000525711942816,-1.0,insider-event,
688580.SH,20240430,EVENT,-2.9355,5,20240430,29.457,20240524,28.709,TIME_STOP,15,37.78,27.248,7.499,9.181208828326959,-4.584409037442139,1.2243006065936348,-0.6113241589818541,-0.339,insider-event,
301246.SZ,20240409,EVENT,-4.2764,4,20240409,17.221,20240412,16.552,SL_HIT,3,22.751,16.552,3.884,2.206608210905281,-4.587422333197832,0.5680726107848364,-1.1809930592632154,-1.0,insider-event,
301041.SZ,20240412,EVENT,-3.2129,4,20240412,21.894,20240415,21.277,SL_HIT,1,31.574,21.277,2.819,0.22837307024756726,-10.276788161140038,0.08101851851852256,-3.6458333333333415,-1.0,insider-event,
300664.SZ,20240412,EVENT,-11.1412,4,20240412,4.772,20240416,4.258,SL_HIT,2,4.9,4.258,10.763,-2.7620604384089864,-12.19246405968396,-0.25662707574198224,-1.1328196712191583,-1.0,insider-event,
300599.SZ,20240412,EVENT,-9.384,4,20240412,6.003,20240415,5.463,SL_HIT,1,6.314,5.463,9.002,-0.15591268889422194,-12.648916606700244,-0.017319496063991493,-1.4050996293966185,-1.0,insider-event,
301156.SZ,20240410,EVENT,-14.4973,4,20240410,8.861,20240415,7.609,SL_HIT,3,9.086,7.609,14.126,-4.215337734890811,-14.790361717736022,-0.29841632187187933,-1.0470537879868742,-1.0,insider-event,
603980.SH,20240411,EVENT,-0.1829,4,20240411,3.5,20240415,3.5,BE,2,3.945,3.148,10.042,3.296043890103295,-5.276241909905277,0.3282250360765026,-0.5254161500782508,0.0,insider-event,
002726.SZ,20240417,EVENT,-7.1038,4,20240417,7.247,20240513,6.76,TIME_STOP,15,7.49,6.566,9.394,1.700060716454166,-8.787326820113705,0.18098256070176963,-0.9354683007701822,-0.715,insider-event,
600400.SH,20240417,EVENT,11.0656,4,20240417,2.386,20240513,2.66,TIME_STOP,15,2.91,2.3,3.6,13.164843455299891,0.590971960266562,3.6565774155995316,0.16414435389988227,3.191,insider-event,
600252.SH,20240418,EVENT,-1.8132,4,20240418,2.237,20240424,2.206,SL_HIT,4,2.38,2.206,1.416,1.0101010101010166,-1.6715830875122628,0.7132551848512261,-1.1803426510369572,-1.0,insider-event,
002768.SZ,20240418,EVENT,5.1437,4,20240418,13.014,20240429,13.806,TP2_RUNNER,7,13.806,12.362,5.01,15.033945387692071,-1.2875041783371843,3.00095319484618,-0.25700105180120786,1.216,insider-event,
301429.SZ,20240419,EVENT,2.3244,4,20240419,14.481,20240424,14.987,TP2_RUNNER,3,14.987,12.863,11.171,3.9105072741498548,-10.591524046094369,0.3500553268789723,-0.9481172523603341,0.313,insider-event,
688550.SH,20240408,EVENT,-2.9917,4,20240408,25.449,20240409,24.788,SL_GAP,1,28.73,25.425,0.094,-1.3829259686258033,-3.6895053389257026,-14.635418523139275,-39.04580288718643,-27.485,insider-event,
300443.SZ,20240430,EVENT,-2.3744,4,20240430,18.701,20240524,18.331,TIME_STOP,15,23.471,17.9,4.285,2.8340730442222295,-3.5826961125073664,0.6613190730837792,-0.8360071301247821,-0.462,insider-event,
300158.SZ,20240430,EVENT,2.8127,4,20240430,4.66,20240521,4.6,SL_GAP,12,5.33,3.852,17.344,17.16738197424892,-7.296137339055786,0.9898365002209454,-0.42068051259390155,-0.074,insider-event,
300250.SZ,20240409,EVENT,-1.1745,3,20240409,13.94,20240410,13.832,SL_HIT,1,16.62,13.832,0.776,1.865136298421799,-3.0846484935437624,2.402640264026419,-3.9735973597360226,-1.0,insider-event,
600611.SH,20240401,EVENT,0.5144,3,20240401,2.62,20240403,2.65,TP2_RUNNER,2,2.65,2.539,3.094,1.9083969465648831,0.3816793893129722,0.6167400881057253,0.12334801762114363,0.37,insider-event,
603161.SH,20240403,EVENT,-2.1452,3,20240403,10.159,20240409,9.895,SL_GAP,2,10.184,9.205,9.394,1.6991194344536886,-3.5767930720181806,0.18087811975612378,-0.3807640549008222,-0.277,insider-event,
688285.SH,20240403,EVENT,-1.6404,3,20240403,7.355,20240408,7.263,SL_HIT,1,7.969,7.263,1.243,-0.07763732356543818,-4.700525241647869,-0.06245605262746279,-3.7813803772051706,-1.0,insider-event,
688217.SH,20240403,EVENT,-8.592,3,20240403,27.336,20240412,25.092,SL_HIT,5,30.532,25.092,8.209,-0.67266903425095,-9.159683170982602,-0.08194734121254191,-1.1158707239246297,-1.0,insider-event,
001209.SZ,20240412,EVENT,-4.5809,3,20240412,15.098,20240416,14.0,SL_GAP,2,15.88,14.159,6.217,3.7920185461169043,-15.416459678754768,0.6099695585996953,-2.4798325722983265,-1.169,insider-event,
688183.SH,20240412,EVENT,3.853,3,20240412,7.744,20240416,7.744,BE,2,9.564,7.55,2.504,17.820247933884303,-4.261363636363635,7.116022099447539,-1.7016574585635411,0.0,insider-event,
300875.SZ,20240410,EVENT,-9.8062,3,20240410,28.136,20240415,25.484,SL_HIT,3,36.0,25.484,9.425,13.023265732625333,-12.922326715430167,1.381741196244161,-1.3710317780974084,-1.0,insider-event,
603919.SH,20240410,EVENT,-4.588,3,20240410,18.548,20240415,17.769,SL_HIT,3,21.115,17.769,4.197,-0.6073545705251204,-4.327502405965178,-0.1447265786310151,-1.0312009617237616,-1.0,insider-event,
600307.SH,20240410,EVENT,-6.1895,3,20240410,1.416,20240425,1.334,SL_HIT,11,1.47,1.334,5.801,1.0101010101010166,-6.05354241717877,0.1741172377804849,-1.0434858236214988,-1.0,insider-event,
688472.SH,20240410,EVENT,-1.4617,3,20240410,11.606,20240411,11.482,SL_HIT,1,14.253,11.482,1.064,0.8377729353588492,-1.5748201110309945,0.787387637524692,-1.4801073589467684,-1.0,insider-event,
603658.SH,20240410,EVENT,-1.4781,3,20240410,51.66,20240411,51.102,SL_GAP,1,60.362,51.164,0.961,1.9779644592798462,-1.6418448406490427,2.058484614764711,-1.7086820384717063,-1.124,insider-event,
300801.SZ,20240416,EVENT,-6.1549,3,20240416,13.281,20240417,12.515,SL_GAP,1,15.345,12.541,5.57,1.0101010101010166,-5.766573675630693,0.18133804516795726,-1.0352422056793065,-1.035,insider-event,
301227.SZ,20240411,EVENT,-9.0657,3,20240411,19.382,20240415,17.699,SL_HIT,2,19.846,17.699,8.683,-1.7965950236866646,-10.84096661785906,-0.2069036349931765,-1.2484924930226897,-1.0,insider-event,
300470.SZ,20240426,EVENT,3.8176,3,20240426,31.129,20240430,32.993,TP2_RUNNER,2,32.993,27.067,13.047,6.728320639207008,1.5883479388870025,0.5157063265349918,0.12174227786495359,0.459,insider-event,
301171.SZ,20240426,EVENT,0.5436,3,20240426,12.337,20240522,12.454,TIME_STOP,15,17.094,10.664,13.566,10.801482972884035,-2.175340307261342,0.7962452871901202,-0.16035802417499653,0.07,insider-event,
002782.SZ,20240408,EVENT,-5.3465,3,20240408,10.397,20240415,9.882,SL_HIT,5,11.962,9.882,4.957,1.8757369928575462,-8.319531248497169,0.37843187261598427,-1.6784740086933319,-1.0,insider-event,
000739.SZ,20240408,EVENT,7.6554,3,20240408,11.471,20240429,12.397,TIME_STOP,15,13.307,10.8,5.849,12.081372977204508,-3.4358428507043404,2.0656394991067644,-0.5874508401097874,1.38,insider-event,
000960_SZ.SZ,20240416,CONT,-5.9714,3,,,,,,,,,,,,,,,,
000425_SZ.SZ,20240418,CONT,0.6075,3,,,,,,,,,,,,,,,,
603233.SH,20240403,EVENT,-0.9661,2,20240403,19.51,20240412,19.399,SL_HIT,5,25.34,19.399,0.567,4.510507432086097,-2.4090210148641877,7.9483870967740415,-4.245161290322539,-1.0,insider-event,
301095.SZ,20240412,EVENT,-3.4157,2,20240412,50.027,20240419,48.515,SL_HIT,5,60.817,48.515,3.022,9.155056269614414,-7.815779479081309,3.029529884242855,-2.5863453815261077,-1.0,insider-event,
002036.SZ,20240415,EVENT,-8.3058,2,20240415,7.613,20240416,7.01,SL_GAP,1,8.68,7.112,6.585,-7.790518973873983,-14.09544075343816,-1.183090163000114,-2.1405733500512945,-1.203,insider-event,
688696.SH,20240415,EVENT,-3.34,2,20240415,81.139,20240416,78.749,SL_GAP,1,93.499,79.367,2.184,-2.7611859637628577,-8.085355809217742,-1.2642001004403713,-3.7018541164028154,-1.349,insider-event,
688371.SH,20240418,EVENT,-2.9182,2,20240418,10.188,20240419,9.931,SL_GAP,1,13.571,10.042,1.433,-0.7566678346971778,-4.093897874871544,-0.5279465430033329,-2.8564174811423158,-1.761,insider-event,
000695.SZ,20240418,EVENT,-3.4709,2,20240418,8.187,20240422,7.935,SL_HIT,2,9.77,7.935,3.077,0.3993990692902738,-3.3869529637365003,0.12979133590384395,-1.1006464050805163,-1.0,insider-event,
301103.SZ,20240424,EVENT,2.5468,2,20240424,23.682,20240520,24.381,TIME_STOP,15,30.361,21.92,7.441,18.534114186469864,-3.9304039095017673,2.490729624102084,-0.5281921409132794,0.397,insider-event,
300102.SZ,20240425,EVENT,3.1726,2,20240425,6.146,20240521,6.366,TIME_STOP,15,7.356,5.769,6.136,14.806378132118446,-0.976244712007801,2.4128787878787925,-0.15909090909090798,0.583,insider-event,
301021.SZ,20240408,EVENT,-9.3871,2,20240408,17.89,20240415,16.279,SL_HIT,5,22.311,16.279,9.005,0.39524233536738507,-13.9141959129785,0.04388992979845624,-1.5451104984868145,-1.0,insider-event,
688184.SH,20240408,EVENT,-5.2527,2,20240408,17.879,20240415,17.01,SL_GAP,5,18.95,17.05,4.639,2.2964976453348607,-8.721769186885453,0.4950566674704641,-1.8801543284301963,-1.048,insider-event,
300080.SZ,20240430,EVENT,-7.4662,2,20240430,4.079,20240524,3.79,TIME_STOP,15,4.54,3.569,12.492,6.649014416004695,-7.8160243208787,0.5322716312454427,-0.6256939382044532,-0.567,insider-event,
300786.SZ,20240430,EVENT,9.8653,2,20240430,11.751,20240524,12.96,TIME_STOP,15,14.9,9.083,22.705,12.92367652940527,-3.244747389650504,0.5692095991775813,-0.1429114506923101,0.453,insider-event,
300642.SZ,20240430,EVENT,-0.1429,1,20240430,13.985,20240507,13.985,BE,2,15.205,11.114,20.532,2.5026814444047307,-0.3575259206292425,0.12189054726368212,-0.01741293532338293,0.0,insider-event,
002141.SZ,20240531,EVENT,-24.1516,6,20240531,1.129,20240624,0.86,TIME_STOP,15,1.22,0.753,33.261,2.7822080453659526,-27.34361155413786,0.08364729611447314,-0.8220877573543403,-0.716,insider-event,
688502.SH,20240516,EVENT,2.6965,5,20240516,92.766,20240520,96.463,TP2_RUNNER,2,96.463,80.035,13.724,12.512163673812715,-3.323384642019034,0.9117263057422264,-0.24216572618612142,0.29,insider-event,
600666.SH,20240524,EVENT,-6.1923,5,20240524,1.426,20240527,1.343,SL_HIT,1,1.66,1.343,5.804,-2.4971941638608386,-6.705948372615033,-0.4302486187845325,-1.1553867403314926,-1.0,insider-event,
300700.SZ,20240506,EVENT,0.3748,5,20240506,7.73,20240527,7.79,TIME_STOP,15,9.916,6.774,12.371,7.7619663648124115,-2.7166882276843607,0.6274509803921564,-0.2196078431372561,0.063,insider-event,
002602.SZ,20240506,EVENT,-14.9458,5,20240506,4.69,20240520,4.006,SL_HIT,10,5.33,4.006,14.575,0.8528784648187626,-17.27078891257997,0.05851619644723088,-1.1849529780564272,-1.0,insider-event,
600530.SH,20240520,EVENT,5.1973,4,20240520,2.318,20240523,2.448,TP2_RUNNER,3,2.448,1.821,21.462,15.962036238136324,-0.8628127696289956,0.743718592964824,-0.040201005025125865,0.261,insider-event,
002289.SZ,20240520,EVENT,0.6579,4,20240520,3.68,20240522,3.68,BE,2,5.52,3.28,10.879,5.163043478260865,-0.27173913043478937,0.47457627118644,-0.024977698483497485,0.0,insider-event,
688184.SH,20240508,EVENT,-0.1891,4,20240508,16.325,20240513,16.325,BE,3,18.46,15.41,5.608,7.196893127760329,-1.8689012624731216,1.2834025155269824,-0.3332761149776843,0.0,insider-event,
300759.SZ,20240510,EVENT,-0.0541,4,20240510,20.211,20240531,20.281,TIME_STOP,15,25.201,16.898,16.391,14.54653406560784,-1.9296422740091912,0.8874514877102198,-0.1177231565329876,0.021,insider-event,
000989.SZ,20240510,EVENT,-9.7704,4,20240510,8.06,20240528,7.303,SL_HIT,12,8.94,7.303,9.389,3.970223325062028,-9.925558312655092,0.4228409627182623,-1.0571024067956583,-1.0,insider-event,
300676.SZ,20240531,EVENT,-5.5679,4,20240531,39.18,20240611,37.151,SL_HIT,6,44.26,37.151,5.178,0.22970903522205877,-5.640632976008164,0.044358387607816796,-1.08924485125858,-1.0,insider-event,
002488.SZ,20240529,EVENT,-3.885,4,20240529,4.868,20240620,4.698,TIME_STOP,15,5.628,4.295,11.768,5.1355792933442945,-9.038619556285955,0.43640897755611013,-0.7680798004987535,-0.297,insider-event,
002103.SZ,20240513,EVENT,-2.0307,3,20240513,5.673,20240603,5.58,TIME_STOP,15,6.48,5.103,10.045,4.359476087224756,-5.68864914414654,0.43397929253678713,-0.5662964727117762,-0.163,insider-event,
688084.SH,20240517,EVENT,11.2523,3,20240517,40.992,20240607,45.892,TIME_STOP,15,51.702,38.612,5.806,25.63914910226388,0.6342701014832253,4.415966386554634,0.10924369747899335,2.059,insider-event,
300335.SZ,20240507,EVENT,7.4642,3,20240507,4.178,20240510,4.51,TP2_RUNNER,3,4.51,3.488,16.506,13.935564172531013,0.29201972329937487,0.8442750305566504,0.017691781815170397,0.482,insider-event,
301313.SZ,20240508,EVENT,-7.8203,3,20240508,23.563,20240529,21.811,TIME_STOP,15,33.051,20.712,12.101,4.914529098386922,-8.029498802995716,0.4061375033631561,-0.6635591186501477,-0.614,insider-event,
600180.SH,20240508,EVENT,0.3775,3,20240508,4.622,20240513,4.622,BE,3,5.132,4.153,10.153,4.110774556469066,-3.0289917784508846,0.40487062404870666,-0.29832572298325694,0.0,insider-event,
300138.SZ,20240510,EVENT,-12.6814,3,20240510,10.32,20240531,9.05,TIME_STOP,15,12.62,8.747,15.244,1.2596899224806002,-13.468992248062017,0.08263337116912467,-0.8835414301929624,-0.807,insider-event,
002537.SZ,20240531,EVENT,-0.5906,3,20240531,5.23,20240624,5.22,TIME_STOP,15,6.18,4.6,12.046,5.162523900573612,-6.5009560229445595,0.428571428571428,-0.5396825396825398,-0.016,insider-event,
600375.SH,20240529,EVENT,-2.9903,3,20240529,4.121,20240607,4.014,SL_HIT,7,4.699,4.014,2.596,8.070859932498141,-4.23087468487422,3.109355803642962,-1.629974360344008,-1.0,insider-event,
600183_SH.SH,20240513,CONT,3.1803,3,,,,,,,,,,,,,,,,
300910_SZ.SZ,20240514,CONT,-6.9431,3,,,,,,,,,,,,,,,,
601113_SH.SH,20240514,CONT,-8.513,3,,,,,,,,,,,,,,,,
300702_SZ.SZ,20240515,CONT,-6.9211,3,,,,,,,,,,,,,,,,
002155_SZ.SZ,20240516,CONT,8.2538,3,,,,,,,,,,,,,,,,
002481_SZ.SZ,20240516,CONT,-8.3836,3,,,,,,,,,,,,,,,,
603228_SH.SH,20240516,CONT,-3.3622,3,,,,,,,,,,,,,,,,
000791_SZ.SZ,20240520,CONT,-8.8402,3,,,,,,,,,,,,,,,,
002569_SZ.SZ,20240520,CONT,-3.7294,3,,,,,,,,,,,,,,,,
603320_SH.SH,20240520,CONT,-2.1048,3,,,,,,,,,,,,,,,,
603507_SH.SH,20240520,CONT,0.9066,3,,,,,,,,,,,,,,,,
601825_SH.SH,20240522,CONT,-11.4053,3,,,,,,,,,,,,,,,,
688677.SH,20240516,EVENT,-8.6434,2,20240516,42.825,20240606,39.288,TIME_STOP,15,56.068,36.204,15.462,5.003056595825561,-12.08959538517076,0.3235691968879833,-0.7818861519064779,-0.534,insider-event,
300068.SZ,20240522,EVENT,-9.4672,2,20240522,10.236,20240613,9.306,TIME_STOP,15,12.896,8.791,14.12,1.3677217663149444,-11.723329425556873,0.09686187299233832,-0.8302446256486288,-0.643,insider-event,
002511.SZ,20240522,EVENT,-9.2295,2,20240522,8.293,20240603,7.559,SL_HIT,8,8.907,7.559,8.847,-1.7632454423668564,-9.251280864030075,-0.19929674403390973,-1.045657121829556,-1.0,insider-event,
300575.SZ,20240507,EVENT,1.8669,2,20240507,6.12,20240509,6.31,TP2_RUNNER,2,6.31,5.262,14.017,4.90196078431373,0.0,0.3497085761865115,0.0,0.221,insider-event,
000607.SZ,20240507,EVENT,-10.9633,2,20240507,3.941,20240528,3.524,SL_HIT,15,4.581,3.524,10.585,0.7612281146917033,-10.657193605683835,0.07191780821917819,-1.0068493150684938,-1.0,insider-event,
003016.SZ,20240508,EVENT,1.7742,2,20240508,6.559,20240529,6.559,BE,15,7.415,5.554,15.326,8.176100628930815,-2.8016009148084553,0.5334872979214782,-0.1828033398472194,0.0,insider-event,
600337.SH,20240509,EVENT,0.0307,2,20240509,2.318,20240530,2.328,TIME_STOP,15,2.768,2.093,9.707,8.196721311475397,-5.608283002588433,0.8444444444444428,-0.577777777777777,0.044,insider-event,
002058.SZ,20240509,EVENT,-14.4869,2,20240509,10.06,20240530,8.64,TIME_STOP,15,14.0,7.978,20.701,3.0815109343936165,-16.003976143141163,0.14885954381752595,-0.7731092436974792,-0.682,insider-event,
600703.SH,20240507,EVENT,-0.4045,1,20240507,12.417,20240509,12.362,SL_GAP,2,13.342,10.888,12.307,2.1376256585952103,-0.43957353796294507,0.17368697567369057,-0.035716355708951444,-0.036,insider-event,
301313.SZ,20240506,EVENT,-6.5261,1,20240506,23.621,20240527,22.171,TIME_STOP,15,33.051,19.081,19.222,4.65687312137506,-8.001354726726206,0.24227169039565882,-0.4162668134979938,-0.319,insider-event,
300450.SZ,20240506,EVENT,-6.2345,1,20240506,22.059,20240513,20.769,SL_HIT,5,25.959,20.769,5.846,0.9519923840609179,-6.981277483113479,0.16283577956244624,-1.1941290501246198,-1.0,insider-event,
300443.SZ,20240509,EVENT,-1.3228,1,20240509,18.381,20240530,18.211,TIME_STOP,15,23.471,15.889,13.558,4.624340351449874,-3.699472281159888,0.34107194038406446,-0.27285755230725073,-0.068,insider-event,
603153.SH,20240509,EVENT,-6.5343,1,20240509,18.304,20240530,17.179,TIME_STOP,15,19.819,14.86,18.814,4.01489064477869,-8.168165510368986,0.21340243435492842,-0.4341603690734624,-0.327,insider-event,
603601.SH,20240510,EVENT,-5.6337,1,20240510,3.198,20240531,3.03,TIME_STOP,15,4.03,2.595,18.837,5.700972574037588,-6.1825687212683995,0.30265155108623476,-0.32821838535243286,-0.278,insider-event,
002426.SZ,20240510,EVENT,1.3093,1,20240510,1.703,20240523,1.703,BE,9,1.84,1.366,19.775,6.882781301385954,-3.100775193798444,0.3480548131178142,-0.15680285096092625,0.0,insider-event,
301079.SZ,20240510,EVENT,-1.563,1,20240510,12.226,20240531,11.49,TIME_STOP,15,14.54,9.722,20.483,12.133480554533204,-8.068539647487016,0.5923675879182009,-0.39391346510367664,-0.294,insider-event,
605151.SH,20240613,EVENT,-3.574,7,20240613,15.127,20240621,14.646,SL_HIT,6,16.25,14.646,3.181,0.7456766619070354,-4.47670421492411,0.2344487662935388,-1.4075239763650973,-1.0,insider-event,
605338.SH,20240617,EVENT,-9.6896,7,20240617,13.038,20240621,11.825,SL_HIT,4,15.6,11.825,9.308,-3.131543222659383,-10.034283610593398,-0.3364212062714804,-1.0779815433871645,-1.0,insider-event,
601929.SH,20240606,EVENT,-20.8996,6,20240606,1.138,20240626,0.905,SL_HIT,13,1.4,0.905,20.541,8.915239350021963,-24.462011418533148,0.43402565668906573,-1.1908979841172875,-1.0,insider-event,
002445.SZ,20240613,EVENT,-1.0907,6,20240613,1.762,20240614,1.75,SL_GAP,1,2.05,1.758,0.246,1.5775734876858571,-1.827261377823175,6.401315789473962,-7.414473684210799,-2.809,insider-event,
002702.SZ,20240620,EVENT,-12.1334,6,20240620,3.802,20240710,3.355,SL_HIT,14,4.44,3.355,11.757,1.0101010101010166,-14.246632996632991,0.08591427749544603,-1.2117492888420118,-1.0,insider-event,
300019.SZ,20240621,EVENT,-7.8939,6,20240621,13.226,20240704,12.233,SL_HIT,9,14.27,12.233,7.509,-1.6361216960019354,-7.911449827617489,-0.21788472879478746,-1.053579390992909,-1.0,insider-event,
600653.SH,20240603,EVENT,4.6576,5,20240603,1.48,20240607,1.48,BE,4,1.73,1.364,7.867,25.67567567567568,-4.729729729729737,3.2638036809815922,-0.601226993865031,0.0,insider-event,
000636.SZ,20240603,EVENT,2.2764,5,20240603,12.444,20240605,12.85,TP2_RUNNER,2,12.85,11.516,7.462,4.144065957908438,-0.5970605015951147,0.5553606867586647,-0.08001415362840658,0.437,insider-event,
301169.SZ,20240605,EVENT,-2.8396,5,20240605,27.591,20240606,26.917,SL_HIT,1,35.68,26.917,2.445,3.1122129076919025,-6.854696951575323,1.2730642155201588,-2.803943578447992,-1.0,insider-event,
603500.SH,20240607,EVENT,-9.7155,5,20240607,7.35,20240620,6.664,SL_HIT,8,8.657,6.664,9.334,0.13605442176871652,-14.557823129251691,0.01457574180114621,-1.55960437272254,-1.0,insider-event,
600234.SH,20240613,EVENT,0.2997,5,20240613,2.14,20240624,2.14,BE,7,2.58,1.905,10.965,18.224299065420535,0.0,1.6621004566210007,0.0,0.0,insider-event,
600123.SH,20240613,EVENT,-4.1885,5,20240613,9.771,20240617,9.4,SL_HIT,2,10.0,9.4,3.796,-0.62734743585805,-5.130330662245541,-0.16525456366016525,-1.3514210891165384,-1.0,insider-event,
600307.SH,20240617,EVENT,-0.2113,5,20240617,1.218,20240708,1.22,TIME_STOP,15,1.38,1.091,10.428,1.8313213435164677,-7.20210232405355,0.17561030487118937,-0.6906288671391615,0.018,insider-event,
002105.SZ,20240617,EVENT,4.133,5,20240617,4.247,20240625,4.2,SL_GAP,6,5.14,3.836,9.678,29.029219938310867,-1.579901579901577,2.999548171833735,-0.16324899207562907,-0.115,insider-event,
601005.SH,20240617,EVENT,-4.535,5,20240617,1.109,20240620,1.063,SL_HIT,3,1.28,1.063,4.143,-0.7936507936507908,-4.401154401154395,-0.19154228855721359,-1.0621890547263684,-1.0,insider-event,
600022.SH,20240617,EVENT,0.1446,5,20240617,1.238,20240704,1.238,BE,13,1.3,1.105,10.678,1.8181818181818077,-4.646464646464654,0.17027027027026934,-0.43513513513513596,0.0,insider-event,
688455.SH,20240620,EVENT,-5.5195,5,20240620,8.306,20240711,7.88,TIME_STOP,15,9.31,7.168,13.708,4.742297829306152,-9.584522218610426,0.3459511681011754,-0.6991919901633589,-0.374,insider-event,
603333.SH,20240619,EVENT,-11.8122,5,20240619,3.257,20240709,2.885,SL_HIT,14,4.16,2.885,11.435,0.08903625924903125,-12.191827085444107,0.007786130714943763,-1.066162933415158,-1.0,insider-event,
688576.SH,20240619,EVENT,-5.9309,5,20240619,39.132,20240624,36.963,SL_HIT,3,47.897,36.963,5.542,4.14238985996116,-6.68506593069611,0.7474351585014428,-1.2062247838616746,-1.0,insider-event,
002201.SZ,20240614,EVENT,-12.4396,4,20240614,5.584,20240624,4.91,SL_HIT,6,6.42,4.91,12.064,-1.6763378465506018,-12.60118919693387,-0.13895486935866902,-1.0445368171021379,-1.0,insider-event,
600699.SH,20240614,EVENT,0.4238,4,20240614,14.995,20240621,14.995,BE,5,17.627,14.341,4.361,6.6788310945184115,-0.05695406461285746,1.531357994486413,-0.013058731524888775,0.0,insider-event,
688737.SH,20240614,EVENT,-8.0519,4,20240614,17.216,20240625,15.896,SL_HIT,7,21.45,15.896,7.667,2.810741108613435,-8.051184646929332,0.36658297439449095,-1.0500530291552113,-1.0,insider-event,
688260.SH,20240614,EVENT,-2.6335,4,20240614,16.008,20240617,15.65,SL_GAP,1,18.99,15.93,0.489,3.0715316429602124,-3.4250982302930444,6.279693486589854,-7.002554278416164,-4.576,insider-event,
002367.SZ,20240614,EVENT,-2.7998,4,20240614,5.564,20240617,5.43,SL_HIT,1,6.751,5.43,2.405,0.291167906826284,-2.4048312304540076,0.12107623318386249,-1.000000000000001,-1.0,insider-event,
600130.SH,20240617,EVENT,-2.5967,4,20240617,3.18,20240708,3.11,TIME_STOP,15,3.49,2.879,9.468,3.7735849056603765,-5.3459119496855445,0.3985765124555161,-0.5646500593119823,-0.233,insider-event,
600763.SH,20240617,EVENT,-1.1048,4,20240617,40.781,20240618,40.493,SL_GAP,1,47.747,40.617,0.403,0.18618932754830286,-2.246311830464476,0.46158455566269263,-5.56886295148041,-1.751,insider-event,
002203.SZ,20240620,EVENT,-5.2922,4,20240620,8.197,20240624,7.795,SL_HIT,2,8.86,7.795,4.902,-1.063777875372074,-6.187478651246748,-0.21700024885349628,-1.262184933698319,-1.0,insider-event,
000510.SZ,20240620,EVENT,0.0041,4,20240620,2.95,20240703,2.95,BE,9,4.02,2.545,13.723,5.7555419971527355,-9.497661175513528,0.41942199795335017,-0.6921203994495215,0.0,insider-event,
603153.SH,20240620,EVENT,-6.183,4,20240620,16.7,20240708,15.733,SL_HIT,12,19.039,15.733,5.795,0.47118885817090117,-7.193339524835151,0.08131328266045981,-1.2413579818634608,-1.0,insider-event,
688236.SH,20240619,EVENT,-1.4751,4,20240619,14.422,20240620,14.267,SL_HIT,1,23.148,14.267,1.077,2.1888295364407506,-1.6247039311289568,2.031514884071591,-1.5079338812583891,-1.0,insider-event,
002132.SZ,20240619,EVENT,-7.4967,4,20240619,2.25,20240710,2.09,TIME_STOP,15,2.73,2.02,10.206,0.8888888888888946,-9.777777777777786,0.0870917573872478,-0.9580093312597203,-0.697,insider-event,
300597.SZ,20240603,EVENT,-3.9643,3,20240603,7.031,20240604,6.78,SL_HIT,1,7.772,6.78,3.572,-0.5544035113170587,-6.243510861928225,-0.15522282775647683,-1.7480686744109326,-1.0,insider-event,
002821.SZ,20240605,EVENT,-3.7488,3,20240605,71.98,20240607,69.564,SL_HIT,2,84.677,69.564,3.356,1.0378865330933351,-3.3661188611881054,0.30929068530241377,-1.0031050371983434,-1.0,insider-event,
002410.SZ,20240607,EVENT,-1.4179,3,20240607,10.783,20240611,10.673,SL_GAP,1,13.593,10.775,0.07,1.2056014096262668,-3.524065658907527,17.33333333333272,-50.66666666666456,-14.667,insider-event,
603938.SH,20240613,EVENT,-1.2738,3,20240613,12.851,20240614,12.739,SL_HIT,1,14.389,12.739,0.876,1.86605287136834,-2.0246374071194895,2.1307515580772693,-2.3118312326263317,-1.0,insider-event,
603222.SH,20240611,EVENT,-1.6473,3,20240611,5.752,20240702,5.68,TIME_STOP,15,9.33,5.258,8.583,3.7917905387784945,-6.291834002677366,0.44177903813878233,-0.7330574686035071,-0.146,insider-event,
301207.SZ,20240614,EVENT,-8.3696,3,20240614,16.686,20240704,15.354,SL_HIT,14,21.356,15.354,7.986,1.378401054776468,-9.708737864077666,0.17260787992495424,-1.2157598499061912,-1.0,insider-event,
002132.SZ,20240614,EVENT,-4.3867,3,20240614,2.198,20240705,2.11,TIME_STOP,15,2.73,2.018,8.171,4.650104650104647,-5.814905814905824,0.5690875825312217,-0.7116378967464804,-0.489,insider-event,
300597.SZ,20240617,EVENT,10.8356,3,20240617,6.675,20240624,7.462,TP2_RUNNER,5,7.462,5.995,10.178,21.8353814022755,-0.637942761941579,2.145265752088083,-0.06267610964849604,1.159,insider-event,
603863.SH,20240620,EVENT,-0.2131,3,20240620,18.226,20240711,18.26,TIME_STOP,15,44.79,13.656,25.071,13.080835514295597,-16.87653284611459,0.521745247183951,-0.6731413136248956,0.007,insider-event,
000672.SZ,20240620,EVENT,2.4471,3,20240620,4.885,20240711,5.024,TIME_STOP,15,5.919,4.625,5.322,5.923441959112807,-1.651292003947047,1.1130785548630984,-0.31029555621503224,0.536,insider-event,
301305.SZ,20240619,EVENT,-4.0406,3,20240619,15.331,20240624,14.772,SL_HIT,3,19.461,14.772,3.648,0.652273172004425,-6.52273172004435,0.1787994891443139,-1.7879948914431665,-1.0,insider-event,
002955.SZ,20240619,EVENT,-11.4328,3,20240619,22.817,20240625,20.294,SL_HIT,4,26.107,20.294,11.055,0.7033058927014668,-11.831466046765215,0.06361830714782009,-1.0702282588319119,-1.0,insider-event,
000672.SZ,20240619,EVENT,0.2095,3,20240619,4.914,20240710,4.944,TIME_STOP,15,5.919,4.625,5.88,5.291005291005302,-2.238502238502227,0.8998763906056878,-0.380716934487019,0.104,insider-event,
688050.SH,20240621,EVENT,-4.2518,3,20240621,73.23,20240702,70.404,SL_HIT,7,86.328,70.404,3.86,5.88513224717091,-5.162207446917455,1.5247594811312433,-1.3374592817412883,-1.0,insider-event,
600992_SH.SH,20240617,CONT,-3.9661,3,,,,,,,,,,,,,,,,
688658.SH,20240603,EVENT,-0.2467,2,20240603,17.603,20240606,17.603,BE,3,17.862,15.82,10.13,3.862977901494058,-3.9765948985968413,0.38132623019767137,-0.3925417075564281,0.0,insider-event,
301248.SZ,20240606,EVENT,-3.1481,2,20240606,13.018,20240607,12.66,SL_GAP,1,17.841,12.697,2.472,-0.14210546529938028,-3.0610285363137146,-0.05748529574963903,-1.238264343580077,-1.114,insider-event,
000920.SZ,20240606,EVENT,-2.3082,2,20240606,7.87,20240607,7.72,SL_GAP,1,9.07,7.781,1.141,0.5018740867797522,-1.9122037989962481,0.43993635640414197,-1.6762132060461412,-1.676,insider-event,
002331.SZ,20240613,EVENT,12.6018,2,20240613,6.366,20240619,7.21,TP2_RUNNER,4,7.21,6.212,2.412,20.17531457655877,-2.1317372794822154,8.36366173597548,-0.8837101125686103,5.498,insider-event,
002932.SZ,20240611,EVENT,-2.6753,2,20240611,17.502,20240614,17.103,SL_HIT,3,20.221,17.103,2.28,1.8671356360139724,-2.9322582690985755,0.8188847562350889,-1.2860241921338071,-1.0,insider-event,
300841.SZ,20240618,EVENT,-3.427,2,20240618,53.513,20240620,51.89,SL_HIT,2,64.423,51.89,3.033,0.3924280081475606,-3.531852073327979,0.1293729372937321,-1.164356435643567,-1.0,insider-event,
601880.SH,20240614,EVENT,-1.4729,2,20240614,1.229,20240621,1.216,SL_HIT,5,1.419,1.216,1.075,2.4410089503661414,-1.6273393002441017,2.270270270270277,-1.5135135135135247,-1.0,insider-event,
002570.SZ,20240614,EVENT,-6.2309,2,20240614,2.564,20240621,2.414,SL_HIT,5,3.29,2.414,5.843,4.910104910104907,-6.009906009905997,0.8403737961285421,-1.0286068465719471,-1.0,insider-event,
000882.SZ,20240617,EVENT,-9.5978,2,20240617,1.138,20240620,1.034,SL_HIT,3,1.51,1.034,9.216,0.13175230566535578,-10.408432147562575,0.014295439074200878,-1.1293396868618115,-1.0,insider-event,
688455.SH,20240617,EVENT,1.1136,2,20240617,7.9,20240708,8.02,TIME_STOP,15,9.31,7.174,9.193,10.123794334320625,-3.0404293562188323,1.1012411731151253,-0.33073034481402097,0.165,insider-event,
000795.SZ,20240619,EVENT,-4.7738,2,20240619,5.331,20240624,5.098,SL_HIT,3,5.925,5.098,4.383,0.822524220852916,-7.618431295311523,0.1876738711748352,-1.7382837577573311,-1.0,insider-event,
002700_SZ.SZ,20240701,CONT,14.6357,3,,,,,,,,,,,,,,,,
002700_SZ.SZ,20240708,CONT,23.7079,3,,,,,,,,,,,,,,,,
688371.SH,20240807,EVENT,10.5515,6,20240807,8.772,20240828,9.681,TIME_STOP,15,11.581,8.327,5.072,13.77743123595736,-2.5237136059842236,2.7162129622792355,-0.4975487441929146,2.042,insider-event,
002706.SZ,20240805,EVENT,-1.82,6,20240805,5.754,20240806,5.672,SL_GAP,1,7.362,5.71,0.759,1.5314883174483818,-1.4230397575201614,2.0180592815546183,-1.8751554014264213,-1.875,insider-event,
002996.SZ,20240809,EVENT,-5.6483,6,20240809,5.202,20240821,4.928,SL_HIT,8,6.122,4.928,5.259,-0.1922337562475951,-5.382545174932718,-0.036553524804177166,-1.023498694516971,-1.0,insider-event,
000538.SZ,20240809,EVENT,2.2671,6,20240809,47.53,20240813,48.8,TP2_RUNNER,2,48.8,43.429,8.629,3.8924971439031175,0.694510192531439,0.4510977279139536,0.08048611425565949,0.31,insider-event,
601966.SH,20240812,EVENT,-5.7839,6,20240812,15.987,20240821,15.124,SL_HIT,7,17.988,15.124,5.395,0.19691590164714334,-6.371117666634129,0.03650072716551321,-1.180963171302967,-1.0,insider-event,
600351.SH,20240816,EVENT,-0.9971,6,20240816,5.782,20240820,5.72,SL_GAP,2,5.81,5.416,6.328,1.0101010101010166,-2.795074027950739,0.15961268155552213,-0.4416679681399349,-0.168,insider-event,
002706.SZ,20240808,EVENT,-6.0845,5,20240808,5.784,20240820,5.454,SL_HIT,8,6.152,5.454,5.696,2.739133892848389,-6.251837097437917,0.4808808096927257,-1.0975690138157732,-1.0,insider-event,
605069.SH,20240808,EVENT,-0.3021,5,20240808,6.13,20240812,6.13,BE,2,6.21,5.375,12.316,10.2773246329527,-3.7520391517128826,0.834437086092716,-0.30463576158940364,0.0,insider-event,
688371.SH,20240809,EVENT,0.7303,5,20240809,8.831,20240821,8.751,SL_GAP,8,9.861,8.323,5.751,8.379571962405175,-3.17064885063979,1.4571026722925482,-0.5513361462728552,-0.158,insider-event,
600543.SH,20240821,EVENT,4.3722,5,20240821,4.12,20240829,4.35,TP2_RUNNER,6,4.35,3.701,10.177,18.446601941747566,-4.611650485436892,1.8126064735945469,-0.4531516183986367,0.549,insider-event,
002493.SZ,20240823,EVENT,-1.3514,5,20240823,8.39,20240828,8.31,SL_GAP,3,9.16,8.321,0.822,1.7878426698450411,-2.1454112038140627,2.176165803108786,-2.611398963730559,-1.161,insider-event,
001330.SZ,20240830,EVENT,-0.5997,5,20240830,4.1,20240902,4.092,SL_HIT,1,4.63,4.092,0.2,2.682926829268295,-0.7317073170731603,13.391304347826072,-3.652173913043419,-1.0,insider-event,
301035.SZ,20240807,EVENT,-11.0063,4,20240807,29.004,20240827,25.922,SL_HIT,14,33.295,25.922,10.628,3.106361426325921,-10.836528578959548,0.29228941091086325,-1.0196503625816318,-1.0,insider-event,
000501.SZ,20240807,EVENT,0.175,4,20240807,6.771,20240809,6.771,BE,2,6.911,6.066,10.407,1.919952739624864,-1.181509378230694,0.18449062341611674,-0.11353269133299575,0.0,insider-event,
300716.SZ,20240807,EVENT,1.4761,4,20240807,7.98,20240814,7.98,BE,5,10.12,6.0,24.808,16.2907268170426,-9.147869674185472,0.6566841060797397,-0.36875338264477736,0.0,insider-event,
300801.SZ,20240808,EVENT,-6.1345,4,20240808,13.765,20240823,12.974,SL_GAP,11,14.984,13.184,4.223,2.099824481872803,-11.848635956806264,0.4972156826123897,-2.805628597126719,-1.361,insider-event,
300640.SZ,20240809,EVENT,2.4293,4,20240809,3.836,20240815,3.945,TP2_RUNNER,4,3.945,3.441,10.31,4.920169436298472,-1.5966112740306349,0.4772009029345375,-0.1548532731376981,0.275,insider-event,
002440.SZ,20240809,EVENT,-3.5792,4,20240809,5.482,20240830,5.307,TIME_STOP,15,5.517,4.674,14.731,0.09796356193321198,-6.286998575241309,0.0066502606852646366,-0.4267931731774589,-0.216,insider-event,
300071.SZ,20240812,EVENT,5.5367,4,20240812,2.228,20240815,2.36,TP2_RUNNER,3,2.36,1.761,20.94,9.539842873176196,-3.0303030303030276,0.4555895865237361,-0.14471669218989267,0.284,insider-event,
601969.SH,20240812,EVENT,-4.1915,4,20240812,5.471,20240821,5.263,SL_HIT,7,6.261,5.263,3.799,2.1933832937305775,-4.021202705172722,0.5773195876288658,-1.058419243986253,-1.0,insider-event,
002455.SZ,20240812,EVENT,-4.0221,4,20240812,7.267,20240819,7.003,SL_HIT,5,8.86,7.003,3.63,2.111028541546256,-3.6688409985412673,0.5816271259885185,-1.0108330625067707,-1.0,insider-event,
600653.SH,20240814,EVENT,-8.2866,4,20240814,1.346,20240904,1.24,TIME_STOP,15,1.45,1.137,15.569,0.2673796791443861,-9.387997623291744,0.01717440196278886,-0.6030123355823622,-0.508,insider-event,
688310.SH,20240816,EVENT,-1.6893,4,20240816,10.425,20240906,10.29,TIME_STOP,15,11.35,9.48,9.066,5.710476080846449,-8.582501175093771,0.629909000211627,-0.9467152401971157,-0.143,insider-event,
605056.SH,20240822,EVENT,7.9197,4,20240822,8.559,20240902,9.305,TP2_RUNNER,7,9.305,8.302,2.996,11.40905877747982,-2.1446389867442517,3.8082012424436615,-0.7158536925091252,2.911,insider-event,
600746.SH,20240821,EVENT,0.4276,4,20240821,6.031,20240911,6.081,TIME_STOP,15,6.301,5.733,4.939,2.9845796716962525,-1.9897197811308276,0.6043165467625955,-0.40287769784172883,0.168,insider-event,
603658.SH,20240823,EVENT,-1.3414,4,20240823,36.838,20240826,36.49,SL_HIT,1,40.58,36.49,0.943,0.7386414535030639,-1.2973052209816482,0.7829250246629592,-1.3750822097994118,-1.0,insider-event,
301093.SZ,20240827,EVENT,3.8137,4,20240827,10.969,20240919,11.514,TIME_STOP,15,12.271,9.847,10.229,9.554198194912944,-0.37378065457196463,0.9340760783065417,-0.0365430526818388,0.486,insider-event,
688080.SH,20240826,EVENT,-6.0439,4,20240826,23.918,20240918,22.566,SL_HIT,15,29.47,22.566,5.655,4.9401297745668815,-8.856779717706864,0.8735214599526915,-1.5660696181142288,-1.0,insider-event,
688137.SH,20240826,EVENT,2.7331,4,20240826,28.651,20240918,29.55,TIME_STOP,15,32.11,28.387,0.918,7.502111648621668,-0.3162237440053728,8.16951729380459,-0.3443557582668295,3.418,insider-event,
603815.SH,20240826,EVENT,7.2137,4,20240826,5.086,20240904,5.516,TP2_RUNNER,7,5.516,4.933,3.005,11.207235548564665,-2.9492725127801878,3.7289719626168107,-0.9813084112149545,2.813,insider-event,
301265.SZ,20240806,EVENT,-0.477,3,20240806,7.752,20240813,7.662,SL_GAP,5,8.712,7.03,9.32,4.256965944272451,-1.934984520123828,0.4567474048442916,-0.20761245674740386,-0.125,insider-event,
301260.SZ,20240807,EVENT,-4.4043,3,20240807,12.55,20240815,12.046,SL_HIT,6,15.5,12.046,4.013,1.035856573705174,-4.7011952191235,0.2581560283687923,-1.1716312056737541,-1.0,insider-event,
300376.SZ,20240807,EVENT,-14.389,3,20240807,2.767,20240815,2.379,SL_HIT,6,2.887,2.379,14.017,-2.5298156848572395,-15.17889410914347,-0.18047882136279897,-1.0828729281767961,-1.0,insider-event,
600497.SH,20240807,EVENT,-2.4364,3,20240807,4.882,20240823,4.782,SL_HIT,12,5.601,4.782,2.041,3.6731132046483816,-2.0626053682228918,1.7999655830094725,-1.0107553095378081,-1.0,insider-event,
300800.SZ,20240807,EVENT,2.0382,3,20240807,9.456,20240822,9.456,BE,11,11.186,8.77,7.252,8.354483925549916,-0.5287648054145389,1.1520833333333316,-0.07291666666666478,0.0,insider-event,
688573.SH,20240805,EVENT,-2.7996,3,20240805,18.157,20240806,17.72,SL_GAP,1,23.39,17.831,1.791,-1.8538713195201728,-3.8916977848275636,-1.0351462964590166,-2.1730076443194983,-1.343,insider-event,
688400.SH,20240808,EVENT,5.7124,3,20240808,14.019,20240829,14.941,TP2_RUNNER,15,14.941,13.134,6.314,10.282972368983256,-2.057079516298499,1.6286144962340037,-0.3257997201524157,1.041,insider-event,
002058.SZ,20240808,EVENT,-4.1468,3,20240808,7.346,20240829,7.07,TIME_STOP,15,9.55,6.515,11.31,4.005009665387016,-6.749435051321839,0.35411651420317697,-0.5967741935483867,-0.332,insider-event,
002431.SZ,20240808,EVENT,3.1604,3,20240808,1.564,20240816,1.62,TP2_RUNNER,6,1.62,1.416,9.447,11.878276435238465,-2.1864211737629424,1.2573472544470223,-0.23143851508120597,0.378,insider-event,
002909.SZ,20240813,EVENT,-2.5448,3,20240813,3.674,20240821,3.595,SL_HIT,6,3.991,3.595,2.149,4.004202629909992,-2.5283827224005018,1.863061530946405,-1.176397155935089,-1.0,insider-event,
301260.SZ,20240809,EVENT,-4.1657,3,20240809,12.55,20240814,12.076,SL_HIT,3,15.28,12.076,3.773,0.3984063745019917,-3.9043824701195273,0.10558069381598781,-1.034690799396683,-1.0,insider-event,
688184.SH,20240809,EVENT,-4.2873,3,20240809,12.108,20240820,11.636,SL_HIT,7,13.25,11.636,3.895,0.18418031500615495,-4.028015229977622,0.04728297086084742,-1.034076452414129,-1.0,insider-event,
002962.SZ,20240812,EVENT,2.0962,3,20240812,13.239,20240822,13.239,BE,8,15.373,12.849,2.95,14.908148258929677,-2.7665422640372195,5.053645172263697,-0.9378175420371718,0.0,insider-event,
605151.SH,20240812,EVENT,-0.8059,3,20240812,14.82,20240902,14.76,TIME_STOP,15,15.46,14.138,4.605,0.7402009406017207,-3.983050275635447,0.16074605932469005,-0.8649808461200301,-0.088,insider-event,
300181.SZ,20240815,EVENT,0.4015,3,20240815,13.803,20240820,13.803,BE,3,14.812,13.088,5.174,3.7632094869219923,-0.14910255908678893,0.7273247370505623,-0.02881741767452466,0.0,insider-event,
301356.SZ,20240814,EVENT,-4.1768,3,20240814,11.815,20240822,11.368,SL_HIT,6,13.415,11.368,3.785,3.131612357173097,-4.570461278036387,0.8274760383386639,-1.2076677316293947,-1.0,insider-event,
300820.SZ,20240816,EVENT,0.9703,3,20240816,37.805,20240820,37.805,BE,2,44.325,32.839,13.137,5.26385398756779,-1.5870916545430491,0.40069034948942955,-0.12081116065007903,0.0,insider-event,
301093.SZ,20240820,EVENT,7.9042,3,20240820,10.847,20240910,11.75,TIME_STOP,15,12.271,9.765,9.98,10.505437693536624,-4.880695243020705,1.052649706189354,-0.4890479162735337,0.834,insider-event,
688426.SH,20240819,EVENT,-8.6782,3,20240819,17.84,20240909,16.36,TIME_STOP,15,27.58,14.04,21.298,0.2253388490902397,-13.059563448020716,0.010580498644538262,-0.6131951677125594,-0.389,insider-event,
301093.SZ,20240822,EVENT,8.5951,3,20240822,10.566,20240912,11.815,TIME_STOP,15,12.271,9.831,6.955,13.729821403390229,-2.349646564019281,1.9742082354016137,-0.33785520296895943,1.699,insider-event,
605338.SH,20240822,EVENT,-1.3619,3,20240822,10.692,20240823,10.589,SL_HIT,1,12.02,10.589,0.964,-0.2992891881780757,-2.4504302282080115,-0.310464310464308,-2.541926541926539,-1.0,insider-event,
688089.SH,20240822,EVENT,0.6818,3,20240822,14.602,20240902,14.602,BE,7,16.18,13.457,7.846,6.146207841123097,-5.0847457627118615,0.7833541147132183,-0.6480673316708235,0.0,insider-event,
600307.SH,20240823,EVENT,2.9149,3,20240823,1.168,20240912,1.21,TP2_RUNNER,14,1.21,1.149,1.619,3.578154425612068,-0.7019346002396842,2.2099697885196528,-0.43353474320241764,2.21,insider-event,
301160.SZ,20240826,EVENT,-1.4713,3,20240826,14.343,20240828,14.189,SL_GAP,2,15.906,14.201,0.987,4.336610193125567,-1.0736944851146846,4.393541876892046,-1.0877901109989896,-1.088,insider-event,
301529.SZ,20240830,EVENT,5.5667,3,20240830,19.985,20240924,20.881,TIME_STOP,15,23.797,18.609,6.886,15.021265949462093,-2.832124093069799,2.181459566074952,-0.4112945084605002,0.651,insider-event,
000908_SZ.SZ,20240815,CONT,62.6906,3,,,,,,,,,,,,,,,,
000878.SZ,20240807,EVENT,-0.0349,2,20240807,10.94,20240828,10.98,TIME_STOP,15,13.23,10.661,2.553,3.199268738574035,-2.376599634369281,1.253196930946287,-0.930946291560098,0.143,insider-event,
301123.SZ,20240807,EVENT,-1.4748,2,20240807,15.683,20240808,15.514,SL_HIT,1,19.983,15.514,1.077,2.104189249505839,-1.4027928330038963,1.953488372093029,-1.302325581395356,-1.0,insider-event,
688078.SH,20240807,EVENT,-1.8355,2,20240807,20.854,20240828,20.554,TIME_STOP,15,24.934,19.38,7.066,6.953102522297883,-3.30871775199002,0.9840038778477946,-0.4682501211827427,-0.204,insider-event,
601880.SH,20240807,EVENT,-0.0974,2,20240807,1.206,20240809,1.206,BE,2,1.238,1.157,4.084,1.0101010101010166,-1.4778325123152691,0.24731681847189405,-0.36183790682833483,0.0,insider-event,
300337.SZ,20240805,EVENT,5.8914,2,20240805,6.989,20240826,7.43,TIME_STOP,15,8.59,6.489,7.16,12.026783414885411,-2.9959653189114865,1.6796163617160993,-0.41840550338252425,0.88,insider-event,
601880.SH,20240805,EVENT,-3.6773,2,20240805,1.218,20240826,1.178,TIME_STOP,15,1.219,1.157,4.985,0.0,-3.284072249589498,0.0,-0.658823529411766,-0.659,insider-event,
688513.SH,20240815,EVENT,3.1038,2,20240815,31.593,20240820,32.702,TP2_RUNNER,3,32.702,26.541,15.992,4.650161681999232,0.6302685921638185,0.29078192260624275,0.03941168619946392,0.22,insider-event,
688207.SH,20240819,EVENT,-0.8195,2,20240819,11.009,20240820,10.963,SL_HIT,1,13.14,10.963,0.421,1.373446697187708,-3.077537969624289,3.265658747300318,-7.317494600432146,-1.0,insider-event,
688282.SH,20240819,EVENT,0.9707,2,20240819,22.027,20240909,22.33,TIME_STOP,15,23.02,21.004,4.645,3.0530019294064292,-2.8487118374758924,0.6572425828970345,-0.6132635253054124,0.296,insider-event,
688163.SH,20240819,EVENT,3.5109,2,20240819,12.721,20240829,13.22,TP2_RUNNER,8,13.22,10.994,13.577,19.325551232166017,-8.108320559682426,1.423390265084158,-0.5972044166907906,0.289,insider-event,
603429.SH,20240822,EVENT,-2.5159,2,20240822,3.594,20240827,3.518,SL_HIT,3,4.13,3.518,2.12,1.2883657511756796,-3.7203995881681773,0.6076115485564388,-1.7545931758530244,-1.0,insider-event,
600143.SH,20240822,EVENT,2.2217,2,20240822,6.472,20240828,6.642,TP2_RUNNER,4,6.642,5.397,16.604,7.2620519159456,-2.4721878862793645,0.43735460285809175,-0.1488866733133936,0.158,insider-event,
002219.SZ,20240821,EVENT,6.336,2,20240821,1.742,20240911,1.86,TIME_STOP,15,2.39,1.595,8.439,16.505968778696033,-3.0073461891643727,1.955892354027005,-0.3563586903720975,0.8,insider-event,
300801.SZ,20240830,EVENT,-5.6745,2,20240830,13.074,20240924,12.383,TIME_STOP,15,14.244,11.938,8.69,6.50145326602416,-6.5779409515068,0.7481923923294551,-0.7569946557686255,-0.608,insider-event,
300627.SZ,20240830,EVENT,6.7724,2,20240830,18.479,20240924,19.807,TIME_STOP,15,22.721,18.304,0.946,9.697494453163058,2.3540234861193943,10.254649499284728,2.4892703862661176,7.599,insider-event,
301088.SZ,20240830,EVENT,-0.7823,2,20240830,9.33,20240924,9.294,TIME_STOP,15,9.944,8.8,5.674,4.225617807960758,-3.9203580799506033,0.74478857426619,-0.6909848542096224,-0.068,insider-event,
600679.SH,20240812,EVENT,-3.0393,1,20240812,9.111,20240902,8.723,TIME_STOP,15,10.513,7.955,12.69,2.436952377189261,-7.441249394960147,0.19203686016440802,-0.586385759067079,-0.336,insider-event,
002627.SZ,20240812,EVENT,-1.3696,1,20240812,4.541,20240902,4.497,TIME_STOP,15,5.057,4.249,6.438,2.1111485467273594,-2.7334606144285734,0.32793526223972735,-0.42460210808195875,-0.151,insider-event,
300611.SZ,20240820,EVENT,-6.9443,1,20240820,8.061,20240823,7.532,SL_HIT,3,9.002,7.532,6.558,-1.4711100193782523,-6.805713732758689,-0.22433690264482115,-1.037837224261229,-1.0,insider-event,
002851.SZ,20240902,EVENT,0.2431,7,20240902,23.74,20240904,23.74,BE,2,27.51,22.183,6.558,2.8634973589102053,-2.612446398935142,0.4366128691886336,-0.3983337768031636,0.0,insider-event,
605358.SH,20240925,EVENT,0.5144,7,20240925,19.65,20240927,19.83,TP2_RUNNER,2,19.83,17.427,11.312,11.552162849872794,-1.5267175572518887,1.0212082262210822,-0.13496143958868734,0.081,insider-event,
300073.SZ,20240902,EVENT,4.5596,6,20240902,29.677,20240904,31.347,TP2_RUNNER,2,31.347,25.678,13.474,10.10798514551392,-1.7192642305228656,0.750167282267794,-0.12759573315004055,0.418,insider-event,
002706.SZ,20240905,EVENT,8.5898,6,20240905,5.477,20240926,5.982,TP2_RUNNER,13,5.982,4.993,8.83,11.235273925078682,-4.285077820869576,1.2723513112729876,-0.4852684875016984,1.045,insider-event,
301282.SZ,20240923,EVENT,6.1698,6,20240923,12.439,20240927,13.503,TP2_RUNNER,4,13.503,11.829,4.907,13.446442137249948,-3.1942987374742216,2.7403164275516763,-0.6509818147775425,1.743,insider-event,
002758.SZ,20240925,EVENT,4.2006,6,20240925,6.942,20240930,7.262,TP2_RUNNER,3,7.262,6.122,11.817,18.582541054451163,0.8643042350907404,1.5724858511101423,0.07313887679581961,0.39,insider-event,
002404.SZ,20240903,EVENT,-7.1256,5,20240903,4.69,20240918,4.374,SL_HIT,9,4.91,4.374,6.739,-0.2132196162047073,-6.823027718550112,-0.03163841807909845,-1.012429378531073,-1.0,insider-event,
688768.SH,20240906,EVENT,9.4959,5,20240906,21.998,20240927,24.95,TP2_RUNNER,13,24.95,20.106,8.598,17.329914809662796,-5.536008146269156,2.015574488655251,-0.643871416054865,1.561,insider-event,
601969.SH,20240909,EVENT,9.1517,5,20240909,5.07,20240913,5.591,TP2_RUNNER,4,5.591,4.966,2.04,14.028391708532295,-1.1596141063042076,6.876054859605277,-0.5683880502189158,5.039,insider-event,
600873.SH,20240925,EVENT,12.3754,5,20240925,8.422,20241008,9.557,TP2_RUNNER,4,9.557,8.311,1.318,29.744607233733845,-0.296012909155019,22.567907748934957,-0.22459170409646528,10.226,insider-event,
600497.SH,20240925,EVENT,4.4021,5,20240925,4.801,20240930,5.041,TP2_RUNNER,3,5.041,4.213,12.237,15.830035409289733,-1.874609456363252,1.2936170212765952,-0.15319148936170157,0.409,insider-event,
600382.SH,20240925,EVENT,1.2728,5,20240925,3.58,20240927,3.64,TP2_RUNNER,2,3.64,3.22,10.046,11.45251396648046,0.5586592178770999,1.1400198609731875,0.05561072492552177,0.167,insider-event,
688686.SH,20240925,EVENT,15.2546,5,20240925,45.876,20240930,53.966,TP2_RUNNER,3,53.966,45.06,1.778,33.15459063562647,-1.329671287819334,18.646234676006998,-0.7478108581436047,9.918,insider-event,
601678.SH,20240925,EVENT,1.4093,5,20240925,3.31,20240927,3.37,TP2_RUNNER,2,3.37,2.912,12.031,11.17824773413898,2.4169184290030232,0.9291479820627815,0.2008968609865474,0.151,insider-event,
688448.SH,20240926,EVENT,10.7654,5,20240926,12.185,20240930,13.904,TP2_RUNNER,2,13.904,10.732,11.922,25.178498153467377,3.7669265490356985,2.111908742255875,0.31596027141311805,1.183,insider-event,
301080.SZ,20240902,EVENT,0.3243,4,20240902,22.495,20240925,22.658,TIME_STOP,15,26.712,20.968,6.786,3.7440686239207377,-5.409166037631852,0.5517476961145333,-0.797126121058922,0.107,insider-event,
002443.SZ,20240902,EVENT,3.4457,4,20240902,4.924,20240925,5.114,TIME_STOP,15,5.314,4.667,5.234,6.6962345611320195,-2.8483467566700504,1.2792520173805064,-0.5441495965239003,0.736,insider-event,
002458.SZ,20240904,EVENT,-2.8145,4,20240904,5.783,20240918,5.643,SL_HIT,8,6.823,5.643,2.42,4.486052097762427,-4.592924623741257,1.8541015744654792,-1.898272376401392,-1.0,insider-event,
605266.SH,20240904,EVENT,15.4097,4,20240904,16.918,20240906,19.598,TP2_RUNNER,2,19.598,15.548,8.096,26.06691098238563,10.107577727863815,3.2198174706649287,1.2485006518904826,1.957,insider-event,
000541.SZ,20240905,EVENT,-0.7603,4,20240905,4.43,20240909,4.39,SL_GAP,2,4.49,4.219,4.765,1.3544018058690765,-2.934537246049662,0.28426395939086335,-0.6159052453468699,-0.19,insider-event,
603008.SH,20240906,EVENT,6.3068,4,20240906,13.801,20240926,14.98,TP2_RUNNER,12,14.98,12.367,10.387,11.371969334666598,-9.641609785081794,1.0948356620358373,-0.9282454007295045,0.823,insider-event,
603087.SH,20240909,EVENT,-3.683,4,20240909,36.646,20240910,35.44,SL_HIT,1,40.956,35.44,3.29,0.8190834212014275,-3.574321123489055,0.24898090741899506,-1.086504370248186,-1.0,insider-event,
688017.SH,20240909,EVENT,-6.3434,4,20240909,61.727,20240924,58.05,SL_HIT,9,72.8,58.05,5.956,4.963022364786607,-6.182919815638344,0.8333462868690023,-1.0381805463801352,-1.0,insider-event,
300073.SZ,20240911,EVENT,0.0015,4,20240911,30.291,20240913,30.291,BE,2,31.347,25.437,16.026,5.6319313011145455,-0.14535656265238783,0.3514285016410774,-0.009070145973995983,0.0,insider-event,
605009.SH,20240911,EVENT,14.4274,4,20240911,21.093,20240927,25.187,TP2_RUNNER,10,25.187,20.065,4.874,23.21184244586103,0.4648948890007665,4.7624858782184765,0.09538473082807311,3.982,insider-event,
002901.SZ,20240912,EVENT,-0.1578,4,20240912,23.503,20240918,23.503,BE,2,23.883,20.565,12.501,3.233629749393696,-0.9360507169297483,0.2586605080831411,-0.07487541023459302,0.0,insider-event,
301390.SZ,20240920,EVENT,13.8322,4,20240920,25.511,20240930,29.851,TP2_RUNNER,6,29.851,24.724,3.086,26.419975696758247,-2.5087217278820906,8.562613430127033,-0.8130671506352086,5.514,insider-event,
002962.SZ,20240920,EVENT,9.8542,4,20240920,12.348,20240930,13.653,TP2_RUNNER,6,13.653,12.262,0.696,22.30863108759362,-0.6905420759345304,32.03759823223505,-0.9916928342388227,15.174,insider-event,
301529.SZ,20240923,EVENT,6.2356,4,20240923,20.814,20240930,22.335,TP2_RUNNER,5,22.335,18.189,12.612,28.27091308826468,-0.36398997586213344,2.241545704432568,-0.028860057130201476,0.58,insider-event,
002758.SZ,20240923,EVENT,8.1194,4,20240923,6.572,20240927,7.262,TP2_RUNNER,4,7.262,6.496,1.152,16.129032258064502,0.7608034083992576,14.000000000000005,0.6603773584905565,9.113,insider-event,
605266.SH,20240923,EVENT,29.9476,4,20240923,15.957,20240930,21.328,TP2_RUNNER,5,21.328,15.124,5.221,37.859548456396716,-2.0606862770902845,7.25139666720397,-0.39469180724792063,6.447,insider-event,
002953.SZ,20240925,EVENT,0.8156,4,20240925,7.472,20240927,7.572,TP2_RUNNER,2,7.572,6.775,9.325,7.360813704496794,-1.0706638115631661,0.7893388006150688,-0.1148129164531005,0.144,insider-event,
688419.SH,20240925,EVENT,13.5469,4,20240925,15.36,20240930,18.123,TP2_RUNNER,3,18.123,13.762,10.406,30.85286458333334,-1.2630208333333282,2.9650518412584925,-0.12138005005362842,1.729,insider-event,
603008.SH,20240926,EVENT,0.577,4,20240926,14.1,20240930,14.28,TP2_RUNNER,2,14.28,12.193,13.526,27.730496453900734,9.432624113475185,2.0501872659176055,0.6973782771535588,0.094,insider-event,
688576.SH,20240927,EVENT,5.2909,4,20240927,37.6,20241008,39.744,TP2_RUNNER,2,39.744,31.663,15.79,39.89361702127658,7.8909574468085,2.526498153250157,0.49974133471288057,0.361,insider-event,
002892.SZ,20240904,EVENT,0.23,3,20240904,6.859,20240906,6.859,BE,2,7.253,6.14,10.473,2.2202393449506586,-0.9290363216460262,0.2119925461737485,-0.08870610088121449,0.0,insider-event,
000513.SZ,20240904,EVENT,2.4469,3,20240904,33.691,20240927,34.571,TIME_STOP,15,35.461,31.725,5.837,8.370187884004633,-3.7695526995340067,1.4340719215401376,-0.645840900835453,0.448,insider-event,
002014.SZ,20240904,EVENT,7.3703,3,20240904,8.49,20240927,9.13,TIME_STOP,15,9.34,7.93,6.592,12.249705535924615,-3.297997644287387,1.8583280153158923,-0.5003190810465851,1.144,insider-event,
601880.SH,20240904,EVENT,-1.1932,3,20240904,1.168,20240909,1.159,SL_HIT,3,1.238,1.159,0.795,0.8561643835616417,-0.8561643835616417,1.0769230769230678,-1.0769230769230678,-1.0,insider-event,
600867.SH,20240905,EVENT,-1.3977,3,20240905,7.072,20240906,7.001,SL_HIT,1,7.652,7.001,1.0,2.5452488687782715,-1.2726244343891358,2.5454545454545356,-1.2727272727272678,-1.0,insider-event,
002458.SZ,20240906,EVENT,-4.6595,3,20240906,5.897,20240918,5.646,SL_HIT,6,6.823,5.646,4.268,2.4514067992328803,-6.450776015993398,0.5743383976254383,-1.5113478357103527,-1.0,insider-event,
002132.SZ,20240910,EVENT,3.4215,3,20240910,2.128,20240913,2.21,TP2_RUNNER,3,2.21,2.01,5.584,6.647874089734573,1.0101010101010166,1.1905048076923117,0.18088942307692435,0.686,insider-event,
000592.SZ,20240911,EVENT,5.5125,3,20240911,1.465,20240925,1.57,TP2_RUNNER,8,1.57,1.279,12.689,11.93011193011191,-4.449904449904462,0.9402182265252789,-0.3506992469648082,0.564,insider-event,
002443.SZ,20240911,EVENT,4.4552,3,20240911,4.954,20240926,5.264,TP2_RUNNER,9,5.264,4.67,5.731,6.459426725878092,-3.4315704481227227,1.1270440251572382,-0.5987421383647804,1.092,insider-event,
301047.SZ,20240911,EVENT,18.6695,3,20240911,48.96,20240930,61.57,TP2_RUNNER,11,61.57,46.574,4.874,38.48039215686274,0.1225490196078427,7.8946423226579014,0.025142173002095137,5.284,insider-event,
300138.SZ,20240912,EVENT,12.6393,3,20240912,7.21,20240927,8.38,TP2_RUNNER,9,8.38,6.888,4.468,18.169209431345344,-3.4674063800277377,4.066518847006656,-0.7760532150776063,3.632,insider-event,
001203.SZ,20240912,EVENT,-1.0395,3,20240912,7.41,20240913,7.362,SL_HIT,1,8.42,7.362,0.641,0.26990553306343035,-1.754385964912275,0.4210526315789485,-2.736842105263131,-1.0,insider-event,
688153.SH,20240912,EVENT,-3.4932,3,20240912,27.922,20240918,27.056,SL_HIT,2,33.814,27.056,3.1,-0.028508027373441713,-4.720155748378707,-0.009197421024659055,-1.5228433434243058,-1.0,insider-event,
300736.SZ,20240919,EVENT,18.477,3,20240919,8.2,20240930,10.33,TP2_RUNNER,7,10.33,6.896,15.897,38.780487804878064,0.6097560975609762,2.439452054794522,0.038356164383561694,1.634,insider-event,
300835.SZ,20240920,EVENT,7.0589,3,20240920,21.462,20240926,23.162,TP2_RUNNER,4,23.162,20.762,3.26,7.920976609822006,0.23296990028889297,2.429811128126588,0.07146503318019697,2.43,insider-event,
300802.SZ,20240920,EVENT,9.1157,3,20240920,13.174,20240927,14.697,TP2_RUNNER,5,14.697,12.071,8.373,15.128894718584341,-2.026198712153471,1.8069514221584992,-0.24200331303806094,1.381,insider-event,
002851.SZ,20240920,EVENT,9.6326,3,20240920,22.483,20240927,24.83,TP2_RUNNER,5,24.83,21.178,5.806,16.621966027514247,-2.5036805750147884,2.862800674122877,-0.4312088248812627,1.798,insider-event,
603365.SH,20240920,EVENT,22.3446,3,20240920,9.38,20240930,12.385,TP2_RUNNER,6,12.385,8.861,5.539,34.5912955411636,-0.5890034913781705,6.2454801677321745,-0.10634495084897388,5.784,insider-event,
600929.SH,20240920,EVENT,8.3037,3,20240920,4.988,20240926,5.498,TP2_RUNNER,4,5.498,4.867,2.434,11.026463512429817,-0.8019246190858031,4.52941176470586,-0.32941176470587996,4.2,insider-event,
002353.SZ,20240920,EVENT,14.8403,3,20240920,27.047,20240930,31.63,TP2_RUNNER,6,31.63,25.923,4.154,22.417439401333983,3.7460993537128173,5.396295024856632,0.9017558581581888,4.079,insider-event,
600507.SH,20240920,EVENT,13.1647,3,20240920,3.354,20240927,3.828,TP2_RUNNER,5,3.828,3.234,3.59,14.724577534494877,-0.48060295994180047,4.101798680651123,-0.13388068909876047,3.936,insider-event,
001322.SZ,20240920,EVENT,1.2877,3,20240920,7.197,20240924,7.34,TP2_RUNNER,2,7.34,6.842,4.935,4.900448779403388,-0.10142692398537045,0.9930815333252903,-0.02055428180684347,0.402,insider-event,
605589.SH,20240920,EVENT,9.1296,3,20240920,16.139,20240927,17.902,TP2_RUNNER,5,17.902,15.641,3.084,13.526381468965187,-0.6009053855943747,4.385637534583103,-0.19483061451744166,3.542,insider-event,
688172.SH,20240923,EVENT,8.959,3,20240923,12.21,20240927,13.7,TP2_RUNNER,4,13.7,11.9,2.539,18.263718263718243,-0.9828009828009909,7.193548387096755,-0.387096774193551,4.806,insider-event,
603182.SH,20240923,EVENT,2.246,3,20240923,9.811,20240925,10.08,TP2_RUNNER,2,10.08,9.564,2.521,5.189126379842834,1.3158833542284532,2.058395425402878,0.521977704615026,1.088,insider-event,
688049.SH,20240925,EVENT,9.0506,3,20240925,17.187,20240930,18.972,TP2_RUNNER,3,18.972,15.772,8.235,28.731017629603773,-0.7796590446267571,3.4887840327016697,-0.09467336176225725,1.261,insider-event,
603008.SH,20240925,EVENT,0.2565,3,20240925,14.187,20240927,14.28,TP2_RUNNER,2,14.28,12.2,14.004,14.896346578133034,-1.3160213439348145,1.0637237630241105,-0.09397493330648836,0.047,insider-event,
603173.SH,20240925,EVENT,1.5293,3,20240925,16.555,20240927,16.875,TP2_RUNNER,2,16.875,15.271,7.756,8.0942313500453,-0.9664753850800345,1.0436717663421429,-0.12461752433936014,0.249,insider-event,
600380.SH,20240925,EVENT,5.3841,3,20240925,9.68,20240927,10.43,TP2_RUNNER,2,10.43,8.87,8.371,9.607438016528924,-1.9628099173553681,1.1476421330982811,-0.23446452181577745,0.926,insider-event,
688496.SH,20240926,EVENT,19.7072,3,20240926,6.762,20241008,8.25,TP2_RUNNER,3,8.25,6.104,9.723,56.76531049883904,6.7778813020394235,5.8384797583606725,0.6971251005019656,2.264,insider-event,
603365.SH,20240926,EVENT,20.4467,3,20240926,10.245,20241008,12.385,TP2_RUNNER,3,12.385,8.712,14.962,36.21278672523183,6.8326012689116755,2.4203168685927334,0.4566635601118372,1.396,insider-event,
603117.SH,20240927,EVENT,0.7822,3,20240927,4.425,20241008,4.425,BE,2,4.65,3.998,9.659,16.60226425327096,-1.023659412921163,1.7188262424384186,-0.10597907823936405,0.0,insider-event,
600380.SH,20240904,EVENT,7.0245,2,20240904,9.45,20240927,10.06,TIME_STOP,15,10.43,8.955,5.234,12.275132275132282,-4.973544973544963,2.345126353790616,-0.9501805054151607,1.233,insider-event,
603282.SH,20240904,EVENT,12.3716,2,20240904,12.047,20240927,13.589,TIME_STOP,15,16.289,11.489,4.631,20.682542409882366,-3.5552334919579542,4.4657715577609,-0.7676455000038411,2.763,insider-event,
603919.SH,20240904,EVENT,-4.0017,2,20240904,15.714,20240913,15.147,SL_HIT,7,18.114,15.147,3.609,1.4636629756904718,-4.454626447753607,0.40554156171284667,-1.2342569269521413,-1.0,insider-event,
301093.SZ,20240905,EVENT,3.866,2,20240905,11.768,20240930,12.271,TP2_RUNNER,15,12.271,10.112,14.073,24.337185588035346,-4.724677090414686,1.7293567100127227,-0.3357270707985595,0.304,insider-event,
301108.SZ,20240905,EVENT,-0.6357,2,20240905,16.036,20240909,15.786,SL_GAP,2,17.314,15.209,5.155,6.8159141930655975,-3.8787727612871192,1.3222155015985466,-0.7524410265272642,-0.302,insider-event,
300651.SZ,20240906,EVENT,-7.6074,2,20240906,10.85,20240918,10.067,SL_HIT,6,14.15,10.067,7.222,1.0101010101010166,-7.376686573766866,0.1398647293675833,-1.0214208885566876,-1.0,insider-event,
300802.SZ,20240910,EVENT,-0.8303,2,20240910,13.677,20240913,13.537,SL_GAP,3,14.437,12.422,9.173,5.044966001316098,-5.118081450610513,0.549957301451753,-0.5579276971249644,-0.112,insider-event,
300724.SZ,20240911,EVENT,22.9151,2,20240911,44.002,20240930,56.036,TP2_RUNNER,11,56.036,39.177,10.964,48.96296811429784,-7.921404569021906,4.465664908170497,-0.7224712832916025,2.494,insider-event,
000513.SZ,20240911,EVENT,6.0906,2,20240911,33.121,20240930,35.461,TP2_RUNNER,11,35.461,31.738,4.175,16.092509284139965,-2.113462757766982,3.8543388429752015,-0.5061983471074389,1.692,insider-event,
600060.SH,20240911,EVENT,0.3559,2,20240911,13.87,20240913,13.87,BE,2,16.55,12.135,12.508,5.119719680747514,-0.7923633191299073,0.40930312986339246,-0.06334659058158916,0.0,insider-event,
603069.SH,20240912,EVENT,1.4062,2,20240912,14.92,20240918,14.92,BE,2,15.96,13.907,6.789,7.1715817694369965,-0.33512064343164116,1.05641748942172,-0.04936530324400647,0.0,insider-event,
600809.SH,20240912,EVENT,-4.1145,2,20240912,145.807,20240913,140.38,SL_GAP,1,176.45,142.213,2.465,-2.7277116630728626,-5.985438304829927,-1.1064066542409623,-2.427796478148387,-1.51,insider-event,
301107.SZ,20240924,EVENT,9.7304,2,20240924,10.1,20240930,11.139,TP2_RUNNER,4,11.139,9.945,1.535,30.61386138613862,4.257425742574261,19.943791753052455,2.7735544805344636,6.702,insider-event,
688080.SH,20240925,EVENT,0.8209,2,20240925,24.69,20240927,25.1,TP2_RUNNER,2,25.1,21.37,13.445,8.869987849331707,-2.1466180639935217,0.6597095212479825,-0.15965572888649834,0.124,insider-event,
603356.SH,20240926,EVENT,8.8357,2,20240926,11.93,20240930,13.4,TP2_RUNNER,2,13.4,10.911,8.544,12.992455993294216,0.3352891869237373,1.520672740014017,0.03924316748423452,1.442,insider-event,
000513.SZ,20240912,EVENT,5.1602,1,20240912,33.413,20240930,35.461,TP2_RUNNER,10,35.461,31.733,5.028,15.076276078913043,-2.970327254052174,2.9985357055696826,-0.5907713736391286,1.219,insider-event,
600975.SH,20241010,EVENT,3.7786,6,20241010,6.21,20241031,6.47,TIME_STOP,15,6.74,4.902,21.055,6.763285024154597,-3.3816425120772986,0.3212237093690252,-0.1606118546845126,0.199,insider-event,
600026.SH,20241022,EVENT,-3.5934,6,20241022,12.5,20241112,12.1,TIME_STOP,15,16.6,11.271,9.831,2.079999999999993,-4.720000000000002,0.21156640511479144,-0.48009299622202856,-0.325,insider-event,
002996.SZ,20241017,EVENT,19.182,5,20241017,5.556,20241107,6.592,TIME_STOP,15,6.772,4.429,20.28,21.888881689309336,-1.149772853265374,1.0793289346228545,-0.05669467843938777,0.92,insider-event,
601975.SH,20241015,EVENT,0.0052,4,20241015,3.31,20241105,3.323,TIME_STOP,15,3.783,2.622,20.767,2.2187172351695317,-5.335134171508682,0.10684079576137177,-0.25690970049823414,0.02,insider-event,
603173.SH,20241021,EVENT,24.1807,4,20241021,17.215,20241030,21.455,TP2_RUNNER,7,21.455,16.022,6.931,32.87830380482137,1.3941330235259786,4.743489973061951,0.20113738401675887,3.553,insider-event,
002993.SZ,20241030,EVENT,0.5854,4,20241030,25.873,20241101,25.873,BE,2,30.224,23.035,10.966,3.6383580196237997,-3.9758571403172294,0.3317811830647781,-0.3625576643629453,0.0,insider-event,
301227.SZ,20241017,EVENT,0.9921,3,20241017,13.003,20241107,13.184,TIME_STOP,15,15.93,9.675,25.59,7.577987888632021,-5.4578063257825775,0.2961313983312453,-0.21327928242002936,0.054,insider-event,
688443.SH,20241017,EVENT,24.2857,3,20241017,25.037,20241107,32.1,TIME_STOP,15,36.4,20.915,16.464,31.764461539076017,0.2911679068262618,1.9293321365323504,0.01768516047645569,1.713,insider-event,
601872.SH,20241022,EVENT,-1.5288,3,20241022,6.538,20241112,6.464,TIME_STOP,15,8.254,5.339,18.338,1.4689597366762674,-6.790497341678437,0.08010275572162512,-0.37028758257156147,-0.062,insider-event,
603986.SH,20241022,EVENT,11.6174,3,20241022,89.021,20241112,99.14,TIME_STOP,15,101.14,78.645,11.655,13.748696933750338,-3.1911643121607436,1.1795909712986024,-0.2737909366024784,0.975,insider-event,
601872.SH,20241021,EVENT,-5.2978,3,20241021,6.724,20241111,6.394,TIME_STOP,15,8.254,5.339,20.603,-0.1487209994051164,-9.36942296252231,-0.007218355246197493,-0.454756380510441,-0.238,insider-event,
600750.SH,20241023,EVENT,-3.739,3,20241023,20.661,20241113,19.97,TIME_STOP,15,23.37,15.034,27.236,1.687696321141452,-10.218621287140694,0.061964987459255064,-0.3751840493912408,-0.123,insider-event,
601985.SH,20241023,EVENT,-4.7589,3,20241023,10.167,20241028,9.723,SL_HIT,3,11.82,9.723,4.368,0.026555722758270228,-4.69446165648697,0.006079907353796349,-1.0747925110982468,-1.0,insider-event,
000703.SZ,20241025,EVENT,1.5042,3,20241025,6.29,20241115,6.41,TIME_STOP,15,7.62,5.878,6.558,5.882352941176472,-2.384737678855331,0.896969696969698,-0.36363636363636476,0.291,insider-event,
002302_SZ.SZ,20241011,CONT,3.6571,3,,,,,,,,,,,,,,,,
600239_SH.SH,20241011,CONT,-2.3661,3,,,,,,,,,,,,,,,,
600322_SH.SH,20241011,CONT,0.8417,3,,,,,,,,,,,,,,,,
600397_SH.SH,20241011,CONT,3.6627,3,,,,,,,,,,,,,,,,
600835_SH.SH,20241011,CONT,21.0604,3,,,,,,,,,,,,,,,,
002058_SZ.SZ,20241014,CONT,52.0751,3,,,,,,,,,,,,,,,,
301165_SZ.SZ,20241014,CONT,12.8121,3,,,,,,,,,,,,,,,,
600281_SH.SH,20241014,CONT,12.3683,3,,,,,,,,,,,,,,,,
002178_SZ.SZ,20241015,CONT,27.9184,3,,,,,,,,,,,,,,,,
002512_SZ.SZ,20241015,CONT,1.2706,3,,,,,,,,,,,,,,,,
002755_SZ.SZ,20241015,CONT,3.152,3,,,,,,,,,,,,,,,,
300036_SZ.SZ,20241015,CONT,-4.2573,3,,,,,,,,,,,,,,,,
300188_SZ.SZ,20241015,CONT,5.4081,3,,,,,,,,,,,,,,,,
600602_SH.SH,20241015,CONT,-2.5839,3,,,,,,,,,,,,,,,,
600877_SH.SH,20241015,CONT,7.8692,3,,,,,,,,,,,,,,,,
603106_SH.SH,20241015,CONT,48.5342,3,,,,,,,,,,,,,,,,
688038_SH.SH,20241015,CONT,-1.5015,3,,,,,,,,,,,,,,,,
688049_SH.SH,20241015,CONT,7.8234,3,,,,,,,,,,,,,,,,
688369_SH.SH,20241015,CONT,1.5991,3,,,,,,,,,,,,,,,,
688376_SH.SH,20241015,CONT,-4.9163,3,,,,,,,,,,,,,,,,
600079_SH.SH,20241017,CONT,2.0167,3,,,,,,,,,,,,,,,,
600828_SH.SH,20241017,CONT,5.7801,3,,,,,,,,,,,,,,,,
000510_SZ.SZ,20241021,CONT,2.55,3,,,,,,,,,,,,,,,,
000672_SZ.SZ,20241022,CONT,6.816,3,,,,,,,,,,,,,,,,
301317_SZ.SZ,20241025,CONT,-0.4803,3,,,,,,,,,,,,,,,,
002430_SZ.SZ,20241029,CONT,6.9786,3,,,,,,,,,,,,,,,,
603019_SH.SH,20241030,CONT,38.867,3,,,,,,,,,,,,,,,,
002612_SZ.SZ,20241031,CONT,-0.2625,3,,,,,,,,,,,,,,,,
000683.SZ,20241014,EVENT,7.7509,2,20241014,5.51,20241029,5.96,TP2_RUNNER,11,5.96,4.127,25.104,14.156079854809445,-2.5408348457350183,0.5639039504260266,-0.1012135295636454,0.325,insider-event,
601872.SH,20241015,EVENT,-8.987,2,20241015,6.865,20241105,6.274,TIME_STOP,15,8.254,5.361,21.907,-2.049045400646199,-11.226484632887857,-0.09353175417398067,-0.5124497488391884,-0.393,insider-event,
002318.SZ,20241016,EVENT,5.1504,2,20241016,21.532,20241106,22.73,TIME_STOP,15,24.97,17.498,18.739,12.48113317078834,2.496226634157672,0.6660470879801739,0.133209417596035,0.297,insider-event,
000157.SZ,20241021,EVENT,7.8816,2,20241021,6.861,20241111,7.43,TIME_STOP,15,8.33,5.526,19.453,11.067383794656527,-2.1965688632355262,0.5689223325911973,-0.11291531084089722,0.427,insider-event,
688392.SH,20241016,EVENT,22.6626,1,20241016,34.233,20241106,39.819,TIME_STOP,15,47.569,25.518,25.459,39.24782396976503,-2.027884618474274,1.5416358163665558,-0.07965434113511913,0.641,insider-event,
600497.SH,20241021,EVENT,13.0287,1,20241021,5.351,20241106,6.071,TP2_RUNNER,12,6.071,4.143,22.579,23.360119603812368,-0.5606428704915012,1.034584688146615,-0.024830032515518956,0.596,insider-event,
601975.SH,20241028,EVENT,-0.2208,1,20241028,3.25,20241030,3.223,SL_GAP,2,3.393,3.043,6.374,3.4715107209776885,-1.4513087007756553,0.5446251870444597,-0.22768740647777283,-0.131,insider-event,
001289.SZ,20241101,EVENT,-0.0646,4,20241101,18.246,20241108,18.246,BE,5,19.35,14.523,20.402,1.94182738946711,-4.0869903593723445,0.09517833705588447,-0.20032313277610195,0.0,insider-event,
600416_SH.SH,20241101,CONT,-5.1863,3,,,,,,,,,,,,,,,,
000096_SZ.SZ,20241104,CONT,3.2628,3,,,,,,,,,,,,,,,,
000716_SZ.SZ,20241104,CONT,14.7105,3,,,,,,,,,,,,,,,,
600458_SH.SH,20241104,CONT,2.1271,3,,,,,,,,,,,,,,,,
000070_SZ.SZ,20241105,CONT,0.8753,3,,,,,,,,,,,,,,,,
002808_SZ.SZ,20241105,CONT,25.2545,3,,,,,,,,,,,,,,,,
002988_SZ.SZ,20241105,CONT,-1.9638,3,,,,,,,,,,,,,,,,
600234_SH.SH,20241105,CONT,12.5451,3,,,,,,,,,,,,,,,,
688616_SH.SH,20241105,CONT,3.8,3,,,,,,,,,,,,,,,,
600624_SH.SH,20241106,CONT,-6.1524,3,,,,,,,,,,,,,,,,
002517_SZ.SZ,20241107,CONT,1.4478,3,,,,,,,,,,,,,,,,
002351_SZ.SZ,20241112,CONT,-4.9436,3,,,,,,,,,,,,,,,,
688320_SH.SH,20241114,CONT,2.4452,3,,,,,,,,,,,,,,,,
002310_SZ.SZ,20241115,CONT,-8.842,3,,,,,,,,,,,,,,,,
601789_SH.SH,20241115,CONT,-1.3062,3,,,,,,,,,,,,,,,,
000815_SZ.SZ,20241120,CONT,-0.2855,3,,,,,,,,,,,,,,,,
603325_SH.SH,20241120,CONT,-0.5716,3,,,,,,,,,,,,,,,,
301268_SZ.SZ,20241126,CONT,-10.3333,3,,,,,,,,,,,,,,,,
002927_SZ.SZ,20241128,CONT,-2.5471,3,,,,,,,,,,,,,,,,
300235_SZ.SZ,20241128,CONT,-1.8583,3,,,,,,,,,,,,,,,,
300805_SZ.SZ,20241128,CONT,-0.2,3,,,,,,,,,,,,,,,,
603500.SH,20241101,EVENT,12.3776,2,20241101,5.97,20241108,6.92,TP2_RUNNER,5,6.92,5.391,9.693,16.421260699867666,-1.670100675075803,1.6941783527552818,-0.1723039699782739,1.642,insider-event,
600028.SH,20241113,EVENT,2.5053,2,20241113,5.84,20241204,6.01,TIME_STOP,15,7.3,5.766,1.272,5.47945205479452,0.6849315068493178,4.307692307692332,0.5384615384615439,2.288,insider-event,
688333.SH,20241129,EVENT,1.4251,2,20241129,45.231,20241204,45.231,BE,3,55.658,41.744,7.71,6.117204261136999,-1.244983542304512,0.7933920589353318,-0.16147246581986546,0.0,insider-event,
001965.SZ,20241129,EVENT,1.9059,2,20241129,11.73,20241203,12.07,TP2_RUNNER,2,12.07,11.174,4.741,3.5805626598465423,0.17050298380221207,0.7552986512524078,0.035966602440589954,0.611,insider-event,
300294.SZ,20241219,EVENT,-1.1229,3,20241219,30.217,20241231,29.998,SL_HIT,8,31.577,29.998,0.725,2.5813283913029172,-1.0590065195088871,3.5628058727569636,-1.4616639477977258,-1.0,insider-event,
002122_SZ.SZ,20241206,CONT,44.4194,3,,,,,,,,,,,,,,,,
002052_SZ.SZ,20241209,CONT,0.1257,3,,,,,,,,,,,,,,,,
002860_SZ.SZ,20241213,CONT,-10.6318,3,,,,,,,,,,,,,,,,
001313_SZ.SZ,20241217,CONT,-3.1967,3,,,,,,,,,,,,,,,,
300809_SZ.SZ,20241219,CONT,-14.9894,3,,,,,,,,,,,,,,,,
603610_SH.SH,20241219,CONT,-11.0941,3,,,,,,,,,,,,,,,,
603390_SH.SH,20241226,CONT,-26.7132,3,,,,,,,,,,,,,,,,
000758.SZ,20241231,EVENT,-3.2024,2,20241231,4.929,20250102,4.791,SL_HIT,1,5.329,4.791,2.808,-1.0186216452535146,-5.887556018104323,-0.36272536817445894,-2.0965251762180475,-1.0,insider-event,
002791.SZ,20250120,EVENT,2.0802,6,20250120,22.133,20250218,22.683,TIME_STOP,15,29.393,19.705,10.971,6.099489450142337,-3.162698233407124,0.5559641123694681,-0.2882776878952785,0.227,insider-event,
688659.SH,20250122,EVENT,11.4767,6,20250122,6.336,20250220,7.09,TIME_STOP,15,8.87,5.841,7.811,14.109848484848486,1.799242424242431,1.8063212584788557,0.23033626785972072,1.523,insider-event,
002439.SZ,20250124,EVENT,17.1443,6,20250124,13.88,20250206,16.89,TP2_RUNNER,3,16.89,13.419,3.324,22.406340057636864,7.636887608069154,6.739938080495344,2.2972136222910176,6.523,insider-event,
300250.SZ,20250115,EVENT,28.7598,5,20250115,13.603,20250211,17.64,TP2_RUNNER,13,17.64,11.989,11.863,30.563274668078154,-0.6072368517783477,2.576360916100816,-0.05118762006781435,2.502,insider-event,
688100.SH,20250117,EVENT,8.9848,5,20250117,33.419,20250217,36.367,TIME_STOP,15,38.517,32.827,1.772,10.824750751284506,1.8479369636166698,6.1100081794952565,1.043064198180236,4.978,insider-event,
603858.SH,20250123,EVENT,-2.5498,5,20250123,14.39,20250124,14.08,SL_GAP,1,16.86,14.212,1.238,-1.4593467685893091,-2.501737317581665,-1.178356713426857,-2.02004008016032,-1.739,insider-event,
301589.SZ,20250124,EVENT,6.3794,5,20250124,163.246,20250224,172.355,TIME_STOP,15,180.405,150.772,7.641,9.855644286645848,-0.7847356796688132,1.289808382870073,-0.1026983755233059,0.73,insider-event,
301519.SZ,20250102,EVENT,-8.0889,4,20250102,13.18,20250103,12.164,SL_HIT,1,14.953,12.164,7.704,0.4031147499937271,-8.170566174021454,0.05232207245546795,-1.060494450689285,-1.0,insider-event,
688212.SH,20250110,EVENT,3.3747,4,20250110,39.132,20250210,40.612,TIME_STOP,15,52.092,37.407,4.409,10.426249616682014,1.328835735459477,2.364727799627411,0.30138687642310247,0.858,insider-event,
301381.SZ,20250113,EVENT,11.425,4,20250113,20.206,20250211,22.6,TIME_STOP,15,30.63,19.47,3.642,16.005721101262505,1.8514394310572557,4.394754722108977,0.5083571137382764,3.253,insider-event,
300786.SZ,20250114,EVENT,5.7193,4,20250114,13.7,20250212,14.54,TIME_STOP,15,20.44,11.541,15.759,6.642335766423368,-5.036496350364961,0.421505376344087,-0.31960297766749385,0.389,insider-event,
688100.SH,20250116,EVENT,9.257,4,20250116,32.947,20250214,35.757,TIME_STOP,15,38.517,32.838,0.331,12.413876832488535,0.8498497587033471,37.5475409836043,2.57049180327846,25.797,insider-event,
301391.SZ,20250121,EVENT,9.3429,4,20250121,35.02,20250219,39.534,TIME_STOP,15,45.884,31.767,9.291,17.28639364756286,0.1820089285459403,1.8605367328874913,0.019589643981118027,1.387,insider-event,
600219.SH,20250120,EVENT,-7.6592,4,20250120,3.621,20250218,3.358,TIME_STOP,15,3.668,3.275,9.572,0.1816966825167965,-8.102346593325272,0.018982542325381373,-0.8464829132391485,-0.76,insider-event,
002340.SZ,20250122,EVENT,1.8722,4,20250122,6.475,20250220,6.58,TIME_STOP,15,6.74,6.129,5.339,5.952491273592209,-2.3877922960491627,1.1149316030912961,-0.4472455263049114,0.305,insider-event,
688326.SH,20250122,EVENT,24.6478,4,20250122,79.319,20250207,100.72,TP2_RUNNER,6,100.72,68.588,13.529,32.024185943307245,-5.7978688532857365,2.3670198391620754,-0.42854081052621823,1.994,insider-event,
600196.SH,20250124,EVENT,6.3269,4,20250124,22.937,20250224,24.927,TIME_STOP,15,26.317,21.75,5.174,12.68692505558704,0.523172167240693,2.452001203731565,0.10111345170026886,1.677,insider-event,
003012.SZ,20250127,EVENT,-0.5433,4,20250127,5.565,20250206,5.545,SL_GAP,2,6.485,5.112,8.131,1.7969451931715952,-1.2578616352201255,0.22099447513811968,-0.15469613259668488,-0.044,insider-event,
301568.SZ,20250103,EVENT,13.9596,3,20250103,33.048,20250107,38.118,TP2_RUNNER,2,38.118,32.897,0.456,29.048656499636905,12.829823287339615,63.6966824644546,28.13270142180074,33.64,insider-event,
600975.SH,20250102,EVENT,-2.4868,3,20250102,6.138,20250103,6.01,SL_HIT,1,6.97,6.01,2.091,-0.2932551319648091,-4.692082111436957,-0.14023372287145183,-2.2437395659432346,-1.0,insider-event,
000933.SZ,20250102,EVENT,9.4365,3,20250102,16.731,20250123,18.38,TIME_STOP,15,20.56,15.629,6.587,13.74095989480606,-0.3048233817464441,2.0860716831939885,-0.0462764923196556,1.496,insider-event,
002601.SZ,20250102,EVENT,-3.038,3,20250102,16.903,20250108,16.456,SL_HIT,4,17.835,16.456,2.643,1.1284213814376498,-5.734160156088253,0.4268723903549386,-2.169184927521412,-1.0,insider-event,
301176.SZ,20250109,EVENT,5.3475,3,20250109,16.67,20250207,17.63,TIME_STOP,15,23.09,16.26,2.457,17.15656868626274,-0.4199160167966398,6.981691368788098,-0.17088055797733082,2.344,insider-event,
600184.SH,20250113,EVENT,14.7196,3,20250113,9.689,20250210,11.247,TP2_RUNNER,14,11.247,8.992,7.199,17.93628530115705,-0.6412340426849461,2.491615820875341,-0.08907691078790986,2.234,insider-event,
301290.SZ,20250114,EVENT,8.7891,3,20250114,20.853,20250212,22.773,TIME_STOP,15,28.313,20.221,3.03,10.118448184913431,3.1170574977221532,3.3397399660825218,1.028829847371395,3.039,insider-event,
301227.SZ,20250114,EVENT,11.9125,3,20250114,11.04,20250212,12.402,TIME_STOP,15,15.053,10.346,6.29,14.302536231884066,2.889492753623202,2.273811972845098,0.4593704998971432,1.961,insider-event,
300752.SZ,20250114,EVENT,14.07,3,20250114,11.501,20250210,13.179,TP2_RUNNER,13,13.179,10.703,6.936,18.50273889227023,4.408312320667762,2.667621776504299,0.6355659025787962,2.104,insider-event,
301228.SZ,20250114,EVENT,23.21,3,20250114,12.147,20250212,15.12,TIME_STOP,15,18.53,10.754,11.474,31.71651313460604,12.041358985124262,2.7643115589221097,1.0494869876282527,2.133,insider-event,
002252.SZ,20250115,EVENT,2.6656,3,20250115,6.791,20250213,7.0,TIME_STOP,15,7.77,6.389,5.926,4.543982095002486,-1.3458197131666516,0.766762503105808,-0.22709686579349028,0.518,insider-event,
002166.SZ,20250115,EVENT,2.3147,3,20250115,7.603,20250213,7.81,TIME_STOP,15,8.48,7.07,7.008,4.955808080808088,-2.4095117845117753,0.7071503257460001,-0.3438161881015566,0.388,insider-event,
688310.SH,20250115,EVENT,6.5548,3,20250115,10.573,20250213,11.31,TIME_STOP,15,13.43,9.433,10.789,8.481821964968027,-6.556198691030146,0.7861839221530643,-0.6076970281406154,0.646,insider-event,
301391.SZ,20250116,EVENT,9.7997,3,20250116,34.824,20250214,39.454,TIME_STOP,15,45.884,30.452,12.554,17.94739260280267,-1.2347806110728277,1.429621762927867,-0.09835797728943756,1.059,insider-event,
603799.SH,20250117,EVENT,0.4971,3,20250117,28.707,20250212,28.707,BE,12,29.997,26.194,8.755,4.249834535130792,-3.831818023478595,0.4854341338638607,-0.43768651413954796,0.0,insider-event,
688061.SH,20250117,EVENT,18.673,3,20250117,26.938,20250212,32.41,TP2_RUNNER,12,32.41,24.165,10.294,21.241819147001053,-2.0339373150839446,2.0635796458581255,-0.19759096974286774,1.973,insider-event,
002083.SZ,20250117,EVENT,1.2331,3,20250117,4.792,20250217,4.87,TIME_STOP,15,5.29,4.54,5.258,3.5144836797729395,0.1753067868770275,0.668367636219312,0.03333900323184074,0.311,insider-event,
688093.SH,20250117,EVENT,13.7327,3,20250117,17.261,20250212,19.725,TP2_RUNNER,12,19.725,16.113,6.648,19.607314904131655,2.3426116629443383,2.9494898562633485,0.3523944696559429,2.148,insider-event,
688576.SH,20250117,EVENT,2.2849,3,20250117,40.893,20250217,41.993,TIME_STOP,15,46.109,37.565,8.138,5.287122911681097,-3.594605817043217,0.6496831090513553,-0.4417061456753941,0.331,insider-event,
300967.SZ,20250121,EVENT,10.5047,3,20250121,11.093,20250214,12.305,TP2_RUNNER,12,12.305,9.668,12.847,14.081466156432686,-2.0549087483491713,1.096104013272319,-0.15995448918115587,0.851,insider-event,
000513.SZ,20250120,EVENT,-0.8455,3,20250120,33.591,20250218,33.441,TIME_STOP,15,36.181,32.294,3.863,2.054121639724915,-1.6671132148492251,0.5317919075144483,-0.43159922928709327,-0.116,insider-event,
300095.SZ,20250122,EVENT,6.1769,3,20250122,6.093,20250220,6.495,TIME_STOP,15,7.665,5.589,8.274,12.497846047805439,-3.0926650747934215,1.510519530198489,-0.37378688919428094,0.796,insider-event,
600059.SH,20250122,EVENT,0.8554,3,20250122,8.078,20250220,8.18,TIME_STOP,15,9.57,7.762,3.919,3.238265002970886,-0.9704892057833314,0.8262419347561257,-0.24761990705229658,0.321,insider-event,
600639.SH,20250122,EVENT,-0.1904,3,20250122,9.996,20250220,10.017,TIME_STOP,15,11.147,9.433,5.632,3.511093904279994,-1.4908918840779717,0.6234384159199741,-0.26472640717028073,0.037,insider-event,
605266.SH,20250122,EVENT,1.6503,3,20250122,19.155,20250220,19.548,TIME_STOP,15,26.308,16.909,11.725,11.60812173836776,-1.7046629202924324,0.99005892889857,-0.14539102733730866,0.175,insider-event,
688381.SH,20250124,EVENT,6.3703,3,20250124,17.38,20250207,18.64,TP2_RUNNER,4,18.64,16.557,4.737,10.471806674338314,-1.2082853855005626,2.210845986984813,-0.2550976138828605,1.531,insider-event,
688659.SH,20250124,EVENT,7.3744,3,20250124,6.564,20250224,7.18,TIME_STOP,15,8.87,5.846,10.933,11.674817557170503,1.771866477748829,1.0678225902775016,0.16206155193693497,0.859,insider-event,
000513.SZ,20250127,EVENT,0.0096,3,20250127,33.641,20250211,33.641,BE,5,35.971,32.329,3.9,1.6051841502928044,-0.5350613834309348,0.4115405552531333,-0.1371801850843778,0.0,insider-event,
000789.SZ,20250127,EVENT,3.5965,3,20250127,4.695,20250213,4.895,TP2_RUNNER,7,4.895,4.339,7.584,4.259850905218299,-1.0649627263045969,0.5616850551654933,-0.14042126379137626,0.562,insider-event,
688061.SH,20250127,EVENT,13.1334,3,20250127,28.255,20250212,32.41,TP2_RUNNER,6,32.41,25.862,8.469,15.591797441832478,-1.5735490858125756,1.8410956614148326,-0.18580631294888877,1.737,insider-event,
600805.SH,20250127,EVENT,6.3818,3,20250127,4.15,20250225,4.45,TP2_RUNNER,15,4.45,3.973,4.26,8.192771084337336,0.48192771084336616,1.9232323232323199,0.1131313131313114,1.697,insider-event,
000534_SZ.SZ,20250123,CONT,-5.476,3,,,,,,,,,,,,,,,,
601326.SH,20250102,EVENT,-2.272,2,20250102,3.119,20250103,3.06,SL_GAP,1,3.42,3.099,0.616,-0.2725669392336094,-2.8379028379028504,-0.4423791821561364,-4.605947955390322,-3.045,insider-event,
600388.SH,20250110,EVENT,-1.1595,2,20250110,11.401,20250120,11.314,SL_HIT,6,12.841,11.314,0.761,3.859310586790632,-1.7542320849048276,5.069958847736641,-2.3045267489711936,-1.0,insider-event,
002758.SZ,20250110,EVENT,-4.9417,2,20250110,7.912,20250113,7.552,SL_GAP,1,9.762,7.851,0.768,-2.4024024024023927,-5.688516799627907,-3.1266096437635515,-7.403327380393014,-5.923,insider-event,
002252.SZ,20250114,EVENT,5.2945,2,20250114,6.66,20250212,7.04,TIME_STOP,15,7.77,6.39,4.059,6.606606606606591,0.6006006006006093,1.627476882430644,0.14795244385733378,1.406,insider-event,
301188.SZ,20250115,EVENT,1.4884,2,20250115,15.856,20250213,16.156,TIME_STOP,15,17.216,13.381,15.611,3.7840565085771827,-3.4056508577194666,0.24238926561823623,-0.21815033905641273,0.121,insider-event,
300752.SZ,20250115,EVENT,8.6021,2,20250115,12.079,20250210,13.179,TP2_RUNNER,12,13.179,10.707,11.358,12.83228150698028,0.8279665766756983,1.129841365047826,0.07289981027118095,0.802,insider-event,
301190.SZ,20250115,EVENT,5.6134,2,20250115,14.556,20250213,15.433,TIME_STOP,15,16.153,13.862,4.771,6.4374273923345715,-1.2570100103256543,1.3494123383236125,-0.2634942056743856,1.263,insider-event,
688326.SH,20250116,EVENT,28.9273,2,20250116,76.69,20250207,100.72,TP2_RUNNER,10,100.72,68.443,10.754,36.54974572956058,-2.568783413743647,3.3987528148276507,-0.2388706045383689,2.914,insider-event,
600380.SH,20250116,EVENT,-1.1697,2,20250116,10.37,20250117,10.29,SL_GAP,1,11.43,10.364,0.059,1.2536162005786,-0.9643201542912205,21.41176470588585,-16.470588235296635,-13.176,insider-event,
300786.SZ,20250120,EVENT,2.2787,2,20250120,13.741,20250218,14.11,TIME_STOP,15,20.44,11.867,13.636,6.32259191336999,-5.3212237650278045,0.46368148583017377,-0.3902439024390245,0.197,insider-event,
000513.SZ,20250122,EVENT,-0.3403,2,20250122,33.521,20250220,33.541,TIME_STOP,15,36.181,32.279,3.707,2.2672354643357817,-1.8794188717520477,0.6116700201207225,-0.50704225352113,0.016,insider-event,
601666.SH,20250122,EVENT,-1.5562,2,20250122,8.217,20250220,8.122,SL_HIT,15,10.02,8.122,1.159,4.17427284897165,-1.423877327491796,3.602400600150018,-1.228807201800451,-1.0,insider-event,
600655.SH,20250122,EVENT,-5.7112,2,20250122,5.792,20250127,5.484,SL_HIT,3,6.841,5.484,5.322,2.218562310854222,-6.413304123097319,0.41686709022071994,-1.2050576246680846,-1.0,insider-event,
000513.SZ,20250123,EVENT,-2.4672,2,20250123,33.791,20250221,33.091,TIME_STOP,15,36.181,32.279,4.476,1.4500902607203159,-3.225710988132924,0.3239669421487625,-0.7206611570247928,-0.463,insider-event,
300095.SZ,20250124,EVENT,10.2926,2,20250124,5.915,20250224,6.645,TIME_STOP,15,7.445,5.599,5.342,15.886902497781175,2.193482946621028,2.97422855205155,0.4106476771787064,2.31,insider-event,
688317.SH,20250124,EVENT,6.134,2,20250124,15.731,20250210,16.83,TP2_RUNNER,5,16.83,14.994,4.686,8.511165779888241,0.8193959735810052,1.8162668113639027,0.17485756366032562,1.491,insider-event,
000513.SZ,20250124,EVENT,-2.6943,2,20250124,33.491,20250224,32.721,TIME_STOP,15,36.181,32.313,3.517,2.3588426741512514,-2.9261592666686487,0.6707095209217673,-0.8320194057004223,-0.654,insider-event,
601966.SH,20250124,EVENT,-0.0107,2,20250124,17.699,20250205,17.699,BE,2,18.589,16.537,6.566,1.6385106503192137,-1.638510650319247,0.24953902888752022,-0.24953902888752527,0.0,insider-event,
603815.SH,20250124,EVENT,0.0921,2,20250124,6.322,20250211,6.322,BE,6,6.596,5.473,13.423,2.4336696118719248,-3.735127662468718,0.18130184766214133,-0.2782569758672696,0.0,insider-event,
002368.SZ,20250213,EVENT,0.0606,6,20250213,27.332,20250217,27.458,TP2_RUNNER,2,27.458,19.702,27.915,11.620405738052785,-0.5631510702504561,0.41628207605532075,-0.020173968271087122,0.017,insider-event,
301589.SZ,20250214,EVENT,0.0867,6,20250214,169.855,20250218,169.855,BE,2,178.955,152.027,10.496,2.6257690382973653,-2.0605810838656535,0.2501652677337283,-0.19631803521705216,0.0,insider-event,
300457.SZ,20250210,EVENT,4.8512,5,20250210,19.053,20250212,20.055,TP2_RUNNER,2,20.055,17.567,7.798,9.670359085791658,-0.7219506050371249,1.2400688438369853,-0.09257861514276013,0.675,insider-event,
002803.SZ,20250226,EVENT,-5.2948,5,20250226,13.194,20250228,12.547,SL_HIT,2,13.694,12.547,4.905,1.819008640291031,-6.669698347733821,0.370860927152315,-1.3598233995584965,-1.0,insider-event,
300019.SZ,20250206,EVENT,15.6069,4,20250206,13.84,20250220,16.9,TP2_RUNNER,10,16.9,12.458,9.988,28.032831895492816,2.5996734151240375,2.8066843040800267,0.26028274978297494,2.213,insider-event,
000789.SZ,20250210,EVENT,2.7196,4,20250210,4.735,20250213,4.895,TP2_RUNNER,3,4.895,4.582,3.221,3.37909186906018,0.0,1.0491803278688443,0.0,1.049,insider-event,
002033.SZ,20250212,EVENT,1.644,4,20250212,8.672,20250304,8.85,TP2_RUNNER,14,8.85,8.242,4.965,2.8550343618836793,-2.564457358977912,0.5749925355803999,-0.5164714859171287,0.412,insider-event,
002102.SZ,20250213,EVENT,7.3053,4,20250213,2.831,20250220,3.05,TP2_RUNNER,5,3.05,2.311,18.377,10.899201808292736,-5.347178074450798,0.5930867858221465,-0.2909699914888943,0.42,insider-event,
603838.SH,20250213,EVENT,1.1757,4,20250213,5.277,20250306,5.36,TIME_STOP,15,6.6,4.525,14.252,13.707430780601504,-2.7801466825857046,0.9617620241622972,-0.19506496466833814,0.111,insider-event,
603885.SH,20250214,EVENT,4.4694,4,20250214,12.407,20250307,13.012,TIME_STOP,15,14.522,11.795,4.931,8.586664603262118,-4.470817333887867,1.7412229496866487,-0.9066022845081182,0.989,insider-event,
603069.SH,20250224,EVENT,1.0748,4,20250224,17.879,20250304,17.879,BE,6,19.23,17.156,4.046,7.889526494177668,-0.4440864905980946,1.9501510872356111,-0.1097703079019559,0.0,insider-event,
688238.SH,20250224,EVENT,-3.0291,4,20250224,5.762,20250317,5.61,TIME_STOP,15,6.58,4.44,22.935,-0.3783539866014096,-8.361970217640312,-0.016497118950065417,-0.3646014637679589,-0.115,insider-event,
600557.SH,20250226,EVENT,1.222,4,20250226,13.6,20250228,13.86,TP2_RUNNER,2,13.86,12.907,5.095,6.911764705882351,3.6764705882353033,1.356701030927834,0.721649484536084,0.375,insider-event,
688600.SH,20250207,EVENT,0.3494,3,20250207,14.742,20250217,14.742,BE,6,15.111,11.537,21.743,4.808748284673348,-2.3137153551497702,0.22116284117351115,-0.10641186257193794,0.0,insider-event,
301376.SZ,20250212,EVENT,-2.1354,3,20250212,18.496,20250213,18.175,SL_HIT,1,20.702,18.175,1.739,1.9832754564863997,-1.9688941007786953,1.1403923275406578,-1.1321229831815265,-1.0,insider-event,
300347.SZ,20250212,EVENT,7.5005,3,20250212,52.551,20250217,56.711,TP2_RUNNER,3,56.711,46.512,11.492,8.506022720785511,-0.5899031417099576,0.7401975279436978,-0.0513336093204802,0.689,insider-event,
600821.SH,20250213,EVENT,5.0965,3,20250213,5.359,20250225,5.663,TP2_RUNNER,8,5.663,4.748,11.393,13.885949836439382,-1.2291770466534957,1.2188604896585744,-0.10789289566851305,0.498,insider-event,
000789.SZ,20250213,EVENT,-0.4825,3,20250213,4.825,20250217,4.815,SL_GAP,2,4.895,4.596,4.752,1.0362694300518172,-1.865284974093262,0.21806853582554528,-0.3925233644859797,-0.044,insider-event,
002727.SZ,20250213,EVENT,2.2387,3,20250213,12.104,20250306,12.424,TIME_STOP,15,14.384,11.189,7.557,4.874421678783891,-1.0740251156642344,0.6450605232331147,-0.14213197969543034,0.35,insider-event,
300278.SZ,20250214,EVENT,13.9111,3,20250214,6.257,20250219,7.43,TP2_RUNNER,3,7.43,5.54,11.456,20.668712440864322,-2.1864211737629424,1.8041294642857126,-0.19084821428571397,1.637,insider-event,
603656.SH,20250214,EVENT,5.2605,3,20250214,19.307,20250306,20.402,TP2_RUNNER,14,20.402,17.155,11.149,8.261364542771577,0.07779569875765446,0.7410150152382377,0.006977997472682959,0.509,insider-event,
002330.SZ,20250214,EVENT,-0.0974,3,20250214,4.386,20250218,4.386,BE,2,4.46,4.053,7.597,1.2381147821328486,-1.9540780263127888,0.16296518607443095,-0.25720288115246115,0.0,insider-event,
688338.SH,20250214,EVENT,5.1957,3,20250214,23.472,20250307,25.322,TIME_STOP,15,26.802,21.942,6.517,9.117246080436248,0.3408316291751756,1.399019378939993,0.0522997898669139,1.209,insider-event,
300373.SZ,20250218,EVENT,0.2521,3,20250218,42.839,20250228,42.839,BE,8,46.782,41.321,3.545,6.985925066901233,-1.9778110182990916,1.9705689796594175,-0.557895053692235,0.0,insider-event,
002020.SZ,20250217,EVENT,6.2731,3,20250217,12.068,20250227,12.98,TP2_RUNNER,8,12.98,11.7,3.053,8.219189433299379,-1.3929284642984263,2.6920362903225903,-0.45622673697270094,2.475,insider-event,
002084.SZ,20250219,EVENT,3.4885,3,20250219,2.911,20250227,3.03,TP2_RUNNER,6,3.03,2.661,8.561,4.445818731533024,-1.7384731670446074,0.519321178763904,-0.20307304208233137,0.479,insider-event,
002727.SZ,20250220,EVENT,3.2072,3,20250220,12.174,20250313,12.614,TIME_STOP,15,14.384,11.175,8.205,5.1749630359783305,-0.7392804337111869,0.6306757239899912,-0.09009653199856979,0.44,insider-event,
600611.SH,20250220,EVENT,-3.8119,3,20250220,6.999,20250313,6.76,TIME_STOP,15,7.92,5.869,16.155,6.15347249010616,-6.419213349906416,0.3809048527498077,-0.3973544238228195,-0.212,insider-event,
000404.SZ,20250221,EVENT,0.5158,3,20250221,6.54,20250228,6.54,BE,5,6.8,6.492,0.732,3.3639143730886722,-0.4587155963302836,4.597014925373056,-0.6268656716417942,0.0,insider-event,
603658.SH,20250224,EVENT,-1.6929,3,20250224,40.333,20250317,39.81,TIME_STOP,15,42.6,36.411,9.722,1.6051531515449025,-6.700782989442777,0.16510372264847928,-0.6892328094374115,-0.133,insider-event,
603919.SH,20250224,EVENT,0.9787,3,20250224,17.25,20250304,17.25,BE,6,18.254,17.077,1.0,5.300015768335342,-0.4391945163294997,5.2985378616019005,-0.4390720471593414,0.0,insider-event,
688560.SH,20250224,EVENT,6.2732,3,20250224,14.622,20250226,15.6,TP2_RUNNER,2,15.6,11.254,23.038,11.063239025324334,0.5997688462143547,0.48021084682224324,0.026033560775367184,0.29,insider-event,
000789.SZ,20250226,EVENT,3.9124,3,20250226,4.675,20250307,4.895,TP2_RUNNER,7,4.895,4.603,1.543,5.561497326203213,1.0695187165775444,3.603960396039588,0.6930693069306922,3.05,insider-event,
300146.SZ,20250227,EVENT,-0.2433,3,20250227,10.838,20250303,10.798,SL_GAP,2,11.228,10.611,2.093,2.675770437350078,-0.7381435689241544,1.2787401574803194,-0.3527559055118099,-0.176,insider-event,
688317.SH,20250227,EVENT,0.9154,3,20250227,17.147,20250313,17.147,BE,10,17.9,15.459,9.842,5.209135232229922,-1.9058949774884981,0.5292992228637223,-0.19365761982967222,0.0,insider-event,
002386.SZ,20250227,EVENT,-0.5118,3,20250227,4.366,20250303,4.34,SL_GAP,2,4.52,4.191,4.004,2.3843880986738064,-1.2803774708536664,0.5954404314430464,-0.31974178787383783,-0.148,insider-event,
601869_SH.SH,20250207,CONT,1.5136,3,,,,,,,,,,,,,,,,
002656_SZ.SZ,20250213,CONT,1.1636,3,,,,,,,,,,,,,,,,
601689_SH.SH,20250213,CONT,-4.0041,3,,,,,,,,,,,,,,,,
600633_SH.SH,20250217,CONT,-19.27,3,,,,,,,,,,,,,,,,
300115_SZ.SZ,20250218,CONT,17.8851,3,,,,,,,,,,,,,,,,
301252_SZ.SZ,20250218,CONT,1.8602,3,,,,,,,,,,,,,,,,
688665_SH.SH,20250218,CONT,-10.6356,3,,,,,,,,,,,,,,,,
603666_SH.SH,20250219,CONT,13.407,3,,,,,,,,,,,,,,,,
001339_SZ.SZ,20250224,CONT,9.3192,3,,,,,,,,,,,,,,,,
603360_SH.SH,20250224,CONT,7.3423,3,,,,,,,,,,,,,,,,
301280_SZ.SZ,20250226,CONT,29.6207,3,,,,,,,,,,,,,,,,
603895_SH.SH,20250226,CONT,5.2965,3,,,,,,,,,,,,,,,,
688678_SH.SH,20250227,CONT,15.0118,3,,,,,,,,,,,,,,,,
603070_SH.SH,20250228,CONT,-4.2,3,,,,,,,,,,,,,,,,
301227.SZ,20250205,EVENT,0.9074,2,20250205,12.013,20250226,12.17,TIME_STOP,15,15.053,11.316,5.8,4.930964499120094,-0.6215109725905776,0.8501261950600407,-0.1071520102022184,0.226,insider-event,
300639.SZ,20250207,EVENT,6.4806,2,20250207,5.86,20250228,6.18,TIME_STOP,15,7.16,5.319,9.227,16.38225255972696,0.5119453924914641,1.7754293262879797,0.05548216644649899,0.592,insider-event,
688573.SH,20250212,EVENT,36.2854,2,20250212,17.03,20250228,24.64,TP2_RUNNER,12,24.64,14.572,14.433,45.038167938931274,-2.348796241926021,3.1206044754431828,-0.1627433885498407,3.096,insider-event,
000513.SZ,20250212,EVENT,-0.5807,2,20250212,33.156,20250213,33.096,SL_HIT,1,34.281,33.096,0.181,1.0704217535903782,-0.3772760901541772,5.906307205857709,-2.0817107671824777,-1.0,insider-event,
601718.SH,20250212,EVENT,-0.8797,2,20250212,2.683,20250305,2.67,TIME_STOP,15,2.98,2.467,8.055,2.128294010212839,-3.8354019903835357,0.26421205711264,-0.47613696456901056,-0.06,insider-event,
600388.SH,20250212,EVENT,-0.8161,2,20250212,11.841,20250214,11.741,SL_GAP,2,11.911,11.044,6.732,1.1790001004949424,-1.9456330717930959,0.17513077417955647,-0.28900780075373295,-0.126,insider-event,
688353.SH,20250212,EVENT,5.7783,2,20250212,23.1,20250218,24.53,TP2_RUNNER,4,24.53,20.894,9.552,14.675324675324664,0.8658008658008587,1.5364195532534768,0.09064422143088292,0.648,insider-event,
002034.SZ,20250217,EVENT,6.3522,2,20250217,14.682,20250225,15.93,TP2_RUNNER,6,15.93,13.195,10.124,23.623286131714984,-1.3738191081414164,2.333445465380031,-0.1357022029141506,0.84,insider-event,
002252.SZ,20250219,EVENT,-1.1178,2,20250219,6.95,20250312,6.9,TIME_STOP,15,7.77,6.525,6.12,1.2949640287769792,-3.1654676258992764,0.21158690176322428,-0.517212426532325,-0.118,insider-event,
603551.SH,20250219,EVENT,5.5202,2,20250219,10.57,20250227,11.2,TP2_RUNNER,6,11.2,10.189,3.609,7.190160832544934,0.47303689687794304,1.9925093632958777,0.13108614232209356,1.652,insider-event,
300967.SZ,20250220,EVENT,5.0081,2,20250220,11.568,20250224,12.195,TP2_RUNNER,2,12.195,11.205,3.142,9.827414063614315,0.4914355363649259,3.1274488612917755,0.1563930753964331,1.724,insider-event,
000932.SZ,20250220,EVENT,3.5922,2,20250220,4.45,20250227,4.64,TP2_RUNNER,5,4.64,3.853,13.419,12.35955056179774,-2.2471910112359716,0.9210526315789459,-0.16746411483253704,0.318,insider-event,
301115.SZ,20250220,EVENT,-0.0596,2,20250220,14.08,20250227,14.08,BE,5,14.24,13.311,5.459,1.2073863636363535,-0.7102272727272707,0.22118959107806502,-0.1301115241635684,0.0,insider-event,
600075.SH,20250221,EVENT,-2.5775,2,20250221,4.386,20250314,4.29,TIME_STOP,15,4.51,4.163,5.073,1.4661285541646807,-4.234215746631087,0.28900731989213013,-0.8346603313214326,-0.43,insider-event,
600784.SH,20250224,EVENT,6.9115,2,20250224,5.774,20250307,6.254,TP2_RUNNER,9,6.254,5.578,3.396,10.391409767925186,1.558711465188778,3.060109289617482,0.4590163934426224,2.448,insider-event,
002493.SZ,20250224,EVENT,0.5391,2,20250224,8.61,20250305,8.61,BE,7,8.99,8.127,5.608,3.135888501742179,-1.2775842044134622,0.5591715976331401,-0.22781065088757238,0.0,insider-event,
301515.SZ,20250227,EVENT,1.3401,2,20250227,19.092,20250320,19.425,TIME_STOP,15,19.815,18.075,5.329,3.209958019395387,-2.0801743124792105,0.6023053541217633,-0.3903166702936436,0.327,insider-event,
301391.SZ,20250221,EVENT,0.3237,1,20250221,39.822,20250226,39.822,BE,3,41.074,38.744,2.706,2.7679339135186387,-0.2203820222913211,1.0227137767220922,-0.08142814726840536,0.0,insider-event,
000651.SZ,20250305,EVENT,7.3489,7,20250305,41.73,20250325,45.27,TP2_RUNNER,14,45.27,40.026,4.084,9.273903666427042,-0.43134435657800063,2.270746018440913,-0.1056160938809724,2.077,insider-event,
300457.SZ,20250304,EVENT,-0.7707,6,20250304,21.567,20250306,21.445,SL_GAP,2,21.585,19.353,10.267,2.0765376973777228,-2.791977614102936,0.20225418627681815,-0.2719378324586055,-0.055,insider-event,
300749.SZ,20250305,EVENT,0.2016,5,20250305,7.009,20250307,7.009,BE,2,7.92,6.458,7.861,2.4367973520515784,-1.2726131370199179,0.30998988825222207,-0.1618916746609974,0.0,insider-event,
300371.SZ,20250306,EVENT,-0.6922,5,20250306,10.437,20250310,10.382,SL_GAP,2,10.462,9.331,10.594,1.1059178389855706,-1.3853197120129335,0.10439094728899354,-0.13076453958622933,-0.049,insider-event,
002203.SZ,20250307,EVENT,-1.3277,5,20250307,9.68,20250328,9.59,TIME_STOP,15,10.76,9.255,4.394,4.028925619834722,-2.4793388429752095,0.9168765743073072,-0.5642317380352649,-0.212,insider-event,
001203.SZ,20250312,EVENT,0.2715,5,20250312,8.89,20250314,8.95,TP2_RUNNER,2,8.95,8.458,4.859,1.7974848709815472,-0.9021169377516736,0.3699196401997456,-0.18565428750950597,0.138,insider-event,
002083.SZ,20250303,EVENT,3.1705,4,20250303,4.78,20250314,4.96,TP2_RUNNER,9,4.96,4.568,4.438,3.9748953974895196,-1.4644351464435212,0.8956228956228872,-0.3299663299663301,0.848,insider-event,
300861.SZ,20250311,EVENT,-7.138,4,20250311,14.16,20250324,13.204,SL_HIT,9,14.718,13.204,6.752,2.825076606800714,-6.963079724038979,0.4184232900845585,-1.0313046804606505,-1.0,insider-event,
300813.SZ,20250313,EVENT,2.6975,4,20250313,18.295,20250317,19.1,TP2_RUNNER,2,19.1,16.74,8.503,11.340679522497709,-2.378766015129663,1.333798638980978,-0.27977114309067097,0.517,insider-event,
600483.SH,20250317,EVENT,-0.1513,4,20250317,8.434,20250327,8.434,BE,8,8.744,8.311,1.461,2.4899217453165923,-0.9485416172634542,1.7043478260869769,-0.6492753623188419,0.0,insider-event,
000709.SZ,20250320,EVENT,0.8363,4,20250320,2.18,20250324,2.21,TP2_RUNNER,2,2.21,2.094,3.932,4.128440366972463,0.917431192660545,1.049999999999995,0.2333333333333316,0.35,insider-event,
003011.SZ,20250327,EVENT,-4.4222,4,20250327,14.532,20250331,13.947,SL_HIT,2,14.979,13.947,4.03,1.0101010101009944,-5.871164812509599,0.2506189069676078,-1.4567106588584802,-1.0,insider-event,
002727.SZ,20250303,EVENT,0.4998,3,20250303,12.314,20250307,12.314,BE,4,12.684,11.832,3.915,3.0859184667857864,-0.24362514211465625,0.7881481481481509,-0.062222222222219604,0.0,insider-event,
002252.SZ,20250305,EVENT,4.0469,3,20250305,6.791,20250317,7.1,TP2_RUNNER,8,7.1,6.678,1.677,5.132962275819408,-0.1678593515328175,3.060579455662853,-0.10008779631255274,2.709,insider-event,
600603.SH,20250305,EVENT,-1.9765,3,20250305,8.88,20250306,8.74,SL_GAP,1,11.0,8.765,1.298,-1.0168575385966827,-6.6472979516457915,-0.7831743278404302,-5.1196877710321225,-1.217,insider-event,
001228.SZ,20250306,EVENT,2.8822,3,20250306,21.59,20250327,22.3,TIME_STOP,15,24.28,20.359,5.704,5.465493283927736,-0.41685965724872487,0.9582366589327118,-0.07308584686774908,0.577,insider-event,
000922.SZ,20250307,EVENT,5.6382,3,20250307,11.57,20250319,12.27,TP2_RUNNER,8,12.27,10.734,7.229,8.210890233362145,1.123595505617958,1.135781383432963,0.1554227156276659,0.837,insider-event,
002565.SZ,20250311,EVENT,2.5184,3,20250311,3.03,20250313,3.131,TP2_RUNNER,2,3.131,2.943,2.867,7.939902124809017,2.000072597916458,2.769133387041089,0.6975486246979009,1.158,insider-event,
605507.SH,20250312,EVENT,7.3248,3,20250312,12.943,20250328,14.129,TP2_RUNNER,12,14.129,12.856,0.672,13.026346287568579,0.33222591362127574,19.371358227328887,0.4940500615511119,13.627,insider-event,
002145.SZ,20250314,EVENT,3.7457,3,20250314,4.55,20250326,4.76,TP2_RUNNER,8,4.76,4.133,9.168,5.274725274725278,-3.076923076923066,0.5753424657534248,-0.33561643835616306,0.503,insider-event,
000404.SZ,20250314,EVENT,-0.1054,3,20250314,6.78,20250318,6.8,TP2_RUNNER,2,6.8,6.408,5.484,8.55457227138643,3.2448377581120846,1.5600384245917391,0.5917387127761752,0.054,insider-event,
688150.SH,20250326,EVENT,0.7985,3,20250326,19.821,20250407,19.591,SL_GAP,7,22.151,19.394,2.155,8.223601231017597,-14.277786186368003,3.816053511705642,-6.625418060200606,-0.538,insider-event,
002245_SZ.SZ,20250304,CONT,2.1873,3,,,,,,,,,,,,,,,,
003019_SZ.SZ,20250304,CONT,18.548,3,,,,,,,,,,,,,,,,
002580_SZ.SZ,20250305,CONT,19.4159,3,,,,,,,,,,,,,,,,
605100_SH.SH,20250305,CONT,11.0112,3,,,,,,,,,,,,,,,,
603067_SH.SH,20250311,CONT,10.2309,3,,,,,,,,,,,,,,,,
002283_SZ.SZ,20250312,CONT,-6.216,3,,,,,,,,,,,,,,,,
600595_SH.SH,20250312,CONT,-3.4138,3,,,,,,,,,,,,,,,,
603615_SH.SH,20250317,CONT,-15.3288,3,,,,,,,,,,,,,,,,
300402_SZ.SZ,20250321,CONT,-28.6137,3,,,,,,,,,,,,,,,,
688359_SH.SH,20250326,CONT,-22.2777,3,,,,,,,,,,,,,,,,
603579_SH.SH,20250327,CONT,-1.0075,3,,,,,,,,,,,,,,,,
002270.SZ,20250311,EVENT,-4.8472,2,20250311,15.87,20250331,15.162,SL_HIT,14,16.78,15.162,4.456,1.136127337000703,-7.370649728728351,0.25494909502262453,-1.6539875565610858,-1.0,insider-event,
688317.SH,20250313,EVENT,2.0979,2,20250313,17.285,20250403,17.64,TIME_STOP,15,17.9,16.628,3.804,3.787011003505869,-2.9238548138891707,0.9955244633701275,-0.7686191014165268,0.539,insider-event,
002145.SZ,20250321,EVENT,5.9623,2,20250321,4.455,20250326,4.76,TP2_RUNNER,3,4.76,4.405,1.122,7.519640852974185,-1.0101010101010055,6.700000000000023,-0.8999999999999991,6.1,insider-event,
301376.SZ,20250327,EVENT,-1.4706,2,20250327,18.546,20250331,18.347,SL_HIT,2,20.123,18.347,1.073,1.6517602221974181,-2.1766266735038564,1.5394130400447976,-2.0285798383275804,-1.0,insider-event,
301395.SZ,20250326,EVENT,3.9748,2,20250326,9.67,20250328,10.177,TP2_RUNNER,2,10.177,9.655,0.154,11.888748252384618,2.044192953283863,77.38974901432995,13.306664102317816,34.107,insider-event,
000929.SZ,20250328,EVENT,-11.1801,2,20250328,6.93,20250407,6.181,SL_HIT,5,7.77,6.181,10.802,-0.5772005772005762,-12.265512265512257,-0.053435114503816716,-1.1354961832061066,-1.0,insider-event,
688455.SH,20250314,EVENT,0.9928,1,20250314,11.61,20250324,11.61,BE,6,12.22,11.509,0.867,5.340223944875122,-3.4453057708871526,6.156028368794435,-3.971631205673803,0.0,insider-event,
003027.SZ,20250317,EVENT,0.9211,1,20250317,15.111,20250319,15.311,TP2_RUNNER,2,15.311,13.99,7.417,2.9117861160743885,0.5955926146515855,0.39260675589547506,0.08030592734225707,0.178,insider-event,
300592.SZ,20250401,EVENT,-1.0544,4,20250401,11.924,20250403,11.846,SL_HIT,2,13.144,11.846,0.656,2.7675276752767486,-1.2579671251258029,4.219178082191806,-1.9178082191781058,-1.0,insider-event,
002365_SZ.SZ,20250409,CONT,10.4064,3,,,,,,,,,,,,,,,,
601086_SH.SH,20250417,CONT,10.2402,3,,,,,,,,,,,,,,,,
603326_SH.SH,20250418,CONT,5.0363,3,,,,,,,,,,,,,,,,
603057_SH.SH,20250421,CONT,-7.3675,3,,,,,,,,,,,,,,,,
301033_SZ.SZ,20250422,CONT,3.088,3,,,,,,,,,,,,,,,,
603590_SH.SH,20250422,CONT,0.2512,3,,,,,,,,,,,,,,,,
002743_SZ.SZ,20250429,CONT,0.8072,3,,,,,,,,,,,,,,,,
688501_SH.SH,20250429,CONT,13.5324,3,,,,,,,,,,,,,,,,
601328.SH,20250401,EVENT,1.6268,2,20250401,6.859,20250403,6.998,TP2_RUNNER,2,6.998,6.489,5.395,4.3634963958289585,0.1353022138241622,0.8088523729363256,0.02508069373446127,0.376,insider-event,
300802.SZ,20250402,EVENT,-9.9329,1,20250402,17.797,20250407,16.097,SL_GAP,2,20.227,17.311,2.731,2.022812833623644,-21.23953475304827,0.7406318883174089,-7.776634827332797,-3.497,insider-event,
688093_SH.SH,20250507,CONT,-5.951,3,,,,,,,,,,,,,,,,
688112_SH.SH,20250507,CONT,-3.3276,3,,,,,,,,,,,,,,,,
002891_SZ.SZ,20250512,CONT,11.5261,3,,,,,,,,,,,,,,,,
002620_SZ.SZ,20250515,CONT,-8.8449,3,,,,,,,,,,,,,,,,
605016_SH.SH,20250515,CONT,6.8416,3,,,,,,,,,,,,,,,,
002052_SZ.SZ,20250516,CONT,1.3556,3,,,,,,,,,,,,,,,,
002956_SZ.SZ,20250516,CONT,-3.1642,3,,,,,,,,,,,,,,,,
002052_SZ.SZ,20250519,CONT,3.3599,3,,,,,,,,,,,,,,,,
600499_SH.SH,20250520,CONT,-0.4638,3,,,,,,,,,,,,,,,,
300069_SZ.SZ,20250527,CONT,-16.8596,3,,,,,,,,,,,,,,,,
688190.SH,20250619,EVENT,6.6293,7,20250619,82.031,20250710,88.67,TIME_STOP,15,97.46,79.119,3.55,14.797504370277714,-1.7327511172551047,4.168311683214928,-0.4880989757073895,2.28,insider-event,
603195.SH,20250611,EVENT,-3.8806,6,20250611,48.0,20250619,46.326,SL_HIT,6,49.279,46.326,3.488,1.1458333333333348,-3.5416666666666763,0.32853333333333457,-1.0154666666666718,-1.0,insider-event,
002919.SZ,20250612,EVENT,3.0622,6,20250612,16.72,20250702,17.3,TP2_RUNNER,14,17.3,14.583,12.78,4.366028708133984,-5.861244019138745,0.3416346314557926,-0.4586327929132536,0.271,insider-event,
688352.SH,20250619,EVENT,-0.639,6,20250619,10.85,20250624,10.8,SL_GAP,3,11.47,10.373,4.401,0.8294930875575979,-2.304147465437789,0.1884816753926692,-0.523560209424085,-0.105,insider-event,
688303.SH,20250605,EVENT,1.1051,5,20250605,18.9,20250612,18.9,BE,5,23.41,17.394,7.969,5.026455026455046,-1.005291005290998,0.6307801754802034,-0.1261560350960393,0.0,insider-event,
600756.SH,20250613,EVENT,-1.0674,5,20250613,15.068,20250630,14.88,SL_GAP,11,17.0,13.64,9.478,1.2092010777950302,-7.285735143816607,0.12757699732922526,-0.7686829180462331,-0.131,insider-event,
002870.SZ,20250618,EVENT,7.0169,5,20250618,30.071,20250709,32.255,TIME_STOP,15,35.175,29.836,0.781,10.953152928461574,-0.08729267988526468,14.026615969581718,-0.11178707224333573,9.3,insider-event,
688390.SH,20250619,EVENT,7.7381,5,20250619,41.293,20250704,44.66,TP2_RUNNER,11,44.66,39.028,5.485,9.340830990315506,-2.283443400681473,1.702881686250019,-0.4162835140300086,1.487,insider-event,
002163.SZ,20250604,EVENT,7.0793,4,20250604,8.38,20250625,9.08,TIME_STOP,15,9.45,8.021,4.279,10.978520286396186,1.3126491646777927,2.565737051792818,0.3067729083665297,1.952,insider-event,
002334.SZ,20250605,EVENT,0.468,4,20250605,7.59,20250610,7.59,BE,3,8.3,7.27,4.216,3.293807641633739,0.0,0.7812500000000039,0.0,0.0,insider-event,
600388.SH,20250611,EVENT,0.6525,4,20250611,11.381,20250618,11.501,TP2_RUNNER,5,11.501,10.793,5.162,3.690361128196118,-0.7029259291802092,0.7148936170212765,-0.1361702127659567,0.204,insider-event,
002111.SZ,20250613,EVENT,3.8195,4,20250613,10.1,20250704,10.56,TIME_STOP,15,10.99,9.674,4.215,6.6336633663366396,-0.8910891089108919,1.5738255033557078,-0.21140939597315478,1.081,insider-event,
000960.SZ,20250616,EVENT,-0.2956,4,20250616,14.36,20250618,14.36,BE,2,14.5,13.532,5.768,1.0445682451253546,-0.835654596100277,0.181112548512291,-0.14489003880983164,0.0,insider-event,
000543.SZ,20250616,EVENT,-2.2531,4,20250616,6.714,20250623,6.59,SL_HIT,5,6.942,6.59,1.857,2.201609131718252,-1.9686692939420714,1.1855951235162085,-1.0601539942252174,-1.0,insider-event,
601727.SH,20250616,EVENT,-1.1131,4,20250616,7.246,20250619,7.194,SL_HIT,3,8.136,7.194,0.715,2.76014352746341,-0.8280430582390363,3.8620689655171803,-1.1586206896551727,-1.0,insider-event,
002023.SZ,20250619,EVENT,-2.3222,4,20250619,10.217,20250620,10.02,SL_GAP,1,11.02,10.024,1.891,-1.143215096703487,-2.513507164669959,-0.6044654739021238,-1.328996007688897,-1.018,insider-event,
000338.SZ,20250605,EVENT,3.9484,3,20250605,13.894,20250625,14.574,TP2_RUNNER,14,14.574,13.455,3.154,6.264296089007493,-0.06952811570170025,1.9860282564333205,-0.022043147456336138,1.552,insider-event,
000725.SZ,20250609,EVENT,0.3791,3,20250609,3.844,20250625,3.874,TP2_RUNNER,12,3.874,3.73,2.964,1.5608740894901052,-2.0811654526534884,0.5266457680250765,-0.7021943573667736,0.263,insider-event,
601727.SH,20250609,EVENT,-3.4498,3,20250609,7.526,20250630,7.296,TIME_STOP,15,8.136,7.034,6.544,-0.13287270794578587,-5.713526441668881,-0.02030456852791848,-0.8730964467005081,-0.467,insider-event,
000725.SZ,20250611,EVENT,-0.1637,3,20250611,3.804,20250613,3.804,BE,2,3.874,3.659,3.812,1.051524710830698,-1.051524710830709,0.27586206896551635,-0.27586206896551924,0.0,insider-event,
002163.SZ,20250612,EVENT,-1.2918,3,20250612,8.771,20250616,8.63,SL_GAP,2,9.45,7.974,9.092,3.518252502451147,-2.638119342408285,0.38697311144152025,-0.2901671354101359,-0.177,insider-event,
002992.SZ,20250613,EVENT,-0.8291,3,20250613,58.113,20250620,57.59,SL_GAP,5,68.37,50.753,12.665,3.2471219864746326,-3.636019479290342,0.2563808932280046,-0.28708681896702276,-0.071,insider-event,
000333.SZ,20250618,EVENT,-0.0338,3,20250618,67.978,20250630,67.978,BE,8,72.789,65.728,3.31,2.059489834946615,-1.5593280178881175,0.6222024697628723,-0.4710961556775931,0.0,insider-event,
688298.SH,20250619,EVENT,6.0815,3,20250619,25.71,20250626,27.38,TP2_RUNNER,5,27.38,22.284,13.325,6.494284391858507,-0.8957499523537193,0.48735932216111083,-0.06722096897269159,0.487,insider-event,
688739.SH,20250619,EVENT,3.3247,3,20250619,25.008,20250710,26.191,TIME_STOP,15,26.97,24.421,2.35,5.808490670530975,0.41030230254728295,2.471788376971761,0.1746030974322655,2.012,insider-event,
688105.SH,20250619,EVENT,3.7477,3,20250619,16.117,20250710,16.787,TIME_STOP,15,17.888,15.364,4.671,7.835107835107835,-1.5709924800833885,1.6774548594308905,-0.3363411232245021,0.89,insider-event,
002262.SZ,20250619,EVENT,-0.8673,3,20250619,21.087,20250620,20.988,SL_HIT,1,23.86,20.988,0.468,0.6307203490302005,-0.5074216341821924,1.346348517715093,-1.0831525668835733,-1.0,insider-event,
000923.SZ,20250620,EVENT,0.5638,3,20250620,13.36,20250624,13.54,TP2_RUNNER,2,13.54,12.86,3.74,3.8173652694610816,0.8233532934131871,1.0207290922087238,0.22015725518227716,0.36,insider-event,
600330.SH,20250620,EVENT,4.2286,3,20250620,6.9,20250708,7.22,TP2_RUNNER,12,7.22,6.506,5.703,6.376811594202891,-1.3043478260869712,1.118170266836084,-0.22871664548920187,0.813,insider-event,
301001.SZ,20250623,EVENT,9.5734,3,20250623,29.28,20250714,31.78,TIME_STOP,15,34.455,28.761,1.774,13.387978142076506,2.8005464480874265,7.548830811554273,1.579092159559819,4.814,insider-event,
002192.SZ,20250623,EVENT,3.6801,3,20250623,28.62,20250625,29.85,TP2_RUNNER,2,29.85,27.714,3.166,8.979734451432563,2.0964360587002018,2.836420969649188,0.6621994481671232,1.358,insider-event,
601390.SH,20250625,EVENT,0.0578,3,20250625,5.234,20250630,5.234,BE,3,5.414,5.128,2.02,1.910584638899504,0.0,0.9459459459459449,0.0,0.0,insider-event,
601827.SH,20250627,EVENT,0.6059,3,20250627,7.939,20250718,8.019,TIME_STOP,15,8.349,7.713,2.843,2.645169416803106,-1.1336440357727628,0.9303797468354357,-0.39873417721518783,0.354,insider-event,
002734_SZ.SZ,20250603,CONT,27.5617,3,,,,,,,,,,,,,,,,
002174_SZ.SZ,20250605,CONT,-9.4443,3,,,,,,,,,,,,,,,,
600521_SH.SH,20250609,CONT,3.3921,3,,,,,,,,,,,,,,,,
603879_SH.SH,20250609,CONT,-6.3633,3,,,,,,,,,,,,,,,,
600193_SH.SH,20250610,CONT,-2.9083,3,,,,,,,,,,,,,,,,
002565_SZ.SZ,20250617,CONT,13.6678,3,,,,,,,,,,,,,,,,
301345_SZ.SZ,20250620,CONT,43.1645,3,,,,,,,,,,,,,,,,
688658_SH.SH,20250623,CONT,21.6978,3,,,,,,,,,,,,,,,,
002309_SZ.SZ,20250624,CONT,8.5719,3,,,,,,,,,,,,,,,,
688183_SH.SH,20250625,CONT,1.4986,3,,,,,,,,,,,,,,,,
300548_SZ.SZ,20250626,CONT,18.9601,3,,,,,,,,,,,,,,,,
600587.SH,20250604,EVENT,-4.247,2,20250604,14.939,20250619,14.363,SL_HIT,11,15.15,14.363,3.855,1.2778547569800125,-4.344973927478901,0.3314893828140531,-1.1271333597936137,-1.0,insider-event,
600985.SH,20250605,EVENT,-0.2267,2,20250605,11.53,20250609,11.55,TP2_RUNNER,2,11.55,11.056,4.107,3.555941023417164,1.040763226366015,0.8657616892911018,0.2533936651583751,0.042,insider-event,
000521.SZ,20250606,EVENT,-1.1682,2,20250606,6.865,20250613,6.812,SL_HIT,5,7.415,6.812,0.77,5.972323379461031,-1.7479970866715266,7.756756756756676,-2.2702702702702537,-1.0,insider-event,
603777.SH,20250609,EVENT,-13.3665,2,20250609,14.28,20250623,12.425,SL_HIT,10,15.3,12.425,12.993,-2.1008403361344463,-13.095238095238093,-0.16169393647738153,-1.0078922040423484,-1.0,insider-event,
301327.SZ,20250612,EVENT,0.8838,2,20250612,47.48,20250617,47.48,BE,3,52.386,47.081,0.841,4.632648419137153,-0.46419154008813246,5.506276150627575,-0.5517290705575333,0.0,insider-event,
600022.SH,20250612,EVENT,-3.424,2,20250612,1.32,20250619,1.28,SL_HIT,5,1.36,1.28,3.03,0.0,-3.0303030303030276,0.0,-0.9999999999999982,-1.0,insider-event,
000778.SZ,20250625,EVENT,2.4981,2,20250625,3.375,20250630,3.485,TP2_RUNNER,3,3.485,3.29,2.529,8.000000000000007,-0.2962962962962945,3.1631799163180006,-0.1171548117154807,1.289,insider-event,
002716.SZ,20250627,EVENT,12.2691,2,20250627,3.86,20250714,4.35,TP2_RUNNER,11,4.35,3.686,4.515,25.647668393782386,-0.7772020725388518,5.680327868852471,-0.1721311475409821,2.811,insider-event,
688084.SH,20250619,EVENT,3.4287,1,20250619,68.399,20250625,71.08,TP2_RUNNER,4,71.08,63.771,6.766,9.913726935003542,-5.700513603249169,1.4652941775715655,-0.84256197964419,0.579,insider-event,
601011.SH,20250625,EVENT,3.5823,1,20250625,2.584,20250627,2.69,TP2_RUNNER,2,2.69,2.366,8.43,6.4282673478075925,-0.1509346336932449,0.7625262329485866,-0.017903987408183584,0.487,insider-event,
002716.SZ,20250626,EVENT,13.1501,1,20250626,3.83,20250714,4.35,TP2_RUNNER,12,4.35,3.303,13.754,26.63185378590076,0.0,1.9362711864406759,0.0,0.987,insider-event,
603318.SH,20250626,EVENT,5.1566,1,20250626,6.502,20250714,6.882,TP2_RUNNER,12,6.882,6.142,5.537,6.459550907413103,-0.9227929867732909,1.1666666666666683,-0.1666666666666652,1.056,insider-event,
688788.SH,20250711,EVENT,12.7396,5,20250711,28.594,20250724,33.438,TP2_RUNNER,9,33.438,24.788,13.309,19.42365531230328,0.5245855773938546,1.4594117757465404,0.039415154188329006,1.273,insider-event,
000069.SZ,20250716,EVENT,2.1812,4,20250716,2.32,20250723,2.38,TP2_RUNNER,5,2.38,2.197,5.296,4.74137931034484,-1.2931034482758563,0.8953488372093085,-0.24418604651162784,0.488,insider-event,
000521.SZ,20250717,EVENT,2.1321,3,20250717,7.095,20250722,7.275,TP2_RUNNER,3,7.275,6.446,9.146,4.228329809725162,-0.986610288935863,0.4623004953219594,-0.10787011557512298,0.277,insider-event,
002413_SZ.SZ,20250704,CONT,-12.0936,3,,,,,,,,,,,,,,,,
688518_SH.SH,20250704,CONT,-2.1858,3,,,,,,,,,,,,,,,,
001896_SZ.SZ,20250714,CONT,-14.8341,3,,,,,,,,,,,,,,,,
603127_SH.SH,20250716,CONT,31.8238,3,,,,,,,,,,,,,,,,
601869_SH.SH,20250718,CONT,16.7943,3,,,,,,,,,,,,,,,,
603083_SH.SH,20250718,CONT,-3.4724,3,,,,,,,,,,,,,,,,
300308_SZ.SZ,20250724,CONT,9.2976,3,,,,,,,,,,,,,,,,
002384_SZ.SZ,20250729,CONT,3.3283,3,,,,,,,,,,,,,,,,
688226_SH.SH,20250729,CONT,23.9755,3,,,,,,,,,,,,,,,,
002028.SZ,20250703,EVENT,-3.8773,2,20250703,73.5,20250709,70.939,SL_HIT,4,75.19,70.939,3.484,0.16326530612245094,-3.6462585034013673,0.046855389764329194,-1.046437038070008,-1.0,insider-event,
688352.SH,20250703,EVENT,3.3935,2,20250703,11.05,20250722,11.47,TP2_RUNNER,13,11.47,10.205,7.647,4.7963800904977205,-1.4479638009049833,0.6272189349112399,-0.18934911242603616,0.497,insider-event,
300433.SZ,20250703,EVENT,1.8045,1,20250703,21.352,20250707,21.892,TP2_RUNNER,2,21.892,20.16,5.582,9.788310228550024,4.1213937804421175,1.7536709619418647,0.7383877734492065,0.453,insider-event,
688788.SH,20250724,EVENT,7.2203,1,20250724,31.066,20250728,33.438,TP2_RUNNER,2,33.438,27.874,10.275,21.801969999356217,7.290928989892498,2.121772208547776,0.7095547102260028,0.743,insider-event,
300910.SZ,20250801,EVENT,-0.8673,4,20250801,41.804,20250804,41.608,SL_HIT,1,45.528,41.608,0.468,0.9783752750932795,-1.25825279877525,2.0886376071493524,-2.6861207368229474,-1.0,insider-event,
002327.SZ,20250804,EVENT,1.5741,3,20250804,7.23,20250825,7.37,TIME_STOP,15,7.47,7.185,0.622,2.4896265560165887,0.0,3.999999999999914,0.0,3.111,insider-event,
300096.SZ,20250819,EVENT,9.5979,3,20250819,3.841,20250825,4.31,TP2_RUNNER,4,4.31,3.82,0.552,25.481620326981158,3.0927835051546504,46.169811320754974,5.60377358490571,22.113,insider-event,
600343_SH.SH,20250804,CONT,-2.1974,3,,,,,,,,,,,,,,,,
688156_SH.SH,20250804,CONT,-0.4761,3,,,,,,,,,,,,,,,,
688163_SH.SH,20250805,CONT,-1.8269,3,,,,,,,,,,,,,,,,
688265_SH.SH,20250805,CONT,41.216,3,,,,,,,,,,,,,,,,
300229_SZ.SZ,20250807,CONT,2.2231,3,,,,,,,,,,,,,,,,
300224_SZ.SZ,20250808,CONT,-4.8906,3,,,,,,,,,,,,,,,,
301268_SZ.SZ,20250811,CONT,-3.3139,3,,,,,,,,,,,,,,,,
603109_SH.SH,20250811,CONT,-4.8316,3,,,,,,,,,,,,,,,,
002148_SZ.SZ,20250812,CONT,2.1111,3,,,,,,,,,,,,,,,,
001277_SZ.SZ,20250814,CONT,-19.9775,3,,,,,,,,,,,,,,,,
000501_SZ.SZ,20250818,CONT,-12.6448,3,,,,,,,,,,,,,,,,
300855_SZ.SZ,20250818,CONT,-7.7048,3,,,,,,,,,,,,,,,,
688661_SH.SH,20250818,CONT,1.5822,3,,,,,,,,,,,,,,,,
601231_SH.SH,20250819,CONT,1.0892,3,,,,,,,,,,,,,,,,
688226_SH.SH,20250819,CONT,-14.8419,3,,,,,,,,,,,,,,,,
300809_SZ.SZ,20250820,CONT,-14.0701,3,,,,,,,,,,,,,,,,
600884_SH.SH,20250820,CONT,-3.1412,3,,,,,,,,,,,,,,,,
603893_SH.SH,20250821,CONT,0.696,3,,,,,,,,,,,,,,,,
002993_SZ.SZ,20250825,CONT,-13.2428,3,,,,,,,,,,,,,,,,
300274_SZ.SZ,20250825,CONT,37.8121,3,,,,,,,,,,,,,,,,
301057_SZ.SZ,20250825,CONT,9.8277,3,,,,,,,,,,,,,,,,
301526_SZ.SZ,20250825,CONT,11.8244,3,,,,,,,,,,,,,,,,
300004_SZ.SZ,20250826,CONT,-14.9107,3,,,,,,,,,,,,,,,,
301057_SZ.SZ,20250826,CONT,9.7279,3,,,,,,,,,,,,,,,,
300147_SZ.SZ,20250827,CONT,-5.6329,3,,,,,,,,,,,,,,,,
603021_SH.SH,20250827,CONT,7.3157,3,,,,,,,,,,,,,,,,
688260_SH.SH,20250827,CONT,-1.6071,3,,,,,,,,,,,,,,,,
000029_SZ.SZ,20250829,CONT,-2.2234,3,,,,,,,,,,,,,,,,
301448_SZ.SZ,20250829,CONT,50.7873,3,,,,,,,,,,,,,,,,
600107_SH.SH,20250829,CONT,17.9979,3,,,,,,,,,,,,,,,,
600487_SH.SH,20250829,CONT,-1.2728,3,,,,,,,,,,,,,,,,
605288_SH.SH,20250829,CONT,35.4265,3,,,,,,,,,,,,,,,,
000997.SZ,20250808,EVENT,-2.0075,2,20250808,29.037,20250828,28.569,SL_HIT,14,34.0,28.569,1.611,8.44896286423733,-3.570309298232921,5.244655509406311,-2.216253359394087,-1.0,insider-event,
300729.SZ,20250811,EVENT,-0.2541,2,20250811,14.38,20250813,14.38,BE,2,14.72,13.802,4.018,1.6689847009735637,-0.9040333796940248,0.4153275648949294,-0.2249690976514228,0.0,insider-event,
300203.SZ,20250828,EVENT,-0.1235,2,20250828,20.59,20250902,20.59,BE,3,22.59,18.936,8.031,5.196697425934915,-1.651287032540072,0.6470842332613385,-0.20561555075594,0.0,insider-event,
301197.SZ,20250929,EVENT,4.6795,4,20250929,19.452,20251028,20.442,TIME_STOP,15,22.432,18.3,5.925,6.580300226197799,-2.519021180341363,1.110629067245116,-0.425162689804774,0.859,insider-event,
000755.SZ,20250904,EVENT,1.2559,3,20250904,4.623,20250925,4.7,TIME_STOP,15,4.92,4.556,1.446,3.6056496441935426,-0.7202647459606748,2.4928434095278997,-0.4979705191198483,1.147,insider-event,
301197.SZ,20250904,EVENT,16.3759,3,20250904,18.692,20250922,22.152,TP2_RUNNER,12,22.152,17.862,4.438,20.008559811684123,-0.5884870532848252,4.507963839862239,-0.13258717176065365,4.17,insider-event,
002802.SZ,20250917,EVENT,0.127,3,20250917,13.072,20250922,13.072,BE,3,14.582,12.406,5.095,2.294981640146876,-2.0654834761321905,0.45040214477211793,-0.4053619302949065,0.0,insider-event,
688232.SH,20250917,EVENT,-0.0233,3,20250917,28.101,20250919,27.961,SL_GAP,2,31.631,27.155,3.365,2.7757019323155774,-3.2027329988256636,0.8247734138972821,-0.9516616314199401,-0.148,insider-event,
603121.SH,20250919,EVENT,3.2014,3,20250919,18.473,20250923,19.35,TP2_RUNNER,2,19.35,16.104,12.824,5.8278389468100045,-3.158054283456213,0.45443143308529993,-0.2462523667675684,0.37,insider-event,
688232.SH,20250926,EVENT,-1.2672,3,20250926,27.671,20250929,27.431,SL_GAP,1,28.881,27.465,0.745,0.9016861759160832,-1.6279932883989878,1.2100136480466739,-2.184678162432526,-1.166,insider-event,
688218_SH.SH,20250901,CONT,-7.3678,3,,,,,,,,,,,,,,,,
688433_SH.SH,20250901,CONT,18.9881,3,,,,,,,,,,,,,,,,
000972_SZ.SZ,20250908,CONT,-22.9557,3,,,,,,,,,,,,,,,,
002943_SZ.SZ,20250908,CONT,-4.8138,3,,,,,,,,,,,,,,,,
300756_SZ.SZ,20250908,CONT,8.7757,3,,,,,,,,,,,,,,,,
605133_SH.SH,20250908,CONT,2.2184,3,,,,,,,,,,,,,,,,
688088_SH.SH,20250908,CONT,-5.2341,3,,,,,,,,,,,,,,,,
688612_SH.SH,20250908,CONT,-2.8945,3,,,,,,,,,,,,,,,,
000830_SZ.SZ,20250909,CONT,-10.3974,3,,,,,,,,,,,,,,,,
603285_SH.SH,20250911,CONT,-16.7533,3,,,,,,,,,,,,,,,,
002715_SZ.SZ,20250912,CONT,1.558,3,,,,,,,,,,,,,,,,
688325_SH.SH,20250912,CONT,67.9818,3,,,,,,,,,,,,,,,,
001234_SZ.SZ,20250916,CONT,-11.1748,3,,,,,,,,,,,,,,,,
300736_SZ.SZ,20250916,CONT,-5.2462,3,,,,,,,,,,,,,,,,
002715_SZ.SZ,20250919,CONT,-5.8693,3,,,,,,,,,,,,,,,,
300111_SZ.SZ,20250922,CONT,13.4134,3,,,,,,,,,,,,,,,,
603216_SH.SH,20250922,CONT,0.09,3,,,,,,,,,,,,,,,,
301288_SZ.SZ,20250923,CONT,-4.4802,3,,,,,,,,,,,,,,,,
603298_SH.SH,20250924,CONT,-6.8595,3,,,,,,,,,,,,,,,,
300904_SZ.SZ,20250929,CONT,-4.27,3,,,,,,,,,,,,,,,,
301042_SZ.SZ,20250930,CONT,8.2663,3,,,,,,,,,,,,,,,,
603216_SH.SH,20250930,CONT,-11.442,3,,,,,,,,,,,,,,,,
002969.SZ,20250930,EVENT,5.0347,2,20250930,3.495,20251021,3.7,TP2_RUNNER,9,3.7,3.29,5.847,6.160757718831378,-1.565227344264175,1.0536213646532446,-0.2676873601789715,1.005,insider-event,
002198.SZ,20250904,EVENT,-3.5889,1,20250904,6.27,20250923,6.07,SL_HIT,13,7.18,6.07,3.195,5.422647527910707,-4.1467304625199315,1.6969696969697068,-1.2976827094474166,-1.0,insider-event,
300791.SZ,20250910,EVENT,-5.1692,1,20250910,24.871,20250923,23.682,SL_HIT,9,26.321,23.682,4.779,3.538257408226464,-6.433195287684446,0.7403846153846185,-1.3461538461538447,-1.0,insider-event,
000906.SZ,20251013,EVENT,0.3983,5,20251013,6.178,20251015,6.23,TP2_RUNNER,2,6.23,5.852,5.274,1.1719761719761745,-0.2849002849002802,0.22221247862498428,-0.054018503091155384,0.161,insider-event,
301258.SZ,20251014,EVENT,4.8762,3,20251014,33.557,20251103,35.787,TP2_RUNNER,14,35.787,31.196,7.035,11.353815895342233,-0.5066007092410008,1.6139183055975757,-0.07201210287443373,0.945,insider-event,
600686.SH,20251009,EVENT,4.2874,3,20251009,11.37,20251013,12.09,TP2_RUNNER,2,12.09,10.594,6.829,17.59014951627089,5.364995602462641,2.5758969641214424,0.7856485740570426,0.927,insider-event,
301325.SZ,20251028,EVENT,8.2868,3,20251028,57.1,20251118,62.07,TIME_STOP,15,72.48,53.025,7.137,17.338003502626975,-4.535901926444841,2.429234948733679,-0.635527122951539,1.22,insider-event,
300686_SZ.SZ,20251014,CONT,-1.2828,3,,,,,,,,,,,,,,,,
601011_SH.SH,20251017,CONT,-2.2619,3,,,,,,,,,,,,,,,,
603530_SH.SH,20251017,CONT,-2.1152,3,,,,,,,,,,,,,,,,
601001_SH.SH,20251021,CONT,-2.355,3,,,,,,,,,,,,,,,,
603843_SH.SH,20251022,CONT,50.5326,3,,,,,,,,,,,,,,,,
000592_SZ.SZ,20251024,CONT,100.2505,3,,,,,,,,,,,,,,,,
000933_SZ.SZ,20251030,CONT,9.0308,3,,,,,,,,,,,,,,,,
600648.SH,20251013,EVENT,2.0457,2,20251013,10.692,20251022,10.99,TP2_RUNNER,7,10.99,10.251,4.121,3.535353535353547,0.07482229704451893,0.8579766536964996,0.01815823605706863,0.676,insider-event,
605266.SH,20251013,EVENT,-0.0117,2,20251013,19.318,20251103,19.393,TIME_STOP,15,20.963,18.81,2.628,5.151344325228391,-1.2158172717799842,1.9599700626601875,-0.46259098672234505,0.148,insider-event,
000012.SZ,20251013,EVENT,0.096,2,20251013,4.644,20251016,4.644,BE,3,4.811,4.516,2.766,2.3020656361095737,-0.2818636159075072,0.832326804800212,-0.10190962374739304,0.0,insider-event,
002481.SZ,20251009,EVENT,9.8173,1,20251009,5.494,20251022,6.12,TP2_RUNNER,9,6.12,5.33,3.0,16.116116116116117,1.0101010101010166,5.371317157712343,0.33665511265165093,3.794,insider-event,
688166.SH,20251103,EVENT,-12.8658,7,20251103,56.81,20251121,49.714,SL_HIT,14,102.724,49.714,12.491,2.946374380920602,-14.955353056565945,0.23587968704200618,-1.1972898018083018,-1.0,insider-event,
000513.SZ,20251110,EVENT,-4.8666,5,20251110,35.9,20251121,34.293,SL_HIT,9,37.85,34.293,4.476,1.4484679665738298,-5.153203342618385,0.32362747277173026,-1.1513669704378755,-1.0,insider-event,
000995.SZ,20251119,EVENT,-4.1176,5,20251119,13.711,20251120,13.201,SL_HIT,1,14.14,13.201,3.725,-2.125952667468911,-5.5537322685337065,-0.5706894140679628,-1.4908404418962387,-1.0,insider-event,
000513.SZ,20251106,EVENT,-2.8781,4,20251106,35.15,20251121,34.277,SL_HIT,11,41.15,34.277,2.483,3.6130867709815107,-3.1294452347083945,1.4549918166939455,-1.260229132569559,-1.0,insider-event,
000513.SZ,20251107,EVENT,-3.446,4,20251107,35.36,20251121,34.281,SL_HIT,10,41.15,34.281,3.052,2.9977375565610975,-3.7047511312217285,0.9821310390469897,-1.2137657180675046,-1.0,insider-event,
600184.SH,20251121,EVENT,10.0526,4,20251121,16.886,20251201,18.757,TP2_RUNNER,6,18.757,16.396,2.907,11.136575344818311,1.246977602726007,3.8311850081926755,0.4289830355557893,3.811,insider-event,
002552.SZ,20251105,EVENT,1.3493,3,20251105,16.09,20251121,16.09,BE,12,18.5,14.747,8.348,8.328154133001853,-4.4748290863890645,0.9976070194097301,-0.5360276522201546,0.0,insider-event,
300592.SZ,20251105,EVENT,-1.2117,3,20251105,10.694,20251107,10.544,SL_GAP,2,11.964,9.701,9.284,1.4961660744342575,-2.1507387319992577,0.16115107913669,-0.23165467625899325,-0.151,insider-event,
601919.SH,20251103,EVENT,2.7467,3,20251103,14.59,20251110,15.05,TP2_RUNNER,5,15.05,12.908,11.529,3.358464701850594,-1.1651816312542862,0.2912951167728248,-0.1010615711252656,0.273,insider-event,
603855.SH,20251106,EVENT,0.0749,3,20251106,18.92,20251112,18.92,BE,4,20.99,17.562,7.175,3.118393234672312,-0.8985200845666008,0.4346224677716396,-0.1252302025782694,0.0,insider-event,
002120.SZ,20251106,EVENT,2.4283,3,20251106,7.34,20251111,7.59,TP2_RUNNER,3,7.59,7.121,2.983,3.8147138964577776,0.2724795640327127,1.2789559543230073,0.09135399673736246,1.142,insider-event,
600519.SH,20251107,EVENT,1.1634,3,20251107,1383.129,20251128,1395.319,TIME_STOP,15,1436.019,1354.236,2.089,3.684399647466008,-0.009398978692509719,1.7637795275590635,-0.004499437570301049,0.422,insider-event,
002589.SZ,20251107,EVENT,3.3115,3,20251107,2.958,20251114,3.068,TP2_RUNNER,5,3.068,2.825,4.479,5.409060175794456,0.0,1.2075471698113183,0.0,0.83,insider-event,
601919.SH,20251107,EVENT,0.6842,3,20251107,14.73,20251111,14.89,TP2_RUNNER,2,14.89,12.912,12.344,2.3761031907671315,0.5431093007467691,0.19249656256138184,0.04399921429974411,0.088,insider-event,
603369.SH,20251107,EVENT,0.5933,3,20251107,36.78,20251120,36.78,BE,9,39.23,36.324,1.241,4.812398042414334,-0.7612833061446445,3.8779342723004264,-0.6134585289514831,0.0,insider-event,
002311.SZ,20251120,EVENT,0.2074,3,20251120,57.955,20251124,57.955,BE,2,60.66,56.205,3.019,4.219509754186901,-0.422054504733016,1.3976909007773206,-0.13980338363054431,0.0,insider-event,
600557.SH,20251120,EVENT,0.659,3,20251120,15.27,20251127,15.27,BE,5,16.24,14.135,7.435,5.173542894564509,-2.8814669286182037,0.6958162944322123,-0.38754325259515576,0.0,insider-event,
600576.SH,20251119,EVENT,-0.2295,3,20251119,7.385,20251121,7.38,SL_GAP,2,8.99,6.984,5.441,1.8225146911474033,-3.051967395130928,0.33496871444823767,-0.5609357224118308,-0.013,insider-event,
002892.SZ,20251119,EVENT,-2.9843,3,20251119,13.017,20251121,12.679,SL_HIT,2,17.578,12.679,2.59,0.16502106553826223,-5.443236748378211,0.06372158464850879,-2.101862996050246,-1.0,insider-event,
002892.SZ,20251121,EVENT,-2.0574,3,20251121,12.729,20251124,12.518,SL_GAP,1,17.578,12.685,0.345,2.5812645038029824,-2.9963658988390707,7.481329690345735,-8.684426229507865,-4.814,insider-event,
002686.SZ,20251124,EVENT,1.3177,3,20251124,6.45,20251128,6.45,BE,4,7.04,6.208,3.749,6.04651162790697,-0.9302325581395432,1.6129985228951238,-0.24815361890694465,0.0,insider-event,
601233.SH,20251127,EVENT,0.5352,3,20251127,14.41,20251209,14.41,BE,8,16.46,13.407,6.957,8.53573907009022,-1.179736294240108,1.2269326683291761,-0.1695760598503734,0.0,insider-event,
605555.SH,20251128,EVENT,4.7466,3,20251128,16.91,20251219,17.2,TIME_STOP,15,20.42,15.55,8.043,13.246599645180357,-0.47309284447073496,1.6470588235294112,-0.05882352941176567,0.213,insider-event,
000908_SZ.SZ,20251103,CONT,16.3344,3,,,,,,,,,,,,,,,,
002497_SZ.SZ,20251106,CONT,29.2072,3,,,,,,,,,,,,,,,,
300438_SZ.SZ,20251106,CONT,-6.1222,3,,,,,,,,,,,,,,,,
603185_SH.SH,20251106,CONT,5.5628,3,,,,,,,,,,,,,,,,
600815_SH.SH,20251111,CONT,-6.4657,3,,,,,,,,,,,,,,,,
000007_SZ.SZ,20251113,CONT,1.7792,3,,,,,,,,,,,,,,,,
000820_SZ.SZ,20251114,CONT,1.262,3,,,,,,,,,,,,,,,,
300078_SZ.SZ,20251125,CONT,7.8508,3,,,,,,,,,,,,,,,,
300977.SZ,20251105,EVENT,4.3927,2,20251105,18.95,20251117,19.86,TP2_RUNNER,8,19.86,17.66,6.809,6.596306068601576,0.7915567282322122,0.9687240520343219,0.11624688624412202,0.705,insider-event,
002051.SZ,20251106,EVENT,4.2747,2,20251106,8.54,20251127,8.94,TIME_STOP,15,9.41,8.339,2.354,7.845433255269341,-2.1077283372365363,3.3321492007104987,-0.8952042628774461,1.989,insider-event,
600872.SH,20251106,EVENT,0.3393,2,20251106,17.69,20251121,17.62,SL_GAP,11,19.06,17.663,0.153,3.78745053702656,-1.9785189372526935,24.684210526316953,-12.894736842105955,-2.579,insider-event,
603128.SH,20251107,EVENT,0.8422,2,20251107,5.946,20251112,6.026,TP2_RUNNER,3,6.026,5.764,3.057,1.5136226034308864,-0.33636057854018464,0.4950884086444049,-0.11001964636541929,0.44,insider-event,
600609.SH,20251110,EVENT,0.4607,2,20251110,4.828,20251121,4.828,BE,9,5.357,4.378,9.316,6.187981931266751,-1.6823970689051615,0.664226436427505,-0.18059080038493128,0.0,insider-event,
301275.SZ,20251120,EVENT,-0.6857,2,20251120,53.401,20251126,53.101,SL_GAP,4,54.891,51.79,3.018,0.8052283665099802,-2.8089361622441578,0.2668439716312016,-0.9308510638297866,-0.186,insider-event,
300685.SZ,20251119,EVENT,-2.2209,2,20251119,22.211,20251120,21.805,SL_HIT,1,23.085,21.805,1.825,-0.3406023686834736,-2.726845004536105,-0.18665515235895588,-1.4943515271144403,-1.0,insider-event,
603160.SH,20251126,EVENT,-1.5537,2,20251126,78.861,20251211,77.949,SL_HIT,11,87.121,77.949,1.156,5.249743219081671,-1.5723868578892075,4.54054054054047,-1.3599686643164794,-1.0,insider-event,
600278.SH,20251128,EVENT,-2.1869,2,20251128,7.574,20251212,7.439,SL_HIT,10,8.661,7.439,1.791,4.970763708183656,-2.8317418070391454,2.7759497803945505,-1.581401472462418,-1.0,insider-event,
605507.SH,20251121,EVENT,2.5999,1,20251121,16.136,20251127,16.621,TP2_RUNNER,4,16.621,15.177,5.946,4.555032226078337,-1.0225582548339052,0.7660810005955934,-0.17197736748064218,0.506,insider-event,
002947.SZ,20251127,EVENT,3.5119,1,20251127,42.607,20251218,44.277,TIME_STOP,15,51.007,40.508,4.926,6.735982350318026,-1.5021005937991383,1.367364301514378,-0.3049174749021602,0.796,insider-event,
688310.SH,20251201,EVENT,-7.457,5,20251201,15.622,20251203,14.518,SL_HIT,2,21.45,14.518,7.071,-0.9742545864218743,-7.439413142835183,-0.13777496152801497,-1.052050330406444,-1.0,insider-event,
300184.SZ,20251201,EVENT,-5.3975,4,20251201,10.17,20251216,9.661,SL_HIT,11,11.39,9.661,5.008,1.5732546705998107,-6.096361848574228,0.31416549789621406,-1.217391304347822,-1.0,insider-event,
002387.SZ,20251201,EVENT,0.2988,4,20251201,9.0,20251204,9.0,BE,3,11.28,8.401,6.659,4.999999999999982,-0.5555555555555647,0.750893921334921,-0.083432657926104,0.0,insider-event,
000521.SZ,20251204,EVENT,-2.3233,3,20251204,6.529,20251209,6.403,SL_HIT,3,6.895,6.403,1.927,-0.06203046385001576,-2.3594550508879486,-0.03218482147924883,-1.2242152466367748,-1.0,insider-event,
600873.SH,20251231,EVENT,1.3556,3,20251231,9.722,20260107,9.932,TP2_RUNNER,3,9.932,9.502,2.263,2.777206336144844,-0.7200164575190349,1.2272727272727315,-0.3181818181818198,0.955,insider-event,
600734_SH.SH,20251202,CONT,-6.2606,3,,,,,,,,,,,,,,,,
603355_SH.SH,20251209,CONT,-11.8637,3,,,,,,,,,,,,,,,,
000901_SZ.SZ,20251215,CONT,14.1103,3,,,,,,,,,,,,,,,,
000935_SZ.SZ,20251216,CONT,-0.9149,3,,,,,,,,,,,,,,,,
002297_SZ.SZ,20251225,CONT,5.4911,3,,,,,,,,,,,,,,,,
300118_SZ.SZ,20251225,CONT,41.002,3,,,,,,,,,,,,,,,,
300531.SZ,20251204,EVENT,-2.52,2,20251204,16.772,20251216,16.415,SL_HIT,8,20.301,16.415,2.124,5.064576465320214,-2.5077526936921335,2.3839455040435014,-1.1804236346942691,-1.0,insider-event,
300834.SZ,20260105,EVENT,1.5024,6,20260105,23.085,20260107,23.525,TP2_RUNNER,2,23.525,20.682,10.409,8.706952566601679,3.6387264457439894,0.836504161712246,0.3495838287752674,0.183,insider-event,
600873.SH,20260116,EVENT,0.0066,6,20260116,9.951,20260120,9.992,TP2_RUNNER,2,9.992,9.587,3.659,4.4266782428342255,-0.5977000405969823,1.2098114451166357,-0.16335145908366996,0.111,insider-event,
601618.SH,20260128,EVENT,-0.1137,6,20260128,3.14,20260130,3.14,BE,2,3.17,2.946,6.187,7.643312101910826,-0.9554140127388644,1.235294117647058,-0.15441176470588402,0.0,insider-event,
603039.SH,20260108,EVENT,-0.1504,5,20260108,46.413,20260112,46.529,TP2_RUNNER,2,46.529,40.114,13.572,15.674487751276601,0.9156917243013929,1.1549190366036213,0.0674694969837175,0.018,insider-event,
002891.SZ,20260127,EVENT,-2.1891,5,20260127,50.074,20260128,49.176,SL_HIT,1,53.33,49.176,1.793,0.05152353906803242,-2.444771958413705,0.02873782700019631,-1.3635987524664264,-1.0,insider-event,
688310.SH,20260107,EVENT,0.0572,4,20260107,15.494,20260109,15.494,BE,2,15.73,13.45,13.192,2.688224093974889,-0.02259011843677161,0.20378136576500977,-0.0017124484518073989,0.0,insider-event,
688506.SH,20260109,EVENT,-8.1724,4,20260109,332.3,20260119,306.42,SL_GAP,6,404.0,307.172,7.562,6.52723442672285,-8.817333734577193,0.8631731548202793,-1.1660199832288685,-1.03,insider-event,
688506.SH,20260112,EVENT,-10.3783,4,20260112,340.461,20260119,306.42,SL_GAP,5,404.0,307.062,9.81,3.9737297370330493,-11.00302237260654,0.40507374076102176,-1.121625205310704,-1.019,insider-event,
002675.SZ,20260112,EVENT,-6.1694,4,20260112,14.53,20260202,13.69,TIME_STOP,15,15.17,13.063,10.097,3.7164487267721924,-7.777013076393658,0.36806231742940615,-0.7702044790652384,-0.573,insider-event,
002165.SZ,20260115,EVENT,4.6865,4,20260115,7.831,20260121,8.23,TP2_RUNNER,4,8.23,7.353,6.105,22.46357379100743,-1.4161846020253055,3.6797955951349315,-0.23198756835908269,0.835,insider-event,
002875.SZ,20260121,EVENT,0.2274,4,20260121,17.513,20260127,17.513,BE,4,18.38,15.207,13.165,2.437603850831671,-2.9298068303155955,0.18515787647467086,-0.2225451075641916,0.0,insider-event,
688093.SH,20260106,EVENT,-0.1253,3,20260106,37.082,20260108,37.082,BE,2,37.422,33.192,10.49,2.6158243891915234,-0.862952375815762,0.24935732647814926,-0.08226221079691538,0.0,insider-event,
688576.SH,20260109,EVENT,4.0171,3,20260109,43.959,20260113,46.185,TP2_RUNNER,2,46.185,40.885,6.992,6.31952501194295,2.5250801883573315,0.9038450365446955,0.3611475847964762,0.724,insider-event,
000048.SZ,20260109,EVENT,17.4427,3,20260109,15.27,20260122,18.0,TP2_RUNNER,9,18.0,12.293,19.497,23.64112639161755,-4.060248853962012,1.2125719769673704,-0.2082533589251437,0.917,insider-event,
002488.SZ,20260109,EVENT,1.8266,3,20260109,10.31,20260113,10.54,TP2_RUNNER,2,10.54,7.462,27.619,18.331716779825392,8.632395732298725,0.6637401229148366,0.3125548726953462,0.081,insider-event,
600872.SH,20260115,EVENT,0.1661,3,20260115,17.46,20260121,17.46,BE,4,17.79,16.51,5.441,2.0618556701030855,-0.9736540664375792,0.3789473684210516,-0.1789473684210542,0.0,insider-event,
002608.SZ,20260119,EVENT,-0.319,3,20260119,7.41,20260203,7.41,BE,11,7.78,7.191,2.955,3.7786774628880027,-0.26990553306343035,1.278955954323008,-0.09135399673735824,0.0,insider-event,
300129_SZ.SZ,20260105,CONT,50.0788,3,,,,,,,,,,,,,,,,
002169_SZ.SZ,20260107,CONT,1.0142,3,,,,,,,,,,,,,,,,
002582_SZ.SZ,20260109,CONT,36.5576,3,,,,,,,,,,,,,,,,
300984_SZ.SZ,20260109,CONT,-2.2482,3,,,,,,,,,,,,,,,,
000603_SZ.SZ,20260112,CONT,50.3059,3,,,,,,,,,,,,,,,,
688503_SH.SH,20260114,CONT,3.8927,3,,,,,,,,,,,,,,,,
300054_SZ.SZ,20260116,CONT,-4.4044,3,,,,,,,,,,,,,,,,
603650_SH.SH,20260116,CONT,-9.2833,3,,,,,,,,,,,,,,,,
000612_SZ.SZ,20260120,CONT,2.1447,3,,,,,,,,,,,,,,,,
002112_SZ.SZ,20260120,CONT,11.4901,3,,,,,,,,,,,,,,,,
300855_SZ.SZ,20260120,CONT,-2.8142,3,,,,,,,,,,,,,,,,
301073_SZ.SZ,20260120,CONT,-1.6834,3,,,,,,,,,,,,,,,,
000960_SZ.SZ,20260121,CONT,-3.7313,3,,,,,,,,,,,,,,,,
001373_SZ.SZ,20260121,CONT,6.6687,3,,,,,,,,,,,,,,,,
600547_SH.SH,20260121,CONT,-2.7236,3,,,,,,,,,,,,,,,,
300201_SZ.SZ,20260122,CONT,-0.3239,3,,,,,,,,,,,,,,,,
688155_SH.SH,20260122,CONT,12.7928,3,,,,,,,,,,,,,,,,
002358_SZ.SZ,20260123,CONT,6.4104,3,,,,,,,,,,,,,,,,
002339_SZ.SZ,20260126,CONT,11.5343,3,,,,,,,,,,,,,,,,
603012_SH.SH,20260127,CONT,1.1959,3,,,,,,,,,,,,,,,,
300594_SZ.SZ,20260128,CONT,5.7618,3,,,,,,,,,,,,,,,,
603861_SH.SH,20260128,CONT,5.0434,3,,,,,,,,,,,,,,,,
603986_SH.SH,20260128,CONT,-9.5316,3,,,,,,,,,,,,,,,,
688008_SH.SH,20260128,CONT,-0.8447,3,,,,,,,,,,,,,,,,
688179_SH.SH,20260128,CONT,-8.9233,3,,,,,,,,,,,,,,,,
688536_SH.SH,20260128,CONT,-11.3217,3,,,,,,,,,,,,,,,,
600176_SH.SH,20260129,CONT,26.0257,3,,,,,,,,,,,,,,,,
600305.SH,20260107,EVENT,-0.3236,2,20260107,7.86,20260113,7.86,BE,4,7.99,7.576,3.617,1.1450381679389388,-0.7633587786259555,0.31658291457286597,-0.2110552763819096,0.0,insider-event,
688310.SH,20260119,EVENT,0.9854,2,20260119,15.85,20260121,16.07,TP2_RUNNER,2,16.07,14.569,8.085,3.9116719242902054,0.2523659305993853,0.48383500557413456,0.031215161649946293,0.172,insider-event,
600872.SH,20260121,EVENT,-2.097,2,20260121,17.483,20260127,17.186,SL_HIT,4,17.79,17.186,1.701,0.9529038974112503,-2.7649084274225855,0.5603228751261166,-1.6258107913323367,-1.0,insider-event,
600211.SH,20260122,EVENT,-4.7206,2,20260122,43.655,20260212,41.765,TIME_STOP,15,45.135,40.399,7.459,0.32069636925895484,-7.398923376474642,0.04299188418512731,-0.991884185128319,-0.58,insider-event,
600872.SH,20260129,EVENT,2.9056,2,20260129,17.24,20260205,17.82,TP2_RUNNER,5,17.82,17.155,0.493,8.584686774941996,0.17401392111369152,17.411764705882177,0.3529411764705896,6.824,insider-event,
603858.SH,20260204,EVENT,1.0734,5,20260204,17.167,20260206,17.42,TP2_RUNNER,2,17.42,16.067,6.403,3.6897230668857084,0.19456386238392298,0.5762896915658284,0.030388499681556293,0.231,insider-event,
688617.SH,20260211,EVENT,-4.4858,5,20260211,244.003,20260312,234.013,TIME_STOP,15,268.693,218.491,10.456,3.23766511067487,-8.159735740954,0.3096608010303363,-0.780423613735948,-0.392,insider-event,
002286.SZ,20260209,EVENT,-0.7673,4,20260209,10.59,20260213,10.53,SL_GAP,4,10.6,9.09,14.161,0.28328611898016387,-2.6440037771482516,0.02000476303881835,-0.18671112169564189,-0.04,insider-event,
601137.SH,20260211,EVENT,7.1481,4,20260211,19.569,20260312,21.049,TIME_STOP,15,23.839,17.954,8.255,9.658132760999539,-1.2775307884919984,1.17001989829759,-0.15476453681185007,0.916,insider-event,
002633.SZ,20260224,EVENT,-0.2831,4,20260224,17.1,20260226,17.12,TP2_RUNNER,2,17.12,15.474,9.511,4.678362573099393,0.8771929824561209,0.49187527448396745,0.09222661396574229,0.012,insider-event,
301320.SZ,20260205,EVENT,3.3411,3,20260205,18.061,20260226,18.741,TP2_RUNNER,9,18.741,15.541,13.953,4.706273185316445,-0.332207518963501,0.3373015873015886,-0.023809523809522982,0.27,insider-event,
300679.SZ,20260210,EVENT,-6.9528,3,20260210,42.665,20260303,39.864,SL_HIT,9,51.715,39.864,6.566,1.7344427516699845,-10.078518692136406,0.26415094339622586,-1.5349311575726652,-1.0,insider-event,
600743.SH,20260211,EVENT,-0.2508,3,20260211,2.01,20260226,2.01,BE,5,2.07,1.85,7.96,2.9850746268656803,-3.482587064676612,0.3750000000000017,-0.43750000000000017,0.0,insider-event,
300679.SZ,20260213,EVENT,-3.8248,3,20260213,41.407,20260303,39.986,SL_HIT,6,51.715,39.986,3.432,4.825903989083913,-7.346024500836212,1.4061926663148123,-2.140516223076728,-1.0,insider-event,
603223.SH,20260213,EVENT,10.6041,3,20260213,9.395,20260303,10.74,TP2_RUNNER,6,10.74,8.996,4.251,16.23080116230802,0.05215484667540071,3.8181135314948182,0.012268841435062489,3.367,insider-event,
002475.SZ,20260225,EVENT,-1.9758,3,20260225,50.411,20260227,49.615,SL_HIT,2,60.181,49.615,1.579,2.1423895578345897,-2.4399436630894167,1.3566621803499235,-1.5450874831763164,-1.0,insider-event,
600208.SH,20260224,EVENT,0.2476,3,20260224,3.7,20260226,3.7,BE,2,4.09,3.51,5.145,3.7837837837837673,-1.0810810810810811,0.7354596622889265,-0.2101313320825513,0.0,insider-event,
600331_SH.SH,20260202,CONT,21.1029,3,,,,,,,,,,,,,,,,
603285_SH.SH,20260202,CONT,5.2827,3,,,,,,,,,,,,,,,,
603306_SH.SH,20260202,CONT,13.4052,3,,,,,,,,,,,,,,,,
605056_SH.SH,20260202,CONT,10.0995,3,,,,,,,,,,,,,,,,
002487_SZ.SZ,20260204,CONT,11.5697,3,,,,,,,,,,,,,,,,
000533_SZ.SZ,20260213,CONT,40.4357,3,,,,,,,,,,,,,,,,
603950_SH.SH,20260227,CONT,6.419,3,,,,,,,,,,,,,,,,
000404.SZ,20260206,EVENT,0.1464,2,20260206,6.76,20260210,6.8,TP2_RUNNER,2,6.8,6.569,2.821,3.2544378698224907,0.7396449704141883,1.1535580524344635,0.26217228464419123,0.21,insider-event,
600873.SH,20260206,EVENT,4.1276,2,20260206,10.209,20260212,10.672,TP2_RUNNER,4,10.672,9.574,6.221,5.907797917107471,2.577364020343076,0.9496542695572793,0.4143006887616246,0.729,insider-event,
600971.SH,20260211,EVENT,5.1356,2,20260211,6.613,20260224,6.98,TP2_RUNNER,3,6.98,5.886,10.995,5.848908244117834,0.2540373797858875,0.5319554411678036,0.023104579657754015,0.504,insider-event,
002570.SZ,20260213,EVENT,0.3389,2,20260213,6.08,20260304,6.08,BE,7,6.54,6.034,0.752,5.592105263157898,-2.631578947368418,7.4375000000000595,-3.5000000000000226,0.0,insider-event,
688317.SH,20260204,EVENT,0.042,1,20260204,21.483,20260210,21.483,BE,4,28.58,19.648,8.541,1.9410696830051588,-0.8518363357073011,0.2272744968271878,-0.09973916767236313,0.0,insider-event,
002955.SZ,20260319,EVENT,-2.8504,5,20260319,25.413,20260320,24.789,SL_HIT,1,27.9,24.789,2.455,1.2855473315153798,-3.2396422345779663,0.5235457063711857,-1.3193608204940341,-1.0,insider-event,
603885.SH,20260326,EVENT,1.6458,5,20260326,11.543,20260417,11.78,TIME_STOP,15,14.27,11.154,3.377,10.799244589982138,-1.4155274875686463,3.19781588976839,-0.4191586045148026,0.607,insider-event,
300633.SZ,20260319,EVENT,-5.5516,4,20260319,25.761,20260323,24.431,SL_GAP,2,29.021,24.633,4.376,-0.46500903116714065,-10.519048522968443,-0.10626369434662016,-2.4038091351826036,-1.18,insider-event,
000408.SZ,20260325,EVENT,6.9561,4,20260325,75.937,20260409,81.807,TP2_RUNNER,10,81.807,72.325,4.756,8.981129093854134,-2.199191435005332,1.888262632255523,-0.4623751606842691,1.625,insider-event,
000408.SZ,20260326,EVENT,8.4677,4,20260326,74.881,20260409,81.807,TP2_RUNNER,9,81.807,72.242,3.524,10.518568019526553,-0.8194776139036186,2.9850225306314373,-0.23255628868011016,2.625,insider-event,
300583.SZ,20260310,EVENT,-0.5219,3,20260310,14.595,20260313,14.577,SL_HIT,3,15.245,14.577,0.122,3.2887975334018327,-0.6851661527920605,26.880000000000624,-5.600000000000229,-1.0,insider-event,
000009.SZ,20260311,EVENT,-5.9054,3,20260311,9.18,20260323,8.674,SL_HIT,8,9.8,8.674,5.517,5.555555555555558,-7.4074074074074066,1.0070521861777186,-1.3427362482369574,-1.0,insider-event,
688278.SH,20260316,EVENT,-2.1037,3,20260316,69.473,20260318,68.287,SL_HIT,2,79.185,68.287,1.707,1.6146502430791854,-2.0270391841464064,0.945740868989213,-1.1872873445545271,-1.0,insider-event,
603317.SH,20260323,EVENT,-2.989,3,20260323,11.652,20260324,11.35,SL_HIT,1,14.36,11.35,2.594,-0.44883842674837693,-3.28089733357364,-0.1730069467416517,-1.2646377770426818,-1.0,insider-event,
300313.SZ,20260330,EVENT,11.0884,3,20260330,7.61,20260409,8.66,TP2_RUNNER,7,8.66,6.763,11.127,14.191852825229944,1.0512483574244502,1.2754112188949802,0.09447490510333277,1.24,insider-event,
603043.SH,20260330,EVENT,-3.9452,3,20260330,15.256,20260407,14.714,SL_HIT,5,17.57,14.714,3.553,2.124423993340274,-4.037126619865106,0.598002003268488,-1.1364067689387947,-1.0,insider-event,
002655_SZ.SZ,20260302,CONT,5.9493,3,,,,,,,,,,,,,,,,
600188_SH.SH,20260302,CONT,11.4052,3,,,,,,,,,,,,,,,,
600482_SH.SH,20260305,CONT,-11.9589,3,,,,,,,,,,,,,,,,
601898_SH.SH,20260312,CONT,-2.7054,3,,,,,,,,,,,,,,,,
301265_SZ.SZ,20260317,CONT,0.9915,3,,,,,,,,,,,,,,,,
300868_SZ.SZ,20260324,CONT,6.0426,3,,,,,,,,,,,,,,,,
688251_SH.SH,20260325,CONT,-3.1379,3,,,,,,,,,,,,,,,,
002309_SZ.SZ,20260331,CONT,-16.2417,3,,,,,,,,,,,,,,,,
600909.SH,20260311,EVENT,-3.6518,2,20260311,6.05,20260320,5.853,SL_HIT,7,7.73,5.853,3.259,1.6528925619834878,-5.289256198347103,0.5072463768116007,-1.6231884057971044,-1.0,insider-event,
600679.SH,20260319,EVENT,-3.3432,2,20260319,12.006,20260320,11.652,SL_HIT,1,13.047,11.652,2.949,-0.1560088391126535,-4.820448235967323,-0.05289658316556338,-1.6344281674002759,-1.0,insider-event,
605162_SH.SH,20260401,CONT,10.4529,3,,,,,,,,,,,,,,,,
002713_SZ.SZ,20260408,CONT,10.1528,3,,,,,,,,,,,,,,,,
002902_SZ.SZ,20260414,CONT,2.576,3,,,,,,,,,,,,,,,,
002281_SZ.SZ,20260416,CONT,34.3896,3,,,,,,,,,,,,,,,,
002281_SZ.SZ,20260417,CONT,35.6861,3,,,,,,,,,,,,,,,,
301222_SZ.SZ,20260417,CONT,29.8452,3,,,,,,,,,,,,,,,,
688383_SH.SH,20260417,CONT,3.5317,3,,,,,,,,,,,,,,,,
603165_SH.SH,20260420,CONT,8.5821,3,,,,,,,,,,,,,,,,
301369_SZ.SZ,20260423,CONT,37.1808,3,,,,,,,,,,,,,,,,
603950_SH.SH,20260423,CONT,15.0388,3,,,,,,,,,,,,,,,,
003031_SZ.SZ,20260428,CONT,26.8506,3,,,,,,,,,,,,,,,,
605006_SH.SH,20260428,CONT,28.4216,3,,,,,,,,,,,,,,,,
002273_SZ.SZ,20260430,CONT,10.7384,3,,,,,,,,,,,,,,,,
002384_SZ.SZ,20260430,CONT,16.8197,3,,,,,,,,,,,,,,,,
003031_SZ.SZ,20260430,CONT,35.3134,3,,,,,,,,,,,,,,,,
301603_SZ.SZ,20260430,CONT,26.7856,3,,,,,,,,,,,,,,,,
603139_SH.SH,20260430,CONT,5.5119,3,,,,,,,,,,,,,,,,
688683_SH.SH,20260430,CONT,1.1268,3,,,,,,,,,,,,,,,,
000063.SZ,20260529,EVENT,1.4191,5,20260529,37.513,20260608,37.513,BE,6,39.792,33.608,10.41,9.007311583053168,-8.319977991676497,0.8652785104550711,-0.7992504863717135,0.0,insider-event,
600239.SH,20260529,EVENT,-6.55,4,20260529,1.53,20260609,1.436,SL_HIT,7,2.26,1.436,6.162,3.267973856209161,-8.496732026143794,0.5303030303030319,-1.3787878787878791,-1.0,insider-event,
603456.SH,20260527,EVENT,-1.7278,3,20260527,12.603,20260528,12.435,SL_HIT,1,17.69,12.435,1.331,0.295968324247986,-2.243170114340576,0.2224209898628536,-1.6857483601669458,-1.0,insider-event,
002938_SZ.SZ,20260506,CONT,23.7167,3,,,,,,,,,,,,,,,,
003031_SZ.SZ,20260506,CONT,30.8796,3,,,,,,,,,,,,,,,,
688069_SH.SH,20260506,CONT,45.1166,3,,,,,,,,,,,,,,,,
002938_SZ.SZ,20260507,CONT,25.5635,3,,,,,,,,,,,,,,,,
301371_SZ.SZ,20260507,CONT,5.4799,3,,,,,,,,,,,,,,,,
688381_SH.SH,20260507,CONT,28.5425,3,,,,,,,,,,,,,,,,
002916_SZ.SZ,20260512,CONT,25.5841,3,,,,,,,,,,,,,,,,
300054_SZ.SZ,20260512,CONT,18.5593,3,,,,,,,,,,,,,,,,
603682_SH.SH,20260512,CONT,-5.4934,3,,,,,,,,,,,,,,,,
688508_SH.SH,20260512,CONT,6.3858,3,,,,,,,,,,,,,,,,
000668_SZ.SZ,20260514,CONT,1.0686,3,,,,,,,,,,,,,,,,
300475_SZ.SZ,20260514,CONT,-3.6178,3,,,,,,,,,,,,,,,,
300706_SZ.SZ,20260514,CONT,6.7505,3,,,,,,,,,,,,,,,,
688110_SH.SH,20260514,CONT,-11.271,3,,,,,,,,,,,,,,,,
688290_SH.SH,20260514,CONT,2.6271,3,,,,,,,,,,,,,,,,
000668_SZ.SZ,20260515,CONT,-0.9096,3,,,,,,,,,,,,,,,,
001339_SZ.SZ,20260518,CONT,3.8678,3,,,,,,,,,,,,,,,,
301285_SZ.SZ,20260518,CONT,-5.3475,3,,,,,,,,,,,,,,,,
601208_SH.SH,20260518,CONT,5.0701,3,,,,,,,,,,,,,,,,
603162_SH.SH,20260518,CONT,-8.3698,3,,,,,,,,,,,,,,,,
688017_SH.SH,20260518,CONT,-4.4363,3,,,,,,,,,,,,,,,,
002635_SZ.SZ,20260519,CONT,-3.8504,3,,,,,,,,,,,,,,,,
300408_SZ.SZ,20260519,CONT,49.9508,3,,,,,,,,,,,,,,,,
301123_SZ.SZ,20260519,CONT,17.8385,3,,,,,,,,,,,,,,,,
603336_SH.SH,20260519,CONT,-27.5771,3,,,,,,,,,,,,,,,,
603608_SH.SH,20260519,CONT,26.8395,3,,,,,,,,,,,,,,,,
688179_SH.SH,20260519,CONT,-10.4508,3,,,,,,,,,,,,,,,,
003004_SZ.SZ,20260520,CONT,58.5642,3,,,,,,,,,,,,,,,,
002273_SZ.SZ,20260520,CONT,-5.8821,3,,,,,,,,,,,,,,,,
002993_SZ.SZ,20260520,CONT,7.3483,3,,,,,,,,,,,,,,,,
603936_SH.SH,20260520,CONT,5.2934,3,,,,,,,,,,,,,,,,
605358_SH.SH,20260520,CONT,3.7469,3,,,,,,,,,,,,,,,,
688052_SH.SH,20260520,CONT,7.7877,3,,,,,,,,,,,,,,,,
600936_SH.SH,20260522,CONT,3.9812,3,,,,,,,,,,,,,,,,
300106_SZ.SZ,20260525,CONT,-10.9349,3,,,,,,,,,,,,,,,,
600730_SH.SH,20260525,CONT,1.7685,3,,,,,,,,,,,,,,,,
300825_SZ.SZ,20260526,CONT,7.5147,3,,,,,,,,,,,,,,,,
688107_SH.SH,20260526,CONT,-17.3429,3,,,,,,,,,,,,,,,,
002782_SZ.SZ,20260527,CONT,-18.3149,3,,,,,,,,,,,,,,,,
600827.SH,20260529,EVENT,1.8886,2,20260529,7.85,20260609,7.85,BE,7,8.61,7.768,1.042,7.898089171974543,-0.3821656050955302,7.580786026200907,-0.3668122270742258,0.0,insider-event,
688068.SH,20260527,EVENT,-8.8787,2,20260527,85.209,20260617,77.97,TIME_STOP,15,127.86,71.362,16.251,10.293125280925919,-11.51200631855912,0.63339354854684,-0.7083981136922378,-0.523,insider-event,
600567.SH,20260611,EVENT,-5.2521,7,20260611,1.356,20260612,1.29,SL_HIT,1,1.4,1.29,4.862,6.171201061712006,-4.888299048882994,1.2692807625649916,-1.0054159445407294,-1.0,insider-event,
603987.SH,20260612,EVENT,-0.934,6,20260612,7.118,20260618,7.08,SL_GAP,4,8.67,7.118,0.003,3.6793526362371987,-0.5352551945041473,1078.4117647095227,-156.88235294170482,-156.882,insider-event,
301223.SZ,20260616,EVENT,-2.6463,6,20260616,16.78,20260617,16.402,SL_HIT,1,20.003,16.402,2.251,-1.0727056019070313,-4.290822407628148,-0.4765506807866849,-1.9062027231467493,-1.0,insider-event,
300193.SZ,20260616,EVENT,-6.1123,6,20260616,8.316,20260708,7.84,TIME_STOP,15,8.66,6.971,16.173,-0.19240019240018835,-10.17316017316019,-0.011896542567316115,-0.6290296882468539,-0.354,insider-event,
002758.SZ,20260615,EVENT,-2.99,6,20260615,7.885,20260617,7.68,SL_HIT,2,8.605,7.68,2.595,1.775523145212432,-2.7901077996195234,0.6841186736474716,-1.0750436300174504,-1.0,insider-event,
688377.SH,20260604,EVENT,-9.5393,5,20260604,31.373,20260605,28.5,SL_GAP,1,37.292,29.079,7.311,-5.237289270107192,-12.026545033802838,-0.7163847227066614,-1.6450558074642465,-1.253,insider-event,
605507.SH,20260605,EVENT,-8.4015,5,20260605,15.84,20260629,14.57,SL_GAP,15,16.964,14.659,7.459,4.292929292929282,-9.469696969696972,0.5755395683453224,-1.2695725772323323,-1.075,insider-event,
002332.SZ,20260611,EVENT,0.1146,5,20260611,8.474,20260616,8.474,BE,3,8.91,8.126,4.106,2.190125554611533,-1.1139431700179392,0.5333771245586635,-0.27128664093932126,0.0,insider-event,
301333.SZ,20260616,EVENT,14.4473,5,20260616,45.442,20260708,51.98,TIME_STOP,15,70.081,42.623,6.204,23.102003235333648,-1.0144582136477842,3.723749305148402,-0.16351777071848672,2.319,insider-event,
300871.SZ,20260615,EVENT,9.0468,5,20260615,22.281,20260707,24.39,TIME_STOP,15,28.571,19.131,14.138,10.722139939859087,-4.488128899061983,0.7584126984126999,-0.31746031746031766,0.67,insider-event,
600109.SH,20260615,EVENT,5.0246,5,20260615,8.5,20260707,8.89,TIME_STOP,15,9.26,7.402,12.912,8.000000000000007,-2.70588235294118,0.6195899772209572,-0.2095671981776768,0.355,insider-event,
603899.SH,20260601,EVENT,-9.8899,4,20260601,22.82,20260622,20.65,SL_HIT,14,25.186,20.65,9.509,3.4203203400600346,-10.164552246981751,0.3596892590276171,-1.068929194509364,-1.0,insider-event,
605507.SH,20260603,EVENT,-3.1946,4,20260603,15.484,20260625,15.05,TIME_STOP,15,16.964,14.764,4.645,6.6935338035082115,-4.414993929060429,1.4409597394085008,-0.9504439192007472,-0.603,insider-event,
300347.SZ,20260611,EVENT,19.2703,4,20260611,38.253,20260703,45.339,TIME_STOP,15,59.379,37.473,2.039,30.65513699588078,-0.16628930679501996,15.033089938775811,-0.081547249494991,9.085,insider-event,
002206.SZ,20260611,EVENT,2.0874,4,20260611,5.207,20260629,5.207,BE,11,6.25,5.013,3.743,8.883511925337029,-1.6783807658332317,2.3735248845561894,-0.44843509492047134,0.0,insider-event,
300702.SZ,20260612,EVENT,13.0034,4,20260612,19.3,20260706,21.94,TIME_STOP,15,24.19,17.441,9.632,17.046632124352335,-4.300518134715037,1.7698366954851112,-0.4464937560038437,1.42,insider-event,
600187.SH,20260612,EVENT,-7.5824,4,20260612,1.584,20260706,1.47,TIME_STOP,15,1.92,1.137,28.211,2.2727272727272707,-21.085858585858585,0.08056265984654722,-0.7474424552429665,-0.255,insider-event,
300347.SZ,20260615,EVENT,0.5654,4,20260615,39.302,20260622,39.302,BE,4,46.849,37.495,4.598,4.903031677005831,-2.3485058397776593,1.0662283901677916,-0.5107133230627939,0.0,insider-event,
300245.SZ,20260601,EVENT,-2.2301,3,20260601,6.66,20260604,6.538,SL_HIT,3,14.42,6.538,1.834,6.606606606606591,-4.95495495495496,3.6023391812865357,-2.701754385964911,-1.0,insider-event,
600585.SH,20260603,EVENT,-4.9084,3,20260603,19.325,20260608,18.452,SL_HIT,3,22.98,18.452,4.518,-0.95628415300546,-5.096042391124356,-0.21168038487342566,-1.1280456873557925,-1.0,insider-event,
300583.SZ,20260604,EVENT,-1.8729,3,20260604,12.469,20260605,12.285,SL_GAP,1,15.865,12.394,0.602,1.9724838700622582,-2.83943042974405,3.2740325187791033,-4.713036036892671,-2.45,insider-event,
000801.SZ,20260604,EVENT,-3.1856,3,20260604,12.89,20260605,12.53,SL_GAP,1,14.62,12.638,1.952,-1.0845785039333422,-5.506679700228078,-0.5556754301288979,-2.8213048662767615,-1.43,insider-event,
000409.SZ,20260604,EVENT,-4.5264,3,20260604,9.524,20260610,9.13,SL_HIT,4,10.8,9.13,4.135,2.165102165102173,-4.764904764904754,0.5236160487557147,-1.152361604875567,-1.0,insider-event,
603858.SH,20260604,EVENT,-3.5877,3,20260604,14.84,20260610,14.366,SL_HIT,4,16.75,14.366,3.194,0.807946038099483,-3.639463345934324,0.25293834006389326,-1.139382797902478,-1.0,insider-event,
688513.SH,20260605,EVENT,-2.2323,3,20260605,46.391,20260608,45.54,SL_HIT,1,67.966,45.54,1.836,2.0447755402941192,-2.589704126195802,1.1136043469511063,-1.4103776749178258,-1.0,insider-event,
300453.SZ,20260611,EVENT,0.972,3,20260611,8.96,20260626,8.96,BE,10,9.96,8.891,0.768,10.832077682906416,-0.5524861878453025,14.109034267912607,-0.7196261682242886,0.0,insider-event,
601800.SH,20260612,EVENT,-3.3188,3,20260612,6.203,20260617,6.022,SL_HIT,3,7.573,6.022,2.925,4.0303079155247445,-3.7078832822827756,1.377952755905511,-1.2677165354330737,-1.0,insider-event,
300883.SZ,20260616,EVENT,-3.0934,3,20260616,6.326,20260622,6.155,SL_HIT,3,8.0,6.155,2.699,4.645832345362866,-4.838684181407182,1.7213018741633241,-1.79275435073628,-1.0,insider-event,
600872.SH,20260615,EVENT,-6.592,3,20260615,17.51,20260629,16.424,SL_HIT,9,20.76,16.424,6.205,1.37064534551683,-7.881210736721888,0.2209072978303715,-1.2702169625246549,-1.0,insider-event,
002223.SZ,20260615,EVENT,-4.0712,3,20260615,25.96,20260618,25.005,SL_HIT,3,30.36,25.005,3.679,0.500770416024654,-4.853620955315874,0.1361256544502622,-1.3193717277486945,-1.0,insider-event,
603579.SH,20260615,EVENT,-0.2985,3,20260615,18.72,20260624,18.55,SL_GAP,6,22.34,17.287,7.654,11.538461538461542,-1.1217948717948567,1.5074775672981076,-0.14656031904286954,-0.119,insider-event,
000801.SZ,20260615,EVENT,-1.4207,3,20260615,12.226,20260616,12.101,SL_HIT,1,14.62,12.101,1.023,-0.05316321105793831,-4.1426409847462375,-0.05197030268417158,-4.049685893775014,-1.0,insider-event,
000564.SZ,20260617,EVENT,-4.9047,3,20260617,1.584,20260618,1.512,SL_HIT,1,1.89,1.512,4.514,-2.146464646464652,-9.090909090909093,-0.4755244755244759,-2.013986013986011,-1.0,insider-event,
301097.SZ,20260618,EVENT,-6.2915,3,20260618,36.016,20260710,33.89,TIME_STOP,15,46.336,32.021,11.091,8.229074694165384,-7.958085528179004,0.7419264281742186,-0.7174942737137983,-0.532,insider-event,
002962_SZ.SZ,20260603,CONT,-11.0477,3,,,,,,,,,,,,,,,,
301566_SZ.SZ,20260603,CONT,-1.7802,3,,,,,,,,,,,,,,,,
301568_SZ.SZ,20260603,CONT,47.2476,3,,,,,,,,,,,,,,,,
300037_SZ.SZ,20260605,CONT,13.5243,3,,,,,,,,,,,,,,,,
601678_SH.SH,20260623,CONT,-4.5478,3,,,,,,,,,,,,,,,,
002876_SZ.SZ,20260625,CONT,-11.6286,3,,,,,,,,,,,,,,,,
002937_SZ.SZ,20260625,CONT,1.3998,3,,,,,,,,,,,,,,,,
603290_SH.SH,20260630,CONT,-20.5931,3,,,,,,,,,,,,,,,,
600179.SH,20260603,EVENT,4.5809,2,20260603,4.346,20260605,4.62,TP2_RUNNER,2,4.62,4.189,3.608,9.75357216815076,2.1605577414233634,2.7031975949713027,0.5987974856518221,1.747,insider-event,
002932.SZ,20260604,EVENT,-2.4388,2,20260604,15.721,20260605,15.4,SL_GAP,1,17.79,15.523,1.262,0.4376256265424816,-2.615576419102872,0.3468740996830695,-2.073177758571009,-1.619,insider-event,
300611.SZ,20260605,EVENT,-0.3183,2,20260605,25.75,20260616,25.75,BE,7,29.83,23.598,8.356,9.90333943044439,-0.34912756942745427,1.185163791844268,-0.04178119481071319,0.0,insider-event,
301078.SZ,20260605,EVENT,-2.1953,2,20260605,8.187,20260608,8.04,SL_GAP,1,9.89,8.184,0.041,-0.2113028715205134,-5.096918398006656,-5.13135593220578,-123.77542372887808,-43.691,insider-event,
688278.SH,20260605,EVENT,9.9354,2,20260605,53.559,20260612,59.845,TP2_RUNNER,5,59.845,53.074,0.905,13.295617916690006,1.6262439552642949,14.691128794577159,1.7969348659004016,12.968,insider-event,
688606.SH,20260608,EVENT,-7.2355,2,20260608,49.154,20260617,45.787,SL_HIT,7,61.38,45.787,6.849,-0.08849827580945657,-8.226270764035116,-0.012920609326601116,-1.201022616370348,-1.0,insider-event,
603118.SH,20260612,EVENT,-2.0154,2,20260612,12.09,20260626,11.894,SL_HIT,9,17.67,11.894,1.619,11.083540115798174,-4.218362282878408,6.846715328467117,-2.6058394160583793,-1.0,insider-event,
300082.SZ,20260616,EVENT,-14.6459,2,20260616,9.67,20260708,8.29,SL_HIT,15,13.25,8.29,14.275,5.480868665977234,-18.407445708376425,0.38395860284605376,-1.289521345407505,-1.0,insider-event,
300791.SZ,20260615,EVENT,-4.8095,2,20260615,17.0,20260626,16.249,SL_HIT,8,18.851,16.249,4.418,5.1764705882352935,-7.058823529411762,1.1715481171548134,-1.5975656143020178,-1.0,insider-event,
000100.SZ,20260610,EVENT,2.0876,1,20260610,4.722,20260618,4.84,TP2_RUNNER,6,4.84,4.023,14.804,10.962878258475751,-5.76625796751582,0.7405386627431751,-0.3895087461173771,0.168,insider-event,
600770.SH,20260610,EVENT,-2.0446,1,20260610,5.831,20260611,5.735,SL_HIT,1,8.78,5.735,1.648,1.0101010101010166,-2.934266261940266,0.6129032258064564,-1.780437044745048,-1.0,insider-event,
301446.SZ,20260724,EVENT,18.4604,7,20260724,31.977,20260814,38.02,TIME_STOP,15,44.88,30.285,5.29,24.71463864652721,-5.150576977202359,4.671789891483348,-0.9736097622767381,3.572,insider-event,
600382.SH,20260729,EVENT,-0.7192,7,20260729,6.25,20260819,6.23,TIME_STOP,15,9.68,5.122,18.046,9.119999999999994,-2.8799999999999937,0.5053831538948699,-0.1595946801773271,-0.018,insider-event,
300143.SZ,20260720,EVENT,5.307,6,20260720,7.009,20260728,7.5,TP2_RUNNER,6,7.5,6.326,9.751,8.42892198824401,-1.9859613079951988,0.8643926093136013,-0.20366190117883043,0.718,insider-event,
002019.SZ,20260720,EVENT,-1.026,6,20260720,10.2,20260722,10.1,SL_GAP,2,10.36,9.316,8.662,2.1568627450980538,-2.0588235294117574,0.24898949070331605,-0.23767178658043558,-0.113,insider-event,
002888.SZ,20260728,EVENT,12.4718,6,20260728,15.731,20260818,17.76,TIME_STOP,15,23.22,12.871,18.183,20.525583080649177,-2.613294683779266,1.1288337736668892,-0.14372187567111333,0.709,insider-event,
603390.SH,20260729,EVENT,8.2803,6,20260729,9.52,20260819,10.3,TIME_STOP,15,11.11,8.326,12.545,11.239495798319332,-0.9453781512605008,0.8959330143540661,-0.07535885167464079,0.653,insider-event,
000564.SZ,20260730,EVENT,2.4721,6,20260730,1.39,20260803,1.43,TP2_RUNNER,2,1.43,1.249,10.123,4.316546762589923,-0.7194244604316502,0.42639593908629436,-0.07106598984771537,0.284,insider-event,
603920.SH,20260731,EVENT,15.4651,6,20260731,32.9,20260821,38.13,TIME_STOP,15,62.49,30.579,7.054,27.051671732522784,-6.322188449848021,3.8350261618959682,-0.8962757771622035,2.254,insider-event,
600406.SH,20260721,EVENT,0.3002,5,20260721,23.324,20260723,23.488,TP2_RUNNER,2,23.488,20.985,10.03,5.0402153967519014,-0.10461147982369079,0.5025220141916745,-0.010430024792680598,0.07,insider-event,
600557.SH,20260720,EVENT,-0.1056,5,20260720,12.721,20260722,12.72,SL_GAP,2,12.85,11.443,10.051,3.211099320048749,-1.1122902173485771,0.31947935869504607,-0.11066420870342375,-0.001,insider-event,
000695.SZ,20260722,EVENT,4.2937,5,20260722,12.484,20260724,13.08,TP2_RUNNER,2,13.08,11.057,11.432,6.777529457941833,2.7723708136079495,0.5928747322268725,0.24251736771507162,0.418,insider-event,
300014.SZ,20260722,EVENT,4.0299,5,20260722,53.668,20260812,56.05,TIME_STOP,15,70.44,49.104,8.505,6.8236320034881,-3.853141263213211,0.8023304945493441,-0.4530567788095889,0.522,insider-event,
600382.SH,20260723,EVENT,11.2901,5,20260723,5.72,20260813,6.39,TIME_STOP,15,9.68,5.578,2.485,19.23076923076925,-0.6993006993006978,7.738693467336705,-0.2814070351758792,4.714,insider-event,
688032.SH,20260723,EVENT,6.928,5,20260723,74.854,20260813,80.35,TIME_STOP,15,88.8,72.608,3.001,9.239465144768676,-1.7419266063625205,3.0792377705552036,-0.580532110441855,2.447,insider-event,
300091.SZ,20260727,EVENT,9.622,5,20260727,2.39,20260817,2.63,TIME_STOP,15,2.85,2.142,10.371,12.133891213389125,0.0,1.1700288184438048,0.0,0.968,insider-event,
300095.SZ,20260728,EVENT,7.4758,5,20260728,7.73,20260818,8.34,TIME_STOP,15,9.38,6.679,13.597,11.513583441138397,1.0349288486416475,0.8467550118926241,0.07611281005776352,0.58,insider-event,
301290.SZ,20260728,EVENT,15.0866,5,20260728,25.61,20260817,30.1,TP2_RUNNER,14,30.1,20.814,18.726,18.235064427957838,-5.818039828192112,0.9737861185582375,-0.3106940720881741,0.936,insider-event,
002812.SZ,20260729,EVENT,10.9935,5,20260729,51.797,20260819,57.71,TIME_STOP,15,72.5,45.134,12.863,14.138325147499465,-1.0363574583758028,1.0991646225363236,-0.08057018371442758,0.888,insider-event,
601799.SH,20260729,EVENT,-0.6997,5,20260729,93.09,20260819,92.81,TIME_STOP,15,132.29,83.891,9.882,8.110779173206062,-5.220448664030486,0.8207752718079172,-0.5282865036362692,-0.03,insider-event,
002778.SZ,20260729,EVENT,10.4939,5,20260729,14.315,20260819,15.92,TIME_STOP,15,16.6,12.635,11.736,14.631795129720437,-4.0194475879123175,1.2467539093390463,-0.3424912629779849,0.955,insider-event,
600679.SH,20260731,EVENT,-0.1868,5,20260731,9.37,20260804,9.39,TP2_RUNNER,2,9.39,8.692,7.238,4.162219850586979,1.3874066168623411,0.5750394944707747,0.1916798314902603,0.029,insider-event,
600649.SH,20260720,EVENT,-0.0671,4,20260720,3.6,20260722,3.6,BE,2,3.64,3.342,7.173,2.499999999999991,-1.388888888888895,0.34854771784232236,-0.193637621023514,0.0,insider-event,
002340.SZ,20260720,EVENT,9.249,4,20260720,6.237,20260810,6.84,TIME_STOP,15,7.89,6.222,0.232,12.714446047779383,0.5291005291005124,54.6896551724106,2.275862068965313,41.586,insider-event,
300183.SZ,20260723,EVENT,7.8398,4,20260723,9.92,20260813,10.88,TP2_RUNNER,15,10.88,9.136,7.899,9.778225806451623,-1.1088709677419262,1.23792160437557,-0.14038286235186742,1.225,insider-event,
300091.SZ,20260723,EVENT,10.6891,4,20260723,2.34,20260813,2.6,TIME_STOP,15,2.85,2.142,8.471,14.529914529914546,0.8547008547008517,1.7153153153153213,0.10090090090090079,1.312,insider-event,
001322.SZ,20260723,EVENT,-2.3781,4,20260723,5.98,20260724,5.861,SL_HIT,1,6.82,5.861,1.982,2.5152184092581464,-2.1673690547862723,1.2688923707364201,-1.0934072556345733,-1.0,insider-event,
002918.SZ,20260723,EVENT,16.1209,4,20260723,8.56,20260813,10.13,TIME_STOP,15,10.53,8.299,3.046,20.327102803738327,-1.5186915887850594,6.6739726027397195,-0.49863013698630476,6.022,insider-event,
301330.SZ,20260724,EVENT,-1.837,4,20260724,21.632,20260727,21.32,SL_GAP,1,29.12,21.344,1.329,6.280193236714959,-1.9485472574717555,4.72404371584692,-1.4657228017883661,-1.083,insider-event,
300906.SZ,20260727,EVENT,15.8211,4,20260727,22.34,20260805,26.31,TP2_RUNNER,7,26.31,21.76,2.598,19.024171888988374,1.611459265890769,7.323076923076934,0.620307692307689,6.841,insider-event,
301252.SZ,20260728,EVENT,17.3402,4,20260728,28.75,20260818,33.86,TIME_STOP,15,48.0,22.058,23.275,19.8277541252748,-9.28569440966135,0.8519012717844059,-0.3989607106791888,0.764,insider-event,
300467.SZ,20260728,EVENT,7.6714,4,20260728,32.73,20260818,35.23,TIME_STOP,15,39.38,25.975,20.64,18.11793461655973,-6.813321112129533,0.8778218345228656,-0.3301083795929152,0.37,insider-event,
301662.SZ,20260728,EVENT,8.5469,4,20260728,67.132,20260818,73.15,TIME_STOP,15,131.007,55.139,17.865,10.915972883234337,-3.771530375276144,0.6110328906931195,-0.21111531992548063,0.502,insider-event,
002858.SZ,20260717,EVENT,-5.7828,4,20260717,10.92,20260720,10.331,SL_HIT,1,12.76,10.331,5.394,-1.370916783428111,-8.056082126798358,-0.2541657571127117,-1.493584612772568,-1.0,insider-event,
300690.SZ,20260729,EVENT,-0.5519,4,20260729,20.99,20260731,20.82,SL_GAP,2,24.67,18.106,13.741,3.09671272034302,-0.8099094807050844,0.2253590886577514,-0.0589400693412571,-0.059,insider-event,
603920.SH,20260729,EVENT,24.8195,4,20260729,32.482,20260819,40.69,TIME_STOP,15,62.49,30.521,6.038,28.687053405127138,-5.116387896028263,4.7512583495407235,-0.847395526030173,4.185,insider-event,
600580.SH,20260729,EVENT,26.4268,4,20260729,29.49,20260819,37.87,TIME_STOP,15,39.49,26.449,10.311,32.519498134961,-2.9840623940318722,3.153864223631667,-0.2894056847545219,2.756,insider-event,
002050.SZ,20260729,EVENT,11.9981,4,20260729,35.224,20260819,39.6,TIME_STOP,15,49.41,34.719,1.433,14.835823098892265,-0.06870276684777243,10.349875509280386,-0.04792892711632918,8.666,insider-event,
688638.SH,20260729,EVENT,14.7536,4,20260729,27.918,20260810,33.0,TP2_RUNNER,8,33.0,23.521,15.751,18.883874203023133,3.445805573465144,1.198921412559696,0.21877131997011132,1.156,insider-event,
300573.SZ,20260730,EVENT,4.0787,4,20260730,41.986,20260811,43.96,TP2_RUNNER,8,43.96,38.614,8.03,5.201984475740695,-3.777220447816998,0.6477905878066087,-0.47036815768622897,0.586,insider-event,
300095.SZ,20260730,EVENT,-2.6315,4,20260730,8.009,20260820,7.83,TIME_STOP,15,9.38,6.674,16.666,7.627573634990181,-2.4859222634253553,0.4576666630991995,-0.1491593266050923,-0.134,insider-event,
002931.SZ,20260730,EVENT,13.9877,4,20260730,43.114,20260820,49.33,TIME_STOP,15,83.57,37.719,12.515,29.121293300397788,-0.7294529682589479,2.3268469613332785,-0.05828468554333364,1.152,insider-event,
688623.SH,20260730,EVENT,-3.3958,4,20260730,60.816,20260820,58.99,TIME_STOP,15,75.23,51.466,15.374,7.192715039044195,-4.498344999728687,0.4678581578488988,-0.292599858817921,-0.195,insider-event,
002203.SZ,20260730,EVENT,6.4547,4,20260730,17.582,20260820,18.37,TIME_STOP,15,26.99,15.672,10.863,19.210119210119213,1.1238511238511384,1.7684695533797565,0.10346091418398991,0.412,insider-event,
600580.SH,20260730,EVENT,18.0754,4,20260730,29.334,20260820,34.08,TIME_STOP,15,39.49,26.527,9.569,33.22560740718012,3.39643481729206,3.4722471040899,0.3549449319028526,1.691,insider-event,
002850.SZ,20260730,EVENT,5.9895,4,20260730,172.498,20260820,181.87,TIME_STOP,15,237.77,159.595,7.48,17.01612080399959,0.8709686395636851,2.2749213336846825,0.11644164741990037,0.726,insider-event,
301322.SZ,20260731,EVENT,24.4337,4,20260731,32.11,20260821,40.1,TIME_STOP,15,64.7,24.155,24.775,31.765805045157293,-1.8685767673621845,1.282154882154883,-0.0754208754208751,1.004,insider-event,
301316.SZ,20260731,EVENT,13.1017,4,20260731,35.0,20260821,39.15,TIME_STOP,15,45.65,28.22,19.37,27.28571428571427,2.028571428571424,1.4086287731127842,0.104725280514144,0.612,insider-event,
002050.SZ,20260731,EVENT,-1.4112,4,20260731,36.51,20260821,36.14,TIME_STOP,15,49.41,34.814,4.646,10.791563955080807,-1.670775130101343,2.322526315789478,-0.35957894736842166,-0.218,insider-event,
002023.SZ,20260731,EVENT,9.3972,4,20260731,9.27,20260821,10.18,TIME_STOP,15,14.18,7.836,15.465,24.379719525350584,0.9708737864077666,1.5764823119083202,0.06278026905829592,0.635,insider-event,
002203.SZ,20260731,EVENT,5.2694,4,20260731,17.78,20260821,18.37,TIME_STOP,15,26.99,15.699,11.707,17.885264341957253,1.3498312710910954,1.5277968428277258,0.11530542210020418,0.283,insider-event,
002600.SZ,20260731,EVENT,-3.8739,4,20260731,12.64,20260821,12.2,TIME_STOP,15,18.54,10.616,16.009,3.5601265822784667,-6.0126582278481,0.22237910342393125,-0.37557359689375197,-0.217,insider-event,
300687.SZ,20260731,EVENT,23.9498,4,20260731,21.19,20260821,27.98,TIME_STOP,15,32.5,17.434,17.724,45.87069372345445,7.126002831524292,2.5880562951692645,0.40205401293267323,1.808,insider-event,
003015.SZ,20260731,EVENT,14.9845,4,20260731,10.36,20260821,12.41,TIME_STOP,15,13.25,9.378,9.48,22.7799227799228,0.4826254826254983,2.402909090909092,0.050909090909092534,2.087,insider-event,
300122.SZ,20260721,EVENT,0.1159,3,20260721,12.632,20260723,12.632,BE,2,12.85,10.851,14.098,4.097400335644852,-0.6522909344225947,0.29062790772291225,-0.0462668848461513,0.0,insider-event,
301173.SZ,20260721,EVENT,-3.2819,3,20260721,29.136,20260722,28.294,SL_HIT,1,34.35,28.294,2.888,-1.8729599769355176,-5.854329911414524,-0.648550909183519,-2.027182125333198,-1.0,insider-event,
601236.SH,20260721,EVENT,-1.4919,3,20260721,7.128,20260811,7.05,TIME_STOP,15,7.22,6.72,5.724,1.1503928170594868,-4.180695847362514,0.2009803921568631,-0.7303921568627445,-0.191,insider-event,
601456.SH,20260721,EVENT,-1.9335,3,20260721,9.11,20260811,8.97,TIME_STOP,15,9.71,8.652,5.022,0.5488474204171423,-3.732162458836441,0.10928961748634253,-0.743169398907104,-0.306,insider-event,
301283.SZ,20260721,EVENT,12.555,3,20260721,23.374,20260811,26.42,TIME_STOP,15,28.44,22.471,3.863,13.203188171421987,-1.3001681362545314,3.418256906864145,-0.3366087534415622,3.374,insider-event,
301283.SZ,20260720,EVENT,9.5071,3,20260720,23.641,20260810,25.82,TIME_STOP,15,28.44,22.478,4.919,11.838654552222415,-2.4161210090858254,2.406564384773188,-0.49114962719109523,1.873,insider-event,
301248.SZ,20260722,EVENT,-2.3623,3,20260722,57.222,20260723,56.097,SL_HIT,1,89.49,56.097,1.966,2.6528258362168433,-4.756911677326892,1.3490763664064092,-2.4190947755983085,-1.0,insider-event,
600233.SH,20260722,EVENT,6.1584,3,20260722,17.622,20260731,18.78,TP2_RUNNER,7,18.78,15.893,9.81,7.536034502326627,-2.3379866076495226,0.7681692352187739,-0.2383175639383542,0.67,insider-event,
301026.SZ,20260722,EVENT,24.3347,3,20260722,17.246,20260812,21.52,TIME_STOP,15,25.6,15.768,8.572,34.525507659835995,-3.918635261918857,4.027734559967526,-0.45714672258675637,2.891,insider-event,
603262.SH,20260722,EVENT,-4.016,3,20260722,21.582,20260723,20.8,SL_GAP,1,27.162,21.017,2.616,-3.6233898619219773,-6.032805115373918,-1.3849462365591416,-2.3058823529411745,-1.385,insider-event,
000695.SZ,20260723,EVENT,-0.2131,3,20260723,12.83,20260727,12.77,SL_GAP,2,13.08,11.037,13.971,4.28682774746687,-0.4676539360872978,0.3068340306834027,-0.0334728033472805,-0.033,insider-event,
000338.SZ,20260723,EVENT,16.9418,3,20260723,26.726,20260813,31.826,TP2_RUNNER,15,31.826,24.928,6.727,19.69617600838134,-6.622764349322752,2.9279300754866875,-0.9845053635280083,2.837,insider-event,
603288.SH,20260723,EVENT,-0.675,3,20260723,36.086,20260727,35.86,SL_GAP,2,36.28,32.436,10.113,1.702900056809531,-1.1791439774979096,0.16838252564002248,-0.11659359586628243,-0.062,insider-event,
002318.SZ,20260723,EVENT,6.8382,3,20260723,18.89,20260813,20.26,TIME_STOP,15,30.58,16.646,11.877,13.552143991529908,-2.1704605611434613,1.1410378860235593,-0.18274434893346064,0.611,insider-event,
003008.SZ,20260724,EVENT,-2.2754,3,20260724,16.612,20260727,16.3,SL_GAP,1,18.29,16.362,1.505,1.1304944558818253,-1.8793416886384695,0.7510283363802527,-1.248514625228509,-1.249,insider-event,
300463.SZ,20260724,EVENT,8.3266,3,20260724,8.702,20260811,9.49,TP2_RUNNER,12,9.49,8.291,4.727,10.203284264717706,-2.4373427103802525,2.158315102267596,-0.5155745390144806,1.915,insider-event,
002722.SZ,20260727,EVENT,8.188,3,20260727,11.52,20260804,12.52,TP2_RUNNER,6,12.52,11.412,0.933,12.500000000000021,2.430555555555558,13.395348837209335,2.604651162790702,9.302,insider-event,
002929.SZ,20260728,EVENT,-13.7508,3,20260728,50.767,20260730,43.976,SL_HIT,2,74.17,43.976,13.378,-1.8066783277391751,-15.023873682220025,-0.13505145097643295,-1.1230532347224673,-1.0,insider-event,
301439.SZ,20260728,EVENT,7.9092,3,20260728,14.216,20260818,15.4,TIME_STOP,15,18.38,12.032,15.367,15.078360203708385,-1.4518443487802846,0.9812258456870445,-0.09447892076404482,0.542,insider-event,
601038.SH,20260717,EVENT,4.9805,3,20260717,12.098,20260721,12.75,TP2_RUNNER,2,12.75,9.924,17.969,13.987667179156515,-1.3870290466035273,0.7784269013149658,-0.07718947762714379,0.3,insider-event,
301248.SZ,20260729,EVENT,20.7991,3,20260729,54.717,20260819,66.34,TIME_STOP,15,89.49,44.274,19.085,31.804749137841238,-11.947409685784937,1.6664441437953732,-0.6259974200114634,1.113,insider-event,
301305.SZ,20260729,EVENT,23.3619,3,20260729,20.176,20260819,24.98,TIME_STOP,15,33.19,18.155,10.02,24.701380834845033,1.6048611730653084,2.4653272936703714,0.16017355786557894,2.376,insider-event,
002931.SZ,20260729,EVENT,23.7135,3,20260729,44.144,20260819,54.81,TIME_STOP,15,83.57,37.608,14.807,26.109717946452648,-8.436234966847211,1.7633830706587663,-0.5697615711953348,1.632,insider-event,
688162.SH,20260729,EVENT,12.2502,3,20260729,20.67,20260819,23.29,TIME_STOP,15,26.441,18.426,10.858,16.110304789550067,-0.5805515239477588,1.4837683004455766,-0.053469127943985534,1.167,insider-event,
002023.SZ,20260729,EVENT,18.0403,3,20260729,8.93,20260819,10.58,TIME_STOP,15,14.18,7.805,12.598,29.115341545352734,-0.33594624860021627,2.3111111111111087,-0.026666666666666033,1.467,insider-event,
603231.SH,20260729,EVENT,10.1501,3,20260729,14.36,20260817,15.98,TP2_RUNNER,13,15.98,13.43,6.476,12.465181058495812,1.1838440111420656,1.9247311827956979,0.1827956989247319,1.742,insider-event,
603135.SH,20260729,EVENT,9.6671,3,20260729,8.593,20260819,9.46,TIME_STOP,15,15.2,7.617,11.358,12.530838337289962,-1.899176092724475,1.1032140975352742,-0.16720332533224005,0.888,insider-event,
600186.SH,20260729,EVENT,51.719,3,20260729,8.474,20260819,12.9,TIME_STOP,15,15.93,7.099,16.231,57.88728405550834,-9.37411498159163,3.566486295607735,-0.5775474382809014,3.218,insider-event,
301306.SZ,20260730,EVENT,10.1325,3,20260730,80.685,20260820,89.2,TIME_STOP,15,181.96,70.753,12.31,33.85387618516453,-3.017909152878484,2.750161812297737,-0.24516361021215458,0.857,insider-event,
605588.SH,20260730,EVENT,17.1005,3,20260730,39.818,20260820,46.8,TIME_STOP,15,72.0,32.712,17.845,25.446408390217456,-1.3004234287178118,1.4259342656555354,-0.07287151484933548,0.983,insider-event,
300639.SZ,20260730,EVENT,2.6392,3,20260730,5.405,20260803,5.63,TP2_RUNNER,2,5.63,4.698,13.09,8.040108040108041,1.0101010101010166,0.6142384105960265,0.07716847036020079,0.317,insider-event,
002079.SZ,20260730,EVENT,5.8669,3,20260730,8.92,20260820,9.48,TIME_STOP,15,15.2,7.522,15.666,14.46316662742857,-1.4562943530757155,0.9232145412909695,-0.09295835122370169,0.401,insider-event,
301252.SZ,20260731,EVENT,19.1035,3,20260731,27.53,20260821,32.91,TIME_STOP,15,48.0,22.247,19.189,25.136215038140207,-0.6901561932437406,1.3098972417522985,-0.03596538669551142,1.018,insider-event,
688359.SH,20260731,EVENT,5.2777,3,20260731,90.0,20260821,95.12,TIME_STOP,15,218.0,76.268,15.258,26.255555555555542,-13.888888888888884,1.7207802340702196,-0.9102730819245769,0.373,insider-event,
600579.SH,20260731,EVENT,-0.6833,3,20260731,7.04,20260821,7.02,TIME_STOP,15,8.43,6.27,10.938,5.397727272727271,-2.5568181818181768,0.493506493506493,-0.23376623376623315,-0.026,insider-event,
605588.SH,20260731,EVENT,18.0632,3,20260731,40.0,20260821,47.4,TIME_STOP,15,72.0,32.824,17.94,24.875000000000004,-1.750000000000007,1.3865525307320965,-0.0975464091972333,1.031,insider-event,
688657.SH,20260731,EVENT,16.3514,3,20260731,28.24,20260821,32.98,TIME_STOP,15,37.21,24.108,14.631,28.399433427762034,2.6912181303116123,1.9410493560376874,0.18393983922551638,1.147,insider-event,
603031.SH,20260731,EVENT,8.6906,3,20260731,36.01,20260821,39.29,TIME_STOP,15,55.9,33.851,5.994,23.632324354346036,0.0,3.942422236929191,0.0,1.52,insider-event,
603713_SH.SH,20260701,CONT,0.0088,3,,,,,,,,,,,,,,,,
603259_SH.SH,20260702,CONT,2.3434,3,,,,,,,,,,,,,,,,
002860_SZ.SZ,20260710,CONT,7.3574,3,,,,,,,,,,,,,,,,
300002.SZ,20260721,EVENT,-0.8412,2,20260721,8.14,20260723,8.05,SL_GAP,2,8.62,7.505,7.801,1.9656019656019597,-4.054054054054069,0.25196850393700687,-0.51968503937008,-0.142,insider-event,
601882.SH,20260722,EVENT,16.6359,2,20260722,18.058,20260812,21.05,TIME_STOP,15,21.9,17.171,4.907,21.5000886053518,-2.257221336168702,4.381093629094678,-0.45995615166365805,3.377,insider-event,
002020.SZ,20260722,EVENT,1.3931,2,20260722,13.989,20260812,14.24,TIME_STOP,15,15.88,12.856,8.099,5.799681171231064,-4.851773216953692,0.7160725768828251,-0.5990366793176066,0.222,insider-event,
002099.SZ,20260722,EVENT,9.1398,2,20260722,4.96,20260812,5.41,TIME_STOP,15,5.6,4.741,4.412,12.70388515897498,-1.006068670739313,2.879422901162044,-0.22803238020629046,2.057,insider-event,
600031.SH,20260722,EVENT,0.0716,2,20260722,19.493,20260724,19.493,BE,2,19.81,17.52,10.12,3.062109156573345,-1.4523087656657996,0.3025736465544701,-0.14350577875619144,0.0,insider-event,
600918.SH,20260722,EVENT,-1.1665,2,20260722,5.623,20260812,5.58,TIME_STOP,15,5.78,5.09,9.488,1.8992744344857204,-2.902262057191629,0.2001660017671174,-0.30587164314974896,-0.081,insider-event,
603201.SH,20260723,EVENT,11.5908,2,20260723,14.721,20260813,16.7,TIME_STOP,15,21.2,12.503,15.072,29.33640371434587,-1.5032639780454105,1.9464124752118275,-0.09973859744005732,0.892,insider-event,
002264.SZ,20260724,EVENT,4.2651,2,20260724,6.059,20260730,6.45,TP2_RUNNER,4,6.45,5.551,8.386,6.456724103782929,-3.4462269756387442,0.7699488275319124,-0.41095428217961005,0.77,insider-event,
000695.SZ,20260724,EVENT,-1.2316,2,20260724,13.018,20260728,12.85,SL_GAP,2,13.08,11.023,15.329,2.776817605714954,-2.216077121020077,0.18114463652958301,-0.14456494505887768,-0.084,insider-event,
603836.SH,20260724,EVENT,11.0289,2,20260724,7.93,20260810,8.88,TP2_RUNNER,11,8.88,7.664,3.359,12.737865546854298,-1.511998890276045,3.792683580968734,-0.45019578394035437,3.567,insider-event,
002161.SZ,20260724,EVENT,24.1722,2,20260724,4.752,20260814,5.91,TIME_STOP,15,6.41,4.604,3.116,27.314814814814813,-0.4629629629629539,8.766039556198727,-0.14857694163048402,7.821,insider-event,
601006.SH,20260724,EVENT,-3.8693,2,20260724,4.89,20260814,4.72,TIME_STOP,15,5.128,4.546,7.026,3.476482617586907,-4.294478527607359,0.4948024948024936,-0.6112266112266103,-0.495,insider-event,
688623.SH,20260724,EVENT,-1.3068,2,20260724,59.717,20260729,59.174,SL_HIT,3,75.23,59.174,0.909,3.7731425662460127,-1.7361948396431126,4.151614856150159,-1.9103471874917803,-1.0,insider-event,
300676.SZ,20260727,EVENT,4.7235,2,20260727,36.135,20260731,38.2,TP2_RUNNER,4,38.2,34.514,4.485,7.513491075134926,1.7296250172962546,1.6751873071837922,0.3856324371970058,1.274,insider-event,
002318.SZ,20260727,EVENT,3.9686,2,20260727,18.711,20260817,19.53,TIME_STOP,15,30.58,16.633,11.105,14.63844797178131,2.506546950991395,1.3182302588607384,0.22572106294475577,0.394,insider-event,
000923.SZ,20260717,EVENT,8.7403,2,20260717,13.622,20260729,14.87,TP2_RUNNER,8,14.87,11.672,14.319,11.72774254169604,-7.358468404980034,0.8190240437078443,-0.5138893974791829,0.64,insider-event,
002820.SZ,20260729,EVENT,8.2918,2,20260729,8.326,20260804,9.15,TP2_RUNNER,4,9.15,7.459,10.417,12.059957482074001,0.7698867389711594,1.15769275114061,0.07390509446082351,0.95,insider-event,
603194.SH,20260729,EVENT,0.2399,2,20260729,33.7,20260813,33.7,BE,11,38.38,32.104,4.736,6.6765578635014755,-0.5637982195845881,1.4097113448198695,-0.11904229134034856,0.0,insider-event,
603861.SH,20260729,EVENT,7.1065,2,20260729,11.672,20260819,12.55,TIME_STOP,15,15.92,9.759,16.394,11.976422408992393,-2.2455256551948577,0.7305352116882062,-0.13697208597430285,0.459,insider-event,
603091.SH,20260729,EVENT,8.2431,2,20260729,46.2,20260819,49.13,TIME_STOP,15,52.85,39.669,14.137,14.632034632034618,0.0,1.035052222890577,0.0,0.449,insider-event,
688153.SH,20260730,EVENT,3.268,2,20260730,24.615,20260820,25.52,TIME_STOP,15,35.994,21.543,12.48,12.531362531362532,-2.564902564902549,1.0040903028758614,-0.20551586364168914,0.294,insider-event,
603031.SH,20260730,EVENT,6.5825,2,20260730,35.749,20260820,38.25,TIME_STOP,15,55.9,33.805,5.438,24.535300386865067,0.7303721233380633,4.512114820721235,0.13431760893050107,1.287,insider-event,
600409.SH,20260730,EVENT,1.9706,2,20260730,6.593,20260820,6.75,TIME_STOP,15,7.17,5.279,19.942,6.470106470106463,-2.4782358115691516,0.3244529433494859,-0.12427475607901126,0.119,insider-event,
001205.SZ,20260730,EVENT,4.6693,2,20260730,13.25,20260817,14.1,TP2_RUNNER,12,14.1,11.964,9.704,8.377358490566023,-0.30188679245282124,0.8633333333333325,-0.031111111111110215,0.661,insider-event,
603885.SH,20260730,EVENT,2.6889,2,20260730,10.84,20260804,11.23,TP2_RUNNER,3,11.23,9.72,10.333,3.6852543701858975,0.08763433420968525,0.35665093738043857,0.008481061089147632,0.348,insider-event,
603836.SH,20260731,EVENT,3.038,2,20260731,8.544,20260810,8.88,TP2_RUNNER,6,8.88,7.388,13.529,4.6385055655043805,-1.0967145381977628,0.34286667737828685,-0.08106638322065715,0.291,insider-event,
688755.SH,20260731,EVENT,21.3716,2,20260731,23.03,20260820,28.96,TP2_RUNNER,14,28.96,21.36,7.25,27.789839339991307,2.2145028224055396,3.833155080213902,0.3054545454545428,3.552,insider-event,
688312.SH,20260806,EVENT,4.0215,7,20260806,45.906,20260827,47.94,TIME_STOP,15,98.8,34.535,24.77,18.2844184785095,-2.1920738547868024,0.7381709771522914,-0.08849749863687595,0.179,insider-event,
688251.SH,20260806,EVENT,-5.1427,7,20260806,20.998,20260827,20.0,TIME_STOP,15,29.25,16.337,22.196,7.010701070106995,-7.60980859990762,0.31584996919568487,-0.34284129188084134,-0.214,insider-event,
300637.SZ,20260807,EVENT,0.9466,6,20260807,8.89,20260819,8.89,BE,8,10.97,6.651,25.182,5.509437357989699,-0.5646667116600335,0.21878070880712644,-0.022423012621718672,0.0,insider-event,
300727.SZ,20260810,EVENT,2.7291,6,20260810,28.235,20260831,29.12,TIME_STOP,15,39.95,24.686,12.57,6.712284131638957,-7.02962301840282,0.5339966832504137,-0.559242621842245,0.249,insider-event,
301396.SZ,20260804,EVENT,19.8746,5,20260804,157.16,20260825,172.86,TIME_STOP,15,302.98,152.327,3.075,47.62025960804277,5.109442606261139,15.486808070356929,1.6616658044490404,3.249,insider-event,
002655.SZ,20260803,EVENT,66.4315,5,20260803,22.622,20260824,37.77,TIME_STOP,15,52.72,21.72,3.984,76.24825939924406,0.8774838096501147,19.140694356372833,0.22027584020291746,16.81,insider-event,
300017.SZ,20260803,EVENT,13.5488,5,20260803,13.89,20260807,16.05,TP2_RUNNER,4,16.05,12.528,9.805,20.088986803170705,2.2340295326752857,2.0489148108130797,0.227853014297852,1.586,insider-event,
300811.SZ,20260805,EVENT,18.7832,5,20260805,63.093,20260826,75.22,TIME_STOP,15,105.0,51.173,18.893,32.86798631220411,4.607981588995247,1.7397293109089411,0.24390422213140434,1.017,insider-event,
002655.SZ,20260805,EVENT,46.5834,5,20260805,25.49,20260826,37.49,TIME_STOP,15,52.72,21.864,14.224,56.41428010984699,5.727736367202829,3.9661150512214345,0.40267927501970097,3.31,insider-event,
688368.SH,20260807,EVENT,19.9477,5,20260807,116.523,20260828,140.28,TIME_STOP,15,231.2,100.991,13.329,29.26203410485484,-4.602524823425414,2.1953348479134673,-0.34529667681496645,1.53,insider-event,
002340.SZ,20260807,EVENT,-4.4321,5,20260807,6.93,20260828,6.65,TIME_STOP,15,7.17,6.065,12.482,1.443001443001446,-7.647907647907637,0.11560693641618529,-0.6127167630057799,-0.324,insider-event,
000035.SZ,20260807,EVENT,-4.5918,5,20260807,4.875,20260828,4.67,TIME_STOP,15,5.144,4.124,15.408,2.0357925313246206,-7.400569463932582,0.13212319934877964,-0.4802979181485863,-0.273,insider-event,
300690.SZ,20260811,EVENT,14.556,5,20260811,21.473,20260901,24.7,TIME_STOP,15,24.67,18.248,15.018,18.42724152544344,-6.301372414788742,1.2269892177795871,-0.41958076033702224,1.001,insider-event,
300095.SZ,20260804,EVENT,-4.8541,4,20260804,8.29,20260825,7.92,TIME_STOP,15,9.38,6.714,19.012,3.9806996381182236,-6.5138721351025275,0.20938137321550018,-0.3426240652617265,-0.235,insider-event,
300665.SZ,20260804,EVENT,2.9832,4,20260804,9.039,20260824,9.039,BE,14,10.06,6.809,24.665,11.631097392324108,-0.649429674621349,0.4715588335180921,-0.026329785529831604,0.0,insider-event,
301252.SZ,20260804,EVENT,10.7607,4,20260804,28.66,20260825,32.96,TIME_STOP,15,42.59,22.415,21.79,22.05163991625958,3.628750872295883,1.012009607686148,0.166533226581265,0.689,insider-event,
301322.SZ,20260804,EVENT,15.9548,4,20260804,33.3,20260825,40.17,TIME_STOP,15,64.7,24.184,27.375,27.62762762762765,2.2522522522522515,1.0092461996552275,0.08227550540667605,0.754,insider-event,
002787.SZ,20260803,EVENT,13.4488,4,20260803,19.275,20260824,21.95,TIME_STOP,15,34.99,17.66,8.382,23.992882082250343,-6.564359568982048,2.8624266110207337,-0.78314882931315,1.655,insider-event,
688258.SH,20260803,EVENT,-3.5921,4,20260803,100.505,20260824,97.29,TIME_STOP,15,147.35,81.991,18.42,17.606323280082158,-10.3823896968105,0.9558064595782519,-0.5636358585609169,-0.174,insider-event,
688716.SH,20260803,EVENT,5.2356,4,20260803,26.21,20260824,27.69,TIME_STOP,15,39.13,23.175,11.58,14.269362838611222,1.7169019458222134,1.2322899505766052,0.14827018121911092,0.488,insider-event,
300232.SZ,20260805,EVENT,1.7263,4,20260805,5.356,20260826,5.47,TIME_STOP,15,6.01,4.583,14.427,4.557590694374425,-7.5785582255083135,0.31591110782428616,-0.5253106049400974,0.148,insider-event,
301396.SZ,20260806,EVENT,3.8444,4,20260806,196.911,20260819,196.0,SL_GAP,9,302.98,114.352,41.927,17.81972566286292,-5.144963968493377,0.4250161572343314,-0.12271192364960554,-0.011,insider-event,
301360.SZ,20260806,EVENT,8.6007,4,20260806,49.698,20260827,54.18,TIME_STOP,15,76.49,40.89,17.722,22.198076381343302,0.044267374944673143,1.2525485171158168,0.0024978306178891014,0.509,insider-event,
301330.SZ,20260806,EVENT,-2.8721,4,20260806,24.661,20260827,24.05,TIME_STOP,15,29.12,20.644,16.29,1.6994513582229143,-5.721202389207214,0.10432305761113331,-0.3512035361096398,-0.152,insider-event,
601777.SH,20260807,EVENT,-1.3541,4,20260807,8.544,20260811,8.42,SL_GAP,2,10.05,6.865,19.653,0.6589650853845441,-3.6717113194517648,0.03353072302482642,-0.1868310446338933,-0.074,insider-event,
688080.SH,20260811,EVENT,6.0944,4,20260811,36.383,20260901,38.75,TIME_STOP,15,45.75,29.841,17.979,7.056964199821358,-3.909846766989622,0.3925197925197934,-0.2174720174720174,0.362,insider-event,
300001.SZ,20260810,EVENT,-1.4744,4,20260810,35.29,20260831,34.91,TIME_STOP,15,41.62,32.075,9.11,7.254179654293003,-3.0603570416548598,0.7962674961119762,-0.33592534992223994,-0.118,insider-event,
002249.SZ,20260810,EVENT,-10.7009,4,20260810,7.46,20260831,6.69,TIME_STOP,15,8.78,6.39,14.338,1.8766756032171594,-12.466487935656833,0.1308848080133557,-0.8694490818030048,-0.72,insider-event,
300637.SZ,20260813,EVENT,0.7064,4,20260813,8.94,20260819,8.94,BE,4,9.29,6.685,25.225,4.925221204290997,-1.1152499524592407,0.19525004117729153,-0.04421173996224306,0.0,insider-event,
002192.SZ,20260813,EVENT,-0.7701,4,20260813,69.508,20260903,69.25,TIME_STOP,15,101.0,57.724,16.953,14.749546454431828,-6.010683677682671,0.8700301750736213,-0.3545516595078149,-0.022,insider-event,
300184.SZ,20260814,EVENT,-4.6906,4,20260814,12.56,20260904,12.02,TIME_STOP,15,18.3,10.671,15.042,4.856687898089174,-9.474522292993637,0.3228733459357279,-0.6298676748582235,-0.286,insider-event,
601799.SH,20260814,EVENT,-2.5417,4,20260814,93.486,20260817,91.479,SL_HIT,1,104.79,91.479,2.146,-0.9688112727401221,-3.2151441343435505,-0.45140228837514595,-1.498045553902133,-1.0,insider-event,
603310.SH,20260814,EVENT,-3.1589,4,20260814,14.83,20260904,14.42,TIME_STOP,15,16.69,13.913,6.182,0.2697235333782855,-3.573836817262299,0.04363069731203712,-0.5781067393844944,-0.447,insider-event,
301120.SZ,20260817,EVENT,-2.821,4,20260817,15.424,20260907,15.05,TIME_STOP,15,16.56,11.38,26.22,3.5385951945643868,-8.39071070136539,0.1349587062954354,-0.32001384699075214,-0.093,insider-event,
601777.SH,20260818,EVENT,-2.6436,4,20260818,8.286,20260908,8.1,TIME_STOP,15,8.97,6.889,16.864,2.820317874081324,-4.420549581839895,0.16724257790136643,-0.26213502903410435,-0.133,insider-event,
300637.SZ,20260820,EVENT,2.9787,4,20260820,8.98,20260831,9.29,TP2_RUNNER,7,9.29,6.759,24.73,10.579064587973264,-2.2271714922049157,0.4277902862656798,-0.0900611128980386,0.14,insider-event,
688018.SH,20260820,EVENT,1.1426,4,20260820,112.0,20260904,112.0,BE,11,133.07,86.2,23.036,13.544642857142852,-5.258928571428568,0.5879763569164321,-0.2282914134632685,0.0,insider-event,
301265.SZ,20260803,EVENT,17.2113,3,20260803,16.771,20260824,19.73,TIME_STOP,15,32.6,16.108,3.95,30.5856677757504,0.7715883748941499,7.743826428278716,0.19535445467681467,4.468,insider-event,
300684.SZ,20260803,EVENT,55.7025,3,20260803,42.877,20260817,72.5,TP2_RUNNER,10,72.5,39.786,7.209,88.5164272603663,-0.9723184278714103,12.277845302080108,-0.1348673417042918,9.583,insider-event,
301010.SZ,20260803,EVENT,4.9813,3,20260803,15.95,20260810,16.99,TP2_RUNNER,5,16.99,12.782,19.863,9.717868338557988,1.5673981191222541,0.48923458460151037,0.07890880396798544,0.328,insider-event,
600673.SH,20260803,EVENT,19.732,3,20260803,28.076,20260824,33.74,TIME_STOP,15,39.9,25.206,10.223,35.309370147169886,6.388283398156469,3.4538206178486286,0.6248761963538277,1.973,insider-event,
300532.SZ,20260803,EVENT,-3.4706,3,20260803,7.15,20260824,6.93,TIME_STOP,15,7.57,6.219,13.017,1.3986013986013957,-5.4545454545454675,0.10744435917114326,-0.4190330007674606,-0.236,insider-event,
688381.SH,20260803,EVENT,22.8637,3,20260803,27.265,20260824,33.62,TIME_STOP,15,55.01,22.78,16.448,39.301511850531455,-5.811931955722804,2.3893769789947834,-0.3533425500602062,1.417,insider-event,
002929.SZ,20260803,EVENT,9.0487,3,20260803,49.01,20260824,53.65,TIME_STOP,15,74.17,44.274,9.663,22.628035094878605,2.2444399102224066,2.3417797888386125,0.23227752639517366,0.98,insider-event,
688331.SH,20260803,EVENT,-2.37,3,20260803,111.919,20260804,109.71,SL_GAP,1,157.8,111.352,0.507,0.44719642242863067,-2.697921273772663,0.8816054353296585,-5.318696527428252,-3.892,insider-event,
300184.SZ,20260805,EVENT,-1.5632,3,20260805,12.01,20260826,11.87,TIME_STOP,15,18.3,10.269,14.494,10.241465445462117,-5.328892589508749,0.7066064833812069,-0.3676651620845308,-0.08,insider-event,
300639.SZ,20260805,EVENT,1.3096,3,20260805,5.692,20260810,5.79,TP2_RUNNER,3,5.79,4.7,17.441,4.699165568730779,-1.624945103205977,0.26942446043165424,-0.09316546762589951,0.098,insider-event,
601006.SH,20260805,EVENT,-2.8963,3,20260805,4.841,20260826,4.72,TIME_STOP,15,5.128,4.546,6.087,0.3904071388733943,-3.9474499597198953,0.06413923498327385,-0.64851893149755,-0.411,insider-event,
300879.SZ,20260806,EVENT,-1.1257,3,20260806,16.691,20260827,16.57,TIME_STOP,15,18.0,13.571,18.694,7.780054399271474,-4.861185999976014,0.4161741208572356,-0.26003671774492515,-0.039,insider-event,
002787.SZ,20260806,EVENT,1.4997,3,20260806,20.622,20260811,20.622,BE,3,34.99,16.32,20.86,7.459617781269268,-0.5901550308655357,0.3576028081921111,-0.02829114071181118,0.0,insider-event,
600673.SH,20260807,EVENT,0.4068,3,20260807,32.17,20260828,32.43,TIME_STOP,15,39.9,24.3,24.464,18.091389493316747,-2.5489586571339817,0.7395171537484113,-0.10419313850063557,0.033,insider-event,
603950.SH,20260807,EVENT,13.8067,3,20260807,57.014,20260828,65.13,TIME_STOP,15,92.87,48.223,15.419,19.900165046891892,-1.603287607802284,1.2906435561506866,-0.10398269636409153,0.923,insider-event,
301359.SZ,20260813,EVENT,1.9942,3,20260813,16.563,20260818,16.96,TP2_RUNNER,3,16.96,12.816,22.623,3.425166186672457,-1.4653407958847287,0.15140169812687507,-0.06477206440224333,0.106,insider-event,
300925.SZ,20260813,EVENT,-2.5481,3,20260813,15.177,20260903,14.85,TIME_STOP,15,16.04,13.043,14.06,0.6806486258541078,-7.1603181192222305,0.04841031271548999,-0.50926899155782,-0.153,insider-event,
002655.SZ,20260813,EVENT,16.5717,3,20260813,32.86,20260903,37.62,TIME_STOP,15,52.72,20.252,38.368,24.071819841752905,-3.590992087644551,0.6273865503370918,-0.093592431023738,0.378,insider-event,
688716.SH,20260813,EVENT,-4.31,3,20260813,29.017,20260903,27.88,TIME_STOP,15,39.13,23.474,19.104,2.285219992487142,-8.846224096991751,0.1196212693250319,-0.46306113139861804,-0.205,insider-event,
002655.SZ,20260814,EVENT,23.1154,3,20260814,31.7,20260904,38.65,TIME_STOP,15,52.72,20.259,36.091,28.612798818919984,5.994359585864895,0.7927892605583235,0.1660887469860562,0.607,insider-event,
601777.SH,20260814,EVENT,-0.1275,3,20260814,8.138,20260904,8.16,TIME_STOP,15,8.97,6.887,15.373,4.696601046966009,-2.676399026763998,0.3055120987541535,-0.17409873131516182,0.018,insider-event,
300232.SZ,20260817,EVENT,-1.3524,3,20260817,5.217,20260818,5.168,SL_HIT,1,5.46,5.168,0.955,0.8184309892089736,-1.289939240603366,0.8574297188755079,-1.3514056224899644,-1.0,insider-event,
301439.SZ,20260820,EVENT,-2.2431,3,20260820,14.87,20260821,14.595,SL_HIT,1,16.36,14.595,1.847,0.672494956287828,-2.017484868863473,0.36410923276983215,-1.0923276983094903,-1.0,insider-event,
688207.SH,20260804,EVENT,4.7531,2,20260804,16.85,20260825,17.72,TIME_STOP,15,22.87,12.459,26.058,30.741839762611267,1.364985163204735,1.1797624857654134,0.05238327639498892,0.198,insider-event,
600252.SH,20260803,EVENT,5.0687,2,20260803,2.19,20260813,2.31,TP2_RUNNER,8,2.31,2.041,6.784,9.589041095890405,-1.82648401826484,1.4134615384615374,-0.26923076923076916,0.808,insider-event,
000415.SZ,20260803,EVENT,1.1424,2,20260803,4.53,20260824,4.6,TIME_STOP,15,4.75,4.014,11.4,3.9735099337748325,-1.9867549668874163,0.34854771784232286,-0.17427385892116143,0.136,insider-event,
688018.SH,20260803,EVENT,9.9431,2,20260803,101.673,20260824,112.21,TIME_STOP,15,133.07,93.789,7.754,15.832128490356334,0.8133919526324584,2.041711588464987,0.10489504153945106,1.336,insider-event,
603296.SH,20260803,EVENT,1.67,2,20260803,80.467,20260819,80.467,BE,12,91.88,67.909,15.607,9.485604072218234,-9.404080171796704,0.6077906536272607,-0.6025670047856895,0.0,insider-event,
688755.SH,20260803,EVENT,18.0845,2,20260803,23.67,20260820,28.96,TP2_RUNNER,13,28.96,21.374,9.702,24.33460076045626,3.5910435149978825,2.508242612752717,0.3701399688958,2.304,insider-event,
601555.SH,20260805,EVENT,-0.2872,2,20260805,7.98,20260807,7.98,BE,2,8.14,7.474,6.337,1.2531328320801949,-0.7518796992481258,0.1977401129943492,-0.11864406779661092,0.0,insider-event,
301439.SZ,20260806,EVENT,0.4597,2,20260806,15.048,20260817,15.048,BE,7,16.5,12.053,19.902,8.718766613503458,-1.5151515151515138,0.43809478379087463,-0.07613232523195068,0.0,insider-event,
002161.SZ,20260806,EVENT,1.3582,2,20260806,5.62,20260819,5.62,BE,9,6.41,4.318,23.17,8.540925266903908,0.0,0.3686231486560612,0.0,0.0,insider-event,
603950.SH,20260806,EVENT,14.4845,2,20260806,57.034,20260827,65.54,TIME_STOP,15,92.87,48.161,15.556,19.858540271663006,-1.6374472024532682,1.2765439811423138,-0.10525815805871389,0.959,insider-event,
688716.SH,20260807,EVENT,-4.3177,2,20260807,28.769,20260828,27.64,TIME_STOP,15,39.13,23.218,19.297,4.103665700362202,-8.062038137743565,0.21266160243741833,-0.4177937664690378,-0.203,insider-event,
000683.SZ,20260807,EVENT,2.2555,2,20260807,6.059,20260828,6.22,TIME_STOP,15,6.46,5.166,14.734,6.126625734468871,-4.766620452894966,0.4158038757581089,-0.3235025843721495,0.181,insider-event,
001227.SZ,20260807,EVENT,0.0414,2,20260807,2.158,20260827,2.158,BE,14,2.19,2.042,5.394,1.9367991845055998,-2.696691687517383,0.3590624616517336,-0.49993864277825417,0.0,insider-event,
000932.SZ,20260810,EVENT,0.9416,2,20260810,3.72,20260831,3.77,TIME_STOP,15,4.01,3.257,12.452,2.1505376344086002,-4.838709677419361,0.17270624518118702,-0.3885890516576717,0.108,insider-event,
300665.SZ,20260817,EVENT,-4.8408,2,20260817,9.524,20260907,9.1,TIME_STOP,15,10.06,6.915,27.389,5.525105525105545,-6.339906339906332,0.20172954855387248,-0.23147909809355305,-0.162,insider-event,
301308.SZ,20260819,EVENT,-12.4324,2,20260819,408.058,20260909,358.86,TIME_STOP,15,442.0,293.6,28.049,-5.189994956601785,-15.678694852842078,-0.185029993482337,-0.5589656311212308,-0.43,insider-event,
300192.SZ,20260812,EVENT,1.5747,1,20260812,13.424,20260814,13.75,TP2_RUNNER,2,13.75,9.746,27.403,13.599118023896771,7.341855129465746,0.4962641937337864,0.26792177330413025,0.089,insider-event,
