leg,symbol,entry_date,buy_date,buy_price,sell_date,sell_price,reason,hold_bars,tp,sl,risk_pct,net_pnl_pct,mfe_pct,mae_pct,mfe_r,mae_r,rr_exit,signal_chain,r20,rank
SMC,000006.SZ,20241011,20241011,5.17,20241017,6.146,TP_STRUCTURAL,4,6.146,4.519,12.59,18.6795,22.82,1.16,1.81,0.09,1.5,sweep:20231130|OB:20240927|POI:20241009|confirm:20241010|W:W1_PROTECTED_LOW,0.2494,
SMC,000007.SZ,20240709,20240709,5.39,20240725,5.19,TIME_STOP,12,6.505,4.647,13.79,-3.9106,4.27,-7.24,0.31,-0.52,-0.27,sweep:20231120|OB:20240702|POI:20240705|confirm:20240708|W:W1_PROTECTED_LOW,0.176344,
SMC,000009.SZ,20241106,20241106,10.31,20241122,9.67,TIME_STOP,12,12.045,9.153,11.22,-6.4076,7.27,-10.48,0.65,-0.93,-0.55,sweep:20240528|OB:20241030|POI:20241104|confirm:20241105|W:W1_PROTECTED_LOW,-0.001938,
SMC,000017.SZ,20251201,20251201,8.01,20251217,7.47,TIME_STOP,12,9.745,6.854,14.44,-6.9416,6.49,-7.62,0.45,-0.53,-0.47,sweep:20240513|OB:20251119|POI:20251127|confirm:20251128|W:W1_PROTECTED_LOW,0.140533,
SMC,000019.SZ,20250423,20250423,6.7,20250514,6.46,TIME_STOP,12,7.782,5.979,10.76,-3.7821,-0.3,-6.12,-0.03,-0.57,-0.33,sweep:20241104|OB:20250407|POI:20250421|confirm:20250422|W:W1_PROTECTED_LOW,0.092084,
SMC,000020.SZ,20240910,20240910,12.31,20240927,14.764,TP_STRUCTURAL,11,14.764,10.674,13.29,19.7315,22.58,-8.04,1.7,-0.61,1.5,sweep:20240513|OB:20240903|POI:20240906|confirm:20240909|W:W1_PROTECTED_LOW,0.298227,
SMC,000026.SZ,20260424,20260424,17.88,20260508,19.666,TP_STRUCTURAL,7,19.666,16.69,6.66,9.7862,12.3,-2.24,1.85,-0.34,1.5,sweep:20260116|OB:20260420|POI:20260422|confirm:20260423|W:W1_PROTECTED_LOW,0.261938,
SMC,000027.SZ,20240115,20240115,5.81,20240118,5.569,SL_HIT,3,6.172,5.569,4.16,-4.3554,0.0,-6.54,0.0,-1.57,-1.0,sweep:20231011|OB:20231228|POI:20240108|confirm:20240112|W:W1_PROTECTED_LOW,0.001721,
SMC,000048.SZ,20240401,20240401,16.204,20240415,15.016,SL_HIT,8,17.986,15.016,7.33,-7.5328,2.78,-8.02,0.38,-1.09,-1.0,sweep:20240311|OB:20240320|POI:20240328|confirm:20240329|W:W1_PROTECTED_LOW,-0.009772,
SMC,000048.SZ,20250409,20250409,16.056,20250418,14.566,SL_HIT,7,18.29,14.566,9.28,-9.4778,3.18,-9.78,0.34,-1.05,-1.0,sweep:20250113|OB:20250328|POI:20250407|confirm:20250408|W:W1_PROTECTED_LOW,0.056035,
SMC,000068.SZ,20240911,20240911,3.17,20241008,4.005,TP_STRUCTURAL,12,4.005,2.613,17.56,26.1463,27.13,-8.83,1.54,-0.5,1.5,sweep:20240625|OB:20240823|POI:20240909|confirm:20240910|W:W1_PROTECTED_LOW,0.204545,
SMC,000078.SZ,20260416,20260416,3.86,20260424,3.303,SL_HIT,6,4.695,3.303,14.42,-14.6245,1.3,-15.03,0.09,-1.04,-1.0,sweep:20260213|OB:20260408|POI:20260414|confirm:20260415|W:W1_PROTECTED_LOW,0.236923,
SMC,000156.SZ,20260126,20260126,8.76,20260211,9.83,TIME_STOP,12,10.171,7.82,10.73,12.0146,14.27,-4.45,1.33,-0.41,1.14,sweep:20250904|OB:20260109|POI:20260119|confirm:20260123|W:W1_PROTECTED_LOW,0.179866,
SMC,000159.SZ,20250619,20250619,5.86,20250620,6.419,TP_STRUCTURAL,1,6.419,5.487,6.36,9.335,18.26,7.0,2.87,1.1,1.5,sweep:20250324|OB:20250612|POI:20250617|confirm:20250618|W:W1_PROTECTED_LOW,0.053957,
SMC,000166.SZ,20260623,20260623,4.61,20260709,4.57,TIME_STOP,12,5.028,4.331,6.05,-1.0677,1.3,-5.42,0.22,-0.9,-0.14,sweep:20260528|OB:20260611|POI:20260618|confirm:20260622|W:W1_PROTECTED_LOW,0.047511,
SMC,000400.SZ,20251027,20251027,26.059,20251106,30.004,TP_STRUCTURAL,8,30.004,23.429,10.09,14.94,16.31,-2.57,1.62,-0.25,1.5,sweep:20250303|OB:20250929|POI:20251023|confirm:20251024|W:W1_PROTECTED_LOW,0.08285,
SMC,000400.SZ,20260203,20260203,30.549,20260227,31.779,TIME_STOP,12,34.19,28.122,7.95,3.8263,4.52,-5.47,0.57,-0.69,0.51,sweep:20241028|OB:20260116|POI:20260130|confirm:20260202|W:W1_PROTECTED_LOW,0.162107,
SMC,000415.SZ,20241015,20241015,2.89,20241031,3.03,TIME_STOP,12,3.333,2.595,10.22,4.6443,15.22,-6.23,1.49,-0.61,0.47,sweep:20231129|OB:20240920|POI:20241011|confirm:20241014|W:W1_PROTECTED_LOW,0.336406,
SMC,000501.SZ,20241225,20241225,9.31,20250106,8.709,SL_HIT,7,11.42,8.709,6.46,-6.66,22.56,-8.38,3.49,-1.3,-1.0,sweep:20230814|OB:20241211|POI:20241223|confirm:20241224|W:W1_PROTECTED_LOW,0.171856,
SMC,000501.SZ,20250806,20250806,9.725,20250808,11.401,TP_STRUCTURAL,2,11.401,8.607,11.49,17.0365,18.1,0.21,1.57,0.02,1.5,sweep:20250416|OB:20250725|POI:20250804|confirm:20250805|W:W1_PROTECTED_LOW,0.144944,
SMC,000517.SZ,20250923,20250923,2.11,20250924,2.0,SL_GAP,1,2.32,2.031,3.72,-5.4133,-1.42,-5.69,-0.38,-1.53,-1.4,sweep:20250106|OB:20250912|POI:20250919|confirm:20250922|W:W1_PROTECTED_LOW,0.049261,
SMC,000518.SZ,20241120,20241120,3.07,20241125,3.577,TP_STRUCTURAL,3,3.577,2.732,11.02,16.3251,16.94,4.23,1.54,0.38,1.5,sweep:20240124|OB:20241106|POI:20241115|confirm:20241119|W:W1_PROTECTED_LOW,0.343478,
SMC,000519.SZ,20240626,20240626,13.97,20240709,12.845,SL_GAP,9,15.16,13.218,5.38,-8.253,8.12,-12.71,1.51,-2.36,-1.5,sweep:20231211|OB:20240606|POI:20240621|confirm:20240625|W:W1_PROTECTED_LOW,0.064906,
SMC,000520.SZ,20251226,20251226,5.12,20251230,4.819,SL_HIT,2,5.572,4.819,5.89,-6.0873,-0.39,-6.64,-0.07,-1.13,-1.0,sweep:20251204|OB:20251219|POI:20251224|confirm:20251225|W:W1_PROTECTED_LOW,0.122807,
SMC,000520.SZ,20260616,20260616,4.39,20260624,3.895,SL_HIT,5,5.132,3.895,11.27,-11.4675,5.01,-11.39,0.44,-1.01,-1.0,sweep:20260515|OB:20260604|POI:20260611|confirm:20260615|W:W1_PROTECTED_LOW,0.125616,
SMC,000530.SZ,20241011,20241011,4.28,20241029,4.58,TIME_STOP,12,4.851,3.899,8.9,6.8093,11.21,-7.71,1.26,-0.87,0.79,sweep:20240328|OB:20240930|POI:20241009|confirm:20241010|W:W1_PROTECTED_LOW,0.193277,
SMC,000531.SZ,20260319,20260319,7.08,20260324,7.624,TP_STRUCTURAL,3,7.624,6.718,5.12,7.4801,11.44,-0.42,2.23,-0.08,1.5,sweep:20251027|OB:20260305|POI:20260317|confirm:20260318|W:W1_PROTECTED_LOW,0.153968,
SMC,000533.SZ,20260804,20260804,11.98,20260814,11.42,TIME_STOP,8,16.273,9.118,23.89,-4.8745,12.69,-5.26,0.53,-0.22,-0.2,sweep:20260611|OB:20260727|POI:20260731|confirm:20260803|W:W1_PROTECTED_LOW,0.241866,
SMC,000553.SZ,20241106,20241106,7.0,20241122,6.79,TIME_STOP,12,9.02,6.276,10.34,-3.2,5.0,-7.71,0.48,-0.75,-0.29,sweep:20231023|OB:20241024|POI:20241101|confirm:20241105|W:W1_PROTECTED_LOW,0.197256,
SMC,000564.SZ,20250909,20250909,2.62,20250916,2.912,TP_STRUCTURAL,5,2.912,2.425,7.44,10.9641,11.83,1.53,1.59,0.21,1.5,sweep:20250514|OB:20250903|POI:20250905|confirm:20250908|W:W1_PROTECTED_LOW,0.153509,
SMC,000576.SZ,20241121,20241121,7.55,20241204,8.828,TP_STRUCTURAL,9,8.828,6.698,11.28,16.7229,17.88,-4.5,1.58,-0.4,1.5,sweep:20240515|OB:20241105|POI:20241118|confirm:20241120|W:W1_PROTECTED_LOW,0.067893,
SMC,000581.SZ,20240301,20240301,14.687,20240319,14.527,TIME_STOP,12,16.985,13.155,10.43,-1.2894,-0.89,-4.29,-0.08,-0.41,-0.1,sweep:20230927|OB:20240206|POI:20240228|confirm:20240229|W:W1_PROTECTED_LOW,0.174594,
SMC,000592.SZ,20241106,20241106,2.37,20241112,2.893,TP_STRUCTURAL,4,2.893,2.021,14.71,21.8615,24.47,-1.27,1.66,-0.09,1.5,sweep:20240328|OB:20241029|POI:20241104|confirm:20241105|W:W1_PROTECTED_LOW,0.173267,
SMC,000597.SZ,20260409,20260409,5.335,20260422,5.065,SL_HIT,9,5.741,5.065,5.07,-5.2676,2.81,-5.81,0.55,-1.15,-1.0,sweep:20260306|OB:20260331|POI:20260407|confirm:20260408|W:W1_PROTECTED_LOW,0.028708,
SMC,000617.SZ,20241011,20241011,7.161,20241014,8.102,TP_STRUCTURAL,1,8.102,6.534,8.76,12.9441,27.09,18.15,3.09,2.07,1.5,sweep:20230803|OB:20240930|POI:20241009|confirm:20241010|W:W1_PROTECTED_LOW,0.532678,
SMC,000625.SZ,20240402,20240402,16.886,20240422,16.226,TIME_STOP,12,19.92,14.863,11.98,-4.1086,7.17,-8.47,0.6,-0.71,-0.33,sweep:20231222|OB:20240315|POI:20240329|confirm:20240401|W:W1_PROTECTED_LOW,0.219646,
SMC,000633.SZ,20251120,20251120,8.2,20251208,8.75,TIME_STOP,12,10.455,6.696,18.34,6.5073,14.63,-9.51,0.8,-0.52,0.37,sweep:20240108|OB:20251113|POI:20251118|confirm:20251119|W:W1_PROTECTED_LOW,0.253666,
SMC,000652.SZ,20241015,20241015,4.13,20241029,5.038,TP_STRUCTURAL,10,5.038,3.525,14.66,21.7863,22.03,-8.72,1.5,-0.59,1.5,sweep:20231211|OB:20240930|POI:20241010|confirm:20241014|W:W1_PROTECTED_LOW,0.371711,
SMC,000663.SZ,20251121,20251121,9.86,20251209,9.18,TIME_STOP,12,13.201,7.633,22.59,-7.0966,7.51,-19.37,0.33,-0.86,-0.31,sweep:20240110|OB:20251114|POI:20251119|confirm:20251120|W:W1_PROTECTED_LOW,0.376404,
SMC,000668.SZ,20241112,20241112,10.09,20241119,8.494,SL_HIT,5,12.484,8.494,15.82,-16.0183,0.69,-19.13,0.04,-1.21,-1.0,sweep:20240326|OB:20241031|POI:20241108|confirm:20241111|W:W1_PROTECTED_LOW,0.368493,
SMC,000670.SZ,20241106,20241106,6.76,20241111,7.978,TP_STRUCTURAL,3,7.978,5.948,12.01,17.813,20.86,-4.44,1.74,-0.37,1.5,sweep:20240314|OB:20241029|POI:20241104|confirm:20241105|W:W1_PROTECTED_LOW,0.059655,
SMC,000677.SZ,20250526,20250526,5.66,20250528,6.653,TP_STRUCTURAL,2,6.653,4.998,11.69,17.3385,23.67,-1.77,2.02,-0.15,1.5,sweep:20241107|OB:20250519|POI:20250522|confirm:20250523|W:W1_PROTECTED_LOW,0.266219,
SMC,000680.SZ,20250806,20250806,9.676,20250822,9.756,TIME_STOP,12,11.116,9.043,6.54,0.6268,6.1,-1.24,0.93,-0.19,0.13,sweep:20241205|OB:20250725|POI:20250804|confirm:20250805|W:W1_PROTECTED_LOW,0.049477,
SMC,000683.SZ,20240426,20240426,5.93,20240506,6.561,TP_STRUCTURAL,3,6.561,5.509,7.09,10.442,16.69,2.02,2.35,0.29,1.5,sweep:20231120|OB:20240417|POI:20240424|confirm:20240425|W:W1_PROTECTED_LOW,0.210101,
SMC,000695.SZ,20240108,20240108,11.38,20240115,10.478,SL_HIT,5,12.733,10.478,7.93,-8.1274,-1.76,-8.35,-0.22,-1.05,-1.0,sweep:20231211|OB:20231229|POI:20240104|confirm:20240105|W:W1_PROTECTED_LOW,0.025225,
SMC,000711.SZ,20241008,20241008,1.8,20241024,1.65,TIME_STOP,12,2.137,1.575,12.48,-8.5333,-3.89,-10.56,-0.31,-0.85,-0.67,sweep:20240913|OB:20240925|POI:20240927|confirm:20240930|W:W1_PROTECTED_LOW,0.04878,
SMC,000722.SZ,20250423,20250423,11.98,20250514,11.69,TIME_STOP,12,14.439,10.34,13.69,-2.6207,17.61,-8.35,1.29,-0.61,-0.18,sweep:20240523|OB:20250402|POI:20250417|confirm:20250422|W:W1_PROTECTED_LOW,0.296809,
SMC,000733.SZ,20250326,20250326,54.81,20250411,62.696,TP_STRUCTURAL,11,62.696,49.553,9.59,14.1874,19.19,-4.14,2.0,-0.43,1.5,sweep:20241104|OB:20250310|POI:20250324|confirm:20250325|W:W1_PROTECTED_LOW,0.28276,
SMC,000762.SZ,20241024,20241024,22.75,20241106,25.891,TP_STRUCTURAL,9,25.891,20.656,9.21,13.6085,14.51,-5.23,1.58,-0.57,1.5,sweep:20240315|OB:20240930|POI:20241011|confirm:20241023|W:W1_PROTECTED_LOW,0.298818,
SMC,000762.SZ,20250806,20250806,21.75,20250811,23.591,TP_STRUCTURAL,3,23.591,20.523,5.64,8.2655,9.89,-2.02,1.75,-0.36,1.5,sweep:20250219|OB:20250721|POI:20250804|confirm:20250805|W:W1_PROTECTED_LOW,0.085159,
SMC,000777.SZ,20241106,20241106,17.763,20241122,18.013,TIME_STOP,12,20.239,16.113,9.29,1.2074,9.85,-8.39,1.06,-0.9,0.15,sweep:20240508|OB:20241025|POI:20241101|confirm:20241105|W:W1_PROTECTED_LOW,0.082352,
SMC,000779.SZ,20260727,20260727,10.16,20260803,13.066,TP_STRUCTURAL,5,13.066,8.223,19.07,28.4048,31.79,5.12,1.67,0.27,1.5,sweep:20260407|OB:20260707|POI:20260723|confirm:20260724|W:W1_PROTECTED_LOW,0.304178,
SMC,000779.SZ,20260812,20260812,11.96,20260813,11.106,SL_HIT,1,14.67,11.106,7.14,-7.3369,-3.6,-10.28,-0.5,-1.44,-1.0,sweep:20231228|OB:20260730|POI:20260810|confirm:20260811|W:W1_PROTECTED_LOW,0.199811,
SMC,000782.SZ,20241011,20241011,4.28,20241028,4.63,TP_STRUCTURAL,11,4.63,4.093,4.37,7.9776,12.62,-3.27,2.89,-0.75,1.87,sweep:20240718|OB:20240925|POI:20241009|confirm:20241010|W:W1_PROTECTED_LOW,0.064039,
SMC,000785.SZ,20241227,20241227,3.85,20250115,3.62,TIME_STOP,12,5.6,3.299,14.31,-6.174,14.03,-13.51,0.98,-0.94,-0.42,sweep:20230911|OB:20241210|POI:20241225|confirm:20241226|W:W1_PROTECTED_LOW,0.322148,
SMC,000785.SZ,20241226,20241226,3.75,20250113,3.36,SL_HIT,11,5.6,3.36,10.39,-10.5905,17.07,-11.2,1.64,-1.08,-1.0,sweep:20230831|OB:20241211|POI:20241223|confirm:20241225|W:W1_PROTECTED_LOW,0.30137,
SMC,000786.SZ,20260212,20260212,27.945,20260213,26.467,SL_HIT,1,30.162,26.467,5.29,-5.4884,-1.0,-5.8,-0.19,-1.1,-1.0,sweep:20250515|OB:20260203|POI:20260210|confirm:20260211|W:W1_PROTECTED_LOW,0.129447,
SMC,000807.SZ,20241011,20241011,13.541,20241029,13.931,TIME_STOP,12,15.728,12.083,10.77,2.6801,7.02,-1.62,0.65,-0.15,0.27,sweep:20240705|OB:20240927|POI:20241009|confirm:20241010|W:W1_PROTECTED_LOW,0.222405,
SMC,000810.SZ,20250915,20250915,13.79,20251009,13.47,TIME_STOP,12,15.666,12.54,9.07,-2.5205,7.18,-4.71,0.79,-0.52,-0.26,sweep:20250826|OB:20250908|POI:20250911|confirm:20250912|W:W1_PROTECTED_LOW,0.169231,
SMC,000815.SZ,20260115,20260115,12.57,20260119,11.805,SL_HIT,2,13.717,11.805,6.08,-6.2831,-2.7,-6.36,-0.44,-1.05,-1.0,sweep:20251124|OB:20260109|POI:20260113|confirm:20260114|W:W1_PROTECTED_LOW,0.111611,
SMC,000821.SZ,20250918,20250918,13.357,20250922,12.519,SL_HIT,2,14.917,12.519,6.28,-6.4755,-2.99,-7.41,-0.48,-1.18,-1.0,sweep:20250307|OB:20250905|POI:20250911|confirm:20250917|W:W1_PROTECTED_LOW,0.093236,
SMC,000825.SZ,20250730,20250730,4.351,20250804,4.106,SL_HIT,3,4.719,4.106,5.63,-5.8309,0.69,-6.21,0.12,-1.1,-1.0,sweep:20230814|OB:20250721|POI:20250728|confirm:20250729|W:W1_PROTECTED_LOW,0.178813,
SMC,000837.SZ,20250908,20250908,14.07,20250924,14.05,TIME_STOP,12,16.676,12.332,12.35,-0.3421,15.64,-2.84,1.27,-0.23,-0.01,sweep:20250814|OB:20250829|POI:20250904|confirm:20250905|W:W1_PROTECTED_LOW,0.101002,
SMC,000862.SZ,20250409,20250409,5.62,20250425,6.821,TP_STRUCTURAL,12,6.821,4.82,14.24,21.1618,22.42,-3.91,1.57,-0.27,1.5,sweep:20241223|OB:20250402|POI:20250407|confirm:20250408|W:W1_PROTECTED_LOW,0.135802,
SMC,000880.SZ,20240807,20240807,7.693,20240819,6.157,SL_GAP,8,9.636,6.398,16.84,-20.1662,9.84,-22.19,0.58,-1.32,-1.19,sweep:20231227|OB:20240731|POI:20240805|confirm:20240806|W:W1_PROTECTED_LOW,0.569209,
SMC,000882.SZ,20241106,20241106,2.06,20241122,1.81,TIME_STOP,12,2.573,1.718,16.61,-12.3359,11.65,-16.02,0.7,-0.96,-0.73,sweep:20240108|OB:20241029|POI:20241104|confirm:20241105|W:W1_PROTECTED_LOW,0.189349,
SMC,000882.SZ,20250909,20250909,2.17,20250917,2.389,TP_STRUCTURAL,6,2.389,2.024,6.71,9.8724,12.44,-0.46,1.85,-0.07,1.5,sweep:20250516|OB:20250903|POI:20250905|confirm:20250908|W:W1_PROTECTED_LOW,0.112245,
SMC,000895.SZ,20241011,20241011,23.09,20241028,22.187,SL_HIT,11,25.2,22.187,3.91,-4.1102,0.26,-4.24,0.07,-1.09,-1.0,sweep:20240507|OB:20240927|POI:20241009|confirm:20241010|W:W1_PROTECTED_LOW,0.103958,
SMC,000905.SZ,20250423,20250423,7.72,20250429,7.256,SL_HIT,4,8.416,7.256,6.01,-6.2094,-2.07,-6.48,-0.34,-1.08,-1.0,sweep:20250331|OB:20250415|POI:20250421|confirm:20250422|W:W1_PROTECTED_LOW,-0.002584,
SMC,000912.SZ,20260306,20260306,5.09,20260309,5.541,TP_STRUCTURAL,1,5.541,4.789,5.91,8.6619,19.65,13.16,3.33,2.23,1.5,sweep:20250516|OB:20260227|POI:20260304|confirm:20260305|W:W1_PROTECTED_LOW,0.143478,
SMC,000913.SZ,20241021,20241021,16.07,20241106,15.87,TIME_STOP,12,18.32,14.57,9.33,-1.4446,5.23,-5.35,0.56,-0.57,-0.13,sweep:20240614|OB:20240927|POI:20241016|confirm:20241018|W:W1_PROTECTED_LOW,0.113025,
SMC,000913.SZ,20260409,20260409,14.03,20260422,13.341,SL_HIT,9,16.07,13.341,4.91,-5.1129,8.7,-5.2,1.77,-1.06,-1.0,sweep:20251224|OB:20260330|POI:20260403|confirm:20260408|W:W1_PROTECTED_LOW,-0.076823,
SMC,000922.SZ,20250805,20250805,9.6,20250818,10.318,TP_STRUCTURAL,9,10.318,9.121,4.98,7.2771,8.85,-1.12,1.78,-0.23,1.5,sweep:20241206|OB:20250721|POI:20250731|confirm:20250804|W:W1_PROTECTED_LOW,0.045287,
SMC,000923.SZ,20250908,20250908,14.54,20250912,15.721,TP_STRUCTURAL,4,15.721,13.753,5.41,7.9205,10.73,0.34,1.98,0.06,1.5,sweep:20250819|OB:20250829|POI:20250904|confirm:20250905|W:W1_PROTECTED_LOW,0.061629,
SMC,000931.SZ,20260702,20260702,4.19,20260720,4.22,TIME_STOP,12,4.636,3.893,7.09,0.516,8.11,-4.53,1.14,-0.64,0.1,sweep:20260527|OB:20260622|POI:20260629|confirm:20260701|W:W1_PROTECTED_LOW,0.002381,
SMC,000948.SZ,20241015,20241015,20.08,20241031,21.5,TIME_STOP,12,25.475,16.483,17.91,6.8717,17.83,-9.51,1.0,-0.53,0.39,sweep:20231016|OB:20240930|POI:20241011|confirm:20241014|W:W1_PROTECTED_LOW,0.574046,
SMC,000949.SZ,20260506,20260506,8.13,20260521,7.203,SL_HIT,11,9.521,7.203,11.4,-11.604,9.35,-11.56,0.82,-1.01,-1.0,sweep:20260127|OB:20260417|POI:20260429|confirm:20260430|W:W1_PROTECTED_LOW,0.208396,
SMC,000963.SZ,20250411,20250411,35.11,20250429,35.65,TIME_STOP,12,39.749,32.017,8.81,1.338,11.91,-0.88,1.35,-0.1,0.17,sweep:20241223|OB:20250331|POI:20250409|confirm:20250410|W:W1_PROTECTED_LOW,0.062914,
SMC,000965.SZ,20250417,20250417,3.42,20250421,4.181,TP_STRUCTURAL,2,4.181,2.913,14.83,22.0431,31.29,7.6,2.11,0.51,1.5,sweep:20250221|OB:20250409|POI:20250415|confirm:20250416|W:W1_PROTECTED_LOW,0.073248,
SMC,000983.SZ,20250806,20250806,7.144,20250822,7.204,TIME_STOP,12,8.036,6.549,8.32,0.6399,4.62,-2.1,0.55,-0.25,0.1,sweep:20250113|OB:20250723|POI:20250731|confirm:20250805|W:W1_PROTECTED_LOW,0.163855,
SMC,000995.SZ,20240930,20240930,13.77,20241023,12.95,TIME_STOP,12,19.854,9.714,29.46,-6.155,16.12,-20.48,0.55,-0.7,-0.2,sweep:20240513|OB:20240923|POI:20240926|confirm:20240927|W:W1_PROTECTED_LOW,0.597826,
SMC,000997.SZ,20260525,20260525,24.434,20260528,21.261,SL_HIT,3,29.194,21.261,12.99,-13.1869,3.6,-13.83,0.28,-1.07,-1.0,sweep:20260309|OB:20260518|POI:20260521|confirm:20260522|W:W1_PROTECTED_LOW,0.177339,
SMC,001203.SZ,20241120,20241120,9.686,20241206,9.086,TIME_STOP,12,11.3,8.61,11.11,-6.3945,4.65,-9.6,0.42,-0.86,-0.56,sweep:20240709|OB:20241112|POI:20241118|confirm:20241119|W:W1_PROTECTED_LOW,0.176847,
SMC,001206.SZ,20240326,20240326,12.913,20240411,10.514,SL_HIT,10,16.511,10.514,18.58,-18.7776,-3.72,-18.66,-0.2,-1.0,-1.0,sweep:20240124|OB:20240319|POI:20240322|confirm:20240325|W:W1_PROTECTED_LOW,0.266782,
SMC,001210.SZ,20231221,20231221,9.748,20231225,9.356,SL_GAP,2,10.661,9.357,4.01,-4.2213,3.21,-11.5,0.8,-2.87,-1.0,sweep:20230922|OB:20231213|POI:20231219|confirm:20231220|W:W1_PROTECTED_LOW,0.012535,
SMC,001217.SZ,20260811,20260811,10.02,20260814,9.82,TIME_STOP,3,11.242,9.205,8.13,-2.196,0.6,-2.69,0.07,-0.33,-0.25,sweep:20260608|OB:20260731|POI:20260807|confirm:20260810|W:W1_PROTECTED_LOW,0.191667,
SMC,001219.SZ,20241120,20241120,13.47,20241206,13.67,TIME_STOP,12,15.125,12.367,8.19,1.2848,5.94,-6.01,0.73,-0.73,0.18,sweep:20240516|OB:20241105|POI:20241118|confirm:20241119|W:W1_PROTECTED_LOW,0.178355,
SMC,001229.SZ,20250901,20250901,25.714,20250903,23.432,SL_HIT,2,29.137,23.432,8.87,-9.074,-1.61,-9.53,-0.18,-1.07,-1.0,sweep:20250313|OB:20250821|POI:20250828|confirm:20250829|W:W1_PROTECTED_LOW,0.089309,
SMC,001255.SZ,20240115,20240115,34.275,20240122,31.977,SL_HIT,5,37.722,31.977,6.7,-6.9042,2.8,-12.84,0.42,-1.91,-1.0,sweep:20231127|OB:20231225|POI:20240108|confirm:20240112|W:W1_PROTECTED_LOW,0.043498,
SMC,001255.SZ,20251112,20251112,36.55,20251120,32.246,SL_HIT,6,43.006,32.246,11.78,-11.9755,-4.76,-12.97,-0.4,-1.1,-1.0,sweep:20250822|OB:20251104|POI:20251110|confirm:20251111|W:W1_PROTECTED_LOW,0.135343,
SMC,001255.SZ,20260107,20260107,35.34,20260114,43.218,TP_STRUCTURAL,5,43.218,30.088,14.86,22.0926,29.0,-5.04,1.95,-0.34,1.5,sweep:20251205|OB:20251216|POI:20251222|confirm:20260106|W:W1_PROTECTED_LOW,0.130847,
SMC,001286.SZ,20241011,20241011,9.71,20241018,8.95,SL_GAP,5,10.822,8.969,7.64,-8.027,-1.75,-8.24,-0.23,-1.08,-1.03,sweep:20240806|OB:20240925|POI:20241009|confirm:20241010|W:W1_PROTECTED_LOW,0.123113,
SMC,001298.SZ,20240612,20240612,9.093,20240620,11.417,TP_STRUCTURAL,6,11.417,7.544,17.04,25.3591,27.63,2.73,1.62,0.16,1.5,sweep:20240403|OB:20240531|POI:20240607|confirm:20240611|W:W1_PROTECTED_LOW,0.162713,
SMC,001299.SZ,20260114,20260114,9.775,20260130,9.767,TIME_STOP,12,11.267,8.78,10.18,-0.2818,3.08,-4.9,0.3,-0.48,-0.01,sweep:20250819|OB:20251230|POI:20260106|confirm:20260113|W:W1_PROTECTED_LOW,0.192547,
SMC,001301.SZ,20240912,20240912,28.268,20240927,31.374,TP_STRUCTURAL,9,31.374,26.197,7.33,10.7881,17.78,-5.44,2.43,-0.74,1.5,sweep:20240724|OB:20240903|POI:20240910|confirm:20240911|W:W1_PROTECTED_LOW,0.13093,
SMC,001301.SZ,20241015,20241015,34.983,20241028,43.719,TP_STRUCTURAL,9,43.719,29.159,16.65,24.7723,31.48,-4.83,1.89,-0.29,1.5,sweep:20231103|OB:20240927|POI:20241011|confirm:20241014|W:W1_PROTECTED_LOW,0.231215,
SMC,001306.SZ,20241202,20241202,60.155,20241218,59.925,TIME_STOP,12,70.425,54.415,9.54,-0.5823,15.81,-3.13,1.66,-0.33,-0.04,sweep:20240513|OB:20241114|POI:20241127|confirm:20241129|W:W1_PROTECTED_LOW,0.269931,
SMC,001311.SZ,20241021,20241021,13.681,20241106,16.313,TP_STRUCTURAL,12,16.313,11.926,12.83,19.0381,22.79,-1.64,1.78,-0.13,1.5,sweep:20240708|OB:20240927|POI:20241016|confirm:20241018|W:W1_PROTECTED_LOW,0.144946,
SMC,001314.SZ,20240830,20240830,36.131,20240919,33.181,TIME_STOP,12,43.521,31.975,11.5,-8.3647,9.85,-8.86,0.86,-0.77,-0.71,sweep:20240709|OB:20240813|POI:20240827|confirm:20240829|W:W1_PROTECTED_LOW,0.009823,
SMC,001314.SZ,20260520,20260520,54.322,20260526,59.102,TP_STRUCTURAL,4,59.102,51.506,5.18,8.5994,11.38,-4.09,2.19,-0.79,1.7,sweep:20250923|OB:20260428|POI:20260518|confirm:20260519|W:W1_PROTECTED_LOW,0.259316,
SMC,001316.SZ,20240529,20240529,16.547,20240606,14.121,SL_HIT,6,20.187,14.121,14.66,-14.8639,8.39,-16.46,0.57,-1.12,-1.0,sweep:20231226|OB:20240516|POI:20240527|confirm:20240528|W:W1_PROTECTED_LOW,0.174344,
SMC,001319.SZ,20240911,20240911,17.33,20240930,20.559,TP_STRUCTURAL,11,20.559,15.177,12.42,18.431,20.02,-9.23,1.61,-0.74,1.5,sweep:20240513|OB:20240903|POI:20240909|confirm:20240910|W:W1_PROTECTED_LOW,0.275812,
SMC,001330.SZ,20251225,20251225,8.08,20260105,7.512,SL_HIT,5,12.9,7.512,7.03,-7.2324,1.98,-7.3,0.28,-1.04,-1.0,sweep:20231009|OB:20251201|POI:20251223|confirm:20251224|W:W1_PROTECTED_LOW,0.192806,
SMC,001332.SZ,20260123,20260123,41.793,20260202,38.481,SL_HIT,6,46.761,38.481,7.92,-8.1249,5.28,-8.55,0.67,-1.08,-1.0,sweep:20251113|OB:20260107|POI:20260121|confirm:20260122|W:W1_PROTECTED_LOW,0.120242,
SMC,001382.SZ,20260325,20260325,22.815,20260403,20.729,SL_HIT,7,26.185,20.729,9.14,-9.3434,0.92,-12.54,0.1,-1.37,-1.0,sweep:20251029|OB:20260310|POI:20260323|confirm:20260324|W:W1_PROTECTED_LOW,0.097185,
SMC,001395.SZ,20260722,20260722,30.97,20260723,29.2,SL_HIT,1,34.54,29.2,5.71,-5.9141,-3.42,-10.56,-0.6,-1.85,-1.0,sweep:20260304|OB:20260716|POI:20260720|confirm:20260721|W:W1_WEEKLY_SSL_CHOCH,0.264291,
SMC,001872.SZ,20260729,20260729,21.28,20260814,21.54,TIME_STOP,12,22.93,20.317,4.52,1.0218,5.64,0.28,1.25,0.06,0.27,sweep:20260528|OB:20260716|POI:20260727|confirm:20260728|W:W1_PROTECTED_LOW,0.144329,
SMC,002010.SZ,20241119,20241119,4.831,20241125,4.399,SL_HIT,4,6.031,4.399,8.95,-9.1452,-0.83,-9.31,-0.09,-1.04,-1.0,sweep:20231117|OB:20241107|POI:20241114|confirm:20241118|W:W1_PROTECTED_LOW,0.223862,
SMC,002030.SZ,20260519,20260519,6.64,20260604,6.44,TIME_STOP,12,7.79,5.937,10.59,-3.212,8.43,-7.68,0.8,-0.73,-0.28,sweep:20260213|OB:20260508|POI:20260515|confirm:20260518|W:W1_PROTECTED_LOW,0.110368,
SMC,002035.SZ,20240418,20240418,5.616,20240429,6.247,TP_STRUCTURAL,7,6.247,5.195,7.49,11.037,13.71,-1.6,1.83,-0.21,1.5,sweep:20240109|OB:20240410|POI:20240416|confirm:20240417|W:W1_PROTECTED_LOW,0.075386,
SMC,002040.SZ,20250423,20250423,7.209,20250430,6.452,SL_HIT,5,8.659,6.452,10.5,-10.7027,-1.39,-10.54,-0.13,-1.0,-1.0,sweep:20241205|OB:20250416|POI:20250421|confirm:20250422|W:W1_PROTECTED_LOW,0.14091,
SMC,002041.SZ,20241121,20241121,10.061,20241209,10.281,TIME_STOP,12,11.261,9.271,7.85,1.9867,5.07,-5.27,0.65,-0.67,0.28,sweep:20240515|OB:20241104|POI:20241119|confirm:20241120|W:W1_PROTECTED_LOW,0.072179,
SMC,002044.SZ,20260105,20260105,5.281,20260109,5.823,TP_STRUCTURAL,4,5.823,4.92,6.84,10.0659,15.91,1.7,2.32,0.25,1.5,sweep:20251121|OB:20251217|POI:20251229|confirm:20251231|W:W1_PROTECTED_LOW,0.029291,
SMC,002049.SZ,20241015,20241015,66.505,20241031,66.195,TIME_STOP,12,82.899,55.576,16.43,-0.6661,14.71,-4.84,0.89,-0.29,-0.03,sweep:20240328|OB:20240930|POI:20241011|confirm:20241014|W:W1_PROTECTED_LOW,0.405454,
SMC,002050.SZ,20241120,20241120,24.021,20241125,21.772,SL_HIT,3,27.781,21.772,9.36,-9.5623,1.08,-10.82,0.12,-1.16,-1.0,sweep:20240328|OB:20241107|POI:20241115|confirm:20241119|W:W1_PROTECTED_LOW,0.069269,
SMC,002058.SZ,20260508,20260508,26.8,20260526,26.27,TIME_STOP,12,32.016,23.323,12.97,-2.1776,6.42,-7.01,0.49,-0.54,-0.15,sweep:20260113|OB:20260423|POI:20260506|confirm:20260507|W:W1_PROTECTED_LOW,0.212835,
SMC,002063.SZ,20240612,20240612,5.602,20240624,5.325,SL_HIT,8,6.018,5.325,4.95,-5.1536,3.21,-5.71,0.65,-1.15,-1.0,sweep:20240110|OB:20240603|POI:20240607|confirm:20240611|W:W1_PROTECTED_LOW,0.099376,
SMC,002069.SZ,20251126,20251126,4.46,20251127,4.095,SL_HIT,1,5.007,4.095,8.18,-8.3758,-4.71,-8.3,-0.58,-1.01,-1.0,sweep:20250828|OB:20251120|POI:20251124|confirm:20251125|W:W1_PROTECTED_LOW,0.196931,
SMC,002073.SZ,20241015,20241015,7.73,20241031,7.57,TIME_STOP,12,9.051,6.85,11.39,-2.2699,5.05,-4.66,0.44,-0.41,-0.18,sweep:20240708|OB:20240927|POI:20241011|confirm:20241014|W:W1_PROTECTED_LOW,0.20216,
SMC,002074.SZ,20240528,20240528,20.722,20240603,19.719,SL_HIT,4,22.227,19.719,4.84,-5.0413,0.63,-5.21,0.13,-1.08,-1.0,sweep:20240408|OB:20240520|POI:20240524|confirm:20240527|W:W1_PROTECTED_LOW,0.201576,
SMC,002079.SZ,20241101,20241101,11.844,20241104,10.864,SL_GAP,1,12.878,11.155,5.82,-8.4742,-4.14,-8.7,-0.71,-1.49,-1.42,sweep:20231024|OB:20241024|POI:20241030|confirm:20241031|W:W1_PROTECTED_LOW,0.349335,
SMC,002086.SZ,20251125,20251125,2.76,20251126,2.598,SL_HIT,1,3.28,2.598,5.89,-6.0877,-3.62,-6.88,-0.62,-1.17,-1.0,sweep:20250828|OB:20251118|POI:20251121|confirm:20251124|W:W1_PROTECTED_LOW,0.072519,
SMC,002097.SZ,20240125,20240125,6.537,20240202,5.756,SL_HIT,6,7.708,5.756,11.94,-12.143,5.35,-18.05,0.45,-1.51,-1.0,sweep:20230817|OB:20240115|POI:20240123|confirm:20240124|W:W1_PROTECTED_LOW,0.156876,
SMC,002100.SZ,20250423,20250423,6.092,20250514,6.052,TIME_STOP,12,6.744,5.657,7.14,-0.8566,3.12,-2.95,0.44,-0.41,-0.09,sweep:20250331|OB:20250407|POI:20250421|confirm:20250422|W:W1_PROTECTED_LOW,0.033887,
SMC,002103.SZ,20240830,20240830,5.09,20240919,4.92,TIME_STOP,12,5.688,4.691,7.83,-3.5399,2.95,-4.91,0.38,-0.63,-0.43,sweep:20240805|OB:20240822|POI:20240828|confirm:20240829|W:W1_PROTECTED_LOW,0.00996,
SMC,002104.SZ,20250422,20250422,7.966,20250513,8.096,TIME_STOP,12,9.25,7.11,10.75,1.4319,5.65,-4.77,0.53,-0.44,0.15,sweep:20250319|OB:20250415|POI:20250418|confirm:20250421|W:W1_PROTECTED_LOW,0.097614,
SMC,002109.SZ,20250829,20250829,4.13,20250916,4.06,TIME_STOP,12,4.99,3.557,13.88,-1.8949,4.12,-7.75,0.3,-0.56,-0.12,sweep:20250630|OB:20250822|POI:20250827|confirm:20250828|W:W1_PROTECTED_LOW,0.187861,
SMC,002111.SZ,20241101,20241101,11.587,20241118,10.644,SL_HIT,11,13.001,10.644,8.14,-8.3372,7.51,-10.27,0.92,-1.26,-1.0,sweep:20240529|OB:20241018|POI:20241030|confirm:20241031|W:W1_PROTECTED_LOW,0.260106,
SMC,002123.SZ,20240913,20240913,6.95,20241008,8.602,TP_STRUCTURAL,10,8.602,5.849,15.85,23.5718,33.53,-6.04,2.12,-0.38,1.5,sweep:20240805|OB:20240906|POI:20240911|confirm:20240912|W:W1_WEEKLY_SSL_CHOCH,0.116969,
SMC,002123.SZ,20241028,20241028,10.85,20241113,11.5,TIME_STOP,12,13.615,9.007,16.99,5.7908,11.98,-9.49,0.71,-0.56,0.35,sweep:20240308|OB:20241015|POI:20241024|confirm:20241025|W:W1_PROTECTED_LOW,0.519718,
SMC,002124.SZ,20240402,20240402,3.3,20240416,2.595,SL_HIT,8,4.358,2.595,21.37,-21.5745,6.36,-21.82,0.3,-1.02,-1.0,sweep:20240308|OB:20240320|POI:20240329|confirm:20240401|W:W1_PROTECTED_LOW,0.081967,
SMC,002124.SZ,20260429,20260429,2.55,20260520,2.9,TIME_STOP,12,3.28,2.25,11.76,13.5255,20.39,0.78,1.73,0.07,1.17,sweep:20260213|OB:20260413|POI:20260427|confirm:20260428|W:W1_PROTECTED_LOW,0.07438,
SMC,002129.SZ,20241022,20241022,9.64,20241025,11.613,TP_STRUCTURAL,3,11.613,8.325,13.64,20.2616,22.82,2.7,1.67,0.2,1.5,sweep:20240731|OB:20240925|POI:20241018|confirm:20241021|W:W1_PROTECTED_LOW,0.240202,
SMC,002131.SZ,20241114,20241114,2.068,20241118,2.272,TP_STRUCTURAL,2,2.272,1.932,6.56,9.6439,12.57,-4.84,1.92,-0.74,1.5,sweep:20240415|OB:20241108|POI:20241112|confirm:20241113|W:W1_PROTECTED_LOW,0.247219,
SMC,002131.SZ,20241122,20241122,2.378,20241126,2.947,TP_STRUCTURAL,2,2.947,1.998,15.96,23.7472,35.32,8.83,2.21,0.55,1.5,sweep:20240328|OB:20241118|POI:20241120|confirm:20241121|W:W1_PROTECTED_LOW,0.369738,
SMC,002137.SZ,20241015,20241015,5.71,20241031,6.07,TIME_STOP,12,6.427,5.232,8.38,6.1047,11.73,-1.05,1.4,-0.13,0.75,sweep:20240328|OB:20240930|POI:20241011|confirm:20241014|W:W1_PROTECTED_LOW,0.141434,
SMC,002148.SZ,20260115,20260115,9.31,20260116,9.031,SL_HIT,1,9.728,9.031,3.0,-3.196,-0.97,-4.19,-0.32,-1.4,-1.0,sweep:20251112|OB:20260109|POI:20260113|confirm:20260114|W:W1_PROTECTED_LOW,0.107565,
SMC,002151.SZ,20240329,20240329,31.241,20240409,29.755,SL_HIT,5,33.47,29.755,4.76,-4.9557,6.91,-5.95,1.45,-1.25,-1.0,sweep:20231221|OB:20240325|POI:20240327|confirm:20240328|W:W1_PROTECTED_LOW,0.175195,
SMC,002153.SZ,20250506,20250506,8.38,20250522,7.76,TIME_STOP,12,10.519,6.954,17.01,-7.5986,2.03,-8.71,0.12,-0.51,-0.43,sweep:20250325|OB:20250416|POI:20250429|confirm:20250430|W:W1_PROTECTED_LOW,0.031017,
SMC,002156.SZ,20250909,20250909,32.259,20250924,37.049,TP_STRUCTURAL,11,37.049,29.746,7.79,14.6486,16.68,-3.84,2.14,-0.49,1.91,sweep:20241118|OB:20250827|POI:20250905|confirm:20250908|W:W1_PROTECTED_LOW,0.201688,
SMC,002158.SZ,20241021,20241021,18.07,20241106,18.36,TIME_STOP,12,21.021,16.103,10.89,1.4049,5.53,-5.53,0.51,-0.51,0.15,sweep:20240527|OB:20240927|POI:20241017|confirm:20241018|W:W1_PROTECTED_LOW,0.144494,
SMC,002179.SZ,20260120,20260120,37.051,20260127,34.945,SL_HIT,5,41.391,34.945,5.68,-5.8842,0.65,-6.13,0.11,-1.08,-1.0,sweep:20251023|OB:20260107|POI:20260116|confirm:20260119|W:W1_PROTECTED_LOW,0.13335,
SMC,002180.SZ,20241021,20241021,29.2,20241106,29.56,TIME_STOP,12,34.622,25.585,12.38,1.0329,1.85,-9.52,0.15,-0.77,0.1,sweep:20240621|OB:20240925|POI:20241016|confirm:20241018|W:W1_PROTECTED_LOW,0.200748,
SMC,002186.SZ,20260811,20260811,9.39,20260814,9.4,TIME_STOP,3,10.084,8.928,4.93,-0.0935,1.7,-1.6,0.35,-0.32,0.02,sweep:20260611|OB:20260730|POI:20260807|confirm:20260810|W:W1_PROTECTED_LOW,0.117438,
SMC,002194.SZ,20250507,20250507,12.97,20250513,16.064,TP_STRUCTURAL,4,16.064,10.907,15.9,23.6573,26.21,-2.85,1.65,-0.18,1.5,sweep:20250314|OB:20250423|POI:20250430|confirm:20250506|W:W1_PROTECTED_LOW,0.076003,
SMC,002195.SZ,20241021,20241021,2.888,20241106,3.038,TIME_STOP,12,3.397,2.549,11.75,4.9939,15.58,-2.42,1.33,-0.21,0.44,sweep:20240515|OB:20240930|POI:20241011|confirm:20241018|W:W1_PROTECTED_LOW,0.30303,
SMC,002197.SZ,20260107,20260107,10.77,20260120,9.496,SL_HIT,9,12.681,9.496,11.83,-12.0318,4.83,-13.0,0.41,-1.1,-1.0,sweep:20251204|OB:20251224|POI:20260105|confirm:20260106|W:W1_PROTECTED_LOW,0.070727,
SMC,002198.SZ,20241011,20241011,6.39,20241018,5.964,SL_HIT,5,7.03,5.964,6.67,-6.8734,-1.56,-6.89,-0.23,-1.03,-1.0,sweep:20240809|OB:20240927|POI:20241009|confirm:20241010|W:W1_PROTECTED_LOW,0.066667,
SMC,002201.SZ,20250418,20250418,6.941,20250509,6.621,TIME_STOP,12,8.567,5.857,15.62,-4.8103,11.81,-15.42,0.76,-0.99,-0.3,sweep:20240124|OB:20250411|POI:20250416|confirm:20250417|W:W1_PROTECTED_LOW,0.234819,
SMC,002201.SZ,20260507,20260507,14.065,20260519,12.178,SL_HIT,8,16.896,12.178,13.42,-13.6173,5.33,-15.85,0.4,-1.18,-1.0,sweep:20260202|OB:20260421|POI:20260430|confirm:20260506|W:W1_PROTECTED_LOW,0.195586,
SMC,002205.SZ,20241015,20241015,8.12,20241029,9.49,TP_STRUCTURAL,10,9.49,7.207,11.25,16.6697,17.0,-4.56,1.51,-0.41,1.5,sweep:20240513|OB:20240930|POI:20241010|confirm:20241014|W:W1_PROTECTED_LOW,0.298578,
SMC,002209.SZ,20241015,20241015,8.888,20241031,8.988,TIME_STOP,12,10.034,8.124,8.6,0.9251,7.65,-3.26,0.89,-0.38,0.13,sweep:20240327|OB:20240930|POI:20241009|confirm:20241014|W:W1_PROTECTED_LOW,0.173448,
SMC,002213.SZ,20250115,20250115,14.239,20250206,16.421,TP_STRUCTURAL,10,16.421,12.784,10.22,15.1239,15.87,-9.9,1.55,-0.97,1.5,sweep:20231226|OB:20250106|POI:20250113|confirm:20250114|W:W1_PROTECTED_LOW,0.14816,
SMC,002219.SZ,20251009,20251009,2.26,20251027,2.33,TIME_STOP,12,2.523,2.085,7.76,2.8973,8.41,-3.98,1.08,-0.51,0.4,sweep:20250828|OB:20250909|POI:20250929|confirm:20250930|W:W1_PROTECTED_LOW,0.022831,
SMC,002223.SZ,20260702,20260702,26.1,20260710,25.092,SL_HIT,6,27.612,25.092,3.86,-4.0615,2.53,-3.91,0.65,-1.01,-1.0,sweep:20260610|OB:20260626|POI:20260630|confirm:20260701|W:W1_WEEKLY_SSL_CHOCH,-0.028316,
SMC,002226.SZ,20240515,20240515,4.977,20240531,4.647,TIME_STOP,12,5.759,4.456,10.48,-6.8305,4.42,-9.04,0.42,-0.86,-0.63,sweep:20231023|OB:20240429|POI:20240513|confirm:20240514|W:W1_PROTECTED_LOW,0.136557,
SMC,002240.SZ,20250918,20250918,18.5,20250923,17.337,SL_HIT,3,20.244,17.337,6.29,-6.4857,1.46,-7.46,0.23,-1.19,-1.0,sweep:20240416|OB:20250905|POI:20250916|confirm:20250917|W:W1_PROTECTED_LOW,0.045711,
SMC,002254.SZ,20260519,20260519,14.06,20260522,15.854,TP_STRUCTURAL,3,15.854,12.864,8.51,12.5604,13.3,-0.5,1.56,-0.06,1.5,sweep:20231227|OB:20260513|POI:20260515|confirm:20260518|W:W1_PROTECTED_LOW,0.459163,
SMC,002279.SZ,20241223,20241223,7.66,20241225,6.751,SL_HIT,2,9.023,6.751,11.87,-12.0659,-4.18,-15.54,-0.35,-1.31,-1.0,sweep:20231130|OB:20241209|POI:20241217|confirm:20241220|W:W1_PROTECTED_LOW,0.214286,
SMC,002283.SZ,20241223,20241223,5.358,20250106,4.586,SL_HIT,9,6.516,4.586,14.4,-14.6044,-1.31,-15.12,-0.09,-1.05,-1.0,sweep:20231226|OB:20241204|POI:20241219|confirm:20241220|W:W1_PROTECTED_LOW,0.200994,
SMC,002292.SZ,20250527,20250527,9.95,20250603,9.537,SL_HIT,4,10.57,9.537,4.15,-4.3529,2.51,-4.32,0.61,-1.04,-1.0,sweep:20250331|OB:20250521|POI:20250523|confirm:20250526|W:W1_PROTECTED_LOW,0.202381,
SMC,002295.SZ,20240410,20240410,7.654,20240422,6.236,SL_HIT,8,9.781,6.236,18.53,-18.7291,25.87,-22.47,1.4,-1.21,-1.0,sweep:20240124|OB:20240401|POI:20240408|confirm:20240409|W:W1_PROTECTED_LOW,0.330793,
SMC,002299.SZ,20250414,20250414,16.383,20250430,15.413,TIME_STOP,12,19.665,14.195,13.36,-6.1208,2.14,-6.84,0.16,-0.51,-0.44,sweep:20240223|OB:20250407|POI:20250410|confirm:20250411|W:W1_PROTECTED_LOW,0.208975,
SMC,002303.SZ,20241023,20241023,2.813,20241108,3.083,TIME_STOP,12,3.361,2.448,12.99,9.3983,16.71,-2.49,1.29,-0.19,0.74,sweep:20240110|OB:20240926|POI:20241021|confirm:20241022|W:W1_PROTECTED_LOW,0.276895,
SMC,002313.SZ,20250819,20250819,12.01,20250904,12.09,TIME_STOP,12,15.13,10.79,10.16,0.4661,11.99,-6.91,1.18,-0.68,0.07,sweep:20250219|OB:20250806|POI:20250814|confirm:20250818|W:W1_PROTECTED_LOW,0.251033,
SMC,002319.SZ,20240807,20240807,9.18,20240812,8.48,SL_HIT,3,10.25,8.48,7.63,-7.8253,-0.54,-8.5,-0.07,-1.11,-1.0,sweep:20240607|OB:20240730|POI:20240805|confirm:20240806|W:W1_WEEKLY_SSL_CHOCH,0.159091,
SMC,002320.SZ,20241011,20241011,5.36,20241029,5.65,TIME_STOP,12,5.946,4.97,7.28,5.2104,6.16,-4.85,0.85,-0.67,0.74,sweep:20240725|OB:20240925|POI:20241009|confirm:20241010|W:W1_WEEKLY_SSL_CHOCH,0.150215,
SMC,002324.SZ,20241203,20241203,10.246,20241210,12.412,TP_STRUCTURAL,5,12.412,8.802,14.09,20.9389,23.52,-3.71,1.67,-0.26,1.5,sweep:20240426|OB:20241120|POI:20241127|confirm:20241202|W:W1_PROTECTED_LOW,0.218221,
SMC,002338.SZ,20240627,20240627,32.265,20240715,29.445,TIME_STOP,12,38.767,27.93,13.43,-8.9401,5.86,-10.48,0.44,-0.78,-0.65,sweep:20240328|OB:20240618|POI:20240625|confirm:20240626|W:W1_PROTECTED_LOW,0.161273,
SMC,002340.SZ,20241021,20241021,7.02,20241106,7.18,TIME_STOP,12,8.844,5.804,17.32,2.0792,6.7,-4.42,0.39,-0.25,0.13,sweep:20240416|OB:20240925|POI:20241017|confirm:20241018|W:W1_PROTECTED_LOW,0.242701,
SMC,002346.SZ,20251226,20251226,19.535,20260115,20.315,TIME_STOP,12,24.489,16.232,16.91,3.7928,9.16,-1.07,0.54,-0.06,0.24,sweep:20251112|OB:20251209|POI:20251216|confirm:20251225|W:W1_PROTECTED_LOW,0.171306,
SMC,002348.SZ,20241014,20241014,2.75,20241018,2.562,SL_HIT,4,3.1,2.562,6.83,-7.0312,1.45,-6.91,0.21,-1.01,-1.0,sweep:20240527|OB:20240930|POI:20241010|confirm:20241011|W:W1_PROTECTED_LOW,0.244635,
SMC,002351.SZ,20241219,20241219,18.011,20241225,16.485,SL_HIT,4,20.301,16.485,8.47,-8.675,4.11,-8.55,0.48,-1.01,-1.0,sweep:20231206|OB:20241212|POI:20241217|confirm:20241218|W:W1_PROTECTED_LOW,0.141879,
SMC,002352.SZ,20240920,20240920,34.199,20240926,36.71,TP_STRUCTURAL,4,36.71,32.525,4.9,7.1436,10.7,1.32,2.19,0.27,1.5,sweep:20240716|OB:20240902|POI:20240918|confirm:20240919|W:W1_PROTECTED_LOW,0.086379,
SMC,002352.SZ,20241015,20241015,40.769,20241031,41.499,TIME_STOP,12,46.669,36.845,9.62,1.5906,3.7,-4.37,0.38,-0.45,0.19,sweep:20230908|OB:20240927|POI:20241009|confirm:20241014|W:W1_PROTECTED_LOW,0.200183,
SMC,002353.SZ,20260409,20260409,110.913,20260423,132.669,TP_STRUCTURAL,10,132.669,96.409,13.08,19.4158,20.53,-2.31,1.57,-0.18,1.5,sweep:20260323|OB:20260401|POI:20260407|confirm:20260408|W:W1_PROTECTED_LOW,-0.066917,
SMC,002365.SZ,20260722,20260722,12.0,20260807,14.0,TP_STRUCTURAL,12,14.0,10.68,11.0,16.4667,18.33,-3.08,1.67,-0.28,1.52,sweep:20260528|OB:20260715|POI:20260720|confirm:20260721|W:W1_PROTECTED_LOW,0.074139,
SMC,002367.SZ,20260701,20260701,7.07,20260709,6.16,SL_HIT,6,8.436,6.16,12.88,-13.0763,5.52,-14.85,0.43,-1.15,-1.0,sweep:20260403|OB:20260624|POI:20260629|confirm:20260630|W:W1_PROTECTED_LOW,0.153589,
SMC,002369.SZ,20241015,20241015,5.82,20241022,7.119,TP_STRUCTURAL,5,7.119,4.954,14.87,22.1122,26.63,-5.33,1.79,-0.36,1.5,sweep:20240315|OB:20240930|POI:20241011|confirm:20241014|W:W1_PROTECTED_LOW,0.217949,
SMC,002384.SZ,20241015,20241015,23.24,20241021,26.349,TP_STRUCTURAL,4,26.349,21.167,8.92,13.179,13.98,-4.3,1.57,-0.48,1.5,sweep:20240805|OB:20240930|POI:20241011|confirm:20241014|W:W1_PROTECTED_LOW,0.075619,
SMC,002391.SZ,20250618,20250618,6.368,20250704,5.698,TIME_STOP,12,7.785,5.423,14.83,-10.7214,-2.51,-14.29,-0.17,-0.96,-0.71,sweep:20240110|OB:20250606|POI:20250613|confirm:20250617|W:W1_PROTECTED_LOW,0.171909,
SMC,002395.SZ,20260202,20260202,19.51,20260226,20.01,TIME_STOP,12,23.175,17.066,12.52,2.3628,5.43,-2.46,0.43,-0.2,0.2,sweep:20250903|OB:20260120|POI:20260129|confirm:20260130|W:W1_PROTECTED_LOW,0.187538,
SMC,002399.SZ,20260721,20260721,9.89,20260722,9.566,SL_HIT,1,10.41,9.566,3.28,-3.4753,-0.4,-4.04,-0.12,-1.23,-1.0,sweep:20260528|OB:20260714|POI:20260717|confirm:20260720|W:W1_PROTECTED_LOW,0.113739,
SMC,002401.SZ,20260122,20260122,16.972,20260130,16.279,SL_HIT,6,18.011,16.279,4.08,-4.2802,0.53,-4.42,0.13,-1.08,-1.0,sweep:20251124|OB:20260109|POI:20260120|confirm:20260121|W:W1_PROTECTED_LOW,0.069022,
SMC,002403.SZ,20250605,20250605,14.99,20250619,13.461,SL_HIT,10,17.284,13.461,10.2,-10.403,-1.13,-10.67,-0.11,-1.05,-1.0,sweep:20250331|OB:20250520|POI:20250530|confirm:20250604|W:W1_PROTECTED_LOW,0.019084,
SMC,002410.SZ,20241015,20241015,14.123,20241031,14.513,TIME_STOP,12,18.158,11.433,19.05,2.5615,7.08,-6.37,0.37,-0.33,0.14,sweep:20240308|OB:20240930|POI:20241011|confirm:20241014|W:W1_PROTECTED_LOW,0.477779,
SMC,002419.SZ,20241219,20241219,6.261,20250103,5.259,SL_HIT,10,7.765,5.259,16.01,-16.2118,0.16,-16.77,0.01,-1.05,-1.0,sweep:20230908|OB:20241211|POI:20241217|confirm:20241218|W:W1_PROTECTED_LOW,0.160822,
SMC,002421.SZ,20260603,20260603,4.88,20260622,3.83,TIME_STOP,12,7.015,3.456,29.17,-21.7164,26.23,-24.8,0.9,-0.85,-0.74,sweep:20250313|OB:20260522|POI:20260601|confirm:20260602|W:W1_PROTECTED_LOW,0.713793,
SMC,002422.SZ,20250411,20250411,32.876,20250429,32.026,TIME_STOP,12,38.002,29.459,10.39,-2.7855,7.15,-5.23,0.69,-0.5,-0.25,sweep:20241025|OB:20250331|POI:20250409|confirm:20250410|W:W1_PROTECTED_LOW,0.122459,
SMC,002425.SZ,20231220,20231220,5.28,20231221,5.003,SL_HIT,1,5.696,5.003,5.25,-5.4489,0.38,-5.87,0.07,-1.12,-1.0,sweep:20230728|OB:20231213|POI:20231218|confirm:20231219|W:W1_PROTECTED_LOW,0.043053,
SMC,002427.SZ,20250407,20250407,4.68,20250411,5.6,TP_STRUCTURAL,4,5.6,4.091,12.58,19.4581,30.98,-2.35,2.46,-0.19,1.56,sweep:20240123|OB:20250324|POI:20250402|confirm:20250403|W:W1_PROTECTED_LOW,0.354167,
SMC,002431.SZ,20241115,20241115,2.53,20241125,2.21,SL_HIT,6,3.011,2.21,12.66,-12.8623,1.58,-14.23,0.12,-1.12,-1.0,sweep:20240328|OB:20241106|POI:20241113|confirm:20241114|W:W1_PROTECTED_LOW,0.372973,
SMC,002434.SZ,20241115,20241115,6.64,20241127,6.12,SL_HIT,8,7.42,6.12,7.83,-8.0313,7.38,-8.13,0.94,-1.04,-1.0,sweep:20240110|OB:20241108|POI:20241113|confirm:20241114|W:W1_PROTECTED_LOW,0.305284,
SMC,002434.SZ,20250317,20250317,8.21,20250318,9.131,TP_STRUCTURAL,1,9.131,7.596,7.48,11.0232,11.33,4.87,1.51,0.65,1.5,sweep:20231211|OB:20250307|POI:20250313|confirm:20250314|W:W1_PROTECTED_LOW,0.248038,
SMC,002440.SZ,20260728,20260728,11.7,20260729,13.24,TP_STRUCTURAL,1,13.24,11.314,3.3,12.9624,16.58,5.73,5.02,1.73,3.99,sweep:20260403|OB:20260717|POI:20260724|confirm:20260727|W:W1_PROTECTED_LOW,0.127841,
SMC,002446.SZ,20250905,20250905,8.55,20250917,9.268,TP_STRUCTURAL,8,9.268,8.071,5.6,8.2023,9.24,-1.75,1.65,-0.31,1.5,sweep:20231211|OB:20250828|POI:20250903|confirm:20250904|W:W1_PROTECTED_LOW,0.102464,
SMC,002455.SZ,20240112,20240112,7.28,20240122,6.681,SL_HIT,6,8.179,6.681,8.23,-8.4319,0.55,-15.11,0.07,-1.84,-1.0,sweep:20231211|OB:20231228|POI:20240110|confirm:20240111|W:W1_PROTECTED_LOW,0.04755,
SMC,002457.SZ,20260225,20260225,13.531,20260312,12.125,SL_HIT,11,15.64,12.125,10.39,-10.5888,10.27,-11.6,0.99,-1.12,-1.0,sweep:20250804|OB:20260205|POI:20260213|confirm:20260224|W:W1_PROTECTED_LOW,0.194354,
SMC,002470.SZ,20250919,20250919,1.93,20250922,1.828,SL_HIT,1,2.083,1.828,5.29,-5.4924,-4.66,-7.77,-0.88,-1.47,-1.0,sweep:20250324|OB:20250915|POI:20250917|confirm:20250918|W:W1_PROTECTED_LOW,0.096591,
SMC,002471.SZ,20250410,20250410,3.04,20250428,2.85,TIME_STOP,12,3.567,2.689,11.55,-6.45,16.78,-10.86,1.45,-0.94,-0.54,sweep:20240110|OB:20250402|POI:20250408|confirm:20250409|W:W1_PROTECTED_LOW,0.152985,
SMC,002472.SZ,20260713,20260713,43.09,20260717,39.891,SL_HIT,4,49.42,39.891,7.42,-7.6247,1.14,-12.79,0.15,-1.72,-1.0,sweep:20260612|OB:20260702|POI:20260709|confirm:20260710|W:W1_PROTECTED_LOW,0.067402,
SMC,002474.SZ,20251114,20251114,7.7,20251118,8.86,TP_STRUCTURAL,2,8.86,7.282,5.43,14.8649,21.43,0.91,3.95,0.17,2.78,sweep:20250304|OB:20251027|POI:20251112|confirm:20251113|W:W1_PROTECTED_LOW,0.01039,
SMC,002479.SZ,20260409,20260409,5.66,20260427,5.48,TIME_STOP,12,6.657,4.995,11.74,-3.3802,3.0,-5.48,0.26,-0.47,-0.27,sweep:20260213|OB:20260324|POI:20260407|confirm:20260408|W:W1_PROTECTED_LOW,0.04,
SMC,002480.SZ,20241011,20241011,4.13,20241014,4.47,TP_STRUCTURAL,1,4.47,4.008,2.97,8.0324,8.23,-0.73,2.78,-0.24,2.78,sweep:20240314|OB:20240926|POI:20241009|confirm:20241010|W:W1_PROTECTED_LOW,0.202312,
SMC,002487.SZ,20250627,20250627,30.457,20250701,33.431,TP_STRUCTURAL,2,33.431,28.474,6.51,9.5638,9.85,2.82,1.51,0.43,1.5,sweep:20230728|OB:20250612|POI:20250625|confirm:20250626|W:W1_PROTECTED_LOW,0.126656,
SMC,002500.SZ,20240814,20240814,4.66,20240830,4.54,TIME_STOP,12,4.985,4.444,4.64,-2.7751,2.36,-3.43,0.51,-0.74,-0.55,sweep:20240614|OB:20240731|POI:20240812|confirm:20240813|W:W1_PROTECTED_LOW,0.075688,
SMC,002500.SZ,20250612,20250612,5.58,20250619,5.41,SL_HIT,5,5.835,5.41,3.05,-3.2466,0.18,-3.58,0.06,-1.18,-1.0,sweep:20250519|OB:20250606|POI:20250610|confirm:20250611|W:W1_PROTECTED_LOW,0.01085,
SMC,002507.SZ,20241011,20241011,13.77,20241029,14.17,TIME_STOP,12,15.485,12.626,8.3,2.7049,3.49,-6.97,0.42,-0.84,0.35,sweep:20240416|OB:20240925|POI:20241009|confirm:20241010|W:W1_PROTECTED_LOW,0.24639,
SMC,002512.SZ,20241015,20241015,4.76,20241031,4.91,TIME_STOP,12,6.321,3.72,21.86,2.9513,13.45,-3.57,0.62,-0.16,0.14,sweep:20240515|OB:20240930|POI:20241011|confirm:20241014|W:W1_PROTECTED_LOW,0.379518,
SMC,002515.SZ,20260519,20260519,7.6,20260527,6.308,SL_HIT,6,9.539,6.308,17.01,-17.2066,1.84,-17.37,0.11,-1.02,-1.0,sweep:20251017|OB:20260506|POI:20260515|confirm:20260518|W:W1_PROTECTED_LOW,0.268251,
SMC,002517.SZ,20241028,20241028,12.951,20241113,13.541,TIME_STOP,12,14.875,11.668,9.91,4.3556,10.19,0.46,1.03,0.05,0.46,sweep:20240315|OB:20241018|POI:20241024|confirm:20241025|W:W1_PROTECTED_LOW,0.40548,
SMC,002520.SZ,20240925,20240925,4.12,20240930,4.97,TP_STRUCTURAL,3,4.97,3.559,13.61,20.4311,21.12,-0.49,1.55,-0.04,1.52,sweep:20240530|OB:20240903|POI:20240919|confirm:20240924|W:W1_PROTECTED_LOW,0.170455,
SMC,002537.SZ,20241014,20241014,6.75,20241030,6.88,TIME_STOP,12,8.532,5.562,17.6,1.7259,14.81,-8.89,0.84,-0.51,0.11,sweep:20240110|OB:20240930|POI:20241010|confirm:20241011|W:W1_PROTECTED_LOW,0.323944,
SMC,002542.SZ,20260123,20260123,3.61,20260202,3.365,SL_HIT,6,3.98,3.365,6.78,-6.9768,0.83,-7.48,0.12,-1.1,-1.0,sweep:20251121|OB:20260109|POI:20260121|confirm:20260122|W:W1_PROTECTED_LOW,0.096386,
SMC,002550.SZ,20260413,20260413,7.702,20260424,7.042,SL_GAP,9,8.435,7.213,6.35,-8.7692,2.99,-10.39,0.47,-1.64,-1.35,sweep:20260304|OB:20260331|POI:20260409|confirm:20260410|W:W1_PROTECTED_LOW,0.049986,
SMC,002552.SZ,20250115,20250115,14.68,20250120,17.847,TP_STRUCTURAL,3,17.847,12.569,14.38,21.3709,23.57,5.04,1.64,0.35,1.5,sweep:20240626|OB:20241231|POI:20250113|confirm:20250114|W:W1_PROTECTED_LOW,0.158301,
SMC,002552.SZ,20250730,20250730,16.75,20250815,15.163,SL_HIT,12,19.13,15.163,9.47,-9.6733,8.24,-9.55,0.87,-1.01,-1.0,sweep:20250205|OB:20250711|POI:20250728|confirm:20250729|W:W1_PROTECTED_LOW,0.198288,
SMC,002561.SZ,20241011,20241011,8.92,20241029,9.32,TIME_STOP,12,10.385,7.944,10.95,4.2843,6.73,-6.17,0.61,-0.56,0.41,sweep:20240515|OB:20240927|POI:20241009|confirm:20241010|W:W1_PROTECTED_LOW,0.291607,
SMC,002562.SZ,20240809,20240809,3.61,20240812,3.34,SL_HIT,1,4.014,3.34,7.47,-7.6693,-3.32,-7.76,-0.45,-1.04,-1.0,sweep:20240517|OB:20240802|POI:20240807|confirm:20240808|W:W1_PROTECTED_LOW,0.121581,
SMC,002574.SZ,20260122,20260122,6.27,20260209,6.57,TIME_STOP,12,7.69,5.578,11.03,4.5847,12.92,-0.96,1.17,-0.09,0.43,sweep:20250707|OB:20260112|POI:20260120|confirm:20260121|W:W1_PROTECTED_LOW,0.109347,
SMC,002578.SZ,20251029,20251029,3.68,20251104,4.06,TP_STRUCTURAL,4,4.06,3.426,6.89,10.1358,11.14,-1.63,1.62,-0.24,1.5,sweep:20250815|OB:20251017|POI:20251027|confirm:20251028|W:W1_PROTECTED_LOW,0.115152,
SMC,002582.SZ,20260723,20260723,9.16,20260729,10.1,TP_STRUCTURAL,4,10.1,8.566,6.49,10.062,12.77,-4.26,1.97,-0.66,1.58,sweep:20260611|OB:20260714|POI:20260721|confirm:20260722|W:W1_PROTECTED_LOW,0.036504,
SMC,002585.SZ,20260603,20260603,11.01,20260611,13.432,TP_STRUCTURAL,6,13.432,9.395,14.67,21.7979,22.43,-2.82,1.53,-0.19,1.5,sweep:20230728|OB:20260527|POI:20260601|confirm:20260602|W:W1_PROTECTED_LOW,0.451488,
SMC,002589.SZ,20251219,20251219,3.488,20260108,3.288,TIME_STOP,12,4.688,3.1,11.12,-5.9339,2.58,-8.03,0.23,-0.72,-0.52,sweep:20231211|OB:20251203|POI:20251216|confirm:20251218|W:W1_PROTECTED_LOW,0.181941,
SMC,002589.SZ,20260416,20260416,3.868,20260507,3.188,TIME_STOP,12,5.064,3.071,20.62,-17.7801,-6.2,-19.65,-0.3,-0.95,-0.85,sweep:20260213|OB:20260403|POI:20260413|confirm:20260415|W:W1_PROTECTED_LOW,0.132576,
SMC,002592.SZ,20240401,20240401,5.72,20240402,5.48,SL_HIT,1,6.25,5.48,4.19,-4.3896,-0.17,-5.42,-0.04,-1.29,-1.0,sweep:20240110|OB:20240321|POI:20240328|confirm:20240329|W:W1_PROTECTED_LOW,0.206413,
SMC,002594.SZ,20260724,20260724,91.172,20260729,95.592,TP_STRUCTURAL,3,95.592,88.608,2.81,4.648,5.2,0.0,1.85,0.0,1.72,sweep:20260611|OB:20260715|POI:20260722|confirm:20260723|W:W1_PROTECTED_LOW,0.127685,
SMC,002607.SZ,20241015,20241015,2.93,20241031,2.98,TIME_STOP,12,3.701,2.416,17.55,1.5065,13.65,-6.14,0.78,-0.35,0.1,sweep:20240426|OB:20240930|POI:20241011|confirm:20241014|W:W1_PROTECTED_LOW,0.464646,
SMC,002607.SZ,20260123,20260123,2.96,20260130,2.807,SL_HIT,5,3.49,2.807,5.16,-5.3641,3.04,-5.74,0.59,-1.11,-1.0,sweep:20250929|OB:20260112|POI:20260120|confirm:20260122|W:W1_PROTECTED_LOW,0.095588,
SMC,002615.SZ,20250701,20250701,8.39,20250717,8.44,TIME_STOP,12,11.28,7.477,10.88,0.3959,6.56,-2.26,0.6,-0.21,0.05,sweep:20250124|OB:20250611|POI:20250619|confirm:20250630|W:W1_PROTECTED_LOW,0.16482,
SMC,002624.SZ,20241120,20241120,11.445,20241128,13.207,TP_STRUCTURAL,6,13.207,10.27,10.26,15.1951,17.47,-4.37,1.7,-0.43,1.5,sweep:20240110|OB:20241108|POI:20241118|confirm:20241119|W:W1_PROTECTED_LOW,0.229897,
SMC,002624.SZ,20250701,20250701,14.85,20250714,13.664,SL_HIT,9,16.629,13.664,7.98,-8.1846,3.43,-8.89,0.43,-1.11,-1.0,sweep:20230728|OB:20250610|POI:20250627|confirm:20250630|W:W1_PROTECTED_LOW,0.151727,
SMC,002624.SZ,20250812,20250812,14.98,20250826,15.941,TP_STRUCTURAL,10,15.941,14.339,4.28,6.2157,9.41,-2.34,2.2,-0.55,1.5,sweep:20250623|OB:20250805|POI:20250808|confirm:20250811|W:W1_PROTECTED_LOW,0.059075,
SMC,002627.SZ,20240418,20240418,5.114,20240419,4.957,SL_HIT,1,5.494,4.957,3.07,-3.2728,-0.98,-5.48,-0.32,-1.78,-1.0,sweep:20231211|OB:20240410|POI:20240416|confirm:20240417|W:W1_PROTECTED_LOW,0.146321,
SMC,002631.SZ,20250418,20250418,5.0,20250428,4.263,SL_HIT,6,6.105,4.263,14.74,-14.9357,-3.4,-15.2,-0.23,-1.03,-1.0,sweep:20250314|OB:20250402|POI:20250416|confirm:20250417|W:W1_PROTECTED_LOW,0.074627,
SMC,002637.SZ,20241021,20241021,8.947,20241106,9.197,TIME_STOP,12,10.336,8.021,10.35,2.5942,6.04,-4.25,0.58,-0.41,0.27,sweep:20240624|OB:20240927|POI:20241017|confirm:20241018|W:W1_PROTECTED_LOW,0.152819,
SMC,002638.SZ,20241203,20241203,3.01,20241219,2.81,TIME_STOP,12,3.939,2.39,20.59,-6.8445,14.29,-10.96,0.69,-0.53,-0.32,sweep:20240110|OB:20241126|POI:20241129|confirm:20241202|W:W1_PROTECTED_LOW,0.308036,
SMC,002640.SZ,20250718,20250718,5.58,20250805,5.22,TIME_STOP,12,6.536,4.943,11.42,-6.6516,3.94,-7.71,0.35,-0.67,-0.57,sweep:20241211|OB:20250709|POI:20250716|confirm:20250717|W:W1_PROTECTED_LOW,0.208068,
SMC,002642.SZ,20241106,20241106,8.28,20241118,7.417,SL_HIT,8,9.574,7.417,10.42,-10.621,3.86,-13.41,0.37,-1.29,-1.0,sweep:20231207|OB:20241030|POI:20241104|confirm:20241105|W:W1_PROTECTED_LOW,0.009756,
SMC,002644.SZ,20250805,20250805,10.48,20250807,9.396,SL_HIT,2,12.105,9.396,10.34,-10.5394,-3.72,-10.97,-0.36,-1.06,-1.0,sweep:20231211|OB:20250729|POI:20250801|confirm:20250804|W:W1_PROTECTED_LOW,0.289786,
SMC,002649.SZ,20241016,20241016,11.589,20241101,13.329,TIME_STOP,12,13.995,9.985,13.84,14.8142,16.91,-2.42,1.22,-0.17,1.08,sweep:20240124|OB:20241008|POI:20241014|confirm:20241015|W:W1_PROTECTED_LOW,0.542114,
SMC,002649.SZ,20241106,20241106,12.139,20241122,12.099,TIME_STOP,12,13.549,11.235,7.45,-0.5295,9.56,-7.08,1.28,-0.95,-0.04,sweep:20230906|OB:20241030|POI:20241104|confirm:20241105|W:W1_PROTECTED_LOW,0.072622,
SMC,002653.SZ,20250307,20250307,33.588,20250320,36.576,TP_STRUCTURAL,9,36.576,31.596,5.93,8.6951,10.69,-2.05,1.8,-0.35,1.5,sweep:20241225|OB:20250226|POI:20250305|confirm:20250306|W:W1_PROTECTED_LOW,0.080836,
SMC,002663.SZ,20241121,20241121,1.96,20241206,2.4,TP_STRUCTURAL,11,2.4,1.761,10.13,22.249,25.51,-6.12,2.52,-0.6,2.22,sweep:20240109|OB:20241104|POI:20241119|confirm:20241120|W:W1_PROTECTED_LOW,0.216049,
SMC,002666.SZ,20250124,20250124,4.7,20250219,4.45,TIME_STOP,12,5.574,4.118,12.39,-5.5191,1.49,-5.53,0.12,-0.45,-0.43,sweep:20241225|OB:20250116|POI:20250122|confirm:20250123|W:W1_PROTECTED_LOW,0.10984,
SMC,002668.SZ,20241015,20241015,11.396,20241031,11.626,TIME_STOP,12,14.072,9.612,15.65,1.8183,7.11,-6.14,0.45,-0.39,0.13,sweep:20240523|OB:20240927|POI:20241011|confirm:20241014|W:W1_PROTECTED_LOW,0.263391,
SMC,002669.SZ,20260603,20260603,16.2,20260622,17.73,TIME_STOP,12,19.523,13.985,13.67,9.2444,18.09,-6.3,1.32,-0.46,0.69,sweep:20260313|OB:20260525|POI:20260601|confirm:20260602|W:W1_PROTECTED_LOW,0.218783,
SMC,002677.SZ,20240507,20240507,8.884,20240523,9.294,TIME_STOP,12,10.392,7.879,11.31,4.415,6.75,-4.16,0.6,-0.37,0.41,sweep:20231227|OB:20240416|POI:20240422|confirm:20240506|W:W1_PROTECTED_LOW,0.048383,
SMC,002686.SZ,20260409,20260409,7.48,20260410,7.081,SL_HIT,1,8.078,7.081,5.33,-5.5333,-0.27,-6.28,-0.05,-1.18,-1.0,sweep:20260212|OB:20260326|POI:20260407|confirm:20260408|W:W1_PROTECTED_LOW,0.13943,
SMC,002693.SZ,20260713,20260713,10.41,20260720,8.726,SL_HIT,5,12.936,8.726,16.18,-16.3795,5.67,-18.06,0.35,-1.12,-1.0,sweep:20260608|OB:20260630|POI:20260709|confirm:20260710|W:W1_PROTECTED_LOW,0.161111,
SMC,002694.SZ,20241105,20241105,5.74,20241121,5.68,TIME_STOP,12,7.419,4.621,19.5,-1.2453,17.25,-8.54,0.88,-0.44,-0.05,sweep:20240327|OB:20241030|POI:20241101|confirm:20241104|W:W1_PROTECTED_LOW,0.456853,
SMC,002695.SZ,20241206,20241206,9.6,20241224,8.48,TIME_STOP,12,11.982,8.012,16.54,-11.8667,24.79,-13.44,1.5,-0.81,-0.71,sweep:20240123|OB:20241129|POI:20241204|confirm:20241205|W:W1_PROTECTED_LOW,0.194444,
SMC,002700.SZ,20231020,20231020,4.329,20231027,4.645,TP_STRUCTURAL,5,4.645,4.119,4.86,7.0889,8.55,-1.85,1.76,-0.38,1.5,sweep:20230814|OB:20231013|POI:20231018|confirm:20231019|W:W1_PROTECTED_LOW,0.06129,
SMC,002715.SZ,20240808,20240808,11.428,20240819,10.572,SL_HIT,7,12.713,10.572,7.49,-7.6941,-1.14,-8.93,-0.15,-1.19,-1.0,sweep:20240624|OB:20240723|POI:20240805|confirm:20240807|W:W1_PROTECTED_LOW,0.027883,
SMC,002734.SZ,20241129,20241129,8.407,20241217,7.957,TIME_STOP,12,10.379,7.092,15.64,-5.5527,5.71,-10.23,0.37,-0.65,-0.34,sweep:20230918|OB:20241125|POI:20241127|confirm:20241128|W:W1_PROTECTED_LOW,0.166028,
SMC,002734.SZ,20260702,20260702,17.46,20260708,16.235,SL_HIT,4,19.58,16.235,7.02,-7.2181,4.52,-8.02,0.64,-1.14,-1.0,sweep:20260506|OB:20260618|POI:20260629|confirm:20260701|W:W1_PROTECTED_LOW,0.057519,
SMC,002739.SZ,20260709,20260709,9.9,20260714,8.573,SL_HIT,3,11.89,8.573,13.4,-13.6019,7.07,-14.55,0.53,-1.09,-1.0,sweep:20260528|OB:20260629|POI:20260707|confirm:20260708|W:W1_WEEKLY_SSL_CHOCH,0.165687,
SMC,002741.SZ,20240712,20240712,12.31,20240730,10.64,TIME_STOP,12,16.045,9.82,20.23,-13.7662,-0.24,-15.84,-0.01,-0.78,-0.67,sweep:20240606|OB:20240705|POI:20240710|confirm:20240711|W:W1_WEEKLY_SSL_CHOCH,0.213,
SMC,002741.SZ,20241014,20241014,15.0,20241030,12.97,TIME_STOP,12,18.662,12.559,16.28,-13.7333,-1.8,-14.87,-0.11,-0.91,-0.83,sweep:20240111|OB:20240930|POI:20241010|confirm:20241011|W:W1_PROTECTED_LOW,0.297872,
SMC,002749.SZ,20250409,20250409,11.958,20250425,12.033,TIME_STOP,12,14.119,10.518,12.05,0.4272,8.3,-3.83,0.69,-0.32,0.05,sweep:20240806|OB:20250324|POI:20250407|confirm:20250408|W:W1_PROTECTED_LOW,0.236198,
SMC,002762.SZ,20241106,20241106,7.26,20241119,6.699,SL_HIT,9,8.78,6.699,7.73,-7.9283,7.02,-11.43,0.91,-1.48,-1.0,sweep:20240314|OB:20241025|POI:20241104|confirm:20241105|W:W1_PROTECTED_LOW,-0.02027,
SMC,002762.SZ,20260813,20260813,10.68,20260814,10.15,TIME_STOP,1,13.25,8.966,16.04,-5.1625,1.12,-5.62,0.07,-0.35,-0.31,sweep:20260518|OB:20260806|POI:20260811|confirm:20260812|W:W1_PROTECTED_LOW,0.387728,
SMC,002767.SZ,20240123,20240123,17.569,20240130,13.959,SL_GAP,5,21.091,15.221,13.36,-20.7476,2.9,-20.6,0.22,-1.54,-1.54,sweep:20231211|OB:20240116|POI:20240119|confirm:20240122|W:W1_PROTECTED_LOW,0.146163,
SMC,002771.SZ,20251201,20251201,17.21,20251203,16.55,SL_HIT,2,18.2,16.55,3.83,-4.035,2.61,-5.75,0.68,-1.5,-1.0,sweep:20250904|OB:20251124|POI:20251127|confirm:20251128|W:W1_PROTECTED_LOW,0.090909,
SMC,002787.SZ,20240920,20240920,6.503,20240927,7.257,TP_STRUCTURAL,5,7.257,6.0,7.73,11.399,11.69,-3.84,1.51,-0.5,1.5,sweep:20240813|OB:20240902|POI:20240918|confirm:20240919|W:W1_PROTECTED_LOW,0.070689,
SMC,002788.SZ,20260416,20260416,16.05,20260507,13.67,TIME_STOP,12,21.268,12.571,21.67,-15.0287,-4.36,-18.38,-0.2,-0.85,-0.68,sweep:20260304|OB:20260330|POI:20260414|confirm:20260415|W:W1_PROTECTED_LOW,0.125541,
SMC,002801.SZ,20240920,20240920,17.578,20240924,16.879,SL_HIT,2,20.438,16.879,3.98,-4.1782,0.46,-4.21,0.11,-1.06,-1.0,sweep:20240708|OB:20240904|POI:20240918|confirm:20240919|W:W1_PROTECTED_LOW,0.077496,
SMC,002802.SZ,20260424,20260424,14.982,20260515,14.262,TIME_STOP,12,17.788,13.111,12.49,-5.0058,0.4,-9.08,0.03,-0.73,-0.38,sweep:20250515|OB:20260416|POI:20260422|confirm:20260423|W:W1_PROTECTED_LOW,0.213912,
SMC,002803.SZ,20241206,20241206,15.307,20241217,14.353,SL_HIT,7,16.737,14.353,6.23,-6.4296,2.68,-9.69,0.43,-1.56,-1.0,sweep:20240429|OB:20241126|POI:20241204|confirm:20241205|W:W1_PROTECTED_LOW,0.037576,
SMC,002812.SZ,20250806,20250806,30.71,20250822,31.45,TIME_STOP,12,33.61,28.777,6.3,2.2096,6.35,-2.15,1.01,-0.34,0.38,sweep:20250701|OB:20250723|POI:20250804|confirm:20250805|W:W1_PROTECTED_LOW,0.052147,
SMC,002813.SZ,20250530,20250530,23.91,20250618,23.09,TIME_STOP,12,32.2,21.59,9.7,-3.6295,0.79,-6.19,0.08,-0.64,-0.35,sweep:20250324|OB:20250516|POI:20250523|confirm:20250529|W:W1_PROTECTED_LOW,0.212935,
SMC,002819.SZ,20240730,20240730,21.122,20240815,20.642,TIME_STOP,12,24.463,18.895,10.55,-2.4725,5.44,-5.73,0.52,-0.54,-0.22,sweep:20240625|OB:20240719|POI:20240724|confirm:20240729|W:W1_PROTECTED_LOW,0.043028,
SMC,002823.SZ,20260526,20260526,18.49,20260611,18.56,TIME_STOP,12,22.86,15.576,15.76,0.1786,15.47,-7.79,0.98,-0.49,0.02,sweep:20260309|OB:20260506|POI:20260522|confirm:20260525|W:W1_PROTECTED_LOW,0.188043,
SMC,002824.SZ,20240812,20240812,13.62,20240828,13.2,TIME_STOP,12,17.502,11.032,19.0,-3.2837,2.5,-12.19,0.13,-0.64,-0.16,sweep:20240624|OB:20240731|POI:20240808|confirm:20240809|W:W1_PROTECTED_LOW,0.072042,
SMC,002824.SZ,20240827,20240827,13.32,20240912,12.81,TIME_STOP,12,15.96,11.56,13.21,-4.0288,14.34,-5.63,1.09,-0.43,-0.29,sweep:20240606|OB:20240816|POI:20240823|confirm:20240826|W:W1_PROTECTED_LOW,0.206039,
SMC,002824.SZ,20250306,20250306,20.81,20250324,16.8,SL_HIT,12,26.824,16.8,19.27,-19.4679,1.15,-21.62,0.06,-1.12,-1.0,sweep:20241211|OB:20250225|POI:20250228|confirm:20250305|W:W1_PROTECTED_LOW,0.361673,
SMC,002826.SZ,20260226,20260226,20.681,20260316,21.641,TIME_STOP,12,23.498,18.803,9.08,4.4419,11.41,-4.5,1.26,-0.5,0.51,sweep:20250916|OB:20260203|POI:20260224|confirm:20260225|W:W1_PROTECTED_LOW,0.077641,
SMC,002833.SZ,20250529,20250529,16.03,20250606,15.266,SL_HIT,5,17.24,15.266,4.77,-4.9656,0.37,-5.05,0.08,-1.06,-1.0,sweep:20250509|OB:20250519|POI:20250527|confirm:20250528|W:W1_PROTECTED_LOW,0.033996,
SMC,002851.SZ,20240605,20240605,28.683,20240624,25.645,SL_HIT,12,33.24,25.645,10.59,-10.7924,4.43,-12.27,0.42,-1.16,-1.0,sweep:20231017|OB:20240522|POI:20240530|confirm:20240604|W:W1_PROTECTED_LOW,0.324944,
SMC,002852.SZ,20250416,20250416,9.236,20250507,9.494,TIME_STOP,12,10.582,8.338,9.72,2.5934,5.39,-8.79,0.55,-0.9,0.29,sweep:20250331|OB:20250409|POI:20250414|confirm:20250415|W:W1_PROTECTED_LOW,0.061461,
SMC,002853.SZ,20241216,20241216,12.44,20241224,11.4,SL_HIT,6,13.999,11.4,8.36,-8.5573,5.14,-11.58,0.62,-1.39,-1.0,sweep:20240124|OB:20241210|POI:20241212|confirm:20241213|W:W1_PROTECTED_LOW,0.249491,
SMC,002855.SZ,20241015,20241015,21.04,20241021,24.828,TP_STRUCTURAL,4,24.828,18.515,12.0,17.804,18.96,-3.52,1.58,-0.29,1.5,sweep:20240626|OB:20240924|POI:20241011|confirm:20241014|W:W1_PROTECTED_LOW,0.119958,
SMC,002857.SZ,20250521,20250521,18.345,20250609,18.485,TIME_STOP,12,20.802,16.707,8.93,0.5632,10.14,-4.03,1.14,-0.45,0.09,sweep:20231107|OB:20250515|POI:20250519|confirm:20250520|W:W1_PROTECTED_LOW,0.358937,
SMC,002857.SZ,20260325,20260325,23.53,20260402,21.158,SL_HIT,6,27.39,21.158,10.08,-10.2798,2.63,-12.32,0.26,-1.22,-1.0,sweep:20260206|OB:20260305|POI:20260323|confirm:20260324|W:W1_PROTECTED_LOW,-0.021795,
SMC,002860.SZ,20241023,20241023,8.564,20241108,9.104,TIME_STOP,12,9.804,7.737,9.65,6.1055,7.94,-1.05,0.82,-0.11,0.65,sweep:20240606|OB:20240930|POI:20241011|confirm:20241022|W:W1_PROTECTED_LOW,0.253866,
SMC,002869.SZ,20260407,20260407,25.89,20260417,21.701,SL_HIT,8,32.173,21.701,16.18,-16.3783,-8.5,-16.96,-0.53,-1.05,-1.0,sweep:20260212|OB:20260324|POI:20260402|confirm:20260403|W:W1_PROTECTED_LOW,0.194751,
SMC,002877.SZ,20241129,20241129,8.935,20241202,10.674,TP_STRUCTURAL,1,10.674,7.775,12.98,19.268,24.06,9.18,1.85,0.71,1.5,sweep:20240328|OB:20241122|POI:20241127|confirm:20241128|W:W1_PROTECTED_LOW,0.19439,
SMC,002879.SZ,20250826,20250826,18.711,20250902,17.212,SL_HIT,5,20.959,17.212,8.01,-8.2109,-1.6,-10.15,-0.2,-1.27,-1.0,sweep:20250311|OB:20250815|POI:20250822|confirm:20250825|W:W1_PROTECTED_LOW,0.233058,
SMC,002882.SZ,20241015,20241015,14.77,20241031,15.68,TIME_STOP,12,17.54,13.43,9.07,5.9611,17.06,-3.72,1.88,-0.41,0.68,sweep:20240626|OB:20240927|POI:20241011|confirm:20241014|W:W1_PROTECTED_LOW,0.064861,
SMC,002888.SZ,20241014,20241014,18.661,20241030,17.841,TIME_STOP,12,24.515,14.758,20.91,-4.5942,2.84,-9.22,0.14,-0.44,-0.21,sweep:20240905|OB:20240930|POI:20241010|confirm:20241011|W:W1_PROTECTED_LOW,0.210513,
SMC,002889.SZ,20241120,20241120,16.338,20241206,17.309,TIME_STOP,12,19.887,13.972,14.48,5.7432,16.92,-6.26,1.17,-0.43,0.41,sweep:20231117|OB:20241106|POI:20241118|confirm:20241119|W:W1_PROTECTED_LOW,0.156285,
SMC,002897.SZ,20241105,20241105,42.3,20241106,48.149,TP_STRUCTURAL,1,48.149,38.401,9.22,13.6273,15.63,7.04,1.7,0.76,1.5,sweep:20240611|OB:20241024|POI:20241101|confirm:20241104|W:W1_PROTECTED_LOW,0.084359,
SMC,002907.SZ,20260409,20260409,14.36,20260424,13.486,SL_HIT,11,15.671,13.486,6.09,-6.2883,1.46,-6.55,0.24,-1.08,-1.0,sweep:20260313|OB:20260331|POI:20260407|confirm:20260408|W:W1_PROTECTED_LOW,0.013361,
SMC,002910.SZ,20260629,20260629,12.11,20260713,10.005,SL_HIT,10,15.267,10.005,17.38,-17.5823,6.28,-20.89,0.36,-1.2,-1.0,sweep:20260304|OB:20260618|POI:20260625|confirm:20260626|W:W1_PROTECTED_LOW,0.219682,
SMC,002912.SZ,20241106,20241106,31.28,20241115,25.519,SL_HIT,7,39.921,25.519,18.42,-18.6166,8.02,-20.17,0.44,-1.1,-1.0,sweep:20231102|OB:20241030|POI:20241104|confirm:20241105|W:W1_PROTECTED_LOW,0.354616,
SMC,002919.SZ,20241223,20241223,17.1,20241224,15.845,SL_HIT,1,20.29,15.845,7.34,-7.5371,-3.33,-8.89,-0.45,-1.21,-1.0,sweep:20240408|OB:20241212|POI:20241219|confirm:20241220|W:W1_PROTECTED_LOW,0.170068,
SMC,002923.SZ,20250124,20250124,10.57,20250219,9.7,TIME_STOP,12,13.239,8.79,16.84,-8.4308,1.7,-10.5,0.1,-0.62,-0.49,sweep:20241226|OB:20250117|POI:20250122|confirm:20250123|W:W1_PROTECTED_LOW,0.155485,
SMC,002923.SZ,20250327,20250327,12.58,20250328,15.006,TP_STRUCTURAL,1,15.006,10.963,12.85,19.0823,20.35,6.2,1.58,0.48,1.5,sweep:20240517|OB:20250319|POI:20250325|confirm:20250326|W:W1_PROTECTED_LOW,0.329908,
SMC,002927.SZ,20251126,20251126,18.24,20251212,18.33,TIME_STOP,12,22.652,15.299,16.12,0.2934,10.53,-10.69,0.65,-0.66,0.03,sweep:20250801|OB:20251106|POI:20251124|confirm:20251125|W:W1_PROTECTED_LOW,0.160979,
SMC,002928.SZ,20260226,20260226,11.11,20260302,10.335,SL_HIT,2,12.272,10.335,6.97,-7.1725,2.16,-9.72,0.31,-1.39,-1.0,sweep:20251230|OB:20260204|POI:20260213|confirm:20260225|W:W1_PROTECTED_LOW,-0.022989,
SMC,002931.SZ,20231023,20231023,12.88,20231106,16.321,TP_STRUCTURAL,10,16.321,10.586,17.81,26.5192,30.67,-6.21,1.72,-0.35,1.5,sweep:20230922|OB:20231017|POI:20231019|confirm:20231020|W:W1_PROTECTED_LOW,0.107047,
SMC,002931.SZ,20240102,20240102,15.24,20240103,13.99,SL_HIT,1,18.2,13.99,8.2,-8.4021,-1.9,-11.09,-0.23,-1.35,-1.0,sweep:20231116|OB:20231220|POI:20231228|confirm:20231229|W:W1_PROTECTED_LOW,0.073811,
SMC,002935.SZ,20241028,20241028,16.9,20241113,17.36,TIME_STOP,12,19.353,15.265,9.68,2.5219,7.51,-7.63,0.78,-0.79,0.28,sweep:20240109|OB:20241017|POI:20241024|confirm:20241025|W:W1_PROTECTED_LOW,0.292496,
SMC,002937.SZ,20250313,20250313,22.172,20250314,20.872,SL_HIT,1,24.122,20.872,5.86,-6.0633,-2.12,-6.18,-0.36,-1.05,-1.0,sweep:20240709|OB:20250306|POI:20250311|confirm:20250312|W:W1_PROTECTED_LOW,0.227023,
SMC,002942.SZ,20250812,20250812,18.59,20250828,18.52,TIME_STOP,12,22.58,16.726,10.03,-0.5765,5.59,-3.98,0.56,-0.4,-0.04,sweep:20240108|OB:20250725|POI:20250731|confirm:20250811|W:W1_PROTECTED_LOW,0.078043,
SMC,002945.SZ,20241021,20241021,12.273,20241106,14.781,TP_STRUCTURAL,12,14.781,10.601,13.62,20.2325,23.38,-2.77,1.72,-0.2,1.5,sweep:20240517|OB:20240927|POI:20241016|confirm:20241018|W:W1_PROTECTED_LOW,0.3054,
SMC,002945.SZ,20241120,20241120,14.813,20241206,15.073,TIME_STOP,12,17.137,13.264,10.46,1.5552,12.02,-6.08,1.15,-0.58,0.17,sweep:20240123|OB:20241106|POI:20241118|confirm:20241119|W:W1_PROTECTED_LOW,0.223349,
SMC,002946.SZ,20241223,20241223,14.055,20250109,15.175,TIME_STOP,12,16.438,12.466,11.3,7.7687,12.95,-8.25,1.15,-0.73,0.71,sweep:20230908|OB:20241211|POI:20241219|confirm:20241220|W:W1_PROTECTED_LOW,0.234531,
SMC,002946.SZ,20251120,20251120,17.24,20251126,16.27,SL_HIT,4,18.696,16.27,5.63,-5.8285,-0.81,-5.86,-0.14,-1.04,-1.0,sweep:20251020|OB:20251110|POI:20251118|confirm:20251119|W:W1_PROTECTED_LOW,0.043217,
SMC,002952.SZ,20251020,20251020,20.95,20251105,19.92,TIME_STOP,12,24.45,18.631,11.07,-5.1165,2.2,-7.02,0.2,-0.63,-0.44,sweep:20250923|OB:20251013|POI:20251016|confirm:20251017|W:W1_PROTECTED_LOW,0.065524,
SMC,002972.SZ,20240112,20240112,11.364,20240117,10.656,SL_HIT,3,13.104,10.656,6.23,-6.4321,0.0,-6.25,0.0,-1.0,-1.0,sweep:20231124|OB:20231225|POI:20240110|confirm:20240111|W:W1_PROTECTED_LOW,0.04892,
SMC,002975.SZ,20241121,20241121,26.942,20241209,25.563,TIME_STOP,12,33.049,22.87,15.11,-5.3184,4.0,-12.86,0.26,-0.85,-0.34,sweep:20240527|OB:20241112|POI:20241119|confirm:20241120|W:W1_PROTECTED_LOW,0.204331,
SMC,002982.SZ,20240401,20240401,12.364,20240415,10.803,SL_HIT,8,14.706,10.803,12.63,-12.8277,5.55,-15.59,0.44,-1.23,-1.0,sweep:20240124|OB:20240320|POI:20240328|confirm:20240329|W:W1_PROTECTED_LOW,0.197238,
SMC,002988.SZ,20241106,20241106,20.924,20241122,19.324,TIME_STOP,12,25.924,17.59,15.93,-7.8467,13.86,-9.94,0.87,-0.62,-0.48,sweep:20240513|OB:20241025|POI:20241104|confirm:20241105|W:W1_PROTECTED_LOW,0.2273,
SMC,002995.SZ,20241206,20241206,24.48,20241219,20.944,SL_HIT,9,29.784,20.944,14.44,-14.6447,8.58,-15.03,0.59,-1.04,-1.0,sweep:20240110|OB:20241128|POI:20241204|confirm:20241205|W:W1_PROTECTED_LOW,0.272254,
SMC,002995.SZ,20260120,20260120,21.27,20260127,27.051,TP_STRUCTURAL,5,27.051,17.416,18.12,26.9786,29.81,-3.95,1.65,-0.22,1.5,sweep:20251205|OB:20260107|POI:20260116|confirm:20260119|W:W1_PROTECTED_LOW,0.242945,
SMC,002995.SZ,20260610,20260610,23.04,20260622,19.874,SL_HIT,7,27.789,19.874,13.74,-13.9401,-1.69,-14.19,-0.12,-1.03,-1.0,sweep:20260514|OB:20260529|POI:20260608|confirm:20260609|W:W1_PROTECTED_LOW,0.025708,
SMC,002998.SZ,20241129,20241129,5.613,20241210,6.038,TP_STRUCTURAL,7,6.038,5.329,5.05,7.3781,8.2,0.71,1.62,0.14,1.5,sweep:20240515|OB:20241122|POI:20241127|confirm:20241128|W:W1_PROTECTED_LOW,0.097031,
SMC,003010.SZ,20260728,20260728,24.51,20260811,28.64,TP_STRUCTURAL,10,28.64,21.756,11.23,16.6517,22.32,2.82,1.99,0.25,1.5,sweep:20260609|OB:20260715|POI:20260724|confirm:20260727|W:W1_PROTECTED_LOW,0.055603,
SMC,003012.SZ,20240517,20240517,7.099,20240604,6.185,TIME_STOP,12,8.893,5.903,16.84,-13.0751,8.17,-14.57,0.49,-0.86,-0.76,sweep:20240308|OB:20240506|POI:20240515|confirm:20240516|W:W1_PROTECTED_LOW,0.098299,
SMC,003013.SZ,20240122,20240122,16.98,20240131,16.168,SL_HIT,7,18.198,16.168,4.78,-4.9808,3.18,-8.6,0.67,-1.8,-1.0,sweep:20230922|OB:20240110|POI:20240118|confirm:20240119|W:W1_PROTECTED_LOW,0.10278,
SMC,003013.SZ,20250909,20250909,15.3,20250925,15.07,TIME_STOP,12,16.684,14.377,6.03,-1.7033,0.92,-5.82,0.15,-0.96,-0.25,sweep:20250321|OB:20250822|POI:20250902|confirm:20250908|W:W1_PROTECTED_LOW,0.026334,
SMC,003013.SZ,20260623,20260623,16.3,20260626,14.66,SL_GAP,3,18.582,14.779,9.33,-10.2613,4.97,-10.06,0.53,-1.08,-1.08,sweep:20251105|OB:20260615|POI:20260618|confirm:20260622|W:W1_PROTECTED_LOW,0.172293,
SMC,003021.SZ,20241015,20241015,45.16,20241031,46.22,TIME_STOP,12,52.173,40.485,10.35,2.1472,8.86,-6.24,0.86,-0.6,0.23,sweep:20240626|OB:20240930|POI:20241011|confirm:20241014|W:W1_PROTECTED_LOW,0.293853,
SMC,003023.SZ,20241204,20241204,19.44,20241220,18.36,TIME_STOP,12,22.841,17.173,11.66,-5.7556,9.41,-8.54,0.81,-0.73,-0.48,sweep:20231208|OB:20241115|POI:20241122|confirm:20241203|W:W1_PROTECTED_LOW,0.120798,
SMC,003031.SZ,20240625,20240625,48.02,20240701,43.463,SL_HIT,4,54.855,43.463,9.49,-9.6892,-2.21,-10.1,-0.23,-1.06,-1.0,sweep:20240328|OB:20240613|POI:20240621|confirm:20240624|W:W1_PROTECTED_LOW,0.19311,
SMC,003038.SZ,20251104,20251104,17.06,20251120,16.66,TIME_STOP,12,20.06,15.915,6.71,-2.5447,2.29,-4.57,0.34,-0.68,-0.35,sweep:20250911|OB:20251022|POI:20251029|confirm:20251103|W:W1_PROTECTED_LOW,0.004689,
SMC,003041.SZ,20251104,20251104,31.82,20251113,34.919,TP_STRUCTURAL,2,34.919,29.754,6.49,9.5395,17.19,6.54,2.65,1.01,1.5,sweep:20250604|OB:20251029|POI:20251031|confirm:20251103|W:W1_PROTECTED_LOW,0.342929,
SMC,300005.SZ,20250409,20250409,8.779,20250425,8.189,TIME_STOP,12,10.922,7.35,16.27,-6.9206,19.36,-7.4,1.19,-0.46,-0.41,sweep:20241104|OB:20250402|POI:20250407|confirm:20250408|W:W1_PROTECTED_LOW,0.160824,
SMC,300007.SZ,20241219,20241219,22.51,20250103,19.388,SL_HIT,10,27.193,19.388,13.87,-14.0707,9.68,-16.88,0.7,-1.22,-1.0,sweep:20231124|OB:20241206|POI:20241217|confirm:20241218|W:W1_PROTECTED_LOW,0.241266,
SMC,300017.SZ,20241021,20241021,8.7,20241106,9.02,TIME_STOP,12,10.947,7.202,17.22,3.4782,6.32,-3.45,0.37,-0.2,0.21,sweep:20240422|OB:20240930|POI:20241011|confirm:20241018|W:W1_PROTECTED_LOW,0.364929,
SMC,300017.SZ,20250812,20250812,11.01,20250818,12.012,TP_STRUCTURAL,4,12.012,10.342,6.06,8.8969,13.71,2.0,2.26,0.33,1.5,sweep:20250519|OB:20250801|POI:20250808|confirm:20250811|W:W1_PROTECTED_LOW,0.093439,
SMC,300022.SZ,20231221,20231221,5.19,20231226,4.72,SL_HIT,3,5.895,4.72,9.06,-9.2559,-0.58,-9.44,-0.06,-1.04,-1.0,sweep:20231123|OB:20231214|POI:20231219|confirm:20231220|W:W1_PROTECTED_LOW,0.070248,
SMC,300030.SZ,20240926,20240926,5.17,20241008,7.486,TP_STRUCTURAL,3,7.486,3.626,29.86,44.5969,53.0,1.55,1.77,0.05,1.5,sweep:20240515|OB:20240909|POI:20240924|confirm:20240925|W:W1_PROTECTED_LOW,0.330808,
SMC,300032.SZ,20260325,20260325,6.19,20260403,5.337,SL_HIT,7,7.47,5.337,13.79,-13.9872,5.49,-15.99,0.4,-1.16,-1.0,sweep:20260206|OB:20260309|POI:20260323|confirm:20260324|W:W1_PROTECTED_LOW,0.111311,
SMC,300034.SZ,20260115,20260115,21.974,20260130,20.316,SL_HIT,11,24.461,20.316,7.55,-7.7453,9.6,-10.06,1.27,-1.33,-1.0,sweep:20231102|OB:20260109|POI:20260113|confirm:20260114|W:W1_PROTECTED_LOW,0.152854,
SMC,300036.SZ,20241015,20241015,19.471,20241031,19.041,TIME_STOP,12,27.294,14.256,26.78,-2.4084,6.68,-6.73,0.25,-0.25,-0.08,sweep:20240315|OB:20240930|POI:20241011|confirm:20241014|W:W1_PROTECTED_LOW,0.495818,
SMC,300040.SZ,20260311,20260311,8.0,20260320,9.212,TP_STRUCTURAL,7,9.212,7.192,10.1,14.95,18.38,-7.63,1.82,-0.75,1.5,sweep:20250828|OB:20260305|POI:20260309|confirm:20260310|W:W1_PROTECTED_LOW,0.181552,
SMC,300045.SZ,20241015,20241015,22.9,20241021,31.3,TP_STRUCTURAL,4,31.3,17.3,24.46,36.4831,47.03,8.65,1.92,0.35,1.5,sweep:20240327|OB:20240930|POI:20241011|confirm:20241014|W:W1_PROTECTED_LOW,0.358047,
SMC,300051.SZ,20241015,20241015,8.14,20241031,9.26,TIME_STOP,12,10.73,6.678,17.96,13.5592,26.04,-2.95,1.45,-0.16,0.77,sweep:20240611|OB:20240927|POI:20241011|confirm:20241014|W:W1_PROTECTED_LOW,0.106469,
SMC,300051.SZ,20260330,20260330,12.0,20260415,15.128,TP_STRUCTURAL,11,15.128,9.915,17.38,25.8643,37.5,-3.83,2.16,-0.22,1.5,sweep:20231128|OB:20260323|POI:20260326|confirm:20260327|W:W1_PROTECTED_LOW,0.199405,
SMC,300052.SZ,20241016,20241016,17.96,20241025,27.217,TP_STRUCTURAL,7,27.217,11.789,34.36,51.3431,52.51,0.67,1.53,0.02,1.5,sweep:20240416|OB:20240930|POI:20241010|confirm:20241015|W:W1_PROTECTED_LOW,0.562152,
SMC,300052.SZ,20241106,20241106,20.75,20241122,20.4,TIME_STOP,12,28.2,15.999,22.9,-1.8867,10.75,-12.24,0.47,-0.53,-0.07,sweep:20231110|OB:20241018|POI:20241104|confirm:20241105|W:W1_PROTECTED_LOW,0.195502,
SMC,300053.SZ,20240808,20240808,11.79,20240821,10.047,SL_HIT,9,14.405,10.047,14.79,-14.9874,0.08,-15.18,0.01,-1.03,-1.0,sweep:20231226|OB:20240731|POI:20240806|confirm:20240807|W:W1_PROTECTED_LOW,0.40046,
SMC,300053.SZ,20241015,20241015,13.0,20241022,17.402,TP_STRUCTURAL,5,17.402,10.065,22.58,33.6637,41.15,-5.62,1.82,-0.25,1.5,sweep:20240327|OB:20240930|POI:20241011|confirm:20241014|W:W1_PROTECTED_LOW,0.3851,
SMC,300059.SZ,20260702,20260702,21.28,20260720,19.7,TIME_STOP,12,25.868,18.221,14.37,-7.6248,0.99,-9.82,0.07,-0.68,-0.52,sweep:20260522|OB:20260624|POI:20260630|confirm:20260701|W:W1_PROTECTED_LOW,0.13432,
SMC,300062.SZ,20251021,20251021,5.89,20251104,6.56,TP_STRUCTURAL,10,6.56,5.557,5.66,11.1752,30.22,-3.74,5.34,-0.66,2.01,sweep:20250815|OB:20251014|POI:20251017|confirm:20251020|W:W1_PROTECTED_LOW,0.051878,
SMC,300073.SZ,20241021,20241021,42.087,20241106,43.997,TIME_STOP,12,55.068,33.433,20.56,4.3382,16.04,-5.49,0.78,-0.27,0.22,sweep:20240517|OB:20240930|POI:20241011|confirm:20241018|W:W1_PROTECTED_LOW,0.300498,
SMC,300074.SZ,20241015,20241015,3.98,20241031,4.42,TIME_STOP,12,4.876,3.383,15.0,10.8553,17.34,-3.52,1.16,-0.23,0.74,sweep:20240515|OB:20240930|POI:20241011|confirm:20241014|W:W1_PROTECTED_LOW,0.263492,
SMC,300079.SZ,20241015,20241015,5.48,20241031,5.75,TIME_STOP,12,6.893,4.538,17.19,4.727,10.22,-2.92,0.59,-0.17,0.29,sweep:20240123|OB:20240930|POI:20241011|confirm:20241014|W:W1_PROTECTED_LOW,0.311321,
SMC,300088.SZ,20240830,20240830,5.412,20240919,4.452,TIME_STOP,12,7.625,3.937,27.26,-17.9384,4.07,-19.22,0.15,-0.7,-0.65,sweep:20240626|OB:20240823|POI:20240828|confirm:20240829|W:W1_PROTECTED_LOW,0.155833,
SMC,300091.SZ,20250915,20250915,2.649,20251009,2.578,TIME_STOP,12,3.152,2.448,7.58,-2.8803,12.31,-4.0,1.62,-0.53,-0.35,sweep:20250707|OB:20250903|POI:20250911|confirm:20250912|W:W1_PROTECTED_LOW,0.041683,
SMC,300093.SZ,20241015,20241015,14.865,20241022,19.194,TP_STRUCTURAL,5,19.194,11.979,19.41,28.9189,35.08,-4.14,1.81,-0.21,1.5,sweep:20240416|OB:20240930|POI:20241011|confirm:20241014|W:W1_PROTECTED_LOW,0.342745,
SMC,300094.SZ,20240408,20240408,4.37,20240412,3.857,SL_HIT,4,5.14,3.857,11.74,-11.9424,-2.06,-14.19,-0.18,-1.21,-1.0,sweep:20240122|OB:20240329|POI:20240402|confirm:20240403|W:W1_PROTECTED_LOW,0.262712,
SMC,300101.SZ,20241015,20241015,17.147,20241031,17.167,TIME_STOP,12,21.33,14.358,16.26,-0.0834,12.95,-3.03,0.8,-0.19,0.01,sweep:20240314|OB:20240930|POI:20241011|confirm:20241014|W:W1_PROTECTED_LOW,0.351433,
SMC,300106.SZ,20250326,20250326,10.13,20250410,12.554,TP_STRUCTURAL,10,12.554,8.514,15.95,23.7247,35.83,-9.48,2.25,-0.59,1.5,sweep:20241219|OB:20250317|POI:20250321|confirm:20250325|W:W1_PROTECTED_LOW,0.070103,
SMC,300109.SZ,20240418,20240418,10.975,20240509,12.31,TIME_STOP,12,12.937,9.667,11.92,11.964,16.14,-4.98,1.35,-0.42,1.02,sweep:20230908|OB:20240408|POI:20240416|confirm:20240417|W:W1_PROTECTED_LOW,0.110811,
SMC,300133.SZ,20241106,20241106,7.937,20241122,7.687,TIME_STOP,12,9.689,6.769,14.72,-3.3498,12.1,-11.59,0.82,-0.79,-0.21,sweep:20240530|OB:20241023|POI:20241101|confirm:20241105|W:W1_PROTECTED_LOW,0.013912,
SMC,300134.SZ,20240910,20240910,8.92,20240912,12.508,TP_STRUCTURAL,2,12.508,6.528,26.82,40.0242,42.15,9.87,1.57,0.37,1.5,sweep:20240527|OB:20240830|POI:20240906|confirm:20240909|W:W1_PROTECTED_LOW,0.374806,
SMC,300135.SZ,20260312,20260312,4.86,20260323,3.968,SL_HIT,7,6.198,3.968,18.35,-18.5539,-0.21,-20.37,-0.01,-1.11,-1.0,sweep:20251030|OB:20260226|POI:20260310|confirm:20260311|W:W1_PROTECTED_LOW,0.192893,
SMC,300159.SZ,20241015,20241015,2.464,20241030,3.109,TP_STRUCTURAL,11,3.109,2.034,17.46,25.9961,29.3,0.0,1.68,0.0,1.5,sweep:20231130|OB:20240930|POI:20241011|confirm:20241014|W:W1_PROTECTED_LOW,0.351538,
SMC,300161.SZ,20250306,20250306,33.82,20250324,31.42,TIME_STOP,12,41.815,28.49,15.76,-7.2964,6.36,-12.45,0.4,-0.79,-0.45,sweep:20240314|OB:20250221|POI:20250304|confirm:20250305|W:W1_PROTECTED_LOW,0.123399,
SMC,300181.SZ,20250402,20250402,15.822,20250407,14.948,SL_HIT,2,17.133,14.948,5.52,-5.724,0.38,-10.05,0.07,-1.82,-1.0,sweep:20241219|OB:20250326|POI:20250331|confirm:20250401|W:W1_PROTECTED_LOW,0.139365,
SMC,300181.SZ,20260701,20260701,14.0,20260717,14.74,TIME_STOP,12,17.216,11.856,15.31,5.0857,8.86,-5.86,0.58,-0.38,0.35,sweep:20260610|OB:20260622|POI:20260629|confirm:20260630|W:W1_PROTECTED_LOW,-0.006342,
SMC,300182.SZ,20241018,20241018,5.258,20241105,5.488,TIME_STOP,12,6.568,4.399,16.33,4.1743,19.59,0.76,1.2,0.05,0.27,sweep:20240328|OB:20240930|POI:20241011|confirm:20241017|W:W1_PROTECTED_LOW,0.300641,
SMC,300188.SZ,20250804,20250804,17.59,20250820,18.54,TIME_STOP,12,20.913,15.375,12.59,5.2008,13.36,-9.66,1.06,-0.77,0.43,sweep:20231117|OB:20250728|POI:20250731|confirm:20250801|W:W1_PROTECTED_LOW,0.328369,
SMC,300191.SZ,20241011,20241011,15.15,20241029,15.15,TIME_STOP,12,19.399,12.317,18.7,-0.2,7.46,-8.58,0.4,-0.46,0.0,sweep:20240527|OB:20240930|POI:20241009|confirm:20241010|W:W1_PROTECTED_LOW,0.191438,
SMC,300194.SZ,20250402,20250402,4.48,20250407,4.201,SL_HIT,2,4.899,4.201,6.23,-6.4309,2.23,-16.29,0.36,-2.62,-1.0,sweep:20250218|OB:20250324|POI:20250331|confirm:20250401|W:W1_PROTECTED_LOW,0.082126,
SMC,300195.SZ,20241021,20241021,5.22,20241106,5.59,TIME_STOP,12,6.381,4.446,14.83,6.8881,9.96,0.0,0.67,0.0,0.48,sweep:20240327|OB:20240930|POI:20241010|confirm:20241018|W:W1_PROTECTED_LOW,0.22619,
SMC,300197.SZ,20241015,20241015,1.98,20241029,2.664,TP_STRUCTURAL,10,2.664,1.524,23.03,34.3455,35.35,-11.11,1.54,-0.48,1.5,sweep:20240415|OB:20240930|POI:20241011|confirm:20241014|W:W1_PROTECTED_LOW,0.580153,
SMC,300201.SZ,20241015,20241015,3.951,20241031,4.341,TIME_STOP,12,5.001,3.251,17.72,9.6709,15.44,-4.81,0.87,-0.27,0.56,sweep:20240426|OB:20240930|POI:20241011|confirm:20241014|W:W1_PROTECTED_LOW,0.332116,
SMC,300226.SZ,20260122,20260122,25.158,20260209,22.7,TIME_STOP,12,30.91,21.323,15.24,-9.9703,4.57,-10.76,0.3,-0.71,-0.64,sweep:20250811|OB:20260113|POI:20260119|confirm:20260121|W:W1_PROTECTED_LOW,0.240701,
SMC,300229.SZ,20260126,20260126,24.82,20260211,23.87,TIME_STOP,12,31.25,20.533,17.27,-4.0276,2.1,-12.89,0.12,-0.75,-0.22,sweep:20250812|OB:20260113|POI:20260120|confirm:20260123|W:W1_PROTECTED_LOW,0.32043,
SMC,300231.SZ,20241015,20241015,11.31,20241031,12.35,TIME_STOP,12,15.232,8.695,23.12,8.9954,14.85,-5.57,0.64,-0.24,0.4,sweep:20231110|OB:20240930|POI:20241010|confirm:20241014|W:W1_PROTECTED_LOW,0.561497,
SMC,300237.SZ,20241015,20241015,1.9,20241031,2.515,TP_STRUCTURAL,12,2.515,1.49,21.56,32.1459,37.37,-6.84,1.73,-0.32,1.5,sweep:20240123|OB:20240930|POI:20241011|confirm:20241014|W:W1_PROTECTED_LOW,0.480916,
SMC,300244.SZ,20260702,20260702,20.54,20260709,17.688,SL_HIT,5,24.818,17.688,13.89,-14.0865,2.48,-14.12,0.18,-1.02,-1.0,sweep:20260528|OB:20260624|POI:20260630|confirm:20260701|W:W1_PROTECTED_LOW,0.183056,
SMC,300248.SZ,20241015,20241015,8.72,20241031,10.23,TIME_STOP,12,11.039,7.174,17.73,17.1165,19.61,-1.83,1.11,-0.1,0.98,sweep:20240110|OB:20240930|POI:20241011|confirm:20241014|W:W1_PROTECTED_LOW,0.320475,
SMC,300250.SZ,20241015,20241015,16.3,20241031,15.8,TIME_STOP,12,21.214,13.024,20.1,-3.2675,8.53,-5.09,0.42,-0.25,-0.15,sweep:20240229|OB:20240930|POI:20241011|confirm:20241014|W:W1_PROTECTED_LOW,0.422487,
SMC,300255.SZ,20241016,20241016,12.92,20241018,16.422,TP_STRUCTURAL,2,16.422,10.585,18.07,26.9075,41.18,2.09,2.28,0.12,1.5,sweep:20240307|OB:20240930|POI:20241011|confirm:20241015|W:W1_PROTECTED_LOW,0.262948,
SMC,300271.SZ,20241106,20241106,8.61,20241118,7.799,SL_HIT,8,10.9,7.799,9.41,-9.6143,7.08,-11.03,0.75,-1.17,-1.0,sweep:20231124|OB:20241030|POI:20241104|confirm:20241105|W:W1_PROTECTED_LOW,0.129156,
SMC,300277.SZ,20241015,20241015,9.423,20241111,12.27,TP_STRUCTURAL,9,12.27,7.525,20.14,30.0101,49.63,-6.55,2.46,-0.33,1.5,sweep:20231211|OB:20240930|POI:20241011|confirm:20241014|W:W1_PROTECTED_LOW,0.506819,
SMC,300281.SZ,20250409,20250409,6.34,20250425,6.26,TIME_STOP,12,7.639,5.474,13.66,-1.4618,18.14,-6.94,1.33,-0.51,-0.09,sweep:20250324|OB:20250402|POI:20250407|confirm:20250408|W:W1_PROTECTED_LOW,0.09061,
SMC,300286.SZ,20260604,20260604,32.2,20260610,27.676,SL_HIT,4,38.986,27.676,14.05,-14.2488,5.12,-14.78,0.36,-1.05,-1.0,sweep:20260304|OB:20260525|POI:20260602|confirm:20260603|W:W1_PROTECTED_LOW,0.340732,
SMC,300291.SZ,20250709,20250709,5.63,20250725,6.32,TIME_STOP,12,6.774,4.867,13.55,12.0558,16.16,1.95,1.19,0.14,0.9,sweep:20250221|OB:20250620|POI:20250707|confirm:20250708|W:W1_PROTECTED_LOW,0.087041,
SMC,300295.SZ,20240528,20240528,13.05,20240603,10.095,SL_HIT,4,17.483,10.095,22.64,-22.8448,-3.83,-24.75,-0.17,-1.09,-1.0,sweep:20240110|OB:20240522|POI:20240524|confirm:20240527|W:W1_PROTECTED_LOW,0.648241,
SMC,300298.SZ,20260729,20260729,15.59,20260814,16.55,TIME_STOP,12,17.483,14.328,8.1,5.9578,8.02,0.06,0.99,0.01,0.76,sweep:20260528|OB:20260715|POI:20260727|confirm:20260728|W:W1_WEEKLY_SSL_CHOCH,0.115412,
SMC,300300.SZ,20250618,20250618,4.61,20250704,5.03,TIME_STOP,12,5.702,3.882,15.79,8.9106,14.32,-9.33,0.91,-0.59,0.58,sweep:20231211|OB:20250610|POI:20250616|confirm:20250617|W:W1_PROTECTED_LOW,0.344023,
SMC,300307.SZ,20250210,20250210,8.92,20250226,8.87,TIME_STOP,12,12.101,6.799,23.77,-0.7605,17.26,-8.41,0.73,-0.35,-0.02,sweep:20241223|OB:20250113|POI:20250206|confirm:20250207|W:W1_PROTECTED_LOW,0.19296,
SMC,300307.SZ,20260630,20260630,7.12,20260709,6.469,SL_HIT,7,8.14,6.469,9.14,-9.3372,12.08,-10.11,1.32,-1.11,-1.0,sweep:20260514|OB:20260608|POI:20260626|confirm:20260629|W:W1_PROTECTED_LOW,0.069733,
SMC,300311.SZ,20241015,20241015,5.86,20241018,8.264,TP_STRUCTURAL,3,8.264,4.257,27.35,40.8288,44.54,-0.85,1.63,-0.03,1.5,sweep:20240328|OB:20240930|POI:20241010|confirm:20241014|W:W1_PROTECTED_LOW,0.869427,
SMC,300316.SZ,20260203,20260203,47.72,20260204,61.003,TP_STRUCTURAL,1,61.003,38.865,18.56,27.6347,37.78,13.79,2.04,0.74,1.5,sweep:20231129|OB:20260121|POI:20260130|confirm:20260202|W:W1_PROTECTED_LOW,0.269471,
SMC,300322.SZ,20241015,20241015,12.88,20241029,17.116,TP_STRUCTURAL,10,17.116,10.056,21.92,32.6849,35.56,-2.17,1.62,-0.1,1.5,sweep:20231127|OB:20240930|POI:20241011|confirm:20241014|W:W1_PROTECTED_LOW,0.279803,
SMC,300323.SZ,20250624,20250624,7.89,20250710,7.39,TIME_STOP,12,9.444,6.854,13.13,-6.5371,1.01,-7.35,0.08,-0.56,-0.48,sweep:20250327|OB:20250617|POI:20250620|confirm:20250623|W:W1_PROTECTED_LOW,0.208775,
SMC,300327.SZ,20240415,20240415,19.552,20240506,19.212,TIME_STOP,12,24.608,16.181,17.24,-1.939,1.02,-11.71,0.06,-0.68,-0.1,sweep:20240315|OB:20240402|POI:20240411|confirm:20240412|W:W1_PROTECTED_LOW,0.055284,
SMC,300328.SZ,20260311,20260311,19.86,20260327,16.25,TIME_STOP,12,27.053,15.065,24.14,-18.3772,3.22,-19.94,0.13,-0.83,-0.75,sweep:20260121|OB:20260225|POI:20260309|confirm:20260310|W:W1_PROTECTED_LOW,0.259166,
SMC,300332.SZ,20250402,20250402,4.97,20250407,4.755,SL_HIT,2,5.292,4.755,4.32,-4.5231,0.6,-19.52,0.14,-4.51,-1.0,sweep:20250218|OB:20250313|POI:20250331|confirm:20250401|W:W1_PROTECTED_LOW,0.035197,
SMC,300332.SZ,20260320,20260320,7.0,20260408,6.05,TIME_STOP,12,9.619,5.254,24.94,-13.7714,1.29,-20.0,0.05,-0.8,-0.54,sweep:20251031|OB:20260302|POI:20260317|confirm:20260319|W:W1_PROTECTED_LOW,0.300546,
SMC,300341.SZ,20241015,20241015,14.36,20241018,20.225,TP_STRUCTURAL,3,20.225,10.45,27.23,40.6456,43.87,8.7,1.61,0.32,1.5,sweep:20231211|OB:20240930|POI:20241010|confirm:20241014|W:W1_PROTECTED_LOW,0.710623,
SMC,300343.SZ,20241203,20241203,7.18,20241219,6.42,TIME_STOP,12,9.524,5.617,21.76,-10.785,4.87,-12.67,0.22,-0.58,-0.49,sweep:20240109|OB:20241120|POI:20241126|confirm:20241202|W:W1_PROTECTED_LOW,0.267257,
SMC,300345.SZ,20250903,20250903,8.46,20250910,7.23,SL_GAP,5,10.3,7.233,14.5,-14.739,-1.89,-15.25,-0.13,-1.05,-1.0,sweep:20240328|OB:20250820|POI:20250828|confirm:20250902|W:W1_PROTECTED_LOW,0.146036,
SMC,300348.SZ,20250624,20250624,15.403,20250626,17.81,TP_STRUCTURAL,2,17.81,13.798,10.42,15.4276,22.66,-1.36,2.17,-0.13,1.5,sweep:20250324|OB:20250613|POI:20250620|confirm:20250623|W:W1_PROTECTED_LOW,0.267551,
SMC,300348.SZ,20260112,20260112,15.133,20260114,16.51,TP_STRUCTURAL,2,16.51,14.215,6.07,8.8993,11.5,1.19,1.9,0.2,1.5,sweep:20250929|OB:20251230|POI:20260107|confirm:20260109|W:W1_PROTECTED_LOW,0.092411,
SMC,300351.SZ,20260311,20260311,19.139,20260317,17.035,SL_HIT,4,22.295,17.035,10.99,-11.1948,-0.89,-11.86,-0.08,-1.08,-1.0,sweep:20260121|OB:20260224|POI:20260309|confirm:20260310|W:W1_PROTECTED_LOW,0.109309,
SMC,300357.SZ,20241025,20241025,23.89,20241112,24.25,TIME_STOP,12,31.196,19.019,20.39,1.3069,5.44,-5.73,0.27,-0.28,0.07,sweep:20240516|OB:20240930|POI:20241011|confirm:20241024|W:W1_PROTECTED_LOW,0.481258,
SMC,300359.SZ,20241015,20241015,5.63,20241029,7.08,TP_STRUCTURAL,10,7.08,4.984,11.48,25.5549,29.31,-2.13,2.55,-0.19,2.24,sweep:20231110|OB:20240930|POI:20241010|confirm:20241014|W:W1_PROTECTED_LOW,0.187243,
SMC,300364.SZ,20241016,20241016,23.22,20241021,29.26,TP_STRUCTURAL,3,29.26,19.246,17.11,25.8121,29.2,3.45,1.71,0.2,1.52,sweep:20240517|OB:20240930|POI:20241011|confirm:20241015|W:W1_PROTECTED_LOW,0.427213,
SMC,300365.SZ,20260325,20260325,7.0,20260402,6.253,SL_HIT,6,8.12,6.253,10.67,-10.8694,2.86,-13.43,0.27,-1.26,-1.0,sweep:20260119|OB:20260309|POI:20260323|confirm:20260324|W:W1_PROTECTED_LOW,0.090767,
SMC,300369.SZ,20260811,20260811,7.52,20260814,7.35,TIME_STOP,3,9.078,6.481,13.81,-2.4606,5.32,-6.52,0.39,-0.47,-0.16,sweep:20260515|OB:20260804|POI:20260807|confirm:20260810|W:W1_PROTECTED_LOW,0.074392,
SMC,300374.SZ,20240507,20240507,16.63,20240523,17.25,TIME_STOP,12,22.45,12.75,23.33,3.5282,8.24,-3.79,0.35,-0.16,0.16,sweep:20240315|OB:20240415|POI:20240430|confirm:20240506|W:W1_PROTECTED_LOW,0.084424,
SMC,300382.SZ,20241101,20241101,10.8,20241119,9.56,TIME_STOP,12,13.149,9.234,14.5,-11.6815,8.52,-13.8,0.59,-0.95,-0.79,sweep:20230922|OB:20241022|POI:20241030|confirm:20241031|W:W1_PROTECTED_LOW,0.43342,
SMC,300385.SZ,20241022,20241022,4.8,20241107,5.0,TIME_STOP,12,6.47,3.687,23.2,3.9667,13.33,-2.5,0.57,-0.11,0.18,sweep:20240513|OB:20240930|POI:20241018|confirm:20241021|W:W1_PROTECTED_LOW,0.385965,
SMC,300386.SZ,20240703,20240703,10.41,20240718,8.481,SL_HIT,11,13.65,8.481,18.53,-18.7316,1.25,-21.71,0.07,-1.17,-1.0,sweep:20231211|OB:20240625|POI:20240701|confirm:20240702|W:W1_PROTECTED_LOW,0.739003,
SMC,300394.SZ,20241021,20241021,52.969,20241106,67.219,TIME_STOP,12,71.836,40.391,23.75,26.7025,34.95,3.85,1.47,0.16,1.13,sweep:20240705|OB:20240930|POI:20241016|confirm:20241018|W:W1_PROTECTED_LOW,0.426445,
SMC,300398.SZ,20240627,20240627,12.37,20240715,11.94,TIME_STOP,12,15.181,10.496,15.15,-3.6762,3.56,-10.75,0.23,-0.71,-0.23,sweep:20240515|OB:20240611|POI:20240624|confirm:20240626|W:W1_PROTECTED_LOW,0.057384,
SMC,300400.SZ,20240911,20240911,11.74,20240918,10.257,SL_HIT,3,14.39,10.257,12.64,-12.8357,-3.07,-12.69,-0.24,-1.0,-1.0,sweep:20240315|OB:20240822|POI:20240906|confirm:20240910|W:W1_PROTECTED_LOW,0.113615,
SMC,300407.SZ,20260804,20260804,12.16,20260814,12.68,TIME_STOP,8,15.239,10.107,16.88,4.0763,9.29,0.9,0.55,0.05,0.25,sweep:20260622|OB:20260728|POI:20260731|confirm:20260803|W:W1_PROTECTED_LOW,0.171808,
SMC,300412.SZ,20241021,20241021,4.022,20241106,4.202,TIME_STOP,12,4.927,3.419,15.0,4.2754,9.7,-1.49,0.65,-0.1,0.3,sweep:20240229|OB:20240930|POI:20241010|confirm:20241018|W:W1_PROTECTED_LOW,0.238243,
SMC,300416.SZ,20241021,20241021,12.7,20241106,13.32,TIME_STOP,12,16.118,10.421,17.94,4.6819,8.11,-5.04,0.45,-0.28,0.27,sweep:20240625|OB:20240930|POI:20241011|confirm:20241018|W:W1_WEEKLY_SSL_CHOCH,0.297718,
SMC,300418.SZ,20240412,20240412,42.361,20240422,35.171,SL_GAP,6,52.253,35.766,15.57,-17.1732,3.82,-17.94,0.25,-1.15,-1.09,sweep:20240308|OB:20240329|POI:20240410|confirm:20240411|W:W1_PROTECTED_LOW,0.034718,
SMC,300419.SZ,20260203,20260203,6.88,20260227,6.96,TIME_STOP,12,7.342,6.572,4.47,0.9628,5.67,-2.62,1.27,-0.58,0.26,sweep:20251120|OB:20260121|POI:20260130|confirm:20260202|W:W1_PROTECTED_LOW,0.079937,
SMC,300424.SZ,20241015,20241015,15.05,20241023,19.019,TP_STRUCTURAL,6,19.019,12.404,17.58,26.1692,29.83,-2.33,1.7,-0.13,1.5,sweep:20240611|OB:20240930|POI:20241011|confirm:20241014|W:W1_PROTECTED_LOW,0.338004,
SMC,300427.SZ,20250523,20250523,6.0,20250606,6.921,TP_STRUCTURAL,9,6.921,5.386,10.23,15.15,18.83,-5.5,1.84,-0.54,1.5,sweep:20250218|OB:20250509|POI:20250521|confirm:20250522|W:W1_PROTECTED_LOW,0.239085,
SMC,300433.SZ,20241015,20241015,20.404,20241031,21.694,TIME_STOP,12,27.259,15.834,22.4,6.1223,15.49,-4.85,0.69,-0.22,0.28,sweep:20240705|OB:20240930|POI:20241011|confirm:20241014|W:W1_PROTECTED_LOW,0.339372,
SMC,300434.SZ,20250530,20250530,9.089,20250604,10.588,TP_STRUCTURAL,2,10.588,8.09,11.0,16.294,19.47,3.96,1.77,0.36,1.5,sweep:20250219|OB:20250522|POI:20250528|confirm:20250529|W:W1_PROTECTED_LOW,0.233588,
SMC,300440.SZ,20241015,20241015,6.447,20241017,8.049,TP_STRUCTURAL,2,8.049,5.379,16.57,24.6554,28.08,-3.88,1.69,-0.23,1.5,sweep:20240123|OB:20240930|POI:20241011|confirm:20241014|W:W1_PROTECTED_LOW,0.269844,
SMC,300441.SZ,20260728,20260728,6.6,20260813,6.97,TIME_STOP,12,7.536,5.976,9.45,5.4061,10.0,0.91,1.06,0.1,0.59,sweep:20260527|OB:20260713|POI:20260724|confirm:20260727|W:W1_PROTECTED_LOW,0.037383,
SMC,300446.SZ,20241030,20241030,17.25,20241101,20.473,TP_STRUCTURAL,2,20.473,15.101,12.46,18.4832,21.16,-3.3,1.7,-0.27,1.5,sweep:20231211|OB:20241018|POI:20241024|confirm:20241029|W:W1_PROTECTED_LOW,0.532918,
SMC,300447.SZ,20241015,20241015,13.891,20241031,14.071,TIME_STOP,12,17.737,11.327,18.46,1.0958,11.37,-2.52,0.62,-0.14,0.07,sweep:20240611|OB:20240930|POI:20241011|confirm:20241014|W:W1_PROTECTED_LOW,0.285033,
SMC,300451.SZ,20260126,20260126,5.8,20260211,5.58,TIME_STOP,12,6.763,5.158,11.06,-3.9931,-0.34,-10.17,-0.03,-0.92,-0.34,sweep:20250814|OB:20260109|POI:20260119|confirm:20260123|W:W1_PROTECTED_LOW,0.179592,
SMC,300458.SZ,20240612,20240612,13.147,20240626,14.855,TP_STRUCTURAL,10,14.855,12.008,8.66,12.7928,18.38,-4.97,2.12,-0.57,1.5,sweep:20240307|OB:20240531|POI:20240607|confirm:20240611|W:W1_PROTECTED_LOW,0.087689,
SMC,300458.SZ,20260506,20260506,36.5,20260522,35.81,TIME_STOP,12,41.321,33.286,8.81,-2.0904,5.92,-2.3,0.67,-0.26,-0.21,sweep:20260206|OB:20260424|POI:20260429|confirm:20260430|W:W1_PROTECTED_LOW,0.246301,
SMC,300459.SZ,20241016,20241016,4.49,20241101,5.18,TIME_STOP,12,5.76,3.804,15.28,15.1675,18.26,4.45,1.2,0.29,1.01,sweep:20240327|OB:20240930|POI:20241010|confirm:20241015|W:W1_PROTECTED_LOW,0.33526,
SMC,300461.SZ,20240710,20240710,17.12,20240726,17.03,TIME_STOP,12,25.97,13.636,20.35,-0.7257,19.98,-4.67,0.98,-0.23,-0.03,sweep:20240403|OB:20240627|POI:20240708|confirm:20240709|W:W1_PROTECTED_LOW,0.440096,
SMC,300472.SZ,20241023,20241023,7.4,20241028,9.56,TP_STRUCTURAL,3,9.56,5.96,19.46,28.9892,37.16,-1.08,1.91,-0.06,1.5,sweep:20240328|OB:20240930|POI:20241011|confirm:20241022|W:W1_PROTECTED_LOW,0.418216,
SMC,300473.SZ,20240814,20240814,15.48,20240830,16.4,TIME_STOP,12,18.291,13.606,12.11,5.7432,11.76,-6.98,0.97,-0.58,0.49,sweep:20240527|OB:20240730|POI:20240812|confirm:20240813|W:W1_PROTECTED_LOW,0.106383,
SMC,300480.SZ,20250901,20250901,18.8,20250910,16.259,SL_HIT,7,22.611,16.259,13.52,-13.7152,-2.13,-14.57,-0.16,-1.08,-1.0,sweep:20240617|OB:20250825|POI:20250828|confirm:20250829|W:W1_PROTECTED_LOW,0.163739,
SMC,300483.SZ,20250627,20250627,11.39,20250715,11.25,TIME_STOP,12,15.74,9.887,13.19,-1.4291,2.9,-5.09,0.22,-0.39,-0.09,sweep:20240109|OB:20250618|POI:20250625|confirm:20250626|W:W1_PROTECTED_LOW,0.285097,
SMC,300484.SZ,20240329,20240329,14.19,20240418,12.29,TIME_STOP,12,20.155,10.213,28.03,-13.5897,12.9,-24.45,0.46,-0.87,-0.48,sweep:20240110|OB:20240319|POI:20240327|confirm:20240328|W:W1_PROTECTED_LOW,0.735115,
SMC,300491.SZ,20260701,20260701,37.81,20260706,32.963,SL_HIT,3,45.08,32.963,12.82,-13.0182,-3.25,-13.25,-0.25,-1.03,-1.0,sweep:20250904|OB:20260618|POI:20260629|confirm:20260630|W:W1_PROTECTED_LOW,0.150301,
SMC,300494.SZ,20241206,20241206,13.525,20241224,12.635,TIME_STOP,12,16.335,11.652,13.85,-6.7804,16.71,-7.02,1.21,-0.51,-0.48,sweep:20240517|OB:20241125|POI:20241204|confirm:20241205|W:W1_PROTECTED_LOW,0.124842,
SMC,300516.SZ,20240429,20240429,19.718,20240520,20.218,TIME_STOP,12,22.592,17.802,9.72,2.3358,6.48,-1.01,0.67,-0.1,0.26,sweep:20240327|OB:20240418|POI:20240425|confirm:20240426|W:W1_PROTECTED_LOW,0.124704,
SMC,300523.SZ,20241029,20241029,22.84,20241111,27.395,TP_STRUCTURAL,9,27.395,19.803,13.3,19.7443,33.1,-5.56,2.49,-0.42,1.5,sweep:20230905|OB:20241018|POI:20241023|confirm:20241028|W:W1_PROTECTED_LOW,0.476406,
SMC,300531.SZ,20260325,20260325,19.251,20260413,20.151,TIME_STOP,12,24.456,15.781,18.03,4.4751,8.57,-2.18,0.48,-0.12,0.26,sweep:20260212|OB:20260311|POI:20260323|confirm:20260324|W:W1_PROTECTED_LOW,0.108865,
SMC,300539.SZ,20241021,20241021,9.165,20241104,10.966,TP_STRUCTURAL,10,10.966,7.964,13.1,19.454,29.9,-0.44,2.28,-0.03,1.5,sweep:20240527|OB:20240930|POI:20241011|confirm:20241018|W:W1_PROTECTED_LOW,0.214334,
SMC,300543.SZ,20250930,20250930,12.97,20251013,11.799,SL_HIT,3,14.92,11.799,9.03,-9.2296,-0.46,-11.33,-0.05,-1.26,-1.0,sweep:20250814|OB:20250911|POI:20250926|confirm:20250929|W:W1_PROTECTED_LOW,0.111111,
SMC,300556.SZ,20241021,20241021,19.8,20241106,19.24,TIME_STOP,12,24.058,16.961,14.34,-3.0283,7.12,-9.19,0.5,-0.64,-0.2,sweep:20240416|OB:20240930|POI:20241010|confirm:20241018|W:W1_PROTECTED_LOW,0.222623,
SMC,300560.SZ,20260526,20260526,18.3,20260611,16.61,TIME_STOP,12,22.818,15.288,16.46,-9.435,9.29,-13.72,0.56,-0.83,-0.56,sweep:20260304|OB:20260507|POI:20260522|confirm:20260525|W:W1_PROTECTED_LOW,0.126551,
SMC,300561.SZ,20260325,20260325,12.86,20260413,13.54,TIME_STOP,12,16.362,10.525,18.15,5.0877,26.36,-12.29,1.45,-0.68,0.29,sweep:20260213|OB:20260310|POI:20260323|confirm:20260324|W:W1_PROTECTED_LOW,0.059603,
SMC,300566.SZ,20241015,20241015,17.465,20241031,17.515,TIME_STOP,12,22.354,14.206,18.66,0.0863,11.57,-1.77,0.62,-0.1,0.02,sweep:20231024|OB:20240930|POI:20241011|confirm:20241014|W:W1_PROTECTED_LOW,0.189035,
SMC,300567.SZ,20250822,20250822,62.69,20250828,68.685,TP_STRUCTURAL,4,68.685,58.693,6.38,9.3627,10.5,2.3,1.65,0.36,1.5,sweep:20250723|OB:20250814|POI:20250820|confirm:20250821|W:W1_PROTECTED_LOW,0.040816,
SMC,300568.SZ,20241024,20241024,10.121,20241111,11.061,TIME_STOP,12,13.15,8.102,19.95,9.0876,17.88,-3.66,0.9,-0.18,0.47,sweep:20240517|OB:20240930|POI:20241011|confirm:20241023|W:W1_WEEKLY_SSL_CHOCH,0.487447,
SMC,300568.SZ,20251126,20251126,15.48,20251212,16.1,TIME_STOP,12,18.731,13.313,14.0,3.8052,12.34,-4.13,0.88,-0.3,0.29,sweep:20231102|OB:20251111|POI:20251124|confirm:20251125|W:W1_PROTECTED_LOW,0.25908,
SMC,300575.SZ,20250402,20250402,6.23,20250407,5.715,SL_HIT,2,7.003,5.715,8.27,-8.4687,6.1,-12.2,0.74,-1.48,-1.0,sweep:20250225|OB:20250324|POI:20250331|confirm:20250401|W:W1_PROTECTED_LOW,0.02623,
SMC,300589.SZ,20250402,20250402,13.2,20250407,11.19,SL_GAP,2,15.388,11.741,11.05,-15.4273,-1.36,-23.56,-0.12,-2.13,-1.38,sweep:20241225|OB:20250312|POI:20250331|confirm:20250401|W:W1_PROTECTED_LOW,0.108243,
SMC,300591.SZ,20241106,20241106,5.7,20241118,4.645,SL_HIT,8,7.282,4.645,18.51,-18.7063,3.33,-19.3,0.18,-1.04,-1.0,sweep:20240124|OB:20241018|POI:20241104|confirm:20241105|W:W1_PROTECTED_LOW,0.200846,
SMC,300592.SZ,20241120,20241120,13.154,20241125,15.413,TP_STRUCTURAL,3,15.413,11.648,11.45,16.9702,19.54,3.57,1.71,0.31,1.5,sweep:20241018|OB:20241112|POI:20241118|confirm:20241119|W:W1_PROTECTED_LOW,0.01847,
SMC,300592.SZ,20250422,20250422,12.164,20250513,11.464,TIME_STOP,12,14.656,10.503,13.66,-5.9547,5.92,-12.41,0.43,-0.91,-0.42,sweep:20250331|OB:20250414|POI:20250417|confirm:20250421|W:W1_PROTECTED_LOW,-0.000814,
SMC,300592.SZ,20260624,20260624,14.554,20260710,18.49,TIME_STOP,12,20.657,10.485,27.96,26.8441,31.79,-0.76,1.14,-0.03,0.97,sweep:20260528|OB:20260610|POI:20260622|confirm:20260623|W:W1_PROTECTED_LOW,0.193979,
SMC,300602.SZ,20241015,20241015,18.632,20241031,21.702,TIME_STOP,12,24.728,14.568,21.81,16.277,22.43,-2.31,1.03,-0.11,0.76,sweep:20231218|OB:20240930|POI:20241011|confirm:20241014|W:W1_PROTECTED_LOW,0.255026,
SMC,300606.SZ,20241015,20241015,22.482,20241031,24.082,TIME_STOP,12,28.294,18.607,17.24,6.9168,13.57,-6.54,0.79,-0.38,0.41,sweep:20240327|OB:20240930|POI:20241011|confirm:20241014|W:W1_PROTECTED_LOW,0.180742,
SMC,300606.SZ,20250313,20250313,21.092,20250324,19.111,SL_HIT,7,24.064,19.111,9.39,-9.5942,0.81,-13.8,0.09,-1.47,-1.0,sweep:20241218|OB:20250305|POI:20250311|confirm:20250312|W:W1_PROTECTED_LOW,0.114093,
SMC,300607.SZ,20241021,20241021,12.318,20241105,15.06,TP_STRUCTURAL,11,15.06,10.49,14.84,22.0566,42.54,-3.41,2.87,-0.23,1.5,sweep:20240416|OB:20240930|POI:20241011|confirm:20241018|W:W1_PROTECTED_LOW,0.249542,
SMC,300611.SZ,20240722,20240722,8.432,20240807,7.972,TIME_STOP,12,11.039,6.694,20.61,-5.6554,6.76,-7.12,0.33,-0.35,-0.26,sweep:20240617|OB:20240710|POI:20240718|confirm:20240719|W:W1_PROTECTED_LOW,0.181277,
SMC,300620.SZ,20260402,20260402,189.79,20260408,230.229,TP_STRUCTURAL,3,230.229,162.831,14.2,21.1073,22.82,7.91,1.61,0.56,1.5,sweep:20260302|OB:20260326|POI:20260331|confirm:20260401|W:W1_PROTECTED_LOW,0.11924,
SMC,300631.SZ,20241022,20241022,20.43,20241023,25.143,TP_STRUCTURAL,1,25.143,17.288,15.38,22.8711,27.07,2.06,1.76,0.13,1.5,sweep:20240606|OB:20240930|POI:20241011|confirm:20241021|W:W1_PROTECTED_LOW,0.262801,
SMC,300634.SZ,20240913,20240913,13.644,20240925,14.907,TP_STRUCTURAL,6,14.907,12.802,6.17,9.0537,12.68,-4.84,2.06,-0.78,1.5,sweep:20240813|OB:20240906|POI:20240911|confirm:20240912|W:W1_PROTECTED_LOW,0.014712,
SMC,300634.SZ,20241015,20241015,18.904,20241031,21.244,TIME_STOP,12,24.166,15.396,18.56,12.1783,27.72,-2.54,1.49,-0.14,0.67,sweep:20240517|OB:20240930|POI:20241011|confirm:20241014|W:W1_PROTECTED_LOW,0.423265,
SMC,300639.SZ,20260209,20260209,7.12,20260305,6.29,TIME_STOP,12,9.484,5.544,22.13,-11.8573,6.6,-12.78,0.3,-0.58,-0.53,sweep:20250820|OB:20260126|POI:20260205|confirm:20260206|W:W1_PROTECTED_LOW,0.253521,
SMC,300648.SZ,20240830,20240830,17.47,20240919,17.12,TIME_STOP,12,21.074,15.067,13.75,-2.2034,7.84,-3.78,0.57,-0.27,-0.15,sweep:20240805|OB:20240821|POI:20240828|confirm:20240829|W:W1_PROTECTED_LOW,0.030018,
SMC,300648.SZ,20241015,20241015,24.32,20241031,24.56,TIME_STOP,12,31.456,19.563,19.56,0.7868,11.6,-5.35,0.59,-0.27,0.05,sweep:20240325|OB:20240930|POI:20241011|confirm:20241014|W:W1_PROTECTED_LOW,0.386005,
SMC,300653.SZ,20241022,20241022,22.33,20241107,22.86,TIME_STOP,12,27.84,19.242,13.83,2.1735,11.2,-3.76,0.81,-0.27,0.17,sweep:20240527|OB:20240930|POI:20241011|confirm:20241021|W:W1_PROTECTED_LOW,0.227897,
SMC,300656.SZ,20240613,20240613,22.56,20240701,19.79,TIME_STOP,12,30.554,17.231,23.62,-12.4784,2.44,-19.28,0.1,-0.82,-0.52,sweep:20240515|OB:20240605|POI:20240611|confirm:20240612|W:W1_PROTECTED_LOW,0.181473,
SMC,300656.SZ,20241015,20241015,23.0,20241022,28.392,TP_STRUCTURAL,5,28.392,19.405,15.63,23.2447,27.61,1.61,1.77,0.1,1.5,sweep:20240408|OB:20240930|POI:20241011|confirm:20241014|W:W1_PROTECTED_LOW,0.274574,
SMC,300657.SZ,20241015,20241015,17.0,20241031,18.62,TIME_STOP,12,21.47,14.02,17.53,9.3294,12.65,-2.94,0.72,-0.17,0.54,sweep:20240515|OB:20240930|POI:20241011|confirm:20241014|W:W1_PROTECTED_LOW,0.198452,
SMC,300659.SZ,20241120,20241120,20.45,20241206,20.5,TIME_STOP,12,25.925,16.8,17.85,0.0445,5.43,-8.56,0.3,-0.48,0.01,sweep:20240315|OB:20241106|POI:20241118|confirm:20241119|W:W1_PROTECTED_LOW,0.216853,
SMC,300660.SZ,20241021,20241021,15.489,20241106,17.346,TIME_STOP,12,19.137,13.057,15.7,11.7892,16.81,-4.61,1.07,-0.29,0.76,sweep:20231227|OB:20240930|POI:20241011|confirm:20241018|W:W1_PROTECTED_LOW,0.242994,
SMC,300661.SZ,20240510,20240510,56.954,20240528,56.915,TIME_STOP,12,61.943,53.628,5.84,-0.2685,8.31,-3.15,1.42,-0.54,-0.01,sweep:20240227|OB:20240425|POI:20240508|confirm:20240509|W:W1_PROTECTED_LOW,0.215313,
SMC,300661.SZ,20241021,20241021,75.031,20241106,70.492,TIME_STOP,12,103.14,56.292,24.98,-6.2495,-0.5,-11.58,-0.02,-0.46,-0.24,sweep:20231120|OB:20240930|POI:20241010|confirm:20241018|W:W1_PROTECTED_LOW,0.360684,
SMC,300661.SZ,20260326,20260326,73.24,20260414,74.4,TIME_STOP,12,91.766,60.889,16.86,1.3838,9.03,-8.97,0.54,-0.53,0.09,sweep:20260205|OB:20260310|POI:20260323|confirm:20260325|W:W1_PROTECTED_LOW,0.034973,
SMC,300667.SZ,20240626,20240626,13.33,20240712,13.14,TIME_STOP,12,16.202,11.415,14.36,-1.6254,16.13,-5.85,1.12,-0.41,-0.1,sweep:20240430|OB:20240618|POI:20240624|confirm:20240625|W:W1_PROTECTED_LOW,0.118219,
SMC,300670.SZ,20260713,20260713,6.35,20260717,5.581,SL_HIT,4,7.504,5.581,12.12,-12.317,-2.68,-13.86,-0.22,-1.14,-1.0,sweep:20260611|OB:20260629|POI:20260709|confirm:20260710|W:W1_PROTECTED_LOW,0.050571,
SMC,300671.SZ,20240722,20240722,33.67,20240807,30.04,TIME_STOP,12,44.665,26.34,21.77,-10.9811,4.93,-12.83,0.23,-0.59,-0.5,sweep:20240619|OB:20240711|POI:20240718|confirm:20240719|W:W1_PROTECTED_LOW,0.216897,
SMC,300676.SZ,20231129,20231129,51.86,20231212,48.822,SL_HIT,9,56.417,48.822,5.86,-6.0575,3.12,-6.29,0.53,-1.07,-1.0,sweep:20231009|OB:20231120|POI:20231127|confirm:20231128|W:W1_PROTECTED_LOW,0.063124,
SMC,300676.SZ,20241021,20241021,46.3,20241106,46.55,TIME_STOP,12,58.789,37.974,17.98,0.34,4.62,-3.93,0.26,-0.22,0.03,sweep:20240221|OB:20240930|POI:20241011|confirm:20241018|W:W1_PROTECTED_LOW,0.326812,
SMC,300677.SZ,20241023,20241023,26.952,20241108,27.782,TIME_STOP,12,33.312,22.914,14.98,2.8795,5.16,-7.31,0.34,-0.49,0.21,sweep:20231228|OB:20240930|POI:20241011|confirm:20241022|W:W1_PROTECTED_LOW,0.003354,
SMC,300679.SZ,20241015,20241015,44.293,20241031,44.703,TIME_STOP,12,56.532,36.134,18.42,0.7257,9.1,-5.6,0.49,-0.3,0.05,sweep:20230731|OB:20240925|POI:20241011|confirm:20241014|W:W1_PROTECTED_LOW,0.389042,
SMC,300681.SZ,20250814,20250814,31.038,20250901,31.738,TIME_STOP,12,34.707,28.592,7.88,2.0553,8.31,-2.74,1.05,-0.35,0.29,sweep:20250520|OB:20250804|POI:20250812|confirm:20250813|W:W1_PROTECTED_LOW,0.100007,
SMC,300687.SZ,20260519,20260519,32.47,20260529,26.922,SL_HIT,8,40.792,26.922,17.09,-17.2857,13.34,-22.67,0.78,-1.33,-1.0,sweep:20251030|OB:20260511|POI:20260515|confirm:20260518|W:W1_PROTECTED_LOW,0.708114,
SMC,300691.SZ,20241022,20241022,20.64,20241107,21.13,TIME_STOP,12,27.134,16.311,20.97,2.174,11.05,-8.09,0.53,-0.39,0.11,sweep:20240115|OB:20240930|POI:20241009|confirm:20241021|W:W1_PROTECTED_LOW,0.366468,
SMC,300693.SZ,20250107,20250107,26.002,20250123,28.002,TIME_STOP,12,31.66,22.23,14.51,7.4917,14.15,-3.42,0.98,-0.24,0.53,sweep:20241024|OB:20241227|POI:20250103|confirm:20250106|W:W1_PROTECTED_LOW,0.129642,
SMC,300709.SZ,20260616,20260616,50.76,20260618,63.756,TP_STRUCTURAL,2,63.756,42.096,17.07,25.4037,28.94,14.76,1.7,0.86,1.5,sweep:20251023|OB:20260603|POI:20260612|confirm:20260615|W:W1_PROTECTED_LOW,0.055179,
SMC,300709.SZ,20260610,20260610,50.45,20260618,62.881,TP_STRUCTURAL,6,62.881,42.163,16.43,24.4405,29.73,-13.12,1.81,-0.8,1.5,sweep:20260114|OB:20260604|POI:20260608|confirm:20260609|W:W1_PROTECTED_LOW,0.150177,
SMC,300717.SZ,20260716,20260716,23.34,20260717,19.783,SL_HIT,1,28.675,19.783,15.24,-15.4393,-3.81,-16.58,-0.25,-1.09,-1.0,sweep:20260427|OB:20260706|POI:20260714|confirm:20260715|W:W1_PROTECTED_LOW,0.346857,
SMC,300730.SZ,20250617,20250617,13.45,20250626,16.015,TP_STRUCTURAL,7,16.015,11.74,12.72,18.8738,27.51,-8.4,2.16,-0.66,1.5,sweep:20250331|OB:20250528|POI:20250613|confirm:20250616|W:W1_PROTECTED_LOW,0.11249,
SMC,300730.SZ,20250714,20250714,15.38,20250730,14.8,TIME_STOP,12,18.081,13.579,11.71,-3.9711,11.51,-7.8,0.98,-0.67,-0.32,sweep:20250314|OB:20250625|POI:20250710|confirm:20250711|W:W1_PROTECTED_LOW,0.171654,
SMC,300731.SZ,20241015,20241015,11.886,20241017,14.56,TP_STRUCTURAL,2,14.56,10.103,15.0,22.3009,32.09,2.04,2.14,0.14,1.5,sweep:20240513|OB:20240930|POI:20241011|confirm:20241014|W:W1_PROTECTED_LOW,0.14689,
SMC,300732.SZ,20240605,20240605,7.87,20240624,8.74,TIME_STOP,12,10.162,6.342,19.42,10.8546,20.08,-10.67,1.03,-0.55,0.57,sweep:20240123|OB:20240516|POI:20240530|confirm:20240604|W:W1_PROTECTED_LOW,0.073469,
SMC,300736.SZ,20240920,20240920,8.6,20240930,10.33,TP_STRUCTURAL,6,10.33,7.526,12.49,19.9163,32.33,-4.07,2.59,-0.33,1.61,sweep:20240709|OB:20240906|POI:20240918|confirm:20240919|W:W1_WEEKLY_SSL_CHOCH,0.030193,
SMC,300739.SZ,20240618,20240618,15.6,20240704,13.04,TIME_STOP,12,20.978,12.015,22.98,-16.6103,8.85,-19.42,0.38,-0.85,-0.71,sweep:20240314|OB:20240611|POI:20240614|confirm:20240617|W:W1_PROTECTED_LOW,0.436842,
SMC,300748.SZ,20241021,20241021,13.381,20241025,16.741,TP_STRUCTURAL,4,16.741,11.141,16.74,24.907,26.9,4.71,1.61,0.28,1.5,sweep:20240611|OB:20240930|POI:20241011|confirm:20241018|W:W1_WEEKLY_SSL_CHOCH,0.332296,
SMC,300751.SZ,20250912,20250912,92.533,20250930,97.631,TIME_STOP,12,109.677,81.104,12.35,5.3094,10.75,-8.5,0.87,-0.69,0.45,sweep:20250314|OB:20250829|POI:20250910|confirm:20250911|W:W1_PROTECTED_LOW,0.243023,
SMC,300756.SZ,20250428,20250428,12.379,20250512,15.136,TP_STRUCTURAL,7,15.136,10.541,14.85,22.0726,25.27,-0.64,1.7,-0.04,1.5,sweep:20250331|OB:20250409|POI:20250424|confirm:20250425|W:W1_PROTECTED_LOW,0.011051,
SMC,300757.SZ,20251218,20251218,206.84,20251224,244.0,TP_STRUCTURAL,4,244.0,189.348,8.46,17.7656,18.45,-1.37,2.18,-0.16,2.12,sweep:20251105|OB:20251205|POI:20251216|confirm:20251217|W:W1_PROTECTED_LOW,0.028917,
SMC,300758.SZ,20260121,20260121,17.725,20260206,16.625,TIME_STOP,12,24.232,13.387,24.47,-6.4059,21.44,-7.84,0.88,-0.32,-0.25,sweep:20250904|OB:20260114|POI:20260116|confirm:20260120|W:W1_PROTECTED_LOW,0.484092,
SMC,300765.SZ,20241021,20241021,31.66,20241031,25.729,SL_HIT,8,40.556,25.729,18.73,-18.933,2.56,-19.74,0.14,-1.05,-1.0,sweep:20240611|OB:20240930|POI:20241016|confirm:20241018|W:W1_PROTECTED_LOW,0.38952,
SMC,300765.SZ,20260416,20260416,33.53,20260507,30.84,TIME_STOP,12,41.074,28.501,15.0,-8.2227,3.97,-12.02,0.26,-0.8,-0.53,sweep:20260313|OB:20260331|POI:20260414|confirm:20260415|W:W1_PROTECTED_LOW,0.050077,
SMC,300770.SZ,20241021,20241021,35.124,20241106,35.734,TIME_STOP,12,42.285,30.35,13.59,1.5367,11.1,-4.38,0.82,-0.32,0.13,sweep:20240424|OB:20240925|POI:20241011|confirm:20241018|W:W1_PROTECTED_LOW,0.22289,
SMC,300775.SZ,20241015,20241015,26.6,20241031,25.49,TIME_STOP,12,33.88,22.643,14.87,-4.3729,17.74,-10.9,1.19,-0.73,-0.28,sweep:20240716|OB:20240930|POI:20241011|confirm:20241014|W:W1_PROTECTED_LOW,0.28819,
SMC,300776.SZ,20241021,20241021,59.623,20241028,78.279,TP_STRUCTURAL,5,78.279,47.186,20.86,31.0902,47.4,-1.38,2.27,-0.07,1.5,sweep:20240109|OB:20240930|POI:20241016|confirm:20241018|W:W1_PROTECTED_LOW,0.443205,
SMC,300780.SZ,20260130,20260130,31.32,20260211,24.639,SL_HIT,8,41.342,24.639,21.33,-21.5319,2.43,-21.81,0.11,-1.02,-1.0,sweep:20231117|OB:20260122|POI:20260127|confirm:20260129|W:W1_PROTECTED_LOW,0.690439,
SMC,300786.SZ,20241101,20241101,16.8,20241119,14.58,TIME_STOP,12,23.034,12.644,24.74,-13.4143,10.42,-14.52,0.42,-0.59,-0.53,sweep:20240328|OB:20241016|POI:20241030|confirm:20241031|W:W1_PROTECTED_LOW,0.429584,
SMC,300790.SZ,20241015,20241015,11.444,20241031,11.594,TIME_STOP,12,14.44,9.447,17.45,1.1107,17.89,-4.81,1.02,-0.28,0.08,sweep:20231226|OB:20240930|POI:20241011|confirm:20241014|W:W1_PROTECTED_LOW,0.236669,
SMC,300795.SZ,20260729,20260729,13.55,20260814,16.63,TIME_STOP,12,19.884,9.327,31.16,22.5306,38.75,-4.06,1.24,-0.13,0.73,sweep:20260522|OB:20260720|POI:20260727|confirm:20260728|W:W1_WEEKLY_SSL_CHOCH,0.581776,
SMC,300797.SZ,20241011,20241011,12.231,20241029,12.621,TIME_STOP,12,15.337,10.16,16.93,2.9886,3.84,-5.72,0.23,-0.34,0.19,sweep:20240110|OB:20240930|POI:20241009|confirm:20241010|W:W1_PROTECTED_LOW,0.423739,
SMC,300797.SZ,20250409,20250409,14.641,20250425,13.651,TIME_STOP,12,20.04,11.042,24.58,-6.9618,17.83,-7.72,0.73,-0.31,-0.28,sweep:20241118|OB:20250324|POI:20250407|confirm:20250408|W:W1_PROTECTED_LOW,0.217941,
SMC,300801.SZ,20241121,20241121,19.083,20241209,17.673,TIME_STOP,12,24.437,15.514,18.7,-7.5888,10.9,-10.38,0.58,-0.55,-0.4,sweep:20230914|OB:20241108|POI:20241119|confirm:20241120|W:W1_PROTECTED_LOW,0.276211,
SMC,300806.SZ,20241011,20241011,8.451,20241029,9.417,TIME_STOP,12,10.269,7.239,14.34,11.2306,21.5,-6.43,1.5,-0.45,0.8,sweep:20240108|OB:20240930|POI:20241009|confirm:20241010|W:W1_PROTECTED_LOW,-0.028474,
SMC,300807.SZ,20240328,20240328,27.6,20240410,23.908,SL_HIT,7,33.2,23.908,13.38,-13.5778,11.74,-15.22,0.88,-1.14,-1.0,sweep:20240110|OB:20240319|POI:20240326|confirm:20240327|W:W1_PROTECTED_LOW,0.356306,
SMC,300812.SZ,20260311,20260311,29.457,20260323,23.38,SL_HIT,8,38.572,23.38,20.63,-20.8298,-2.64,-23.01,-0.13,-1.12,-1.0,sweep:20240118|OB:20260210|POI:20260309|confirm:20260310|W:W1_PROTECTED_LOW,0.366022,
SMC,300817.SZ,20240611,20240611,11.592,20240627,10.262,TIME_STOP,12,15.765,8.81,24.0,-11.6734,17.6,-16.91,0.73,-0.7,-0.48,sweep:20240124|OB:20240603|POI:20240606|confirm:20240607|W:W1_PROTECTED_LOW,0.193988,
SMC,300827.SZ,20250924,20250924,32.651,20251020,29.061,TIME_STOP,12,39.999,27.752,15.0,-11.1951,15.83,-11.3,1.06,-0.75,-0.73,sweep:20241212|OB:20250908|POI:20250922|confirm:20250923|W:W1_PROTECTED_LOW,0.357975,
SMC,300834.SZ,20250625,20250625,22.564,20250711,21.984,TIME_STOP,12,26.671,19.826,12.14,-2.7705,0.0,-3.28,0.0,-0.27,-0.21,sweep:20231117|OB:20250609|POI:20250619|confirm:20250624|W:W1_PROTECTED_LOW,0.107332,
SMC,300840.SZ,20241129,20241129,18.22,20241209,24.72,TP_STRUCTURAL,6,24.72,14.75,19.05,35.4751,58.07,1.98,3.05,0.1,1.87,sweep:20240104|OB:20241119|POI:20241126|confirm:20241128|W:W1_PROTECTED_LOW,0.598645,
SMC,300842.SZ,20241122,20241122,48.42,20241210,46.74,TIME_STOP,12,57.899,42.101,13.05,-3.6696,5.7,-7.62,0.44,-0.58,-0.27,sweep:20240527|OB:20241108|POI:20241118|confirm:20241121|W:W1_PROTECTED_LOW,0.135472,
SMC,300843.SZ,20240329,20240329,22.582,20240403,20.181,SL_HIT,3,26.184,20.181,10.63,-10.8343,2.44,-12.4,0.23,-1.17,-1.0,sweep:20230817|OB:20240325|POI:20240327|confirm:20240328|W:W1_PROTECTED_LOW,0.502881,
SMC,300845.SZ,20250527,20250527,10.322,20250613,10.402,TIME_STOP,12,11.56,9.497,7.99,0.575,1.94,-3.0,0.24,-0.38,0.1,sweep:20241209|OB:20250513|POI:20250523|confirm:20250526|W:W1_PROTECTED_LOW,0.182374,
SMC,300853.SZ,20241223,20241223,22.41,20250109,21.83,TIME_STOP,12,27.882,18.762,16.28,-2.7881,22.09,-9.86,1.36,-0.61,-0.16,sweep:20231227|OB:20241210|POI:20241217|confirm:20241220|W:W1_PROTECTED_LOW,0.263187,
SMC,300856.SZ,20241021,20241021,21.13,20241106,19.316,TIME_STOP,12,26.278,17.698,16.24,-8.785,8.45,-14.06,0.52,-0.87,-0.53,sweep:20240725|OB:20240927|POI:20241016|confirm:20241018|W:W1_WEEKLY_SSL_CHOCH,0.213952,
SMC,300862.SZ,20231204,20231204,23.161,20231220,25.483,TIME_STOP,12,27.755,20.098,13.22,9.8255,16.72,5.55,1.26,0.42,0.76,sweep:20230717|OB:20231124|POI:20231130|confirm:20231201|W:W1_PROTECTED_LOW,0.180505,
SMC,300863.SZ,20240821,20240821,19.84,20240906,19.861,TIME_STOP,12,22.419,18.121,8.66,-0.0942,2.41,-4.0,0.28,-0.46,0.01,sweep:20230728|OB:20240814|POI:20240819|confirm:20240820|W:W1_PROTECTED_LOW,0.101916,
SMC,300865.SZ,20241015,20241015,21.41,20241017,32.367,TP_STRUCTURAL,2,32.367,14.105,34.12,50.9764,59.6,27.42,1.75,0.8,1.5,sweep:20240725|OB:20240930|POI:20241011|confirm:20241014|W:W1_PROTECTED_LOW,0.431884,
SMC,300867.SZ,20250418,20250418,14.02,20250423,15.769,TP_STRUCTURAL,3,15.769,12.854,8.32,12.275,14.27,-3.14,1.72,-0.38,1.5,sweep:20250113|OB:20250411|POI:20250416|confirm:20250417|W:W1_PROTECTED_LOW,0.043319,
SMC,300868.SZ,20250306,20250306,30.755,20250324,31.465,TIME_STOP,12,36.233,27.103,11.87,2.1086,9.82,-2.41,0.83,-0.2,0.19,sweep:20241205|OB:20250219|POI:20250228|confirm:20250305|W:W1_PROTECTED_LOW,0.129965,
SMC,300872.SZ,20241015,20241015,15.911,20241031,16.251,TIME_STOP,12,21.995,11.855,25.49,1.9369,27.84,-1.26,1.09,-0.05,0.08,sweep:20231206|OB:20240930|POI:20241011|confirm:20241014|W:W1_PROTECTED_LOW,0.505955,
SMC,300873.SZ,20231025,20231025,14.513,20231109,17.146,TP_STRUCTURAL,11,17.146,12.757,12.1,17.9457,19.18,-0.94,1.59,-0.08,1.5,sweep:20230728|OB:20231017|POI:20231023|confirm:20231024|W:W1_PROTECTED_LOW,0.182374,
SMC,300876.SZ,20240523,20240523,14.888,20240604,13.051,SL_HIT,8,18.235,13.051,12.34,-12.5378,10.96,-15.08,0.89,-1.22,-1.0,sweep:20240123|OB:20240516|POI:20240521|confirm:20240522|W:W1_PROTECTED_LOW,0.308962,
SMC,300876.SZ,20241224,20241224,18.649,20250110,19.322,TIME_STOP,12,23.018,15.736,15.62,3.4088,12.31,-3.91,0.79,-0.25,0.23,sweep:20231212|OB:20241217|POI:20241220|confirm:20241223|W:W1_PROTECTED_LOW,0.04645,
SMC,300877.SZ,20241028,20241028,15.35,20241113,15.45,TIME_STOP,12,18.356,13.346,13.06,0.4515,9.45,-12.31,0.72,-0.94,0.05,sweep:20240326|OB:20241021|POI:20241024|confirm:20241025|W:W1_PROTECTED_LOW,0.533133,
SMC,300885.SZ,20241021,20241021,10.049,20241106,11.079,TIME_STOP,12,12.704,8.279,17.62,10.0498,15.42,-1.59,0.88,-0.09,0.58,sweep:20231023|OB:20240930|POI:20241010|confirm:20241018|W:W1_PROTECTED_LOW,0.168851,
SMC,300894.SZ,20260630,20260630,11.65,20260716,10.89,TIME_STOP,12,15.44,9.123,21.69,-6.7236,12.88,-10.64,0.59,-0.49,-0.3,sweep:20260518|OB:20260611|POI:20260626|confirm:20260629|W:W1_WEEKLY_SSL_CHOCH,0.290749,
SMC,300896.SZ,20260728,20260728,103.66,20260813,103.97,TIME_STOP,12,120.732,92.279,10.98,0.0991,9.09,-2.53,0.83,-0.23,0.03,sweep:20260528|OB:20260721|POI:20260724|confirm:20260727|W:W1_WEEKLY_SSL_CHOCH,0.183012,
SMC,300900.SZ,20240329,20240329,20.308,20240418,17.67,TIME_STOP,12,27.398,15.581,23.28,-13.19,9.46,-21.93,0.41,-0.94,-0.56,sweep:20231117|OB:20240315|POI:20240327|confirm:20240328|W:W1_PROTECTED_LOW,0.509915,
SMC,300902.SZ,20240418,20240418,22.39,20240509,23.956,TIME_STOP,12,26.643,19.555,12.66,6.7942,10.79,-7.09,0.85,-0.56,0.55,sweep:20240124|OB:20240329|POI:20240416|confirm:20240417|W:W1_PROTECTED_LOW,0.027912,
SMC,300903.SZ,20250625,20250625,11.0,20250711,10.73,TIME_STOP,12,14.353,8.765,20.32,-2.6545,13.64,-7.45,0.67,-0.37,-0.12,sweep:20241217|OB:20250619|POI:20250623|confirm:20250624|W:W1_PROTECTED_LOW,0.415929,
SMC,300911.SZ,20260311,20260311,45.33,20260320,34.697,SL_HIT,7,61.279,34.697,23.46,-23.6566,-4.92,-32.54,-0.21,-1.39,-1.0,sweep:20251031|OB:20260227|POI:20260309|confirm:20260310|W:W1_PROTECTED_LOW,0.351924,
SMC,300912.SZ,20250930,20250930,17.72,20251013,15.624,SL_HIT,3,20.864,15.624,11.83,-12.0284,0.23,-12.64,0.02,-1.07,-1.0,sweep:20231227|OB:20250917|POI:20250926|confirm:20250929|W:W1_PROTECTED_LOW,0.173537,
SMC,300916.SZ,20260409,20260409,29.88,20260422,34.719,TP_STRUCTURAL,9,34.719,26.654,10.8,15.9933,18.24,1.2,1.69,0.11,1.5,sweep:20260309|OB:20260323|POI:20260403|confirm:20260408|W:W1_PROTECTED_LOW,0.000669,
SMC,300918.SZ,20250903,20250903,23.124,20250919,24.124,TIME_STOP,12,28.135,19.783,14.45,4.1245,15.57,-12.93,1.08,-0.89,0.3,sweep:20250519|OB:20250826|POI:20250901|confirm:20250902|W:W1_PROTECTED_LOW,0.138244,
SMC,300925.SZ,20260617,20260617,18.35,20260624,16.389,SL_HIT,4,21.291,16.389,10.69,-10.8859,-1.58,-12.48,-0.15,-1.17,-1.0,sweep:20260515|OB:20260608|POI:20260611|confirm:20260616|W:W1_PROTECTED_LOW,-0.01183,
SMC,300927.SZ,20251120,20251120,27.925,20251124,25.008,SL_HIT,2,32.3,25.008,10.45,-10.6453,-3.26,-12.14,-0.31,-1.16,-1.0,sweep:20250908|OB:20251110|POI:20251118|confirm:20251119|W:W1_PROTECTED_LOW,0.104613,
SMC,300930.SZ,20241011,20241011,23.11,20241029,24.22,TIME_STOP,12,27.681,20.063,13.19,4.6031,7.27,-4.54,0.55,-0.34,0.36,sweep:20240708|OB:20240930|POI:20241009|confirm:20241010|W:W1_PROTECTED_LOW,0.135827,
SMC,300936.SZ,20240618,20240618,37.88,20240702,48.712,TP_STRUCTURAL,10,48.712,30.659,19.06,28.3948,29.59,-9.74,1.55,-0.51,1.5,sweep:20240327|OB:20240607|POI:20240614|confirm:20240617|W:W1_PROTECTED_LOW,0.225079,
SMC,300941.SZ,20251217,20251217,29.846,20251223,24.226,SL_GAP,4,38.256,24.239,18.79,-19.03,0.13,-22.85,0.01,-1.22,-1.0,sweep:20250828|OB:20251203|POI:20251215|confirm:20251216|W:W1_PROTECTED_LOW,0.133226,
SMC,300957.SZ,20241021,20241021,51.257,20241106,53.507,TIME_STOP,12,64.402,42.494,17.1,4.1896,6.59,-5.89,0.39,-0.34,0.26,sweep:20240611|OB:20240927|POI:20241015|confirm:20241018|W:W1_PROTECTED_LOW,0.259623,
SMC,300961.SZ,20240102,20240102,11.22,20240112,12.62,TP_STRUCTURAL,8,12.62,10.287,8.32,12.279,15.69,-1.96,1.89,-0.24,1.5,sweep:20230925|OB:20231212|POI:20231228|confirm:20231229|W:W1_PROTECTED_LOW,0.03407,
SMC,300963.SZ,20251023,20251023,21.824,20251110,21.374,TIME_STOP,12,28.307,17.502,19.81,-2.262,9.21,-4.54,0.47,-0.23,-0.1,sweep:20250716|OB:20251010|POI:20251021|confirm:20251022|W:W1_PROTECTED_LOW,0.197284,
SMC,300964.SZ,20240628,20240628,25.51,20240708,21.893,SL_HIT,6,30.936,21.893,14.18,-14.379,15.54,-16.27,1.1,-1.15,-1.0,sweep:20240327|OB:20240624|POI:20240626|confirm:20240627|W:W1_PROTECTED_LOW,0.161594,
SMC,300965.SZ,20251226,20251226,64.94,20260112,80.406,TP_STRUCTURAL,9,80.406,54.629,15.88,23.6156,24.02,-0.48,1.51,-0.03,1.5,sweep:20250911|OB:20251209|POI:20251224|confirm:20251225|W:W1_PROTECTED_LOW,0.123194,
SMC,300968.SZ,20240827,20240827,9.15,20240912,8.82,TIME_STOP,12,10.703,8.115,11.32,-3.8066,12.35,-7.43,1.09,-0.66,-0.32,sweep:20240527|OB:20240815|POI:20240823|confirm:20240826|W:W1_PROTECTED_LOW,0.116029,
SMC,301001.SZ,20241202,20241202,28.405,20241218,28.625,TIME_STOP,12,36.224,23.192,18.35,0.5745,16.37,-6.09,0.89,-0.33,0.04,sweep:20231110|OB:20241121|POI:20241127|confirm:20241129|W:W1_PROTECTED_LOW,0.26929,
SMC,301011.SZ,20241016,20241016,19.0,20241101,20.13,TIME_STOP,12,23.976,15.683,17.46,5.7474,15.0,-1.63,0.86,-0.09,0.34,sweep:20240517|OB:20240930|POI:20241011|confirm:20241015|W:W1_PROTECTED_LOW,0.241379,
SMC,301012.SZ,20250616,20250616,18.61,20250702,19.4,TIME_STOP,12,20.753,17.181,7.68,4.045,9.89,-1.02,1.29,-0.13,0.55,sweep:20250519|OB:20250530|POI:20250610|confirm:20250613|W:W1_PROTECTED_LOW,0.073229,
SMC,301021.SZ,20240801,20240801,17.741,20240819,16.571,TIME_STOP,12,24.491,14.753,16.84,-6.7949,17.14,-11.16,1.02,-0.66,-0.39,sweep:20240328|OB:20240722|POI:20240730|confirm:20240731|W:W1_PROTECTED_LOW,0.220603,
SMC,301029.SZ,20241021,20241021,23.934,20241106,25.404,TIME_STOP,12,30.954,19.254,19.55,5.9419,11.87,-3.34,0.61,-0.17,0.31,sweep:20240517|OB:20240930|POI:20241011|confirm:20241018|W:W1_PROTECTED_LOW,0.394171,
SMC,301039.SZ,20241021,20241021,9.34,20241106,9.49,TIME_STOP,12,11.317,8.022,14.11,1.406,7.49,-4.18,0.53,-0.3,0.11,sweep:20240110|OB:20240925|POI:20241016|confirm:20241018|W:W1_PROTECTED_LOW,0.22339,
SMC,301046.SZ,20251120,20251120,29.86,20251208,31.45,TIME_STOP,12,35.641,26.006,12.91,5.1248,6.83,-10.25,0.53,-0.79,0.41,sweep:20230802|OB:20251110|POI:20251118|confirm:20251119|W:W1_PROTECTED_LOW,0.234542,
SMC,301052.SZ,20250409,20250409,32.929,20250425,32.849,TIME_STOP,12,42.678,26.43,19.74,-0.4429,22.47,-2.67,1.14,-0.14,-0.01,sweep:20250219|OB:20250328|POI:20250407|confirm:20250408|W:W1_PROTECTED_LOW,0.146744,
SMC,301063.SZ,20250401,20250401,24.95,20250418,22.87,TIME_STOP,12,32.983,19.595,21.46,-8.5367,4.05,-20.64,0.19,-0.96,-0.39,sweep:20231211|OB:20250318|POI:20250327|confirm:20250331|W:W1_PROTECTED_LOW,0.45331,
SMC,301065.SZ,20250402,20250402,20.253,20250407,18.129,SL_HIT,2,23.439,18.129,10.49,-10.6859,4.79,-10.57,0.46,-1.01,-1.0,sweep:20250313|OB:20250324|POI:20250331|confirm:20250401|W:W1_PROTECTED_LOW,0.065889,
SMC,301065.SZ,20250423,20250423,21.223,20250514,21.913,TIME_STOP,12,26.578,17.653,16.82,3.0512,7.87,-7.59,0.47,-0.45,0.19,sweep:20241205|OB:20250408|POI:20250421|confirm:20250422|W:W1_PROTECTED_LOW,0.141451,
SMC,301067.SZ,20240722,20240722,21.071,20240807,19.841,TIME_STOP,12,25.358,18.213,13.56,-6.0374,5.13,-7.97,0.38,-0.59,-0.43,sweep:20240527|OB:20240704|POI:20240718|confirm:20240719|W:W1_PROTECTED_LOW,0.144083,
SMC,301067.SZ,20250106,20250106,31.151,20250107,37.84,TP_STRUCTURAL,1,37.84,26.692,14.32,21.2733,29.05,6.04,2.03,0.42,1.5,sweep:20231226|OB:20241225|POI:20250102|confirm:20250103|W:W1_PROTECTED_LOW,0.270689,
SMC,301072.SZ,20241022,20241022,21.63,20241107,23.79,TIME_STOP,12,27.642,17.622,18.53,9.7861,20.16,-1.06,1.09,-0.06,0.54,sweep:20240513|OB:20240930|POI:20241011|confirm:20241021|W:W1_PROTECTED_LOW,0.317877,
SMC,301073.SZ,20251217,20251217,26.59,20260106,25.75,TIME_STOP,12,33.083,22.261,16.28,-3.3591,5.42,-4.63,0.33,-0.28,-0.19,sweep:20250905|OB:20251124|POI:20251212|confirm:20251216|W:W1_PROTECTED_LOW,0.081898,
SMC,301079.SZ,20251219,20251219,29.27,20251226,35.902,TP_STRUCTURAL,5,35.902,24.849,15.1,22.457,24.84,-5.71,1.64,-0.38,1.5,sweep:20251030|OB:20251212|POI:20251217|confirm:20251218|W:W1_PROTECTED_LOW,0.218788,
SMC,301096.SZ,20250623,20250623,43.06,20250709,44.7,TIME_STOP,12,49.933,38.478,10.64,3.6086,7.92,-0.74,0.74,-0.07,0.36,sweep:20241018|OB:20250606|POI:20250619|confirm:20250620|W:W1_PROTECTED_LOW,0.206411,
SMC,301097.SZ,20241011,20241011,27.088,20241029,27.362,TIME_STOP,12,31.589,24.087,11.08,0.8115,5.28,-7.76,0.48,-0.7,0.09,sweep:20240626|OB:20240927|POI:20241009|confirm:20241010|W:W1_PROTECTED_LOW,0.148184,
SMC,301118.SZ,20250409,20250409,22.475,20250425,19.615,TIME_STOP,12,30.463,17.15,23.69,-12.9253,10.14,-17.66,0.43,-0.75,-0.54,sweep:20250313|OB:20250326|POI:20250407|confirm:20250408|W:W1_PROTECTED_LOW,0.227762,
SMC,301128.SZ,20241015,20241015,27.709,20241031,28.52,TIME_STOP,12,37.433,21.226,23.4,2.7268,19.02,-2.15,0.81,-0.09,0.13,sweep:20231114|OB:20240930|POI:20241011|confirm:20241014|W:W1_PROTECTED_LOW,0.31479,
SMC,301129.SZ,20240613,20240613,17.536,20240627,24.716,TP_STRUCTURAL,10,24.716,12.838,26.79,40.7443,68.77,-4.16,2.57,-0.16,1.53,sweep:20240515|OB:20240528|POI:20240607|confirm:20240612|W:W1_PROTECTED_LOW,0.134489,
SMC,301132.SZ,20240618,20240618,23.721,20240624,30.58,TP_STRUCTURAL,4,30.58,19.148,19.28,28.7147,37.01,-8.14,1.92,-0.42,1.5,sweep:20240328|OB:20240606|POI:20240614|confirm:20240617|W:W1_PROTECTED_LOW,0.264081,
SMC,301137.SZ,20241015,20241015,18.325,20241031,17.975,TIME_STOP,12,23.695,15.488,15.48,-2.11,14.24,-4.53,0.92,-0.29,-0.12,sweep:20231211|OB:20240927|POI:20241011|confirm:20241014|W:W1_PROTECTED_LOW,0.410897,
SMC,301148.SZ,20241018,20241018,17.643,20241105,18.463,TIME_STOP,12,23.123,14.791,16.16,4.4477,11.68,0.45,0.72,0.03,0.29,sweep:20240416|OB:20241008|POI:20241016|confirm:20241017|W:W1_PROTECTED_LOW,0.200363,
SMC,301162.SZ,20241011,20241011,22.562,20241025,26.067,TP_STRUCTURAL,10,26.067,20.225,10.36,15.3357,15.54,-3.14,1.5,-0.3,1.5,sweep:20240625|OB:20240930|POI:20241009|confirm:20241010|W:W1_PROTECTED_LOW,0.214376,
SMC,301165.SZ,20251218,20251218,58.225,20260107,61.297,TIME_STOP,12,70.476,50.058,14.03,5.0761,13.2,-4.59,0.94,-0.33,0.38,sweep:20251015|OB:20251208|POI:20251215|confirm:20251217|W:W1_PROTECTED_LOW,0.225822,
SMC,301176.SZ,20260311,20260311,28.62,20260327,26.05,TIME_STOP,12,37.74,22.54,21.24,-9.1797,9.89,-13.77,0.47,-0.65,-0.42,sweep:20251121|OB:20260213|POI:20260309|confirm:20260310|W:W1_PROTECTED_LOW,0.242814,
SMC,301176.SZ,20260325,20260325,27.45,20260413,28.87,TIME_STOP,12,33.231,23.596,14.04,4.973,10.38,-10.86,0.74,-0.77,0.37,sweep:20260114|OB:20260313|POI:20260323|confirm:20260324|W:W1_PROTECTED_LOW,-0.068018,
SMC,301183.SZ,20240702,20240702,43.535,20240718,38.445,TIME_STOP,12,55.318,35.68,18.04,-11.8917,-0.87,-17.23,-0.05,-0.95,-0.65,sweep:20240513|OB:20240614|POI:20240628|confirm:20240701|W:W1_PROTECTED_LOW,0.114264,
SMC,301183.SZ,20241015,20241015,53.075,20241031,60.945,TIME_STOP,12,77.3,36.925,30.43,14.6281,25.02,-5.11,0.82,-0.17,0.49,sweep:20240328|OB:20240930|POI:20241011|confirm:20241014|W:W1_PROTECTED_LOW,0.475261,
SMC,301192.SZ,20250207,20250207,22.972,20250225,21.262,TIME_STOP,12,27.616,19.876,13.48,-7.6438,-0.52,-10.36,-0.04,-0.77,-0.55,sweep:20231211|OB:20250120|POI:20250205|confirm:20250206|W:W1_PROTECTED_LOW,0.336233,
SMC,301202.SZ,20250108,20250108,34.2,20250113,31.007,SL_HIT,3,45.89,31.007,9.34,-9.5367,6.14,-11.05,0.66,-1.18,-1.0,sweep:20241209|OB:20241223|POI:20250106|confirm:20250107|W:W1_PROTECTED_LOW,0.027704,
SMC,301208.SZ,20241014,20241014,41.81,20241030,39.73,TIME_STOP,12,59.102,30.282,27.57,-5.1749,15.93,-10.14,0.58,-0.37,-0.18,sweep:20230829|OB:20240930|POI:20241010|confirm:20241011|W:W1_PROTECTED_LOW,0.509612,
SMC,301213.SZ,20241015,20241015,27.507,20241031,29.443,TIME_STOP,12,35.781,21.991,20.05,6.8382,28.1,-0.28,1.4,-0.01,0.35,sweep:20240524|OB:20240930|POI:20241011|confirm:20241014|W:W1_PROTECTED_LOW,0.373227,
SMC,301219.SZ,20240112,20240112,26.487,20240122,24.072,SL_HIT,6,30.109,24.072,9.12,-9.3171,1.34,-15.32,0.15,-1.68,-1.0,sweep:20231127|OB:20231228|POI:20240109|confirm:20240111|W:W1_PROTECTED_LOW,0.068037,
SMC,301222.SZ,20241121,20241121,19.795,20241209,19.917,TIME_STOP,12,23.52,17.312,12.54,0.4163,3.43,-8.34,0.27,-0.66,0.05,sweep:20240110|OB:20241108|POI:20241118|confirm:20241120|W:W1_PROTECTED_LOW,0.12638,
SMC,301229.SZ,20240624,20240624,17.644,20240710,16.771,TIME_STOP,12,20.74,15.58,11.7,-5.1479,6.82,-9.09,0.58,-0.78,-0.42,sweep:20231211|OB:20240611|POI:20240620|confirm:20240621|W:W1_PROTECTED_LOW,0.12374,
SMC,301252.SZ,20250115,20250115,24.935,20250210,25.183,TIME_STOP,12,30.024,21.542,13.61,0.7946,5.12,-9.82,0.38,-0.72,0.07,sweep:20230907|OB:20250108|POI:20250113|confirm:20250114|W:W1_PROTECTED_LOW,0.290047,
SMC,301257.SZ,20241021,20241021,29.182,20241106,30.282,TIME_STOP,12,35.745,24.807,14.99,3.5694,12.06,-3.32,0.8,-0.22,0.25,sweep:20240709|OB:20240927|POI:20241016|confirm:20241018|W:W1_PROTECTED_LOW,0.158787,
SMC,301258.SZ,20240517,20240517,33.057,20240604,28.207,TIME_STOP,12,45.947,24.464,25.99,-14.8716,8.62,-18.94,0.33,-0.73,-0.56,sweep:20231211|OB:20240506|POI:20240515|confirm:20240516|W:W1_PROTECTED_LOW,0.295712,
SMC,301263.SZ,20260716,20260716,20.7,20260803,20.49,TIME_STOP,12,25.309,17.627,14.84,-1.2145,4.93,-11.59,0.33,-0.78,-0.07,sweep:20260612|OB:20260630|POI:20260714|confirm:20260715|W:W1_PROTECTED_LOW,0.059838,
SMC,301269.SZ,20241021,20241021,98.3,20241106,99.74,TIME_STOP,12,129.783,77.311,21.35,1.2649,9.05,-5.6,0.42,-0.26,0.07,sweep:20231024|OB:20240930|POI:20241011|confirm:20241018|W:W1_PROTECTED_LOW,0.346372,
SMC,301276.SZ,20260618,20260618,25.55,20260629,21.475,SL_HIT,6,31.662,21.475,15.95,-16.1486,-5.52,-16.05,-0.35,-1.01,-1.0,sweep:20260507|OB:20260612|POI:20260616|confirm:20260617|W:W1_PROTECTED_LOW,0.026793,
SMC,301277.SZ,20240521,20240521,11.05,20240606,9.353,SL_HIT,12,13.596,9.353,15.36,-15.5611,-0.97,-19.07,-0.06,-1.24,-1.0,sweep:20231023|OB:20240510|POI:20240517|confirm:20240520|W:W1_PROTECTED_LOW,0.439563,
SMC,301278.SZ,20231229,20231229,59.149,20240117,55.049,TIME_STOP,12,83.689,42.789,27.66,-7.1316,0.76,-13.09,0.03,-0.47,-0.25,sweep:20231211|OB:20231221|POI:20231227|confirm:20231228|W:W1_PROTECTED_LOW,0.154768,
SMC,301286.SZ,20251114,20251114,32.008,20251124,35.37,TP_STRUCTURAL,6,35.37,29.767,7.0,10.3027,15.43,-3.84,2.2,-0.55,1.5,sweep:20250313|OB:20251110|POI:20251112|confirm:20251113|W:W1_PROTECTED_LOW,0.194449,
SMC,301298.SZ,20250327,20250327,18.168,20250331,15.189,SL_HIT,2,22.636,15.189,16.4,-16.5962,-3.63,-16.46,-0.22,-1.0,-1.0,sweep:20231127|OB:20250320|POI:20250325|confirm:20250326|W:W1_PROTECTED_LOW,0.325497,
SMC,301308.SZ,20250306,20250306,103.009,20250324,98.729,TIME_STOP,12,122.586,89.958,12.67,-4.355,9.65,-8.64,0.76,-0.68,-0.33,sweep:20241218|OB:20250220|POI:20250304|confirm:20250305|W:W1_PROTECTED_LOW,0.210267,
SMC,301317.SZ,20240802,20240802,14.976,20240805,14.371,SL_HIT,1,15.883,14.371,4.04,-4.2388,-0.27,-4.47,-0.07,-1.11,-1.0,sweep:20240606|OB:20240729|POI:20240731|confirm:20240801|W:W1_PROTECTED_LOW,0.096154,
SMC,301323.SZ,20260416,20260416,63.105,20260422,70.158,TP_STRUCTURAL,4,70.158,58.403,7.45,10.9759,11.36,-0.79,1.52,-0.11,1.5,sweep:20260121|OB:20260407|POI:20260414|confirm:20260415|W:W1_PROTECTED_LOW,0.239466,
SMC,301325.SZ,20241121,20241121,52.8,20241209,53.5,TIME_STOP,12,68.779,42.147,20.18,1.1258,4.64,-13.33,0.23,-0.66,0.07,sweep:20240528|OB:20241111|POI:20241118|confirm:20241120|W:W1_PROTECTED_LOW,0.282002,
SMC,301325.SZ,20250227,20250227,78.26,20250317,68.28,TIME_STOP,12,106.301,59.566,23.89,-12.9524,6.08,-15.41,0.25,-0.65,-0.53,sweep:20231127|OB:20250219|POI:20250225|confirm:20250226|W:W1_PROTECTED_LOW,0.359951,
SMC,301326.SZ,20260202,20260202,121.99,20260212,144.301,TP_STRUCTURAL,8,144.301,107.116,12.19,18.0896,22.03,-2.93,1.81,-0.24,1.5,sweep:20260105|OB:20260127|POI:20260129|confirm:20260130|W:W1_PROTECTED_LOW,0.12816,
SMC,301327.SZ,20241015,20241015,56.429,20241031,61.439,TIME_STOP,12,71.98,47.836,15.23,8.6784,17.77,-3.72,1.17,-0.24,0.58,sweep:20230724|OB:20240927|POI:20241011|confirm:20241014|W:W1_PROTECTED_LOW,0.126994,
SMC,301333.SZ,20250307,20250307,55.283,20250325,50.603,TIME_STOP,12,67.235,47.315,14.41,-8.6655,5.25,-10.46,0.36,-0.73,-0.59,sweep:20241217|OB:20250218|POI:20250305|confirm:20250306|W:W1_PROTECTED_LOW,0.128223,
SMC,301363.SZ,20241009,20241009,18.198,20241025,16.037,TIME_STOP,12,27.17,12.216,32.87,-12.0749,1.09,-17.44,0.03,-0.53,-0.36,sweep:20240911|OB:20240924|POI:20240930|confirm:20241008|W:W1_PROTECTED_LOW,0.318413,
SMC,301382.SZ,20240911,20240911,14.522,20240924,17.598,TP_STRUCTURAL,7,17.598,13.111,9.72,20.9817,23.73,2.02,2.44,0.21,2.18,sweep:20240527|OB:20240902|POI:20240909|confirm:20240910|W:W1_PROTECTED_LOW,0.192464,
SMC,301383.SZ,20240827,20240827,29.101,20240912,27.381,TIME_STOP,12,37.948,23.203,20.27,-6.1104,11.17,-9.42,0.55,-0.46,-0.29,sweep:20240521|OB:20240813|POI:20240823|confirm:20240826|W:W1_PROTECTED_LOW,0.107931,
SMC,301387.SZ,20260423,20260423,65.09,20260507,74.201,TP_STRUCTURAL,7,74.201,59.016,9.33,13.7969,14.67,-8.71,1.57,-0.93,1.5,sweep:20260212|OB:20260415|POI:20260421|confirm:20260422|W:W1_PROTECTED_LOW,0.313592,
SMC,301389.SZ,20260311,20260311,50.723,20260316,58.323,TP_STRUCTURAL,3,58.323,45.928,9.45,14.7833,19.08,-2.48,2.02,-0.26,1.59,sweep:20260113|OB:20260211|POI:20260309|confirm:20260310|W:W1_PROTECTED_LOW,0.056738,
SMC,301396.SZ,20260123,20260123,54.729,20260127,66.179,TP_STRUCTURAL,2,66.179,48.21,11.91,20.7213,27.77,3.76,2.33,0.32,1.76,sweep:20250923|OB:20260113|POI:20260119|confirm:20260122|W:W1_PROTECTED_LOW,0.247063,
SMC,301398.SZ,20241014,20241014,29.439,20241030,33.246,TIME_STOP,12,37.339,25.665,12.82,12.7318,18.2,-0.73,1.42,-0.06,1.01,sweep:20240611|OB:20240930|POI:20241010|confirm:20241011|W:W1_PROTECTED_LOW,0.279007,
SMC,301418.SZ,20260616,20260616,47.5,20260629,57.308,TP_STRUCTURAL,8,57.308,40.962,13.77,20.4477,24.91,-3.64,1.81,-0.26,1.5,sweep:20260513|OB:20260608|POI:20260612|confirm:20260615|W:W1_PROTECTED_LOW,0.103667,
SMC,301418.SZ,20260706,20260706,54.24,20260707,45.222,SL_HIT,1,67.767,45.222,16.63,-16.8266,-2.4,-17.55,-0.14,-1.06,-1.0,sweep:20231226|OB:20260626|POI:20260702|confirm:20260703|W:W1_PROTECTED_LOW,0.235293,
SMC,301421.SZ,20241016,20241016,63.55,20241101,60.62,TIME_STOP,12,102.882,37.329,41.26,-4.8105,7.62,-16.05,0.18,-0.39,-0.11,sweep:20240614|OB:20240930|POI:20241014|confirm:20241015|W:W1_PROTECTED_LOW,1.026264,
SMC,301439.SZ,20250114,20250114,14.83,20250123,17.751,TP_STRUCTURAL,7,17.751,12.883,13.13,19.4946,21.11,-4.79,1.61,-0.36,1.5,sweep:20240110|OB:20250103|POI:20250110|confirm:20250113|W:W1_PROTECTED_LOW,0.101845,
SMC,301459.SZ,20241017,20241017,29.731,20241104,32.831,TIME_STOP,12,36.331,26.054,12.37,10.2268,16.53,-1.06,1.34,-0.09,0.84,sweep:20240626|OB:20240930|POI:20241011|confirm:20241016|W:W1_PROTECTED_LOW,0.222923,
SMC,301468.SZ,20250610,20250610,17.311,20250626,17.362,TIME_STOP,12,18.791,16.324,5.7,0.0946,1.22,-4.49,0.21,-0.79,0.05,sweep:20250331|OB:20250526|POI:20250606|confirm:20250609|W:W1_PROTECTED_LOW,0.064038,
SMC,301505.SZ,20240523,20240523,26.247,20240527,23.138,SL_HIT,2,30.911,23.138,11.85,-12.0455,-6.07,-12.98,-0.51,-1.1,-1.0,sweep:20240110|OB:20240516|POI:20240521|confirm:20240522|W:W1_PROTECTED_LOW,0.181043,
SMC,301512.SZ,20260123,20260123,35.825,20260210,37.318,TIME_STOP,12,41.041,32.348,9.71,3.9675,6.6,-4.9,0.68,-0.51,0.43,sweep:20251113|OB:20260115|POI:20260121|confirm:20260122|W:W1_PROTECTED_LOW,0.16553,
SMC,301517.SZ,20241015,20241015,36.374,20241023,45.15,TP_STRUCTURAL,6,45.15,30.523,16.09,23.9276,27.49,-5.83,1.71,-0.36,1.5,sweep:20240812|OB:20240930|POI:20241011|confirm:20241014|W:W1_PROTECTED_LOW,0.199354,
SMC,301520.SZ,20260723,20260723,51.56,20260810,56.33,TIME_STOP,12,74.815,36.057,30.07,9.0514,25.08,-22.42,0.83,-0.75,0.31,sweep:20231117|OB:20260710|POI:20260721|confirm:20260722|W:W1_WEEKLY_SSL_CHOCH,1.125552,
SMC,301525.SZ,20241015,20241015,40.986,20241031,37.857,TIME_STOP,12,51.457,34.476,15.88,-7.8343,3.07,-9.1,0.19,-0.57,-0.48,sweep:20240709|OB:20240927|POI:20241011|confirm:20241014|W:W1_PROTECTED_LOW,0.162299,
SMC,301578.SZ,20240628,20240628,22.163,20240716,20.754,TIME_STOP,12,27.784,19.017,14.19,-6.5574,3.93,-12.15,0.28,-0.86,-0.45,sweep:20240528|OB:20240614|POI:20240624|confirm:20240627|W:W1_PROTECTED_LOW,0.034563,
SMC,301581.SZ,20260604,20260604,49.53,20260605,47.54,SL_HIT,1,55.91,47.54,4.02,-4.2183,0.14,-7.65,0.04,-1.9,-1.0,sweep:20260304|OB:20260527|POI:20260602|confirm:20260603|W:W1_PROTECTED_LOW,0.061899,
SMC,301588.SZ,20260210,20260210,24.828,20260306,25.348,TIME_STOP,12,28.507,22.375,9.88,1.8944,10.11,-4.43,1.02,-0.45,0.21,sweep:20241209|OB:20260203|POI:20260206|confirm:20260209|W:W1_PROTECTED_LOW,0.264658,
SMC,301591.SZ,20260209,20260209,37.539,20260304,34.282,SL_HIT,11,42.425,34.282,8.68,-8.8771,7.66,-9.04,0.88,-1.04,-1.0,sweep:20250801|OB:20260126|POI:20260205|confirm:20260206|W:W1_PROTECTED_LOW,0.043521,
SMC,301606.SZ,20250121,20250121,39.6,20250214,39.57,TIME_STOP,12,52.213,31.191,21.23,-0.2758,12.27,-2.27,0.58,-0.11,-0.0,sweep:20241118|OB:20250107|POI:20250117|confirm:20250120|W:W1_PROTECTED_LOW,0.017733,
SMC,600004.SH,20250901,20250901,9.725,20250904,9.335,SL_HIT,3,10.311,9.335,4.01,-4.214,-0.41,-4.63,-0.1,-1.15,-1.0,sweep:20241205|OB:20250821|POI:20250828|confirm:20250829|W:W1_PROTECTED_LOW,0.071625,
SMC,600016.SH,20240220,20240220,3.403,20240307,3.473,TIME_STOP,12,3.705,3.202,5.92,1.857,5.29,0.29,0.89,0.05,0.35,sweep:20231117|OB:20240125|POI:20240208|confirm:20240219|W:W1_PROTECTED_LOW,0.085905,
SMC,600019.SH,20251015,20251015,7.05,20251031,7.06,TIME_STOP,12,7.403,6.815,3.34,-0.0582,4.54,-2.84,1.36,-0.85,0.04,sweep:20250820|OB:20251009|POI:20251013|confirm:20251014|W:W1_PROTECTED_LOW,0.047307,
SMC,600023.SH,20260313,20260313,5.4,20260323,4.989,SL_HIT,6,6.016,4.989,7.61,-7.8058,-1.3,-8.52,-0.17,-1.12,-1.0,sweep:20251031|OB:20260303|POI:20260311|confirm:20260312|W:W1_PROTECTED_LOW,0.144989,
SMC,600036.SH,20240206,20240206,24.722,20240221,26.835,TP_STRUCTURAL,5,26.835,23.313,5.7,8.3465,10.84,0.4,1.9,0.07,1.5,sweep:20231113|OB:20240124|POI:20240202|confirm:20240205|W:W1_PROTECTED_LOW,0.116521,
SMC,600038.SH,20240329,20240329,40.657,20240418,39.707,TIME_STOP,12,47.214,36.286,10.75,-2.5366,1.08,-9.25,0.1,-0.86,-0.22,sweep:20230926|OB:20240314|POI:20240327|confirm:20240328|W:W1_PROTECTED_LOW,0.14207,
SMC,600048.SH,20250417,20250417,8.597,20250428,8.206,SL_HIT,7,9.183,8.206,4.54,-4.7448,5.12,-6.05,1.13,-1.33,-1.0,sweep:20250304|OB:20250409|POI:20250415|confirm:20250416|W:W1_PROTECTED_LOW,0.014106,
SMC,600054.SH,20240122,20240122,11.578,20240123,10.718,SL_GAP,1,12.428,11.012,4.89,-7.6279,-2.85,-9.5,-0.58,-1.94,-1.52,sweep:20230922|OB:20240115|POI:20240118|confirm:20240119|W:W1_PROTECTED_LOW,0.122374,
SMC,600056.SH,20240809,20240809,10.438,20240820,10.062,SL_HIT,7,11.002,10.062,3.6,-3.7995,3.07,-4.12,0.85,-1.14,-1.0,sweep:20240614|OB:20240805|POI:20240807|confirm:20240808|W:W1_PROTECTED_LOW,0.050211,
SMC,600057.SH,20231213,20231213,6.234,20231226,5.819,SL_HIT,9,6.856,5.819,6.65,-6.8513,0.64,-8.02,0.1,-1.21,-1.0,sweep:20230926|OB:20231206|POI:20231211|confirm:20231212|W:W1_PROTECTED_LOW,0.08501,
SMC,600064.SH,20241015,20241015,6.2,20241031,6.77,TIME_STOP,12,7.34,5.801,6.43,8.9935,13.23,-4.03,2.06,-0.63,1.43,sweep:20240509|OB:20240927|POI:20241010|confirm:20241014|W:W1_PROTECTED_LOW,0.220273,
SMC,600079.SH,20250925,20250925,20.9,20251017,20.168,SL_HIT,10,22.43,20.168,3.5,-3.7031,0.77,-3.73,0.22,-1.07,-1.0,sweep:20250808|OB:20250904|POI:20250923|confirm:20250924|W:W1_PROTECTED_LOW,0.053688,
SMC,600094.SH,20240418,20240418,3.652,20240429,4.242,TP_STRUCTURAL,7,4.242,3.267,10.53,15.9555,16.43,-5.48,1.56,-0.52,1.53,sweep:20230814|OB:20240408|POI:20240416|confirm:20240417|W:W1_PROTECTED_LOW,0.25153,
SMC,600095.SH,20250411,20250411,8.51,20250429,7.802,SL_HIT,12,9.571,7.802,8.31,-8.5137,1.88,-9.05,0.23,-1.09,-1.0,sweep:20241209|OB:20250403|POI:20250409|confirm:20250410|W:W1_PROTECTED_LOW,0.245337,
SMC,600095.SH,20260805,20260805,8.34,20260814,7.96,TIME_STOP,7,9.431,7.613,8.72,-4.7564,1.08,-4.8,0.12,-0.55,-0.52,sweep:20260622|OB:20260716|POI:20260803|confirm:20260804|W:W1_PROTECTED_LOW,0.109043,
SMC,600095.SH,20260729,20260729,8.56,20260814,8.15,TIME_STOP,12,9.761,7.759,9.35,-4.9897,3.39,-8.18,0.36,-0.87,-0.51,sweep:20260522|OB:20260721|POI:20260727|confirm:20260728|W:W1_PROTECTED_LOW,0.150066,
SMC,600106.SH,20241022,20241022,6.488,20241107,6.958,TIME_STOP,12,7.782,5.625,13.29,7.0441,11.56,-5.7,0.87,-0.43,0.54,sweep:20240416|OB:20241015|POI:20241018|confirm:20241021|W:W1_PROTECTED_LOW,0.826794,
SMC,600107.SH,20250901,20250901,5.84,20250902,6.515,TP_STRUCTURAL,1,6.515,5.39,7.71,11.3582,13.01,11.3,1.69,1.47,1.5,sweep:20250106|OB:20250822|POI:20250828|confirm:20250829|W:W1_PROTECTED_LOW,0.450363,
SMC,600132.SH,20241011,20241011,60.48,20241016,53.95,SL_GAP,3,68.637,55.042,8.99,-10.997,-3.94,-10.88,-0.44,-1.21,-1.2,sweep:20240530|OB:20240927|POI:20241009|confirm:20241010|W:W1_PROTECTED_LOW,0.22276,
SMC,600132.SH,20260203,20260203,52.68,20260227,53.8,TIME_STOP,12,55.869,50.554,4.04,1.926,5.26,-1.01,1.3,-0.25,0.53,sweep:20251218|OB:20260128|POI:20260130|confirm:20260202|W:W1_PROTECTED_LOW,0.029107,
SMC,600136.SH,20260409,20260409,1.84,20260427,1.79,TIME_STOP,12,2.04,1.716,6.72,-2.9174,3.8,-4.35,0.57,-0.65,-0.4,sweep:20260309|OB:20260324|POI:20260407|confirm:20260408|W:W1_PROTECTED_LOW,0.010989,
SMC,600138.SH,20241011,20241011,9.924,20241029,10.264,TIME_STOP,12,10.984,9.478,4.49,3.226,4.94,-4.13,1.1,-0.92,0.76,sweep:20240725|OB:20240927|POI:20241009|confirm:20241010|W:W1_PROTECTED_LOW,0.098103,
SMC,600162.SH,20241119,20241119,1.944,20241205,2.014,TIME_STOP,12,2.243,1.745,10.25,3.4008,8.23,-8.23,0.8,-0.8,0.35,sweep:20230824|OB:20241105|POI:20241114|confirm:20241118|W:W1_PROTECTED_LOW,0.27027,
SMC,600169.SH,20250929,20250929,2.68,20251023,2.93,TIME_STOP,12,3.209,2.327,13.15,9.1284,12.69,-3.73,0.96,-0.28,0.71,sweep:20250819|OB:20250915|POI:20250922|confirm:20250926|W:W1_PROTECTED_LOW,0.148305,
SMC,600172.SH,20241108,20241108,3.55,20241118,3.122,SL_HIT,6,4.25,3.122,12.04,-12.2423,6.2,-12.39,0.51,-1.03,-1.0,sweep:20240229|OB:20241029|POI:20241106|confirm:20241107|W:W1_PROTECTED_LOW,0.413655,
SMC,600179.SH,20241021,20241021,2.52,20241105,2.92,TP_STRUCTURAL,11,2.92,2.254,10.57,15.6588,19.44,-5.16,1.84,-0.49,1.5,sweep:20240626|OB:20240927|POI:20241017|confirm:20241018|W:W1_PROTECTED_LOW,0.197115,
SMC,600179.SH,20260629,20260629,4.65,20260714,4.34,SL_HIT,11,5.114,4.34,6.66,-6.859,6.45,-8.17,0.97,-1.23,-1.0,sweep:20260309|OB:20260618|POI:20260625|confirm:20260626|W:W1_PROTECTED_LOW,0.058166,
SMC,600184.SH,20241015,20241015,9.827,20241021,11.164,TP_STRUCTURAL,4,11.164,8.936,9.07,13.4014,14.45,0.0,1.59,0.0,1.5,sweep:20240515|OB:20240930|POI:20241011|confirm:20241014|W:W1_PROTECTED_LOW,0.214975,
SMC,600185.SH,20241014,20241014,6.34,20241030,6.89,TIME_STOP,12,7.705,5.43,14.35,8.4751,16.72,-4.26,1.16,-0.3,0.6,sweep:20240424|OB:20240927|POI:20241010|confirm:20241011|W:W1_PROTECTED_LOW,0.378261,
SMC,600191.SH,20250108,20250108,7.518,20250124,7.808,TIME_STOP,12,9.659,6.09,18.99,3.6574,8.11,-18.89,0.43,-0.99,0.2,sweep:20231211|OB:20241231|POI:20250106|confirm:20250107|W:W1_PROTECTED_LOW,0.175202,
SMC,600193.SH,20241121,20241121,3.54,20241127,4.224,TP_STRUCTURAL,4,4.224,3.084,12.88,19.1251,25.71,-3.95,2.0,-0.31,1.5,sweep:20240705|OB:20241104|POI:20241119|confirm:20241120|W:W1_PROTECTED_LOW,0.20068,
SMC,600196.SH,20241021,20241021,24.577,20241106,26.487,TIME_STOP,12,27.456,22.658,7.81,7.5715,9.6,-0.16,1.23,-0.02,1.0,sweep:20240308|OB:20240927|POI:20241016|confirm:20241018|W:W1_PROTECTED_LOW,0.13534,
SMC,600196.SH,20260713,20260713,22.914,20260715,24.506,TP_STRUCTURAL,2,24.506,21.853,4.63,6.746,7.24,0.31,1.56,0.07,1.5,sweep:20260528|OB:20260702|POI:20260709|confirm:20260710|W:W1_PROTECTED_LOW,0.078059,
SMC,600199.SH,20240402,20240402,17.0,20240410,15.3,SL_HIT,4,19.549,15.3,10.0,-10.1979,-0.18,-12.71,-0.02,-1.27,-1.0,sweep:20240110|OB:20240314|POI:20240326|confirm:20240401|W:W1_PROTECTED_LOW,0.111111,
SMC,600199.SH,20260729,20260729,7.45,20260814,7.89,TIME_STOP,12,9.448,6.118,17.88,5.706,15.3,-2.42,0.86,-0.14,0.33,sweep:20260618|OB:20260715|POI:20260727|confirm:20260728|W:W1_WEEKLY_SSL_CHOCH,0.222586,
SMC,600203.SH,20240401,20240401,8.08,20240416,6.008,SL_HIT,9,11.188,6.008,25.64,-25.8409,15.47,-25.99,0.6,-1.01,-1.0,sweep:20240110|OB:20240313|POI:20240328|confirm:20240329|W:W1_PROTECTED_LOW,0.287879,
SMC,600203.SH,20241015,20241015,8.48,20241018,10.783,TP_STRUCTURAL,3,10.783,6.945,18.11,26.9584,29.48,3.42,1.63,0.19,1.5,sweep:20240527|OB:20240927|POI:20241011|confirm:20241014|W:W1_PROTECTED_LOW,0.255962,
SMC,600210.SH,20240418,20240418,5.07,20240509,5.23,TIME_STOP,12,6.136,4.36,14.01,2.9558,12.23,-2.17,0.87,-0.15,0.23,sweep:20230728|OB:20240408|POI:20240416|confirm:20240417|W:W1_PROTECTED_LOW,0.242574,
SMC,600212.SH,20241015,20241015,5.15,20241022,6.11,TP_STRUCTURAL,5,6.11,4.679,9.15,18.4408,25.83,-0.39,2.82,-0.04,2.04,sweep:20240823|OB:20240927|POI:20241011|confirm:20241014|W:W1_PROTECTED_LOW,0.068041,
SMC,600212.SH,20250306,20250306,8.7,20250324,8.87,TIME_STOP,12,10.454,7.531,13.44,1.754,16.32,-5.29,1.21,-0.39,0.15,sweep:20241225|OB:20250228|POI:20250304|confirm:20250305|W:W1_PROTECTED_LOW,0.211829,
SMC,600215.SH,20241120,20241120,7.295,20241202,8.19,TP_STRUCTURAL,8,8.19,6.699,8.18,12.0638,13.16,-3.98,1.61,-0.49,1.5,sweep:20240701|OB:20241101|POI:20241118|confirm:20241119|W:W1_PROTECTED_LOW,0.175948,
SMC,600229.SH,20260121,20260121,6.6,20260206,6.87,TIME_STOP,12,7.12,6.397,3.07,3.8909,5.3,-1.82,1.73,-0.59,1.33,sweep:20251205|OB:20260109|POI:20260119|confirm:20260120|W:W1_PROTECTED_LOW,0.023077,
SMC,600236.SH,20260107,20260107,7.527,20260123,8.047,TIME_STOP,12,8.357,6.974,7.35,6.7085,7.71,1.33,1.05,0.18,0.94,sweep:20251105|OB:20251230|POI:20260105|confirm:20260106|W:W1_PROTECTED_LOW,0.121356,
SMC,600239.SH,20241011,20241011,2.77,20241029,2.98,TIME_STOP,12,3.462,2.309,16.66,7.3812,18.41,-8.3,1.11,-0.5,0.46,sweep:20240424|OB:20240927|POI:20241009|confirm:20241010|W:W1_PROTECTED_LOW,0.470588,
SMC,600246.SH,20260528,20260528,15.73,20260615,16.07,TIME_STOP,12,19.31,13.344,15.17,1.9615,19.96,-4.64,1.32,-0.31,0.14,sweep:20251205|OB:20260520|POI:20260526|confirm:20260527|W:W1_PROTECTED_LOW,0.575258,
SMC,600248.SH,20241011,20241011,3.98,20241029,4.15,TIME_STOP,12,4.504,3.631,8.78,4.0714,8.04,-2.26,0.92,-0.26,0.49,sweep:20240415|OB:20240927|POI:20241009|confirm:20241010|W:W1_PROTECTED_LOW,0.198795,
SMC,600256.SH,20240116,20240116,6.322,20240117,6.06,SL_HIT,1,6.715,6.06,4.14,-4.3409,-0.32,-4.43,-0.08,-1.07,-1.0,sweep:20231128|OB:20240108|POI:20240111|confirm:20240115|W:W1_PROTECTED_LOW,0.120311,
SMC,600265.SH,20250411,20250411,17.83,20250430,16.58,TIME_STOP,12,21.941,15.09,15.37,-7.2107,4.6,-11.67,0.3,-0.76,-0.46,sweep:20250217|OB:20250407|POI:20250409|confirm:20250410|W:W1_PROTECTED_LOW,0.144189,
SMC,600266.SH,20241015,20241015,5.5,20241031,6.0,TIME_STOP,12,6.661,4.726,14.08,8.8909,19.27,-6.0,1.37,-0.43,0.65,sweep:20240104|OB:20240924|POI:20241009|confirm:20241014|W:W1_PROTECTED_LOW,0.335731,
SMC,600271.SH,20241015,20241015,9.916,20241031,10.326,TIME_STOP,12,11.223,9.045,8.79,3.9347,4.74,-3.83,0.54,-0.44,0.47,sweep:20240315|OB:20240930|POI:20241011|confirm:20241014|W:W1_PROTECTED_LOW,0.244511,
SMC,600271.SH,20250618,20250618,8.816,20250626,9.38,TP_STRUCTURAL,6,9.38,8.44,4.27,6.1987,7.3,-2.68,1.71,-0.63,1.5,sweep:20250331|OB:20250530|POI:20250616|confirm:20250617|W:W1_PROTECTED_LOW,0.021874,
SMC,600272.SH,20251121,20251121,14.105,20251126,15.455,TP_STRUCTURAL,3,15.455,13.578,3.73,9.3711,15.24,-1.21,4.08,-0.32,2.56,sweep:20250715|OB:20251112|POI:20251119|confirm:20251120|W:W1_PROTECTED_LOW,0.080891,
SMC,600281.SH,20250513,20250513,4.83,20250520,5.662,TP_STRUCTURAL,5,5.662,4.275,11.48,17.0249,26.5,-7.25,2.31,-0.63,1.5,sweep:20240124|OB:20250506|POI:20250509|confirm:20250512|W:W1_PROTECTED_LOW,0.48125,
SMC,600293.SH,20260616,20260616,3.82,20260625,3.209,SL_HIT,6,4.736,3.209,15.99,-16.1873,3.14,-18.59,0.2,-1.16,-1.0,sweep:20260304|OB:20260604|POI:20260612|confirm:20260615|W:W1_PROTECTED_LOW,0.153846,
SMC,600301.SH,20240329,20240329,13.49,20240408,15.024,TP_STRUCTURAL,4,15.024,12.467,7.58,11.1735,17.27,1.26,2.28,0.17,1.5,sweep:20231110|OB:20240315|POI:20240326|confirm:20240328|W:W1_PROTECTED_LOW,0.175593,
SMC,600301.SH,20240527,20240527,17.59,20240528,19.676,TP_STRUCTURAL,1,19.676,16.2,7.9,11.6564,15.41,6.31,1.95,0.8,1.5,sweep:20230807|OB:20240509|POI:20240523|confirm:20240524|W:W1_PROTECTED_LOW,0.133863,
SMC,600310.SH,20260312,20260312,4.34,20260320,4.726,TP_STRUCTURAL,6,4.726,4.082,5.93,8.6998,11.75,-3.92,1.98,-0.66,1.5,sweep:20250718|OB:20260306|POI:20260310|confirm:20260311|W:W1_PROTECTED_LOW,0.132124,
SMC,600312.SH,20250807,20250807,15.569,20250825,15.819,TIME_STOP,12,16.848,14.716,5.48,1.4058,4.88,-2.25,0.89,-0.41,0.29,sweep:20250516|OB:20250721|POI:20250731|confirm:20250806|W:W1_PROTECTED_LOW,0.037261,
SMC,600313.SH,20260129,20260129,7.541,20260224,7.241,TIME_STOP,12,8.89,6.641,11.93,-4.1783,16.97,-4.51,1.42,-0.38,-0.33,sweep:20251205|OB:20260120|POI:20260127|confirm:20260128|W:W1_PROTECTED_LOW,0.130415,
SMC,600322.SH,20250919,20250919,3.31,20250923,2.562,SL_HIT,2,4.432,2.562,22.59,-22.7939,-12.08,-25.08,-0.53,-1.11,-1.0,sweep:20250828|OB:20250915|POI:20250917|confirm:20250918|W:W1_PROTECTED_LOW,0.121107,
SMC,600322.SH,20260701,20260701,2.74,20260717,2.64,TIME_STOP,12,3.301,2.366,13.66,-3.8496,17.88,-8.76,1.31,-0.64,-0.27,sweep:20260609|OB:20260622|POI:20260629|confirm:20260630|W:W1_PROTECTED_LOW,0.014815,
SMC,600336.SH,20240820,20240820,4.83,20240905,4.58,TIME_STOP,12,5.715,4.24,12.22,-5.376,0.41,-9.11,0.03,-0.75,-0.42,sweep:20240424|OB:20240731|POI:20240816|confirm:20240819|W:W1_PROTECTED_LOW,0.183374,
SMC,600336.SH,20240807,20240807,5.24,20240815,4.677,SL_HIT,6,6.084,4.677,10.74,-10.9415,-2.1,-14.5,-0.2,-1.35,-1.0,sweep:20240513|OB:20240731|POI:20240805|confirm:20240806|W:W1_PROTECTED_LOW,0.263923,
SMC,600337.SH,20250924,20250924,2.45,20251020,2.2,TIME_STOP,12,2.972,2.102,14.21,-10.4041,2.04,-12.24,0.14,-0.86,-0.72,sweep:20250623|OB:20250916|POI:20250922|confirm:20250923|W:W1_PROTECTED_LOW,0.161905,
SMC,600346.SH,20241021,20241021,13.92,20241106,13.26,TIME_STOP,12,15.837,12.642,9.18,-4.9414,2.44,-7.83,0.27,-0.85,-0.52,sweep:20240709|OB:20240927|POI:20241016|confirm:20241018|W:W1_PROTECTED_LOW,0.207168,
SMC,600370.SH,20241106,20241106,2.28,20241122,2.07,TIME_STOP,12,2.896,1.869,18.01,-9.4105,0.44,-17.11,0.02,-0.95,-0.51,sweep:20240329|OB:20241030|POI:20241104|confirm:20241105|W:W1_PROTECTED_LOW,0.293785,
SMC,600373.SH,20251112,20251112,11.5,20251117,10.95,SL_HIT,3,12.324,10.95,4.78,-4.9795,3.39,-6.17,0.71,-1.29,-1.0,sweep:20250324|OB:20251106|POI:20251110|confirm:20251111|W:W1_PROTECTED_LOW,0.120155,
SMC,600388.SH,20250922,20250922,13.331,20250930,14.632,TP_STRUCTURAL,6,14.632,12.463,6.51,9.5611,11.48,-3.23,1.76,-0.5,1.5,sweep:20231207|OB:20250912|POI:20250918|confirm:20250919|W:W1_PROTECTED_LOW,0.104556,
SMC,600389.SH,20250908,20250908,24.65,20250924,24.15,TIME_STOP,12,26.919,23.137,6.14,-2.2284,7.91,-4.34,1.29,-0.71,-0.33,sweep:20230807|OB:20250822|POI:20250904|confirm:20250905|W:W1_PROTECTED_LOW,0.144921,
SMC,600396.SH,20250507,20250507,3.06,20250509,3.725,TP_STRUCTURAL,2,3.725,2.616,14.5,21.5437,23.2,1.63,1.6,0.11,1.5,sweep:20241225|OB:20250423|POI:20250430|confirm:20250506|W:W1_PROTECTED_LOW,0.151515,
SMC,600399.SH,20241015,20241015,6.332,20241018,7.407,TP_STRUCTURAL,3,7.407,5.615,11.32,16.7801,22.58,-1.58,2.0,-0.14,1.5,sweep:20240708|OB:20240925|POI:20241010|confirm:20241014|W:W1_PROTECTED_LOW,0.220418,
SMC,600400.SH,20250902,20250902,2.41,20250903,2.773,TP_STRUCTURAL,1,2.773,2.168,10.03,14.8489,17.01,4.98,1.7,0.5,1.5,sweep:20250331|OB:20250818|POI:20250828|confirm:20250901|W:W1_PROTECTED_LOW,0.110092,
SMC,600405.SH,20231225,20231225,5.91,20231227,5.558,SL_HIT,2,6.439,5.558,5.96,-6.1645,1.52,-7.11,0.26,-1.19,-1.0,sweep:20230711|OB:20231207|POI:20231221|confirm:20231222|W:W1_PROTECTED_LOW,0.085145,
SMC,600408.SH,20251029,20251029,3.3,20251106,4.405,TP_STRUCTURAL,6,4.405,2.563,22.33,33.2903,36.36,-6.06,1.63,-0.27,1.5,sweep:20231130|OB:20251017|POI:20251027|confirm:20251028|W:W1_PROTECTED_LOW,0.404348,
SMC,600416.SH,20250624,20250624,11.63,20250626,12.55,TP_STRUCTURAL,2,12.55,11.016,5.28,7.7136,9.37,2.92,1.78,0.55,1.5,sweep:20250610|OB:20250616|POI:20250619|confirm:20250623|W:W1_PROTECTED_LOW,0.09717,
SMC,600416.SH,20250818,20250818,15.52,20250903,15.85,TIME_STOP,12,18.788,13.341,14.04,1.9263,12.69,-4.32,0.9,-0.31,0.15,sweep:20241112|OB:20250731|POI:20250814|confirm:20250815|W:W1_PROTECTED_LOW,0.133183,
SMC,600435.SH,20250305,20250305,10.975,20250321,11.485,TIME_STOP,12,12.352,10.057,8.37,4.4469,12.12,-0.73,1.45,-0.09,0.56,sweep:20241219|OB:20250219|POI:20250303|confirm:20250304|W:W1_PROTECTED_LOW,0.111726,
SMC,600446.SH,20241021,20241021,13.7,20241106,16.259,TP_STRUCTURAL,12,16.259,11.994,12.45,18.4757,25.62,-2.63,2.06,-0.21,1.5,sweep:20240315|OB:20240930|POI:20241010|confirm:20241018|W:W1_PROTECTED_LOW,0.456751,
SMC,600468.SH,20250402,20250402,4.885,20250407,4.386,SL_HIT,2,5.633,4.386,10.21,-10.4062,1.84,-11.67,0.18,-1.14,-1.0,sweep:20241225|OB:20250325|POI:20250331|confirm:20250401|W:W1_PROTECTED_LOW,0.14832,
SMC,600475.SH,20240307,20240307,10.067,20240325,10.877,TIME_STOP,12,11.184,9.322,7.4,7.8461,9.83,-3.58,1.33,-0.48,1.09,sweep:20240123|OB:20240226|POI:20240305|confirm:20240306|W:W1_WEEKLY_SSL_CHOCH,0.080026,
SMC,600475.SH,20251125,20251125,16.613,20251211,17.803,TIME_STOP,12,19.32,14.809,10.86,6.9631,13.18,0.66,1.21,0.06,0.66,sweep:20250915|OB:20251104|POI:20251121|confirm:20251124|W:W1_PROTECTED_LOW,0.077288,
SMC,600475.SH,20260128,20260128,21.653,20260213,20.573,TIME_STOP,12,27.138,17.996,16.89,-5.1878,4.16,-9.24,0.25,-0.55,-0.3,sweep:20250904|OB:20260108|POI:20260126|confirm:20260127|W:W1_PROTECTED_LOW,0.125046,
SMC,600480.SH,20241021,20241021,6.192,20241106,7.102,TP_STRUCTURAL,12,7.102,5.585,9.8,14.4932,22.0,-1.99,2.25,-0.2,1.5,sweep:20240725|OB:20240927|POI:20241016|confirm:20241018|W:W1_PROTECTED_LOW,0.186109,
SMC,600482.SH,20240208,20240208,20.262,20240305,21.332,TIME_STOP,12,26.518,16.091,20.58,5.0808,7.95,-4.15,0.39,-0.2,0.26,sweep:20230927|OB:20240126|POI:20240206|confirm:20240207|W:W1_PROTECTED_LOW,0.213792,
SMC,600486.SH,20250731,20250731,67.136,20250808,63.392,SL_HIT,6,72.751,63.392,5.58,-5.7761,2.03,-5.78,0.36,-1.04,-1.0,sweep:20231127|OB:20250724|POI:20250729|confirm:20250730|W:W1_PROTECTED_LOW,0.185399,
SMC,600490.SH,20240425,20240425,3.739,20240516,3.519,TIME_STOP,12,4.918,2.953,21.02,-6.0839,12.84,-10.7,0.61,-0.51,-0.28,sweep:20230914|OB:20240418|POI:20240423|confirm:20240424|W:W1_PROTECTED_LOW,0.410601,
SMC,600490.SH,20240510,20240510,3.629,20240527,3.047,SL_HIT,11,4.502,3.047,16.04,-16.2414,5.51,-16.26,0.34,-1.01,-1.0,sweep:20230728|OB:20240423|POI:20240508|confirm:20240509|W:W1_PROTECTED_LOW,0.121533,
SMC,600529.SH,20260601,20260601,19.12,20260617,18.9,TIME_STOP,12,21.519,17.52,8.37,-1.3506,6.17,-6.43,0.74,-0.77,-0.14,sweep:20260414|OB:20260522|POI:20260528|confirm:20260529|W:W1_WEEKLY_SSL_CHOCH,0.022388,
SMC,600536.SH,20240926,20240926,35.1,20240927,37.764,TP_STRUCTURAL,1,37.764,33.324,5.06,7.3885,8.69,2.79,1.72,0.55,1.5,sweep:20240311|OB:20240919|POI:20240924|confirm:20240925|W:W1_PROTECTED_LOW,0.198358,
SMC,600537.SH,20250718,20250718,3.68,20250723,4.37,TP_STRUCTURAL,3,4.37,3.317,9.86,18.55,22.01,-2.72,2.23,-0.28,1.9,sweep:20241107|OB:20250708|POI:20250716|confirm:20250717|W:W1_PROTECTED_LOW,0.381295,
SMC,600545.SH,20241106,20241106,2.17,20241122,1.99,TIME_STOP,12,2.822,1.735,20.05,-8.4949,7.37,-13.82,0.37,-0.69,-0.41,sweep:20240513|OB:20241030|POI:20241104|confirm:20241105|W:W1_PROTECTED_LOW,0.142105,
SMC,600545.SH,20260306,20260306,4.0,20260324,3.54,TIME_STOP,12,5.787,2.809,29.79,-11.7,17.25,-12.5,0.58,-0.42,-0.39,sweep:20251112|OB:20260213|POI:20260304|confirm:20260305|W:W1_PROTECTED_LOW,0.472656,
SMC,600549.SH,20260610,20260610,62.7,20260616,76.13,TP_STRUCTURAL,4,76.13,53.747,14.28,21.2192,25.06,1.69,1.75,0.12,1.5,sweep:20260428|OB:20260603|POI:20260608|confirm:20260609|W:W1_PROTECTED_LOW,0.106024,
SMC,600561.SH,20240724,20240724,4.6,20240802,5.546,TP_STRUCTURAL,7,5.546,3.97,13.7,20.3551,26.3,-10.87,1.92,-0.79,1.5,sweep:20240524|OB:20240717|POI:20240722|confirm:20240723|W:W1_PROTECTED_LOW,0.337079,
SMC,600573.SH,20241011,20241011,10.02,20241028,10.954,TP_STRUCTURAL,11,10.954,9.398,6.21,9.1189,11.88,-2.2,1.91,-0.35,1.5,sweep:20240517|OB:20240927|POI:20241009|confirm:20241010|W:W1_PROTECTED_LOW,0.080559,
SMC,600585.SH,20241011,20241011,23.24,20241029,24.75,TIME_STOP,12,26.693,20.938,9.91,6.2974,7.75,-2.02,0.78,-0.2,0.66,sweep:20231011|OB:20240927|POI:20241009|confirm:20241010|W:W1_WEEKLY_SSL_CHOCH,0.221816,
SMC,600590.SH,20241106,20241106,5.497,20241122,5.387,TIME_STOP,12,6.396,4.898,10.9,-2.2011,4.18,-9.64,0.38,-0.88,-0.18,sweep:20240328|OB:20241018|POI:20241101|confirm:20241105|W:W1_PROTECTED_LOW,0.09224,
SMC,600592.SH,20231227,20231227,11.963,20231228,10.343,SL_GAP,1,13.656,10.834,9.43,-13.7418,-5.18,-13.54,-0.55,-1.44,-1.44,sweep:20231113|OB:20231220|POI:20231225|confirm:20231226|W:W1_PROTECTED_LOW,0.095556,
SMC,600592.SH,20251202,20251202,25.915,20251218,23.885,TIME_STOP,12,30.638,22.766,12.15,-8.0333,17.13,-10.19,1.41,-0.84,-0.64,sweep:20251017|OB:20251121|POI:20251128|confirm:20251201|W:W1_PROTECTED_LOW,0.115997,
SMC,600593.SH,20250407,20250407,33.0,20250408,38.161,TP_STRUCTURAL,1,38.161,29.56,10.43,15.438,16.12,3.33,1.55,0.32,1.5,sweep:20250106|OB:20250325|POI:20250402|confirm:20250403|W:W1_PROTECTED_LOW,0.285339,
SMC,600610.SH,20231227,20231227,9.1,20240115,8.0,TIME_STOP,12,11.531,7.479,17.81,-12.2879,14.95,-14.18,0.84,-0.8,-0.68,sweep:20231010|OB:20231219|POI:20231225|confirm:20231226|W:W1_PROTECTED_LOW,0.239221,
SMC,600612.SH,20241017,20241017,53.8,20241030,49.1,SL_GAP,9,65.68,49.976,7.11,-8.9361,0.3,-12.49,0.04,-1.76,-1.23,sweep:20240712|OB:20240925|POI:20241015|confirm:20241016|W:W1_PROTECTED_LOW,0.146388,
SMC,600616.SH,20231213,20231213,6.47,20231220,6.173,SL_HIT,5,6.916,6.173,4.6,-4.7981,0.15,-4.79,0.03,-1.04,-1.0,sweep:20230927|OB:20231123|POI:20231211|confirm:20231212|W:W1_PROTECTED_LOW,0.041801,
SMC,600630.SH,20260623,20260623,9.121,20260707,7.931,SL_GAP,10,10.717,8.057,11.67,-13.2468,16.77,-15.02,1.44,-1.29,-1.12,sweep:20260304|OB:20260608|POI:20260618|confirm:20260622|W:W1_PROTECTED_LOW,0.134647,
SMC,600637.SH,20241121,20241121,8.11,20241209,8.09,TIME_STOP,12,9.009,7.51,7.39,-0.4466,2.71,-6.17,0.37,-0.83,-0.03,sweep:20231110|OB:20241101|POI:20241119|confirm:20241120|W:W1_PROTECTED_LOW,0.167147,
SMC,600637.SH,20250909,20250909,9.02,20250925,9.63,TIME_STOP,12,10.892,7.772,13.83,6.5627,13.3,-9.76,0.96,-0.71,0.49,sweep:20241204|OB:20250821|POI:20250904|confirm:20250908|W:W1_PROTECTED_LOW,0.093385,
SMC,600643.SH,20260402,20260402,5.2,20260421,4.94,TIME_STOP,12,6.198,4.535,12.8,-5.2,5.0,-6.15,0.39,-0.48,-0.39,sweep:20260213|OB:20260317|POI:20260331|confirm:20260401|W:W1_PROTECTED_LOW,0.124454,
SMC,600653.SH,20240613,20240613,1.46,20240620,1.201,SL_HIT,5,1.86,1.201,17.71,-17.9104,-7.53,-17.81,-0.43,-1.01,-1.0,sweep:20240429|OB:20240531|POI:20240611|confirm:20240612|W:W1_PROTECTED_LOW,0.077465,
SMC,600660.SH,20250325,20250325,54.21,20250407,50.09,SL_GAP,8,57.6,51.951,4.17,-7.8001,2.55,-11.82,0.61,-2.84,-1.82,sweep:20250226|OB:20250311|POI:20250321|confirm:20250324|W:W1_PROTECTED_LOW,0.018333,
SMC,600663.SH,20260205,20260205,8.14,20260303,8.15,TIME_STOP,12,8.765,7.724,5.12,-0.0771,5.77,-1.72,1.13,-0.34,0.02,sweep:20260119|OB:20260127|POI:20260202|confirm:20260204|W:W1_PROTECTED_LOW,0.018797,
SMC,600667.SH,20241021,20241021,6.35,20241025,7.587,TP_STRUCTURAL,4,7.587,5.525,12.99,19.2798,20.16,-1.26,1.55,-0.1,1.5,sweep:20240410|OB:20240930|POI:20241011|confirm:20241018|W:W1_PROTECTED_LOW,0.259635,
SMC,600671.SH,20260716,20260716,19.21,20260717,20.656,TP_STRUCTURAL,1,20.656,18.246,5.02,7.3296,14.47,0.1,2.88,0.02,1.5,sweep:20260424|OB:20260710|POI:20260714|confirm:20260715|W:W1_PROTECTED_LOW,0.210526,
SMC,600678.SH,20241028,20241028,8.15,20241104,7.18,SL_GAP,5,9.52,7.475,8.29,-12.1018,7.98,-11.9,0.96,-1.44,-1.44,sweep:20240110|OB:20241017|POI:20241024|confirm:20241025|W:W1_PROTECTED_LOW,0.621242,
SMC,600694.SH,20240418,20240418,11.518,20240422,12.28,TP_STRUCTURAL,2,12.28,11.01,4.41,6.4162,7.07,0.26,1.6,0.06,1.5,sweep:20230922|OB:20240410|POI:20240416|confirm:20240417|W:W1_PROTECTED_LOW,0.126686,
SMC,600703.SH,20250908,20250908,15.1,20250924,14.92,TIME_STOP,12,18.459,12.861,14.83,-1.3921,6.82,-3.64,0.46,-0.25,-0.08,sweep:20240314|OB:20250825|POI:20250904|confirm:20250905|W:W1_PROTECTED_LOW,0.171042,
SMC,600712.SH,20241106,20241106,6.14,20241122,5.61,TIME_STOP,12,7.676,5.116,16.68,-8.8319,13.52,-11.73,0.81,-0.7,-0.52,sweep:20231225|OB:20241025|POI:20241104|confirm:20241105|W:W1_PROTECTED_LOW,0.395455,
SMC,600729.SH,20241127,20241127,24.138,20241204,28.081,TP_STRUCTURAL,5,28.081,21.509,10.89,16.1346,22.87,0.99,2.1,0.09,1.5,sweep:20240322|OB:20241111|POI:20241125|confirm:20241126|W:W1_PROTECTED_LOW,0.218094,
SMC,600736.SH,20251015,20251015,5.932,20251017,5.707,SL_HIT,2,6.269,5.707,3.79,-3.987,0.0,-4.21,0.0,-1.11,-1.0,sweep:20250911|OB:20250930|POI:20251013|confirm:20251014|W:W1_PROTECTED_LOW,0.072046,
SMC,600743.SH,20241226,20241226,2.33,20250113,1.923,SL_HIT,11,2.94,1.923,17.46,-17.6586,6.44,-19.31,0.37,-1.11,-1.0,sweep:20230809|OB:20241209|POI:20241224|confirm:20241225|W:W1_PROTECTED_LOW,0.307263,
SMC,600758.SH,20251028,20251028,4.31,20251031,4.15,SL_GAP,3,4.73,4.17,3.26,-3.9123,5.8,-5.34,1.78,-1.64,-1.14,sweep:20231011|OB:20251022|POI:20251024|confirm:20251027|W:W1_PROTECTED_LOW,0.129199,
SMC,600759.SH,20241023,20241023,2.36,20241107,2.677,TP_STRUCTURAL,11,2.677,2.149,8.94,13.2156,16.95,-0.85,1.9,-0.09,1.5,sweep:20240812|OB:20240930|POI:20241015|confirm:20241022|W:W1_PROTECTED_LOW,0.135266,
SMC,600765.SH,20241015,20241015,20.68,20241031,23.29,TIME_STOP,12,24.596,18.069,12.62,12.4209,15.96,-6.53,1.26,-0.52,1.0,sweep:20240715|OB:20240930|POI:20241011|confirm:20241014|W:W1_PROTECTED_LOW,0.203844,
SMC,600769.SH,20241014,20241014,8.08,20241022,9.54,TP_STRUCTURAL,6,9.54,7.297,9.68,17.8693,19.43,2.35,2.01,0.24,1.87,sweep:20240326|OB:20240926|POI:20241010|confirm:20241011|W:W1_PROTECTED_LOW,0.289062,
SMC,600787.SH,20241022,20241022,5.007,20241107,5.127,TIME_STOP,12,5.672,4.563,8.86,2.1966,5.59,-1.2,0.63,-0.14,0.27,sweep:20240806|OB:20240927|POI:20241018|confirm:20241021|W:W1_PROTECTED_LOW,0.232444,
SMC,600790.SH,20241011,20241011,3.429,20241029,3.579,TIME_STOP,12,3.695,3.252,5.18,4.1745,4.96,-3.79,0.96,-0.73,0.85,sweep:20240508|OB:20240927|POI:20241009|confirm:20241010|W:W1_PROTECTED_LOW,0.128332,
SMC,600797.SH,20241015,20241015,6.11,20241031,7.1,TIME_STOP,12,7.498,5.185,15.14,16.0029,22.42,-6.38,1.48,-0.42,1.07,sweep:20240422|OB:20240930|POI:20241011|confirm:20241014|W:W1_PROTECTED_LOW,0.287846,
SMC,600803.SH,20240930,20240930,17.37,20241008,20.138,TP_STRUCTURAL,1,20.138,15.525,10.62,15.7326,17.85,4.66,1.68,0.44,1.5,sweep:20240827|OB:20240919|POI:20240926|confirm:20240927|W:W1_PROTECTED_LOW,0.053952,
SMC,600808.SH,20250930,20250930,3.94,20251024,3.94,TIME_STOP,12,4.664,3.457,12.26,-0.2,9.14,-3.05,0.75,-0.25,0.0,sweep:20250822|OB:20250919|POI:20250924|confirm:20250929|W:W1_PROTECTED_LOW,0.10221,
SMC,600809.SH,20241023,20241023,183.38,20241107,216.037,TP_STRUCTURAL,11,216.037,161.609,11.87,17.6085,20.72,-2.45,1.75,-0.21,1.5,sweep:20240730|OB:20240927|POI:20241014|confirm:20241022|W:W1_WEEKLY_SSL_CHOCH,0.332897,
SMC,600817.SH,20240729,20240729,8.611,20240814,10.801,TP_STRUCTURAL,12,10.801,7.512,12.76,25.2326,29.96,-5.46,2.35,-0.43,1.99,sweep:20231123|OB:20240722|POI:20240725|confirm:20240726|W:W1_PROTECTED_LOW,0.200792,
SMC,600822.SH,20231213,20231213,11.5,20231218,12.79,TP_STRUCTURAL,3,12.79,10.851,5.64,11.0174,12.96,0.0,2.3,0.0,1.99,sweep:20230926|OB:20231128|POI:20231211|confirm:20231212|W:W1_PROTECTED_LOW,0.072155,
SMC,600825.SH,20260116,20260116,7.147,20260119,6.724,SL_HIT,1,7.781,6.724,5.92,-6.1166,3.78,-6.02,0.64,-1.02,-1.0,sweep:20251121|OB:20260109|POI:20260114|confirm:20260115|W:W1_PROTECTED_LOW,0.164308,
SMC,600826.SH,20240919,20240919,5.025,20240927,5.68,TP_STRUCTURAL,6,5.68,4.588,8.69,12.8384,14.13,-2.59,1.63,-0.3,1.5,sweep:20240815|OB:20240904|POI:20240913|confirm:20240918|W:W1_PROTECTED_LOW,0.05411,
SMC,600828.SH,20240125,20240125,4.223,20240131,3.672,SL_HIT,4,5.733,3.672,13.05,-13.2493,1.18,-15.63,0.09,-1.2,-1.0,sweep:20230914|OB:20240110|POI:20240123|confirm:20240124|W:W1_PROTECTED_LOW,0.159209,
SMC,600828.SH,20240920,20240920,2.46,20240930,2.92,TP_STRUCTURAL,6,2.92,2.357,4.2,18.4992,26.42,-0.41,6.3,-0.1,4.46,sweep:20240813|OB:20240904|POI:20240918|confirm:20240919|W:W1_PROTECTED_LOW,0.016327,
SMC,600829.SH,20250730,20250730,9.53,20250801,8.131,SL_HIT,2,11.628,8.131,14.68,-14.8792,-9.97,-15.22,-0.68,-1.04,-1.0,sweep:20250324|OB:20250718|POI:20250728|confirm:20250729|W:W1_PROTECTED_LOW,0.273585,
SMC,600838.SH,20240918,20240918,6.184,20240925,7.524,TP_STRUCTURAL,5,7.524,6.007,2.86,21.4688,27.33,4.04,9.54,1.41,7.56,sweep:20240409|OB:20240909|POI:20240912|confirm:20240913|W:W1_PROTECTED_LOW,0.177292,
SMC,600841.SH,20240729,20240729,5.04,20240814,4.09,TIME_STOP,12,6.771,3.886,22.9,-19.0492,18.85,-21.83,0.82,-0.95,-0.82,sweep:20240417|OB:20240717|POI:20240725|confirm:20240726|W:W1_PROTECTED_LOW,0.533537,
SMC,600844.SH,20260324,20260324,4.0,20260330,5.002,TP_STRUCTURAL,4,5.002,3.332,16.71,24.858,37.25,-3.75,2.23,-0.22,1.5,sweep:20250801|OB:20260309|POI:20260320|confirm:20260323|W:W1_PROTECTED_LOW,0.312704,
SMC,600850.SH,20250822,20250822,21.983,20250825,23.224,TP_STRUCTURAL,1,23.224,21.156,3.76,5.4457,10.43,1.29,2.77,0.34,1.5,sweep:20250723|OB:20250814|POI:20250820|confirm:20250821|W:W1_PROTECTED_LOW,0.021302,
SMC,600857.SH,20260520,20260520,13.905,20260601,15.605,TP_STRUCTURAL,8,15.605,12.771,8.15,12.0284,19.96,-2.95,2.45,-0.36,1.5,sweep:20260213|OB:20260513|POI:20260518|confirm:20260519|W:W1_PROTECTED_LOW,0.171713,
SMC,600858.SH,20260107,20260107,6.33,20260123,7.12,TIME_STOP,12,8.19,5.863,7.38,12.2803,22.27,-2.53,3.02,-0.34,1.69,sweep:20230911|OB:20251218|POI:20260105|confirm:20260106|W:W1_PROTECTED_LOW,0.070117,
SMC,600862.SH,20241015,20241015,21.289,20241031,23.779,TIME_STOP,12,25.092,18.754,11.91,11.4962,15.69,-3.66,1.32,-0.31,0.98,sweep:20231208|OB:20240930|POI:20241011|confirm:20241014|W:W1_PROTECTED_LOW,0.170059,
SMC,600863.SH,20241011,20241011,4.25,20241029,4.15,TIME_STOP,12,4.672,3.969,6.62,-2.5529,1.41,-5.41,0.21,-0.82,-0.36,sweep:20240611|OB:20240927|POI:20241009|confirm:20241010|W:W1_PROTECTED_LOW,0.089514,
SMC,600864.SH,20240125,20240125,6.299,20240202,5.586,SL_HIT,6,7.368,5.586,11.32,-11.517,9.37,-14.61,0.83,-1.29,-1.0,sweep:20231211|OB:20240117|POI:20240123|confirm:20240124|W:W1_PROTECTED_LOW,0.182354,
SMC,600865.SH,20240517,20240517,7.44,20240603,6.8,SL_HIT,11,8.54,6.8,8.61,-8.807,1.21,-9.14,0.14,-1.06,-1.0,sweep:20240123|OB:20240430|POI:20240515|confirm:20240516|W:W1_PROTECTED_LOW,0.142857,
SMC,600877.SH,20241015,20241015,13.88,20241031,14.73,TIME_STOP,12,17.391,11.54,16.86,5.9239,16.07,-2.16,0.95,-0.13,0.36,sweep:20240229|OB:20240930|POI:20241011|confirm:20241014|W:W1_PROTECTED_LOW,0.373887,
SMC,600884.SH,20241021,20241021,8.25,20241105,9.463,TP_STRUCTURAL,11,9.463,7.441,9.8,14.5013,16.61,-2.18,1.69,-0.22,1.5,sweep:20240709|OB:20240925|POI:20241017|confirm:20241018|W:W1_PROTECTED_LOW,0.118785,
SMC,600887.SH,20250901,20250901,27.17,20250917,26.7,TIME_STOP,12,29.123,25.868,4.79,-1.9298,1.4,-2.94,0.29,-0.61,-0.36,sweep:20250808|OB:20250822|POI:20250828|confirm:20250829|W:W1_PROTECTED_LOW,0.040566,
SMC,600918.SH,20241021,20241021,6.705,20241106,7.225,TIME_STOP,12,7.851,5.941,11.4,7.5554,9.4,-1.94,0.82,-0.17,0.68,sweep:20240424|OB:20240927|POI:20241014|confirm:20241018|W:W1_PROTECTED_LOW,0.224658,
SMC,600925.SH,20241011,20241011,5.328,20241029,5.318,TIME_STOP,12,5.752,5.045,5.31,-0.3877,0.38,-4.69,0.07,-0.88,-0.04,sweep:20240328|OB:20240925|POI:20241009|confirm:20241010|W:W1_PROTECTED_LOW,0.078979,
SMC,600927.SH,20241015,20241015,14.44,20241031,14.11,TIME_STOP,12,16.431,13.113,9.19,-2.4853,2.77,-4.16,0.3,-0.45,-0.25,sweep:20240110|OB:20240930|POI:20241010|confirm:20241014|W:W1_PROTECTED_LOW,0.29345,
SMC,600929.SH,20250326,20250326,5.328,20250331,5.125,SL_HIT,3,5.633,5.125,3.81,-4.0141,1.5,-4.13,0.39,-1.08,-1.0,sweep:20250219|OB:20250312|POI:20250324|confirm:20250325|W:W1_PROTECTED_LOW,0.036908,
SMC,600929.SH,20250908,20250908,5.825,20250924,5.815,TIME_STOP,12,6.661,5.268,9.56,-0.3717,5.84,-3.09,0.61,-0.32,-0.02,sweep:20241223|OB:20250825|POI:20250904|confirm:20250905|W:W1_PROTECTED_LOW,0.106363,
SMC,600941.SH,20260804,20260804,98.82,20260805,95.757,SL_HIT,1,103.414,95.757,3.1,-3.2994,-2.52,-3.7,-0.81,-1.19,-1.0,sweep:20260525|OB:20260727|POI:20260731|confirm:20260803|W:W1_PROTECTED_LOW,0.124659,
SMC,600966.SH,20251121,20251121,5.907,20251209,5.967,TIME_STOP,12,6.511,5.505,6.81,0.8157,9.48,-3.89,1.39,-0.57,0.15,sweep:20240517|OB:20251112|POI:20251118|confirm:20251120|W:W1_PROTECTED_LOW,0.166106,
SMC,600968.SH,20240207,20240207,2.528,20240226,2.919,TP_STRUCTURAL,7,2.919,2.268,10.3,15.2484,17.41,4.75,1.69,0.46,1.5,sweep:20231221|OB:20240124|POI:20240205|confirm:20240206|W:W1_PROTECTED_LOW,0.003987,
SMC,600970.SH,20240207,20240207,9.45,20240304,10.01,TIME_STOP,12,11.404,8.148,13.78,5.7259,12.7,-0.21,0.92,-0.02,0.43,sweep:20231010|OB:20240124|POI:20240205|confirm:20240206|W:W1_PROTECTED_LOW,0.121176,
SMC,600971.SH,20260313,20260313,7.6,20260331,7.43,TIME_STOP,12,8.794,6.804,10.47,-2.4368,4.61,-7.11,0.44,-0.68,-0.21,sweep:20251027|OB:20260226|POI:20260311|confirm:20260312|W:W1_PROTECTED_LOW,0.090517,
SMC,600976.SH,20250409,20250409,45.65,20250425,42.92,TIME_STOP,12,53.654,40.314,11.69,-6.1803,1.51,-9.42,0.13,-0.81,-0.51,sweep:20241219|OB:20250324|POI:20250407|confirm:20250408|W:W1_PROTECTED_LOW,0.183938,
SMC,600984.SH,20241101,20241101,3.7,20241119,3.43,TIME_STOP,12,4.779,2.98,19.45,-7.4973,12.16,-9.19,0.63,-0.47,-0.38,sweep:20240426|OB:20241024|POI:20241030|confirm:20241031|W:W1_PROTECTED_LOW,0.447876,
SMC,600996.SH,20251009,20251009,9.95,20251027,9.68,TIME_STOP,12,11.842,8.689,12.67,-2.9136,0.7,-8.04,0.06,-0.63,-0.21,sweep:20250324|OB:20250922|POI:20250925|confirm:20250930|W:W1_PROTECTED_LOW,0.188107,
SMC,601005.SH,20250806,20250806,1.54,20250822,1.51,TIME_STOP,12,1.736,1.409,8.49,-2.1481,2.6,-4.55,0.31,-0.54,-0.23,sweep:20241217|OB:20250721|POI:20250804|confirm:20250805|W:W1_PROTECTED_LOW,0.083916,
SMC,601006.SH,20250806,20250806,6.318,20250815,6.194,SL_HIT,7,6.538,6.194,1.96,-2.1615,0.47,-2.06,0.24,-1.05,-1.0,sweep:20250604|OB:20250722|POI:20250801|confirm:20250805|W:W1_PROTECTED_LOW,0.004771,
SMC,601009.SH,20240122,20240122,6.269,20240129,6.775,TP_STRUCTURAL,5,6.775,5.931,5.38,7.8755,8.45,-2.07,1.57,-0.39,1.5,sweep:20231113|OB:20240115|POI:20240118|confirm:20240119|W:W1_PROTECTED_LOW,0.129753,
SMC,601011.SH,20241119,20241119,2.68,20241205,3.264,TP_STRUCTURAL,12,3.264,2.291,14.53,21.5884,25.37,-5.22,1.75,-0.36,1.5,sweep:20240515|OB:20241106|POI:20241115|confirm:20241118|W:W1_PROTECTED_LOW,0.294118,
SMC,601012.SH,20251015,20251015,19.27,20251031,22.21,TP_STRUCTURAL,12,22.21,17.31,10.17,15.0569,15.41,-4.62,1.52,-0.45,1.5,sweep:20250324|OB:20250926|POI:20251013|confirm:20251014|W:W1_PROTECTED_LOW,0.071707,
SMC,601015.SH,20251104,20251104,4.37,20251107,5.007,TP_STRUCTURAL,3,5.007,3.945,9.72,14.3758,16.7,-0.46,1.72,-0.05,1.5,sweep:20231227|OB:20251028|POI:20251030|confirm:20251103|W:W1_PROTECTED_LOW,0.278736,
SMC,601016.SH,20240416,20240416,2.894,20240423,2.814,SL_HIT,5,3.015,2.814,2.78,-2.9767,1.38,-4.49,0.5,-1.62,-1.0,sweep:20240314|OB:20240410|POI:20240412|confirm:20240415|W:W1_PROTECTED_LOW,0.021023,
SMC,601059.SH,20241021,20241021,15.129,20241106,16.436,TIME_STOP,12,17.213,13.74,9.18,8.439,12.27,-2.4,1.34,-0.26,0.94,sweep:20240517|OB:20240927|POI:20241014|confirm:20241018|W:W1_PROTECTED_LOW,0.246361,
SMC,601066.SH,20241014,20241014,26.88,20241030,25.04,TIME_STOP,12,32.426,23.183,13.75,-7.0452,2.46,-8.18,0.18,-0.6,-0.5,sweep:20231023|OB:20240930|POI:20241010|confirm:20241011|W:W1_PROTECTED_LOW,0.485915,
SMC,601098.SH,20241017,20241017,12.29,20241030,11.465,SL_HIT,9,14.2,11.465,6.71,-6.9128,1.79,-8.46,0.27,-1.26,-1.0,sweep:20240826|OB:20240925|POI:20241015|confirm:20241016|W:W1_PROTECTED_LOW,-0.003244,
SMC,601099.SH,20250905,20250905,4.8,20250923,4.72,TIME_STOP,12,5.607,4.262,11.21,-1.8667,8.75,-6.87,0.78,-0.61,-0.15,sweep:20241225|OB:20250829|POI:20250903|confirm:20250904|W:W1_PROTECTED_LOW,0.188586,
SMC,601128.SH,20240206,20240206,4.537,20240207,4.828,TP_STRUCTURAL,1,4.828,4.343,4.28,6.221,6.79,2.31,1.59,0.54,1.5,sweep:20231129|OB:20240125|POI:20240202|confirm:20240205|W:W1_PROTECTED_LOW,0.101912,
SMC,601137.SH,20260612,20260612,25.01,20260701,22.33,TIME_STOP,12,31.373,20.768,16.96,-10.9157,8.32,-16.03,0.49,-0.95,-0.63,sweep:20251230|OB:20260604|POI:20260610|confirm:20260611|W:W1_PROTECTED_LOW,0.253742,
SMC,601200.SH,20241021,20241021,7.925,20241106,8.225,TIME_STOP,12,8.687,7.417,6.41,3.5855,4.16,-0.76,0.65,-0.12,0.59,sweep:20230901|OB:20240927|POI:20241017|confirm:20241018|W:W1_PROTECTED_LOW,0.131335,
SMC,601225.SH,20241011,20241011,23.474,20241029,23.063,TIME_STOP,12,27.035,21.1,10.11,-1.9509,2.51,-4.35,0.25,-0.43,-0.17,sweep:20240715|OB:20240925|POI:20241009|confirm:20241010|W:W1_PROTECTED_LOW,0.043003,
SMC,601311.SH,20241021,20241021,7.65,20241106,8.1,TIME_STOP,12,8.628,6.998,8.52,5.6824,7.84,-2.88,0.92,-0.34,0.69,sweep:20240424|OB:20240927|POI:20241016|confirm:20241018|W:W1_PROTECTED_LOW,0.112573,
SMC,601398.SH,20260616,20260616,7.53,20260617,7.42,SL_GAP,1,7.78,7.447,1.1,-1.6608,-0.66,-2.79,-0.6,-2.53,-1.33,sweep:20260109|OB:20260609|POI:20260612|confirm:20260615|W:W1_PROTECTED_LOW,0.052851,
SMC,601518.SH,20241011,20241011,2.364,20241015,2.554,TP_STRUCTURAL,2,2.554,2.24,5.23,7.8372,8.04,-0.85,1.54,-0.16,1.54,sweep:20240718|OB:20240927|POI:20241009|confirm:20241010|W:W1_PROTECTED_LOW,0.087397,
SMC,601566.SH,20240125,20240125,9.87,20240202,8.05,SL_GAP,6,11.486,8.793,10.91,-18.6397,11.45,-18.44,1.05,-1.69,-1.69,sweep:20231221|OB:20240118|POI:20240123|confirm:20240124|W:W1_PROTECTED_LOW,0.127396,
SMC,601566.SH,20260601,20260601,11.44,20260610,10.397,SL_HIT,7,13.004,10.397,9.11,-9.3128,7.95,-11.45,0.87,-1.26,-1.0,sweep:20260213|OB:20260520|POI:20260528|confirm:20260529|W:W1_PROTECTED_LOW,0.125609,
SMC,601577.SH,20241011,20241011,7.29,20241029,7.48,TIME_STOP,12,8.067,6.772,7.11,2.4063,9.33,-0.82,1.31,-0.12,0.37,sweep:20240806|OB:20240927|POI:20241009|confirm:20241010|W:W1_PROTECTED_LOW,0.185366,
SMC,601600.SH,20241011,20241011,8.093,20241029,8.093,TIME_STOP,12,9.55,7.122,12.0,-0.2,7.91,-3.34,0.66,-0.28,0.0,sweep:20240411|OB:20240925|POI:20241009|confirm:20241010|W:W1_PROTECTED_LOW,0.261706,
SMC,601606.SH,20241015,20241015,11.716,20241031,12.446,TIME_STOP,12,14.566,9.816,16.22,6.0308,17.92,-1.71,1.11,-0.11,0.38,sweep:20240416|OB:20240930|POI:20241011|confirm:20241014|W:W1_PROTECTED_LOW,0.279598,
SMC,601618.SH,20240207,20240207,3.072,20240304,3.212,TIME_STOP,12,3.482,2.799,8.89,4.3573,4.88,-1.63,0.55,-0.18,0.51,sweep:20231227|OB:20240124|POI:20240205|confirm:20240206|W:W1_PROTECTED_LOW,0.055134,
SMC,601618.SH,20251027,20251027,3.8,20251105,3.42,SL_GAP,7,4.357,3.429,9.77,-10.2,0.53,-10.26,0.05,-1.05,-1.02,sweep:20230814|OB:20250930|POI:20251017|confirm:20251024|W:W1_PROTECTED_LOW,0.106509,
SMC,601677.SH,20240425,20240425,11.886,20240507,12.885,TP_STRUCTURAL,5,12.885,11.22,5.6,8.2057,11.61,-4.8,2.07,-0.86,1.5,sweep:20231110|OB:20240416|POI:20240423|confirm:20240424|W:W1_PROTECTED_LOW,0.119857,
SMC,601689.SH,20241021,20241021,44.131,20241106,44.031,TIME_STOP,12,54.113,37.476,15.08,-0.4266,9.97,-5.55,0.66,-0.37,-0.02,sweep:20240308|OB:20240925|POI:20241016|confirm:20241018|W:W1_PROTECTED_LOW,0.256118,
SMC,601689.SH,20241120,20241120,51.491,20241127,47.636,SL_HIT,5,58.661,47.636,7.49,-7.6874,5.83,-7.57,0.78,-1.01,-1.0,sweep:20230821|OB:20241108|POI:20241115|confirm:20241119|W:W1_PROTECTED_LOW,0.197385,
SMC,601696.SH,20241021,20241021,11.495,20241106,12.245,TIME_STOP,12,13.868,9.913,13.76,6.3246,10.18,-2.35,0.74,-0.17,0.47,sweep:20230922|OB:20240927|POI:20241014|confirm:20241018|W:W1_PROTECTED_LOW,0.326249,
SMC,601788.SH,20241021,20241021,17.291,20241106,17.971,TIME_STOP,12,20.105,15.415,10.85,3.7327,7.34,-3.41,0.68,-0.31,0.36,sweep:20231227|OB:20240927|POI:20241016|confirm:20241018|W:W1_PROTECTED_LOW,0.244443,
SMC,601799.SH,20241021,20241021,145.057,20241030,128.82,SL_HIT,7,169.412,128.82,11.19,-11.3934,2.62,-11.38,0.23,-1.02,-1.0,sweep:20240312|OB:20240930|POI:20241015|confirm:20241018|W:W1_PROTECTED_LOW,0.196195,
SMC,601808.SH,20251015,20251015,13.428,20251022,13.906,TP_STRUCTURAL,5,13.906,13.109,2.37,3.3587,7.6,-1.34,3.2,-0.57,1.5,sweep:20250904|OB:20251009|POI:20251013|confirm:20251014|W:W1_PROTECTED_LOW,-0.011007,
SMC,601827.SH,20260325,20260325,8.664,20260326,9.054,TP_STRUCTURAL,1,9.054,8.461,2.35,4.3014,5.19,1.62,2.21,0.69,1.92,sweep:20260203|OB:20260310|POI:20260323|confirm:20260324|W:W1_PROTECTED_LOW,0.018815,
SMC,601828.SH,20251216,20251216,2.89,20260105,2.7,TIME_STOP,12,3.468,2.505,13.33,-6.7744,6.57,-7.96,0.49,-0.6,-0.49,sweep:20251124|OB:20251209|POI:20251212|confirm:20251215|W:W1_PROTECTED_LOW,0.006993,
SMC,601865.SH,20241022,20241022,18.72,20241024,23.054,TP_STRUCTURAL,2,23.054,15.831,15.43,22.9513,28.31,4.06,1.83,0.26,1.5,sweep:20240827|OB:20240925|POI:20241018|confirm:20241021|W:W1_WEEKLY_SSL_CHOCH,0.149817,
SMC,601866.SH,20250529,20250529,2.524,20250617,2.414,TIME_STOP,12,2.878,2.288,9.35,-4.5582,0.4,-5.15,0.04,-0.55,-0.47,sweep:20250206|OB:20250514|POI:20250520|confirm:20250528|W:W1_PROTECTED_LOW,0.134892,
SMC,601888.SH,20260120,20260120,94.45,20260205,91.04,TIME_STOP,12,108.956,84.78,10.24,-3.8104,2.75,-8.18,0.27,-0.8,-0.35,sweep:20240327|OB:20251230|POI:20260116|confirm:20260119|W:W1_PROTECTED_LOW,0.222222,
SMC,601890.SH,20240112,20240112,9.375,20240117,8.815,SL_HIT,3,10.214,8.815,5.97,-6.1695,-0.96,-6.08,-0.16,-1.02,-1.0,sweep:20231117|OB:20231228|POI:20240110|confirm:20240111|W:W1_PROTECTED_LOW,0.033021,
SMC,601908.SH,20260401,20260401,5.0,20260407,4.204,SL_HIT,3,6.195,4.204,15.93,-16.1286,2.8,-17.8,0.18,-1.12,-1.0,sweep:20240109|OB:20260325|POI:20260330|confirm:20260331|W:W1_PROTECTED_LOW,0.271574,
SMC,601918.SH,20241011,20241011,8.42,20241025,7.596,SL_HIT,10,9.655,7.596,9.78,-9.9811,-2.61,-9.98,-0.27,-1.02,-1.0,sweep:20240821|OB:20240927|POI:20241009|confirm:20241010|W:W1_PROTECTED_LOW,0.088197,
SMC,601929.SH,20241015,20241015,1.42,20241021,1.672,TP_STRUCTURAL,4,1.672,1.252,11.85,17.5691,21.13,-3.52,1.78,-0.3,1.5,sweep:20240510|OB:20240927|POI:20241011|confirm:20241014|W:W1_PROTECTED_LOW,0.352381,
SMC,601963.SH,20241011,20241011,6.968,20241014,7.457,TP_STRUCTURAL,1,7.457,6.642,4.68,6.8193,8.47,0.72,1.81,0.15,1.5,sweep:20230720|OB:20240927|POI:20241009|confirm:20241010|W:W1_PROTECTED_LOW,0.181417,
SMC,601965.SH,20260205,20260205,18.83,20260303,19.25,TIME_STOP,12,21.909,16.777,10.9,2.0305,7.65,-2.07,0.7,-0.19,0.2,sweep:20250815|OB:20260119|POI:20260203|confirm:20260204|W:W1_PROTECTED_LOW,0.078161,
SMC,601975.SH,20241015,20241015,3.373,20241031,3.303,TIME_STOP,12,4.014,2.946,12.67,-2.2753,-0.3,-7.12,-0.02,-0.56,-0.16,sweep:20240815|OB:20240927|POI:20241011|confirm:20241014|W:W1_PROTECTED_LOW,0.151567,
SMC,601990.SH,20241021,20241021,8.642,20241106,9.162,TIME_STOP,12,9.958,7.765,10.15,5.8171,8.56,-1.62,0.84,-0.16,0.59,sweep:20230814|OB:20240927|POI:20241014|confirm:20241018|W:W1_PROTECTED_LOW,0.220917,
SMC,601992.SH,20241119,20241119,1.86,20241125,1.735,SL_HIT,4,2.047,1.735,6.7,-6.9012,0.0,-6.99,0.0,-1.04,-1.0,sweep:20240515|OB:20241101|POI:20241115|confirm:20241118|W:W1_PROTECTED_LOW,0.191083,
SMC,603005.SH,20260311,20260311,31.55,20260320,28.67,SL_HIT,7,35.87,28.67,9.13,-9.3284,-0.57,-11.32,-0.06,-1.24,-1.0,sweep:20250929|OB:20260213|POI:20260309|confirm:20260310|W:W1_PROTECTED_LOW,0.055184,
SMC,603008.SH,20250701,20250701,17.04,20250708,16.202,SL_HIT,5,18.54,16.202,4.92,-5.1191,2.99,-7.16,0.61,-1.46,-1.0,sweep:20250529|OB:20250624|POI:20250627|confirm:20250630|W:W1_PROTECTED_LOW,0.047503,
SMC,603012.SH,20250805,20250805,5.81,20250813,6.215,TP_STRUCTURAL,6,6.215,5.54,4.65,6.7707,8.09,0.34,1.74,0.07,1.5,sweep:20250324|OB:20250721|POI:20250729|confirm:20250804|W:W1_PROTECTED_LOW,0.063985,
SMC,603025.SH,20241127,20241127,14.32,20241213,15.6,TIME_STOP,12,16.44,13.068,8.74,8.7385,12.08,0.91,1.38,0.1,1.02,sweep:20241101|OB:20241119|POI:20241125|confirm:20241126|W:W1_PROTECTED_LOW,0.056429,
SMC,603026.SH,20240418,20240418,41.39,20240509,44.58,TIME_STOP,12,50.42,37.645,9.05,7.5072,14.28,-5.97,1.58,-0.66,0.85,sweep:20240123|OB:20240408|POI:20240416|confirm:20240417|W:W1_PROTECTED_LOW,0.089777,
SMC,603037.SH,20240401,20240401,13.019,20240408,10.846,SL_GAP,3,16.266,10.854,16.63,-16.891,5.85,-21.71,0.35,-1.31,-1.0,sweep:20231215|OB:20240325|POI:20240328|confirm:20240329|W:W1_PROTECTED_LOW,0.688919,
SMC,603039.SH,20260430,20260430,38.688,20260521,40.704,TIME_STOP,12,43.227,35.662,7.82,5.0109,7.52,-4.05,0.96,-0.52,0.67,sweep:20260415|OB:20260422|POI:20260428|confirm:20260429|W:W1_PROTECTED_LOW,0.041277,
SMC,603039.SH,20260608,20260608,38.33,20260609,42.67,TP_STRUCTURAL,1,42.67,36.505,4.76,11.1227,18.11,5.01,3.8,1.05,2.38,sweep:20260514|OB:20260601|POI:20260604|confirm:20260605|W:W1_PROTECTED_LOW,-0.012706,
SMC,603057.SH,20250422,20250422,22.74,20250506,21.205,SL_HIT,7,25.043,21.205,6.75,-6.9518,3.47,-7.43,0.51,-1.1,-1.0,sweep:20231117|OB:20250411|POI:20250418|confirm:20250421|W:W1_PROTECTED_LOW,0.182432,
SMC,603058.SH,20240408,20240408,8.805,20240424,7.565,TIME_STOP,12,11.103,7.273,17.4,-14.2829,17.38,-15.79,1.0,-0.91,-0.81,sweep:20240124|OB:20240328|POI:20240402|confirm:20240403|W:W1_PROTECTED_LOW,0.307127,
SMC,603062.SH,20260430,20260430,52.83,20260521,48.734,SL_HIT,12,58.974,48.734,7.75,-7.9533,8.8,-9.67,1.14,-1.25,-1.0,sweep:20260416|OB:20260423|POI:20260428|confirm:20260429|W:W1_PROTECTED_LOW,0.176938,
SMC,603070.SH,20260203,20260203,14.54,20260226,16.021,TP_STRUCTURAL,11,16.021,13.553,6.79,9.9874,12.79,-2.82,1.88,-0.42,1.5,sweep:20250711|OB:20260119|POI:20260130|confirm:20260202|W:W1_PROTECTED_LOW,0.122685,
SMC,603072.SH,20260626,20260626,39.08,20260629,37.66,SL_HIT,1,41.209,37.66,3.63,-3.8327,-0.56,-3.68,-0.15,-1.01,-1.0,sweep:20260309|OB:20260618|POI:20260624|confirm:20260625|W:W1_PROTECTED_LOW,0.091555,
SMC,603073.SH,20250402,20250402,16.52,20250403,15.711,SL_HIT,1,17.77,15.711,4.9,-5.0967,-2.85,-6.05,-0.58,-1.24,-1.0,sweep:20240513|OB:20250327|POI:20250331|confirm:20250401|W:W1_PROTECTED_LOW,0.134237,
SMC,603081.SH,20241015,20241015,9.693,20241023,11.103,TP_STRUCTURAL,6,11.103,9.014,7.0,14.3466,15.48,-4.75,2.21,-0.68,2.08,sweep:20240705|OB:20240927|POI:20241011|confirm:20241014|W:W1_PROTECTED_LOW,0.02118,
SMC,603083.SH,20241121,20241121,47.485,20241125,41.355,SL_HIT,2,59.955,41.355,12.91,-13.1093,1.2,-12.91,0.09,-1.0,-1.0,sweep:20240307|OB:20241107|POI:20241115|confirm:20241120|W:W1_PROTECTED_LOW,0.382106,
SMC,603086.SH,20250226,20250226,5.87,20250314,5.56,TIME_STOP,12,7.015,5.106,13.01,-5.4811,15.84,-6.64,1.22,-0.51,-0.41,sweep:20231227|OB:20250217|POI:20250220|confirm:20250225|W:W1_PROTECTED_LOW,0.329545,
SMC,603101.SH,20260429,20260429,10.82,20260511,9.111,SL_HIT,5,13.383,9.111,15.79,-15.9909,5.18,-18.85,0.33,-1.19,-1.0,sweep:20260202|OB:20260416|POI:20260427|confirm:20260428|W:W1_PROTECTED_LOW,0.326781,
SMC,603105.SH,20240604,20240604,9.67,20240611,11.054,TP_STRUCTURAL,4,11.054,8.747,9.54,14.1153,14.79,-4.76,1.55,-0.5,1.5,sweep:20240327|OB:20240528|POI:20240531|confirm:20240603|W:W1_PROTECTED_LOW,0.151163,
SMC,603118.SH,20250117,20250117,10.3,20250212,10.44,TIME_STOP,12,13.162,8.392,18.53,1.1592,7.67,-15.34,0.41,-0.83,0.07,sweep:20231206|OB:20250107|POI:20250114|confirm:20250116|W:W1_PROTECTED_LOW,0.184364,
SMC,603127.SH,20241021,20241021,16.62,20241106,18.95,TIME_STOP,12,19.938,14.408,13.31,13.8193,17.45,0.54,1.31,0.04,1.05,sweep:20240516|OB:20240927|POI:20241016|confirm:20241018|W:W1_PROTECTED_LOW,0.229136,
SMC,603127.SH,20250911,20250911,33.77,20250915,40.965,TP_STRUCTURAL,2,40.965,28.973,14.2,21.1064,22.98,0.15,1.62,0.01,1.5,sweep:20250820|OB:20250904|POI:20250909|confirm:20250910|W:W1_PROTECTED_LOW,0.037298,
SMC,603135.SH,20250925,20250925,11.78,20251021,10.6,TIME_STOP,12,13.893,10.371,11.96,-10.217,-0.59,-10.87,-0.05,-0.91,-0.84,sweep:20250825|OB:20250912|POI:20250923|confirm:20250924|W:W1_PROTECTED_LOW,0.083643,
SMC,603136.SH,20250423,20250423,12.255,20250506,11.01,SL_HIT,6,14.122,11.01,10.16,-10.3562,-0.24,-10.93,-0.02,-1.08,-1.0,sweep:20250331|OB:20250411|POI:20250421|confirm:20250422|W:W1_PROTECTED_LOW,0.057684,
SMC,603151.SH,20250122,20250122,10.4,20250217,11.1,TIME_STOP,12,12.03,9.404,9.58,6.5308,10.19,0.0,1.06,0.0,0.7,sweep:20241225|OB:20250110|POI:20250120|confirm:20250121|W:W1_PROTECTED_LOW,0.036489,
SMC,603159.SH,20241223,20241223,16.725,20241225,14.507,SL_HIT,2,20.052,14.507,13.26,-13.4629,-7.47,-13.45,-0.56,-1.01,-1.0,sweep:20231226|OB:20241210|POI:20241218|confirm:20241220|W:W1_PROTECTED_LOW,0.195562,
SMC,603170.SH,20260120,20260120,14.94,20260127,13.785,SL_HIT,5,16.672,13.785,7.73,-7.9309,-0.4,-8.97,-0.05,-1.16,-1.0,sweep:20251128|OB:20260109|POI:20260116|confirm:20260119|W:W1_PROTECTED_LOW,0.058074,
SMC,603178.SH,20260429,20260429,17.6,20260519,23.19,TP_STRUCTURAL,11,23.19,15.493,11.97,31.5614,35.0,-1.14,2.92,-0.09,2.65,sweep:20260309|OB:20260417|POI:20260427|confirm:20260428|W:W1_PROTECTED_LOW,0.17825,
SMC,603180.SH,20251117,20251117,22.45,20251203,21.04,TIME_STOP,12,26.925,19.466,13.29,-6.4806,1.51,-11.71,0.11,-0.88,-0.47,sweep:20250923|OB:20251111|POI:20251113|confirm:20251114|W:W1_PROTECTED_LOW,0.19797,
SMC,603188.SH,20240112,20240112,4.1,20240118,3.824,SL_HIT,4,4.514,3.824,6.73,-6.9334,1.22,-8.78,0.18,-1.3,-1.0,sweep:20231117|OB:20231225|POI:20240110|confirm:20240111|W:W1_PROTECTED_LOW,0.056701,
SMC,603198.SH,20231201,20231201,70.5,20231205,66.1,SL_HIT,2,77.1,66.1,6.24,-6.4411,-1.3,-13.73,-0.21,-2.2,-1.0,sweep:20231107|OB:20231121|POI:20231129|confirm:20231130|W:W1_PROTECTED_LOW,0.002405,
SMC,603199.SH,20240122,20240122,29.11,20240123,25.679,SL_HIT,1,34.257,25.679,11.79,-11.9866,-6.8,-14.87,-0.58,-1.26,-1.0,sweep:20230922|OB:20240115|POI:20240118|confirm:20240119|W:W1_PROTECTED_LOW,0.26125,
SMC,603206.SH,20260526,20260526,19.5,20260529,17.23,SL_HIT,3,23.07,17.23,11.64,-11.8392,0.62,-14.67,0.05,-1.26,-1.0,sweep:20260120|OB:20260518|POI:20260522|confirm:20260525|W:W1_PROTECTED_LOW,0.182675,
SMC,603212.SH,20260615,20260615,16.16,20260618,14.286,SL_HIT,3,18.97,14.286,11.59,-11.7939,2.35,-11.7,0.2,-1.01,-1.0,sweep:20260515|OB:20260605|POI:20260611|confirm:20260612|W:W1_PROTECTED_LOW,0.089227,
SMC,603227.SH,20241015,20241015,7.98,20241031,8.35,TIME_STOP,12,9.585,6.91,13.41,4.4366,7.14,-5.64,0.53,-0.42,0.35,sweep:20230825|OB:20240927|POI:20241011|confirm:20241014|W:W1_PROTECTED_LOW,0.174815,
SMC,603233.SH,20250409,20250409,15.42,20250422,16.918,TP_STRUCTURAL,9,16.918,14.421,6.48,9.5172,9.86,1.56,1.52,0.24,1.5,sweep:20241218|OB:20250328|POI:20250407|confirm:20250408|W:W1_PROTECTED_LOW,0.10755,
SMC,603236.SH,20241016,20241016,34.043,20241101,36.5,TIME_STOP,12,40.932,29.451,13.49,7.0173,19.07,0.63,1.41,0.05,0.54,sweep:20240509|OB:20240930|POI:20241014|confirm:20241015|W:W1_PROTECTED_LOW,0.175161,
SMC,603237.SH,20250418,20250418,20.957,20250509,19.557,TIME_STOP,12,26.774,17.079,18.51,-6.8803,2.67,-12.02,0.14,-0.65,-0.36,sweep:20250331|OB:20250411|POI:20250416|confirm:20250417|W:W1_PROTECTED_LOW,0.171833,
SMC,603255.SH,20240801,20240801,24.515,20240819,26.025,TIME_STOP,12,28.681,21.738,11.33,5.9595,8.36,0.78,0.74,0.07,0.54,sweep:20240625|OB:20240715|POI:20240730|confirm:20240731|W:W1_WEEKLY_SSL_CHOCH,0.039207,
SMC,603255.SH,20250709,20250709,29.775,20250725,30.055,TIME_STOP,12,32.015,28.539,4.15,0.7404,4.0,-3.36,0.96,-0.81,0.23,sweep:20250409|OB:20250624|POI:20250707|confirm:20250708|W:W1_PROTECTED_LOW,0.161796,
SMC,603256.SH,20240710,20240710,7.802,20240717,6.713,SL_HIT,5,9.436,6.713,13.96,-14.1616,-1.28,-16.15,-0.09,-1.16,-1.0,sweep:20240527|OB:20240702|POI:20240708|confirm:20240709|W:W1_PROTECTED_LOW,0.198096,
SMC,603258.SH,20250625,20250625,24.78,20250711,24.02,TIME_STOP,12,31.317,20.422,17.59,-3.267,5.57,-5.57,0.32,-0.32,-0.17,sweep:20250331|OB:20250610|POI:20250623|confirm:20250624|W:W1_PROTECTED_LOW,0.161772,
SMC,603267.SH,20240814,20240814,36.5,20240822,34.146,SL_HIT,6,40.031,34.146,6.45,-6.6501,1.92,-9.01,0.3,-1.4,-1.0,sweep:20240315|OB:20240726|POI:20240812|confirm:20240813|W:W1_PROTECTED_LOW,0.040181,
SMC,603267.SH,20260616,20260616,71.33,20260703,70.81,TIME_STOP,12,90.802,58.349,18.2,-0.929,18.32,-6.06,1.01,-0.33,-0.04,sweep:20230913|OB:20260527|POI:20260612|confirm:20260615|W:W1_PROTECTED_LOW,0.188673,
SMC,603275.SH,20250227,20250227,48.311,20250228,43.403,SL_HIT,1,55.673,43.403,10.16,-10.3596,-7.87,-14.49,-0.77,-1.43,-1.0,sweep:20231110|OB:20250221|POI:20250225|confirm:20250226|W:W1_PROTECTED_LOW,0.387918,
SMC,603311.SH,20241121,20241121,10.71,20241209,11.63,TIME_STOP,12,12.574,9.467,11.6,8.3901,15.87,-4.2,1.37,-0.36,0.74,sweep:20240108|OB:20241112|POI:20241119|confirm:20241120|W:W1_PROTECTED_LOW,0.236782,
SMC,603318.SH,20260617,20260617,9.78,20260706,9.28,TIME_STOP,12,12.358,8.061,17.58,-5.3125,19.53,-11.96,1.11,-0.68,-0.29,sweep:20260529|OB:20260610|POI:20260615|confirm:20260616|W:W1_PROTECTED_LOW,-0.098973,
SMC,603320.SH,20250115,20250115,15.86,20250210,16.79,TIME_STOP,12,18.13,14.349,9.53,5.6638,7.0,-6.43,0.73,-0.68,0.62,sweep:20241204|OB:20250106|POI:20250113|confirm:20250114|W:W1_PROTECTED_LOW,0.002554,
SMC,603327.SH,20241015,20241015,9.693,20241031,11.724,TP_STRUCTURAL,12,11.724,8.339,13.97,20.7494,31.7,-4.36,2.27,-0.31,1.5,sweep:20240725|OB:20240927|POI:20241011|confirm:20241014|W:W1_PROTECTED_LOW,0.117294,
SMC,603332.SH,20240529,20240529,8.36,20240604,7.221,SL_HIT,4,10.068,7.221,13.62,-13.8193,1.79,-16.87,0.13,-1.24,-1.0,sweep:20240409|OB:20240516|POI:20240527|confirm:20240528|W:W1_PROTECTED_LOW,0.24163,
SMC,603345.SH,20251126,20251126,79.38,20251212,76.67,TIME_STOP,12,85.797,75.102,5.39,-3.614,5.44,-4.16,1.01,-0.77,-0.63,sweep:20250325|OB:20251111|POI:20251120|confirm:20251125|W:W1_PROTECTED_LOW,0.156725,
SMC,603356.SH,20241129,20241129,14.9,20241212,17.808,TP_STRUCTURAL,4,17.808,12.961,13.01,19.3158,28.26,-2.21,2.17,-0.17,1.5,sweep:20241108|OB:20241122|POI:20241127|confirm:20241128|W:W1_PROTECTED_LOW,0.137983,
SMC,603357.SH,20240329,20240329,9.15,20240418,9.68,TIME_STOP,12,11.374,7.667,16.21,5.5923,17.27,-8.74,1.07,-0.54,0.36,sweep:20240110|OB:20240320|POI:20240326|confirm:20240328|W:W1_PROTECTED_LOW,0.190039,
SMC,603363.SH,20240327,20240327,5.7,20240408,4.862,SL_HIT,6,6.957,4.862,14.7,-14.8992,5.09,-17.37,0.35,-1.18,-1.0,sweep:20240110|OB:20240320|POI:20240325|confirm:20240326|W:W1_PROTECTED_LOW,0.197452,
SMC,603363.SH,20250326,20250326,3.57,20250407,3.293,SL_HIT,7,3.985,3.293,7.75,-7.9531,0.0,-8.4,0.0,-1.08,-1.0,sweep:20250205|OB:20250313|POI:20250324|confirm:20250325|W:W1_PROTECTED_LOW,0.114551,
SMC,603386.SH,20240702,20240702,11.96,20240704,10.606,SL_HIT,2,13.991,10.606,11.32,-11.5235,1.59,-13.21,0.14,-1.17,-1.0,sweep:20240328|OB:20240625|POI:20240628|confirm:20240701|W:W1_PROTECTED_LOW,0.21889,
SMC,603390.SH,20241014,20241014,8.85,20241030,8.9,TIME_STOP,12,10.3,8.056,8.97,0.365,9.94,-5.99,1.11,-0.67,0.06,sweep:20240819|OB:20240927|POI:20241010|confirm:20241011|W:W1_PROTECTED_LOW,0.16469,
SMC,603398.SH,20241011,20241011,17.37,20241025,20.508,TP_STRUCTURAL,10,20.508,15.278,12.04,17.8638,22.51,-9.04,1.87,-0.75,1.5,sweep:20240730|OB:20240925|POI:20241009|confirm:20241010|W:W1_PROTECTED_LOW,0.213633,
SMC,603416.SH,20241220,20241220,37.973,20250108,36.943,TIME_STOP,12,43.543,34.433,9.32,-2.9125,7.9,-7.08,0.85,-0.76,-0.29,sweep:20231207|OB:20241204|POI:20241218|confirm:20241219|W:W1_PROTECTED_LOW,0.111618,
SMC,603444.SH,20241022,20241022,214.029,20241031,178.167,SL_HIT,7,267.822,178.167,16.76,-16.9556,-3.81,-17.34,-0.23,-1.04,-1.0,sweep:20240315|OB:20240927|POI:20241018|confirm:20241021|W:W1_PROTECTED_LOW,0.281964,
SMC,603501.SH,20241021,20241021,112.183,20241106,109.703,TIME_STOP,12,139.913,93.696,16.48,-2.4107,1.93,-7.45,0.12,-0.45,-0.13,sweep:20231219|OB:20240930|POI:20241016|confirm:20241018|W:W1_PROTECTED_LOW,0.281416,
SMC,603506.SH,20240517,20240517,10.642,20240531,9.11,SL_HIT,10,12.941,9.11,14.4,-14.6005,15.79,-15.41,1.1,-1.07,-1.0,sweep:20240110|OB:20240510|POI:20240515|confirm:20240516|W:W1_PROTECTED_LOW,0.426714,
SMC,603516.SH,20241127,20241127,42.552,20241209,54.407,TP_STRUCTURAL,8,54.407,34.649,18.57,27.6596,29.45,0.02,1.59,0.0,1.5,sweep:20240603|OB:20241118|POI:20241125|confirm:20241126|W:W1_PROTECTED_LOW,0.372008,
SMC,603519.SH,20240426,20240426,10.31,20240517,10.12,TIME_STOP,12,12.124,9.101,11.73,-2.0429,2.33,-10.18,0.2,-0.87,-0.16,sweep:20240314|OB:20240416|POI:20240424|confirm:20240425|W:W1_PROTECTED_LOW,0.081345,
SMC,603556.SH,20260730,20260730,24.9,20260814,26.33,TIME_STOP,11,30.905,20.896,16.08,5.543,14.42,-1.49,0.9,-0.09,0.36,sweep:20260609|OB:20260714|POI:20260728|confirm:20260729|W:W1_PROTECTED_LOW,0.116063,
SMC,603559.SH,20241011,20241011,5.664,20241029,6.251,TIME_STOP,12,6.982,4.785,15.52,10.1637,15.84,-9.64,1.02,-0.62,0.67,sweep:20240109|OB:20240918|POI:20241009|confirm:20241010|W:W1_PROTECTED_LOW,0.022218,
SMC,603589.SH,20241121,20241121,39.503,20241209,38.563,TIME_STOP,12,42.736,37.348,5.46,-2.5796,-0.1,-5.34,-0.02,-0.98,-0.44,sweep:20241018|OB:20241106|POI:20241119|confirm:20241120|W:W1_PROTECTED_LOW,-0.032712,
SMC,603589.SH,20250826,20250826,34.88,20250828,33.553,SL_HIT,2,36.87,33.553,3.8,-4.0039,-0.86,-5.33,-0.23,-1.4,-1.0,sweep:20250603|OB:20250819|POI:20250821|confirm:20250825|W:W1_PROTECTED_LOW,0.047277,
SMC,603590.SH,20250411,20250411,26.101,20250429,29.711,TIME_STOP,12,32.646,21.737,16.72,13.6309,18.16,0.88,1.09,0.05,0.83,sweep:20250313|OB:20250324|POI:20250409|confirm:20250410|W:W1_PROTECTED_LOW,0.166141,
SMC,603595.SH,20250313,20250313,23.085,20250324,20.352,SL_HIT,7,27.185,20.352,11.84,-12.0398,-0.48,-14.08,-0.04,-1.19,-1.0,sweep:20241104|OB:20250305|POI:20250311|confirm:20250312|W:W1_PROTECTED_LOW,0.189571,
SMC,603602.SH,20250318,20250318,19.08,20250321,17.391,SL_HIT,3,21.613,17.391,8.85,-9.0518,-0.31,-9.64,-0.04,-1.09,-1.0,sweep:20250218|OB:20250304|POI:20250314|confirm:20250317|W:W1_PROTECTED_LOW,0.04,
SMC,603606.SH,20241022,20241022,40.5,20241023,45.247,TP_STRUCTURAL,1,45.247,37.335,7.81,11.5208,21.0,13.22,2.69,1.69,1.5,sweep:20240603|OB:20240927|POI:20241015|confirm:20241021|W:W1_PROTECTED_LOW,0.067178,
SMC,603607.SH,20240110,20240110,15.39,20240118,13.869,SL_HIT,6,17.672,13.869,9.89,-10.0858,1.62,-13.0,0.16,-1.31,-1.0,sweep:20231130|OB:20231219|POI:20240108|confirm:20240109|W:W1_PROTECTED_LOW,0.099286,
SMC,603611.SH,20240418,20240418,19.728,20240422,17.477,SL_HIT,2,23.105,17.477,11.41,-11.6105,-4.26,-12.17,-0.37,-1.07,-1.0,sweep:20230921|OB:20240412|POI:20240416|confirm:20240417|W:W1_PROTECTED_LOW,0.240957,
SMC,603613.SH,20240402,20240402,23.172,20240412,20.992,SL_GAP,6,26.422,21.006,9.35,-9.6079,2.72,-11.18,0.29,-1.2,-1.01,sweep:20231229|OB:20240325|POI:20240329|confirm:20240401|W:W1_PROTECTED_LOW,0.091452,
SMC,603617.SH,20250115,20250115,7.07,20250210,7.56,TIME_STOP,12,10.37,6.391,9.6,6.7307,16.97,-3.25,1.77,-0.34,0.72,sweep:20240123|OB:20241231|POI:20250113|confirm:20250114|W:W1_PROTECTED_LOW,0.068759,
SMC,603657.SH,20260519,20260519,34.6,20260528,28.378,SL_HIT,7,43.933,28.378,17.98,-18.182,-3.76,-19.51,-0.21,-1.08,-1.0,sweep:20260213|OB:20260506|POI:20260515|confirm:20260518|W:W1_PROTECTED_LOW,0.28332,
SMC,603666.SH,20240827,20240827,15.6,20240829,18.681,TP_STRUCTURAL,2,18.681,13.546,13.17,19.5493,21.03,-2.05,1.6,-0.16,1.5,sweep:20240626|OB:20240820|POI:20240823|confirm:20240826|W:W1_PROTECTED_LOW,0.168899,
SMC,603669.SH,20260709,20260709,5.96,20260714,7.039,TP_STRUCTURAL,3,7.039,5.24,12.07,17.9118,25.5,0.84,2.11,0.07,1.5,sweep:20250923|OB:20260701|POI:20260707|confirm:20260708|W:W1_PROTECTED_LOW,0.287846,
SMC,603676.SH,20250514,20250514,10.116,20250530,10.536,TIME_STOP,12,11.667,9.082,10.22,3.9518,9.69,-0.79,0.95,-0.08,0.41,sweep:20241205|OB:20250423|POI:20250509|confirm:20250513|W:W1_PROTECTED_LOW,0.182431,
SMC,603677.SH,20241101,20241101,13.62,20241119,12.34,TIME_STOP,12,15.913,12.091,11.22,-9.5979,5.29,-10.35,0.47,-0.92,-0.84,sweep:20240509|OB:20241025|POI:20241030|confirm:20241031|W:W1_PROTECTED_LOW,0.320078,
SMC,603686.SH,20240729,20240729,8.629,20240801,9.909,TP_STRUCTURAL,3,9.909,7.91,8.33,14.6337,15.3,1.51,1.84,0.18,1.78,sweep:20240123|OB:20240722|POI:20240725|confirm:20240726|W:W1_PROTECTED_LOW,0.193224,
SMC,603690.SH,20241021,20241021,24.4,20241106,28.43,TIME_STOP,12,31.427,19.715,19.2,16.3164,17.54,-4.55,0.91,-0.24,0.86,sweep:20240730|OB:20240930|POI:20241011|confirm:20241018|W:W1_WEEKLY_SSL_CHOCH,0.300223,
SMC,603690.SH,20260526,20260526,30.5,20260527,28.215,SL_HIT,1,33.928,28.215,7.49,-7.6918,-2.56,-8.82,-0.34,-1.18,-1.0,sweep:20260206|OB:20260515|POI:20260522|confirm:20260525|W:W1_PROTECTED_LOW,0.174458,
SMC,603697.SH,20241113,20241113,8.9,20241118,10.41,TP_STRUCTURAL,3,10.41,7.894,11.31,16.7623,23.93,-1.35,2.12,-0.12,1.5,sweep:20240110|OB:20241105|POI:20241111|confirm:20241112|W:W1_PROTECTED_LOW,0.64991,
SMC,603711.SH,20241121,20241121,14.86,20241122,13.959,SL_HIT,1,16.96,13.959,6.07,-6.2661,0.67,-7.67,0.11,-1.26,-1.0,sweep:20240530|OB:20241114|POI:20241119|confirm:20241120|W:W1_PROTECTED_LOW,0.181034,
SMC,603716.SH,20240730,20240730,6.52,20240815,6.77,TIME_STOP,12,8.435,5.243,19.58,3.6344,14.88,-6.44,0.76,-0.33,0.2,sweep:20240625|OB:20240723|POI:20240726|confirm:20240729|W:W1_PROTECTED_LOW,0.148673,
SMC,603722.SH,20241112,20241112,49.9,20241119,44.775,SL_HIT,5,57.587,44.775,10.27,-10.4705,-2.06,-12.18,-0.2,-1.19,-1.0,sweep:20240423|OB:20241029|POI:20241108|confirm:20241111|W:W1_PROTECTED_LOW,0.350953,
SMC,603722.SH,20241121,20241121,46.76,20241209,43.36,TIME_STOP,12,55.117,41.189,11.91,-7.4712,5.84,-9.32,0.49,-0.78,-0.61,sweep:20240624|OB:20241104|POI:20241119|confirm:20241120|W:W1_PROTECTED_LOW,0.286885,
SMC,603728.SH,20241120,20241120,53.991,20241127,47.977,SL_HIT,5,63.012,47.977,11.14,-11.3388,3.45,-12.95,0.31,-1.16,-1.0,sweep:20240513|OB:20241107|POI:20241118|confirm:20241119|W:W1_PROTECTED_LOW,0.110903,
SMC,603730.SH,20251021,20251021,6.7,20251022,7.369,TP_STRUCTURAL,1,7.369,6.254,6.66,9.7867,11.64,2.69,1.75,0.4,1.5,sweep:20241223|OB:20251014|POI:20251017|confirm:20251020|W:W1_PROTECTED_LOW,0.222826,
SMC,603767.SH,20250317,20250317,16.14,20250321,19.795,TP_STRUCTURAL,4,19.795,13.703,15.1,22.4467,25.34,-6.44,1.68,-0.43,1.5,sweep:20240403|OB:20250310|POI:20250313|confirm:20250314|W:W1_PROTECTED_LOW,0.325641,
SMC,603773.SH,20250806,20250806,27.61,20250811,31.463,TP_STRUCTURAL,3,31.463,25.041,9.3,13.7546,24.01,-0.43,2.58,-0.05,1.5,sweep:20250324|OB:20250728|POI:20250804|confirm:20250805|W:W1_PROTECTED_LOW,0.102677,
SMC,603777.SH,20250207,20250207,15.48,20250225,14.7,TIME_STOP,12,18.455,13.497,12.81,-5.2388,6.4,-6.72,0.5,-0.52,-0.39,sweep:20230922|OB:20250110|POI:20250127|confirm:20250206|W:W1_PROTECTED_LOW,0.003891,
SMC,603799.SH,20240419,20240419,27.87,20240510,28.46,TIME_STOP,12,32.713,24.641,11.59,1.917,4.41,-11.12,0.38,-0.96,0.18,sweep:20240109|OB:20240401|POI:20240416|confirm:20240418|W:W1_PROTECTED_LOW,0.039677,
SMC,603825.SH,20231219,20231219,14.0,20231221,16.414,TP_STRUCTURAL,2,16.414,12.39,11.5,17.0462,17.64,2.29,1.53,0.2,1.5,sweep:20230728|OB:20231207|POI:20231215|confirm:20231218|W:W1_PROTECTED_LOW,0.176233,
SMC,603843.SH,20241203,20241203,3.19,20241209,3.758,TP_STRUCTURAL,4,3.758,2.811,11.88,17.618,20.69,-3.76,1.74,-0.32,1.5,sweep:20240517|OB:20241122|POI:20241129|confirm:20241202|W:W1_PROTECTED_LOW,0.081081,
SMC,603843.SH,20250620,20250620,3.41,20250703,3.165,SL_HIT,9,3.778,3.165,7.2,-7.3952,7.33,-9.97,1.02,-1.39,-1.0,sweep:20250409|OB:20250529|POI:20250618|confirm:20250619|W:W1_PROTECTED_LOW,0.299625,
SMC,603868.SH,20250731,20250731,37.26,20250815,39.193,TP_STRUCTURAL,11,39.193,35.971,3.46,4.9875,7.03,-1.83,2.03,-0.53,1.5,sweep:20250604|OB:20250717|POI:20250728|confirm:20250730|W:W1_PROTECTED_LOW,0.064928,
SMC,603871.SH,20250806,20250806,11.301,20250822,11.111,TIME_STOP,12,12.932,10.214,9.62,-1.8813,2.65,-5.75,0.28,-0.6,-0.17,sweep:20250313|OB:20250721|POI:20250804|confirm:20250805|W:W1_PROTECTED_LOW,0.108388,
SMC,603882.SH,20260122,20260122,32.31,20260209,31.09,TIME_STOP,12,39.8,28.99,10.28,-3.9759,2.72,-7.18,0.27,-0.7,-0.37,sweep:20250808|OB:20260109|POI:20260116|confirm:20260121|W:W1_PROTECTED_LOW,0.188804,
SMC,603888.SH,20260126,20260126,22.366,20260211,24.621,TIME_STOP,12,26.989,19.284,13.78,9.8823,10.08,-5.89,0.73,-0.43,0.73,sweep:20230921|OB:20260112|POI:20260119|confirm:20260123|W:W1_PROTECTED_LOW,0.300803,
SMC,603890.SH,20240530,20240530,8.95,20240531,10.1,TP_STRUCTURAL,1,10.1,8.374,6.44,12.6492,16.2,6.48,2.52,1.01,2.0,sweep:20240408|OB:20240520|POI:20240527|confirm:20240529|W:W1_PROTECTED_LOW,0.102259,
SMC,603898.SH,20250821,20250821,11.847,20250827,11.141,SL_HIT,4,12.907,11.141,5.96,-6.1629,6.58,-5.99,1.1,-1.01,-1.0,sweep:20250718|OB:20250815|POI:20250819|confirm:20250820|W:W1_PROTECTED_LOW,0.068611,
SMC,603903.SH,20250911,20250911,11.28,20250918,10.544,SL_HIT,5,12.7,10.544,6.53,-6.7255,8.78,-7.8,1.34,-1.2,-1.0,sweep:20231101|OB:20250828|POI:20250909|confirm:20250910|W:W1_PROTECTED_LOW,0.409429,
SMC,603906.SH,20250625,20250625,15.39,20250711,14.63,TIME_STOP,12,20.381,12.063,21.62,-5.1383,10.72,-6.11,0.5,-0.28,-0.23,sweep:20230914|OB:20250605|POI:20250623|confirm:20250624|W:W1_PROTECTED_LOW,0.2,
SMC,603909.SH,20251117,20251117,12.07,20251118,14.185,TP_STRUCTURAL,1,14.185,10.66,11.68,17.3228,21.96,5.22,1.88,0.45,1.5,sweep:20230922|OB:20251029|POI:20251113|confirm:20251114|W:W1_PROTECTED_LOW,0.110704,
SMC,603916.SH,20260209,20260209,12.75,20260303,11.338,SL_HIT,10,14.868,11.338,11.08,-11.2756,6.2,-12.55,0.56,-1.13,-1.0,sweep:20230831|OB:20260128|POI:20260205|confirm:20260206|W:W1_PROTECTED_LOW,0.116801,
SMC,603922.SH,20241011,20241011,19.1,20241022,24.314,TP_STRUCTURAL,7,24.314,15.624,18.2,27.0962,29.69,-3.14,1.63,-0.17,1.5,sweep:20240708|OB:20240927|POI:20241009|confirm:20241010|W:W1_WEEKLY_SSL_CHOCH,0.263158,
SMC,603922.SH,20260226,20260226,22.61,20260304,21.109,SL_HIT,4,24.862,21.109,6.64,-6.839,3.14,-7.08,0.47,-1.07,-1.0,sweep:20251028|OB:20260212|POI:20260224|confirm:20260225|W:W1_PROTECTED_LOW,0.240576,
SMC,603958.SH,20231025,20231025,8.97,20231110,9.04,TIME_STOP,12,11.29,7.895,11.99,0.5804,12.6,-3.01,1.05,-0.25,0.07,sweep:20230915|OB:20231013|POI:20231023|confirm:20231024|W:W1_PROTECTED_LOW,0.051948,
SMC,603958.SH,20240926,20240926,10.52,20241021,11.27,TIME_STOP,12,12.702,9.065,13.83,6.9293,18.25,-7.89,1.32,-0.57,0.52,sweep:20240911|OB:20240920|POI:20240924|confirm:20240925|W:W1_PROTECTED_LOW,0.23225,
SMC,603958.SH,20260227,20260227,20.75,20260317,19.98,TIME_STOP,12,25.597,17.519,15.57,-3.9108,9.45,-10.8,0.61,-0.69,-0.24,sweep:20250620|OB:20260204|POI:20260224|confirm:20260226|W:W1_PROTECTED_LOW,0.526858,
SMC,603959.SH,20260225,20260225,6.99,20260313,6.27,TIME_STOP,12,8.952,5.682,18.72,-10.5004,-1.86,-17.45,-0.1,-0.93,-0.55,sweep:20251204|OB:20260206|POI:20260213|confirm:20260224|W:W1_PROTECTED_LOW,0.156897,
SMC,603986.SH,20250108,20250108,103.07,20250109,119.094,TP_STRUCTURAL,1,119.094,92.388,10.36,15.3465,20.5,8.68,1.98,0.84,1.5,sweep:20231114|OB:20241218|POI:20250103|confirm:20250107|W:W1_PROTECTED_LOW,0.266083,
SMC,603990.SH,20260325,20260325,15.45,20260413,15.39,TIME_STOP,12,16.976,14.433,6.58,-0.5883,1.29,-4.34,0.2,-0.66,-0.06,sweep:20260212|OB:20260313|POI:20260323|confirm:20260324|W:W1_PROTECTED_LOW,0.015212,
SMC,603995.SH,20260608,20260608,18.41,20260615,20.22,TP_STRUCTURAL,5,20.22,17.456,5.18,9.6316,17.27,-4.4,3.33,-0.85,1.9,sweep:20260506|OB:20260527|POI:20260604|confirm:20260605|W:W1_PROTECTED_LOW,-0.026777,
SMC,605011.SH,20231221,20231221,29.12,20231227,24.667,SL_HIT,4,35.8,24.667,15.29,-15.4926,0.93,-19.47,0.06,-1.27,-1.0,sweep:20230908|OB:20231214|POI:20231219|confirm:20231220|W:W1_PROTECTED_LOW,0.225684,
SMC,605018.SH,20250205,20250205,12.373,20250221,12.193,TIME_STOP,12,16.807,9.417,23.89,-1.6548,9.54,-8.16,0.4,-0.34,-0.06,sweep:20240527|OB:20250121|POI:20250124|confirm:20250127|W:W1_PROTECTED_LOW,0.386208,
SMC,605020.SH,20250901,20250901,30.11,20250904,27.519,SL_HIT,3,33.997,27.519,8.61,-8.8065,-2.03,-12.19,-0.24,-1.42,-1.0,sweep:20240322|OB:20250820|POI:20250828|confirm:20250829|W:W1_PROTECTED_LOW,0.226833,
SMC,605033.SH,20250606,20250606,19.06,20250613,23.19,TP_STRUCTURAL,5,23.19,17.21,9.7,21.4684,25.6,3.41,2.64,0.35,2.23,sweep:20250313|OB:20250526|POI:20250604|confirm:20250605|W:W1_PROTECTED_LOW,0.155635,
SMC,605050.SH,20260409,20260409,12.71,20260427,12.6,TIME_STOP,12,14.57,11.89,6.45,-1.0655,5.82,-3.62,0.9,-0.56,-0.13,sweep:20260309|OB:20260319|POI:20260403|confirm:20260408|W:W1_PROTECTED_LOW,-0.002335,
SMC,605058.SH,20240618,20240618,19.37,20240625,17.082,SL_HIT,5,22.802,17.082,11.81,-12.0132,-1.39,-13.27,-0.12,-1.12,-1.0,sweep:20240527|OB:20240606|POI:20240614|confirm:20240617|W:W1_PROTECTED_LOW,0.120069,
SMC,605068.SH,20250829,20250829,22.76,20250905,26.143,TP_STRUCTURAL,5,26.143,20.505,9.91,14.664,19.07,3.47,1.92,0.35,1.5,sweep:20231211|OB:20250818|POI:20250825|confirm:20250828|W:W1_PROTECTED_LOW,0.265851,
SMC,605111.SH,20251014,20251014,37.889,20251020,42.151,TP_STRUCTURAL,4,42.151,35.048,7.5,11.0476,12.19,1.61,1.63,0.21,1.5,sweep:20241224|OB:20250929|POI:20251010|confirm:20251013|W:W1_PROTECTED_LOW,0.105266,
SMC,605111.SH,20260519,20260519,49.479,20260521,54.928,TP_STRUCTURAL,2,54.928,45.846,7.34,10.8122,19.91,1.88,2.71,0.26,1.5,sweep:20260211|OB:20260512|POI:20260515|confirm:20260518|W:W1_PROTECTED_LOW,0.334676,
SMC,605116.SH,20240711,20240711,25.373,20240725,22.89,SL_HIT,10,29.097,22.89,9.78,-9.984,2.29,-11.11,0.23,-1.14,-1.0,sweep:20240109|OB:20240703|POI:20240709|confirm:20240710|W:W1_PROTECTED_LOW,0.160849,
SMC,605179.SH,20260810,20260810,22.8,20260811,26.384,TP_STRUCTURAL,1,26.384,20.411,10.48,15.519,21.18,9.65,2.02,0.92,1.5,sweep:20251219|OB:20260804|POI:20260806|confirm:20260807|W:W1_PROTECTED_LOW,0.750192,
SMC,605183.SH,20240426,20240426,15.867,20240517,16.427,TIME_STOP,12,19.537,13.421,15.42,3.3293,8.76,-3.03,0.57,-0.2,0.23,sweep:20231117|OB:20240418|POI:20240424|confirm:20240425|W:W1_PROTECTED_LOW,0.299745,
SMC,605186.SH,20241113,20241113,27.5,20241115,24.815,SL_HIT,2,31.527,24.815,9.76,-9.9623,-2.07,-12.58,-0.21,-1.29,-1.0,sweep:20240607|OB:20241105|POI:20241111|confirm:20241112|W:W1_PROTECTED_LOW,0.31717,
SMC,605199.SH,20251113,20251113,9.77,20251121,9.398,SL_HIT,6,10.37,9.398,3.81,-4.0054,5.63,-6.04,1.48,-1.59,-1.0,sweep:20250606|OB:20251106|POI:20251111|confirm:20251112|W:W1_PROTECTED_LOW,0.118048,
SMC,605228.SH,20241119,20241119,9.059,20241120,10.121,TP_STRUCTURAL,1,10.121,8.351,7.81,11.5208,15.23,3.42,1.95,0.44,1.5,sweep:20241018|OB:20241108|POI:20241115|confirm:20241118|W:W1_PROTECTED_LOW,0.045511,
SMC,605286.SH,20251124,20251124,41.02,20251210,40.25,TIME_STOP,12,45.74,38.181,6.92,-2.0771,6.14,-3.88,0.89,-0.56,-0.27,sweep:20250924|OB:20251110|POI:20251119|confirm:20251121|W:W1_PROTECTED_LOW,0.062338,
SMC,605288.SH,20260604,20260604,69.186,20260623,88.355,TP_STRUCTURAL,12,88.355,56.407,18.47,27.506,31.18,-8.2,1.69,-0.44,1.5,sweep:20260414|OB:20260518|POI:20260602|confirm:20260603|W:W1_PROTECTED_LOW,0.19456,
SMC,605289.SH,20241015,20241015,18.964,20241023,22.736,TP_STRUCTURAL,6,22.736,16.449,13.26,19.6893,25.13,-5.24,1.89,-0.39,1.5,sweep:20240625|OB:20240927|POI:20241011|confirm:20241014|W:W1_PROTECTED_LOW,0.312243,
SMC,605296.SH,20241011,20241011,30.41,20241029,28.75,TIME_STOP,12,36.856,26.113,14.13,-5.6587,-0.66,-10.23,-0.05,-0.72,-0.39,sweep:20240828|OB:20240927|POI:20241009|confirm:20241010|W:W1_PROTECTED_LOW,0.110704,
SMC,605299.SH,20250218,20250218,9.022,20250306,9.022,TIME_STOP,12,10.105,8.3,8.0,-0.2,2.33,-7.65,0.29,-0.96,0.0,sweep:20240514|OB:20250206|POI:20250214|confirm:20250217|W:W1_PROTECTED_LOW,0.175371,
SMC,605366.SH,20250709,20250709,6.45,20250711,7.072,TP_STRUCTURAL,2,7.072,6.035,6.43,9.4512,19.69,-0.78,3.06,-0.12,1.5,sweep:20250605|OB:20250701|POI:20250704|confirm:20250708|W:W1_PROTECTED_LOW,0.065681,
SMC,605507.SH,20240423,20240423,10.402,20240506,11.08,TP_STRUCTURAL,6,11.08,9.95,4.35,6.3211,9.27,-2.4,2.13,-0.55,1.5,sweep:20240308|OB:20240415|POI:20240419|confirm:20240422|W:W1_PROTECTED_LOW,0.027273,
SMC,605598.SH,20241011,20241011,19.275,20241029,19.925,TIME_STOP,12,21.068,18.08,6.2,3.1722,4.41,-6.07,0.71,-0.98,0.54,sweep:20240813|OB:20240927|POI:20241009|confirm:20241010|W:W1_PROTECTED_LOW,0.144842,
SMC,605598.SH,20250108,20250108,26.895,20250124,21.295,TIME_STOP,12,37.11,20.085,25.32,-21.0217,3.38,-23.83,0.13,-0.94,-0.82,sweep:20241217|OB:20241230|POI:20250106|confirm:20250107|W:W1_PROTECTED_LOW,0.273063,
SMC,605599.SH,20250422,20250422,11.34,20250428,10.609,SL_HIT,4,12.437,10.609,6.45,-6.65,0.09,-6.88,0.01,-1.07,-1.0,sweep:20240625|OB:20250415|POI:20250418|confirm:20250421|W:W1_PROTECTED_LOW,0.110893,
SMC,688001.SH,20231115,20231115,32.579,20231201,32.189,TIME_STOP,12,36.125,30.215,7.26,-1.3971,9.73,-4.42,1.34,-0.61,-0.16,sweep:20230907|OB:20231103|POI:20231113|confirm:20231114|W:W1_PROTECTED_LOW,0.08314,
SMC,688003.SH,20250306,20250306,55.766,20250324,52.606,TIME_STOP,12,74.828,43.058,22.79,-5.8665,20.42,-9.22,0.9,-0.4,-0.25,sweep:20241127|OB:20250220|POI:20250304|confirm:20250305|W:W1_PROTECTED_LOW,0.26536,
SMC,688010.SH,20250805,20250805,33.48,20250807,37.825,TP_STRUCTURAL,2,37.825,30.583,8.65,12.7775,13.86,5.88,1.6,0.68,1.5,sweep:20250627|OB:20250722|POI:20250801|confirm:20250804|W:W1_PROTECTED_LOW,0.117905,
SMC,688011.SH,20250626,20250626,24.85,20250714,25.0,TIME_STOP,12,30.96,20.777,16.39,0.4036,7.28,-5.84,0.44,-0.36,0.04,sweep:20231211|OB:20250618|POI:20250624|confirm:20250625|W:W1_PROTECTED_LOW,0.372778,
SMC,688012.SH,20240729,20240729,98.155,20240801,105.536,TP_STRUCTURAL,3,105.536,93.235,5.01,7.3193,9.43,-2.67,1.88,-0.53,1.5,sweep:20240617|OB:20240711|POI:20240725|confirm:20240726|W:W1_PROTECTED_LOW,0.03926,
SMC,688017.SH,20241120,20241120,117.69,20241206,129.34,TIME_STOP,12,149.144,96.721,17.82,9.6989,17.83,-13.59,1.0,-0.76,0.56,sweep:20240327|OB:20241107|POI:20241115|confirm:20241119|W:W1_PROTECTED_LOW,0.27515,
SMC,688020.SH,20241016,20241016,33.994,20241101,40.974,TIME_STOP,12,42.654,28.524,16.09,20.333,25.3,-4.94,1.57,-0.31,1.28,sweep:20240822|OB:20240930|POI:20241011|confirm:20241015|W:W1_PROTECTED_LOW,0.222781,
SMC,688030.SH,20260811,20260811,18.17,20260814,17.59,TIME_STOP,3,20.876,16.366,9.93,-3.3921,-0.83,-6.05,-0.08,-0.61,-0.32,sweep:20260616|OB:20260803|POI:20260807|confirm:20260810|W:W1_PROTECTED_LOW,0.304631,
SMC,688032.SH,20240807,20240807,132.905,20240823,126.175,TIME_STOP,12,164.951,111.541,16.07,-5.2638,7.96,-8.0,0.5,-0.5,-0.32,sweep:20240611|OB:20240724|POI:20240805|confirm:20240806|W:W1_PROTECTED_LOW,0.366973,
SMC,688033.SH,20250527,20250527,6.25,20250613,6.1,TIME_STOP,12,6.981,5.763,7.8,-2.6,0.64,-4.48,0.08,-0.57,-0.31,sweep:20250304|OB:20250516|POI:20250523|confirm:20250526|W:W1_PROTECTED_LOW,0.181298,
SMC,688038.SH,20241015,20241015,13.83,20241031,13.66,TIME_STOP,12,20.814,9.174,33.66,-1.4292,7.38,-11.14,0.22,-0.33,-0.04,sweep:20240124|OB:20240930|POI:20241011|confirm:20241014|W:W1_PROTECTED_LOW,0.547213,
SMC,688045.SH,20241021,20241021,30.446,20241025,41.222,TP_STRUCTURAL,4,41.222,23.262,23.59,35.1924,47.2,3.28,2.0,0.14,1.5,sweep:20240808|OB:20240930|POI:20241010|confirm:20241018|W:W1_PROTECTED_LOW,0.341664,
SMC,688045.SH,20241101,20241101,37.946,20241119,34.726,TIME_STOP,12,46.157,32.472,14.43,-8.6857,8.43,-10.28,0.58,-0.71,-0.59,sweep:20240111|OB:20241024|POI:20241030|confirm:20241031|W:W1_PROTECTED_LOW,0.640448,
SMC,688050.SH,20250409,20250409,99.56,20250423,91.087,SL_HIT,10,112.27,91.087,8.51,-8.7106,8.25,-14.31,0.97,-1.68,-1.0,sweep:20250219|OB:20250331|POI:20250407|confirm:20250408|W:W1_PROTECTED_LOW,0.120071,
SMC,688072.SH,20260317,20260317,345.041,20260402,368.151,TIME_STOP,12,398.345,309.505,10.3,6.4978,14.64,-4.46,1.42,-0.43,0.65,sweep:20260126|OB:20260227|POI:20260312|confirm:20260316|W:W1_PROTECTED_LOW,0.051636,
SMC,688076.SH,20241016,20241016,42.393,20241024,35.721,SL_GAP,6,57.293,36.247,14.5,-15.9384,12.7,-20.12,0.88,-1.39,-1.09,sweep:20240829|OB:20240927|POI:20241014|confirm:20241015|W:W1_PROTECTED_LOW,0.037185,
SMC,688078.SH,20241021,20241021,27.944,20241106,28.724,TIME_STOP,12,35.36,23.0,17.69,2.5913,6.55,-5.44,0.37,-0.31,0.16,sweep:20240308|OB:20240930|POI:20241011|confirm:20241018|W:W1_PROTECTED_LOW,0.267017,
SMC,688082.SH,20241021,20241021,114.167,20241106,107.827,TIME_STOP,12,164.667,80.5,29.49,-5.7533,-0.39,-11.88,-0.01,-0.4,-0.19,sweep:20231226|OB:20240930|POI:20241017|confirm:20241018|W:W1_PROTECTED_LOW,0.375121,
SMC,688103.SH,20250805,20250805,59.77,20250813,64.498,TP_STRUCTURAL,6,64.498,56.618,5.27,7.711,8.1,-2.01,1.54,-0.38,1.5,sweep:20250704|OB:20250724|POI:20250801|confirm:20250804|W:W1_PROTECTED_LOW,0.054905,
SMC,688115.SH,20241015,20241015,27.802,20241031,31.688,TIME_STOP,12,39.589,19.944,28.27,13.7774,34.09,-1.72,1.21,-0.06,0.49,sweep:20231009|OB:20240930|POI:20241010|confirm:20241014|W:W1_PROTECTED_LOW,1.091949,
SMC,688117.SH,20250409,20250409,13.759,20250425,14.116,TIME_STOP,12,17.019,11.585,15.8,2.3947,9.38,-5.34,0.59,-0.34,0.16,sweep:20250218|OB:20250328|POI:20250407|confirm:20250408|W:W1_PROTECTED_LOW,0.281769,
SMC,688127.SH,20241015,20241015,20.1,20241031,23.64,TIME_STOP,12,27.406,15.229,24.23,17.4119,27.36,-6.32,1.13,-0.26,0.73,sweep:20240425|OB:20240930|POI:20241011|confirm:20241014|W:W1_PROTECTED_LOW,0.213639,
SMC,688133.SH,20250805,20250805,28.6,20250821,28.04,TIME_STOP,12,31.858,26.428,7.6,-2.158,4.62,-4.9,0.61,-0.64,-0.26,sweep:20240124|OB:20250728|POI:20250801|confirm:20250804|W:W1_PROTECTED_LOW,0.193656,
SMC,688135.SH,20240729,20240729,15.9,20240814,15.25,TIME_STOP,12,18.294,14.304,10.04,-4.2881,5.16,-7.04,0.51,-0.7,-0.41,sweep:20240626|OB:20240719|POI:20240725|confirm:20240726|W:W1_PROTECTED_LOW,-0.006242,
SMC,688136.SH,20260713,20260713,21.22,20260721,17.873,SL_HIT,6,26.24,17.873,15.77,-15.9722,4.76,-16.02,0.3,-1.02,-1.0,sweep:20260611|OB:20260630|POI:20260708|confirm:20260710|W:W1_PROTECTED_LOW,0.175277,
SMC,688137.SH,20250530,20250530,37.17,20250618,36.75,TIME_STOP,12,44.137,32.525,12.5,-1.3299,6.75,-4.01,0.54,-0.32,-0.09,sweep:20250324|OB:20250521|POI:20250528|confirm:20250529|W:W1_PROTECTED_LOW,0.154444,
SMC,688141.SH,20250901,20250901,36.4,20250903,42.367,TP_STRUCTURAL,2,42.367,32.422,10.93,16.1917,22.47,7.17,2.06,0.66,1.5,sweep:20250516|OB:20250821|POI:20250828|confirm:20250829|W:W1_PROTECTED_LOW,0.171925,
SMC,688146.SH,20250819,20250819,39.884,20250904,40.614,TIME_STOP,12,46.438,35.515,10.95,1.6303,11.23,-4.34,1.03,-0.4,0.17,sweep:20231226|OB:20250811|POI:20250815|confirm:20250818|W:W1_PROTECTED_LOW,0.349383,
SMC,688165.SH,20260713,20260713,19.6,20260717,17.266,SL_HIT,4,23.101,17.266,11.91,-12.1096,-2.55,-13.01,-0.21,-1.09,-1.0,sweep:20260611|OB:20260630|POI:20260709|confirm:20260710|W:W1_PROTECTED_LOW,0.045026,
SMC,688173.SH,20241021,20241021,12.3,20241119,14.16,TIME_STOP,12,17.64,8.74,28.94,14.922,36.5,-7.64,1.26,-0.26,0.52,sweep:20240718|OB:20240930|POI:20241011|confirm:20241018|W:W1_PROTECTED_LOW,0.411271,
SMC,688180.SH,20250901,20250901,45.0,20250917,46.82,TIME_STOP,12,51.599,40.601,9.78,3.8444,14.22,-3.47,1.45,-0.35,0.41,sweep:20231226|OB:20250814|POI:20250828|confirm:20250829|W:W1_PROTECTED_LOW,0.18146,
SMC,688183.SH,20241015,20241015,26.624,20241031,33.564,TIME_STOP,12,38.341,18.813,29.34,25.8667,41.47,-10.37,1.41,-0.35,0.89,sweep:20240709|OB:20240930|POI:20241011|confirm:20241014|W:W1_PROTECTED_LOW,0.590328,
SMC,688202.SH,20260713,20260713,88.19,20260721,69.027,SL_HIT,6,116.935,69.027,21.73,-21.9297,9.88,-23.04,0.45,-1.06,-1.0,sweep:20251230|OB:20260626|POI:20260709|confirm:20260710|W:W1_PROTECTED_LOW,0.694255,
SMC,688205.SH,20241015,20241015,34.323,20241031,43.515,TIME_STOP,12,48.611,24.798,27.75,26.5809,37.65,-4.86,1.36,-0.18,0.97,sweep:20240328|OB:20240930|POI:20241011|confirm:20241014|W:W1_PROTECTED_LOW,0.488889,
SMC,688206.SH,20260605,20260605,38.58,20260624,36.94,TIME_STOP,12,47.549,32.601,15.5,-4.4509,11.95,-7.65,0.77,-0.49,-0.27,sweep:20260126|OB:20260521|POI:20260601|confirm:20260604|W:W1_PROTECTED_LOW,0.103966,
SMC,688217.SH,20241021,20241021,17.852,20241106,18.772,TIME_STOP,12,22.431,14.799,17.1,4.9535,16.08,-6.5,0.94,-0.38,0.3,sweep:20240716|OB:20240930|POI:20241011|confirm:20241018|W:W1_PROTECTED_LOW,0.249788,
SMC,688220.SH,20250108,20250108,51.0,20250121,60.377,TP_STRUCTURAL,9,60.377,44.749,12.26,18.1857,26.96,-3.31,2.2,-0.27,1.5,sweep:20240308|OB:20241223|POI:20250106|confirm:20250107|W:W1_PROTECTED_LOW,0.318436,
SMC,688238.SH,20241023,20241023,5.33,20241108,5.9,TIME_STOP,12,6.827,4.332,18.72,10.4942,22.33,-3.38,1.19,-0.18,0.57,sweep:20240606|OB:20240930|POI:20241011|confirm:20241022|W:W1_WEEKLY_SSL_CHOCH,0.320988,
SMC,688238.SH,20260713,20260713,6.88,20260729,5.52,TIME_STOP,12,9.551,5.099,25.88,-19.9674,2.47,-22.24,0.1,-0.86,-0.76,sweep:20260622|OB:20260702|POI:20260709|confirm:20260710|W:W1_PROTECTED_LOW,0.278095,
SMC,688239.SH,20250305,20250305,31.811,20250321,32.874,TIME_STOP,12,36.866,28.441,10.59,3.1416,12.06,-0.75,1.14,-0.07,0.32,sweep:20250205|OB:20250220|POI:20250303|confirm:20250304|W:W1_PROTECTED_LOW,-0.001914,
SMC,688246.SH,20260106,20260106,24.37,20260109,29.589,TP_STRUCTURAL,3,29.589,20.891,14.28,21.2145,27.0,-2.46,1.89,-0.17,1.5,sweep:20251205|OB:20251219|POI:20251229|confirm:20260105|W:W1_PROTECTED_LOW,0.094874,
SMC,688246.SH,20260126,20260126,28.38,20260202,24.126,SL_HIT,5,34.761,24.126,14.99,-15.1894,-0.67,-15.26,-0.04,-1.02,-1.0,sweep:20251013|OB:20260109|POI:20260120|confirm:20260123|W:W1_PROTECTED_LOW,0.184519,
SMC,688258.SH,20240729,20240729,22.994,20240814,20.784,TIME_STOP,12,28.394,19.394,15.66,-9.8112,5.26,-12.22,0.34,-0.78,-0.61,sweep:20240709|OB:20240719|POI:20240725|confirm:20240726|W:W1_PROTECTED_LOW,-0.032883,
SMC,688260.SH,20241015,20241015,17.1,20241031,17.93,TIME_STOP,12,21.293,14.305,16.35,4.6538,10.29,-4.74,0.63,-0.29,0.3,sweep:20240527|OB:20240930|POI:20241011|confirm:20241014|W:W1_PROTECTED_LOW,0.348221,
SMC,688268.SH,20251027,20251027,65.38,20251112,63.59,TIME_STOP,12,77.657,57.195,12.52,-2.9378,6.29,-9.45,0.5,-0.76,-0.22,sweep:20231227|OB:20250929|POI:20251022|confirm:20251024|W:W1_PROTECTED_LOW,0.105593,
SMC,688271.SH,20250908,20250908,144.351,20250924,143.581,TIME_STOP,12,161.382,132.997,7.87,-0.7334,9.17,-1.85,1.17,-0.24,-0.07,sweep:20240227|OB:20250827|POI:20250904|confirm:20250905|W:W1_PROTECTED_LOW,0.091571,
SMC,688273.SH,20250806,20250806,34.688,20250808,40.986,TP_STRUCTURAL,2,40.986,30.489,12.1,17.9557,22.77,-0.49,1.88,-0.04,1.5,sweep:20231207|OB:20250725|POI:20250804|confirm:20250805|W:W1_PROTECTED_LOW,0.172308,
SMC,688275.SH,20241210,20241210,64.48,20241216,53.594,SL_HIT,4,80.809,53.594,16.88,-17.0823,-7.35,-17.52,-0.44,-1.04,-1.0,sweep:20231023|OB:20241129|POI:20241206|confirm:20241209|W:W1_PROTECTED_LOW,0.197771,
SMC,688282.SH,20250326,20250326,41.11,20250407,36.71,SL_HIT,7,47.71,36.71,10.7,-10.9037,9.44,-11.77,0.88,-1.1,-1.0,sweep:20231228|OB:20250311|POI:20250324|confirm:20250325|W:W1_PROTECTED_LOW,0.323342,
SMC,688283.SH,20260115,20260115,48.26,20260128,57.272,TP_STRUCTURAL,9,57.272,42.252,12.45,18.473,22.36,-8.43,1.8,-0.68,1.5,sweep:20230922|OB:20260109|POI:20260113|confirm:20260114|W:W1_PROTECTED_LOW,0.285601,
SMC,688286.SH,20260526,20260526,53.996,20260529,48.05,SL_HIT,3,62.915,48.05,11.01,-11.212,-2.98,-14.18,-0.27,-1.29,-1.0,sweep:20260421|OB:20260515|POI:20260522|confirm:20260525|W:W1_PROTECTED_LOW,0.062926,
SMC,688289.SH,20240801,20240801,18.453,20240819,18.493,TIME_STOP,12,20.58,17.035,7.68,0.0168,8.62,-4.77,1.12,-0.62,0.03,sweep:20240611|OB:20240719|POI:20240730|confirm:20240731|W:W1_PROTECTED_LOW,0.159591,
SMC,688292.SH,20251208,20251208,24.95,20251224,28.56,TIME_STOP,12,30.526,21.233,14.9,14.2689,20.56,-5.93,1.38,-0.4,0.97,sweep:20250923|OB:20251127|POI:20251204|confirm:20251205|W:W1_PROTECTED_LOW,0.210398,
SMC,688297.SH,20260317,20260317,55.201,20260402,49.701,TIME_STOP,12,67.723,46.853,15.12,-10.1636,0.47,-12.5,0.03,-0.83,-0.66,sweep:20250828|OB:20260303|POI:20260313|confirm:20260316|W:W1_PROTECTED_LOW,0.16969,
SMC,688301.SH,20250409,20250409,60.036,20250411,70.82,TP_STRUCTURAL,2,70.82,52.847,11.98,17.7629,18.35,3.4,1.53,0.28,1.5,sweep:20250305|OB:20250331|POI:20250407|confirm:20250408|W:W1_PROTECTED_LOW,0.052818,
SMC,688301.SH,20251226,20251226,74.709,20260115,79.575,TIME_STOP,12,85.173,67.733,9.34,6.3133,10.78,-5.2,1.15,-0.56,0.7,sweep:20251121|OB:20251218|POI:20251224|confirm:20251225|W:W1_PROTECTED_LOW,0.028115,
SMC,688302.SH,20250409,20250409,36.3,20250425,39.94,TIME_STOP,12,43.4,32.403,10.74,9.8275,17.99,3.86,1.68,0.36,0.93,sweep:20250312|OB:20250331|POI:20250407|confirm:20250408|W:W1_PROTECTED_LOW,-0.066615,
SMC,688308.SH,20231121,20231121,33.353,20231204,29.519,SL_HIT,9,39.104,29.519,11.5,-11.6961,-1.8,-14.69,-0.16,-1.28,-1.0,sweep:20230922|OB:20231103|POI:20231117|confirm:20231120|W:W1_PROTECTED_LOW,0.170868,
SMC,688308.SH,20251110,20251110,30.25,20251126,27.84,TIME_STOP,12,37.397,25.485,15.75,-8.1669,11.54,-11.77,0.73,-0.75,-0.51,sweep:20231211|OB:20251024|POI:20251106|confirm:20251107|W:W1_PROTECTED_LOW,0.1932,
SMC,688310.SH,20260512,20260512,17.48,20260528,18.04,TIME_STOP,12,20.754,15.297,12.49,3.0037,5.32,-10.01,0.43,-0.8,0.26,sweep:20260303|OB:20260506|POI:20260508|confirm:20260511|W:W1_PROTECTED_LOW,0.112667,
SMC,688315.SH,20260713,20260713,13.16,20260729,12.02,TIME_STOP,12,15.34,11.707,11.04,-8.8626,7.14,-10.33,0.65,-0.94,-0.78,sweep:20260622|OB:20260630|POI:20260709|confirm:20260710|W:W1_PROTECTED_LOW,0.072712,
SMC,688321.SH,20250624,20250624,24.422,20250707,32.83,TP_STRUCTURAL,9,32.83,18.817,22.95,34.2268,42.87,-4.75,1.87,-0.21,1.5,sweep:20241127|OB:20250604|POI:20250620|confirm:20250623|W:W1_PROTECTED_LOW,0.39698,
SMC,688323.SH,20251225,20251225,24.0,20260114,23.4,TIME_STOP,12,34.079,17.281,28.0,-2.7,15.83,-11.25,0.57,-0.4,-0.09,sweep:20231228|OB:20251215|POI:20251223|confirm:20251224|W:W1_PROTECTED_LOW,0.553476,
SMC,688323.SH,20260507,20260507,29.89,20260521,40.178,TP_STRUCTURAL,10,40.178,23.031,22.95,34.2191,45.27,-15.42,1.97,-0.67,1.5,sweep:20260225|OB:20260428|POI:20260430|confirm:20260506|W:W1_PROTECTED_LOW,0.381478,
SMC,688327.SH,20250307,20250307,20.08,20250324,15.766,SL_HIT,11,26.551,15.766,21.48,-21.6826,3.44,-21.81,0.16,-1.02,-1.0,sweep:20231206|OB:20250226|POI:20250305|confirm:20250306|W:W1_PROTECTED_LOW,0.514412,
SMC,688331.SH,20260116,20260116,103.8,20260203,98.5,TIME_STOP,12,120.04,92.973,10.43,-5.306,5.38,-6.55,0.52,-0.63,-0.49,sweep:20251112|OB:20260112|POI:20260114|confirm:20260115|W:W1_PROTECTED_LOW,0.296663,
SMC,688332.SH,20260528,20260528,97.55,20260615,101.4,TIME_STOP,12,123.256,80.412,17.57,3.7467,20.94,-14.91,1.19,-0.85,0.22,sweep:20260224|OB:20260518|POI:20260526|confirm:20260527|W:W1_PROTECTED_LOW,0.163672,
SMC,688339.SH,20250115,20250115,24.06,20250122,21.843,SL_HIT,5,27.386,21.843,9.22,-9.4151,-0.67,-9.39,-0.07,-1.02,-1.0,sweep:20241225|OB:20250107|POI:20250110|confirm:20250114|W:W1_PROTECTED_LOW,-0.024617,
SMC,688347.SH,20260506,20260506,145.01,20260520,175.299,TP_STRUCTURAL,10,175.299,124.817,13.93,20.6877,23.3,-3.45,1.67,-0.25,1.5,sweep:20260206|OB:20260424|POI:20260429|confirm:20260430|W:W1_PROTECTED_LOW,0.237385,
SMC,688351.SH,20250902,20250902,24.619,20250904,22.416,SL_HIT,2,27.924,22.416,8.95,-9.1501,-2.23,-9.46,-0.25,-1.06,-1.0,sweep:20240814|OB:20250815|POI:20250828|confirm:20250901|W:W1_PROTECTED_LOW,0.119172,
SMC,688362.SH,20241021,20241021,22.8,20241106,24.62,TIME_STOP,12,29.903,18.065,20.77,7.7825,11.58,-4.34,0.56,-0.21,0.38,sweep:20240527|OB:20240930|POI:20241010|confirm:20241018|W:W1_PROTECTED_LOW,0.308187,
SMC,688373.SH,20260416,20260416,6.35,20260423,5.903,SL_HIT,5,7.02,5.903,7.04,-7.2371,0.79,-7.72,0.11,-1.1,-1.0,sweep:20260316|OB:20260331|POI:20260414|confirm:20260415|W:W1_PROTECTED_LOW,0.054726,
SMC,688383.SH,20250901,20250901,73.53,20250917,76.76,TIME_STOP,12,82.896,67.286,8.49,4.1928,10.84,-7.37,1.28,-0.87,0.52,sweep:20240315|OB:20250819|POI:20250828|confirm:20250829|W:W1_PROTECTED_LOW,0.203255,
SMC,688388.SH,20241022,20241022,8.186,20241106,10.567,TP_STRUCTURAL,11,10.567,6.598,19.39,28.8922,29.44,-3.03,1.52,-0.16,1.5,sweep:20240527|OB:20240930|POI:20241011|confirm:20241021|W:W1_WEEKLY_SSL_CHOCH,0.367241,
SMC,688389.SH,20241011,20241011,15.836,20241029,15.926,TIME_STOP,12,19.493,13.398,15.39,0.3683,5.37,-11.18,0.35,-0.73,0.04,sweep:20240625|OB:20240930|POI:20241009|confirm:20241010|W:W1_WEEKLY_SSL_CHOCH,0.268886,
SMC,688398.SH,20240122,20240122,22.13,20240123,20.437,SL_HIT,1,24.669,20.437,7.65,-7.849,-1.91,-8.0,-0.25,-1.05,-1.0,sweep:20231201|OB:20240111|POI:20240118|confirm:20240119|W:W1_PROTECTED_LOW,0.084698,
SMC,688410.SH,20260528,20260528,12.75,20260601,11.746,SL_HIT,2,14.256,11.746,7.87,-8.0747,-0.62,-9.8,-0.08,-1.24,-1.0,sweep:20260508|OB:20260522|POI:20260526|confirm:20260527|W:W1_PROTECTED_LOW,0.147141,
SMC,688458.SH,20260525,20260525,46.55,20260529,41.648,SL_HIT,4,53.903,41.648,10.53,-10.73,3.14,-15.79,0.3,-1.5,-1.0,sweep:20260206|OB:20260518|POI:20260521|confirm:20260522|W:W1_PROTECTED_LOW,0.304312,
SMC,688484.SH,20241021,20241021,35.042,20241106,35.052,TIME_STOP,12,46.891,27.143,22.54,-0.1715,9.96,-6.19,0.44,-0.27,0.0,sweep:20240422|OB:20240930|POI:20241011|confirm:20241018|W:W1_PROTECTED_LOW,0.292945,
SMC,688484.SH,20260701,20260701,55.93,20260714,40.786,SL_HIT,9,78.646,40.786,27.08,-27.2762,-4.26,-27.77,-0.16,-1.03,-1.0,sweep:20251013|OB:20260616|POI:20260629|confirm:20260630|W:W1_PROTECTED_LOW,0.385204,
SMC,688489.SH,20250624,20250624,25.769,20250701,30.519,TP_STRUCTURAL,5,30.519,22.602,12.29,18.2331,20.59,-0.92,1.68,-0.08,1.5,sweep:20250324|OB:20250613|POI:20250620|confirm:20250623|W:W1_PROTECTED_LOW,0.189087,
SMC,688496.SH,20231129,20231129,18.32,20231215,18.32,TIME_STOP,12,23.812,14.659,19.98,-0.2,8.08,-9.33,0.4,-0.47,0.0,sweep:20230731|OB:20231116|POI:20231127|confirm:20231128|W:W1_PROTECTED_LOW,0.358672,
SMC,688498.SH,20241101,20241101,106.934,20241119,90.277,TIME_STOP,12,134.188,88.765,16.99,-15.7769,9.62,-16.47,0.57,-0.97,-0.92,sweep:20240311|OB:20241022|POI:20241030|confirm:20241031|W:W1_PROTECTED_LOW,0.633312,
SMC,688508.SH,20250305,20250305,53.517,20250321,51.237,TIME_STOP,12,64.246,46.364,13.37,-4.4603,2.65,-8.5,0.2,-0.64,-0.32,sweep:20231211|OB:20250224|POI:20250228|confirm:20250304|W:W1_PROTECTED_LOW,0.14644,
SMC,688513.SH,20250411,20250411,31.732,20250414,36.856,TP_STRUCTURAL,1,36.856,28.316,10.77,15.9491,16.86,9.64,1.57,0.9,1.5,sweep:20241127|OB:20250401|POI:20250409|confirm:20250410|W:W1_PROTECTED_LOW,0.066796,
SMC,688515.SH,20241021,20241021,78.0,20241106,91.0,TIME_STOP,12,105.627,59.582,23.61,16.4667,32.05,-5.51,1.36,-0.23,0.71,sweep:20240327|OB:20240930|POI:20241011|confirm:20241018|W:W1_PROTECTED_LOW,0.407678,
SMC,688520.SH,20260703,20260703,36.82,20260721,36.95,TIME_STOP,12,46.408,30.428,17.36,0.1531,10.81,-4.62,0.62,-0.27,0.02,sweep:20260612|OB:20260626|POI:20260701|confirm:20260702|W:W1_PROTECTED_LOW,0.030641,
SMC,688522.SH,20260119,20260119,31.311,20260130,29.084,SL_HIT,9,34.652,29.084,7.11,-7.3132,2.85,-9.06,0.4,-1.27,-1.0,sweep:20250911|OB:20260109|POI:20260115|confirm:20260116|W:W1_PROTECTED_LOW,0.185184,
SMC,688543.SH,20241015,20241015,31.112,20241023,41.084,TP_STRUCTURAL,6,41.084,24.464,21.37,31.8522,36.33,0.92,1.7,0.04,1.5,sweep:20240527|OB:20240930|POI:20241011|confirm:20241014|W:W1_PROTECTED_LOW,0.336114,
SMC,688550.SH,20241015,20241015,25.44,20241031,29.21,TIME_STOP,12,35.137,18.975,25.41,14.6192,22.09,-3.58,0.87,-0.14,0.58,sweep:20240611|OB:20240930|POI:20241011|confirm:20241014|W:W1_WEEKLY_SSL_CHOCH,0.362951,
SMC,688553.SH,20250625,20250625,11.398,20250704,14.111,TP_STRUCTURAL,7,14.111,9.589,15.87,23.6034,24.34,-9.56,1.53,-0.6,1.5,sweep:20250324|OB:20250606|POI:20250623|confirm:20250624|W:W1_PROTECTED_LOW,0.201329,
SMC,688556.SH,20260116,20260116,13.7,20260123,15.97,TP_STRUCTURAL,5,15.97,12.187,11.04,16.3673,30.22,1.31,2.74,0.12,1.5,sweep:20240229|OB:20260109|POI:20260114|confirm:20260115|W:W1_PROTECTED_LOW,0.326234,
SMC,688558.SH,20241121,20241121,21.07,20241209,22.06,TIME_STOP,12,24.099,19.051,9.58,4.4986,9.92,-9.4,1.04,-0.98,0.49,sweep:20240328|OB:20241108|POI:20241119|confirm:20241120|W:W1_PROTECTED_LOW,0.117772,
SMC,688569.SH,20250409,20250409,22.88,20250425,20.99,TIME_STOP,12,26.39,20.54,10.23,-8.4605,5.24,-8.87,0.51,-0.87,-0.81,sweep:20241206|OB:20250402|POI:20250407|confirm:20250408|W:W1_PROTECTED_LOW,0.114634,
SMC,688573.SH,20240627,20240627,22.04,20240715,19.9,TIME_STOP,12,28.496,17.736,19.53,-9.9096,-0.27,-13.66,-0.01,-0.7,-0.5,sweep:20240527|OB:20240619|POI:20240624|confirm:20240626|W:W1_PROTECTED_LOW,0.09671,
SMC,688576.SH,20241018,20241018,43.661,20241105,40.58,TIME_STOP,12,53.323,37.22,14.75,-7.2566,6.93,-10.03,0.47,-0.68,-0.48,sweep:20240423|OB:20240930|POI:20241011|confirm:20241017|W:W1_PROTECTED_LOW,0.31996,
SMC,688578.SH,20260416,20260416,98.9,20260427,90.47,SL_HIT,7,111.545,90.47,8.52,-8.7241,1.21,-8.68,0.14,-1.02,-1.0,sweep:20260309|OB:20260331|POI:20260414|confirm:20260415|W:W1_PROTECTED_LOW,0.055838,
SMC,688598.SH,20241021,20241021,21.99,20241106,26.99,TIME_STOP,12,28.92,17.37,21.01,22.5376,31.33,1.55,1.49,0.07,1.08,sweep:20240614|OB:20240930|POI:20241011|confirm:20241018|W:W1_PROTECTED_LOW,0.413681,
SMC,688603.SH,20241106,20241106,52.332,20241114,67.683,TP_STRUCTURAL,6,67.683,42.098,19.56,29.1335,30.09,0.91,1.54,0.05,1.5,sweep:20230724|OB:20241029|POI:20241104|confirm:20241105|W:W1_PROTECTED_LOW,0.285634,
SMC,688610.SH,20241120,20241120,37.02,20241203,44.33,TP_STRUCTURAL,9,44.33,33.293,10.07,19.5461,22.64,-3.27,2.25,-0.32,1.96,sweep:20240328|OB:20241108|POI:20241118|confirm:20241119|W:W1_PROTECTED_LOW,0.068398,
SMC,688613.SH,20260226,20260226,24.97,20260304,21.836,SL_HIT,4,29.671,21.836,12.55,-12.7499,0.32,-15.62,0.03,-1.24,-1.0,sweep:20251017|OB:20260209|POI:20260224|confirm:20260225|W:W1_PROTECTED_LOW,0.07596,
SMC,688618.SH,20240418,20240418,28.541,20240509,29.903,TIME_STOP,12,34.238,24.743,13.31,4.5721,8.07,-9.54,0.61,-0.72,0.36,sweep:20240308|OB:20240328|POI:20240416|confirm:20240417|W:W1_PROTECTED_LOW,-0.034327,
SMC,688629.SH,20241015,20241015,31.5,20241031,39.28,TIME_STOP,12,47.26,20.993,33.36,24.4984,39.05,-12.89,1.17,-0.39,0.74,sweep:20240812|OB:20240930|POI:20241011|confirm:20241014|W:W1_PROTECTED_LOW,0.328385,
SMC,688630.SH,20241021,20241021,66.011,20241106,69.771,TIME_STOP,12,88.917,50.74,23.13,5.496,6.57,-6.45,0.28,-0.28,0.25,sweep:20240315|OB:20240930|POI:20241011|confirm:20241018|W:W1_PROTECTED_LOW,0.324656,
SMC,688636.SH,20250304,20250304,23.872,20250320,25.744,TIME_STOP,12,28.126,21.036,11.88,7.6418,17.26,1.1,1.45,0.09,0.66,sweep:20240124|OB:20250224|POI:20250228|confirm:20250303|W:W1_PROTECTED_LOW,0.277316,
SMC,688639.SH,20250909,20250909,38.42,20250918,33.509,SL_HIT,7,45.787,33.509,12.78,-12.9828,-0.31,-14.99,-0.02,-1.17,-1.0,sweep:20250815|OB:20250829|POI:20250904|confirm:20250908|W:W1_PROTECTED_LOW,0.024993,
SMC,688648.SH,20250901,20250901,63.0,20250917,71.88,TIME_STOP,12,79.466,52.023,17.42,13.8952,20.44,-11.83,1.17,-0.68,0.81,sweep:20250606|OB:20250814|POI:20250828|confirm:20250829|W:W1_PROTECTED_LOW,0.482068,
SMC,688648.SH,20260126,20260126,66.64,20260202,60.54,SL_HIT,5,75.79,60.54,9.15,-9.3537,-0.36,-12.21,-0.04,-1.33,-1.0,sweep:20251013|OB:20251231|POI:20260122|confirm:20260123|W:W1_PROTECTED_LOW,0.106111,
SMC,688651.SH,20240510,20240510,25.548,20240528,22.406,TIME_STOP,12,33.82,20.033,21.59,-12.4984,-5.47,-16.65,-0.25,-0.77,-0.57,sweep:20240327|OB:20240426|POI:20240508|confirm:20240509|W:W1_PROTECTED_LOW,0.140456,
SMC,688652.SH,20250708,20250708,57.05,20250724,58.27,TIME_STOP,12,64.531,52.063,8.74,1.9385,5.49,-7.54,0.63,-0.86,0.24,sweep:20250529|OB:20250620|POI:20250704|confirm:20250707|W:W1_PROTECTED_LOW,0.042065,
SMC,688657.SH,20241121,20241121,30.409,20241209,30.216,TIME_STOP,12,38.412,25.074,17.54,-0.8347,1.56,-8.4,0.09,-0.48,-0.04,sweep:20240327|OB:20241106|POI:20241118|confirm:20241120|W:W1_PROTECTED_LOW,0.123046,
SMC,688665.SH,20241021,20241021,31.74,20241106,30.61,TIME_STOP,12,41.505,25.23,20.51,-3.7602,10.74,-11.44,0.52,-0.56,-0.17,sweep:20240617|OB:20240930|POI:20241016|confirm:20241018|W:W1_PROTECTED_LOW,0.335191,
SMC,688667.SH,20240529,20240529,47.826,20240617,42.611,TIME_STOP,12,58.543,40.681,14.94,-11.1041,15.23,-11.8,1.02,-0.79,-0.73,sweep:20240430|OB:20240513|POI:20240527|confirm:20240528|W:W1_PROTECTED_LOW,-0.010346,
SMC,688668.SH,20241015,20241015,40.4,20241031,43.23,TIME_STOP,12,52.885,32.077,20.6,6.805,17.57,-4.53,0.85,-0.22,0.34,sweep:20240625|OB:20240930|POI:20241011|confirm:20241014|W:W1_PROTECTED_LOW,0.180684,
SMC,688668.SH,20250108,20250108,47.01,20250123,60.336,TP_STRUCTURAL,11,60.336,38.126,18.9,28.1462,30.95,-4.38,1.64,-0.23,1.5,sweep:20241104|OB:20241224|POI:20250102|confirm:20250107|W:W1_PROTECTED_LOW,0.368421,
SMC,688670.SH,20251126,20251126,26.98,20251212,23.4,TIME_STOP,12,40.665,17.857,33.82,-13.4691,15.64,-16.53,0.46,-0.49,-0.39,sweep:20240124|OB:20251113|POI:20251121|confirm:20251125|W:W1_PROTECTED_LOW,0.547476,
SMC,688676.SH,20250107,20250107,37.499,20250122,44.509,TP_STRUCTURAL,11,44.509,33.58,10.45,18.4938,20.27,-5.31,1.94,-0.51,1.79,sweep:20241031|OB:20241223|POI:20250103|confirm:20250106|W:W1_PROTECTED_LOW,0.209918,
SMC,688682.SH,20241120,20241120,26.721,20241206,26.521,TIME_STOP,12,33.6,23.796,10.95,-0.9485,3.5,-8.1,0.32,-0.74,-0.07,sweep:20240517|OB:20241107|POI:20241118|confirm:20241119|W:W1_PROTECTED_LOW,0.098856,
SMC,688687.SH,20260714,20260714,17.09,20260730,15.77,TIME_STOP,12,20.514,14.807,13.36,-7.9238,5.91,-12.17,0.44,-0.91,-0.58,sweep:20260622|OB:20260630|POI:20260710|confirm:20260713|W:W1_WEEKLY_SSL_CHOCH,0.052632,
SMC,688700.SH,20241101,20241101,27.67,20241111,34.351,TP_STRUCTURAL,6,34.351,23.216,16.1,23.9437,30.32,-11.82,1.88,-0.73,1.5,sweep:20240708|OB:20241024|POI:20241030|confirm:20241031|W:W1_PROTECTED_LOW,0.474133,
SMC,688700.SH,20241120,20241120,33.53,20241206,29.98,TIME_STOP,12,43.274,27.034,19.37,-10.7875,1.67,-17.75,0.09,-0.92,-0.55,sweep:20240611|OB:20241106|POI:20241118|confirm:20241119|W:W1_PROTECTED_LOW,0.234177,
SMC,688709.SH,20250305,20250305,35.431,20250321,36.721,TIME_STOP,12,45.869,28.472,19.64,3.4409,17.1,-1.52,0.87,-0.08,0.19,sweep:20241224|OB:20250226|POI:20250303|confirm:20250304|W:W1_PROTECTED_LOW,0.402773,
SMC,688719.SH,20241206,20241206,31.238,20241217,27.9,SL_HIT,7,36.245,27.9,10.69,-10.8866,5.51,-10.88,0.52,-1.02,-1.0,sweep:20240527|OB:20241128|POI:20241204|confirm:20241205|W:W1_PROTECTED_LOW,0.131703,
SMC,688777.SH,20241021,20241021,51.998,20241106,48.608,TIME_STOP,12,68.087,41.272,20.63,-6.7195,-2.29,-11.69,-0.11,-0.57,-0.32,sweep:20230817|OB:20240930|POI:20241011|confirm:20241018|W:W1_PROTECTED_LOW,0.376321,
SMC,688800.SH,20241015,20241015,20.523,20241031,21.162,TIME_STOP,12,30.269,14.026,31.66,2.9136,28.21,-8.32,0.89,-0.26,0.1,sweep:20240110|OB:20241009|POI:20241011|confirm:20241014|W:W1_PROTECTED_LOW,0.679056,
SMC,688981.SH,20240618,20240618,47.88,20240704,46.26,TIME_STOP,12,52.882,44.545,6.96,-3.5835,4.24,-6.16,0.61,-0.88,-0.49,sweep:20240315|OB:20240606|POI:20240614|confirm:20240617|W:W1_PROTECTED_LOW,0.129314,
SMC,688981.SH,20260610,20260610,125.0,20260622,146.344,TP_STRUCTURAL,7,146.344,110.771,11.38,16.875,18.4,-1.59,1.62,-0.14,1.5,sweep:20251112|OB:20260521|POI:20260608|confirm:20260609|W:W1_PROTECTED_LOW,0.043614,
SMC,920006.BJ,20241015,20241015,14.51,20241021,22.63,TP_STRUCTURAL,4,22.63,9.096,37.31,55.7639,59.48,8.34,1.59,0.22,1.5,sweep:20240724|OB:20240930|POI:20241011|confirm:20241014|W:W1_WEEKLY_SSL_CHOCH,0.68533,
SMC,920010.BJ,20260320,20260320,13.46,20260408,12.38,TIME_STOP,12,19.132,9.679,28.09,-8.2238,17.01,-17.53,0.61,-0.62,-0.29,sweep:20251128|OB:20260302|POI:20260310|confirm:20260319|W:W1_PROTECTED_LOW,0.286602,
SMC,920014.BJ,20260306,20260306,16.68,20260324,14.56,TIME_STOP,12,24.34,11.574,30.61,-12.9098,31.83,-16.85,1.04,-0.55,-0.42,sweep:20251111|OB:20260302|POI:20260304|confirm:20260305|W:W1_PROTECTED_LOW,0.24309,
SMC,920057.BJ,20241015,20241015,5.3,20241031,6.41,TIME_STOP,12,8.415,3.224,39.18,20.7434,30.75,-10.57,0.79,-0.27,0.53,sweep:20240116|OB:20240930|POI:20241011|confirm:20241014|W:W1_PROTECTED_LOW,0.603226,
SMC,920066.BJ,20260603,20260603,25.31,20260617,21.287,SL_HIT,10,31.344,21.287,15.89,-16.0943,3.52,-16.08,0.22,-1.01,-1.0,sweep:20260514|OB:20260527|POI:20260601|confirm:20260602|W:W1_PROTECTED_LOW,0.163987,
SMC,920089.BJ,20241129,20241129,14.25,20241217,13.35,TIME_STOP,12,17.69,11.956,16.1,-6.5158,9.89,-11.86,0.61,-0.74,-0.39,sweep:20241113|OB:20241119|POI:20241127|confirm:20241128|W:W1_PROTECTED_LOW,0.040906,
SMC,920098.BJ,20251225,20251225,32.0,20260114,31.85,TIME_STOP,12,39.123,27.251,14.84,-0.6687,8.0,-4.75,0.54,-0.32,-0.03,sweep:20251023|OB:20251212|POI:20251223|confirm:20251224|W:W1_PROTECTED_LOW,0.157186,
SMC,920122.BJ,20241011,20241011,57.55,20241029,57.88,TIME_STOP,12,84.786,39.393,31.55,0.3734,21.63,-11.56,0.69,-0.37,0.02,sweep:20240429|OB:20240930|POI:20241009|confirm:20241010|W:W1_PROTECTED_LOW,0.789873,
SMC,920123.BJ,20241106,20241106,15.66,20241122,16.8,TIME_STOP,12,21.652,11.665,25.51,7.0797,27.08,-9.64,1.06,-0.38,0.29,sweep:20240523|OB:20241022|POI:20241104|confirm:20241105|W:W1_PROTECTED_LOW,0.150625,
SMC,920130.BJ,20260731,20260731,15.16,20260803,19.994,TP_STRUCTURAL,1,19.994,11.937,21.26,31.6884,51.06,28.3,2.4,1.33,1.5,sweep:20260622|OB:20260717|POI:20260724|confirm:20260730|W:W1_PROTECTED_LOW,0.100291,
SMC,920145.BJ,20251013,20251013,25.0,20251029,28.25,TIME_STOP,12,30.199,21.534,13.86,12.8,18.04,0.04,1.3,0.0,0.94,sweep:20250529|OB:20250923|POI:20251009|confirm:20251010|W:W1_PROTECTED_LOW,0.192,
SMC,920152.BJ,20251121,20251121,31.0,20251205,26.071,SL_HIT,10,38.393,26.071,15.9,-16.0986,12.9,-15.94,0.81,-1.0,-1.0,sweep:20230720|OB:20251110|POI:20251119|confirm:20251120|W:W1_PROTECTED_LOW,0.244947,
SMC,920190.BJ,20260617,20260617,25.78,20260706,23.57,TIME_STOP,12,37.625,17.884,30.63,-8.7725,0.85,-17.07,0.03,-0.56,-0.28,sweep:20260309|OB:20260529|POI:20260611|confirm:20260616|W:W1_PROTECTED_LOW,0.074199,
SMC,920195.BJ,20241105,20241105,13.19,20241106,17.608,TP_STRUCTURAL,1,17.608,10.245,22.33,33.2913,36.69,2.96,1.64,0.13,1.5,sweep:20240308|OB:20241025|POI:20241101|confirm:20241104|W:W1_PROTECTED_LOW,0.406557,
SMC,920198.BJ,20260121,20260121,10.86,20260206,10.01,TIME_STOP,12,12.512,9.759,10.14,-8.0269,1.93,-8.29,0.19,-0.82,-0.77,sweep:20251110|OB:20260109|POI:20260119|confirm:20260120|W:W1_PROTECTED_LOW,0.070727,
SMC,920199.BJ,20241015,20241015,16.48,20241030,25.446,TP_STRUCTURAL,11,25.446,10.503,36.27,54.2036,60.01,-10.56,1.65,-0.29,1.5,sweep:20240314|OB:20240930|POI:20241011|confirm:20241014|W:W1_PROTECTED_LOW,0.562857,
SMC,920207.BJ,20241015,20241015,11.04,20241018,17.464,TP_STRUCTURAL,3,17.464,6.757,38.79,57.991,68.66,-6.52,1.77,-0.17,1.5,sweep:20240314|OB:20240930|POI:20241011|confirm:20241014|W:W1_PROTECTED_LOW,0.710015,
SMC,920207.BJ,20260126,20260126,33.99,20260211,29.19,TIME_STOP,12,54.08,23.109,32.01,-14.3218,3.85,-17.86,0.12,-0.56,-0.44,sweep:20250916|OB:20260109|POI:20260115|confirm:20260123|W:W1_PROTECTED_LOW,0.570755,
SMC,920221.BJ,20240729,20240729,11.95,20240814,11.29,TIME_STOP,12,14.142,10.489,12.23,-5.723,8.28,-7.95,0.68,-0.65,-0.45,sweep:20240617|OB:20240716|POI:20240724|confirm:20240726|W:W1_PROTECTED_LOW,0.082878,
SMC,920223.BJ,20241018,20241018,5.6,20241024,8.234,TP_STRUCTURAL,4,8.234,3.844,31.35,46.8281,52.68,8.04,1.68,0.26,1.5,sweep:20231229|OB:20240930|POI:20241011|confirm:20241017|W:W1_PROTECTED_LOW,0.488,
SMC,920225.BJ,20250730,20250730,21.0,20250731,19.542,SL_HIT,1,23.187,19.542,6.94,-7.1422,-3.52,-6.95,-0.51,-1.0,-1.0,sweep:20250606|OB:20250723|POI:20250728|confirm:20250729|W:W1_PROTECTED_LOW,0.028809,
SMC,920245.BJ,20250807,20250807,33.26,20250825,34.42,TIME_STOP,12,40.415,28.49,14.34,3.2877,17.77,-4.99,1.24,-0.35,0.24,sweep:20250610|OB:20250721|POI:20250801|confirm:20250806|W:W1_PROTECTED_LOW,0.082232,
SMC,920249.BJ,20240902,20240902,4.3,20240913,3.468,SL_HIT,9,5.548,3.468,19.35,-19.5522,3.26,-20.93,0.17,-1.08,-1.0,sweep:20240429|OB:20240822|POI:20240828|confirm:20240830|W:W1_PROTECTED_LOW,0.151042,
SMC,920252.BJ,20260623,20260623,21.0,20260629,18.134,SL_HIT,4,25.3,18.134,13.65,-13.8497,3.33,-17.48,0.24,-1.28,-1.0,sweep:20260527|OB:20260608|POI:20260618|confirm:20260622|W:W1_PROTECTED_LOW,-0.064171,
SMC,920270.BJ,20241105,20241105,12.17,20241106,15.361,TP_STRUCTURAL,1,15.361,10.043,17.48,26.0179,39.36,9.29,2.25,0.53,1.5,sweep:20240314|OB:20241029|POI:20241101|confirm:20241104|W:W1_PROTECTED_LOW,0.394044,
SMC,920273.BJ,20241018,20241018,12.12,20241028,15.7,TP_STRUCTURAL,6,15.7,10.136,16.37,29.338,57.92,4.13,3.54,0.25,1.8,sweep:20240116|OB:20240930|POI:20241010|confirm:20241017|W:W1_PROTECTED_LOW,0.25625,
SMC,920273.BJ,20260615,20260615,19.7,20260702,18.77,TIME_STOP,12,24.262,16.659,15.44,-4.9208,13.2,-12.13,0.85,-0.79,-0.31,sweep:20260430|OB:20260602|POI:20260611|confirm:20260612|W:W1_PROTECTED_LOW,-0.039301,
SMC,920275.BJ,20250905,20250905,11.99,20250922,10.369,SL_HIT,11,14.421,10.369,13.52,-13.7172,-1.75,-15.01,-0.13,-1.11,-1.0,sweep:20250603|OB:20250901|POI:20250903|confirm:20250904|W:W1_PROTECTED_LOW,0.180652,
SMC,920299.BJ,20241016,20241016,7.25,20241025,9.85,TP_STRUCTURAL,7,9.85,5.982,17.49,35.6621,48.41,3.86,2.77,0.22,2.05,sweep:20240612|OB:20240930|POI:20241010|confirm:20241015|W:W1_PROTECTED_LOW,0.227787,
SMC,920357.BJ,20241018,20241018,20.0,20241105,22.22,TIME_STOP,12,30.213,13.191,34.04,10.9,40.6,2.9,1.19,0.09,0.33,sweep:20240326|OB:20240930|POI:20241011|confirm:20241017|W:W1_PROTECTED_LOW,0.491228,
SMC,920367.BJ,20260723,20260723,30.15,20260731,18.5,SL_GAP,6,46.101,19.516,35.27,-38.8401,-1.16,-38.64,-0.03,-1.1,-1.1,sweep:20250814|OB:20260715|POI:20260721|confirm:20260722|W:W1_PROTECTED_LOW,0.750569,
SMC,920370.BJ,20241015,20241015,3.6,20241031,5.08,TIME_STOP,12,5.572,2.285,36.53,40.9111,51.39,-2.5,1.41,-0.07,1.13,sweep:20240109|OB:20241008|POI:20241011|confirm:20241014|W:W1_PROTECTED_LOW,1.168478,
SMC,920374.BJ,20240902,20240902,11.45,20240920,11.52,TIME_STOP,12,14.845,9.186,19.77,0.4114,9.87,-11.35,0.5,-0.57,0.03,sweep:20240314|OB:20240821|POI:20240827|confirm:20240830|W:W1_PROTECTED_LOW,0.196466,
SMC,920375.BJ,20250115,20250115,17.45,20250210,17.02,TIME_STOP,12,22.919,13.804,20.89,-2.6642,8.19,-12.38,0.39,-0.59,-0.12,sweep:20241212|OB:20241230|POI:20250113|confirm:20250114|W:W1_PROTECTED_LOW,-0.001151,
SMC,920378.BJ,20240726,20240726,4.19,20240808,3.911,SL_HIT,9,4.9,3.911,6.67,-6.8655,5.01,-6.68,0.75,-1.0,-1.0,sweep:20240408|OB:20240715|POI:20240724|confirm:20240725|W:W1_PROTECTED_LOW,0.031477,
SMC,920392.BJ,20260105,20260105,34.96,20260108,31.162,SL_HIT,3,40.657,31.162,10.86,-11.0634,-3.43,-13.04,-0.32,-1.2,-1.0,sweep:20251128|OB:20251222|POI:20251230|confirm:20251231|W:W1_PROTECTED_LOW,0.025723,
SMC,920396.BJ,20251022,20251022,32.35,20251107,37.65,TIME_STOP,12,42.98,25.774,20.33,16.1833,27.67,-0.96,1.36,-0.05,0.81,sweep:20250814|OB:20251010|POI:20251017|confirm:20251021|W:W1_PROTECTED_LOW,-0.04217,
SMC,920405.BJ,20241018,20241018,11.37,20241021,14.531,TP_STRUCTURAL,1,14.531,9.263,18.53,27.5987,35.8,6.95,1.93,0.37,1.5,sweep:20240523|OB:20240930|POI:20241011|confirm:20241017|W:W1_PROTECTED_LOW,0.213592,
SMC,920415.BJ,20241015,20241015,8.27,20241018,12.405,TP_STRUCTURAL,3,12.405,5.514,33.33,49.7957,68.56,-0.73,2.06,-0.02,1.5,sweep:20240513|OB:20240930|POI:20241011|confirm:20241014|W:W1_PROTECTED_LOW,0.506352,
SMC,920419.BJ,20241105,20241105,12.98,20241107,16.671,TP_STRUCTURAL,2,16.671,10.519,18.96,28.2366,30.2,5.78,1.59,0.3,1.5,sweep:20240326|OB:20241023|POI:20241101|confirm:20241104|W:W1_PROTECTED_LOW,0.330579,
SMC,920425.BJ,20241024,20241024,17.19,20241105,24.653,TP_STRUCTURAL,8,24.653,12.215,28.94,43.2119,43.46,-6.92,1.5,-0.24,1.5,sweep:20240408|OB:20241018|POI:20241022|confirm:20241023|W:W1_PROTECTED_LOW,0.922297,
SMC,920427.BJ,20260603,20260603,15.03,20260611,11.949,SL_HIT,6,19.651,11.949,20.5,-20.6971,-0.93,-23.42,-0.05,-1.14,-1.0,sweep:20260306|OB:20260528|POI:20260601|confirm:20260602|W:W1_PROTECTED_LOW,0.263934,
SMC,920445.BJ,20241121,20241121,9.0,20241128,12.059,TP_STRUCTURAL,5,12.059,6.961,22.66,33.7881,35.33,-7.44,1.56,-0.33,1.5,sweep:20231222|OB:20241101|POI:20241119|confirm:20241120|W:W1_PROTECTED_LOW,0.455882,
SMC,920476.BJ,20241106,20241106,11.6,20241122,13.4,TIME_STOP,12,16.049,8.634,25.57,15.3172,28.28,-6.81,1.11,-0.27,0.61,sweep:20240515|OB:20241025|POI:20241104|confirm:20241105|W:W1_PROTECTED_LOW,0.123408,
SMC,920505.BJ,20241016,20241016,12.75,20241022,17.096,TP_STRUCTURAL,4,17.096,9.853,22.72,33.884,60.94,1.02,2.68,0.04,1.5,sweep:20240725|OB:20240930|POI:20241011|confirm:20241015|W:W1_PROTECTED_LOW,0.368984,
SMC,920508.BJ,20241018,20241018,17.55,20241022,23.684,TP_STRUCTURAL,2,23.684,13.461,23.3,34.7512,57.61,10.14,2.47,0.44,1.5,sweep:20240523|OB:20240930|POI:20241011|confirm:20241017|W:W1_PROTECTED_LOW,0.426868,
SMC,920519.BJ,20241017,20241017,8.87,20241104,9.94,TIME_STOP,12,11.748,6.951,21.63,11.8631,29.54,-1.69,1.37,-0.08,0.56,sweep:20240314|OB:20240930|POI:20241011|confirm:20241016|W:W1_PROTECTED_LOW,0.315396,
SMC,920519.BJ,20241129,20241129,13.47,20241217,12.34,TIME_STOP,12,19.691,9.323,30.79,-8.589,33.63,-16.41,1.09,-0.53,-0.27,sweep:20241111|OB:20241119|POI:20241127|confirm:20241128|W:W1_PROTECTED_LOW,0.293489,
SMC,920526.BJ,20241015,20241015,30.0,20241021,47.987,TP_STRUCTURAL,4,47.987,18.009,39.97,59.7571,74.2,-4.97,1.86,-0.12,1.5,sweep:20240226|OB:20240930|POI:20241011|confirm:20241014|W:W1_PROTECTED_LOW,0.793206,
SMC,920570.BJ,20241024,20241024,41.0,20241111,42.01,TIME_STOP,12,67.949,23.034,43.82,2.2634,16.34,-18.22,0.37,-0.42,0.06,sweep:20240626|OB:20241018|POI:20241022|confirm:20241023|W:W1_PROTECTED_LOW,1.060374,
SMC,920570.BJ,20251222,20251222,35.36,20260109,35.57,TIME_STOP,12,38.82,33.054,6.52,0.3939,4.13,-4.92,0.63,-0.75,0.09,sweep:20251121|OB:20251216|POI:20251218|confirm:20251219|W:W1_PROTECTED_LOW,0.056047,
SMC,920571.BJ,20260317,20260317,11.29,20260402,10.08,TIME_STOP,12,16.105,8.08,28.43,-10.9174,5.93,-13.11,0.21,-0.46,-0.38,sweep:20250722|OB:20260302|POI:20260310|confirm:20260316|W:W1_PROTECTED_LOW,0.236982,
SMC,920575.BJ,20231128,20231128,18.01,20231214,18.17,TIME_STOP,12,23.083,14.628,18.78,0.6884,3.55,-8.33,0.19,-0.44,0.05,sweep:20230814|OB:20231121|POI:20231124|confirm:20231127|W:W1_PROTECTED_LOW,0.207595,
SMC,920578.BJ,20241105,20241105,23.0,20241121,26.86,TIME_STOP,12,36.488,14.008,39.1,16.5826,25.09,-8.61,0.64,-0.22,0.43,sweep:20240229|OB:20241028|POI:20241101|confirm:20241104|W:W1_PROTECTED_LOW,0.572025,
SMC,920579.BJ,20260624,20260624,17.87,20260710,15.39,TIME_STOP,12,22.664,14.674,17.88,-14.078,1.62,-16.12,0.09,-0.9,-0.78,sweep:20260529|OB:20260605|POI:20260622|confirm:20260623|W:W1_PROTECTED_LOW,-0.013759,
SMC,920580.BJ,20241018,20241018,7.58,20241021,10.876,TP_STRUCTURAL,1,10.876,5.383,28.99,43.2791,47.1,6.33,1.62,0.22,1.5,sweep:20240315|OB:20240930|POI:20241010|confirm:20241017|W:W1_PROTECTED_LOW,0.428571,
SMC,920642.BJ,20241025,20241025,13.25,20241106,19.561,TP_STRUCTURAL,8,19.561,9.043,31.75,47.428,50.26,-17.89,1.58,-0.56,1.5,sweep:20240327|OB:20241016|POI:20241023|confirm:20241024|W:W1_PROTECTED_LOW,1.093949,
SMC,920675.BJ,20260306,20260306,12.98,20260318,10.833,SL_HIT,8,16.201,10.833,16.54,-16.7419,7.7,-17.95,0.47,-1.09,-1.0,sweep:20251104|OB:20260302|POI:20260304|confirm:20260305|W:W1_PROTECTED_LOW,0.053097,
SMC,920685.BJ,20231206,20231206,11.79,20231222,11.75,TIME_STOP,12,15.209,9.511,19.33,-0.5393,14.5,-6.19,0.75,-0.32,-0.02,sweep:20230727|OB:20231123|POI:20231204|confirm:20231205|W:W1_PROTECTED_LOW,0.403341,
SMC,920685.BJ,20241018,20241018,9.12,20241024,11.745,TP_STRUCTURAL,4,11.745,7.37,19.19,28.5829,36.51,7.46,1.9,0.39,1.5,sweep:20240523|OB:20240930|POI:20241011|confirm:20241017|W:W1_PROTECTED_LOW,0.224,
SMC,920690.BJ,20241017,20241017,14.25,20241025,19.146,TP_STRUCTURAL,6,19.146,10.986,22.91,34.1609,42.67,0.7,1.86,0.03,1.5,sweep:20240409|OB:20240930|POI:20241010|confirm:20241016|W:W1_PROTECTED_LOW,0.313688,
SMC,920693.BJ,20241106,20241106,55.99,20241122,55.04,TIME_STOP,12,98.55,27.616,50.68,-1.8967,31.52,-12.34,0.62,-0.24,-0.03,sweep:20231226|OB:20241018|POI:20241104|confirm:20241105|W:W1_PROTECTED_LOW,0.357942,
SMC,920694.BJ,20241018,20241018,12.47,20241029,16.52,TP_STRUCTURAL,7,16.52,10.312,17.3,32.2779,63.35,4.41,3.66,0.25,1.88,sweep:20240626|OB:20240930|POI:20241011|confirm:20241017|W:W1_PROTECTED_LOW,0.259073,
SMC,920718.BJ,20240729,20240729,9.15,20240814,8.87,TIME_STOP,12,10.676,8.133,11.12,-3.2601,1.64,-5.14,0.15,-0.46,-0.28,sweep:20240708|OB:20240716|POI:20240723|confirm:20240726|W:W1_PROTECTED_LOW,-0.033543,
SMC,920726.BJ,20231206,20231206,11.0,20231222,9.5,TIME_STOP,12,16.506,7.329,33.37,-13.8364,7.0,-15.36,0.21,-0.46,-0.41,sweep:20230810|OB:20231124|POI:20231129|confirm:20231205|W:W1_PROTECTED_LOW,0.520805,
SMC,920748.BJ,20241011,20241011,20.0,20241029,30.363,TP_STRUCTURAL,12,30.363,13.091,34.54,51.6143,59.8,-12.5,1.73,-0.36,1.5,sweep:20240326|OB:20240930|POI:20241009|confirm:20241010|W:W1_PROTECTED_LOW,0.588188,
SMC,920748.BJ,20260702,20260702,25.4,20260720,21.2,TIME_STOP,12,33.529,19.981,21.34,-16.7354,-1.18,-20.87,-0.06,-0.98,-0.78,sweep:20260611|OB:20260622|POI:20260626|confirm:20260701|W:W1_PROTECTED_LOW,-0.104531,
SMC,920753.BJ,20241011,20241011,38.96,20241029,38.65,TIME_STOP,12,55.808,27.728,28.83,-0.9957,15.12,-12.78,0.52,-0.44,-0.03,sweep:20240326|OB:20240930|POI:20241009|confirm:20241010|W:W1_PROTECTED_LOW,0.604198,
SMC,920779.BJ,20241011,20241011,22.6,20241022,28.108,TP_STRUCTURAL,7,28.108,18.928,16.25,24.1726,27.48,-9.51,1.69,-0.59,1.5,sweep:20240625|OB:20240930|POI:20241009|confirm:20241010|W:W1_WEEKLY_SSL_CHOCH,0.270423,
SMC,920802.BJ,20241015,20241015,11.25,20241028,16.444,TP_STRUCTURAL,9,16.444,7.787,30.78,45.9714,59.91,-3.2,1.95,-0.1,1.5,sweep:20240116|OB:20240930|POI:20241010|confirm:20241014|W:W1_PROTECTED_LOW,0.52399,
SMC,920808.BJ,20241015,20241015,52.9,20241021,83.797,TP_STRUCTURAL,4,83.797,32.302,38.94,58.206,63.5,-7.37,1.63,-0.19,1.5,sweep:20240314|OB:20240930|POI:20241011|confirm:20241014|W:W1_PROTECTED_LOW,1.001471,
SMC,920826.BJ,20241121,20241121,12.62,20241209,13.53,TIME_STOP,12,20.16,7.594,39.83,7.0108,42.47,-4.12,1.07,-0.1,0.18,sweep:20240116|OB:20241104|POI:20241119|confirm:20241120|W:W1_PROTECTED_LOW,0.367171,
SMC,920833.BJ,20241017,20241017,9.55,20241025,12.304,TP_STRUCTURAL,6,12.304,7.714,19.22,28.6332,50.05,1.68,2.6,0.09,1.5,sweep:20240409|OB:20240930|POI:20241010|confirm:20241016|W:W1_PROTECTED_LOW,0.317997,
SMC,920855.BJ,20241018,20241018,9.07,20241025,11.88,TP_STRUCTURAL,5,11.88,7.334,19.14,30.7813,38.92,6.84,2.03,0.36,1.62,sweep:20240523|OB:20240930|POI:20241010|confirm:20241017|W:W1_PROTECTED_LOW,0.288732,
SMC,920856.BJ,20240726,20240726,5.55,20240813,4.79,TIME_STOP,12,7.773,4.068,26.71,-13.8937,-8.65,-18.74,-0.32,-0.7,-0.51,sweep:20240521|OB:20240716|POI:20240724|confirm:20240725|W:W1_PROTECTED_LOW,0.129841,
SMC,920857.BJ,20241024,20241024,15.91,20241030,21.045,TP_STRUCTURAL,4,21.045,12.486,21.52,32.0775,34.38,-4.4,1.6,-0.2,1.5,sweep:20240528|OB:20241018|POI:20241022|confirm:20241023|W:W1_PROTECTED_LOW,0.809091,
SMC,920871.BJ,20240726,20240726,6.3,20240813,6.36,TIME_STOP,12,8.061,5.126,18.64,0.7524,4.6,-5.4,0.25,-0.29,0.05,sweep:20240521|OB:20240716|POI:20240724|confirm:20240725|W:W1_PROTECTED_LOW,0.017391,
SMC,920943.BJ,20260723,20260723,16.0,20260810,16.26,TIME_STOP,12,24.23,10.514,34.29,1.425,12.5,-18.81,0.36,-0.55,0.05,sweep:20260629|OB:20260710|POI:20260721|confirm:20260722|W:W1_PROTECTED_LOW,0.151961,
SMC,920950.BJ,20250812,20250812,23.72,20250828,23.55,TIME_STOP,12,27.857,20.962,11.63,-0.9167,4.47,-5.86,0.38,-0.5,-0.06,sweep:20250429|OB:20250725|POI:20250807|confirm:20250811|W:W1_PROTECTED_LOW,0.223758,
SMC,920964.BJ,20231206,20231206,3.71,20231222,4.05,TIME_STOP,12,4.883,2.928,21.08,8.9644,30.73,-4.85,1.46,-0.23,0.43,sweep:20230807|OB:20231123|POI:20231204|confirm:20231205|W:W1_PROTECTED_LOW,0.321555,
SMC,920974.BJ,20241018,20241018,5.85,20241025,7.75,TP_STRUCTURAL,5,7.75,4.765,18.55,32.2786,41.03,8.55,2.21,0.46,1.75,sweep:20240521|OB:20240930|POI:20241011|confirm:20241017|W:W1_PROTECTED_LOW,0.261905,
SMC,920974.BJ,20241105,20241105,9.02,20241121,9.59,TIME_STOP,12,12.434,6.744,25.23,6.1193,20.29,-12.64,0.8,-0.5,0.25,sweep:20240308|OB:20241025|POI:20241101|confirm:20241104|W:W1_PROTECTED_LOW,0.456311,
EVENT,300687.SZ,20230908,20230908,,,,,,,,,0.7935,,,,,,insider-event,,5
EVENT,603986.SH,20230914,20230914,,,,,,,,,3.0049,,,,,,insider-event,,4
EVENT,603986.SH,20230920,20230920,,,,,,,,,0.0164,,,,,,insider-event,,4
EVENT,002102.SZ,20230907,20230907,,,,,,,,,6.7205,,,,,,insider-event,,3
EVENT,688381.SH,20230913,20230913,,,,,,,,,-1.7367,,,,,,insider-event,,3
EVENT,603986.SH,20230921,20230921,,,,,,,,,1.4738,,,,,,insider-event,,3
EVENT,603551.SH,20230928,20230928,,,,,,,,,0.1252,,,,,,insider-event,,3
EVENT,000935.SZ,20231026,20231026,,,,,,,,,4.42,,,,,,insider-event,,5
EVENT,301308.SZ,20231009,20231009,,,,,,,,,8.5445,,,,,,insider-event,,4
EVENT,601600.SH,20231027,20231027,,,,,,,,,1.5018,,,,,,insider-event,,4
EVENT,000651.SZ,20231030,20231030,,,,,,,,,-3.4289,,,,,,insider-event,,3
EVENT,601600.SH,20231030,20231030,,,,,,,,,-4.0017,,,,,,insider-event,,3
EVENT,300232.SZ,20231101,20231101,,,,,,,,,3.8346,,,,,,insider-event,,5
EVENT,600636.SH,20231109,20231109,,,,,,,,,0.3615,,,,,,insider-event,,5
EVENT,300138.SZ,20231103,20231103,,,,,,,,,1.0292,,,,,,insider-event,,5
EVENT,002102.SZ,20231109,20231109,,,,,,,,,-0.0,,,,,,insider-event,,4
EVENT,000651.SZ,20231101,20231101,,,,,,,,,-3.2217,,,,,,insider-event,,3
EVENT,301120.SZ,20231114,20231114,,,,,,,,,0.6437,,,,,,insider-event,,3
EVENT,301120.SZ,20231121,20231121,,,,,,,,,-7.3025,,,,,,insider-event,,3
EVENT,300138.SZ,20231122,20231122,,,,,,,,,0.1235,,,,,,insider-event,,3
EVENT,300232.SZ,20231122,20231122,,,,,,,,,-5.917,,,,,,insider-event,,3
EVENT,001267.SZ,20231127,20231127,,,,,,,,,-3.3621,,,,,,insider-event,,3
EVENT,601615.SH,20231129,20231129,,,,,,,,,-6.1299,,,,,,insider-event,,3
EVENT,601615.SH,20231122,20231122,,,,,,,,,-9.9851,,,,,,insider-event,,2
EVENT,300138.SZ,20231120,20231120,,,,,,,,,0.4494,,,,,,insider-event,,2
EVENT,300232.SZ,20231127,20231127,,,,,,,,,-3.5106,,,,,,insider-event,,2
EVENT,603551.SH,20231123,20231123,,,,,,,,,0.1889,,,,,,insider-event,,2
EVENT,603889.SH,20231222,20231222,,,,,,,,,-3.9628,,,,,,insider-event,,8
EVENT,603688.SH,20231218,20231218,,,,,,,,,16.7004,,,,,,insider-event,,7
EVENT,000568.SZ,20231218,20231218,,,,,,,,,18.752,,,,,,insider-event,,7
EVENT,688420.SH,20231229,20231229,,,,,,,,,-2.1663,,,,,,insider-event,,7
EVENT,002254.SZ,20231212,20231212,,,,,,,,,-4.2579,,,,,,insider-event,,6
EVENT,603156.SH,20231213,20231213,,,,,,,,,7.336,,,,,,insider-event,,6
EVENT,000422.SZ,20231226,20231226,,,,,,,,,11.5467,,,,,,insider-event,,6
EVENT,600293.SH,20231226,20231226,,,,,,,,,2.7136,,,,,,insider-event,,6
EVENT,000703.SZ,20231220,20231220,,,,,,,,,-0.0503,,,,,,insider-event,,6
EVENT,300551.SZ,20231228,20231228,,,,,,,,,23.4612,,,,,,insider-event,,6
EVENT,001323.SZ,20231228,20231228,,,,,,,,,-1.7279,,,,,,insider-event,,6
EVENT,002517.SZ,20231227,20231227,,,,,,,,,9.2899,,,,,,insider-event,,6
EVENT,300672.SZ,20231229,20231229,,,,,,,,,0.5724,,,,,,insider-event,,6
EVENT,001301.SZ,20231229,20231229,,,,,,,,,-1.9924,,,,,,insider-event,,6
EVENT,688184.SH,20231229,20231229,,,,,,,,,5.3485,,,,,,insider-event,,6
EVENT,002625.SZ,20231212,20231212,,,,,,,,,-4.2642,,,,,,insider-event,,5
EVENT,300943.SZ,20231212,20231212,,,,,,,,,1.7855,,,,,,insider-event,,5
EVENT,300769.SZ,20231211,20231211,,,,,,,,,12.386,,,,,,insider-event,,5
EVENT,002074.SZ,20231207,20231207,,,,,,,,,-4.1079,,,,,,insider-event,,5
EVENT,300666.SZ,20231219,20231219,,,,,,,,,0.0973,,,,,,insider-event,,5
EVENT,001301.SZ,20231213,20231213,,,,,,,,,12.2343,,,,,,insider-event,,5
EVENT,600048.SH,20231213,20231213,,,,,,,,,3.7095,,,,,,insider-event,,5
EVENT,000858.SZ,20231215,20231215,,,,,,,,,13.9096,,,,,,insider-event,,5
EVENT,002410.SZ,20231215,20231215,,,,,,,,,12.942,,,,,,insider-event,,5
EVENT,301305.SZ,20231222,20231222,,,,,,,,,-1.8006,,,,,,insider-event,,5
EVENT,603267.SH,20231222,20231222,,,,,,,,,4.5852,,,,,,insider-event,,5
EVENT,603713.SH,20231222,20231222,,,,,,,,,1.984,,,,,,insider-event,,5
EVENT,301305.SZ,20231220,20231220,,,,,,,,,-1.7628,,,,,,insider-event,,5
EVENT,002978.SZ,20231220,20231220,,,,,,,,,-0.7867,,,,,,insider-event,,5
EVENT,603267.SH,20231225,20231225,,,,,,,,,1.9549,,,,,,insider-event,,5
EVENT,600884.SH,20231225,20231225,,,,,,,,,2.5446,,,,,,insider-event,,5
EVENT,600872.SH,20231229,20231229,,,,,,,,,-13.0283,,,,,,insider-event,,5
EVENT,603223.SH,20231229,20231229,,,,,,,,,0.2413,,,,,,insider-event,,5
EVENT,002555.SZ,20231229,20231229,,,,,,,,,19.3358,,,,,,insider-event,,5
EVENT,300769.SZ,20231205,20231205,,,,,,,,,16.0526,,,,,,insider-event,,4
EVENT,002142.SZ,20231204,20231204,,,,,,,,,7.3282,,,,,,insider-event,,4
EVENT,688184.SH,20231212,20231212,,,,,,,,,1.3242,,,,,,insider-event,,4
EVENT,002208.SZ,20231212,20231212,,,,,,,,,0.26,,,,,,insider-event,,4
EVENT,000779.SZ,20231212,20231212,,,,,,,,,1.7881,,,,,,insider-event,,4
EVENT,601717.SH,20231212,20231212,,,,,,,,,0.6786,,,,,,insider-event,,4
EVENT,300618.SZ,20231211,20231211,,,,,,,,,1.7968,,,,,,insider-event,,4
EVENT,601668.SH,20231211,20231211,,,,,,,,,2.3647,,,,,,insider-event,,4
EVENT,000656.SZ,20231211,20231211,,,,,,,,,14.4294,,,,,,insider-event,,4
EVENT,603051.SH,20231211,20231211,,,,,,,,,2.6551,,,,,,insider-event,,4
EVENT,002594.SZ,20231207,20231207,,,,,,,,,17.0628,,,,,,insider-event,,4
EVENT,301168.SZ,20231207,20231207,,,,,,,,,-3.3677,,,,,,insider-event,,4
EVENT,300771.SZ,20231214,20231214,,,,,,,,,-2.5266,,,,,,insider-event,,4
EVENT,600266.SH,20231214,20231214,,,,,,,,,-2.766,,,,,,insider-event,,4
EVENT,600048.SH,20231214,20231214,,,,,,,,,5.8553,,,,,,insider-event,,4
EVENT,301023.SZ,20231213,20231213,,,,,,,,,0.9607,,,,,,insider-event,,4
EVENT,300806.SZ,20231213,20231213,,,,,,,,,5.1404,,,,,,insider-event,,4
EVENT,600048.SH,20231218,20231218,,,,,,,,,-9.4658,,,,,,insider-event,,4
EVENT,301115.SZ,20231218,20231218,,,,,,,,,-1.9025,,,,,,insider-event,,4
EVENT,600703.SH,20231218,20231218,,,,,,,,,-2.4397,,,,,,insider-event,,4
EVENT,605399.SH,20231218,20231218,,,,,,,,,9.2173,,,,,,insider-event,,4
EVENT,600522.SH,20231218,20231218,,,,,,,,,3.5718,,,,,,insider-event,,4
EVENT,002568.SZ,20231215,20231215,,,,,,,,,6.7709,,,,,,insider-event,,4
EVENT,600048.SH,20231215,20231215,,,,,,,,,4.6344,,,,,,insider-event,,4
EVENT,600219.SH,20231215,20231215,,,,,,,,,-2.2899,,,,,,insider-event,,4
EVENT,301115.SZ,20231226,20231226,,,,,,,,,1.1652,,,,,,insider-event,,4
EVENT,300358.SZ,20231226,20231226,,,,,,,,,2.5595,,,,,,insider-event,,4
EVENT,002555.SZ,20231226,20231226,,,,,,,,,15.2913,,,,,,insider-event,,4
EVENT,001212.SZ,20231226,20231226,,,,,,,,,0.1602,,,,,,insider-event,,4
EVENT,300993.SZ,20231222,20231222,,,,,,,,,-1.9224,,,,,,insider-event,,4
EVENT,301382.SZ,20231222,20231222,,,,,,,,,-1.3782,,,,,,insider-event,,4
EVENT,688087.SH,20231222,20231222,,,,,,,,,-3.8833,,,,,,insider-event,,4
EVENT,688258.SH,20231222,20231222,,,,,,,,,7.3014,,,,,,insider-event,,4
EVENT,000589.SZ,20231221,20231221,,,,,,,,,2.1598,,,,,,insider-event,,4
EVENT,000513.SZ,20231221,20231221,,,,,,,,,0.0083,,,,,,insider-event,,4
EVENT,002283.SZ,20231221,20231221,,,,,,,,,3.7754,,,,,,insider-event,,4
EVENT,600888.SH,20231221,20231221,,,,,,,,,5.6875,,,,,,insider-event,,4
EVENT,002254.SZ,20231221,20231221,,,,,,,,,5.8065,,,,,,insider-event,,4
EVENT,300481.SZ,20231220,20231220,,,,,,,,,-1.3673,,,,,,insider-event,,4
EVENT,300477.SZ,20231220,20231220,,,,,,,,,3.2487,,,,,,insider-event,,4
EVENT,300687.SZ,20231220,20231220,,,,,,,,,-1.566,,,,,,insider-event,,4
EVENT,002568.SZ,20231220,20231220,,,,,,,,,-0.4947,,,,,,insider-event,,4
EVENT,603876.SH,20231220,20231220,,,,,,,,,11.6263,,,,,,insider-event,,4
EVENT,301190.SZ,20231225,20231225,,,,,,,,,6.0466,,,,,,insider-event,,4
EVENT,605060.SH,20231225,20231225,,,,,,,,,2.1414,,,,,,insider-event,,4
EVENT,603216.SH,20231225,20231225,,,,,,,,,-3.3551,,,,,,insider-event,,4
EVENT,002185.SZ,20231225,20231225,,,,,,,,,2.1708,,,,,,insider-event,,4
EVENT,688073.SH,20231225,20231225,,,,,,,,,7.168,,,,,,insider-event,,4
EVENT,688576.SH,20231228,20231228,,,,,,,,,10.8921,,,,,,insider-event,,4
EVENT,600765.SH,20231228,20231228,,,,,,,,,-6.3981,,,,,,insider-event,,4
EVENT,300171.SZ,20231228,20231228,,,,,,,,,1.6337,,,,,,insider-event,,4
EVENT,603267.SH,20231228,20231228,,,,,,,,,-4.9293,,,,,,insider-event,,4
EVENT,002724.SZ,20231227,20231227,,,,,,,,,0.7228,,,,,,insider-event,,4
EVENT,002385.SZ,20231227,20231227,,,,,,,,,12.7519,,,,,,insider-event,,4
EVENT,603444.SH,20231227,20231227,,,,,,,,,4.0084,,,,,,insider-event,,4
EVENT,601668.SH,20231229,20231229,,,,,,,,,-0.1996,,,,,,insider-event,,4
EVENT,002664.SZ,20231229,20231229,,,,,,,,,3.1333,,,,,,insider-event,,4
EVENT,002185.SZ,20231229,20231229,,,,,,,,,0.5015,,,,,,insider-event,,4
EVENT,000758.SZ,20231229,20231229,,,,,,,,,0.6949,,,,,,insider-event,,4
EVENT,603258.SH,20231229,20231229,,,,,,,,,7.025,,,,,,insider-event,,4
EVENT,002518.SZ,20231204,20231204,,,,,,,,,7.815,,,,,,insider-event,,3
EVENT,605020.SH,20231204,20231204,,,,,,,,,-3.5013,,,,,,insider-event,,3
EVENT,000889.SZ,20231204,20231204,,,,,,,,,-1.8053,,,,,,insider-event,,3
EVENT,605399.SH,20231204,20231204,,,,,,,,,1.9308,,,,,,insider-event,,3
EVENT,300124.SZ,20231212,20231212,,,,,,,,,-1.4536,,,,,,insider-event,,3
EVENT,300982.SZ,20231212,20231212,,,,,,,,,5.2113,,,,,,insider-event,,3
EVENT,301382.SZ,20231212,20231212,,,,,,,,,-6.6725,,,,,,insider-event,,3
EVENT,002709.SZ,20231212,20231212,,,,,,,,,13.2028,,,,,,insider-event,,3
EVENT,002560.SZ,20231212,20231212,,,,,,,,,1.1835,,,,,,insider-event,,3
EVENT,002724.SZ,20231212,20231212,,,,,,,,,-0.4987,,,,,,insider-event,,3
EVENT,300014.SZ,20231212,20231212,,,,,,,,,6.5344,,,,,,insider-event,,3
EVENT,300481.SZ,20231212,20231212,,,,,,,,,0.4397,,,,,,insider-event,,3
EVENT,688090.SH,20231212,20231212,,,,,,,,,1.2557,,,,,,insider-event,,3
EVENT,688290.SH,20231212,20231212,,,,,,,,,11.1036,,,,,,insider-event,,3
EVENT,688420.SH,20231212,20231212,,,,,,,,,1.2379,,,,,,insider-event,,3
EVENT,603901.SH,20231206,20231206,,,,,,,,,1.9906,,,,,,insider-event,,3
EVENT,300390.SZ,20231206,20231206,,,,,,,,,7.0408,,,,,,insider-event,,3
EVENT,002408.SZ,20231206,20231206,,,,,,,,,5.7421,,,,,,insider-event,,3
EVENT,301103.SZ,20231211,20231211,,,,,,,,,3.9267,,,,,,insider-event,,3
EVENT,000921.SZ,20231207,20231207,,,,,,,,,3.402,,,,,,insider-event,,3
EVENT,600143.SH,20231207,20231207,,,,,,,,,0.617,,,,,,insider-event,,3
EVENT,000886.SZ,20231207,20231207,,,,,,,,,0.5163,,,,,,insider-event,,3
EVENT,002283.SZ,20231207,20231207,,,,,,,,,2.384,,,,,,insider-event,,3
EVENT,600588.SH,20231207,20231207,,,,,,,,,7.2105,,,,,,insider-event,,3
EVENT,688089.SH,20231207,20231207,,,,,,,,,4.0828,,,,,,insider-event,,3
EVENT,688400.SH,20231207,20231207,,,,,,,,,9.6553,,,,,,insider-event,,3
EVENT,601678.SH,20231207,20231207,,,,,,,,,0.2917,,,,,,insider-event,,3
EVENT,601003.SH,20231207,20231207,,,,,,,,,-1.0352,,,,,,insider-event,,3
EVENT,002120.SZ,20231208,20231208,,,,,,,,,8.709,,,,,,insider-event,,3
EVENT,002102.SZ,20231208,20231208,,,,,,,,,-1.7898,,,,,,insider-event,,3
EVENT,605399.SH,20231208,20231208,,,,,,,,,4.8692,,,,,,insider-event,,3
EVENT,300080.SZ,20231214,20231214,,,,,,,,,2.8243,,,,,,insider-event,,3
EVENT,000703.SZ,20231214,20231214,,,,,,,,,3.3861,,,,,,insider-event,,3
EVENT,002446.SZ,20231214,20231214,,,,,,,,,4.5606,,,,,,insider-event,,3
EVENT,600703.SH,20231214,20231214,,,,,,,,,-4.6682,,,,,,insider-event,,3
EVENT,300046.SZ,20231214,20231214,,,,,,,,,1.8411,,,,,,insider-event,,3
EVENT,300943.SZ,20231213,20231213,,,,,,,,,1.3289,,,,,,insider-event,,3
EVENT,002340.SZ,20231213,20231213,,,,,,,,,5.8309,,,,,,insider-event,,3
EVENT,002637.SZ,20231213,20231213,,,,,,,,,-2.588,,,,,,insider-event,,3
EVENT,600703.SH,20231213,20231213,,,,,,,,,-2.7838,,,,,,insider-event,,3
EVENT,300687.SZ,20231213,20231213,,,,,,,,,-6.5774,,,,,,insider-event,,3
EVENT,600704.SH,20231213,20231213,,,,,,,,,-2.5863,,,,,,insider-event,,3
EVENT,000725.SZ,20231218,20231218,,,,,,,,,4.3789,,,,,,insider-event,,3
EVENT,002985.SZ,20231218,20231218,,,,,,,,,-6.6077,,,,,,insider-event,,3
EVENT,688035.SH,20231218,20231218,,,,,,,,,2.5566,,,,,,insider-event,,3
EVENT,300021.SZ,20231218,20231218,,,,,,,,,-2.3562,,,,,,insider-event,,3
EVENT,002568.SZ,20231218,20231218,,,,,,,,,-1.6518,,,,,,insider-event,,3
EVENT,002985.SZ,20231215,20231215,,,,,,,,,3.1165,,,,,,insider-event,,3
EVENT,300450.SZ,20231215,20231215,,,,,,,,,9.6226,,,,,,insider-event,,3
EVENT,688187.SH,20231215,20231215,,,,,,,,,-0.8731,,,,,,insider-event,,3
EVENT,002073.SZ,20231215,20231215,,,,,,,,,1.0561,,,,,,insider-event,,3
EVENT,600522.SH,20231215,20231215,,,,,,,,,1.2587,,,,,,insider-event,,3
EVENT,002261.SZ,20231222,20231222,,,,,,,,,3.3464,,,,,,insider-event,,3
EVENT,300888.SZ,20231222,20231222,,,,,,,,,-1.3861,,,,,,insider-event,,3
EVENT,002560.SZ,20231222,20231222,,,,,,,,,0.328,,,,,,insider-event,,3
EVENT,002857.SZ,20231222,20231222,,,,,,,,,-1.8939,,,,,,insider-event,,3
EVENT,688189.SH,20231222,20231222,,,,,,,,,3.613,,,,,,insider-event,,3
EVENT,600549.SH,20231222,20231222,,,,,,,,,1.9015,,,,,,insider-event,,3
EVENT,300943.SZ,20231221,20231221,,,,,,,,,-2.8374,,,,,,insider-event,,3
EVENT,002029.SZ,20231221,20231221,,,,,,,,,1.337,,,,,,insider-event,,3
EVENT,603195.SH,20231221,20231221,,,,,,,,,1.0073,,,,,,insider-event,,3
EVENT,603657.SH,20231221,20231221,,,,,,,,,3.3176,,,,,,insider-event,,3
EVENT,603931.SH,20231221,20231221,,,,,,,,,0.0339,,,,,,insider-event,,3
EVENT,600313.SH,20231221,20231221,,,,,,,,,-3.321,,,,,,insider-event,,3
EVENT,300835.SZ,20231220,20231220,,,,,,,,,2.0522,,,,,,insider-event,,3
EVENT,301115.SZ,20231220,20231220,,,,,,,,,-1.637,,,,,,insider-event,,3
EVENT,688061.SH,20231220,20231220,,,,,,,,,-5.1302,,,,,,insider-event,,3
EVENT,000969.SZ,20231220,20231220,,,,,,,,,1.7454,,,,,,insider-event,,3
EVENT,002111.SZ,20231220,20231220,,,,,,,,,-1.6904,,,,,,insider-event,,3
EVENT,002968.SZ,20231220,20231220,,,,,,,,,-2.3598,,,,,,insider-event,,3
EVENT,002335.SZ,20231220,20231220,,,,,,,,,2.9622,,,,,,insider-event,,3
EVENT,603237.SH,20231220,20231220,,,,,,,,,-1.8169,,,,,,insider-event,,3
EVENT,600600.SH,20231220,20231220,,,,,,,,,15.961,,,,,,insider-event,,3
EVENT,300138.SZ,20231225,20231225,,,,,,,,,-5.463,,,,,,insider-event,,3
EVENT,000589.SZ,20231225,20231225,,,,,,,,,0.9352,,,,,,insider-event,,3
EVENT,600487.SH,20231225,20231225,,,,,,,,,-0.1935,,,,,,insider-event,,3
EVENT,300068.SZ,20231228,20231228,,,,,,,,,16.528,,,,,,insider-event,,3
EVENT,002179.SZ,20231228,20231228,,,,,,,,,0.2465,,,,,,insider-event,,3
EVENT,603456.SH,20231228,20231228,,,,,,,,,6.3297,,,,,,insider-event,,3
EVENT,603363.SH,20231228,20231228,,,,,,,,,32.0793,,,,,,insider-event,,3
EVENT,688189.SH,20231228,20231228,,,,,,,,,8.0999,,,,,,insider-event,,3
EVENT,600406.SH,20231227,20231227,,,,,,,,,3.7424,,,,,,insider-event,,3
EVENT,002812.SZ,20231227,20231227,,,,,,,,,16.2371,,,,,,insider-event,,3
EVENT,601615.SH,20231227,20231227,,,,,,,,,11.0974,,,,,,insider-event,,3
EVENT,603258.SH,20231227,20231227,,,,,,,,,6.6705,,,,,,insider-event,,3
EVENT,002558.SZ,20231227,20231227,,,,,,,,,5.921,,,,,,insider-event,,3
EVENT,002384.SZ,20231227,20231227,,,,,,,,,2.1978,,,,,,insider-event,,3
EVENT,300993.SZ,20231229,20231229,,,,,,,,,0.7961,,,,,,insider-event,,3
EVENT,300046.SZ,20231229,20231229,,,,,,,,,-0.3495,,,,,,insider-event,,3
EVENT,688313.SH,20231229,20231229,,,,,,,,,0.152,,,,,,insider-event,,3
EVENT,605336.SH,20231229,20231229,,,,,,,,,3.9737,,,,,,insider-event,,3
EVENT,688013.SH,20231229,20231229,,,,,,,,,1.3689,,,,,,insider-event,,3
EVENT,600480.SH,20231229,20231229,,,,,,,,,10.9905,,,,,,insider-event,,3
EVENT,001330.SZ,20231229,20231229,,,,,,,,,2.8619,,,,,,insider-event,,3
EVENT,603757.SH,20231229,20231229,,,,,,,,,0.7262,,,,,,insider-event,,3
EVENT,603444.SH,20231229,20231229,,,,,,,,,0.2237,,,,,,insider-event,,3
EVENT,600633.SH,20231229,20231229,,,,,,,,,13.4834,,,,,,insider-event,,3
EVENT,600821.SH,20231229,20231229,,,,,,,,,6.6698,,,,,,insider-event,,3
EVENT,002004.SZ,20231229,20231229,,,,,,,,,-0.154,,,,,,insider-event,,3
EVENT,688073.SH,20231204,20231204,,,,,,,,,-4.1937,,,,,,insider-event,,2
EVENT,603212.SH,20231204,20231204,,,,,,,,,3.7025,,,,,,insider-event,,2
EVENT,600637.SH,20231201,20231201,,,,,,,,,0.8638,,,,,,insider-event,,2
EVENT,603566.SH,20231201,20231201,,,,,,,,,4.7366,,,,,,insider-event,,2
EVENT,300993.SZ,20231212,20231212,,,,,,,,,5.4784,,,,,,insider-event,,2
EVENT,605303.SH,20231212,20231212,,,,,,,,,0.7588,,,,,,insider-event,,2
EVENT,002271.SZ,20231211,20231211,,,,,,,,,10.9197,,,,,,insider-event,,2
EVENT,002606.SZ,20231208,20231208,,,,,,,,,-2.3054,,,,,,insider-event,,2
EVENT,002857.SZ,20231208,20231208,,,,,,,,,0.047,,,,,,insider-event,,2
EVENT,300618.SZ,20231214,20231214,,,,,,,,,7.3721,,,,,,insider-event,,2
EVENT,001267.SZ,20231214,20231214,,,,,,,,,1.1212,,,,,,insider-event,,2
EVENT,688565.SH,20231213,20231213,,,,,,,,,1.1265,,,,,,insider-event,,2
EVENT,600967.SH,20231213,20231213,,,,,,,,,0.7236,,,,,,insider-event,,2
EVENT,000927.SZ,20231213,20231213,,,,,,,,,-2.4592,,,,,,insider-event,,2
EVENT,002946.SZ,20231218,20231218,,,,,,,,,11.1217,,,,,,insider-event,,2
EVENT,688275.SH,20231215,20231215,,,,,,,,,-0.0907,,,,,,insider-event,,2
EVENT,300397.SZ,20231226,20231226,,,,,,,,,1.4894,,,,,,insider-event,,2
EVENT,300252.SZ,20231226,20231226,,,,,,,,,2.2523,,,,,,insider-event,,2
EVENT,688018.SH,20231222,20231222,,,,,,,,,0.4883,,,,,,insider-event,,2
EVENT,000411.SZ,20231222,20231222,,,,,,,,,0.4871,,,,,,insider-event,,2
EVENT,603737.SH,20231222,20231222,,,,,,,,,0.1573,,,,,,insider-event,,2
EVENT,688035.SH,20231221,20231221,,,,,,,,,7.7822,,,,,,insider-event,,2
EVENT,603688.SH,20231221,20231221,,,,,,,,,16.53,,,,,,insider-event,,2
EVENT,603588.SH,20231221,20231221,,,,,,,,,5.0987,,,,,,insider-event,,2
EVENT,300982.SZ,20231220,20231220,,,,,,,,,11.2461,,,,,,insider-event,,2
EVENT,301168.SZ,20231220,20231220,,,,,,,,,0.0757,,,,,,insider-event,,2
EVENT,002170.SZ,20231220,20231220,,,,,,,,,-1.9524,,,,,,insider-event,,2
EVENT,600433.SH,20231220,20231220,,,,,,,,,-3.342,,,,,,insider-event,,2
EVENT,002345.SZ,20231220,20231220,,,,,,,,,1.5937,,,,,,insider-event,,2
EVENT,603077.SH,20231220,20231220,,,,,,,,,3.9012,,,,,,insider-event,,2
EVENT,300515.SZ,20231225,20231225,,,,,,,,,0.295,,,,,,insider-event,,2
EVENT,688018.SH,20231225,20231225,,,,,,,,,1.3382,,,,,,insider-event,,2
EVENT,000555.SZ,20231228,20231228,,,,,,,,,3.4234,,,,,,insider-event,,2
EVENT,600329.SH,20231228,20231228,,,,,,,,,1.116,,,,,,insider-event,,2
EVENT,300989.SZ,20231228,20231228,,,,,,,,,17.7618,,,,,,insider-event,,2
EVENT,600633.SH,20231227,20231227,,,,,,,,,14.877,,,,,,insider-event,,2
EVENT,688035.SH,20231227,20231227,,,,,,,,,7.3042,,,,,,insider-event,,2
EVENT,002624.SZ,20231227,20231227,,,,,,,,,9.7944,,,,,,insider-event,,2
EVENT,605133.SH,20231227,20231227,,,,,,,,,1.198,,,,,,insider-event,,2
EVENT,002517.SZ,20231229,20231229,,,,,,,,,8.8941,,,,,,insider-event,,2
EVENT,688035.SH,20231212,20231212,,,,,,,,,-2.4484,,,,,,insider-event,,1
EVENT,000404.SZ,20231211,20231211,,,,,,,,,1.5377,,,,,,insider-event,,1
EVENT,001289.SZ,20231207,20231207,,,,,,,,,-1.0482,,,,,,insider-event,,1
EVENT,002876.SZ,20231208,20231208,,,,,,,,,-0.2046,,,,,,insider-event,,1
EVENT,000555.SZ,20231208,20231208,,,,,,,,,-2.1048,,,,,,insider-event,,1
EVENT,300203.SZ,20231214,20231214,,,,,,,,,3.6855,,,,,,insider-event,,1
EVENT,301300.SZ,20231213,20231213,,,,,,,,,0.79,,,,,,insider-event,,1
EVENT,688489.SH,20231213,20231213,,,,,,,,,-11.8173,,,,,,insider-event,,1
EVENT,000404.SZ,20231221,20231221,,,,,,,,,0.0406,,,,,,insider-event,,1
EVENT,000975.SZ,20231220,20231220,,,,,,,,,6.4667,,,,,,insider-event,,1
EVENT,000404.SZ,20231220,20231220,,,,,,,,,-2.1152,,,,,,insider-event,,1
EVENT,002558.SZ,20231228,20231228,,,,,,,,,6.3349,,,,,,insider-event,,1
EVENT,002148.SZ,20231228,20231228,,,,,,,,,4.2522,,,,,,insider-event,,1
EVENT,688290.SH,20231228,20231228,,,,,,,,,2.8335,,,,,,insider-event,,1
EVENT,002186.SZ,20231227,20231227,,,,,,,,,4.6469,,,,,,insider-event,,1
EVENT,301367.SZ,20231229,20231229,,,,,,,,,0.2798,,,,,,insider-event,,1
EVENT,002373.SZ,20240125,20240125,,,,,,,,,11.5202,,,,,,insider-event,,8
EVENT,600867.SH,20240131,20240131,,,,,,,,,-7.7089,,,,,,insider-event,,7
EVENT,603515.SH,20240110,20240110,,,,,,,,,4.0013,,,,,,insider-event,,6
EVENT,603456.SH,20240111,20240111,,,,,,,,,0.4622,,,,,,insider-event,,6
EVENT,002570.SZ,20240117,20240117,,,,,,,,,-4.0832,,,,,,insider-event,,6
EVENT,000036.SZ,20240119,20240119,,,,,,,,,13.7266,,,,,,insider-event,,6
EVENT,688333.SH,20240119,20240119,,,,,,,,,24.4661,,,,,,insider-event,,6
EVENT,688082.SH,20240130,20240130,,,,,,,,,6.0688,,,,,,insider-event,,6
EVENT,688292.SH,20240126,20240126,,,,,,,,,1.4245,,,,,,insider-event,,6
EVENT,600330.SH,20240126,20240126,,,,,,,,,6.771,,,,,,insider-event,,6
EVENT,600718.SH,20240126,20240126,,,,,,,,,-1.9517,,,,,,insider-event,,6
EVENT,688173.SH,20240125,20240125,,,,,,,,,12.0494,,,,,,insider-event,,6
EVENT,300702.SZ,20240125,20240125,,,,,,,,,22.7298,,,,,,insider-event,,6
EVENT,300200.SZ,20240131,20240131,,,,,,,,,-2.1437,,,,,,insider-event,,6
EVENT,300656.SZ,20240131,20240131,,,,,,,,,-7.6568,,,,,,insider-event,,6
EVENT,301152.SZ,20240131,20240131,,,,,,,,,-12.4465,,,,,,insider-event,,6
EVENT,002390.SZ,20240104,20240104,,,,,,,,,1.182,,,,,,insider-event,,5
EVENT,600648.SH,20240102,20240102,,,,,,,,,2.451,,,,,,insider-event,,5
EVENT,000921.SZ,20240110,20240110,,,,,,,,,4.4672,,,,,,insider-event,,5
EVENT,002959.SZ,20240110,20240110,,,,,,,,,-0.1966,,,,,,insider-event,,5
EVENT,601633.SH,20240110,20240110,,,,,,,,,4.4143,,,,,,insider-event,,5
EVENT,603456.SH,20240108,20240108,,,,,,,,,4.317,,,,,,insider-event,,5
EVENT,300595.SZ,20240111,20240111,,,,,,,,,0.8993,,,,,,insider-event,,5
EVENT,000036.SZ,20240112,20240112,,,,,,,,,8.8476,,,,,,insider-event,,5
EVENT,000555.SZ,20240112,20240112,,,,,,,,,4.1233,,,,,,insider-event,,5
EVENT,300768.SZ,20240123,20240123,,,,,,,,,11.3733,,,,,,insider-event,,5
EVENT,002415.SZ,20240118,20240118,,,,,,,,,4.2535,,,,,,insider-event,,5
EVENT,301263.SZ,20240129,20240129,,,,,,,,,7.5704,,,,,,insider-event,,5
EVENT,688325.SH,20240129,20240129,,,,,,,,,13.2709,,,,,,insider-event,,5
EVENT,600718.SH,20240129,20240129,,,,,,,,,-12.8931,,,,,,insider-event,,5
EVENT,000603.SZ,20240129,20240129,,,,,,,,,4.8568,,,,,,insider-event,,5
EVENT,002166.SZ,20240126,20240126,,,,,,,,,3.1889,,,,,,insider-event,,5
EVENT,605066.SH,20240126,20240126,,,,,,,,,5.8388,,,,,,insider-event,,5
EVENT,688325.SH,20240126,20240126,,,,,,,,,11.5584,,,,,,insider-event,,5
EVENT,600509.SH,20240126,20240126,,,,,,,,,18.1654,,,,,,insider-event,,5
EVENT,603882.SH,20240126,20240126,,,,,,,,,12.8947,,,,,,insider-event,,5
EVENT,000818.SZ,20240126,20240126,,,,,,,,,-2.7167,,,,,,insider-event,,5
EVENT,688200.SH,20240126,20240126,,,,,,,,,5.7184,,,,,,insider-event,,5
EVENT,300005.SZ,20240124,20240124,,,,,,,,,11.0205,,,,,,insider-event,,5
EVENT,300489.SZ,20240124,20240124,,,,,,,,,10.1588,,,,,,insider-event,,5
EVENT,300802.SZ,20240124,20240124,,,,,,,,,11.4906,,,,,,insider-event,,5
EVENT,688392.SH,20240124,20240124,,,,,,,,,17.7239,,,,,,insider-event,,5
EVENT,688333.SH,20240124,20240124,,,,,,,,,32.8169,,,,,,insider-event,,5
EVENT,002279.SZ,20240124,20240124,,,,,,,,,10.9285,,,,,,insider-event,,5
EVENT,600169.SH,20240124,20240124,,,,,,,,,8.4297,,,,,,insider-event,,5
EVENT,300627.SZ,20240125,20240125,,,,,,,,,3.078,,,,,,insider-event,,5
EVENT,300802.SZ,20240125,20240125,,,,,,,,,6.8415,,,,,,insider-event,,5
EVENT,002185.SZ,20240125,20240125,,,,,,,,,4.9415,,,,,,insider-event,,5
EVENT,002724.SZ,20240125,20240125,,,,,,,,,9.1891,,,,,,insider-event,,5
EVENT,603612.SH,20240125,20240125,,,,,,,,,9.0581,,,,,,insider-event,,5
EVENT,603505.SH,20240125,20240125,,,,,,,,,-4.0297,,,,,,insider-event,,5
EVENT,603159.SH,20240125,20240125,,,,,,,,,2.7529,,,,,,insider-event,,5
EVENT,301201.SZ,20240125,20240125,,,,,,,,,14.8634,,,,,,insider-event,,5
EVENT,688018.SH,20240131,20240131,,,,,,,,,-5.178,,,,,,insider-event,,5
EVENT,603055.SH,20240131,20240131,,,,,,,,,-0.2076,,,,,,insider-event,,5
EVENT,301087.SZ,20240131,20240131,,,,,,,,,-6.3493,,,,,,insider-event,,5
EVENT,688171.SH,20240105,20240105,,,,,,,,,-6.2188,,,,,,insider-event,,4
EVENT,002902.SZ,20240102,20240102,,,,,,,,,2.0645,,,,,,insider-event,,4
EVENT,002517.SZ,20240102,20240102,,,,,,,,,-0.3217,,,,,,insider-event,,4
EVENT,603515.SH,20240102,20240102,,,,,,,,,-4.8697,,,,,,insider-event,,4
EVENT,600039.SH,20240102,20240102,,,,,,,,,-6.3424,,,,,,insider-event,,4
EVENT,688093.SH,20240102,20240102,,,,,,,,,-7.8647,,,,,,insider-event,,4
EVENT,605388.SH,20240102,20240102,,,,,,,,,5.0688,,,,,,insider-event,,4
EVENT,002624.SZ,20240102,20240102,,,,,,,,,-13.7,,,,,,insider-event,,4
EVENT,301201.SZ,20240110,20240110,,,,,,,,,-0.2321,,,,,,insider-event,,4
EVENT,601138.SH,20240110,20240110,,,,,,,,,3.4525,,,,,,insider-event,,4
EVENT,603456.SH,20240110,20240110,,,,,,,,,6.1215,,,,,,insider-event,,4
EVENT,688121.SH,20240108,20240108,,,,,,,,,-7.0503,,,,,,insider-event,,4
EVENT,688326.SH,20240115,20240115,,,,,,,,,-1.781,,,,,,insider-event,,4
EVENT,601233.SH,20240115,20240115,,,,,,,,,2.7951,,,,,,insider-event,,4
EVENT,002415.SZ,20240111,20240111,,,,,,,,,5.6881,,,,,,insider-event,,4
EVENT,002624.SZ,20240111,20240111,,,,,,,,,-3.6144,,,,,,insider-event,,4
EVENT,002930.SZ,20240111,20240111,,,,,,,,,-1.7608,,,,,,insider-event,,4
EVENT,002279.SZ,20240111,20240111,,,,,,,,,1.2925,,,,,,insider-event,,4
EVENT,603444.SH,20240117,20240117,,,,,,,,,4.4729,,,,,,insider-event,,4
EVENT,301267.SZ,20240116,20240116,,,,,,,,,-5.8753,,,,,,insider-event,,4
EVENT,002229.SZ,20240116,20240116,,,,,,,,,7.8892,,,,,,insider-event,,4
EVENT,002043.SZ,20240112,20240112,,,,,,,,,0.5269,,,,,,insider-event,,4
EVENT,300567.SZ,20240122,20240122,,,,,,,,,1.1624,,,,,,insider-event,,4
EVENT,002493.SZ,20240122,20240122,,,,,,,,,4.7856,,,,,,insider-event,,4
EVENT,600728.SH,20240122,20240122,,,,,,,,,7.4176,,,,,,insider-event,,4
EVENT,688403.SH,20240122,20240122,,,,,,,,,14.2901,,,,,,insider-event,,4
EVENT,603076.SH,20240122,20240122,,,,,,,,,1.7109,,,,,,insider-event,,4
EVENT,603156.SH,20240119,20240119,,,,,,,,,18.9831,,,,,,insider-event,,4
EVENT,300963.SZ,20240123,20240123,,,,,,,,,16.8692,,,,,,insider-event,,4
EVENT,688183.SH,20240123,20240123,,,,,,,,,26.3066,,,,,,insider-event,,4
EVENT,300922.SZ,20240130,20240130,,,,,,,,,13.5171,,,,,,insider-event,,4
EVENT,301055.SZ,20240130,20240130,,,,,,,,,10.5224,,,,,,insider-event,,4
EVENT,300702.SZ,20240130,20240130,,,,,,,,,24.5799,,,,,,insider-event,,4
EVENT,301366.SZ,20240130,20240130,,,,,,,,,21.2713,,,,,,insider-event,,4
EVENT,301029.SZ,20240130,20240130,,,,,,,,,18.9951,,,,,,insider-event,,4
EVENT,002291.SZ,20240118,20240118,,,,,,,,,14.9893,,,,,,insider-event,,4
EVENT,301087.SZ,20240129,20240129,,,,,,,,,9.7855,,,,,,insider-event,,4
EVENT,300148.SZ,20240129,20240129,,,,,,,,,-0.3959,,,,,,insider-event,,4
EVENT,688660.SH,20240129,20240129,,,,,,,,,2.6841,,,,,,insider-event,,4
EVENT,300887.SZ,20240129,20240129,,,,,,,,,21.5078,,,,,,insider-event,,4
EVENT,002859.SZ,20240129,20240129,,,,,,,,,-2.9724,,,,,,insider-event,,4
EVENT,600576.SH,20240129,20240129,,,,,,,,,-9.3895,,,,,,insider-event,,4
EVENT,688508.SH,20240129,20240129,,,,,,,,,7.9319,,,,,,insider-event,,4
EVENT,688371.SH,20240129,20240129,,,,,,,,,16.3384,,,,,,insider-event,,4
EVENT,688152.SH,20240129,20240129,,,,,,,,,7.8346,,,,,,insider-event,,4
EVENT,301071.SZ,20240126,20240126,,,,,,,,,3.5672,,,,,,insider-event,,4
EVENT,002271.SZ,20240126,20240126,,,,,,,,,4.7419,,,,,,insider-event,,4
EVENT,003019.SZ,20240126,20240126,,,,,,,,,8.0676,,,,,,insider-event,,4
EVENT,300489.SZ,20240126,20240126,,,,,,,,,4.6604,,,,,,insider-event,,4
EVENT,688458.SH,20240126,20240126,,,,,,,,,29.124,,,,,,insider-event,,4
EVENT,002558.SZ,20240126,20240126,,,,,,,,,0.1879,,,,,,insider-event,,4
EVENT,301135.SZ,20240126,20240126,,,,,,,,,5.4822,,,,,,insider-event,,4
EVENT,688560.SH,20240126,20240126,,,,,,,,,2.3685,,,,,,insider-event,,4
EVENT,002324.SZ,20240124,20240124,,,,,,,,,12.2763,,,,,,insider-event,,4
EVENT,002609.SZ,20240124,20240124,,,,,,,,,24.3183,,,,,,insider-event,,4
EVENT,002968.SZ,20240124,20240124,,,,,,,,,7.7302,,,,,,insider-event,,4
EVENT,601827.SH,20240124,20240124,,,,,,,,,4.0891,,,,,,insider-event,,4
EVENT,001215.SZ,20240124,20240124,,,,,,,,,11.4892,,,,,,insider-event,,4
EVENT,600261.SH,20240124,20240124,,,,,,,,,12.8893,,,,,,insider-event,,4
EVENT,301071.SZ,20240125,20240125,,,,,,,,,6.8199,,,,,,insider-event,,4
EVENT,002532.SZ,20240125,20240125,,,,,,,,,5.7165,,,,,,insider-event,,4
EVENT,600888.SH,20240125,20240125,,,,,,,,,2.887,,,,,,insider-event,,4
EVENT,002139.SZ,20240125,20240125,,,,,,,,,4.0551,,,,,,insider-event,,4
EVENT,301055.SZ,20240125,20240125,,,,,,,,,9.3783,,,,,,insider-event,,4
EVENT,300005.SZ,20240125,20240125,,,,,,,,,9.939,,,,,,insider-event,,4
EVENT,301160.SZ,20240125,20240125,,,,,,,,,12.8904,,,,,,insider-event,,4
EVENT,000568.SZ,20240125,20240125,,,,,,,,,-0.4678,,,,,,insider-event,,4
EVENT,603061.SH,20240125,20240125,,,,,,,,,15.5348,,,,,,insider-event,,4
EVENT,688073.SH,20240125,20240125,,,,,,,,,7.8711,,,,,,insider-event,,4
EVENT,300768.SZ,20240125,20240125,,,,,,,,,5.8903,,,,,,insider-event,,4
EVENT,605507.SH,20240125,20240125,,,,,,,,,8.4664,,,,,,insider-event,,4
EVENT,603456.SH,20240125,20240125,,,,,,,,,4.7686,,,,,,insider-event,,4
EVENT,300335.SZ,20240131,20240131,,,,,,,,,-5.213,,,,,,insider-event,,4
EVENT,688082.SH,20240131,20240131,,,,,,,,,9.8885,,,,,,insider-event,,4
EVENT,001256.SZ,20240131,20240131,,,,,,,,,-6.4141,,,,,,insider-event,,4
EVENT,688508.SH,20240131,20240131,,,,,,,,,-0.8122,,,,,,insider-event,,4
EVENT,002661.SZ,20240131,20240131,,,,,,,,,-4.6912,,,,,,insider-event,,4
EVENT,688293.SH,20240131,20240131,,,,,,,,,0.9758,,,,,,insider-event,,4
EVENT,002139.SZ,20240131,20240131,,,,,,,,,1.0087,,,,,,insider-event,,4
EVENT,002148.SZ,20240131,20240131,,,,,,,,,-3.7311,,,,,,insider-event,,4
EVENT,001267.SZ,20240104,20240104,,,,,,,,,1.314,,,,,,insider-event,,3
EVENT,603156.SH,20240104,20240104,,,,,,,,,5.8902,,,,,,insider-event,,3
EVENT,002385.SZ,20240105,20240105,,,,,,,,,-2.0698,,,,,,insider-event,,3
EVENT,300515.SZ,20240102,20240102,,,,,,,,,-0.1721,,,,,,insider-event,,3
EVENT,001267.SZ,20240102,20240102,,,,,,,,,0.0286,,,,,,insider-event,,3
EVENT,300369.SZ,20240102,20240102,,,,,,,,,0.2401,,,,,,insider-event,,3
EVENT,003016.SZ,20240110,20240110,,,,,,,,,1.091,,,,,,insider-event,,3
EVENT,688135.SH,20240110,20240110,,,,,,,,,2.0362,,,,,,insider-event,,3
EVENT,300846.SZ,20240110,20240110,,,,,,,,,-1.6602,,,,,,insider-event,,3
EVENT,002430.SZ,20240110,20240110,,,,,,,,,2.2413,,,,,,insider-event,,3
EVENT,301267.SZ,20240110,20240110,,,,,,,,,5.0472,,,,,,insider-event,,3
EVENT,600219.SH,20240110,20240110,,,,,,,,,-11.8217,,,,,,insider-event,,3
EVENT,688489.SH,20240110,20240110,,,,,,,,,-0.0114,,,,,,insider-event,,3
EVENT,603258.SH,20240108,20240108,,,,,,,,,-11.8294,,,,,,insider-event,,3
EVENT,603156.SH,20240108,20240108,,,,,,,,,1.2015,,,,,,insider-event,,3
EVENT,300672.SZ,20240115,20240115,,,,,,,,,-0.1926,,,,,,insider-event,,3
EVENT,000498.SZ,20240115,20240115,,,,,,,,,-0.7538,,,,,,insider-event,,3
EVENT,603217.SH,20240111,20240111,,,,,,,,,1.0291,,,,,,insider-event,,3
EVENT,002384.SZ,20240111,20240111,,,,,,,,,4.3906,,,,,,insider-event,,3
EVENT,601688.SH,20240111,20240111,,,,,,,,,-1.1289,,,,,,insider-event,,3
EVENT,002254.SZ,20240117,20240117,,,,,,,,,-6.1244,,,,,,insider-event,,3
EVENT,002572.SZ,20240117,20240117,,,,,,,,,-9.0724,,,,,,insider-event,,3
EVENT,002902.SZ,20240117,20240117,,,,,,,,,-1.2557,,,,,,insider-event,,3
EVENT,300338.SZ,20240117,20240117,,,,,,,,,-2.901,,,,,,insider-event,,3
EVENT,600487.SH,20240117,20240117,,,,,,,,,-4.1011,,,,,,insider-event,,3
EVENT,603588.SH,20240117,20240117,,,,,,,,,-0.7186,,,,,,insider-event,,3
EVENT,688257.SH,20240112,20240112,,,,,,,,,-4.7015,,,,,,insider-event,,3
EVENT,002920.SZ,20240112,20240112,,,,,,,,,1.2717,,,,,,insider-event,,3
EVENT,301288.SZ,20240122,20240122,,,,,,,,,3.2763,,,,,,insider-event,,3
EVENT,600872.SH,20240122,20240122,,,,,,,,,-4.112,,,,,,insider-event,,3
EVENT,601718.SH,20240122,20240122,,,,,,,,,2.7485,,,,,,insider-event,,3
EVENT,002968.SZ,20240122,20240122,,,,,,,,,-1.3778,,,,,,insider-event,,3
EVENT,688248.SH,20240122,20240122,,,,,,,,,-0.75,,,,,,insider-event,,3
EVENT,688239.SH,20240122,20240122,,,,,,,,,1.0103,,,,,,insider-event,,3
EVENT,688331.SH,20240122,20240122,,,,,,,,,17.7442,,,,,,insider-event,,3
EVENT,603368.SH,20240122,20240122,,,,,,,,,2.7125,,,,,,insider-event,,3
EVENT,600995.SH,20240119,20240119,,,,,,,,,9.9413,,,,,,insider-event,,3
EVENT,000404.SZ,20240119,20240119,,,,,,,,,0.2273,,,,,,insider-event,,3
EVENT,002279.SZ,20240119,20240119,,,,,,,,,2.0967,,,,,,insider-event,,3
EVENT,300235.SZ,20240123,20240123,,,,,,,,,8.1276,,,,,,insider-event,,3
EVENT,301267.SZ,20240123,20240123,,,,,,,,,2.0957,,,,,,insider-event,,3
EVENT,600487.SH,20240123,20240123,,,,,,,,,2.1297,,,,,,insider-event,,3
EVENT,600509.SH,20240123,20240123,,,,,,,,,25.6938,,,,,,insider-event,,3
EVENT,300802.SZ,20240123,20240123,,,,,,,,,17.8498,,,,,,insider-event,,3
EVENT,300126.SZ,20240130,20240130,,,,,,,,,-8.0544,,,,,,insider-event,,3
EVENT,301196.SZ,20240130,20240130,,,,,,,,,9.7801,,,,,,insider-event,,3
EVENT,688349.SH,20240118,20240118,,,,,,,,,11.098,,,,,,insider-event,,3
EVENT,000576.SZ,20240118,20240118,,,,,,,,,0.484,,,,,,insider-event,,3
EVENT,603596.SH,20240118,20240118,,,,,,,,,13.074,,,,,,insider-event,,3
EVENT,300976.SZ,20240129,20240129,,,,,,,,,15.6068,,,,,,insider-event,,3
EVENT,002556.SZ,20240129,20240129,,,,,,,,,-0.554,,,,,,insider-event,,3
EVENT,605338.SH,20240129,20240129,,,,,,,,,10.6454,,,,,,insider-event,,3
EVENT,300841.SZ,20240129,20240129,,,,,,,,,11.8579,,,,,,insider-event,,3
EVENT,003016.SZ,20240129,20240129,,,,,,,,,2.496,,,,,,insider-event,,3
EVENT,688331.SH,20240129,20240129,,,,,,,,,27.0166,,,,,,insider-event,,3
EVENT,002567.SZ,20240129,20240129,,,,,,,,,2.0476,,,,,,insider-event,,3
EVENT,603551.SH,20240129,20240129,,,,,,,,,-11.8551,,,,,,insider-event,,3
EVENT,603727.SH,20240129,20240129,,,,,,,,,-3.6398,,,,,,insider-event,,3
EVENT,300998.SZ,20240126,20240126,,,,,,,,,0.9876,,,,,,insider-event,,3
EVENT,002324.SZ,20240126,20240126,,,,,,,,,8.4304,,,,,,insider-event,,3
EVENT,300174.SZ,20240126,20240126,,,,,,,,,3.0603,,,,,,insider-event,,3
EVENT,688349.SH,20240126,20240126,,,,,,,,,8.4631,,,,,,insider-event,,3
EVENT,600580.SH,20240126,20240126,,,,,,,,,2.7421,,,,,,insider-event,,3
EVENT,688258.SH,20240126,20240126,,,,,,,,,4.2416,,,,,,insider-event,,3
EVENT,688258.SH,20240124,20240124,,,,,,,,,7.5829,,,,,,insider-event,,3
EVENT,300820.SZ,20240124,20240124,,,,,,,,,14.2936,,,,,,insider-event,,3
EVENT,002588.SZ,20240124,20240124,,,,,,,,,3.1009,,,,,,insider-event,,3
EVENT,002821.SZ,20240124,20240124,,,,,,,,,5.1037,,,,,,insider-event,,3
EVENT,000661.SZ,20240124,20240124,,,,,,,,,-1.6541,,,,,,insider-event,,3
EVENT,600048.SH,20240124,20240124,,,,,,,,,6.9925,,,,,,insider-event,,3
EVENT,000925.SZ,20240124,20240124,,,,,,,,,11.7618,,,,,,insider-event,,3
EVENT,600580.SH,20240124,20240124,,,,,,,,,8.0342,,,,,,insider-event,,3
EVENT,600572.SH,20240124,20240124,,,,,,,,,10.1907,,,,,,insider-event,,3
EVENT,688420.SH,20240124,20240124,,,,,,,,,9.5302,,,,,,insider-event,,3
EVENT,300724.SZ,20240124,20240124,,,,,,,,,-2.8816,,,,,,insider-event,,3
EVENT,600298.SH,20240125,20240125,,,,,,,,,1.8803,,,,,,insider-event,,3
EVENT,000069.SZ,20240125,20240125,,,,,,,,,7.3945,,,,,,insider-event,,3
EVENT,603848.SH,20240125,20240125,,,,,,,,,0.4602,,,,,,insider-event,,3
EVENT,000404.SZ,20240125,20240125,,,,,,,,,3.0358,,,,,,insider-event,,3
EVENT,002835.SZ,20240125,20240125,,,,,,,,,11.1562,,,,,,insider-event,,3
EVENT,600728.SH,20240125,20240125,,,,,,,,,11.0521,,,,,,insider-event,,3
EVENT,688349.SH,20240125,20240125,,,,,,,,,12.5228,,,,,,insider-event,,3
EVENT,605189.SH,20240125,20240125,,,,,,,,,6.7539,,,,,,insider-event,,3
EVENT,002166.SZ,20240131,20240131,,,,,,,,,-3.2504,,,,,,insider-event,,3
EVENT,300727.SZ,20240131,20240131,,,,,,,,,-0.2324,,,,,,insider-event,,3
EVENT,600572.SH,20240131,20240131,,,,,,,,,-8.6554,,,,,,insider-event,,3
EVENT,603027.SH,20240105,20240105,,,,,,,,,-2.2568,,,,,,insider-event,,2
EVENT,600803.SH,20240105,20240105,,,,,,,,,4.7258,,,,,,insider-event,,2
EVENT,603918.SH,20240102,20240102,,,,,,,,,6.5558,,,,,,insider-event,,2
EVENT,600509.SH,20240110,20240110,,,,,,,,,1.5676,,,,,,insider-event,,2
EVENT,002402.SZ,20240110,20240110,,,,,,,,,2.4379,,,,,,insider-event,,2
EVENT,300724.SZ,20240108,20240108,,,,,,,,,-7.1172,,,,,,insider-event,,2
EVENT,000576.SZ,20240108,20240108,,,,,,,,,-1.7303,,,,,,insider-event,,2
EVENT,603888.SH,20240108,20240108,,,,,,,,,-4.2406,,,,,,insider-event,,2
EVENT,300759.SZ,20240115,20240115,,,,,,,,,-5.2464,,,,,,insider-event,,2
EVENT,000603.SZ,20240115,20240115,,,,,,,,,0.7055,,,,,,insider-event,,2
EVENT,300699.SZ,20240115,20240115,,,,,,,,,-15.3463,,,,,,insider-event,,2
EVENT,601668.SH,20240111,20240111,,,,,,,,,0.3341,,,,,,insider-event,,2
EVENT,688326.SH,20240111,20240111,,,,,,,,,13.1162,,,,,,insider-event,,2
EVENT,002271.SZ,20240111,20240111,,,,,,,,,2.1488,,,,,,insider-event,,2
EVENT,688819.SH,20240117,20240117,,,,,,,,,-6.6822,,,,,,insider-event,,2
EVENT,300759.SZ,20240116,20240116,,,,,,,,,-4.6457,,,,,,insider-event,,2
EVENT,601211.SH,20240112,20240112,,,,,,,,,-0.2645,,,,,,insider-event,,2
EVENT,688326.SH,20240112,20240112,,,,,,,,,13.6219,,,,,,insider-event,,2
EVENT,688349.SH,20240122,20240122,,,,,,,,,11.0607,,,,,,insider-event,,2
EVENT,600487.SH,20240122,20240122,,,,,,,,,-2.9467,,,,,,insider-event,,2
EVENT,002913.SZ,20240122,20240122,,,,,,,,,3.4563,,,,,,insider-event,,2
EVENT,301057.SZ,20240130,20240130,,,,,,,,,15.7611,,,,,,insider-event,,2
EVENT,300456.SZ,20240118,20240118,,,,,,,,,6.1503,,,,,,insider-event,,2
EVENT,688184.SH,20240118,20240118,,,,,,,,,-3.0924,,,,,,insider-event,,2
EVENT,002877.SZ,20240129,20240129,,,,,,,,,10.1479,,,,,,insider-event,,2
EVENT,300896.SZ,20240129,20240129,,,,,,,,,1.259,,,,,,insider-event,,2
EVENT,002810.SZ,20240129,20240129,,,,,,,,,11.0986,,,,,,insider-event,,2
EVENT,601615.SH,20240129,20240129,,,,,,,,,5.986,,,,,,insider-event,,2
EVENT,603669.SH,20240126,20240126,,,,,,,,,2.3439,,,,,,insider-event,,2
EVENT,300841.SZ,20240124,20240124,,,,,,,,,16.7951,,,,,,insider-event,,2
EVENT,301135.SZ,20240124,20240124,,,,,,,,,12.5991,,,,,,insider-event,,2
EVENT,601600.SH,20240125,20240125,,,,,,,,,7.8571,,,,,,insider-event,,2
EVENT,688475.SH,20240125,20240125,,,,,,,,,1.9214,,,,,,insider-event,,2
EVENT,688550.SH,20240131,20240131,,,,,,,,,12.0903,,,,,,insider-event,,2
EVENT,688167.SH,20240131,20240131,,,,,,,,,1.292,,,,,,insider-event,,2
EVENT,600243.SH,20240104,20240104,,,,,,,,,0.55,,,,,,insider-event,,1
EVENT,605168.SH,20240102,20240102,,,,,,,,,2.7792,,,,,,insider-event,,1
EVENT,600803.SH,20240110,20240110,,,,,,,,,2.6399,,,,,,insider-event,,1
EVENT,688403.SH,20240108,20240108,,,,,,,,,0.3849,,,,,,insider-event,,1
EVENT,600236.SH,20240124,20240124,,,,,,,,,3.5199,,,,,,insider-event,,1
EVENT,300245.SZ,20240207,20240207,,,,,,,,,40.2339,,,,,,insider-event,,9
EVENT,600222.SH,20240207,20240207,,,,,,,,,19.7563,,,,,,insider-event,,9
EVENT,688038.SH,20240207,20240207,,,,,,,,,53.0373,,,,,,insider-event,,9
EVENT,688152.SH,20240207,20240207,,,,,,,,,36.1515,,,,,,insider-event,,9
EVENT,300463.SZ,20240207,20240207,,,,,,,,,11.3492,,,,,,insider-event,,9
EVENT,300822.SZ,20240220,20240220,,,,,,,,,27.435,,,,,,insider-event,,9
EVENT,301059.SZ,20240208,20240208,,,,,,,,,51.3823,,,,,,insider-event,,9
EVENT,300588.SZ,20240208,20240208,,,,,,,,,57.028,,,,,,insider-event,,9
EVENT,300071.SZ,20240208,20240208,,,,,,,,,43.8476,,,,,,insider-event,,9
EVENT,301042.SZ,20240208,20240208,,,,,,,,,52.7064,,,,,,insider-event,,9
EVENT,002420.SZ,20240208,20240208,,,,,,,,,57.5346,,,,,,insider-event,,9
EVENT,603528.SH,20240222,20240222,,,,,,,,,23.2344,,,,,,insider-event,,9
EVENT,688138.SH,20240219,20240219,,,,,,,,,7.728,,,,,,insider-event,,9
EVENT,688229.SH,20240219,20240219,,,,,,,,,28.8555,,,,,,insider-event,,9
EVENT,301075.SZ,20240206,20240206,,,,,,,,,34.6712,,,,,,insider-event,,8
EVENT,301041.SZ,20240206,20240206,,,,,,,,,41.6604,,,,,,insider-event,,8
EVENT,300674.SZ,20240206,20240206,,,,,,,,,23.7495,,,,,,insider-event,,8
EVENT,688349.SH,20240206,20240206,,,,,,,,,0.7254,,,,,,insider-event,,8
EVENT,603931.SH,20240206,20240206,,,,,,,,,7.1869,,,,,,insider-event,,8
EVENT,688206.SH,20240205,20240205,,,,,,,,,18.5711,,,,,,insider-event,,8
EVENT,300674.SZ,20240205,20240205,,,,,,,,,13.2759,,,,,,insider-event,,8
EVENT,300162.SZ,20240207,20240207,,,,,,,,,42.2168,,,,,,insider-event,,8
EVENT,300674.SZ,20240207,20240207,,,,,,,,,13.8822,,,,,,insider-event,,8
EVENT,300825.SZ,20240207,20240207,,,,,,,,,16.1903,,,,,,insider-event,,8
EVENT,300563.SZ,20240207,20240207,,,,,,,,,39.6769,,,,,,insider-event,,8
EVENT,300166.SZ,20240207,20240207,,,,,,,,,14.5735,,,,,,insider-event,,8
EVENT,688173.SH,20240207,20240207,,,,,,,,,26.5724,,,,,,insider-event,,8
EVENT,300564.SZ,20240207,20240207,,,,,,,,,51.0762,,,,,,insider-event,,8
EVENT,600351.SH,20240207,20240207,,,,,,,,,1.1235,,,,,,insider-event,,8
EVENT,300143.SZ,20240207,20240207,,,,,,,,,7.5479,,,,,,insider-event,,8
EVENT,688081.SH,20240207,20240207,,,,,,,,,43.1399,,,,,,insider-event,,8
EVENT,688299.SH,20240207,20240207,,,,,,,,,22.1596,,,,,,insider-event,,8
EVENT,301042.SZ,20240220,20240220,,,,,,,,,15.108,,,,,,insider-event,,8
EVENT,688138.SH,20240220,20240220,,,,,,,,,1.2233,,,,,,insider-event,,8
EVENT,002858.SZ,20240220,20240220,,,,,,,,,24.1854,,,,,,insider-event,,8
EVENT,000633.SZ,20240220,20240220,,,,,,,,,17.1465,,,,,,insider-event,,8
EVENT,603528.SH,20240221,20240221,,,,,,,,,29.1172,,,,,,insider-event,,8
EVENT,300878.SZ,20240221,20240221,,,,,,,,,8.4545,,,,,,insider-event,,8
EVENT,300822.SZ,20240208,20240208,,,,,,,,,59.5152,,,,,,insider-event,,8
EVENT,300472.SZ,20240208,20240208,,,,,,,,,79.8969,,,,,,insider-event,,8
EVENT,002658.SZ,20240208,20240208,,,,,,,,,20.369,,,,,,insider-event,,8
EVENT,688001.SH,20240208,20240208,,,,,,,,,9.1781,,,,,,insider-event,,8
EVENT,688321.SH,20240208,20240208,,,,,,,,,8.067,,,,,,insider-event,,8
EVENT,688426.SH,20240208,20240208,,,,,,,,,29.6956,,,,,,insider-event,,8
EVENT,688603.SH,20240208,20240208,,,,,,,,,97.9982,,,,,,insider-event,,8
EVENT,600232.SH,20240208,20240208,,,,,,,,,52.7725,,,,,,insider-event,,8
EVENT,600222.SH,20240208,20240208,,,,,,,,,26.2268,,,,,,insider-event,,8
EVENT,688097.SH,20240208,20240208,,,,,,,,,37.8591,,,,,,insider-event,,8
EVENT,002921.SZ,20240222,20240222,,,,,,,,,17.0566,,,,,,insider-event,,8
EVENT,688020.SH,20240219,20240219,,,,,,,,,72.0272,,,,,,insider-event,,8
EVENT,002787.SZ,20240219,20240219,,,,,,,,,32.3032,,,,,,insider-event,,8
EVENT,301033.SZ,20240219,20240219,,,,,,,,,21.0196,,,,,,insider-event,,8
EVENT,003017.SZ,20240219,20240219,,,,,,,,,26.1212,,,,,,insider-event,,8
EVENT,600173.SH,20240219,20240219,,,,,,,,,21.0197,,,,,,insider-event,,8
EVENT,002093.SZ,20240219,20240219,,,,,,,,,12.8046,,,,,,insider-event,,8
EVENT,688068.SH,20240219,20240219,,,,,,,,,2.9524,,,,,,insider-event,,8
EVENT,300420.SZ,20240219,20240219,,,,,,,,,8.5248,,,,,,insider-event,,8
EVENT,301206.SZ,20240219,20240219,,,,,,,,,2.2024,,,,,,insider-event,,8
EVENT,002796.SZ,20240219,20240219,,,,,,,,,33.5313,,,,,,insider-event,,8
EVENT,600232.SH,20240219,20240219,,,,,,,,,38.2307,,,,,,insider-event,,8
EVENT,603811.SH,20240219,20240219,,,,,,,,,7.8947,,,,,,insider-event,,8
EVENT,002858.SZ,20240219,20240219,,,,,,,,,30.1786,,,,,,insider-event,,8
EVENT,003023.SZ,20240219,20240219,,,,,,,,,22.4179,,,,,,insider-event,,8
EVENT,301353.SZ,20240227,20240227,,,,,,,,,1.294,,,,,,insider-event,,8
EVENT,688369.SH,20240201,20240201,,,,,,,,,50.7638,,,,,,insider-event,,8
EVENT,301178.SZ,20240206,20240206,,,,,,,,,43.7059,,,,,,insider-event,,7
EVENT,300903.SZ,20240206,20240206,,,,,,,,,42.0687,,,,,,insider-event,,7
EVENT,301121.SZ,20240206,20240206,,,,,,,,,39.6689,,,,,,insider-event,,7
EVENT,300800.SZ,20240206,20240206,,,,,,,,,34.7973,,,,,,insider-event,,7
EVENT,301270.SZ,20240206,20240206,,,,,,,,,32.1146,,,,,,insider-event,,7
EVENT,300546.SZ,20240206,20240206,,,,,,,,,41.4928,,,,,,insider-event,,7
EVENT,300322.SZ,20240206,20240206,,,,,,,,,35.2851,,,,,,insider-event,,7
EVENT,688299.SH,20240206,20240206,,,,,,,,,30.9516,,,,,,insider-event,,7
EVENT,000931.SZ,20240206,20240206,,,,,,,,,26.7194,,,,,,insider-event,,7
EVENT,301366.SZ,20240205,20240205,,,,,,,,,16.7186,,,,,,insider-event,,7
EVENT,300715.SZ,20240205,20240205,,,,,,,,,15.1585,,,,,,insider-event,,7
EVENT,002019.SZ,20240205,20240205,,,,,,,,,40.0606,,,,,,insider-event,,7
EVENT,688690.SH,20240205,20240205,,,,,,,,,19.2204,,,,,,insider-event,,7
EVENT,002099.SZ,20240205,20240205,,,,,,,,,26.4424,,,,,,insider-event,,7
EVENT,301178.SZ,20240207,20240207,,,,,,,,,41.1412,,,,,,insider-event,,7
EVENT,300753.SZ,20240207,20240207,,,,,,,,,37.6367,,,,,,insider-event,,7
EVENT,300594.SZ,20240207,20240207,,,,,,,,,32.4836,,,,,,insider-event,,7
EVENT,301065.SZ,20240207,20240207,,,,,,,,,34.2797,,,,,,insider-event,,7
EVENT,301298.SZ,20240207,20240207,,,,,,,,,30.4403,,,,,,insider-event,,7
EVENT,300935.SZ,20240207,20240207,,,,,,,,,53.4666,,,,,,insider-event,,7
EVENT,300743.SZ,20240207,20240207,,,,,,,,,42.2658,,,,,,insider-event,,7
EVENT,300335.SZ,20240207,20240207,,,,,,,,,31.4405,,,,,,insider-event,,7
EVENT,300642.SZ,20240207,20240207,,,,,,,,,24.3941,,,,,,insider-event,,7
EVENT,301280.SZ,20240207,20240207,,,,,,,,,18.2252,,,,,,insider-event,,7
EVENT,300171.SZ,20240207,20240207,,,,,,,,,7.796,,,,,,insider-event,,7
EVENT,300885.SZ,20240207,20240207,,,,,,,,,44.0273,,,,,,insider-event,,7
EVENT,300686.SZ,20240207,20240207,,,,,,,,,43.6273,,,,,,insider-event,,7
EVENT,301176.SZ,20240207,20240207,,,,,,,,,46.5207,,,,,,insider-event,,7
EVENT,688610.SH,20240207,20240207,,,,,,,,,25.4768,,,,,,insider-event,,7
EVENT,688003.SH,20240207,20240207,,,,,,,,,19.1467,,,,,,insider-event,,7
EVENT,003023.SZ,20240207,20240207,,,,,,,,,27.4385,,,,,,insider-event,,7
EVENT,688768.SH,20240207,20240207,,,,,,,,,25.6087,,,,,,insider-event,,7
EVENT,300877.SZ,20240207,20240207,,,,,,,,,31.7256,,,,,,insider-event,,7
EVENT,300599.SZ,20240207,20240207,,,,,,,,,37.7821,,,,,,insider-event,,7
EVENT,002947.SZ,20240207,20240207,,,,,,,,,29.7156,,,,,,insider-event,,7
EVENT,300715.SZ,20240207,20240207,,,,,,,,,14.0926,,,,,,insider-event,,7
EVENT,002635.SZ,20240207,20240207,,,,,,,,,14.9793,,,,,,insider-event,,7
EVENT,002873.SZ,20240207,20240207,,,,,,,,,5.6427,,,,,,insider-event,,7
EVENT,003026.SZ,20240207,20240207,,,,,,,,,29.8278,,,,,,insider-event,,7
EVENT,300868.SZ,20240207,20240207,,,,,,,,,41.2885,,,,,,insider-event,,7
EVENT,601089.SH,20240207,20240207,,,,,,,,,10.7827,,,,,,insider-event,,7
EVENT,300479.SZ,20240207,20240207,,,,,,,,,21.1165,,,,,,insider-event,,7
EVENT,603115.SH,20240207,20240207,,,,,,,,,17.1615,,,,,,insider-event,,7
EVENT,002099.SZ,20240207,20240207,,,,,,,,,25.6331,,,,,,insider-event,,7
EVENT,001286.SZ,20240207,20240207,,,,,,,,,3.9646,,,,,,insider-event,,7
EVENT,688126.SH,20240207,20240207,,,,,,,,,8.2577,,,,,,insider-event,,7
EVENT,600884.SH,20240207,20240207,,,,,,,,,2.7706,,,,,,insider-event,,7
EVENT,688097.SH,20240207,20240207,,,,,,,,,43.5531,,,,,,insider-event,,7
EVENT,003010.SZ,20240207,20240207,,,,,,,,,27.7863,,,,,,insider-event,,7
EVENT,688603.SH,20240207,20240207,,,,,,,,,89.4084,,,,,,insider-event,,7
EVENT,002560.SZ,20240207,20240207,,,,,,,,,5.9592,,,,,,insider-event,,7
EVENT,688291.SH,20240207,20240207,,,,,,,,,28.8048,,,,,,insider-event,,7
EVENT,688681.SH,20240207,20240207,,,,,,,,,38.0326,,,,,,insider-event,,7
EVENT,301189.SZ,20240207,20240207,,,,,,,,,32.1791,,,,,,insider-event,,7
EVENT,300609.SZ,20240207,20240207,,,,,,,,,42.0624,,,,,,insider-event,,7
EVENT,001205.SZ,20240207,20240207,,,,,,,,,22.7035,,,,,,insider-event,,7
EVENT,002264.SZ,20240207,20240207,,,,,,,,,22.4851,,,,,,insider-event,,7
EVENT,300054.SZ,20240207,20240207,,,,,,,,,8.1693,,,,,,insider-event,,7
EVENT,300166.SZ,20240202,20240202,,,,,,,,,7.3891,,,,,,insider-event,,7
EVENT,600267.SH,20240202,20240202,,,,,,,,,12.5287,,,,,,insider-event,,7
EVENT,688298.SH,20240202,20240202,,,,,,,,,0.079,,,,,,insider-event,,7
EVENT,301321.SZ,20240220,20240220,,,,,,,,,22.3455,,,,,,insider-event,,7
EVENT,301116.SZ,20240220,20240220,,,,,,,,,15.4958,,,,,,insider-event,,7
EVENT,300643.SZ,20240220,20240220,,,,,,,,,11.1268,,,,,,insider-event,,7
EVENT,300588.SZ,20240220,20240220,,,,,,,,,23.3605,,,,,,insider-event,,7
EVENT,300143.SZ,20240220,20240220,,,,,,,,,2.9012,,,,,,insider-event,,7
EVENT,688618.SH,20240220,20240220,,,,,,,,,0.9277,,,,,,insider-event,,7
EVENT,300935.SZ,20240220,20240220,,,,,,,,,30.3867,,,,,,insider-event,,7
EVENT,688192.SH,20240220,20240220,,,,,,,,,6.3499,,,,,,insider-event,,7
EVENT,688616.SH,20240220,20240220,,,,,,,,,25.1492,,,,,,insider-event,,7
EVENT,603528.SH,20240220,20240220,,,,,,,,,28.6603,,,,,,insider-event,,7
EVENT,001324.SZ,20240220,20240220,,,,,,,,,12.7517,,,,,,insider-event,,7
EVENT,002753.SZ,20240220,20240220,,,,,,,,,23.4398,,,,,,insider-event,,7
EVENT,002885.SZ,20240221,20240221,,,,,,,,,16.0039,,,,,,insider-event,,7
EVENT,002921.SZ,20240221,20240221,,,,,,,,,20.8207,,,,,,insider-event,,7
EVENT,002899.SZ,20240221,20240221,,,,,,,,,20.0231,,,,,,insider-event,,7
EVENT,603096.SH,20240221,20240221,,,,,,,,,13.4804,,,,,,insider-event,,7
EVENT,001228.SZ,20240221,20240221,,,,,,,,,18.8766,,,,,,insider-event,,7
EVENT,301085.SZ,20240221,20240221,,,,,,,,,23.6099,,,,,,insider-event,,7
EVENT,300947.SZ,20240208,20240208,,,,,,,,,36.6438,,,,,,insider-event,,7
EVENT,300878.SZ,20240208,20240208,,,,,,,,,40.9829,,,,,,insider-event,,7
EVENT,301317.SZ,20240208,20240208,,,,,,,,,44.085,,,,,,insider-event,,7
EVENT,300903.SZ,20240208,20240208,,,,,,,,,57.0264,,,,,,insider-event,,7
EVENT,300836.SZ,20240208,20240208,,,,,,,,,60.9031,,,,,,insider-event,,7
EVENT,301123.SZ,20240208,20240208,,,,,,,,,39.7952,,,,,,insider-event,,7
EVENT,600173.SH,20240208,20240208,,,,,,,,,31.8293,,,,,,insider-event,,7
EVENT,002879.SZ,20240208,20240208,,,,,,,,,21.3348,,,,,,insider-event,,7
EVENT,001211.SZ,20240208,20240208,,,,,,,,,60.4886,,,,,,insider-event,,7
EVENT,002798.SZ,20240208,20240208,,,,,,,,,59.4158,,,,,,insider-event,,7
EVENT,002688.SZ,20240208,20240208,,,,,,,,,32.4504,,,,,,insider-event,,7
EVENT,300456.SZ,20240208,20240208,,,,,,,,,12.829,,,,,,insider-event,,7
EVENT,002098.SZ,20240208,20240208,,,,,,,,,36.8939,,,,,,insider-event,,7
EVENT,002846.SZ,20240208,20240208,,,,,,,,,54.8313,,,,,,insider-event,,7
EVENT,002117.SZ,20240208,20240208,,,,,,,,,15.5048,,,,,,insider-event,,7
EVENT,301323.SZ,20240208,20240208,,,,,,,,,23.5717,,,,,,insider-event,,7
EVENT,300407.SZ,20240208,20240208,,,,,,,,,44.3893,,,,,,insider-event,,7
EVENT,300562.SZ,20240208,20240208,,,,,,,,,56.2412,,,,,,insider-event,,7
EVENT,001256.SZ,20240208,20240208,,,,,,,,,24.7613,,,,,,insider-event,,7
EVENT,300629.SZ,20240208,20240208,,,,,,,,,10.5727,,,,,,insider-event,,7
EVENT,002979.SZ,20240208,20240208,,,,,,,,,47.5295,,,,,,insider-event,,7
EVENT,002376.SZ,20240208,20240208,,,,,,,,,22.0778,,,,,,insider-event,,7
EVENT,688619.SH,20240208,20240208,,,,,,,,,65.7985,,,,,,insider-event,,7
EVENT,688078.SH,20240208,20240208,,,,,,,,,42.8683,,,,,,insider-event,,7
EVENT,301248.SZ,20240208,20240208,,,,,,,,,56.3514,,,,,,insider-event,,7
EVENT,688484.SH,20240208,20240208,,,,,,,,,38.4794,,,,,,insider-event,,7
EVENT,603629.SH,20240208,20240208,,,,,,,,,48.0719,,,,,,insider-event,,7
EVENT,002008.SZ,20240208,20240208,,,,,,,,,0.6458,,,,,,insider-event,,7
EVENT,603002.SH,20240208,20240208,,,,,,,,,34.467,,,,,,insider-event,,7
EVENT,688220.SH,20240208,20240208,,,,,,,,,0.4311,,,,,,insider-event,,7
EVENT,603278.SH,20240208,20240208,,,,,,,,,38.4555,,,,,,insider-event,,7
EVENT,603115.SH,20240208,20240208,,,,,,,,,16.955,,,,,,insider-event,,7
EVENT,002645.SZ,20240208,20240208,,,,,,,,,31.8467,,,,,,insider-event,,7
EVENT,688166.SH,20240208,20240208,,,,,,,,,17.0188,,,,,,insider-event,,7
EVENT,603005.SH,20240208,20240208,,,,,,,,,7.6978,,,,,,insider-event,,7
EVENT,002687.SZ,20240208,20240208,,,,,,,,,17.7774,,,,,,insider-event,,7
EVENT,688288.SH,20240208,20240208,,,,,,,,,61.0557,,,,,,insider-event,,7
EVENT,600433.SH,20240208,20240208,,,,,,,,,10.9047,,,,,,insider-event,,7
EVENT,600746.SH,20240208,20240208,,,,,,,,,8.9204,,,,,,insider-event,,7
EVENT,603429.SH,20240208,20240208,,,,,,,,,27.9139,,,,,,insider-event,,7
EVENT,603811.SH,20240208,20240208,,,,,,,,,22.3863,,,,,,insider-event,,7
EVENT,688084.SH,20240208,20240208,,,,,,,,,42.5799,,,,,,insider-event,,7
EVENT,300639.SZ,20240208,20240208,,,,,,,,,2.672,,,,,,insider-event,,7
EVENT,688593.SH,20240208,20240208,,,,,,,,,30.1658,,,,,,insider-event,,7
EVENT,603633.SH,20240208,20240208,,,,,,,,,20.8062,,,,,,insider-event,,7
EVENT,301321.SZ,20240222,20240222,,,,,,,,,15.0405,,,,,,insider-event,,7
EVENT,603626.SH,20240222,20240222,,,,,,,,,17.8343,,,,,,insider-event,,7
EVENT,301270.SZ,20240219,20240219,,,,,,,,,3.8617,,,,,,insider-event,,7
EVENT,688288.SH,20240219,20240219,,,,,,,,,41.7762,,,,,,insider-event,,7
EVENT,002712.SZ,20240219,20240219,,,,,,,,,26.6683,,,,,,insider-event,,7
EVENT,300162.SZ,20240219,20240219,,,,,,,,,28.8943,,,,,,insider-event,,7
EVENT,300564.SZ,20240219,20240219,,,,,,,,,47.0751,,,,,,insider-event,,7
EVENT,002492.SZ,20240219,20240219,,,,,,,,,18.2201,,,,,,insider-event,,7
EVENT,300245.SZ,20240219,20240219,,,,,,,,,26.3182,,,,,,insider-event,,7
EVENT,002802.SZ,20240219,20240219,,,,,,,,,30.8784,,,,,,insider-event,,7
EVENT,603166.SH,20240219,20240219,,,,,,,,,18.6409,,,,,,insider-event,,7
EVENT,002798.SZ,20240219,20240219,,,,,,,,,46.716,,,,,,insider-event,,7
EVENT,001201.SZ,20240219,20240219,,,,,,,,,9.2628,,,,,,insider-event,,7
EVENT,301158.SZ,20240219,20240219,,,,,,,,,15.0569,,,,,,insider-event,,7
EVENT,688646.SH,20240219,20240219,,,,,,,,,5.7759,,,,,,insider-event,,7
EVENT,688528.SH,20240219,20240219,,,,,,,,,43.5886,,,,,,insider-event,,7
EVENT,688517.SH,20240219,20240219,,,,,,,,,16.2706,,,,,,insider-event,,7
EVENT,300939.SZ,20240219,20240219,,,,,,,,,5.8328,,,,,,insider-event,,7
EVENT,603115.SH,20240219,20240219,,,,,,,,,9.1081,,,,,,insider-event,,7
EVENT,001324.SZ,20240219,20240219,,,,,,,,,17.7351,,,,,,insider-event,,7
EVENT,300881.SZ,20240219,20240219,,,,,,,,,20.3583,,,,,,insider-event,,7
EVENT,002658.SZ,20240219,20240219,,,,,,,,,10.6586,,,,,,insider-event,,7
EVENT,301397.SZ,20240219,20240219,,,,,,,,,2.9452,,,,,,insider-event,,7
EVENT,301298.SZ,20240219,20240219,,,,,,,,,12.264,,,,,,insider-event,,7
EVENT,002117.SZ,20240219,20240219,,,,,,,,,4.528,,,,,,insider-event,,7
EVENT,003010.SZ,20240219,20240219,,,,,,,,,20.4948,,,,,,insider-event,,7
EVENT,301486.SZ,20240219,20240219,,,,,,,,,14.9414,,,,,,insider-event,,7
EVENT,002420.SZ,20240219,20240219,,,,,,,,,41.5826,,,,,,insider-event,,7
EVENT,603429.SH,20240219,20240219,,,,,,,,,18.0707,,,,,,insider-event,,7
EVENT,002376.SZ,20240219,20240219,,,,,,,,,11.21,,,,,,insider-event,,7
EVENT,600192.SH,20240219,20240219,,,,,,,,,41.5509,,,,,,insider-event,,7
EVENT,003004.SZ,20240223,20240223,,,,,,,,,13.1539,,,,,,insider-event,,7
EVENT,002312.SZ,20240223,20240223,,,,,,,,,0.0597,,,,,,insider-event,,7
EVENT,688237.SH,20240223,20240223,,,,,,,,,3.5961,,,,,,insider-event,,7
EVENT,301366.SZ,20240226,20240226,,,,,,,,,22.3566,,,,,,insider-event,,7
EVENT,688206.SH,20240201,20240201,,,,,,,,,8.3499,,,,,,insider-event,,7
EVENT,688690.SH,20240201,20240201,,,,,,,,,17.0317,,,,,,insider-event,,7
EVENT,300578.SZ,20240201,20240201,,,,,,,,,10.1954,,,,,,insider-event,,7
EVENT,300835.SZ,20240201,20240201,,,,,,,,,-3.2452,,,,,,insider-event,,7
EVENT,300597.SZ,20240229,20240229,,,,,,,,,16.7566,,,,,,insider-event,,7
EVENT,300035.SZ,20240206,20240206,,,,,,,,,11.6272,,,,,,insider-event,,6
EVENT,300005.SZ,20240206,20240206,,,,,,,,,31.5923,,,,,,insider-event,,6
EVENT,301079.SZ,20240206,20240206,,,,,,,,,41.4894,,,,,,insider-event,,6
EVENT,300922.SZ,20240206,20240206,,,,,,,,,37.5771,,,,,,insider-event,,6
EVENT,300095.SZ,20240206,20240206,,,,,,,,,27.9225,,,,,,insider-event,,6
EVENT,300447.SZ,20240206,20240206,,,,,,,,,31.2643,,,,,,insider-event,,6
EVENT,300912.SZ,20240206,20240206,,,,,,,,,33.9471,,,,,,insider-event,,6
EVENT,300110.SZ,20240206,20240206,,,,,,,,,17.9424,,,,,,insider-event,,6
EVENT,300233.SZ,20240206,20240206,,,,,,,,,11.3716,,,,,,insider-event,,6
EVENT,688029.SH,20240206,20240206,,,,,,,,,45.4514,,,,,,insider-event,,6
EVENT,688337.SH,20240206,20240206,,,,,,,,,35.7192,,,,,,insider-event,,6
EVENT,300708.SZ,20240206,20240206,,,,,,,,,10.7943,,,,,,insider-event,,6
EVENT,300132.SZ,20240206,20240206,,,,,,,,,34.9345,,,,,,insider-event,,6
EVENT,301107.SZ,20240206,20240206,,,,,,,,,41.0481,,,,,,insider-event,,6
EVENT,300611.SZ,20240206,20240206,,,,,,,,,32.6834,,,,,,insider-event,,6
EVENT,301055.SZ,20240206,20240206,,,,,,,,,35.5843,,,,,,insider-event,,6
EVENT,603063.SH,20240206,20240206,,,,,,,,,29.9128,,,,,,insider-event,,6
EVENT,688088.SH,20240206,20240206,,,,,,,,,29.8275,,,,,,insider-event,,6
EVENT,300166.SZ,20240205,20240205,,,,,,,,,11.0017,,,,,,insider-event,,6
EVENT,300179.SZ,20240205,20240205,,,,,,,,,12.7586,,,,,,insider-event,,6
EVENT,688343.SH,20240205,20240205,,,,,,,,,10.3377,,,,,,insider-event,,6
EVENT,688581.SH,20240205,20240205,,,,,,,,,53.1195,,,,,,insider-event,,6
EVENT,688007.SH,20240205,20240205,,,,,,,,,46.5997,,,,,,insider-event,,6
EVENT,002291.SZ,20240205,20240205,,,,,,,,,11.9645,,,,,,insider-event,,6
EVENT,688432.SH,20240205,20240205,,,,,,,,,10.3121,,,,,,insider-event,,6
EVENT,688610.SH,20240205,20240205,,,,,,,,,18.1494,,,,,,insider-event,,6
EVENT,300128.SZ,20240205,20240205,,,,,,,,,-8.3205,,,,,,insider-event,,6
EVENT,688129.SH,20240205,20240205,,,,,,,,,11.0879,,,,,,insider-event,,6
EVENT,000036.SZ,20240205,20240205,,,,,,,,,-1.8984,,,,,,insider-event,,6
EVENT,300873.SZ,20240207,20240207,,,,,,,,,9.6768,,,,,,insider-event,,6
EVENT,300158.SZ,20240207,20240207,,,,,,,,,8.0781,,,,,,insider-event,,6
EVENT,301257.SZ,20240207,20240207,,,,,,,,,19.1989,,,,,,insider-event,,6
EVENT,300860.SZ,20240207,20240207,,,,,,,,,16.9146,,,,,,insider-event,,6
EVENT,301068.SZ,20240207,20240207,,,,,,,,,30.3476,,,,,,insider-event,,6
EVENT,300240.SZ,20240207,20240207,,,,,,,,,35.3604,,,,,,insider-event,,6
EVENT,300800.SZ,20240207,20240207,,,,,,,,,26.6195,,,,,,insider-event,,6
EVENT,300036.SZ,20240207,20240207,,,,,,,,,10.2448,,,,,,insider-event,,6
EVENT,301071.SZ,20240207,20240207,,,,,,,,,17.6357,,,,,,insider-event,,6
EVENT,300639.SZ,20240207,20240207,,,,,,,,,6.481,,,,,,insider-event,,6
EVENT,301092.SZ,20240207,20240207,,,,,,,,,23.1316,,,,,,insider-event,,6
EVENT,301233.SZ,20240207,20240207,,,,,,,,,30.5971,,,,,,insider-event,,6
EVENT,688007.SH,20240207,20240207,,,,,,,,,45.7373,,,,,,insider-event,,6
EVENT,688478.SH,20240207,20240207,,,,,,,,,67.8021,,,,,,insider-event,,6
EVENT,603429.SH,20240207,20240207,,,,,,,,,21.5342,,,,,,insider-event,,6
EVENT,600661.SH,20240207,20240207,,,,,,,,,26.1659,,,,,,insider-event,,6
EVENT,002266.SZ,20240207,20240207,,,,,,,,,7.6816,,,,,,insider-event,,6
EVENT,002111.SZ,20240207,20240207,,,,,,,,,12.4918,,,,,,insider-event,,6
EVENT,688523.SH,20240207,20240207,,,,,,,,,15.1693,,,,,,insider-event,,6
EVENT,300259.SZ,20240207,20240207,,,,,,,,,19.3402,,,,,,insider-event,,6
EVENT,300285.SZ,20240207,20240207,,,,,,,,,1.8322,,,,,,insider-event,,6
EVENT,688662.SH,20240207,20240207,,,,,,,,,86.2308,,,,,,insider-event,,6
EVENT,300200.SZ,20240207,20240207,,,,,,,,,16.4735,,,,,,insider-event,,6
EVENT,002687.SZ,20240207,20240207,,,,,,,,,14.6888,,,,,,insider-event,,6
EVENT,002769.SZ,20240207,20240207,,,,,,,,,38.2147,,,,,,insider-event,,6
EVENT,000035.SZ,20240207,20240207,,,,,,,,,7.9196,,,,,,insider-event,,6
EVENT,688683.SH,20240207,20240207,,,,,,,,,47.9,,,,,,insider-event,,6
EVENT,000555.SZ,20240207,20240207,,,,,,,,,9.3374,,,,,,insider-event,,6
EVENT,001256.SZ,20240207,20240207,,,,,,,,,16.8341,,,,,,insider-event,,6
EVENT,688088.SH,20240207,20240207,,,,,,,,,21.1073,,,,,,insider-event,,6
EVENT,002457.SZ,20240207,20240207,,,,,,,,,11.6113,,,,,,insider-event,,6
EVENT,002402.SZ,20240207,20240207,,,,,,,,,24.1978,,,,,,insider-event,,6
EVENT,605183.SH,20240207,20240207,,,,,,,,,9.2657,,,,,,insider-event,,6
EVENT,002093.SZ,20240207,20240207,,,,,,,,,11.0503,,,,,,insider-event,,6
EVENT,002688.SZ,20240207,20240207,,,,,,,,,25.7367,,,,,,insider-event,,6
EVENT,300453.SZ,20240207,20240207,,,,,,,,,16.7145,,,,,,insider-event,,6
EVENT,002979.SZ,20240207,20240207,,,,,,,,,47.9654,,,,,,insider-event,,6
EVENT,002273.SZ,20240207,20240207,,,,,,,,,21.6941,,,,,,insider-event,,6
EVENT,688458.SH,20240207,20240207,,,,,,,,,59.7702,,,,,,insider-event,,6
EVENT,688025.SH,20240207,20240207,,,,,,,,,79.8666,,,,,,insider-event,,6
EVENT,600929.SH,20240207,20240207,,,,,,,,,12.1571,,,,,,insider-event,,6
EVENT,002532.SZ,20240207,20240207,,,,,,,,,10.6837,,,,,,insider-event,,6
EVENT,002391.SZ,20240207,20240207,,,,,,,,,11.7186,,,,,,insider-event,,6
EVENT,002234.SZ,20240207,20240207,,,,,,,,,6.8137,,,,,,insider-event,,6
EVENT,300997.SZ,20240207,20240207,,,,,,,,,21.7872,,,,,,insider-event,,6
EVENT,300128.SZ,20240207,20240207,,,,,,,,,20.5936,,,,,,insider-event,,6
EVENT,300597.SZ,20240207,20240207,,,,,,,,,23.4886,,,,,,insider-event,,6
EVENT,001313.SZ,20240207,20240207,,,,,,,,,15.9442,,,,,,insider-event,,6
EVENT,688083.SH,20240207,20240207,,,,,,,,,14.8531,,,,,,insider-event,,6
EVENT,688630.SH,20240207,20240207,,,,,,,,,37.2443,,,,,,insider-event,,6
EVENT,605089.SH,20240207,20240207,,,,,,,,,35.3288,,,,,,insider-event,,6
EVENT,603629.SH,20240207,20240207,,,,,,,,,42.4282,,,,,,insider-event,,6
EVENT,601969.SH,20240207,20240207,,,,,,,,,18.9268,,,,,,insider-event,,6
EVENT,688255.SH,20240207,20240207,,,,,,,,,25.3691,,,,,,insider-event,,6
EVENT,003002.SZ,20240207,20240207,,,,,,,,,15.1832,,,,,,insider-event,,6
EVENT,002408.SZ,20240207,20240207,,,,,,,,,17.6374,,,,,,insider-event,,6
EVENT,688400.SH,20240207,20240207,,,,,,,,,6.5814,,,,,,insider-event,,6
EVENT,300566.SZ,20240207,20240207,,,,,,,,,49.1048,,,,,,insider-event,,6
EVENT,600497.SH,20240207,20240207,,,,,,,,,6.6187,,,,,,insider-event,,6
EVENT,002734.SZ,20240207,20240207,,,,,,,,,25.9511,,,,,,insider-event,,6
EVENT,688485.SH,20240207,20240207,,,,,,,,,20.5386,,,,,,insider-event,,6
EVENT,688739.SH,20240207,20240207,,,,,,,,,2.2331,,,,,,insider-event,,6
EVENT,002970.SZ,20240207,20240207,,,,,,,,,21.6796,,,,,,insider-event,,6
EVENT,002933.SZ,20240207,20240207,,,,,,,,,24.4573,,,,,,insider-event,,6
EVENT,300575.SZ,20240207,20240207,,,,,,,,,18.4616,,,,,,insider-event,,6
EVENT,688105.SH,20240207,20240207,,,,,,,,,9.2007,,,,,,insider-event,,6
EVENT,688571.SH,20240207,20240207,,,,,,,,,29.0866,,,,,,insider-event,,6
EVENT,300702.SZ,20240202,20240202,,,,,,,,,-1.1813,,,,,,insider-event,,6
EVENT,000547.SZ,20240202,20240202,,,,,,,,,3.9095,,,,,,insider-event,,6
EVENT,603990.SH,20240202,20240202,,,,,,,,,-13.5624,,,,,,insider-event,,6
EVENT,688383.SH,20240202,20240202,,,,,,,,,-10.4217,,,,,,insider-event,,6
EVENT,600433.SH,20240202,20240202,,,,,,,,,2.1976,,,,,,insider-event,,6
EVENT,688012.SH,20240202,20240202,,,,,,,,,11.945,,,,,,insider-event,,6
EVENT,605133.SH,20240202,20240202,,,,,,,,,7.9813,,,,,,insider-event,,6
EVENT,301336.SZ,20240220,20240220,,,,,,,,,26.334,,,,,,insider-event,,6
EVENT,300135.SZ,20240220,20240220,,,,,,,,,27.6375,,,,,,insider-event,,6
EVENT,301518.SZ,20240220,20240220,,,,,,,,,24.8233,,,,,,insider-event,,6
EVENT,301389.SZ,20240220,20240220,,,,,,,,,20.183,,,,,,insider-event,,6
EVENT,300828.SZ,20240220,20240220,,,,,,,,,23.6144,,,,,,insider-event,,6
EVENT,301323.SZ,20240220,20240220,,,,,,,,,9.4796,,,,,,insider-event,,6
EVENT,300074.SZ,20240220,20240220,,,,,,,,,19.4863,,,,,,insider-event,,6
EVENT,600746.SH,20240220,20240220,,,,,,,,,6.3027,,,,,,insider-event,,6
EVENT,605018.SH,20240220,20240220,,,,,,,,,18.0221,,,,,,insider-event,,6
EVENT,688078.SH,20240220,20240220,,,,,,,,,6.9889,,,,,,insider-event,,6
EVENT,688610.SH,20240220,20240220,,,,,,,,,15.1112,,,,,,insider-event,,6
EVENT,605055.SH,20240220,20240220,,,,,,,,,35.5079,,,,,,insider-event,,6
EVENT,688244.SH,20240220,20240220,,,,,,,,,0.6671,,,,,,insider-event,,6
EVENT,002164.SZ,20240220,20240220,,,,,,,,,17.9275,,,,,,insider-event,,6
EVENT,300321.SZ,20240220,20240220,,,,,,,,,33.9486,,,,,,insider-event,,6
EVENT,001360.SZ,20240220,20240220,,,,,,,,,17.6707,,,,,,insider-event,,6
EVENT,002272.SZ,20240220,20240220,,,,,,,,,25.6806,,,,,,insider-event,,6
EVENT,002908.SZ,20240220,20240220,,,,,,,,,0.2419,,,,,,insider-event,,6
EVENT,002951.SZ,20240220,20240220,,,,,,,,,64.6617,,,,,,insider-event,,6
EVENT,003004.SZ,20240220,20240220,,,,,,,,,22.0149,,,,,,insider-event,,6
EVENT,003002.SZ,20240220,20240220,,,,,,,,,0.4488,,,,,,insider-event,,6
EVENT,002072.SZ,20240220,20240220,,,,,,,,,50.1271,,,,,,insider-event,,6
EVENT,002286.SZ,20240220,20240220,,,,,,,,,22.2355,,,,,,insider-event,,6
EVENT,002836.SZ,20240221,20240221,,,,,,,,,31.5022,,,,,,insider-event,,6
EVENT,002811.SZ,20240221,20240221,,,,,,,,,44.7719,,,,,,insider-event,,6
EVENT,603726.SH,20240221,20240221,,,,,,,,,26.3124,,,,,,insider-event,,6
EVENT,688232.SH,20240221,20240221,,,,,,,,,2.8722,,,,,,insider-event,,6
EVENT,300285.SZ,20240208,20240208,,,,,,,,,-0.0348,,,,,,insider-event,,6
EVENT,301097.SZ,20240208,20240208,,,,,,,,,33.0818,,,,,,insider-event,,6
EVENT,300463.SZ,20240208,20240208,,,,,,,,,2.0798,,,,,,insider-event,,6
EVENT,301033.SZ,20240208,20240208,,,,,,,,,51.5713,,,,,,insider-event,,6
EVENT,300985.SZ,20240208,20240208,,,,,,,,,42.5617,,,,,,insider-event,,6
EVENT,300158.SZ,20240208,20240208,,,,,,,,,1.3406,,,,,,insider-event,,6
EVENT,300642.SZ,20240208,20240208,,,,,,,,,30.5221,,,,,,insider-event,,6
EVENT,301121.SZ,20240208,20240208,,,,,,,,,52.2284,,,,,,insider-event,,6
EVENT,300246.SZ,20240208,20240208,,,,,,,,,51.6192,,,,,,insider-event,,6
EVENT,300802.SZ,20240208,20240208,,,,,,,,,34.7275,,,,,,insider-event,,6
EVENT,002375.SZ,20240208,20240208,,,,,,,,,10.7902,,,,,,insider-event,,6
EVENT,002951.SZ,20240208,20240208,,,,,,,,,72.5282,,,,,,insider-event,,6
EVENT,600793.SH,20240208,20240208,,,,,,,,,30.2347,,,,,,insider-event,,6
EVENT,603990.SH,20240208,20240208,,,,,,,,,13.0586,,,,,,insider-event,,6
EVENT,300244.SZ,20240208,20240208,,,,,,,,,8.7189,,,,,,insider-event,,6
EVENT,300143.SZ,20240208,20240208,,,,,,,,,2.7691,,,,,,insider-event,,6
EVENT,300758.SZ,20240208,20240208,,,,,,,,,37.4185,,,,,,insider-event,,6
EVENT,300054.SZ,20240208,20240208,,,,,,,,,2.9218,,,,,,insider-event,,6
EVENT,301335.SZ,20240208,20240208,,,,,,,,,31.9729,,,,,,insider-event,,6
EVENT,002058.SZ,20240208,20240208,,,,,,,,,31.3303,,,,,,insider-event,,6
EVENT,003001.SZ,20240208,20240208,,,,,,,,,53.7648,,,,,,insider-event,,6
EVENT,688260.SH,20240208,20240208,,,,,,,,,79.4901,,,,,,insider-event,,6
EVENT,000608.SZ,20240208,20240208,,,,,,,,,41.0348,,,,,,insider-event,,6
EVENT,688517.SH,20240208,20240208,,,,,,,,,45.628,,,,,,insider-event,,6
EVENT,001205.SZ,20240208,20240208,,,,,,,,,22.9599,,,,,,insider-event,,6
EVENT,300567.SZ,20240208,20240208,,,,,,,,,19.3793,,,,,,insider-event,,6
EVENT,301206.SZ,20240208,20240208,,,,,,,,,8.964,,,,,,insider-event,,6
EVENT,002111.SZ,20240208,20240208,,,,,,,,,23.4874,,,,,,insider-event,,6
EVENT,002457.SZ,20240208,20240208,,,,,,,,,24.5137,,,,,,insider-event,,6
EVENT,002093.SZ,20240208,20240208,,,,,,,,,25.5976,,,,,,insider-event,,6
EVENT,002351.SZ,20240208,20240208,,,,,,,,,8.3137,,,,,,insider-event,,6
EVENT,002933.SZ,20240208,20240208,,,,,,,,,29.7317,,,,,,insider-event,,6
EVENT,603506.SH,20240208,20240208,,,,,,,,,38.3935,,,,,,insider-event,,6
EVENT,688286.SH,20240208,20240208,,,,,,,,,74.0307,,,,,,insider-event,,6
EVENT,603967.SH,20240208,20240208,,,,,,,,,24.9688,,,,,,insider-event,,6
EVENT,603818.SH,20240208,20240208,,,,,,,,,46.3548,,,,,,insider-event,,6
EVENT,688683.SH,20240208,20240208,,,,,,,,,71.2733,,,,,,insider-event,,6
EVENT,002099.SZ,20240208,20240208,,,,,,,,,15.7762,,,,,,insider-event,,6
EVENT,603936.SH,20240208,20240208,,,,,,,,,25.7395,,,,,,insider-event,,6
EVENT,688659.SH,20240208,20240208,,,,,,,,,60.1231,,,,,,insider-event,,6
EVENT,605298.SH,20240208,20240208,,,,,,,,,62.0036,,,,,,insider-event,,6
EVENT,688047.SH,20240208,20240208,,,,,,,,,21.6025,,,,,,insider-event,,6
EVENT,603399.SH,20240208,20240208,,,,,,,,,29.4746,,,,,,insider-event,,6
EVENT,688362.SH,20240208,20240208,,,,,,,,,29.6462,,,,,,insider-event,,6
EVENT,600661.SH,20240208,20240208,,,,,,,,,57.015,,,,,,insider-event,,6
EVENT,688193.SH,20240208,20240208,,,,,,,,,46.714,,,,,,insider-event,,6
EVENT,688571.SH,20240208,20240208,,,,,,,,,33.3202,,,,,,insider-event,,6
EVENT,600109.SH,20240208,20240208,,,,,,,,,0.641,,,,,,insider-event,,6
EVENT,603725.SH,20240208,20240208,,,,,,,,,44.706,,,,,,insider-event,,6
EVENT,301228.SZ,20240208,20240208,,,,,,,,,78.2714,,,,,,insider-event,,6
EVENT,300084.SZ,20240208,20240208,,,,,,,,,29.2916,,,,,,insider-event,,6
EVENT,301110.SZ,20240208,20240208,,,,,,,,,39.5238,,,,,,insider-event,,6
EVENT,300571.SZ,20240208,20240208,,,,,,,,,32.189,,,,,,insider-event,,6
EVENT,002455.SZ,20240208,20240208,,,,,,,,,54.6035,,,,,,insider-event,,6
EVENT,688700.SH,20240208,20240208,,,,,,,,,44.2714,,,,,,insider-event,,6
EVENT,003030.SZ,20240208,20240208,,,,,,,,,33.9074,,,,,,insider-event,,6
EVENT,688596.SH,20240208,20240208,,,,,,,,,14.1093,,,,,,insider-event,,6
EVENT,688356.SH,20240208,20240208,,,,,,,,,29.1218,,,,,,insider-event,,6
EVENT,688553.SH,20240208,20240208,,,,,,,,,18.439,,,,,,insider-event,,6
EVENT,600865.SH,20240208,20240208,,,,,,,,,30.3009,,,,,,insider-event,,6
EVENT,603127.SH,20240208,20240208,,,,,,,,,21.3354,,,,,,insider-event,,6
EVENT,603221.SH,20240208,20240208,,,,,,,,,45.1735,,,,,,insider-event,,6
EVENT,603711.SH,20240208,20240208,,,,,,,,,15.6822,,,,,,insider-event,,6
EVENT,688176.SH,20240208,20240208,,,,,,,,,52.5905,,,,,,insider-event,,6
EVENT,688373.SH,20240208,20240208,,,,,,,,,37.1125,,,,,,insider-event,,6
EVENT,301225.SZ,20240222,20240222,,,,,,,,,15.886,,,,,,insider-event,,6
EVENT,301059.SZ,20240222,20240222,,,,,,,,,13.9168,,,,,,insider-event,,6
EVENT,300822.SZ,20240222,20240222,,,,,,,,,16.5176,,,,,,insider-event,,6
EVENT,300903.SZ,20240222,20240222,,,,,,,,,33.4256,,,,,,insider-event,,6
EVENT,002098.SZ,20240222,20240222,,,,,,,,,9.5323,,,,,,insider-event,,6
EVENT,301280.SZ,20240222,20240222,,,,,,,,,25.8119,,,,,,insider-event,,6
EVENT,002331.SZ,20240222,20240222,,,,,,,,,21.9633,,,,,,insider-event,,6
EVENT,688699.SH,20240222,20240222,,,,,,,,,16.4988,,,,,,insider-event,,6
EVENT,688593.SH,20240222,20240222,,,,,,,,,9.1853,,,,,,insider-event,,6
EVENT,600645.SH,20240222,20240222,,,,,,,,,6.2276,,,,,,insider-event,,6
EVENT,301033.SZ,20240222,20240222,,,,,,,,,17.0654,,,,,,insider-event,,6
EVENT,300640.SZ,20240219,20240219,,,,,,,,,27.6019,,,,,,insider-event,,6
EVENT,301313.SZ,20240219,20240219,,,,,,,,,12.426,,,,,,insider-event,,6
EVENT,301097.SZ,20240219,20240219,,,,,,,,,14.3349,,,,,,insider-event,,6
EVENT,300845.SZ,20240219,20240219,,,,,,,,,44.2189,,,,,,insider-event,,6
EVENT,300995.SZ,20240219,20240219,,,,,,,,,49.3443,,,,,,insider-event,,6
EVENT,301107.SZ,20240219,20240219,,,,,,,,,25.563,,,,,,insider-event,,6
EVENT,301280.SZ,20240219,20240219,,,,,,,,,28.7267,,,,,,insider-event,,6
EVENT,300786.SZ,20240219,20240219,,,,,,,,,75.4191,,,,,,insider-event,,6
EVENT,300371.SZ,20240219,20240219,,,,,,,,,24.9231,,,,,,insider-event,,6
EVENT,000925.SZ,20240219,20240219,,,,,,,,,11.7965,,,,,,insider-event,,6
EVENT,600067.SH,20240219,20240219,,,,,,,,,22.3202,,,,,,insider-event,,6
EVENT,688143.SH,20240219,20240219,,,,,,,,,16.4675,,,,,,insider-event,,6
EVENT,603725.SH,20240219,20240219,,,,,,,,,25.5877,,,,,,insider-event,,6
EVENT,300171.SZ,20240219,20240219,,,,,,,,,0.4648,,,,,,insider-event,,6
EVENT,300335.SZ,20240219,20240219,,,,,,,,,20.7462,,,,,,insider-event,,6
EVENT,300448.SZ,20240219,20240219,,,,,,,,,32.6981,,,,,,insider-event,,6
EVENT,002996.SZ,20240219,20240219,,,,,,,,,26.5112,,,,,,insider-event,,6
EVENT,001202.SZ,20240219,20240219,,,,,,,,,25.3308,,,,,,insider-event,,6
EVENT,300441.SZ,20240219,20240219,,,,,,,,,9.8795,,,,,,insider-event,,6
EVENT,300407.SZ,20240219,20240219,,,,,,,,,25.37,,,,,,insider-event,,6
EVENT,002375.SZ,20240219,20240219,,,,,,,,,0.363,,,,,,insider-event,,6
EVENT,002657.SZ,20240219,20240219,,,,,,,,,19.0839,,,,,,insider-event,,6
EVENT,688088.SH,20240219,20240219,,,,,,,,,-2.7737,,,,,,insider-event,,6
EVENT,688038.SH,20240219,20240219,,,,,,,,,44.765,,,,,,insider-event,,6
EVENT,002058.SZ,20240219,20240219,,,,,,,,,18.4144,,,,,,insider-event,,6
EVENT,603378.SH,20240219,20240219,,,,,,,,,22.5818,,,,,,insider-event,,6
EVENT,002836.SZ,20240219,20240219,,,,,,,,,47.7288,,,,,,insider-event,,6
EVENT,300868.SZ,20240219,20240219,,,,,,,,,43.4468,,,,,,insider-event,,6
EVENT,002811.SZ,20240219,20240219,,,,,,,,,60.5149,,,,,,insider-event,,6
EVENT,301290.SZ,20240219,20240219,,,,,,,,,3.961,,,,,,insider-event,,6
EVENT,301063.SZ,20240219,20240219,,,,,,,,,30.2414,,,,,,insider-event,,6
EVENT,600539.SH,20240219,20240219,,,,,,,,,48.8321,,,,,,insider-event,,6
EVENT,600865.SH,20240219,20240219,,,,,,,,,17.3633,,,,,,insider-event,,6
EVENT,603039.SH,20240219,20240219,,,,,,,,,2.3887,,,,,,insider-event,,6
EVENT,002208.SZ,20240219,20240219,,,,,,,,,9.1551,,,,,,insider-event,,6
EVENT,605388.SH,20240219,20240219,,,,,,,,,16.0658,,,,,,insider-event,,6
EVENT,603182.SH,20240219,20240219,,,,,,,,,27.3162,,,,,,insider-event,,6
EVENT,603967.SH,20240219,20240219,,,,,,,,,12.6377,,,,,,insider-event,,6
EVENT,603201.SH,20240219,20240219,,,,,,,,,12.7039,,,,,,insider-event,,6
EVENT,002873.SZ,20240219,20240219,,,,,,,,,5.6917,,,,,,insider-event,,6
EVENT,002879.SZ,20240219,20240219,,,,,,,,,10.7846,,,,,,insider-event,,6
EVENT,000949.SZ,20240219,20240219,,,,,,,,,6.7579,,,,,,insider-event,,6
EVENT,002452.SZ,20240219,20240219,,,,,,,,,30.8625,,,,,,insider-event,,6
EVENT,002921.SZ,20240219,20240219,,,,,,,,,35.2588,,,,,,insider-event,,6
EVENT,600746.SH,20240219,20240219,,,,,,,,,2.5591,,,,,,insider-event,,6
EVENT,001296.SZ,20240219,20240219,,,,,,,,,12.548,,,,,,insider-event,,6
EVENT,002082.SZ,20240219,20240219,,,,,,,,,22.0467,,,,,,insider-event,,6
EVENT,688315.SH,20240219,20240219,,,,,,,,,2.27,,,,,,insider-event,,6
EVENT,688123.SH,20240219,20240219,,,,,,,,,24.9615,,,,,,insider-event,,6
EVENT,688681.SH,20240219,20240219,,,,,,,,,29.3306,,,,,,insider-event,,6
EVENT,688089.SH,20240219,20240219,,,,,,,,,12.8788,,,,,,insider-event,,6
EVENT,688700.SH,20240219,20240219,,,,,,,,,35.3445,,,,,,insider-event,,6
EVENT,002826.SZ,20240219,20240219,,,,,,,,,36.7656,,,,,,insider-event,,6
EVENT,603755.SH,20240219,20240219,,,,,,,,,20.3367,,,,,,insider-event,,6
EVENT,603933.SH,20240219,20240219,,,,,,,,,35.2589,,,,,,insider-event,,6
EVENT,688523.SH,20240219,20240219,,,,,,,,,8.0811,,,,,,insider-event,,6
EVENT,300135.SZ,20240223,20240223,,,,,,,,,6.8534,,,,,,insider-event,,6
EVENT,001299.SZ,20240223,20240223,,,,,,,,,13.3455,,,,,,insider-event,,6
EVENT,688195.SH,20240223,20240223,,,,,,,,,9.1147,,,,,,insider-event,,6
EVENT,002796.SZ,20240223,20240223,,,,,,,,,16.1955,,,,,,insider-event,,6
EVENT,603119.SH,20240223,20240223,,,,,,,,,11.1855,,,,,,insider-event,,6
EVENT,301225.SZ,20240226,20240226,,,,,,,,,2.734,,,,,,insider-event,,6
EVENT,301116.SZ,20240226,20240226,,,,,,,,,2.5308,,,,,,insider-event,,6
EVENT,603028.SH,20240226,20240226,,,,,,,,,7.7249,,,,,,insider-event,,6
EVENT,300828.SZ,20240226,20240226,,,,,,,,,12.4003,,,,,,insider-event,,6
EVENT,301305.SZ,20240301,20240301,,,,,,,,,3.6387,,,,,,insider-event,,8
EVENT,001255.SZ,20240301,20240301,,,,,,,,,10.5585,,,,,,insider-event,,7
EVENT,688565.SH,20240301,20240301,,,,,,,,,5.6038,,,,,,insider-event,,7
EVENT,000576.SZ,20240306,20240306,,,,,,,,,6.8133,,,,,,insider-event,,6
EVENT,301148.SZ,20240328,20240328,,,,,,,,,0.1608,,,,,,insider-event,,6
EVENT,600109.SH,20240306,20240306,,,,,,,,,-4.9678,,,,,,insider-event,,5
EVENT,000576.SZ,20240308,20240308,,,,,,,,,11.1064,,,,,,insider-event,,5
EVENT,002420.SZ,20240301,20240301,,,,,,,,,11.3839,,,,,,insider-event,,5
EVENT,301233.SZ,20240301,20240301,,,,,,,,,28.997,,,,,,insider-event,,5
EVENT,002972.SZ,20240312,20240312,,,,,,,,,-0.0398,,,,,,insider-event,,5
EVENT,300684.SZ,20240307,20240307,,,,,,,,,-16.2005,,,,,,insider-event,,5
EVENT,603879.SH,20240311,20240311,,,,,,,,,25.8554,,,,,,insider-event,,5
EVENT,301246.SZ,20240322,20240322,,,,,,,,,7.5524,,,,,,insider-event,,5
EVENT,000661.SZ,20240321,20240321,,,,,,,,,-3.6763,,,,,,insider-event,,5
EVENT,603378.SH,20240325,20240325,,,,,,,,,-11.6229,,,,,,insider-event,,5
EVENT,300250.SZ,20240305,20240305,,,,,,,,,0.7254,,,,,,insider-event,,4
EVENT,300825.SZ,20240305,20240305,,,,,,,,,5.1379,,,,,,insider-event,,4
EVENT,003019.SZ,20240305,20240305,,,,,,,,,5.0663,,,,,,insider-event,,4
EVENT,301300.SZ,20240304,20240304,,,,,,,,,11.6194,,,,,,insider-event,,4
EVENT,688320.SH,20240304,20240304,,,,,,,,,-3.5185,,,,,,insider-event,,4
EVENT,300135.SZ,20240306,20240306,,,,,,,,,22.8,,,,,,insider-event,,4
EVENT,600422.SH,20240306,20240306,,,,,,,,,-0.6669,,,,,,insider-event,,4
EVENT,688120.SH,20240306,20240306,,,,,,,,,0.0739,,,,,,insider-event,,4
EVENT,688426.SH,20240306,20240306,,,,,,,,,-3.0568,,,,,,insider-event,,4
EVENT,688048.SH,20240306,20240306,,,,,,,,,4.9757,,,,,,insider-event,,4
EVENT,002082.SZ,20240308,20240308,,,,,,,,,6.7468,,,,,,insider-event,,4
EVENT,688170.SH,20240308,20240308,,,,,,,,,6.9333,,,,,,insider-event,,4
EVENT,003003.SZ,20240301,20240301,,,,,,,,,17.4373,,,,,,insider-event,,4
EVENT,002760.SZ,20240301,20240301,,,,,,,,,15.4445,,,,,,insider-event,,4
EVENT,002937.SZ,20240301,20240301,,,,,,,,,5.2114,,,,,,insider-event,,4
EVENT,688010.SH,20240312,20240312,,,,,,,,,3.4579,,,,,,insider-event,,4
EVENT,688522.SH,20240307,20240307,,,,,,,,,28.795,,,,,,insider-event,,4
EVENT,600143.SH,20240307,20240307,,,,,,,,,-4.0949,,,,,,insider-event,,4
EVENT,300881.SZ,20240307,20240307,,,,,,,,,1.485,,,,,,insider-event,,4
EVENT,000026.SZ,20240315,20240315,,,,,,,,,6.978,,,,,,insider-event,,4
EVENT,688381.SH,20240315,20240315,,,,,,,,,0.7942,,,,,,insider-event,,4
EVENT,605089.SH,20240315,20240315,,,,,,,,,0.4249,,,,,,insider-event,,4
EVENT,301110.SZ,20240311,20240311,,,,,,,,,8.4369,,,,,,insider-event,,4
EVENT,605122.SH,20240311,20240311,,,,,,,,,5.4919,,,,,,insider-event,,4
EVENT,301042.SZ,20240311,20240311,,,,,,,,,1.7169,,,,,,insider-event,,4
EVENT,002351.SZ,20240311,20240311,,,,,,,,,1.7989,,,,,,insider-event,,4
EVENT,688337.SH,20240313,20240313,,,,,,,,,1.6525,,,,,,insider-event,,4
EVENT,603259.SH,20240313,20240313,,,,,,,,,-10.8727,,,,,,insider-event,,4
EVENT,002657.SZ,20240313,20240313,,,,,,,,,10.1535,,,,,,insider-event,,4
EVENT,300666.SZ,20240313,20240313,,,,,,,,,-9.9262,,,,,,insider-event,,4
EVENT,603986.SH,20240313,20240313,,,,,,,,,-0.1655,,,,,,insider-event,,4
EVENT,605299.SH,20240318,20240318,,,,,,,,,19.7189,,,,,,insider-event,,4
EVENT,300255.SZ,20240322,20240322,,,,,,,,,-4.1195,,,,,,insider-event,,4
EVENT,301428.SZ,20240321,20240321,,,,,,,,,0.5507,,,,,,insider-event,,4
EVENT,600729.SH,20240321,20240321,,,,,,,,,6.4355,,,,,,insider-event,,4
EVENT,000779.SZ,20240320,20240320,,,,,,,,,-4.3111,,,,,,insider-event,,4
EVENT,688455.SH,20240325,20240325,,,,,,,,,-7.4726,,,,,,insider-event,,4
EVENT,002286.SZ,20240327,20240327,,,,,,,,,0.3898,,,,,,insider-event,,4
EVENT,000629.SZ,20240327,20240327,,,,,,,,,1.2359,,,,,,insider-event,,4
EVENT,688515.SH,20240328,20240328,,,,,,,,,-22.3458,,,,,,insider-event,,4
EVENT,603317.SH,20240329,20240329,,,,,,,,,2.3319,,,,,,insider-event,,4
EVENT,301369.SZ,20240305,20240305,,,,,,,,,28.9271,,,,,,insider-event,,3
EVENT,301115.SZ,20240305,20240305,,,,,,,,,-1.2299,,,,,,insider-event,,3
EVENT,688037.SH,20240304,20240304,,,,,,,,,0.8203,,,,,,insider-event,,3
EVENT,001227.SZ,20240304,20240304,,,,,,,,,-3.7297,,,,,,insider-event,,3
EVENT,688136.SH,20240304,20240304,,,,,,,,,11.504,,,,,,insider-event,,3
EVENT,600739.SH,20240304,20240304,,,,,,,,,-5.5847,,,,,,insider-event,,3
EVENT,300132.SZ,20240304,20240304,,,,,,,,,7.7032,,,,,,insider-event,,3
EVENT,603116.SH,20240304,20240304,,,,,,,,,8.6045,,,,,,insider-event,,3
EVENT,001203.SZ,20240306,20240306,,,,,,,,,6.0311,,,,,,insider-event,,3
EVENT,600308.SH,20240306,20240306,,,,,,,,,5.2186,,,,,,insider-event,,3
EVENT,688047.SH,20240306,20240306,,,,,,,,,2.0406,,,,,,insider-event,,3
EVENT,688558.SH,20240306,20240306,,,,,,,,,-7.6443,,,,,,insider-event,,3
EVENT,605168.SH,20240306,20240306,,,,,,,,,4.9088,,,,,,insider-event,,3
EVENT,600510.SH,20240306,20240306,,,,,,,,,4.6605,,,,,,insider-event,,3
EVENT,300825.SZ,20240308,20240308,,,,,,,,,7.1192,,,,,,insider-event,,3
EVENT,300355.SZ,20240308,20240308,,,,,,,,,1.401,,,,,,insider-event,,3
EVENT,688326.SH,20240308,20240308,,,,,,,,,-1.8611,,,,,,insider-event,,3
EVENT,688627.SH,20240308,20240308,,,,,,,,,19.7859,,,,,,insider-event,,3
EVENT,000035.SZ,20240308,20240308,,,,,,,,,9.6054,,,,,,insider-event,,3
EVENT,001255.SZ,20240308,20240308,,,,,,,,,1.9512,,,,,,insider-event,,3
EVENT,002398.SZ,20240308,20240308,,,,,,,,,8.1911,,,,,,insider-event,,3
EVENT,002419.SZ,20240308,20240308,,,,,,,,,5.309,,,,,,insider-event,,3
EVENT,688432.SH,20240308,20240308,,,,,,,,,3.1883,,,,,,insider-event,,3
EVENT,603324.SH,20240308,20240308,,,,,,,,,5.4433,,,,,,insider-event,,3
EVENT,002594.SZ,20240308,20240308,,,,,,,,,5.2102,,,,,,insider-event,,3
EVENT,603116.SH,20240308,20240308,,,,,,,,,5.0543,,,,,,insider-event,,3
EVENT,001267.SZ,20240308,20240308,,,,,,,,,0.9269,,,,,,insider-event,,3
EVENT,688120.SH,20240308,20240308,,,,,,,,,0.4706,,,,,,insider-event,,3
EVENT,300819.SZ,20240308,20240308,,,,,,,,,10.6689,,,,,,insider-event,,3
EVENT,301362.SZ,20240308,20240308,,,,,,,,,8.1254,,,,,,insider-event,,3
EVENT,300686.SZ,20240301,20240301,,,,,,,,,22.8044,,,,,,insider-event,,3
EVENT,600183.SH,20240301,20240301,,,,,,,,,0.7704,,,,,,insider-event,,3
EVENT,688603.SH,20240301,20240301,,,,,,,,,6.868,,,,,,insider-event,,3
EVENT,600843.SH,20240301,20240301,,,,,,,,,33.8054,,,,,,insider-event,,3
EVENT,688298.SH,20240301,20240301,,,,,,,,,-5.4814,,,,,,insider-event,,3
EVENT,301041.SZ,20240312,20240312,,,,,,,,,14.7364,,,,,,insider-event,,3
EVENT,002317.SZ,20240312,20240312,,,,,,,,,9.7929,,,,,,insider-event,,3
EVENT,300860.SZ,20240312,20240312,,,,,,,,,7.2998,,,,,,insider-event,,3
EVENT,300296.SZ,20240312,20240312,,,,,,,,,0.0793,,,,,,insider-event,,3
EVENT,002076.SZ,20240312,20240312,,,,,,,,,0.7615,,,,,,insider-event,,3
EVENT,002554.SZ,20240312,20240312,,,,,,,,,1.4654,,,,,,insider-event,,3
EVENT,002820.SZ,20240312,20240312,,,,,,,,,8.071,,,,,,insider-event,,3
EVENT,002600.SZ,20240312,20240312,,,,,,,,,0.3203,,,,,,insider-event,,3
EVENT,301428.SZ,20240312,20240312,,,,,,,,,11.0505,,,,,,insider-event,,3
EVENT,688050.SH,20240312,20240312,,,,,,,,,3.3021,,,,,,insider-event,,3
EVENT,301057.SZ,20240307,20240307,,,,,,,,,8.2285,,,,,,insider-event,,3
EVENT,301125.SZ,20240307,20240307,,,,,,,,,2.3481,,,,,,insider-event,,3
EVENT,600734.SH,20240307,20240307,,,,,,,,,0.4866,,,,,,insider-event,,3
EVENT,002996.SZ,20240307,20240307,,,,,,,,,13.4335,,,,,,insider-event,,3
EVENT,688291.SH,20240307,20240307,,,,,,,,,2.5085,,,,,,insider-event,,3
EVENT,600308.SH,20240307,20240307,,,,,,,,,4.5806,,,,,,insider-event,,3
EVENT,603339.SH,20240307,20240307,,,,,,,,,2.5696,,,,,,insider-event,,3
EVENT,603818.SH,20240307,20240307,,,,,,,,,6.4154,,,,,,insider-event,,3
EVENT,603005.SH,20240307,20240307,,,,,,,,,0.4968,,,,,,insider-event,,3
EVENT,300824.SZ,20240315,20240315,,,,,,,,,-0.6327,,,,,,insider-event,,3
EVENT,002864.SZ,20240315,20240315,,,,,,,,,-13.747,,,,,,insider-event,,3
EVENT,301041.SZ,20240315,20240315,,,,,,,,,7.5868,,,,,,insider-event,,3
EVENT,688195.SH,20240315,20240315,,,,,,,,,5.5636,,,,,,insider-event,,3
EVENT,688173.SH,20240315,20240315,,,,,,,,,-10.5113,,,,,,insider-event,,3
EVENT,600617.SH,20240315,20240315,,,,,,,,,0.4452,,,,,,insider-event,,3
EVENT,301321.SZ,20240314,20240314,,,,,,,,,9.2359,,,,,,insider-event,,3
EVENT,300080.SZ,20240314,20240314,,,,,,,,,2.0414,,,,,,insider-event,,3
EVENT,301156.SZ,20240314,20240314,,,,,,,,,1.6731,,,,,,insider-event,,3
EVENT,601188.SH,20240314,20240314,,,,,,,,,-1.0811,,,,,,insider-event,,3
EVENT,603755.SH,20240314,20240314,,,,,,,,,1.4715,,,,,,insider-event,,3
EVENT,301181.SZ,20240314,20240314,,,,,,,,,1.0117,,,,,,insider-event,,3
EVENT,300970.SZ,20240311,20240311,,,,,,,,,8.77,,,,,,insider-event,,3
EVENT,301046.SZ,20240311,20240311,,,,,,,,,-9.6401,,,,,,insider-event,,3
EVENT,001267.SZ,20240311,20240311,,,,,,,,,0.2217,,,,,,insider-event,,3
EVENT,688056.SH,20240311,20240311,,,,,,,,,9.4612,,,,,,insider-event,,3
EVENT,003004.SZ,20240311,20240311,,,,,,,,,15.0085,,,,,,insider-event,,3
EVENT,688032.SH,20240311,20240311,,,,,,,,,1.0699,,,,,,insider-event,,3
EVENT,603811.SH,20240311,20240311,,,,,,,,,-0.0635,,,,,,insider-event,,3
EVENT,603212.SH,20240311,20240311,,,,,,,,,-9.1374,,,,,,insider-event,,3
EVENT,002821.SZ,20240311,20240311,,,,,,,,,-13.7869,,,,,,insider-event,,3
EVENT,605089.SH,20240311,20240311,,,,,,,,,4.7189,,,,,,insider-event,,3
EVENT,000850.SZ,20240311,20240311,,,,,,,,,0.6084,,,,,,insider-event,,3
EVENT,301115.SZ,20240313,20240313,,,,,,,,,0.1495,,,,,,insider-event,,3
EVENT,300591.SZ,20240313,20240313,,,,,,,,,2.7142,,,,,,insider-event,,3
EVENT,301148.SZ,20240313,20240313,,,,,,,,,21.2429,,,,,,insider-event,,3
EVENT,301469.SZ,20240313,20240313,,,,,,,,,4.89,,,,,,insider-event,,3
EVENT,600501.SH,20240313,20240313,,,,,,,,,1.3091,,,,,,insider-event,,3
EVENT,688258.SH,20240313,20240313,,,,,,,,,-0.1725,,,,,,insider-event,,3
EVENT,300766.SZ,20240313,20240313,,,,,,,,,2.2452,,,,,,insider-event,,3
EVENT,600433.SH,20240313,20240313,,,,,,,,,1.3789,,,,,,insider-event,,3
EVENT,002321.SZ,20240313,20240313,,,,,,,,,1.3274,,,,,,insider-event,,3
EVENT,688392.SH,20240313,20240313,,,,,,,,,0.5981,,,,,,insider-event,,3
EVENT,002419.SZ,20240313,20240313,,,,,,,,,1.5314,,,,,,insider-event,,3
EVENT,600186.SH,20240318,20240318,,,,,,,,,-16.22,,,,,,insider-event,,3
EVENT,688037.SH,20240318,20240318,,,,,,,,,6.0897,,,,,,insider-event,,3
EVENT,000869.SZ,20240322,20240322,,,,,,,,,0.6636,,,,,,insider-event,,3
EVENT,688258.SH,20240322,20240322,,,,,,,,,-13.3799,,,,,,insider-event,,3
EVENT,003016.SZ,20240322,20240322,,,,,,,,,0.0595,,,,,,insider-event,,3
EVENT,002408.SZ,20240322,20240322,,,,,,,,,-3.5004,,,,,,insider-event,,3
EVENT,688133.SH,20240322,20240322,,,,,,,,,-5.477,,,,,,insider-event,,3
EVENT,301382.SZ,20240321,20240321,,,,,,,,,-8.8554,,,,,,insider-event,,3
EVENT,301042.SZ,20240321,20240321,,,,,,,,,-11.9523,,,,,,insider-event,,3
EVENT,688199.SH,20240321,20240321,,,,,,,,,-12.7499,,,,,,insider-event,,3
EVENT,688381.SH,20240321,20240321,,,,,,,,,-12.8702,,,,,,insider-event,,3
EVENT,603128.SH,20240321,20240321,,,,,,,,,3.0591,,,,,,insider-event,,3
EVENT,603980.SH,20240321,20240321,,,,,,,,,1.929,,,,,,insider-event,,3
EVENT,300672.SZ,20240320,20240320,,,,,,,,,0.3073,,,,,,insider-event,,3
EVENT,300835.SZ,20240320,20240320,,,,,,,,,0.2977,,,,,,insider-event,,3
EVENT,300435.SZ,20240320,20240320,,,,,,,,,0.0804,,,,,,insider-event,,3
EVENT,301313.SZ,20240320,20240320,,,,,,,,,0.6843,,,,,,insider-event,,3
EVENT,002973.SZ,20240320,20240320,,,,,,,,,-2.6663,,,,,,insider-event,,3
EVENT,601188.SH,20240320,20240320,,,,,,,,,-6.7468,,,,,,insider-event,,3
EVENT,000989.SZ,20240320,20240320,,,,,,,,,-5.2494,,,,,,insider-event,,3
EVENT,603980.SH,20240320,20240320,,,,,,,,,5.8499,,,,,,insider-event,,3
EVENT,688282.SH,20240320,20240320,,,,,,,,,6.4198,,,,,,insider-event,,3
EVENT,688052.SH,20240325,20240325,,,,,,,,,-8.2658,,,,,,insider-event,,3
EVENT,002072.SZ,20240325,20240325,,,,,,,,,1.3541,,,,,,insider-event,,3
EVENT,600501.SH,20240325,20240325,,,,,,,,,-12.9812,,,,,,insider-event,,3
EVENT,688195.SH,20240325,20240325,,,,,,,,,0.1467,,,,,,insider-event,,3
EVENT,688038.SH,20240325,20240325,,,,,,,,,-13.2647,,,,,,insider-event,,3
EVENT,601689.SH,20240325,20240325,,,,,,,,,0.5974,,,,,,insider-event,,3
EVENT,600486.SH,20240327,20240327,,,,,,,,,-1.7907,,,,,,insider-event,,3
EVENT,603267.SH,20240327,20240327,,,,,,,,,5.7795,,,,,,insider-event,,3
EVENT,688656.SH,20240328,20240328,,,,,,,,,-3.0309,,,,,,insider-event,,3
EVENT,603185.SH,20240328,20240328,,,,,,,,,9.8193,,,,,,insider-event,,3
EVENT,603222.SH,20240328,20240328,,,,,,,,,1.5824,,,,,,insider-event,,3
EVENT,605336.SH,20240328,20240328,,,,,,,,,7.1515,,,,,,insider-event,,3
EVENT,301166.SZ,20240329,20240329,,,,,,,,,-3.0101,,,,,,insider-event,,3
EVENT,301362.SZ,20240305,20240305,,,,,,,,,2.1981,,,,,,insider-event,,2
EVENT,002701.SZ,20240304,20240304,,,,,,,,,1.8353,,,,,,insider-event,,2
EVENT,002821.SZ,20240304,20240304,,,,,,,,,-8.7822,,,,,,insider-event,,2
EVENT,603786.SH,20240304,20240304,,,,,,,,,0.1036,,,,,,insider-event,,2
EVENT,301356.SZ,20240304,20240304,,,,,,,,,9.1375,,,,,,insider-event,,2
EVENT,603606.SH,20240304,20240304,,,,,,,,,8.5905,,,,,,insider-event,,2
EVENT,688455.SH,20240306,20240306,,,,,,,,,5.2113,,,,,,insider-event,,2
EVENT,600882.SH,20240306,20240306,,,,,,,,,4.1518,,,,,,insider-event,,2
EVENT,688147.SH,20240306,20240306,,,,,,,,,6.6627,,,,,,insider-event,,2
EVENT,301166.SZ,20240308,20240308,,,,,,,,,0.0796,,,,,,insider-event,,2
EVENT,688484.SH,20240308,20240308,,,,,,,,,-2.5706,,,,,,insider-event,,2
EVENT,600643.SH,20240308,20240308,,,,,,,,,-2.8667,,,,,,insider-event,,2
EVENT,688163.SH,20240308,20240308,,,,,,,,,8.443,,,,,,insider-event,,2
EVENT,002810.SZ,20240308,20240308,,,,,,,,,-9.3909,,,,,,insider-event,,2
EVENT,688072.SH,20240308,20240308,,,,,,,,,8.064,,,,,,insider-event,,2
EVENT,600248.SH,20240308,20240308,,,,,,,,,-1.4617,,,,,,insider-event,,2
EVENT,300068.SZ,20240301,20240301,,,,,,,,,1.8074,,,,,,insider-event,,2
EVENT,601615.SH,20240301,20240301,,,,,,,,,2.093,,,,,,insider-event,,2
EVENT,600536.SH,20240301,20240301,,,,,,,,,5.6295,,,,,,insider-event,,2
EVENT,688123.SH,20240301,20240301,,,,,,,,,21.8904,,,,,,insider-event,,2
EVENT,300437.SZ,20240301,20240301,,,,,,,,,8.5277,,,,,,insider-event,,2
EVENT,300885.SZ,20240312,20240312,,,,,,,,,6.707,,,,,,insider-event,,2
EVENT,301126.SZ,20240312,20240312,,,,,,,,,2.9452,,,,,,insider-event,,2
EVENT,688455.SH,20240312,20240312,,,,,,,,,4.1321,,,,,,insider-event,,2
EVENT,000837.SZ,20240312,20240312,,,,,,,,,3.1469,,,,,,insider-event,,2
EVENT,000989.SZ,20240312,20240312,,,,,,,,,-5.8827,,,,,,insider-event,,2
EVENT,001231.SZ,20240312,20240312,,,,,,,,,11.1784,,,,,,insider-event,,2
EVENT,301148.SZ,20240312,20240312,,,,,,,,,23.0515,,,,,,insider-event,,2
EVENT,600307.SH,20240312,20240312,,,,,,,,,4.0338,,,,,,insider-event,,2
EVENT,688508.SH,20240312,20240312,,,,,,,,,-11.2733,,,,,,insider-event,,2
EVENT,600109.SH,20240312,20240312,,,,,,,,,-4.3422,,,,,,insider-event,,2
EVENT,600120.SH,20240312,20240312,,,,,,,,,0.1889,,,,,,insider-event,,2
EVENT,301009.SZ,20240307,20240307,,,,,,,,,4.6693,,,,,,insider-event,,2
EVENT,600843.SH,20240307,20240307,,,,,,,,,27.3559,,,,,,insider-event,,2
EVENT,002600.SZ,20240307,20240307,,,,,,,,,2.1667,,,,,,insider-event,,2
EVENT,002398.SZ,20240307,20240307,,,,,,,,,1.4605,,,,,,insider-event,,2
EVENT,002791.SZ,20240307,20240307,,,,,,,,,6.9455,,,,,,insider-event,,2
EVENT,603986.SH,20240307,20240307,,,,,,,,,2.379,,,,,,insider-event,,2
EVENT,300888.SZ,20240315,20240315,,,,,,,,,-0.0027,,,,,,insider-event,,2
EVENT,300232.SZ,20240315,20240315,,,,,,,,,-6.8711,,,,,,insider-event,,2
EVENT,688550.SH,20240315,20240315,,,,,,,,,4.8893,,,,,,insider-event,,2
EVENT,603396.SH,20240315,20240315,,,,,,,,,-8.7103,,,,,,insider-event,,2
EVENT,003028.SZ,20240315,20240315,,,,,,,,,5.0856,,,,,,insider-event,,2
EVENT,002600.SZ,20240315,20240315,,,,,,,,,4.0424,,,,,,insider-event,,2
EVENT,603020.SH,20240315,20240315,,,,,,,,,15.659,,,,,,insider-event,,2
EVENT,688118.SH,20240314,20240314,,,,,,,,,2.9678,,,,,,insider-event,,2
EVENT,688508.SH,20240314,20240314,,,,,,,,,-10.9624,,,,,,insider-event,,2
EVENT,600196.SH,20240314,20240314,,,,,,,,,-9.0066,,,,,,insider-event,,2
EVENT,688671.SH,20240314,20240314,,,,,,,,,6.0735,,,,,,insider-event,,2
EVENT,603115.SH,20240314,20240314,,,,,,,,,0.7644,,,,,,insider-event,,2
EVENT,002408.SZ,20240314,20240314,,,,,,,,,0.2267,,,,,,insider-event,,2
EVENT,002551.SZ,20240314,20240314,,,,,,,,,8.4489,,,,,,insider-event,,2
EVENT,300456.SZ,20240311,20240311,,,,,,,,,-4.7975,,,,,,insider-event,,2
EVENT,300976.SZ,20240311,20240311,,,,,,,,,1.3955,,,,,,insider-event,,2
EVENT,002820.SZ,20240311,20240311,,,,,,,,,9.4838,,,,,,insider-event,,2
EVENT,601555.SH,20240311,20240311,,,,,,,,,0.5593,,,,,,insider-event,,2
EVENT,600662.SH,20240311,20240311,,,,,,,,,7.7096,,,,,,insider-event,,2
EVENT,603986.SH,20240311,20240311,,,,,,,,,9.5681,,,,,,insider-event,,2
EVENT,300970.SZ,20240313,20240313,,,,,,,,,0.0782,,,,,,insider-event,,2
EVENT,688603.SH,20240313,20240313,,,,,,,,,0.4662,,,,,,insider-event,,2
EVENT,300981.SZ,20240318,20240318,,,,,,,,,3.9224,,,,,,insider-event,,2
EVENT,300054.SZ,20240318,20240318,,,,,,,,,0.6263,,,,,,insider-event,,2
EVENT,000869.SZ,20240318,20240318,,,,,,,,,-0.0973,,,,,,insider-event,,2
EVENT,603139.SH,20240318,20240318,,,,,,,,,16.8958,,,,,,insider-event,,2
EVENT,688072.SH,20240318,20240318,,,,,,,,,7.3866,,,,,,insider-event,,2
EVENT,600252.SH,20240318,20240318,,,,,,,,,0.103,,,,,,insider-event,,2
EVENT,600109.SH,20240318,20240318,,,,,,,,,-2.8793,,,,,,insider-event,,2
EVENT,300824.SZ,20240326,20240326,,,,,,,,,15.4236,,,,,,insider-event,,2
EVENT,688073.SH,20240322,20240322,,,,,,,,,-11.6161,,,,,,insider-event,,2
EVENT,603589.SH,20240322,20240322,,,,,,,,,-6.8944,,,,,,insider-event,,2
EVENT,688184.SH,20240321,20240321,,,,,,,,,-5.5539,,,,,,insider-event,,2
EVENT,688258.SH,20240320,20240320,,,,,,,,,-0.1898,,,,,,insider-event,,2
EVENT,002551.SZ,20240320,20240320,,,,,,,,,1.1133,,,,,,insider-event,,2
EVENT,300819.SZ,20240325,20240325,,,,,,,,,5.2453,,,,,,insider-event,,2
EVENT,301305.SZ,20240325,20240325,,,,,,,,,0.0267,,,,,,insider-event,,2
EVENT,301260.SZ,20240325,20240325,,,,,,,,,-3.0753,,,,,,insider-event,,2
EVENT,603919.SH,20240325,20240325,,,,,,,,,-6.4816,,,,,,insider-event,,2
EVENT,688768.SH,20240325,20240325,,,,,,,,,-13.5025,,,,,,insider-event,,2
EVENT,688656.SH,20240325,20240325,,,,,,,,,-6.0199,,,,,,insider-event,,2
EVENT,605298.SH,20240327,20240327,,,,,,,,,0.956,,,,,,insider-event,,2
EVENT,002554.SZ,20240328,20240328,,,,,,,,,1.3487,,,,,,insider-event,,2
EVENT,301158.SZ,20240329,20240329,,,,,,,,,11.5906,,,,,,insider-event,,2
EVENT,600882.SH,20240329,20240329,,,,,,,,,-6.894,,,,,,insider-event,,2
EVENT,300124.SZ,20240304,20240304,,,,,,,,,1.9679,,,,,,insider-event,,1
EVENT,300232.SZ,20240314,20240314,,,,,,,,,-7.7941,,,,,,insider-event,,1
EVENT,002634.SZ,20240418,20240418,,,,,,,,,6.8106,,,,,,insider-event,,7
EVENT,300885.SZ,20240418,20240418,,,,,,,,,0.5138,,,,,,insider-event,,7
EVENT,603429.SH,20240418,20240418,,,,,,,,,4.1938,,,,,,insider-event,,7
EVENT,300739.SZ,20240425,20240425,,,,,,,,,3.1592,,,,,,insider-event,,7
EVENT,300912.SZ,20240426,20240426,,,,,,,,,4.0153,,,,,,insider-event,,7
EVENT,603893.SH,20240416,20240416,,,,,,,,,7.2844,,,,,,insider-event,,6
EVENT,002404.SZ,20240411,20240411,,,,,,,,,1.0251,,,,,,insider-event,,6
EVENT,301367.SZ,20240415,20240415,,,,,,,,,11.3883,,,,,,insider-event,,6
EVENT,002424.SZ,20240418,20240418,,,,,,,,,7.2791,,,,,,insider-event,,6
EVENT,002937.SZ,20240419,20240419,,,,,,,,,-1.1821,,,,,,insider-event,,6
EVENT,300797.SZ,20240422,20240422,,,,,,,,,-0.7598,,,,,,insider-event,,6
EVENT,600510.SH,20240424,20240424,,,,,,,,,3.7138,,,,,,insider-event,,6
EVENT,002655.SZ,20240408,20240408,,,,,,,,,-9.8743,,,,,,insider-event,,6
EVENT,301108.SZ,20240412,20240412,,,,,,,,,-3.1192,,,,,,insider-event,,5
EVENT,603456.SH,20240410,20240410,,,,,,,,,4.3246,,,,,,insider-event,,5
EVENT,603882.SH,20240411,20240411,,,,,,,,,17.6152,,,,,,insider-event,,5
EVENT,688268.SH,20240415,20240415,,,,,,,,,0.1848,,,,,,insider-event,,5
EVENT,301320.SZ,20240417,20240417,,,,,,,,,9.0118,,,,,,insider-event,,5
EVENT,002905.SZ,20240417,20240417,,,,,,,,,12.925,,,,,,insider-event,,5
EVENT,601933.SH,20240417,20240417,,,,,,,,,6.1739,,,,,,insider-event,,5
EVENT,002819.SZ,20240418,20240418,,,,,,,,,-2.0315,,,,,,insider-event,,5
EVENT,603655.SH,20240418,20240418,,,,,,,,,8.5401,,,,,,insider-event,,5
EVENT,002825.SZ,20240424,20240424,,,,,,,,,12.821,,,,,,insider-event,,5
EVENT,300976.SZ,20240425,20240425,,,,,,,,,0.2119,,,,,,insider-event,,5
EVENT,301246.SZ,20240409,20240409,,,,,,,,,-4.0844,,,,,,insider-event,,4
EVENT,600713.SH,20240409,20240409,,,,,,,,,0.0184,,,,,,insider-event,,4
EVENT,002895.SZ,20240401,20240401,,,,,,,,,2.0176,,,,,,insider-event,,4
EVENT,600817.SH,20240403,20240403,,,,,,,,,3.1712,,,,,,insider-event,,4
EVENT,301041.SZ,20240412,20240412,,,,,,,,,-3.0188,,,,,,insider-event,,4
EVENT,600095.SH,20240416,20240416,,,,,,,,,-0.1853,,,,,,insider-event,,4
EVENT,002930.SZ,20240411,20240411,,,,,,,,,-3.6881,,,,,,insider-event,,4
EVENT,000739.SZ,20240411,20240411,,,,,,,,,9.5517,,,,,,insider-event,,4
EVENT,688005.SH,20240415,20240415,,,,,,,,,0.0267,,,,,,insider-event,,4
EVENT,001380.SZ,20240415,20240415,,,,,,,,,1.7095,,,,,,insider-event,,4
EVENT,301067.SZ,20240417,20240417,,,,,,,,,36.9915,,,,,,insider-event,,4
EVENT,300825.SZ,20240417,20240417,,,,,,,,,15.2203,,,,,,insider-event,,4
EVENT,002859.SZ,20240417,20240417,,,,,,,,,1.4135,,,,,,insider-event,,4
EVENT,002915.SZ,20240417,20240417,,,,,,,,,14.7765,,,,,,insider-event,,4
EVENT,002726.SZ,20240417,20240417,,,,,,,,,-6.9174,,,,,,insider-event,,4
EVENT,002518.SZ,20240417,20240417,,,,,,,,,3.2764,,,,,,insider-event,,4
EVENT,600400.SH,20240417,20240417,,,,,,,,,11.2883,,,,,,insider-event,,4
EVENT,603275.SH,20240418,20240418,,,,,,,,,3.5532,,,,,,insider-event,,4
EVENT,603267.SH,20240418,20240418,,,,,,,,,5.1594,,,,,,insider-event,,4
EVENT,600252.SH,20240418,20240418,,,,,,,,,-1.6162,,,,,,insider-event,,4
EVENT,001268.SZ,20240418,20240418,,,,,,,,,4.7817,,,,,,insider-event,,4
EVENT,002488.SZ,20240418,20240418,,,,,,,,,3.7182,,,,,,insider-event,,4
EVENT,002768.SZ,20240418,20240418,,,,,,,,,5.3546,,,,,,insider-event,,4
EVENT,603882.SH,20240418,20240418,,,,,,,,,21.7361,,,,,,insider-event,,4
EVENT,300683.SZ,20240419,20240419,,,,,,,,,11.9167,,,,,,insider-event,,4
EVENT,301429.SZ,20240419,20240419,,,,,,,,,2.5296,,,,,,insider-event,,4
EVENT,300656.SZ,20240422,20240422,,,,,,,,,5.3471,,,,,,insider-event,,4
EVENT,301126.SZ,20240422,20240422,,,,,,,,,8.8025,,,,,,insider-event,,4
EVENT,000930.SZ,20240426,20240426,,,,,,,,,5.467,,,,,,insider-event,,4
EVENT,002841.SZ,20240426,20240426,,,,,,,,,11.4535,,,,,,insider-event,,4
EVENT,000635.SZ,20240426,20240426,,,,,,,,,9.5529,,,,,,insider-event,,4
EVENT,300912.SZ,20240429,20240429,,,,,,,,,1.6601,,,,,,insider-event,,4
EVENT,300443.SZ,20240430,20240430,,,,,,,,,-2.1785,,,,,,insider-event,,4
EVENT,300250.SZ,20240409,20240409,,,,,,,,,-0.9763,,,,,,insider-event,,3
EVENT,600611.SH,20240401,20240401,,,,,,,,,0.716,,,,,,insider-event,,3
EVENT,600500.SH,20240403,20240403,,,,,,,,,-0.1802,,,,,,insider-event,,3
EVENT,688285.SH,20240403,20240403,,,,,,,,,-1.4431,,,,,,insider-event,,3
EVENT,603520.SH,20240403,20240403,,,,,,,,,-7.1859,,,,,,insider-event,,3
EVENT,002276.SZ,20240412,20240412,,,,,,,,,-1.0669,,,,,,insider-event,,3
EVENT,300378.SZ,20240412,20240412,,,,,,,,,3.4511,,,,,,insider-event,,3
EVENT,688183.SH,20240412,20240412,,,,,,,,,4.0614,,,,,,insider-event,,3
EVENT,600763.SH,20240412,20240412,,,,,,,,,3.6673,,,,,,insider-event,,3
EVENT,300875.SZ,20240410,20240410,,,,,,,,,-9.6253,,,,,,insider-event,,3
EVENT,002266.SZ,20240410,20240410,,,,,,,,,0.1919,,,,,,insider-event,,3
EVENT,603919.SH,20240410,20240410,,,,,,,,,-4.3966,,,,,,insider-event,,3
EVENT,688373.SH,20240410,20240410,,,,,,,,,-3.8016,,,,,,insider-event,,3
EVENT,002979.SZ,20240410,20240410,,,,,,,,,1.3272,,,,,,insider-event,,3
EVENT,600307.SH,20240410,20240410,,,,,,,,,-6.0013,,,,,,insider-event,,3
EVENT,688472.SH,20240410,20240410,,,,,,,,,-1.264,,,,,,insider-event,,3
EVENT,688469.SH,20240416,20240416,,,,,,,,,0.3544,,,,,,insider-event,,3
EVENT,601188.SH,20240411,20240411,,,,,,,,,-5.1935,,,,,,insider-event,,3
EVENT,603331.SH,20240411,20240411,,,,,,,,,-1.5714,,,,,,insider-event,,3
EVENT,300200.SZ,20240415,20240415,,,,,,,,,1.471,,,,,,insider-event,,3
EVENT,000503.SZ,20240415,20240415,,,,,,,,,-0.9112,,,,,,insider-event,,3
EVENT,601519.SH,20240415,20240415,,,,,,,,,1.1852,,,,,,insider-event,,3
EVENT,603028.SH,20240415,20240415,,,,,,,,,0.3222,,,,,,insider-event,,3
EVENT,301237.SZ,20240417,20240417,,,,,,,,,12.5266,,,,,,insider-event,,3
EVENT,300656.SZ,20240417,20240417,,,,,,,,,9.369,,,,,,insider-event,,3
EVENT,688343.SH,20240417,20240417,,,,,,,,,38.242,,,,,,insider-event,,3
EVENT,600095.SH,20240417,20240417,,,,,,,,,1.7765,,,,,,insider-event,,3
EVENT,301181.SZ,20240418,20240418,,,,,,,,,3.1407,,,,,,insider-event,,3
EVENT,301313.SZ,20240418,20240418,,,,,,,,,10.2927,,,,,,insider-event,,3
EVENT,600095.SH,20240418,20240418,,,,,,,,,0.0168,,,,,,insider-event,,3
EVENT,300538.SZ,20240418,20240418,,,,,,,,,6.4595,,,,,,insider-event,,3
EVENT,003037.SZ,20240418,20240418,,,,,,,,,13.3562,,,,,,insider-event,,3
EVENT,603931.SH,20240418,20240418,,,,,,,,,4.6161,,,,,,insider-event,,3
EVENT,600460.SH,20240418,20240418,,,,,,,,,0.3175,,,,,,insider-event,,3
EVENT,000576.SZ,20240418,20240418,,,,,,,,,9.907,,,,,,insider-event,,3
EVENT,603281.SH,20240418,20240418,,,,,,,,,1.8168,,,,,,insider-event,,3
EVENT,600568.SH,20240419,20240419,,,,,,,,,5.2571,,,,,,insider-event,,3
EVENT,002271.SZ,20240419,20240419,,,,,,,,,10.1192,,,,,,insider-event,,3
EVENT,300102.SZ,20240419,20240419,,,,,,,,,2.5155,,,,,,insider-event,,3
EVENT,300610.SZ,20240419,20240419,,,,,,,,,1.3722,,,,,,insider-event,,3
EVENT,688368.SH,20240419,20240419,,,,,,,,,6.173,,,,,,insider-event,,3
EVENT,003010.SZ,20240419,20240419,,,,,,,,,7.794,,,,,,insider-event,,3
EVENT,601366.SH,20240422,20240422,,,,,,,,,0.8875,,,,,,insider-event,,3
EVENT,688088.SH,20240422,20240422,,,,,,,,,12.6104,,,,,,insider-event,,3
EVENT,300166.SZ,20240423,20240423,,,,,,,,,0.6708,,,,,,insider-event,,3
EVENT,300656.SZ,20240424,20240424,,,,,,,,,2.8162,,,,,,insider-event,,3
EVENT,300749.SZ,20240424,20240424,,,,,,,,,24.7559,,,,,,insider-event,,3
EVENT,002317.SZ,20240424,20240424,,,,,,,,,5.6545,,,,,,insider-event,,3
EVENT,600718.SH,20240425,20240425,,,,,,,,,4.761,,,,,,insider-event,,3
EVENT,300470.SZ,20240426,20240426,,,,,,,,,4.0258,,,,,,insider-event,,3
EVENT,301171.SZ,20240426,20240426,,,,,,,,,0.7453,,,,,,insider-event,,3
EVENT,002782.SZ,20240408,20240408,,,,,,,,,-5.1566,,,,,,insider-event,,3
EVENT,000739.SZ,20240408,20240408,,,,,,,,,7.1872,,,,,,insider-event,,3
EVENT,600196.SH,20240408,20240408,,,,,,,,,-3.2834,,,,,,insider-event,,3
EVENT,603127.SH,20240408,20240408,,,,,,,,,-2.897,,,,,,insider-event,,3
EVENT,600273.SH,20240408,20240408,,,,,,,,,-2.9154,,,,,,insider-event,,3
EVENT,000989.SZ,20240430,20240430,,,,,,,,,6.5259,,,,,,insider-event,,3
EVENT,002397.SZ,20240430,20240430,,,,,,,,,-5.2886,,,,,,insider-event,,3
EVENT,300015.SZ,20240402,20240402,,,,,,,,,2.1113,,,,,,insider-event,,2
EVENT,300059.SZ,20240409,20240409,,,,,,,,,0.5062,,,,,,insider-event,,2
EVENT,000739.SZ,20240401,20240401,,,,,,,,,0.9253,,,,,,insider-event,,2
EVENT,603233.SH,20240403,20240403,,,,,,,,,-0.7675,,,,,,insider-event,,2
EVENT,301095.SZ,20240412,20240412,,,,,,,,,-3.2219,,,,,,insider-event,,2
EVENT,002669.SZ,20240412,20240412,,,,,,,,,-0.604,,,,,,insider-event,,2
EVENT,300363.SZ,20240410,20240410,,,,,,,,,-3.3164,,,,,,insider-event,,2
EVENT,300378.SZ,20240410,20240410,,,,,,,,,1.269,,,,,,insider-event,,2
EVENT,603936.SH,20240410,20240410,,,,,,,,,-7.3658,,,,,,insider-event,,2
EVENT,601965.SH,20240410,20240410,,,,,,,,,3.0882,,,,,,insider-event,,2
EVENT,301042.SZ,20240411,20240411,,,,,,,,,0.3361,,,,,,insider-event,,2
EVENT,000661.SZ,20240411,20240411,,,,,,,,,-0.029,,,,,,insider-event,,2
EVENT,688343.SH,20240411,20240411,,,,,,,,,24.7661,,,,,,insider-event,,2
EVENT,002036.SZ,20240415,20240415,,,,,,,,,-6.7849,,,,,,insider-event,,2
EVENT,002617.SZ,20240415,20240415,,,,,,,,,-2.9227,,,,,,insider-event,,2
EVENT,000695.SZ,20240418,20240418,,,,,,,,,-3.2772,,,,,,insider-event,,2
EVENT,600675.SH,20240419,20240419,,,,,,,,,5.9809,,,,,,insider-event,,2
EVENT,301007.SZ,20240422,20240422,,,,,,,,,12.1411,,,,,,insider-event,,2
EVENT,301079.SZ,20240425,20240425,,,,,,,,,10.6954,,,,,,insider-event,,2
EVENT,300835.SZ,20240425,20240425,,,,,,,,,15.6268,,,,,,insider-event,,2
EVENT,301079.SZ,20240408,20240408,,,,,,,,,4.9537,,,,,,insider-event,,2
EVENT,301021.SZ,20240408,20240408,,,,,,,,,-9.2053,,,,,,insider-event,,2
EVENT,003002.SZ,20240408,20240408,,,,,,,,,-0.1992,,,,,,insider-event,,2
EVENT,688184.SH,20240408,20240408,,,,,,,,,-4.8389,,,,,,insider-event,,2
EVENT,300620.SZ,20240429,20240429,,,,,,,,,-7.7764,,,,,,insider-event,,2
EVENT,300592.SZ,20240429,20240429,,,,,,,,,10.9175,,,,,,insider-event,,2
EVENT,300450.SZ,20240429,20240429,,,,,,,,,-1.0763,,,,,,insider-event,,2
EVENT,300080.SZ,20240430,20240430,,,,,,,,,-7.2805,,,,,,insider-event,,2
EVENT,003003.SZ,20240430,20240430,,,,,,,,,1.9585,,,,,,insider-event,,2
EVENT,603933.SH,20240418,20240418,,,,,,,,,-4.9864,,,,,,insider-event,,1
EVENT,002655.SZ,20240426,20240426,,,,,,,,,-0.1015,,,,,,insider-event,,1
EVENT,300562.SZ,20240429,20240429,,,,,,,,,10.3649,,,,,,insider-event,,1
EVENT,002197.SZ,20240520,20240520,,,,,,,,,37.2473,,,,,,insider-event,,9
EVENT,002197.SZ,20240516,20240516,,,,,,,,,28.3417,,,,,,insider-event,,7
EVENT,002141.SZ,20240514,20240514,,,,,,,,,18.8615,,,,,,insider-event,,6
EVENT,300700.SZ,20240506,20240506,,,,,,,,,0.5762,,,,,,insider-event,,6
EVENT,600653.SH,20240531,20240531,,,,,,,,,28.0946,,,,,,insider-event,,6
EVENT,002141.SZ,20240516,20240516,,,,,,,,,8.2586,,,,,,insider-event,,5
EVENT,688502.SH,20240516,20240516,,,,,,,,,2.9025,,,,,,insider-event,,5
EVENT,600666.SH,20240524,20240524,,,,,,,,,-6.0041,,,,,,insider-event,,5
EVENT,001314.SZ,20240524,20240524,,,,,,,,,1.2488,,,,,,insider-event,,5
EVENT,002602.SZ,20240506,20240506,,,,,,,,,-14.7751,,,,,,insider-event,,5
EVENT,603828.SH,20240509,20240509,,,,,,,,,2.2089,,,,,,insider-event,,5
EVENT,300860.SZ,20240531,20240531,,,,,,,,,4.2768,,,,,,insider-event,,5
EVENT,603959.SH,20240531,20240531,,,,,,,,,130.6802,,,,,,insider-event,,5
EVENT,600530.SH,20240520,20240520,,,,,,,,,5.4083,,,,,,insider-event,,4
EVENT,300125.SZ,20240520,20240520,,,,,,,,,-15.3859,,,,,,insider-event,,4
EVENT,688083.SH,20240520,20240520,,,,,,,,,-0.9117,,,,,,insider-event,,4
EVENT,002289.SZ,20240520,20240520,,,,,,,,,0.8598,,,,,,insider-event,,4
EVENT,002162.SZ,20240523,20240523,,,,,,,,,-10.2213,,,,,,insider-event,,4
EVENT,300091.SZ,20240507,20240507,,,,,,,,,-11.059,,,,,,insider-event,,4
EVENT,300888.SZ,20240507,20240507,,,,,,,,,3.3613,,,,,,insider-event,,4
EVENT,300068.SZ,20240507,20240507,,,,,,,,,-2.5582,,,,,,insider-event,,4
EVENT,000909.SZ,20240507,20240507,,,,,,,,,-8.3752,,,,,,insider-event,,4
EVENT,600178.SH,20240508,20240508,,,,,,,,,-15.8519,,,,,,insider-event,,4
EVENT,002168.SZ,20240508,20240508,,,,,,,,,-11.5129,,,,,,insider-event,,4
EVENT,300560.SZ,20240506,20240506,,,,,,,,,-7.4021,,,,,,insider-event,,4
EVENT,300355.SZ,20240506,20240506,,,,,,,,,-4.7726,,,,,,insider-event,,4
EVENT,002513.SZ,20240506,20240506,,,,,,,,,5.7124,,,,,,insider-event,,4
EVENT,000987.SZ,20240509,20240509,,,,,,,,,-5.372,,,,,,insider-event,,4
EVENT,300759.SZ,20240510,20240510,,,,,,,,,0.1463,,,,,,insider-event,,4
EVENT,300124.SZ,20240530,20240530,,,,,,,,,0.246,,,,,,insider-event,,4
EVENT,600188.SH,20240530,20240530,,,,,,,,,-11.391,,,,,,insider-event,,4
EVENT,300676.SZ,20240531,20240531,,,,,,,,,-5.3785,,,,,,insider-event,,4
EVENT,301115.SZ,20240529,20240529,,,,,,,,,-5.2378,,,,,,insider-event,,4
EVENT,002488.SZ,20240529,20240529,,,,,,,,,-3.6922,,,,,,insider-event,,4
EVENT,002410.SZ,20240513,20240513,,,,,,,,,-1.2883,,,,,,insider-event,,3
EVENT,002103.SZ,20240513,20240513,,,,,,,,,-1.8341,,,,,,insider-event,,3
EVENT,603989.SH,20240517,20240517,,,,,,,,,-2.3795,,,,,,insider-event,,3
EVENT,603688.SH,20240517,20240517,,,,,,,,,-0.1066,,,,,,insider-event,,3
EVENT,002841.SZ,20240520,20240520,,,,,,,,,0.8101,,,,,,insider-event,,3
EVENT,002600.SZ,20240520,20240520,,,,,,,,,0.7301,,,,,,insider-event,,3
EVENT,002885.SZ,20240523,20240523,,,,,,,,,-3.8833,,,,,,insider-event,,3
EVENT,000723.SZ,20240523,20240523,,,,,,,,,-2.3341,,,,,,insider-event,,3
EVENT,300656.SZ,20240527,20240527,,,,,,,,,0.1313,,,,,,insider-event,,3
EVENT,300884.SZ,20240527,20240527,,,,,,,,,0.1712,,,,,,insider-event,,3
EVENT,300017.SZ,20240527,20240527,,,,,,,,,0.7094,,,,,,insider-event,,3
EVENT,301313.SZ,20240527,20240527,,,,,,,,,0.1544,,,,,,insider-event,,3
EVENT,002925.SZ,20240527,20240527,,,,,,,,,1.2201,,,,,,insider-event,,3
EVENT,300335.SZ,20240507,20240507,,,,,,,,,7.6797,,,,,,insider-event,,3
EVENT,300240.SZ,20240507,20240507,,,,,,,,,1.4123,,,,,,insider-event,,3
EVENT,000701.SZ,20240507,20240507,,,,,,,,,0.3096,,,,,,insider-event,,3
EVENT,301313.SZ,20240508,20240508,,,,,,,,,-7.6353,,,,,,insider-event,,3
EVENT,002424.SZ,20240508,20240508,,,,,,,,,6.6947,,,,,,insider-event,,3
EVENT,600180.SH,20240508,20240508,,,,,,,,,0.5789,,,,,,insider-event,,3
EVENT,001318.SZ,20240509,20240509,,,,,,,,,-5.3635,,,,,,insider-event,,3
EVENT,000547.SZ,20240530,20240530,,,,,,,,,1.1491,,,,,,insider-event,,3
EVENT,603658.SH,20240530,20240530,,,,,,,,,-0.6662,,,,,,insider-event,,3
EVENT,002396.SZ,20240530,20240530,,,,,,,,,2.7862,,,,,,insider-event,,3
EVENT,000987.SZ,20240531,20240531,,,,,,,,,2.266,,,,,,insider-event,,3
EVENT,000898.SZ,20240531,20240531,,,,,,,,,-0.8522,,,,,,insider-event,,3
EVENT,603187.SH,20240531,20240531,,,,,,,,,4.7379,,,,,,insider-event,,3
EVENT,301382.SZ,20240529,20240529,,,,,,,,,-5.1927,,,,,,insider-event,,3
EVENT,600375.SH,20240529,20240529,,,,,,,,,-2.7957,,,,,,insider-event,,3
EVENT,600877.SH,20240529,20240529,,,,,,,,,0.7255,,,,,,insider-event,,3
EVENT,002219.SZ,20240529,20240529,,,,,,,,,-2.6402,,,,,,insider-event,,3
EVENT,603031.SH,20240529,20240529,,,,,,,,,14.102,,,,,,insider-event,,3
EVENT,600539.SH,20240513,20240513,,,,,,,,,-7.3291,,,,,,insider-event,,2
EVENT,688677.SH,20240516,20240516,,,,,,,,,-8.4601,,,,,,insider-event,,2
EVENT,688636.SH,20240520,20240520,,,,,,,,,-11.1824,,,,,,insider-event,,2
EVENT,601238.SH,20240520,20240520,,,,,,,,,0.4338,,,,,,insider-event,,2
EVENT,600273.SH,20240520,20240520,,,,,,,,,-6.1913,,,,,,insider-event,,2
EVENT,603662.SH,20240524,20240524,,,,,,,,,-4.1225,,,,,,insider-event,,2
EVENT,301195.SZ,20240523,20240523,,,,,,,,,-0.7164,,,,,,insider-event,,2
EVENT,301322.SZ,20240523,20240523,,,,,,,,,-12.4112,,,,,,insider-event,,2
EVENT,300420.SZ,20240527,20240527,,,,,,,,,3.1612,,,,,,insider-event,,2
EVENT,002513.SZ,20240527,20240527,,,,,,,,,-4.9251,,,,,,insider-event,,2
EVENT,000893.SZ,20240522,20240522,,,,,,,,,-6.0725,,,,,,insider-event,,2
EVENT,002511.SZ,20240522,20240522,,,,,,,,,-9.0473,,,,,,insider-event,,2
EVENT,600643.SH,20240522,20240522,,,,,,,,,0.273,,,,,,insider-event,,2
EVENT,300575.SZ,20240507,20240507,,,,,,,,,2.0712,,,,,,insider-event,,2
EVENT,002352.SZ,20240507,20240507,,,,,,,,,1.9505,,,,,,insider-event,,2
EVENT,000607.SZ,20240507,20240507,,,,,,,,,-10.7074,,,,,,insider-event,,2
EVENT,301228.SZ,20240508,20240508,,,,,,,,,-10.7093,,,,,,insider-event,,2
EVENT,002867.SZ,20240508,20240508,,,,,,,,,12.1506,,,,,,insider-event,,2
EVENT,003016.SZ,20240508,20240508,,,,,,,,,1.9784,,,,,,insider-event,,2
EVENT,300800.SZ,20240508,20240508,,,,,,,,,-2.6093,,,,,,insider-event,,2
EVENT,002196.SZ,20240506,20240506,,,,,,,,,-14.4069,,,,,,insider-event,,2
EVENT,300071.SZ,20240509,20240509,,,,,,,,,-9.5284,,,,,,insider-event,,2
EVENT,603879.SH,20240509,20240509,,,,,,,,,0.6202,,,,,,insider-event,,2
EVENT,002388.SZ,20240509,20240509,,,,,,,,,-8.6951,,,,,,insider-event,,2
EVENT,002058.SZ,20240509,20240509,,,,,,,,,-14.3153,,,,,,insider-event,,2
EVENT,000935.SZ,20240530,20240530,,,,,,,,,2.5942,,,,,,insider-event,,2
EVENT,688681.SH,20240531,20240531,,,,,,,,,-2.4868,,,,,,insider-event,,2
EVENT,600186.SH,20240531,20240531,,,,,,,,,-3.8191,,,,,,insider-event,,2
EVENT,300773.SZ,20240529,20240529,,,,,,,,,0.1405,,,,,,insider-event,,2
EVENT,603019.SH,20240529,20240529,,,,,,,,,4.8728,,,,,,insider-event,,2
EVENT,301320.SZ,20240529,20240529,,,,,,,,,0.8631,,,,,,insider-event,,2
EVENT,601002.SH,20240513,20240513,,,,,,,,,-3.3008,,,,,,insider-event,,1
EVENT,300080.SZ,20240508,20240508,,,,,,,,,-11.9045,,,,,,insider-event,,1
EVENT,688260.SH,20240508,20240508,,,,,,,,,-10.13,,,,,,insider-event,,1
EVENT,301313.SZ,20240506,20240506,,,,,,,,,-6.3386,,,,,,insider-event,,1
EVENT,300450.SZ,20240506,20240506,,,,,,,,,-6.0463,,,,,,insider-event,,1
EVENT,300443.SZ,20240509,20240509,,,,,,,,,-1.1249,,,,,,insider-event,,1
EVENT,002883.SZ,20240509,20240509,,,,,,,,,-4.7432,,,,,,insider-event,,1
EVENT,603153.SH,20240509,20240509,,,,,,,,,-6.3468,,,,,,insider-event,,1
EVENT,603601.SH,20240510,20240510,,,,,,,,,-5.4444,,,,,,insider-event,,1
EVENT,002426.SZ,20240510,20240510,,,,,,,,,1.5125,,,,,,insider-event,,1
EVENT,301079.SZ,20240510,20240510,,,,,,,,,-1.3655,,,,,,insider-event,,1
EVENT,300800.SZ,20240529,20240529,,,,,,,,,1.2281,,,,,,insider-event,,1
EVENT,000882.SZ,20240607,20240607,,,,,,,,,11.1095,,,,,,insider-event,,7
EVENT,601162.SH,20240612,20240612,,,,,,,,,19.7835,,,,,,insider-event,,7
EVENT,605151.SH,20240613,20240613,,,,,,,,,-3.3806,,,,,,insider-event,,7
EVENT,603863.SH,20240614,20240614,,,,,,,,,120.0927,,,,,,insider-event,,7
EVENT,605338.SH,20240617,20240617,,,,,,,,,-9.5084,,,,,,insider-event,,7
EVENT,603083.SH,20240603,20240603,,,,,,,,,-1.0017,,,,,,insider-event,,6
EVENT,600353.SH,20240606,20240606,,,,,,,,,-11.4684,,,,,,insider-event,,6
EVENT,601929.SH,20240606,20240606,,,,,,,,,-20.7408,,,,,,insider-event,,6
EVENT,301169.SZ,20240607,20240607,,,,,,,,,3.0734,,,,,,insider-event,,6
EVENT,600576.SH,20240607,20240607,,,,,,,,,6.0049,,,,,,insider-event,,6
EVENT,002657.SZ,20240607,20240607,,,,,,,,,9.5619,,,,,,insider-event,,6
EVENT,002396.SZ,20240607,20240607,,,,,,,,,5.0417,,,,,,insider-event,,6
EVENT,002445.SZ,20240613,20240613,,,,,,,,,-0.4464,,,,,,insider-event,,6
EVENT,002728.SZ,20240613,20240613,,,,,,,,,8.7464,,,,,,insider-event,,6
EVENT,601519.SH,20240611,20240611,,,,,,,,,9.3638,,,,,,insider-event,,6
EVENT,688737.SH,20240611,20240611,,,,,,,,,6.3232,,,,,,insider-event,,6
EVENT,002702.SZ,20240620,20240620,,,,,,,,,-11.9571,,,,,,insider-event,,6
EVENT,601686.SH,20240620,20240620,,,,,,,,,0.1407,,,,,,insider-event,,6
EVENT,300019.SZ,20240621,20240621,,,,,,,,,-7.7091,,,,,,insider-event,,6
EVENT,000987.SZ,20240603,20240603,,,,,,,,,1.7608,,,,,,insider-event,,5
EVENT,600653.SH,20240603,20240603,,,,,,,,,4.8676,,,,,,insider-event,,5
EVENT,000636.SZ,20240603,20240603,,,,,,,,,2.4815,,,,,,insider-event,,5
EVENT,002374.SZ,20240606,20240606,,,,,,,,,4.4691,,,,,,insider-event,,5
EVENT,002323.SZ,20240606,20240606,,,,,,,,,-4.8921,,,,,,insider-event,,5
EVENT,688636.SH,20240606,20240606,,,,,,,,,-9.8876,,,,,,insider-event,,5
EVENT,300163.SZ,20240605,20240605,,,,,,,,,8.9892,,,,,,insider-event,,5
EVENT,301169.SZ,20240605,20240605,,,,,,,,,-2.6447,,,,,,insider-event,,5
EVENT,300368.SZ,20240605,20240605,,,,,,,,,24.6362,,,,,,insider-event,,5
EVENT,600666.SH,20240605,20240605,,,,,,,,,3.205,,,,,,insider-event,,5
EVENT,601005.SH,20240607,20240607,,,,,,,,,11.2351,,,,,,insider-event,,5
EVENT,600778.SH,20240607,20240607,,,,,,,,,15.7263,,,,,,insider-event,,5
EVENT,603500.SH,20240607,20240607,,,,,,,,,-9.5343,,,,,,insider-event,,5
EVENT,605338.SH,20240607,20240607,,,,,,,,,18.2754,,,,,,insider-event,,5
EVENT,688468.SH,20240607,20240607,,,,,,,,,8.7113,,,,,,insider-event,,5
EVENT,603879.SH,20240612,20240612,,,,,,,,,40.7833,,,,,,insider-event,,5
EVENT,600234.SH,20240613,20240613,,,,,,,,,0.5009,,,,,,insider-event,,5
EVENT,002387.SZ,20240613,20240613,,,,,,,,,-0.7502,,,,,,insider-event,,5
EVENT,605338.SH,20240613,20240613,,,,,,,,,12.4,,,,,,insider-event,,5
EVENT,601519.SH,20240613,20240613,,,,,,,,,5.4148,,,,,,insider-event,,5
EVENT,600123.SH,20240613,20240613,,,,,,,,,-3.9962,,,,,,insider-event,,5
EVENT,600576.SH,20240611,20240611,,,,,,,,,4.2979,,,,,,insider-event,,5
EVENT,600884.SH,20240611,20240611,,,,,,,,,7.693,,,,,,insider-event,,5
EVENT,603429.SH,20240611,20240611,,,,,,,,,3.2448,,,,,,insider-event,,5
EVENT,001256.SZ,20240611,20240611,,,,,,,,,7.8913,,,,,,insider-event,,5
EVENT,600884.SH,20240614,20240614,,,,,,,,,3.379,,,,,,insider-event,,5
EVENT,688232.SH,20240614,20240614,,,,,,,,,-3.8029,,,,,,insider-event,,5
EVENT,300036.SZ,20240617,20240617,,,,,,,,,3.5418,,,,,,insider-event,,5
EVENT,600307.SH,20240617,20240617,,,,,,,,,-0.0111,,,,,,insider-event,,5
EVENT,002105.SZ,20240617,20240617,,,,,,,,,5.1182,,,,,,insider-event,,5
EVENT,603109.SH,20240617,20240617,,,,,,,,,-7.335,,,,,,insider-event,,5
EVENT,601005.SH,20240617,20240617,,,,,,,,,-4.3435,,,,,,insider-event,,5
EVENT,600022.SH,20240617,20240617,,,,,,,,,0.3455,,,,,,insider-event,,5
EVENT,688455.SH,20240620,20240620,,,,,,,,,-5.33,,,,,,insider-event,,5
EVENT,605289.SH,20240620,20240620,,,,,,,,,-8.801,,,,,,insider-event,,5
EVENT,603333.SH,20240619,20240619,,,,,,,,,-11.6352,,,,,,insider-event,,5
EVENT,688576.SH,20240619,20240619,,,,,,,,,-5.7421,,,,,,insider-event,,5
EVENT,600400.SH,20240619,20240619,,,,,,,,,-2.3406,,,,,,insider-event,,5
EVENT,301037.SZ,20240619,20240619,,,,,,,,,-4.6915,,,,,,insider-event,,5
EVENT,600337.SH,20240621,20240621,,,,,,,,,-5.9995,,,,,,insider-event,,5
EVENT,002323.SZ,20240603,20240603,,,,,,,,,9.9315,,,,,,insider-event,,4
EVENT,000963.SZ,20240603,20240603,,,,,,,,,-9.2745,,,,,,insider-event,,4
EVENT,300138.SZ,20240606,20240606,,,,,,,,,2.3115,,,,,,insider-event,,4
EVENT,300036.SZ,20240606,20240606,,,,,,,,,5.827,,,,,,insider-event,,4
EVENT,603456.SH,20240606,20240606,,,,,,,,,-0.3584,,,,,,insider-event,,4
EVENT,600579.SH,20240605,20240605,,,,,,,,,6.446,,,,,,insider-event,,4
EVENT,600307.SH,20240605,20240605,,,,,,,,,7.0711,,,,,,insider-event,,4
EVENT,300067.SZ,20240607,20240607,,,,,,,,,-1.3343,,,,,,insider-event,,4
EVENT,300591.SZ,20240612,20240612,,,,,,,,,12.9758,,,,,,insider-event,,4
EVENT,300138.SZ,20240613,20240613,,,,,,,,,-7.5017,,,,,,insider-event,,4
EVENT,002052.SZ,20240613,20240613,,,,,,,,,97.7302,,,,,,insider-event,,4
EVENT,688400.SH,20240613,20240613,,,,,,,,,1.6369,,,,,,insider-event,,4
EVENT,603536.SH,20240613,20240613,,,,,,,,,6.4566,,,,,,insider-event,,4
EVENT,688292.SH,20240613,20240613,,,,,,,,,2.2285,,,,,,insider-event,,4
EVENT,600500.SH,20240613,20240613,,,,,,,,,10.4939,,,,,,insider-event,,4
EVENT,002132.SZ,20240613,20240613,,,,,,,,,9.7246,,,,,,insider-event,,4
EVENT,603100.SH,20240613,20240613,,,,,,,,,-6.6637,,,,,,insider-event,,4
EVENT,301263.SZ,20240611,20240611,,,,,,,,,6.3143,,,,,,insider-event,,4
EVENT,300245.SZ,20240611,20240611,,,,,,,,,10.9503,,,,,,insider-event,,4
EVENT,301207.SZ,20240611,20240611,,,,,,,,,13.5974,,,,,,insider-event,,4
EVENT,688531.SH,20240611,20240611,,,,,,,,,3.3769,,,,,,insider-event,,4
EVENT,600581.SH,20240611,20240611,,,,,,,,,4.4303,,,,,,insider-event,,4
EVENT,002132.SZ,20240611,20240611,,,,,,,,,12.4033,,,,,,insider-event,,4
EVENT,603101.SH,20240611,20240611,,,,,,,,,3.9684,,,,,,insider-event,,4
EVENT,002796.SZ,20240611,20240611,,,,,,,,,10.6637,,,,,,insider-event,,4
EVENT,688337.SH,20240618,20240618,,,,,,,,,-6.675,,,,,,insider-event,,4
EVENT,300187.SZ,20240614,20240614,,,,,,,,,20.6407,,,,,,insider-event,,4
EVENT,002201.SZ,20240614,20240614,,,,,,,,,-12.2639,,,,,,insider-event,,4
EVENT,600699.SH,20240614,20240614,,,,,,,,,0.6252,,,,,,insider-event,,4
EVENT,688737.SH,20240614,20240614,,,,,,,,,-7.8674,,,,,,insider-event,,4
EVENT,688683.SH,20240614,20240614,,,,,,,,,-6.3355,,,,,,insider-event,,4
EVENT,688260.SH,20240614,20240614,,,,,,,,,-0.6891,,,,,,insider-event,,4
EVENT,002203.SZ,20240614,20240614,,,,,,,,,3.7576,,,,,,insider-event,,4
EVENT,601686.SH,20240614,20240614,,,,,,,,,0.2477,,,,,,insider-event,,4
EVENT,002367.SZ,20240614,20240614,,,,,,,,,-2.6048,,,,,,insider-event,,4
EVENT,600728.SH,20240614,20240614,,,,,,,,,-4.5426,,,,,,insider-event,,4
EVENT,300597.SZ,20240617,20240617,,,,,,,,,11.0579,,,,,,insider-event,,4
EVENT,300187.SZ,20240617,20240617,,,,,,,,,21.4883,,,,,,insider-event,,4
EVENT,002860.SZ,20240617,20240617,,,,,,,,,-5.0915,,,,,,insider-event,,4
EVENT,002727.SZ,20240617,20240617,,,,,,,,,12.4972,,,,,,insider-event,,4
EVENT,600130.SH,20240617,20240617,,,,,,,,,-2.4013,,,,,,insider-event,,4
EVENT,600763.SH,20240617,20240617,,,,,,,,,-0.6034,,,,,,insider-event,,4
EVENT,001322.SZ,20240617,20240617,,,,,,,,,-4.7047,,,,,,insider-event,,4
EVENT,002203.SZ,20240620,20240620,,,,,,,,,-5.1022,,,,,,insider-event,,4
EVENT,603901.SH,20240620,20240620,,,,,,,,,-4.178,,,,,,insider-event,,4
EVENT,000510.SZ,20240620,20240620,,,,,,,,,0.2047,,,,,,insider-event,,4
EVENT,603153.SH,20240620,20240620,,,,,,,,,-5.9947,,,,,,insider-event,,4
EVENT,600429.SH,20240620,20240620,,,,,,,,,-0.8275,,,,,,insider-event,,4
EVENT,000568.SZ,20240619,20240619,,,,,,,,,14.4432,,,,,,insider-event,,4
EVENT,002335.SZ,20240619,20240619,,,,,,,,,1.3643,,,,,,insider-event,,4
EVENT,688025.SH,20240619,20240619,,,,,,,,,0.1244,,,,,,insider-event,,4
EVENT,605118.SH,20240619,20240619,,,,,,,,,-14.5855,,,,,,insider-event,,4
EVENT,688236.SH,20240619,20240619,,,,,,,,,-1.2774,,,,,,insider-event,,4
EVENT,002132.SZ,20240619,20240619,,,,,,,,,-7.3111,,,,,,insider-event,,4
EVENT,002557.SZ,20240621,20240621,,,,,,,,,9.6808,,,,,,insider-event,,4
EVENT,300021.SZ,20240621,20240621,,,,,,,,,2.4333,,,,,,insider-event,,4
EVENT,300597.SZ,20240603,20240603,,,,,,,,,-3.7717,,,,,,insider-event,,3
EVENT,603885.SH,20240603,20240603,,,,,,,,,0.7855,,,,,,insider-event,,3
EVENT,301207.SZ,20240606,20240606,,,,,,,,,13.1991,,,,,,insider-event,,3
EVENT,000912.SZ,20240606,20240606,,,,,,,,,4.2065,,,,,,insider-event,,3
EVENT,603379.SH,20240606,20240606,,,,,,,,,-0.8645,,,,,,insider-event,,3
EVENT,300592.SZ,20240605,20240605,,,,,,,,,-4.5035,,,,,,insider-event,,3
EVENT,301325.SZ,20240605,20240605,,,,,,,,,-4.3603,,,,,,insider-event,,3
EVENT,688291.SH,20240605,20240605,,,,,,,,,7.5376,,,,,,insider-event,,3
EVENT,688072.SH,20240605,20240605,,,,,,,,,0.8023,,,,,,insider-event,,3
EVENT,002275.SZ,20240605,20240605,,,,,,,,,0.2833,,,,,,insider-event,,3
EVENT,688084.SH,20240607,20240607,,,,,,,,,1.7455,,,,,,insider-event,,3
EVENT,603313.SH,20240607,20240607,,,,,,,,,6.271,,,,,,insider-event,,3
EVENT,001259.SZ,20240607,20240607,,,,,,,,,9.7651,,,,,,insider-event,,3
EVENT,002410.SZ,20240607,20240607,,,,,,,,,-0.2696,,,,,,insider-event,,3
EVENT,603326.SH,20240612,20240612,,,,,,,,,9.2544,,,,,,insider-event,,3
EVENT,688244.SH,20240612,20240612,,,,,,,,,2.8423,,,,,,insider-event,,3
EVENT,002228.SZ,20240612,20240612,,,,,,,,,8.02,,,,,,insider-event,,3
EVENT,301067.SZ,20240613,20240613,,,,,,,,,0.5743,,,,,,insider-event,,3
EVENT,301515.SZ,20240613,20240613,,,,,,,,,6.8352,,,,,,insider-event,,3
EVENT,300244.SZ,20240613,20240613,,,,,,,,,-4.7173,,,,,,insider-event,,3
EVENT,600226.SH,20240613,20240613,,,,,,,,,-3.2208,,,,,,insider-event,,3
EVENT,603339.SH,20240613,20240613,,,,,,,,,1.6164,,,,,,insider-event,,3
EVENT,002609.SZ,20240613,20240613,,,,,,,,,6.8921,,,,,,insider-event,,3
EVENT,603938.SH,20240613,20240613,,,,,,,,,-1.0758,,,,,,insider-event,,3
EVENT,600351.SH,20240613,20240613,,,,,,,,,4.5143,,,,,,insider-event,,3
EVENT,600406.SH,20240611,20240611,,,,,,,,,6.7179,,,,,,insider-event,,3
EVENT,601777.SH,20240611,20240611,,,,,,,,,10.5314,,,,,,insider-event,,3
EVENT,002276.SZ,20240611,20240611,,,,,,,,,2.497,,,,,,insider-event,,3
EVENT,688056.SH,20240611,20240611,,,,,,,,,7.5047,,,,,,insider-event,,3
EVENT,000695.SZ,20240611,20240611,,,,,,,,,7.9662,,,,,,insider-event,,3
EVENT,688580.SH,20240611,20240611,,,,,,,,,6.0429,,,,,,insider-event,,3
EVENT,603313.SH,20240611,20240611,,,,,,,,,6.7862,,,,,,insider-event,,3
EVENT,603237.SH,20240618,20240618,,,,,,,,,-0.1845,,,,,,insider-event,,3
EVENT,600373.SH,20240618,20240618,,,,,,,,,-4.0685,,,,,,insider-event,,3
EVENT,300770.SZ,20240614,20240614,,,,,,,,,2.0063,,,,,,insider-event,,3
EVENT,301207.SZ,20240614,20240614,,,,,,,,,-8.1857,,,,,,insider-event,,3
EVENT,603489.SH,20240614,20240614,,,,,,,,,9.4726,,,,,,insider-event,,3
EVENT,000858.SZ,20240614,20240614,,,,,,,,,11.4457,,,,,,insider-event,,3
EVENT,002132.SZ,20240614,20240614,,,,,,,,,-4.1949,,,,,,insider-event,,3
EVENT,601005.SH,20240614,20240614,,,,,,,,,-1.7212,,,,,,insider-event,,3
EVENT,301230.SZ,20240617,20240617,,,,,,,,,10.9492,,,,,,insider-event,,3
EVENT,000576.SZ,20240617,20240617,,,,,,,,,-8.6512,,,,,,insider-event,,3
EVENT,603637.SH,20240617,20240617,,,,,,,,,-6.5877,,,,,,insider-event,,3
EVENT,603077.SH,20240620,20240620,,,,,,,,,15.4041,,,,,,insider-event,,3
EVENT,000963.SZ,20240620,20240620,,,,,,,,,2.6844,,,,,,insider-event,,3
EVENT,600998.SH,20240620,20240620,,,,,,,,,5.2204,,,,,,insider-event,,3
EVENT,603856.SH,20240620,20240620,,,,,,,,,-0.2394,,,,,,insider-event,,3
EVENT,603863.SH,20240620,20240620,,,,,,,,,-0.0129,,,,,,insider-event,,3
EVENT,000672.SZ,20240620,20240620,,,,,,,,,2.2811,,,,,,insider-event,,3
EVENT,600278.SH,20240620,20240620,,,,,,,,,-1.7783,,,,,,insider-event,,3
EVENT,301286.SZ,20240619,20240619,,,,,,,,,-2.6932,,,,,,insider-event,,3
EVENT,301469.SZ,20240619,20240619,,,,,,,,,-2.5446,,,,,,insider-event,,3
EVENT,301305.SZ,20240619,20240619,,,,,,,,,-3.8481,,,,,,insider-event,,3
EVENT,605007.SH,20240619,20240619,,,,,,,,,-2.4079,,,,,,insider-event,,3
EVENT,600580.SH,20240619,20240619,,,,,,,,,-5.404,,,,,,insider-event,,3
EVENT,600998.SH,20240619,20240619,,,,,,,,,4.2067,,,,,,insider-event,,3
EVENT,002955.SZ,20240619,20240619,,,,,,,,,-11.2551,,,,,,insider-event,,3
EVENT,301207.SZ,20240619,20240619,,,,,,,,,-6.0016,,,,,,insider-event,,3
EVENT,000672.SZ,20240619,20240619,,,,,,,,,0.287,,,,,,insider-event,,3
EVENT,688050.SH,20240621,20240621,,,,,,,,,-4.0597,,,,,,insider-event,,3
EVENT,000656.SZ,20240621,20240621,,,,,,,,,-2.1725,,,,,,insider-event,,3
EVENT,002084.SZ,20240621,20240621,,,,,,,,,-5.4851,,,,,,insider-event,,3
EVENT,000526.SZ,20240621,20240621,,,,,,,,,0.0476,,,,,,insider-event,,3
EVENT,300140.SZ,20240603,20240603,,,,,,,,,-1.1965,,,,,,insider-event,,2
EVENT,300597.SZ,20240606,20240606,,,,,,,,,3.9492,,,,,,insider-event,,2
EVENT,301149.SZ,20240606,20240606,,,,,,,,,5.2421,,,,,,insider-event,,2
EVENT,000920.SZ,20240606,20240606,,,,,,,,,-1.3408,,,,,,insider-event,,2
EVENT,688285.SH,20240606,20240606,,,,,,,,,3.7341,,,,,,insider-event,,2
EVENT,001323.SZ,20240605,20240605,,,,,,,,,0.4876,,,,,,insider-event,,2
EVENT,600138.SH,20240607,20240607,,,,,,,,,0.5118,,,,,,insider-event,,2
EVENT,300957.SZ,20240612,20240612,,,,,,,,,-3.3205,,,,,,insider-event,,2
EVENT,300496.SZ,20240613,20240613,,,,,,,,,-15.3664,,,,,,insider-event,,2
EVENT,002887.SZ,20240613,20240613,,,,,,,,,13.8236,,,,,,insider-event,,2
EVENT,688041.SH,20240613,20240613,,,,,,,,,2.1348,,,,,,insider-event,,2
EVENT,603119.SH,20240613,20240613,,,,,,,,,-1.6438,,,,,,insider-event,,2
EVENT,600477.SH,20240613,20240613,,,,,,,,,6.488,,,,,,insider-event,,2
EVENT,605266.SH,20240613,20240613,,,,,,,,,9.4898,,,,,,insider-event,,2
EVENT,603313.SH,20240613,20240613,,,,,,,,,6.2686,,,,,,insider-event,,2
EVENT,603429.SH,20240613,20240613,,,,,,,,,2.7954,,,,,,insider-event,,2
EVENT,002331.SZ,20240613,20240613,,,,,,,,,12.8276,,,,,,insider-event,,2
EVENT,002946.SZ,20240611,20240611,,,,,,,,,-2.0441,,,,,,insider-event,,2
EVENT,603153.SH,20240611,20240611,,,,,,,,,0.5789,,,,,,insider-event,,2
EVENT,300365.SZ,20240611,20240611,,,,,,,,,4.7948,,,,,,insider-event,,2
EVENT,301363.SZ,20240611,20240611,,,,,,,,,7.6134,,,,,,insider-event,,2
EVENT,002067.SZ,20240611,20240611,,,,,,,,,5.1054,,,,,,insider-event,,2
EVENT,600704.SH,20240618,20240618,,,,,,,,,9.0041,,,,,,insider-event,,2
EVENT,688049.SH,20240618,20240618,,,,,,,,,-0.0089,,,,,,insider-event,,2
EVENT,601880.SH,20240614,20240614,,,,,,,,,-1.2752,,,,,,insider-event,,2
EVENT,600143.SH,20240614,20240614,,,,,,,,,7.7794,,,,,,insider-event,,2
EVENT,603062.SH,20240614,20240614,,,,,,,,,-8.9366,,,,,,insider-event,,2
EVENT,000882.SZ,20240617,20240617,,,,,,,,,-9.4164,,,,,,insider-event,,2
EVENT,002083.SZ,20240617,20240617,,,,,,,,,-2.6632,,,,,,insider-event,,2
EVENT,600433.SH,20240617,20240617,,,,,,,,,-2.3383,,,,,,insider-event,,2
EVENT,688293.SH,20240617,20240617,,,,,,,,,-10.9136,,,,,,insider-event,,2
EVENT,688455.SH,20240617,20240617,,,,,,,,,1.3164,,,,,,insider-event,,2
EVENT,301225.SZ,20240620,20240620,,,,,,,,,16.2163,,,,,,insider-event,,2
EVENT,688498.SH,20240620,20240620,,,,,,,,,7.442,,,,,,insider-event,,2
EVENT,003038.SZ,20240619,20240619,,,,,,,,,-6.7221,,,,,,insider-event,,2
EVENT,600507.SH,20240619,20240619,,,,,,,,,2.9124,,,,,,insider-event,,2
EVENT,000589.SZ,20240603,20240603,,,,,,,,,6.4541,,,,,,insider-event,,1
EVENT,000869.SZ,20240617,20240617,,,,,,,,,4.4364,,,,,,insider-event,,1
EVENT,688281.SH,20240620,20240620,,,,,,,,,1.9448,,,,,,insider-event,,1
EVENT,605589.SH,20240619,20240619,,,,,,,,,-10.2764,,,,,,insider-event,,1
EVENT,300796.SZ,20240807,20240807,,,,,,,,,29.7015,,,,,,insider-event,,7
EVENT,002360.SZ,20240815,20240815,,,,,,,,,2.9016,,,,,,insider-event,,7
EVENT,688371.SH,20240807,20240807,,,,,,,,,10.7732,,,,,,insider-event,,6
EVENT,300796.SZ,20240805,20240805,,,,,,,,,14.47,,,,,,insider-event,,6
EVENT,002706.SZ,20240805,20240805,,,,,,,,,-0.9589,,,,,,insider-event,,6
EVENT,688065.SH,20240805,20240805,,,,,,,,,14.0482,,,,,,insider-event,,6
EVENT,002996.SZ,20240809,20240809,,,,,,,,,-5.459,,,,,,insider-event,,6
EVENT,300796.SZ,20240812,20240812,,,,,,,,,23.2748,,,,,,insider-event,,6
EVENT,601966.SH,20240812,20240812,,,,,,,,,-5.5948,,,,,,insider-event,,6
EVENT,600351.SH,20240816,20240816,,,,,,,,,-0.0526,,,,,,insider-event,,6
EVENT,603398.SH,20240819,20240819,,,,,,,,,14.3781,,,,,,insider-event,,6
EVENT,605016.SH,20240819,20240819,,,,,,,,,16.093,,,,,,insider-event,,6
EVENT,002230.SZ,20240823,20240823,,,,,,,,,0.6615,,,,,,insider-event,,6
EVENT,002690.SZ,20240823,20240823,,,,,,,,,5.4259,,,,,,insider-event,,6
EVENT,603650.SH,20240823,20240823,,,,,,,,,1.1288,,,,,,insider-event,,6
EVENT,688576.SH,20240826,20240826,,,,,,,,,14.1251,,,,,,insider-event,,6
EVENT,600062.SH,20240826,20240826,,,,,,,,,1.1358,,,,,,insider-event,,6
EVENT,688576.SH,20240829,20240829,,,,,,,,,7.3865,,,,,,insider-event,,6
EVENT,600094.SH,20240807,20240807,,,,,,,,,-13.4917,,,,,,insider-event,,5
EVENT,600486.SH,20240807,20240807,,,,,,,,,0.2913,,,,,,insider-event,,5
EVENT,002706.SZ,20240808,20240808,,,,,,,,,-5.8961,,,,,,insider-event,,5
EVENT,600979.SH,20240808,20240808,,,,,,,,,0.386,,,,,,insider-event,,5
EVENT,605069.SH,20240808,20240808,,,,,,,,,-0.1021,,,,,,insider-event,,5
EVENT,300405.SZ,20240809,20240809,,,,,,,,,0.2054,,,,,,insider-event,,5
EVENT,300334.SZ,20240809,20240809,,,,,,,,,9.2958,,,,,,insider-event,,5
EVENT,688371.SH,20240809,20240809,,,,,,,,,1.5665,,,,,,insider-event,,5
EVENT,000538.SZ,20240809,20240809,,,,,,,,,1.3094,,,,,,insider-event,,5
EVENT,688371.SH,20240814,20240814,,,,,,,,,1.0359,,,,,,insider-event,,5
EVENT,002197.SZ,20240816,20240816,,,,,,,,,4.8131,,,,,,insider-event,,5
EVENT,002920.SZ,20240822,20240822,,,,,,,,,0.6243,,,,,,insider-event,,5
EVENT,601666.SH,20240822,20240822,,,,,,,,,3.6759,,,,,,insider-event,,5
EVENT,301047.SZ,20240822,20240822,,,,,,,,,7.0381,,,,,,insider-event,,5
EVENT,600076.SH,20240822,20240822,,,,,,,,,1.3068,,,,,,insider-event,,5
EVENT,600543.SH,20240821,20240821,,,,,,,,,4.5816,,,,,,insider-event,,5
EVENT,600746.SH,20240821,20240821,,,,,,,,,0.629,,,,,,insider-event,,5
EVENT,002493.SZ,20240823,20240823,,,,,,,,,-1.0216,,,,,,insider-event,,5
EVENT,600076.SH,20240823,20240823,,,,,,,,,1.3329,,,,,,insider-event,,5
EVENT,002960.SZ,20240826,20240826,,,,,,,,,14.2618,,,,,,insider-event,,5
EVENT,600782.SH,20240826,20240826,,,,,,,,,3.6509,,,,,,insider-event,,5
EVENT,600787.SH,20240826,20240826,,,,,,,,,6.9645,,,,,,insider-event,,5
EVENT,301042.SZ,20240829,20240829,,,,,,,,,1.206,,,,,,insider-event,,5
EVENT,000155.SZ,20240829,20240829,,,,,,,,,2.9522,,,,,,insider-event,,5
EVENT,301390.SZ,20240829,20240829,,,,,,,,,2.0982,,,,,,insider-event,,5
EVENT,001330.SZ,20240830,20240830,,,,,,,,,-0.4003,,,,,,insider-event,,5
EVENT,002903.SZ,20240830,20240830,,,,,,,,,3.0924,,,,,,insider-event,,5
EVENT,300091.SZ,20240806,20240806,,,,,,,,,8.3141,,,,,,insider-event,,4
EVENT,301035.SZ,20240807,20240807,,,,,,,,,-10.8277,,,,,,insider-event,,4
EVENT,000501.SZ,20240807,20240807,,,,,,,,,0.3372,,,,,,insider-event,,4
EVENT,300335.SZ,20240807,20240807,,,,,,,,,-0.1413,,,,,,insider-event,,4
EVENT,300716.SZ,20240807,20240807,,,,,,,,,1.6797,,,,,,insider-event,,4
EVENT,605183.SH,20240807,20240807,,,,,,,,,10.296,,,,,,insider-event,,4
EVENT,300801.SZ,20240808,20240808,,,,,,,,,-4.4232,,,,,,insider-event,,4
EVENT,000526.SZ,20240808,20240808,,,,,,,,,-8.6022,,,,,,insider-event,,4
EVENT,603633.SH,20240808,20240808,,,,,,,,,-5.8598,,,,,,insider-event,,4
EVENT,300640.SZ,20240809,20240809,,,,,,,,,2.6348,,,,,,insider-event,,4
EVENT,600819.SH,20240809,20240809,,,,,,,,,-5.3009,,,,,,insider-event,,4
EVENT,002286.SZ,20240809,20240809,,,,,,,,,0.103,,,,,,insider-event,,4
EVENT,002168.SZ,20240809,20240809,,,,,,,,,-6.4568,,,,,,insider-event,,4
EVENT,002402.SZ,20240809,20240809,,,,,,,,,-4.4603,,,,,,insider-event,,4
EVENT,002440.SZ,20240809,20240809,,,,,,,,,-3.3857,,,,,,insider-event,,4
EVENT,300071.SZ,20240812,20240812,,,,,,,,,5.7484,,,,,,insider-event,,4
EVENT,603879.SH,20240812,20240812,,,,,,,,,0.103,,,,,,insider-event,,4
EVENT,603088.SH,20240812,20240812,,,,,,,,,-0.7824,,,,,,insider-event,,4
EVENT,601969.SH,20240812,20240812,,,,,,,,,-3.9993,,,,,,insider-event,,4
EVENT,603077.SH,20240812,20240812,,,,,,,,,-1.5638,,,,,,insider-event,,4
EVENT,002455.SZ,20240812,20240812,,,,,,,,,-3.8295,,,,,,insider-event,,4
EVENT,688787.SH,20240815,20240815,,,,,,,,,17.7777,,,,,,insider-event,,4
EVENT,600653.SH,20240814,20240814,,,,,,,,,-8.1026,,,,,,insider-event,,4
EVENT,600711.SH,20240814,20240814,,,,,,,,,10.0565,,,,,,insider-event,,4
EVENT,600340.SH,20240814,20240814,,,,,,,,,1.5324,,,,,,insider-event,,4
EVENT,300266.SZ,20240814,20240814,,,,,,,,,10.2709,,,,,,insider-event,,4
EVENT,688310.SH,20240816,20240816,,,,,,,,,-1.4921,,,,,,insider-event,,4
EVENT,688636.SH,20240816,20240816,,,,,,,,,-4.9422,,,,,,insider-event,,4
EVENT,603009.SH,20240816,20240816,,,,,,,,,2.3668,,,,,,insider-event,,4
EVENT,600178.SH,20240816,20240816,,,,,,,,,-12.0145,,,,,,insider-event,,4
EVENT,001231.SZ,20240820,20240820,,,,,,,,,-3.2916,,,,,,insider-event,,4
EVENT,688657.SH,20240819,20240819,,,,,,,,,0.2419,,,,,,insider-event,,4
EVENT,688522.SH,20240822,20240822,,,,,,,,,2.8928,,,,,,insider-event,,4
EVENT,000026.SZ,20240822,20240822,,,,,,,,,0.0463,,,,,,insider-event,,4
EVENT,000893.SZ,20240822,20240822,,,,,,,,,3.9462,,,,,,insider-event,,4
EVENT,605056.SH,20240822,20240822,,,,,,,,,8.1361,,,,,,insider-event,,4
EVENT,688184.SH,20240821,20240821,,,,,,,,,1.3909,,,,,,insider-event,,4
EVENT,003000.SZ,20240823,20240823,,,,,,,,,0.614,,,,,,insider-event,,4
EVENT,002925.SZ,20240823,20240823,,,,,,,,,2.3453,,,,,,insider-event,,4
EVENT,601992.SH,20240823,20240823,,,,,,,,,5.3734,,,,,,insider-event,,4
EVENT,300724.SZ,20240823,20240823,,,,,,,,,7.828,,,,,,insider-event,,4
EVENT,002117.SZ,20240823,20240823,,,,,,,,,5.1255,,,,,,insider-event,,4
EVENT,603658.SH,20240823,20240823,,,,,,,,,-1.1434,,,,,,insider-event,,4
EVENT,000581.SZ,20240823,20240823,,,,,,,,,0.6319,,,,,,insider-event,,4
EVENT,688653.SH,20240823,20240823,,,,,,,,,12.7098,,,,,,insider-event,,4
EVENT,301093.SZ,20240827,20240827,,,,,,,,,4.0219,,,,,,insider-event,,4
EVENT,300700.SZ,20240826,20240826,,,,,,,,,7.9174,,,,,,insider-event,,4
EVENT,688080.SH,20240826,20240826,,,,,,,,,-5.8554,,,,,,insider-event,,4
EVENT,688137.SH,20240826,20240826,,,,,,,,,2.9392,,,,,,insider-event,,4
EVENT,600215.SH,20240826,20240826,,,,,,,,,8.5902,,,,,,insider-event,,4
EVENT,601686.SH,20240826,20240826,,,,,,,,,2.1825,,,,,,insider-event,,4
EVENT,603815.SH,20240826,20240826,,,,,,,,,7.4288,,,,,,insider-event,,4
EVENT,600809.SH,20240829,20240829,,,,,,,,,4.1931,,,,,,insider-event,,4
EVENT,300009.SZ,20240829,20240829,,,,,,,,,1.6198,,,,,,insider-event,,4
EVENT,605020.SH,20240829,20240829,,,,,,,,,8.5553,,,,,,insider-event,,4
EVENT,000777.SZ,20240829,20240829,,,,,,,,,-3.6596,,,,,,insider-event,,4
EVENT,301110.SZ,20240830,20240830,,,,,,,,,1.2931,,,,,,insider-event,,4
EVENT,301129.SZ,20240830,20240830,,,,,,,,,8.2697,,,,,,insider-event,,4
EVENT,002758.SZ,20240830,20240830,,,,,,,,,-5.3613,,,,,,insider-event,,4
EVENT,301265.SZ,20240806,20240806,,,,,,,,,0.5353,,,,,,insider-event,,3
EVENT,300376.SZ,20240807,20240807,,,,,,,,,-14.2172,,,,,,insider-event,,3
EVENT,300575.SZ,20240807,20240807,,,,,,,,,-3.9165,,,,,,insider-event,,3
EVENT,601615.SH,20240807,20240807,,,,,,,,,-4.6635,,,,,,insider-event,,3
EVENT,600497.SH,20240807,20240807,,,,,,,,,-2.2407,,,,,,insider-event,,3
EVENT,300800.SZ,20240807,20240807,,,,,,,,,2.2429,,,,,,insider-event,,3
EVENT,605056.SH,20240807,20240807,,,,,,,,,-4.6193,,,,,,insider-event,,3
EVENT,603933.SH,20240807,20240807,,,,,,,,,1.3025,,,,,,insider-event,,3
EVENT,688573.SH,20240805,20240805,,,,,,,,,-1.9909,,,,,,insider-event,,3
EVENT,600507.SH,20240805,20240805,,,,,,,,,0.0217,,,,,,insider-event,,3
EVENT,002058.SZ,20240808,20240808,,,,,,,,,-3.9545,,,,,,insider-event,,3
EVENT,002431.SZ,20240808,20240808,,,,,,,,,3.3673,,,,,,insider-event,,3
EVENT,002909.SZ,20240813,20240813,,,,,,,,,-2.3493,,,,,,insider-event,,3
EVENT,301260.SZ,20240809,20240809,,,,,,,,,-3.9735,,,,,,insider-event,,3
EVENT,688184.SH,20240809,20240809,,,,,,,,,-4.0953,,,,,,insider-event,,3
EVENT,002116.SZ,20240809,20240809,,,,,,,,,0.4047,,,,,,insider-event,,3
EVENT,002962.SZ,20240812,20240812,,,,,,,,,2.301,,,,,,insider-event,,3
EVENT,002210.SZ,20240815,20240815,,,,,,,,,-1.2237,,,,,,insider-event,,3
EVENT,300181.SZ,20240815,20240815,,,,,,,,,0.6029,,,,,,insider-event,,3
EVENT,301356.SZ,20240814,20240814,,,,,,,,,-3.9845,,,,,,insider-event,,3
EVENT,600887.SH,20240814,20240814,,,,,,,,,0.4979,,,,,,insider-event,,3
EVENT,688660.SH,20240814,20240814,,,,,,,,,-3.1009,,,,,,insider-event,,3
EVENT,600675.SH,20240814,20240814,,,,,,,,,-0.1363,,,,,,insider-event,,3
EVENT,300820.SZ,20240816,20240816,,,,,,,,,1.1728,,,,,,insider-event,,3
EVENT,603885.SH,20240816,20240816,,,,,,,,,-4.9804,,,,,,insider-event,,3
EVENT,600566.SH,20240816,20240816,,,,,,,,,4.3774,,,,,,insider-event,,3
EVENT,301093.SZ,20240820,20240820,,,,,,,,,8.1206,,,,,,insider-event,,3
EVENT,300214.SZ,20240819,20240819,,,,,,,,,-0.7003,,,,,,insider-event,,3
EVENT,002340.SZ,20240819,20240819,,,,,,,,,-3.3787,,,,,,insider-event,,3
EVENT,603222.SH,20240819,20240819,,,,,,,,,-6.7813,,,,,,insider-event,,3
EVENT,688163.SH,20240819,20240819,,,,,,,,,3.7186,,,,,,insider-event,,3
EVENT,301093.SZ,20240822,20240822,,,,,,,,,8.8129,,,,,,insider-event,,3
EVENT,002415.SZ,20240822,20240822,,,,,,,,,1.117,,,,,,insider-event,,3
EVENT,603901.SH,20240822,20240822,,,,,,,,,-2.5305,,,,,,insider-event,,3
EVENT,603786.SH,20240822,20240822,,,,,,,,,28.2294,,,,,,insider-event,,3
EVENT,600433.SH,20240822,20240822,,,,,,,,,4.2903,,,,,,insider-event,,3
EVENT,688089.SH,20240822,20240822,,,,,,,,,0.8837,,,,,,insider-event,,3
EVENT,001300.SZ,20240822,20240822,,,,,,,,,0.9152,,,,,,insider-event,,3
EVENT,300624.SZ,20240821,20240821,,,,,,,,,1.9588,,,,,,insider-event,,3
EVENT,002910.SZ,20240821,20240821,,,,,,,,,1.4667,,,,,,insider-event,,3
EVENT,600307.SH,20240821,20240821,,,,,,,,,3.2483,,,,,,insider-event,,3
EVENT,002787.SZ,20240821,20240821,,,,,,,,,0.9155,,,,,,insider-event,,3
EVENT,600894.SH,20240821,20240821,,,,,,,,,5.6601,,,,,,insider-event,,3
EVENT,600143.SH,20240821,20240821,,,,,,,,,3.2257,,,,,,insider-event,,3
EVENT,000551.SZ,20240821,20240821,,,,,,,,,-7.0747,,,,,,insider-event,,3
EVENT,600315.SH,20240821,20240821,,,,,,,,,-2.4515,,,,,,insider-event,,3
EVENT,301359.SZ,20240823,20240823,,,,,,,,,-0.2167,,,,,,insider-event,,3
EVENT,002271.SZ,20240823,20240823,,,,,,,,,18.6415,,,,,,insider-event,,3
EVENT,603986.SH,20240823,20240823,,,,,,,,,1.081,,,,,,insider-event,,3
EVENT,600307.SH,20240823,20240823,,,,,,,,,3.1213,,,,,,insider-event,,3
EVENT,601666.SH,20240823,20240823,,,,,,,,,3.0738,,,,,,insider-event,,3
EVENT,688215.SH,20240823,20240823,,,,,,,,,3.8254,,,,,,insider-event,,3
EVENT,688326.SH,20240829,20240829,,,,,,,,,4.0575,,,,,,insider-event,,3
EVENT,300627.SZ,20240830,20240830,,,,,,,,,6.9865,,,,,,insider-event,,3
EVENT,300363.SZ,20240830,20240830,,,,,,,,,-3.9194,,,,,,insider-event,,3
EVENT,600060.SH,20240830,20240830,,,,,,,,,10.4619,,,,,,insider-event,,3
EVENT,301529.SZ,20240830,20240830,,,,,,,,,5.7785,,,,,,insider-event,,3
EVENT,603396.SH,20240830,20240830,,,,,,,,,2.8425,,,,,,insider-event,,3
EVENT,000878.SZ,20240807,20240807,,,,,,,,,0.1656,,,,,,insider-event,,2
EVENT,000661.SZ,20240807,20240807,,,,,,,,,-5.9797,,,,,,insider-event,,2
EVENT,688078.SH,20240807,20240807,,,,,,,,,-1.6386,,,,,,insider-event,,2
EVENT,601880.SH,20240807,20240807,,,,,,,,,0.103,,,,,,insider-event,,2
EVENT,300337.SZ,20240805,20240805,,,,,,,,,6.1038,,,,,,insider-event,,2
EVENT,601880.SH,20240805,20240805,,,,,,,,,-3.4841,,,,,,insider-event,,2
EVENT,603162.SH,20240805,20240805,,,,,,,,,-10.4255,,,,,,insider-event,,2
EVENT,300857.SZ,20240808,20240808,,,,,,,,,14.7234,,,,,,insider-event,,2
EVENT,688787.SH,20240808,20240808,,,,,,,,,13.626,,,,,,insider-event,,2
EVENT,603383.SH,20240808,20240808,,,,,,,,,-6.7869,,,,,,insider-event,,2
EVENT,300364.SZ,20240813,20240813,,,,,,,,,2.9703,,,,,,insider-event,,2
EVENT,600846.SH,20240812,20240812,,,,,,,,,-3.6737,,,,,,insider-event,,2
EVENT,301021.SZ,20240815,20240815,,,,,,,,,1.0572,,,,,,insider-event,,2
EVENT,300364.SZ,20240815,20240815,,,,,,,,,1.9654,,,,,,insider-event,,2
EVENT,688513.SH,20240815,20240815,,,,,,,,,3.3107,,,,,,insider-event,,2
EVENT,300888.SZ,20240814,20240814,,,,,,,,,-6.6149,,,,,,insider-event,,2
EVENT,600103.SH,20240814,20240814,,,,,,,,,2.6752,,,,,,insider-event,,2
EVENT,002019.SZ,20240816,20240816,,,,,,,,,-9.5992,,,,,,insider-event,,2
EVENT,000759.SZ,20240816,20240816,,,,,,,,,2.8576,,,,,,insider-event,,2
EVENT,600894.SH,20240816,20240816,,,,,,,,,-0.168,,,,,,insider-event,,2
EVENT,300611.SZ,20240820,20240820,,,,,,,,,-6.7576,,,,,,insider-event,,2
EVENT,300443.SZ,20240820,20240820,,,,,,,,,2.8226,,,,,,insider-event,,2
EVENT,688207.SH,20240819,20240819,,,,,,,,,-0.6206,,,,,,insider-event,,2
EVENT,300146.SZ,20240822,20240822,,,,,,,,,18.5416,,,,,,insider-event,,2
EVENT,603662.SH,20240822,20240822,,,,,,,,,-10.1556,,,,,,insider-event,,2
EVENT,002219.SZ,20240821,20240821,,,,,,,,,6.5493,,,,,,insider-event,,2
EVENT,688310.SH,20240821,20240821,,,,,,,,,-3.5692,,,,,,insider-event,,2
EVENT,603899.SH,20240826,20240826,,,,,,,,,5.8829,,,,,,insider-event,,2
EVENT,002840.SZ,20240826,20240826,,,,,,,,,9.9436,,,,,,insider-event,,2
EVENT,300801.SZ,20240830,20240830,,,,,,,,,-5.4853,,,,,,insider-event,,2
EVENT,301088.SZ,20240830,20240830,,,,,,,,,-0.5833,,,,,,insider-event,,2
EVENT,300677.SZ,20240808,20240808,,,,,,,,,2.5046,,,,,,insider-event,,1
EVENT,600679.SH,20240812,20240812,,,,,,,,,-2.8448,,,,,,insider-event,,1
EVENT,002627.SZ,20240812,20240812,,,,,,,,,-1.1718,,,,,,insider-event,,1
EVENT,002851.SZ,20240902,20240902,,,,,,,,,0.4442,,,,,,insider-event,,7
EVENT,300677.SZ,20240923,20240923,,,,,,,,,16.2332,,,,,,insider-event,,7
EVENT,688212.SH,20240924,20240924,,,,,,,,,10.0937,,,,,,insider-event,,7
EVENT,000568.SZ,20240925,20240925,,,,,,,,,11.7885,,,,,,insider-event,,7
EVENT,605358.SH,20240925,20240925,,,,,,,,,0.716,,,,,,insider-event,,7
EVENT,300073.SZ,20240902,20240902,,,,,,,,,4.7694,,,,,,insider-event,,6
EVENT,688737.SH,20240902,20240902,,,,,,,,,-5.4799,,,,,,insider-event,,6
EVENT,300795.SZ,20240904,20240904,,,,,,,,,-5.7197,,,,,,insider-event,,6
EVENT,002706.SZ,20240905,20240905,,,,,,,,,8.8076,,,,,,insider-event,,6
EVENT,002758.SZ,20240925,20240925,,,,,,,,,4.4096,,,,,,insider-event,,6
EVENT,000403.SZ,20240926,20240926,,,,,,,,,11.8552,,,,,,insider-event,,6
EVENT,001308.SZ,20240926,20240926,,,,,,,,,6.5364,,,,,,insider-event,,6
EVENT,300201.SZ,20240927,20240927,,,,,,,,,1.6121,,,,,,insider-event,,6
EVENT,002404.SZ,20240903,20240903,,,,,,,,,-6.9393,,,,,,insider-event,,5
EVENT,002557.SZ,20240902,20240902,,,,,,,,,-2.2785,,,,,,insider-event,,5
EVENT,002230.SZ,20240904,20240904,,,,,,,,,13.1749,,,,,,insider-event,,5
EVENT,603986.SH,20240904,20240904,,,,,,,,,6.5269,,,,,,insider-event,,5
EVENT,600382.SH,20240905,20240905,,,,,,,,,4.5035,,,,,,insider-event,,5
EVENT,688768.SH,20240906,20240906,,,,,,,,,9.7155,,,,,,insider-event,,5
EVENT,688017.SH,20240909,20240909,,,,,,,,,-6.1555,,,,,,insider-event,,5
EVENT,601969.SH,20240909,20240909,,,,,,,,,9.3706,,,,,,insider-event,,5
EVENT,603986.SH,20240911,20240911,,,,,,,,,0.0533,,,,,,insider-event,,5
EVENT,600808.SH,20240912,20240912,,,,,,,,,1.5554,,,,,,insider-event,,5
EVENT,601666.SH,20240919,20240919,,,,,,,,,5.2982,,,,,,insider-event,,5
EVENT,300677.SZ,20240920,20240920,,,,,,,,,13.5085,,,,,,insider-event,,5
EVENT,688285.SH,20240920,20240920,,,,,,,,,-0.4426,,,,,,insider-event,,5
EVENT,688657.SH,20240923,20240923,,,,,,,,,3.461,,,,,,insider-event,,5
EVENT,688511.SH,20240923,20240923,,,,,,,,,8.1217,,,,,,insider-event,,5
EVENT,301090.SZ,20240913,20240913,,,,,,,,,5.6038,,,,,,insider-event,,5
EVENT,605589.SH,20240913,20240913,,,,,,,,,13.6827,,,,,,insider-event,,5
EVENT,600873.SH,20240925,20240925,,,,,,,,,12.6007,,,,,,insider-event,,5
EVENT,600497.SH,20240925,20240925,,,,,,,,,4.6115,,,,,,insider-event,,5
EVENT,600382.SH,20240925,20240925,,,,,,,,,1.7349,,,,,,insider-event,,5
EVENT,688686.SH,20240925,20240925,,,,,,,,,15.4858,,,,,,insider-event,,5
EVENT,601678.SH,20240925,20240925,,,,,,,,,1.6127,,,,,,insider-event,,5
EVENT,688448.SH,20240926,20240926,,,,,,,,,10.9875,,,,,,insider-event,,5
EVENT,600315.SH,20240930,20240930,,,,,,,,,0.2264,,,,,,insider-event,,5
EVENT,688623.SH,20240930,20240930,,,,,,,,,0.9209,,,,,,insider-event,,5
EVENT,301080.SZ,20240902,20240902,,,,,,,,,0.5256,,,,,,insider-event,,4
EVENT,002443.SZ,20240902,20240902,,,,,,,,,3.6532,,,,,,insider-event,,4
EVENT,002458.SZ,20240904,20240904,,,,,,,,,-2.6195,,,,,,insider-event,,4
EVENT,605266.SH,20240904,20240904,,,,,,,,,15.6411,,,,,,insider-event,,4
EVENT,000541.SZ,20240905,20240905,,,,,,,,,0.0609,,,,,,insider-event,,4
EVENT,688633.SH,20240905,20240905,,,,,,,,,3.2647,,,,,,insider-event,,4
EVENT,601969.SH,20240905,20240905,,,,,,,,,2.4895,,,,,,insider-event,,4
EVENT,688419.SH,20240905,20240905,,,,,,,,,4.625,,,,,,insider-event,,4
EVENT,603008.SH,20240906,20240906,,,,,,,,,6.52,,,,,,insider-event,,4
EVENT,001206.SZ,20240909,20240909,,,,,,,,,-3.1847,,,,,,insider-event,,4
EVENT,002892.SZ,20240909,20240909,,,,,,,,,6.3781,,,,,,insider-event,,4
EVENT,605377.SH,20240909,20240909,,,,,,,,,-4.2453,,,,,,insider-event,,4
EVENT,603087.SH,20240909,20240909,,,,,,,,,-3.4897,,,,,,insider-event,,4
EVENT,300073.SZ,20240911,20240911,,,,,,,,,0.2021,,,,,,insider-event,,4
EVENT,600011.SH,20240911,20240911,,,,,,,,,4.1129,,,,,,insider-event,,4
EVENT,600720.SH,20240911,20240911,,,,,,,,,3.8068,,,,,,insider-event,,4
EVENT,605009.SH,20240911,20240911,,,,,,,,,14.6569,,,,,,insider-event,,4
EVENT,688100.SH,20240911,20240911,,,,,,,,,13.3811,,,,,,insider-event,,4
EVENT,603355.SH,20240911,20240911,,,,,,,,,9.9246,,,,,,insider-event,,4
EVENT,002690.SZ,20240912,20240912,,,,,,,,,-5.102,,,,,,insider-event,,4
EVENT,001203.SZ,20240912,20240912,,,,,,,,,-0.841,,,,,,insider-event,,4
EVENT,002901.SZ,20240912,20240912,,,,,,,,,0.0425,,,,,,insider-event,,4
EVENT,603267.SH,20240912,20240912,,,,,,,,,-0.827,,,,,,insider-event,,4
EVENT,301390.SZ,20240920,20240920,,,,,,,,,14.0605,,,,,,insider-event,,4
EVENT,688007.SH,20240920,20240920,,,,,,,,,19.3604,,,,,,insider-event,,4
EVENT,002962.SZ,20240920,20240920,,,,,,,,,10.0746,,,,,,insider-event,,4
EVENT,600382.SH,20240920,20240920,,,,,,,,,7.1297,,,,,,insider-event,,4
EVENT,600098.SH,20240920,20240920,,,,,,,,,10.696,,,,,,insider-event,,4
EVENT,001309.SZ,20240920,20240920,,,,,,,,,6.7901,,,,,,insider-event,,4
EVENT,301529.SZ,20240923,20240923,,,,,,,,,6.4487,,,,,,insider-event,,4
EVENT,002758.SZ,20240923,20240923,,,,,,,,,8.3362,,,,,,insider-event,,4
EVENT,688619.SH,20240923,20240923,,,,,,,,,6.5968,,,,,,insider-event,,4
EVENT,688737.SH,20240923,20240923,,,,,,,,,5.7494,,,,,,insider-event,,4
EVENT,605266.SH,20240923,20240923,,,,,,,,,30.2082,,,,,,insider-event,,4
EVENT,300736.SZ,20240924,20240924,,,,,,,,,22.7762,,,,,,insider-event,,4
EVENT,002953.SZ,20240925,20240925,,,,,,,,,1.0179,,,,,,insider-event,,4
EVENT,603848.SH,20240925,20240925,,,,,,,,,6.884,,,,,,insider-event,,4
EVENT,600337.SH,20240925,20240925,,,,,,,,,7.8265,,,,,,insider-event,,4
EVENT,000048.SZ,20240925,20240925,,,,,,,,,12.7872,,,,,,insider-event,,4
EVENT,600929.SH,20240925,20240925,,,,,,,,,3.3795,,,,,,insider-event,,4
EVENT,688419.SH,20240925,20240925,,,,,,,,,13.7746,,,,,,insider-event,,4
EVENT,301278.SZ,20240926,20240926,,,,,,,,,24.6383,,,,,,insider-event,,4
EVENT,603008.SH,20240926,20240926,,,,,,,,,0.7787,,,,,,insider-event,,4
EVENT,603669.SH,20240926,20240926,,,,,,,,,5.3807,,,,,,insider-event,,4
EVENT,001318.SZ,20240927,20240927,,,,,,,,,6.8093,,,,,,insider-event,,4
EVENT,603117.SH,20240927,20240927,,,,,,,,,0.9843,,,,,,insider-event,,4
EVENT,002213.SZ,20240902,20240902,,,,,,,,,0.5892,,,,,,insider-event,,3
EVENT,002374.SZ,20240902,20240902,,,,,,,,,-2.0025,,,,,,insider-event,,3
EVENT,300664.SZ,20240904,20240904,,,,,,,,,8.4193,,,,,,insider-event,,3
EVENT,002892.SZ,20240904,20240904,,,,,,,,,0.4311,,,,,,insider-event,,3
EVENT,002014.SZ,20240904,20240904,,,,,,,,,7.5856,,,,,,insider-event,,3
EVENT,688007.SH,20240904,20240904,,,,,,,,,5.3238,,,,,,insider-event,,3
EVENT,600305.SH,20240904,20240904,,,,,,,,,-4.2494,,,,,,insider-event,,3
EVENT,601880.SH,20240904,20240904,,,,,,,,,-0.995,,,,,,insider-event,,3
EVENT,300727.SZ,20240905,20240905,,,,,,,,,4.3637,,,,,,insider-event,,3
EVENT,002840.SZ,20240905,20240905,,,,,,,,,12.5773,,,,,,insider-event,,3
EVENT,601005.SH,20240905,20240905,,,,,,,,,-0.1307,,,,,,insider-event,,3
EVENT,603367.SH,20240905,20240905,,,,,,,,,6.4057,,,,,,insider-event,,3
EVENT,688105.SH,20240905,20240905,,,,,,,,,-4.4185,,,,,,insider-event,,3
EVENT,002374.SZ,20240906,20240906,,,,,,,,,9.6059,,,,,,insider-event,,3
EVENT,002458.SZ,20240906,20240906,,,,,,,,,-4.4682,,,,,,insider-event,,3
EVENT,605009.SH,20240906,20240906,,,,,,,,,12.1263,,,,,,insider-event,,3
EVENT,002132.SZ,20240910,20240910,,,,,,,,,3.629,,,,,,insider-event,,3
EVENT,300676.SZ,20240909,20240909,,,,,,,,,8.8433,,,,,,insider-event,,3
EVENT,002920.SZ,20240909,20240909,,,,,,,,,0.5225,,,,,,insider-event,,3
EVENT,002443.SZ,20240911,20240911,,,,,,,,,4.6648,,,,,,insider-event,,3
EVENT,002840.SZ,20240911,20240911,,,,,,,,,17.5911,,,,,,insider-event,,3
EVENT,300951.SZ,20240912,20240912,,,,,,,,,-3.8253,,,,,,insider-event,,3
EVENT,300003.SZ,20240912,20240912,,,,,,,,,-3.7851,,,,,,insider-event,,3
EVENT,002511.SZ,20240912,20240912,,,,,,,,,-2.8642,,,,,,insider-event,,3
EVENT,600340.SH,20240912,20240912,,,,,,,,,8.9262,,,,,,insider-event,,3
EVENT,688153.SH,20240912,20240912,,,,,,,,,-3.2996,,,,,,insider-event,,3
EVENT,300736.SZ,20240919,20240919,,,,,,,,,18.7146,,,,,,insider-event,,3
EVENT,300835.SZ,20240920,20240920,,,,,,,,,7.2737,,,,,,insider-event,,3
EVENT,300802.SZ,20240920,20240920,,,,,,,,,9.3345,,,,,,insider-event,,3
EVENT,002045.SZ,20240920,20240920,,,,,,,,,13.7093,,,,,,insider-event,,3
EVENT,002851.SZ,20240920,20240920,,,,,,,,,9.8525,,,,,,insider-event,,3
EVENT,300416.SZ,20240920,20240920,,,,,,,,,2.4579,,,,,,insider-event,,3
EVENT,603365.SH,20240920,20240920,,,,,,,,,22.5899,,,,,,insider-event,,3
EVENT,600929.SH,20240920,20240920,,,,,,,,,8.5209,,,,,,insider-event,,3
EVENT,002353.SZ,20240920,20240920,,,,,,,,,15.0706,,,,,,insider-event,,3
EVENT,002900.SZ,20240920,20240920,,,,,,,,,10.0493,,,,,,insider-event,,3
EVENT,688129.SH,20240920,20240920,,,,,,,,,2.2145,,,,,,insider-event,,3
EVENT,688172.SH,20240923,20240923,,,,,,,,,9.1776,,,,,,insider-event,,3
EVENT,600803.SH,20240923,20240923,,,,,,,,,5.4155,,,,,,insider-event,,3
EVENT,301292.SZ,20240923,20240923,,,,,,,,,32.8485,,,,,,insider-event,,3
EVENT,600704.SH,20240923,20240923,,,,,,,,,1.4882,,,,,,insider-event,,3
EVENT,603182.SH,20240923,20240923,,,,,,,,,2.4511,,,,,,insider-event,,3
EVENT,601607.SH,20240913,20240913,,,,,,,,,7.778,,,,,,insider-event,,3
EVENT,601666.SH,20240924,20240924,,,,,,,,,21.2161,,,,,,insider-event,,3
EVENT,002324.SZ,20240924,20240924,,,,,,,,,9.8281,,,,,,insider-event,,3
EVENT,300751.SZ,20240924,20240924,,,,,,,,,9.4124,,,,,,insider-event,,3
EVENT,688049.SH,20240925,20240925,,,,,,,,,9.2694,,,,,,insider-event,,3
EVENT,688333.SH,20240925,20240925,,,,,,,,,1.3819,,,,,,insider-event,,3
EVENT,603008.SH,20240925,20240925,,,,,,,,,0.4577,,,,,,insider-event,,3
EVENT,603173.SH,20240925,20240925,,,,,,,,,1.733,,,,,,insider-event,,3
EVENT,002688.SZ,20240925,20240925,,,,,,,,,6.43,,,,,,insider-event,,3
EVENT,600380.SH,20240925,20240925,,,,,,,,,5.5955,,,,,,insider-event,,3
EVENT,300456.SZ,20240926,20240926,,,,,,,,,8.4445,,,,,,insider-event,,3
EVENT,688496.SH,20240926,20240926,,,,,,,,,19.9473,,,,,,insider-event,,3
EVENT,603365.SH,20240926,20240926,,,,,,,,,20.6882,,,,,,insider-event,,3
EVENT,300841.SZ,20240927,20240927,,,,,,,,,4.6973,,,,,,insider-event,,3
EVENT,000035.SZ,20240902,20240902,,,,,,,,,-5.3839,,,,,,insider-event,,2
EVENT,300022.SZ,20240904,20240904,,,,,,,,,0.9176,,,,,,insider-event,,2
EVENT,000513.SZ,20240904,20240904,,,,,,,,,2.4547,,,,,,insider-event,,2
EVENT,002045.SZ,20240904,20240904,,,,,,,,,-6.7334,,,,,,insider-event,,2
EVENT,603885.SH,20240904,20240904,,,,,,,,,0.8959,,,,,,insider-event,,2
EVENT,002254.SZ,20240904,20240904,,,,,,,,,4.8249,,,,,,insider-event,,2
EVENT,600380.SH,20240904,20240904,,,,,,,,,7.2392,,,,,,insider-event,,2
EVENT,603282.SH,20240904,20240904,,,,,,,,,12.597,,,,,,insider-event,,2
EVENT,002019.SZ,20240905,20240905,,,,,,,,,-2.5628,,,,,,insider-event,,2
EVENT,688289.SH,20240905,20240905,,,,,,,,,3.578,,,,,,insider-event,,2
EVENT,603096.SH,20240905,20240905,,,,,,,,,-4.3237,,,,,,insider-event,,2
EVENT,688069.SH,20240905,20240905,,,,,,,,,1.7879,,,,,,insider-event,,2
EVENT,600116.SH,20240906,20240906,,,,,,,,,-1.43,,,,,,insider-event,,2
EVENT,300651.SZ,20240906,20240906,,,,,,,,,-7.422,,,,,,insider-event,,2
EVENT,300802.SZ,20240910,20240910,,,,,,,,,0.0852,,,,,,insider-event,,2
EVENT,300724.SZ,20240911,20240911,,,,,,,,,23.1616,,,,,,insider-event,,2
EVENT,000513.SZ,20240911,20240911,,,,,,,,,5.8455,,,,,,insider-event,,2
EVENT,600215.SH,20240911,20240911,,,,,,,,,11.0688,,,,,,insider-event,,2
EVENT,600060.SH,20240911,20240911,,,,,,,,,0.5573,,,,,,insider-event,,2
EVENT,603138.SH,20240911,20240911,,,,,,,,,1.0709,,,,,,insider-event,,2
EVENT,000513.SZ,20240912,20240912,,,,,,,,,5.0555,,,,,,insider-event,,2
EVENT,603069.SH,20240912,20240912,,,,,,,,,1.6097,,,,,,insider-event,,2
EVENT,600809.SH,20240912,20240912,,,,,,,,,-2.6654,,,,,,insider-event,,2
EVENT,301206.SZ,20240923,20240923,,,,,,,,,10.8227,,,,,,insider-event,,2
EVENT,000625.SZ,20240923,20240923,,,,,,,,,2.991,,,,,,insider-event,,2
EVENT,300416.SZ,20240923,20240923,,,,,,,,,3.9062,,,,,,insider-event,,2
EVENT,301110.SZ,20240924,20240924,,,,,,,,,16.3989,,,,,,insider-event,,2
EVENT,300395.SZ,20240924,20240924,,,,,,,,,14.8489,,,,,,insider-event,,2
EVENT,600588.SH,20240924,20240924,,,,,,,,,2.1261,,,,,,insider-event,,2
EVENT,603558.SH,20240925,20240925,,,,,,,,,2.325,,,,,,insider-event,,2
EVENT,688080.SH,20240925,20240925,,,,,,,,,1.0232,,,,,,insider-event,,2
EVENT,603356.SH,20240926,20240926,,,,,,,,,9.054,,,,,,insider-event,,2
EVENT,601010.SH,20240903,20240903,,,,,,,,,9.6089,,,,,,insider-event,,1
EVENT,300750.SZ,20240910,20240910,,,,,,,,,-0.0021,,,,,,insider-event,,1
EVENT,000551.SZ,20240909,20240909,,,,,,,,,1.0411,,,,,,insider-event,,1
EVENT,688101.SH,20240911,20240911,,,,,,,,,-0.0509,,,,,,insider-event,,1
EVENT,600155.SH,20240923,20240923,,,,,,,,,1.5175,,,,,,insider-event,,1
EVENT,600975.SH,20241010,20241010,,,,,,,,,3.9868,,,,,,insider-event,,6
EVENT,600026.SH,20241022,20241022,,,,,,,,,-3.4,,,,,,insider-event,,6
EVENT,002996.SZ,20241017,20241017,,,,,,,,,19.421,,,,,,insider-event,,5
EVENT,603848.SH,20241021,20241021,,,,,,,,,7.6275,,,,,,insider-event,,5
EVENT,605116.SH,20241028,20241028,,,,,,,,,0.6611,,,,,,insider-event,,5
EVENT,601975.SH,20241015,20241015,,,,,,,,,0.2058,,,,,,insider-event,,4
EVENT,688443.SH,20241021,20241021,,,,,,,,,2.5237,,,,,,insider-event,,4
EVENT,603173.SH,20241021,20241021,,,,,,,,,24.4297,,,,,,insider-event,,4
EVENT,002993.SZ,20241030,20241030,,,,,,,,,0.7872,,,,,,insider-event,,4
EVENT,600183.SH,20241030,20241030,,,,,,,,,3.0251,,,,,,insider-event,,4
EVENT,301227.SZ,20241017,20241017,,,,,,,,,1.1946,,,,,,insider-event,,3
EVENT,600711.SH,20241017,20241017,,,,,,,,,7.7365,,,,,,insider-event,,3
EVENT,688443.SH,20241017,20241017,,,,,,,,,24.5349,,,,,,insider-event,,3
EVENT,601872.SH,20241022,20241022,,,,,,,,,-1.3312,,,,,,insider-event,,3
EVENT,603986.SH,20241022,20241022,,,,,,,,,11.8412,,,,,,insider-event,,3
EVENT,601872.SH,20241021,20241021,,,,,,,,,-5.1078,,,,,,insider-event,,3
EVENT,600750.SH,20241023,20241023,,,,,,,,,-3.5459,,,,,,insider-event,,3
EVENT,601985.SH,20241023,20241023,,,,,,,,,-4.5678,,,,,,insider-event,,3
EVENT,000703.SZ,20241025,20241025,,,,,,,,,1.6809,,,,,,insider-event,,3
EVENT,000683.SZ,20241014,20241014,,,,,,,,,7.165,,,,,,insider-event,,2
EVENT,601872.SH,20241015,20241015,,,,,,,,,-8.8044,,,,,,insider-event,,2
EVENT,002318.SZ,20241016,20241016,,,,,,,,,5.3614,,,,,,insider-event,,2
EVENT,605018.SH,20241016,20241016,,,,,,,,,10.7009,,,,,,insider-event,,2
EVENT,000723.SZ,20241018,20241018,,,,,,,,,23.4345,,,,,,insider-event,,2
EVENT,603605.SH,20241022,20241022,,,,,,,,,-0.046,,,,,,insider-event,,2
EVENT,603579.SH,20241021,20241021,,,,,,,,,7.0814,,,,,,insider-event,,2
EVENT,000157.SZ,20241021,20241021,,,,,,,,,8.098,,,,,,insider-event,,2
EVENT,603201.SH,20241017,20241017,,,,,,,,,23.0201,,,,,,insider-event,,1
EVENT,688686.SH,20241016,20241016,,,,,,,,,21.5531,,,,,,insider-event,,1
EVENT,600497.SH,20241021,20241021,,,,,,,,,13.2554,,,,,,insider-event,,1
EVENT,601975.SH,20241028,20241028,,,,,,,,,0.5645,,,,,,insider-event,,1
EVENT,001289.SZ,20241101,20241101,,,,,,,,,0.1359,,,,,,insider-event,,4
EVENT,600026.SH,20241127,20241127,,,,,,,,,0.7335,,,,,,insider-event,,3
EVENT,603500.SH,20241101,20241101,,,,,,,,,12.603,,,,,,insider-event,,2
EVENT,600028.SH,20241113,20241113,,,,,,,,,2.711,,,,,,insider-event,,2
EVENT,601233.SH,20241127,20241127,,,,,,,,,0.9143,,,,,,insider-event,,2
EVENT,688333.SH,20241129,20241129,,,,,,,,,1.6285,,,,,,insider-event,,2
EVENT,001965.SZ,20241129,20241129,,,,,,,,,2.1103,,,,,,insider-event,,2
EVENT,605296.SH,20241114,20241114,,,,,,,,,-6.0039,,,,,,insider-event,,1
EVENT,600011.SH,20241128,20241128,,,,,,,,,0.5864,,,,,,insider-event,,1
EVENT,300294.SZ,20241219,20241219,,,,,,,,,-0.9245,,,,,,insider-event,,3
EVENT,000758.SZ,20241231,20241231,,,,,,,,,-2.9323,,,,,,insider-event,,2
EVENT,603858.SH,20241230,20241230,,,,,,,,,1.1645,,,,,,insider-event,,2
EVENT,000789.SZ,20241230,20241230,,,,,,,,,6.3365,,,,,,insider-event,,2
EVENT,000948.SZ,20250116,20250116,,,,,,,,,14.0658,,,,,,insider-event,,6
EVENT,002791.SZ,20250120,20250120,,,,,,,,,2.285,,,,,,insider-event,,6
EVENT,002439.SZ,20250124,20250124,,,,,,,,,17.3793,,,,,,insider-event,,6
EVENT,603936.SH,20250110,20250110,,,,,,,,,8.7739,,,,,,insider-event,,5
EVENT,301257.SZ,20250115,20250115,,,,,,,,,5.3955,,,,,,insider-event,,5
EVENT,300250.SZ,20250115,20250115,,,,,,,,,29.0179,,,,,,insider-event,,5
EVENT,300778.SZ,20250116,20250116,,,,,,,,,2.621,,,,,,insider-event,,5
EVENT,002025.SZ,20250117,20250117,,,,,,,,,-1.4214,,,,,,insider-event,,5
EVENT,688100.SH,20250117,20250117,,,,,,,,,9.2034,,,,,,insider-event,,5
EVENT,688126.SH,20250122,20250122,,,,,,,,,1.1676,,,,,,insider-event,,5
EVENT,688280.SH,20250122,20250122,,,,,,,,,13.6952,,,,,,insider-event,,5
EVENT,688516.SH,20250122,20250122,,,,,,,,,10.8098,,,,,,insider-event,,5
EVENT,603858.SH,20250123,20250123,,,,,,,,,-1.4385,,,,,,insider-event,,5
EVENT,300797.SZ,20250123,20250123,,,,,,,,,0.54,,,,,,insider-event,,5
EVENT,301589.SZ,20250124,20250124,,,,,,,,,6.5928,,,,,,insider-event,,5
EVENT,301519.SZ,20250102,20250102,,,,,,,,,-7.9045,,,,,,insider-event,,4
EVENT,300347.SZ,20250109,20250109,,,,,,,,,23.0424,,,,,,insider-event,,4
EVENT,002388.SZ,20250109,20250109,,,,,,,,,-0.7546,,,,,,insider-event,,4
EVENT,600328.SH,20250109,20250109,,,,,,,,,1.4854,,,,,,insider-event,,4
EVENT,002252.SZ,20250110,20250110,,,,,,,,,6.8806,,,,,,insider-event,,4
EVENT,600917.SH,20250110,20250110,,,,,,,,,3.8504,,,,,,insider-event,,4
EVENT,688212.SH,20250110,20250110,,,,,,,,,3.5821,,,,,,insider-event,,4
EVENT,603515.SH,20250110,20250110,,,,,,,,,2.024,,,,,,insider-event,,4
EVENT,688331.SH,20250110,20250110,,,,,,,,,16.7138,,,,,,insider-event,,4
EVENT,002020.SZ,20250110,20250110,,,,,,,,,3.2098,,,,,,insider-event,,4
EVENT,301381.SZ,20250113,20250113,,,,,,,,,11.6485,,,,,,insider-event,,4
EVENT,300778.SZ,20250113,20250113,,,,,,,,,9.1699,,,,,,insider-event,,4
EVENT,300073.SZ,20250113,20250113,,,,,,,,,11.7105,,,,,,insider-event,,4
EVENT,688600.SH,20250113,20250113,,,,,,,,,15.2168,,,,,,insider-event,,4
EVENT,603919.SH,20250113,20250113,,,,,,,,,5.5617,,,,,,insider-event,,4
EVENT,300786.SZ,20250114,20250114,,,,,,,,,5.9314,,,,,,insider-event,,4
EVENT,002020.SZ,20250114,20250114,,,,,,,,,1.8964,,,,,,insider-event,,4
EVENT,301382.SZ,20250115,20250115,,,,,,,,,2.7393,,,,,,insider-event,,4
EVENT,688202.SH,20250115,20250115,,,,,,,,,19.5302,,,,,,insider-event,,4
EVENT,000513.SZ,20250115,20250115,,,,,,,,,3.2,,,,,,insider-event,,4
EVENT,688100.SH,20250116,20250116,,,,,,,,,9.4761,,,,,,insider-event,,4
EVENT,603286.SH,20250116,20250116,,,,,,,,,15.3789,,,,,,insider-event,,4
EVENT,300078.SZ,20250117,20250117,,,,,,,,,61.9773,,,,,,insider-event,,4
EVENT,600755.SH,20250117,20250117,,,,,,,,,1.2191,,,,,,insider-event,,4
EVENT,600298.SH,20250117,20250117,,,,,,,,,0.6087,,,,,,insider-event,,4
EVENT,600867.SH,20250117,20250117,,,,,,,,,3.9572,,,,,,insider-event,,4
EVENT,301391.SZ,20250121,20250121,,,,,,,,,9.5622,,,,,,insider-event,,4
EVENT,600329.SH,20250121,20250121,,,,,,,,,4.2391,,,,,,insider-event,,4
EVENT,600219.SH,20250120,20250120,,,,,,,,,-7.4739,,,,,,insider-event,,4
EVENT,002340.SZ,20250122,20250122,,,,,,,,,2.0766,,,,,,insider-event,,4
EVENT,688326.SH,20250122,20250122,,,,,,,,,24.8977,,,,,,insider-event,,4
EVENT,600196.SH,20250124,20250124,,,,,,,,,6.5402,,,,,,insider-event,,4
EVENT,601015.SH,20250124,20250124,,,,,,,,,-0.5236,,,,,,insider-event,,4
EVENT,003012.SZ,20250127,20250127,,,,,,,,,-0.0922,,,,,,insider-event,,4
EVENT,600805.SH,20250127,20250127,,,,,,,,,6.5952,,,,,,insider-event,,4
EVENT,301568.SZ,20250103,20250103,,,,,,,,,14.1882,,,,,,insider-event,,3
EVENT,002673.SZ,20250103,20250103,,,,,,,,,6.1954,,,,,,insider-event,,3
EVENT,301515.SZ,20250102,20250102,,,,,,,,,11.7564,,,,,,insider-event,,3
EVENT,600975.SH,20250102,20250102,,,,,,,,,-2.2912,,,,,,insider-event,,3
EVENT,002268.SZ,20250102,20250102,,,,,,,,,2.4862,,,,,,insider-event,,3
EVENT,000933.SZ,20250102,20250102,,,,,,,,,9.656,,,,,,insider-event,,3
EVENT,603858.SH,20250102,20250102,,,,,,,,,5.5119,,,,,,insider-event,,3
EVENT,002601.SZ,20250102,20250102,,,,,,,,,-2.8435,,,,,,insider-event,,3
EVENT,688560.SH,20250102,20250102,,,,,,,,,13.4462,,,,,,insider-event,,3
EVENT,600328.SH,20250102,20250102,,,,,,,,,0.209,,,,,,insider-event,,3
EVENT,688366.SH,20250102,20250102,,,,,,,,,-0.3991,,,,,,insider-event,,3
EVENT,301228.SZ,20250109,20250109,,,,,,,,,3.5477,,,,,,insider-event,,3
EVENT,301391.SZ,20250109,20250109,,,,,,,,,5.906,,,,,,insider-event,,3
EVENT,603883.SH,20250109,20250109,,,,,,,,,6.1776,,,,,,insider-event,,3
EVENT,000513.SZ,20250109,20250109,,,,,,,,,2.0384,,,,,,insider-event,,3
EVENT,300250.SZ,20250110,20250110,,,,,,,,,10.7021,,,,,,insider-event,,3
EVENT,301248.SZ,20250110,20250110,,,,,,,,,7.1662,,,,,,insider-event,,3
EVENT,300588.SZ,20250110,20250110,,,,,,,,,11.2985,,,,,,insider-event,,3
EVENT,002443.SZ,20250110,20250110,,,,,,,,,2.4849,,,,,,insider-event,,3
EVENT,000513.SZ,20250110,20250110,,,,,,,,,2.492,,,,,,insider-event,,3
EVENT,000039.SZ,20250110,20250110,,,,,,,,,4.549,,,,,,insider-event,,3
EVENT,600871.SH,20250110,20250110,,,,,,,,,3.5952,,,,,,insider-event,,3
EVENT,600426.SH,20250110,20250110,,,,,,,,,9.5224,,,,,,insider-event,,3
EVENT,002020.SZ,20250113,20250113,,,,,,,,,5.6884,,,,,,insider-event,,3
EVENT,600184.SH,20250113,20250113,,,,,,,,,14.9497,,,,,,insider-event,,3
EVENT,000513.SZ,20250113,20250113,,,,,,,,,3.7602,,,,,,insider-event,,3
EVENT,603027.SH,20250113,20250113,,,,,,,,,16.7623,,,,,,insider-event,,3
EVENT,301290.SZ,20250114,20250114,,,,,,,,,9.0073,,,,,,insider-event,,3
EVENT,301227.SZ,20250114,20250114,,,,,,,,,12.137,,,,,,insider-event,,3
EVENT,300752.SZ,20250114,20250114,,,,,,,,,14.2987,,,,,,insider-event,,3
EVENT,300374.SZ,20250114,20250114,,,,,,,,,4.8,,,,,,insider-event,,3
EVENT,301228.SZ,20250114,20250114,,,,,,,,,23.4571,,,,,,insider-event,,3
EVENT,688289.SH,20250114,20250114,,,,,,,,,4.0408,,,,,,insider-event,,3
EVENT,300241.SZ,20250115,20250115,,,,,,,,,9.9399,,,,,,insider-event,,3
EVENT,002252.SZ,20250115,20250115,,,,,,,,,2.8715,,,,,,insider-event,,3
EVENT,002557.SZ,20250115,20250115,,,,,,,,,1.7442,,,,,,insider-event,,3
EVENT,000758.SZ,20250115,20250115,,,,,,,,,3.9341,,,,,,insider-event,,3
EVENT,688118.SH,20250115,20250115,,,,,,,,,31.2014,,,,,,insider-event,,3
EVENT,000546.SZ,20250115,20250115,,,,,,,,,5.3621,,,,,,insider-event,,3
EVENT,601899.SH,20250115,20250115,,,,,,,,,0.3762,,,,,,insider-event,,3
EVENT,301391.SZ,20250116,20250116,,,,,,,,,10.02,,,,,,insider-event,,3
EVENT,000513.SZ,20250116,20250116,,,,,,,,,2.1826,,,,,,insider-event,,3
EVENT,603799.SH,20250117,20250117,,,,,,,,,0.6987,,,,,,insider-event,,3
EVENT,688061.SH,20250117,20250117,,,,,,,,,18.911,,,,,,insider-event,,3
EVENT,002083.SZ,20250117,20250117,,,,,,,,,1.4362,,,,,,insider-event,,3
EVENT,601668.SH,20250117,20250117,,,,,,,,,4.0021,,,,,,insider-event,,3
EVENT,002422.SZ,20250117,20250117,,,,,,,,,1.5353,,,,,,insider-event,,3
EVENT,000034.SZ,20250117,20250117,,,,,,,,,3.0867,,,,,,insider-event,,3
EVENT,000513.SZ,20250117,20250117,,,,,,,,,3.5822,,,,,,insider-event,,3
EVENT,688093.SH,20250117,20250117,,,,,,,,,13.9608,,,,,,insider-event,,3
EVENT,300967.SZ,20250121,20250121,,,,,,,,,10.7263,,,,,,insider-event,,3
EVENT,300105.SZ,20250121,20250121,,,,,,,,,1.2749,,,,,,insider-event,,3
EVENT,301520.SZ,20250120,20250120,,,,,,,,,6.2405,,,,,,insider-event,,3
EVENT,002955.SZ,20250120,20250120,,,,,,,,,11.1033,,,,,,insider-event,,3
EVENT,000513.SZ,20250120,20250120,,,,,,,,,-0.6155,,,,,,insider-event,,3
EVENT,300095.SZ,20250122,20250122,,,,,,,,,6.3899,,,,,,insider-event,,3
EVENT,000776.SZ,20250122,20250122,,,,,,,,,0.2198,,,,,,insider-event,,3
EVENT,600050.SH,20250122,20250122,,,,,,,,,15.9594,,,,,,insider-event,,3
EVENT,000422.SZ,20250122,20250122,,,,,,,,,-1.296,,,,,,insider-event,,3
EVENT,600059.SH,20250122,20250122,,,,,,,,,1.0577,,,,,,insider-event,,3
EVENT,002101.SZ,20250123,20250123,,,,,,,,,0.1336,,,,,,insider-event,,3
EVENT,002673.SZ,20250123,20250123,,,,,,,,,0.3188,,,,,,insider-event,,3
EVENT,600019.SH,20250123,20250123,,,,,,,,,0.7202,,,,,,insider-event,,3
EVENT,000661.SZ,20250124,20250124,,,,,,,,,5.1737,,,,,,insider-event,,3
EVENT,601966.SH,20250124,20250124,,,,,,,,,0.1899,,,,,,insider-event,,3
EVENT,000513.SZ,20250127,20250127,,,,,,,,,0.1817,,,,,,insider-event,,3
EVENT,000789.SZ,20250127,20250127,,,,,,,,,3.5751,,,,,,insider-event,,3
EVENT,688061.SH,20250127,20250127,,,,,,,,,13.3603,,,,,,insider-event,,3
EVENT,000733.SZ,20250127,20250127,,,,,,,,,0.3016,,,,,,insider-event,,3
EVENT,603317.SH,20250127,20250127,,,,,,,,,-6.7265,,,,,,insider-event,,3
EVENT,603239.SH,20250106,20250106,,,,,,,,,1.663,,,,,,insider-event,,2
EVENT,300132.SZ,20250102,20250102,,,,,,,,,-5.3073,,,,,,insider-event,,2
EVENT,002812.SZ,20250102,20250102,,,,,,,,,2.09,,,,,,insider-event,,2
EVENT,601326.SH,20250102,20250102,,,,,,,,,-0.8161,,,,,,insider-event,,2
EVENT,300294.SZ,20250109,20250109,,,,,,,,,3.772,,,,,,insider-event,,2
EVENT,002721.SZ,20250109,20250109,,,,,,,,,5.36,,,,,,insider-event,,2
EVENT,002446.SZ,20250110,20250110,,,,,,,,,2.9849,,,,,,insider-event,,2
EVENT,600388.SH,20250110,20250110,,,,,,,,,-0.9612,,,,,,insider-event,,2
EVENT,002947.SZ,20250110,20250110,,,,,,,,,1.2405,,,,,,insider-event,,2
EVENT,002758.SZ,20250110,20250110,,,,,,,,,-0.9684,,,,,,insider-event,,2
EVENT,600797.SH,20250110,20250110,,,,,,,,,6.3139,,,,,,insider-event,,2
EVENT,002798.SZ,20250113,20250113,,,,,,,,,7.0965,,,,,,insider-event,,2
EVENT,603801.SH,20250113,20250113,,,,,,,,,14.0687,,,,,,insider-event,,2
EVENT,002252.SZ,20250114,20250114,,,,,,,,,5.5057,,,,,,insider-event,,2
EVENT,301188.SZ,20250115,20250115,,,,,,,,,1.692,,,,,,insider-event,,2
EVENT,300752.SZ,20250115,20250115,,,,,,,,,8.8199,,,,,,insider-event,,2
EVENT,603037.SH,20250115,20250115,,,,,,,,,16.6371,,,,,,insider-event,,2
EVENT,688326.SH,20250116,20250116,,,,,,,,,29.1858,,,,,,insider-event,,2
EVENT,601969.SH,20250116,20250116,,,,,,,,,6.5554,,,,,,insider-event,,2
EVENT,300786.SZ,20250120,20250120,,,,,,,,,2.4839,,,,,,insider-event,,2
EVENT,002812.SZ,20250122,20250122,,,,,,,,,3.7223,,,,,,insider-event,,2
EVENT,000513.SZ,20250122,20250122,,,,,,,,,-0.1445,,,,,,insider-event,,2
EVENT,600655.SH,20250122,20250122,,,,,,,,,-5.522,,,,,,insider-event,,2
EVENT,000513.SZ,20250123,20250123,,,,,,,,,-2.1284,,,,,,insider-event,,2
EVENT,300095.SZ,20250124,20250124,,,,,,,,,10.5138,,,,,,insider-event,,2
EVENT,688317.SH,20250124,20250124,,,,,,,,,6.3469,,,,,,insider-event,,2
EVENT,000513.SZ,20250124,20250124,,,,,,,,,-2.3389,,,,,,insider-event,,2
EVENT,688419.SH,20250102,20250102,,,,,,,,,-0.5985,,,,,,insider-event,,1
EVENT,605377.SH,20250110,20250110,,,,,,,,,5.528,,,,,,insider-event,,1
EVENT,002519.SZ,20250207,20250207,,,,,,,,,8.4615,,,,,,insider-event,,6
EVENT,002368.SZ,20250213,20250213,,,,,,,,,0.2613,,,,,,insider-event,,6
EVENT,301589.SZ,20250214,20250214,,,,,,,,,0.2875,,,,,,insider-event,,6
EVENT,300457.SZ,20250210,20250210,,,,,,,,,5.0615,,,,,,insider-event,,5
EVENT,000035.SZ,20250219,20250219,,,,,,,,,0.2575,,,,,,insider-event,,5
EVENT,002803.SZ,20250226,20250226,,,,,,,,,-5.1048,,,,,,insider-event,,5
EVENT,300019.SZ,20250206,20250206,,,,,,,,,15.8388,,,,,,insider-event,,4
EVENT,600881.SH,20250205,20250205,,,,,,,,,3.8017,,,,,,insider-event,,4
EVENT,002167.SZ,20250207,20250207,,,,,,,,,0.1732,,,,,,insider-event,,4
EVENT,000789.SZ,20250210,20250210,,,,,,,,,2.7482,,,,,,insider-event,,4
EVENT,002033.SZ,20250212,20250212,,,,,,,,,1.8479,,,,,,insider-event,,4
EVENT,603799.SH,20250213,20250213,,,,,,,,,-0.0265,,,,,,insider-event,,4
EVENT,688593.SH,20250213,20250213,,,,,,,,,6.2066,,,,,,insider-event,,4
EVENT,002102.SZ,20250213,20250213,,,,,,,,,7.5206,,,,,,insider-event,,4
EVENT,603838.SH,20250213,20250213,,,,,,,,,1.3786,,,,,,insider-event,,4
EVENT,603885.SH,20250214,20250214,,,,,,,,,4.679,,,,,,insider-event,,4
EVENT,600536.SH,20250219,20250219,,,,,,,,,0.2441,,,,,,insider-event,,4
EVENT,600702.SH,20250221,20250221,,,,,,,,,1.348,,,,,,insider-event,,4
EVENT,603069.SH,20250224,20250224,,,,,,,,,1.2776,,,,,,insider-event,,4
EVENT,688238.SH,20250224,20250224,,,,,,,,,-2.8346,,,,,,insider-event,,4
EVENT,600428.SH,20250224,20250224,,,,,,,,,0.8538,,,,,,insider-event,,4
EVENT,603658.SH,20250224,20250224,,,,,,,,,-1.4957,,,,,,insider-event,,4
EVENT,600557.SH,20250226,20250226,,,,,,,,,1.425,,,,,,insider-event,,4
EVENT,002252.SZ,20250228,20250228,,,,,,,,,4.1036,,,,,,insider-event,,4
EVENT,601021.SH,20250205,20250205,,,,,,,,,-2.7039,,,,,,insider-event,,3
EVENT,605222.SH,20250207,20250207,,,,,,,,,3.0058,,,,,,insider-event,,3
EVENT,603993.SH,20250207,20250207,,,,,,,,,2.516,,,,,,insider-event,,3
EVENT,300881.SZ,20250207,20250207,,,,,,,,,0.9784,,,,,,insider-event,,3
EVENT,600743.SH,20250210,20250210,,,,,,,,,-2.2202,,,,,,insider-event,,3
EVENT,301376.SZ,20250212,20250212,,,,,,,,,-1.9391,,,,,,insider-event,,3
EVENT,688100.SH,20250212,20250212,,,,,,,,,6.386,,,,,,insider-event,,3
EVENT,600821.SH,20250213,20250213,,,,,,,,,5.3073,,,,,,insider-event,,3
EVENT,000789.SZ,20250213,20250213,,,,,,,,,-0.1413,,,,,,insider-event,,3
EVENT,002727.SZ,20250213,20250213,,,,,,,,,2.4438,,,,,,insider-event,,3
EVENT,600867.SH,20250213,20250213,,,,,,,,,-2.9338,,,,,,insider-event,,3
EVENT,300278.SZ,20250214,20250214,,,,,,,,,14.1396,,,,,,insider-event,,3
EVENT,603656.SH,20250214,20250214,,,,,,,,,5.4716,,,,,,insider-event,,3
EVENT,300373.SZ,20250218,20250218,,,,,,,,,0.4532,,,,,,insider-event,,3
EVENT,001300.SZ,20250217,20250217,,,,,,,,,-0.1506,,,,,,insider-event,,3
EVENT,600212.SH,20250217,20250217,,,,,,,,,8.6894,,,,,,insider-event,,3
EVENT,000301.SZ,20250217,20250217,,,,,,,,,0.013,,,,,,insider-event,,3
EVENT,002084.SZ,20250219,20250219,,,,,,,,,3.6961,,,,,,insider-event,,3
EVENT,301376.SZ,20250220,20250220,,,,,,,,,4.5864,,,,,,insider-event,,3
EVENT,002727.SZ,20250220,20250220,,,,,,,,,3.4143,,,,,,insider-event,,3
EVENT,603052.SH,20250220,20250220,,,,,,,,,-1.2926,,,,,,insider-event,,3
EVENT,600611.SH,20250220,20250220,,,,,,,,,-3.6189,,,,,,insider-event,,3
EVENT,601678.SH,20250221,20250221,,,,,,,,,4.9485,,,,,,insider-event,,3
EVENT,000404.SZ,20250221,20250221,,,,,,,,,0.638,,,,,,insider-event,,3
EVENT,000503.SZ,20250224,20250224,,,,,,,,,4.9313,,,,,,insider-event,,3
EVENT,601117.SH,20250224,20250224,,,,,,,,,0.9423,,,,,,insider-event,,3
EVENT,603919.SH,20250224,20250224,,,,,,,,,1.1813,,,,,,insider-event,,3
EVENT,002145.SZ,20250224,20250224,,,,,,,,,4.308,,,,,,insider-event,,3
EVENT,688560.SH,20250224,20250224,,,,,,,,,6.4864,,,,,,insider-event,,3
EVENT,300902.SZ,20250225,20250225,,,,,,,,,-2.9599,,,,,,insider-event,,3
EVENT,301115.SZ,20250225,20250225,,,,,,,,,0.2231,,,,,,insider-event,,3
EVENT,301156.SZ,20250225,20250225,,,,,,,,,0.033,,,,,,insider-event,,3
EVENT,300146.SZ,20250227,20250227,,,,,,,,,0.2152,,,,,,insider-event,,3
EVENT,002386.SZ,20250227,20250227,,,,,,,,,0.103,,,,,,insider-event,,3
EVENT,600252.SH,20250228,20250228,,,,,,,,,-3.5453,,,,,,insider-event,,3
EVENT,600655.SH,20250207,20250207,,,,,,,,,0.2055,,,,,,insider-event,,2
EVENT,300797.SZ,20250212,20250212,,,,,,,,,2.7484,,,,,,insider-event,,2
EVENT,000513.SZ,20250212,20250212,,,,,,,,,-1.0769,,,,,,insider-event,,2
EVENT,601718.SH,20250212,20250212,,,,,,,,,-0.6808,,,,,,insider-event,,2
EVENT,600388.SH,20250212,20250212,,,,,,,,,-0.0236,,,,,,insider-event,,2
EVENT,301272.SZ,20250213,20250213,,,,,,,,,4.4255,,,,,,insider-event,,2
EVENT,000404.SZ,20250213,20250213,,,,,,,,,-1.5784,,,,,,insider-event,,2
EVENT,603551.SH,20250213,20250213,,,,,,,,,4.2496,,,,,,insider-event,,2
EVENT,300557.SZ,20250217,20250217,,,,,,,,,3.5332,,,,,,insider-event,,2
EVENT,002252.SZ,20250219,20250219,,,,,,,,,-0.9194,,,,,,insider-event,,2
EVENT,000932.SZ,20250220,20250220,,,,,,,,,3.8,,,,,,insider-event,,2
EVENT,301115.SZ,20250220,20250220,,,,,,,,,0.1409,,,,,,insider-event,,2
EVENT,600075.SH,20250221,20250221,,,,,,,,,-2.3821,,,,,,insider-event,,2
EVENT,600784.SH,20250224,20250224,,,,,,,,,7.1259,,,,,,insider-event,,2
EVENT,002493.SZ,20250224,20250224,,,,,,,,,0.7408,,,,,,insider-event,,2
EVENT,001288.SZ,20250227,20250227,,,,,,,,,1.3387,,,,,,insider-event,,2
EVENT,301515.SZ,20250227,20250227,,,,,,,,,1.5434,,,,,,insider-event,,2
EVENT,000651.SZ,20250305,20250305,,,,,,,,,7.5642,,,,,,insider-event,,7
EVENT,300457.SZ,20250304,20250304,,,,,,,,,-0.1752,,,,,,insider-event,,6
EVENT,301292.SZ,20250303,20250303,,,,,,,,,-0.4697,,,,,,insider-event,,6
EVENT,300749.SZ,20250305,20250305,,,,,,,,,0.4026,,,,,,insider-event,,5
EVENT,002203.SZ,20250307,20250307,,,,,,,,,-1.1298,,,,,,insider-event,,5
EVENT,001203.SZ,20250312,20250312,,,,,,,,,0.4727,,,,,,insider-event,,5
EVENT,600062.SH,20250321,20250321,,,,,,,,,1.7907,,,,,,insider-event,,5
EVENT,603518.SH,20250328,20250328,,,,,,,,,-4.0904,,,,,,insider-event,,5
EVENT,002083.SZ,20250303,20250303,,,,,,,,,3.3774,,,,,,insider-event,,4
EVENT,000035.SZ,20250303,20250303,,,,,,,,,0.6547,,,,,,insider-event,,4
EVENT,603779.SH,20250303,20250303,,,,,,,,,4.6991,,,,,,insider-event,,4
EVENT,000597.SZ,20250307,20250307,,,,,,,,,1.1628,,,,,,insider-event,,4
EVENT,300531.SZ,20250307,20250307,,,,,,,,,-10.0718,,,,,,insider-event,,4
EVENT,601168.SH,20250307,20250307,,,,,,,,,0.5461,,,,,,insider-event,,4
EVENT,300861.SZ,20250311,20250311,,,,,,,,,-6.9517,,,,,,insider-event,,4
EVENT,002185.SZ,20250312,20250312,,,,,,,,,-3.6714,,,,,,insider-event,,4
EVENT,000411.SZ,20250313,20250313,,,,,,,,,0.142,,,,,,insider-event,,4
EVENT,300813.SZ,20250313,20250313,,,,,,,,,2.9035,,,,,,insider-event,,4
EVENT,002460.SZ,20250314,20250314,,,,,,,,,-5.4401,,,,,,insider-event,,4
EVENT,601390.SH,20250317,20250317,,,,,,,,,-3.1966,,,,,,insider-event,,4
EVENT,600483.SH,20250317,20250317,,,,,,,,,0.049,,,,,,insider-event,,4
EVENT,000709.SZ,20250320,20250320,,,,,,,,,1.0,,,,,,insider-event,,4
EVENT,003011.SZ,20250327,20250327,,,,,,,,,-4.2304,,,,,,insider-event,,4
EVENT,688172.SH,20250328,20250328,,,,,,,,,4.5668,,,,,,insider-event,,4
EVENT,300315.SZ,20250303,20250303,,,,,,,,,1.417,,,,,,insider-event,,3
EVENT,002252.SZ,20250305,20250305,,,,,,,,,4.2556,,,,,,insider-event,,3
EVENT,600603.SH,20250305,20250305,,,,,,,,,-1.4984,,,,,,insider-event,,3
EVENT,300073.SZ,20250306,20250306,,,,,,,,,-0.0221,,,,,,insider-event,,3
EVENT,000922.SZ,20250307,20250307,,,,,,,,,5.8501,,,,,,insider-event,,3
EVENT,300640.SZ,20250311,20250311,,,,,,,,,1.0918,,,,,,insider-event,,3
EVENT,002565.SZ,20250311,20250311,,,,,,,,,2.724,,,,,,insider-event,,3
EVENT,300015.SZ,20250310,20250310,,,,,,,,,0.5544,,,,,,insider-event,,3
EVENT,000656.SZ,20250312,20250312,,,,,,,,,-4.4857,,,,,,insider-event,,3
EVENT,600269.SH,20250312,20250312,,,,,,,,,2.2933,,,,,,insider-event,,3
EVENT,605507.SH,20250312,20250312,,,,,,,,,7.5401,,,,,,insider-event,,3
EVENT,000597.SZ,20250313,20250313,,,,,,,,,9.6588,,,,,,insider-event,,3
EVENT,002145.SZ,20250314,20250314,,,,,,,,,3.9538,,,,,,insider-event,,3
EVENT,000404.SZ,20250314,20250314,,,,,,,,,0.0703,,,,,,insider-event,,3
EVENT,002388.SZ,20250324,20250324,,,,,,,,,-8.7362,,,,,,insider-event,,3
EVENT,603899.SH,20250327,20250327,,,,,,,,,3.5019,,,,,,insider-event,,3
EVENT,688150.SH,20250326,20250326,,,,,,,,,1.813,,,,,,insider-event,,3
EVENT,600328.SH,20250328,20250328,,,,,,,,,-5.2385,,,,,,insider-event,,3
EVENT,002270.SZ,20250311,20250311,,,,,,,,,-4.6563,,,,,,insider-event,,2
EVENT,601668.SH,20250313,20250313,,,,,,,,,-0.5863,,,,,,insider-event,,2
EVENT,601678.SH,20250313,20250313,,,,,,,,,2.4247,,,,,,insider-event,,2
EVENT,601969.SH,20250314,20250314,,,,,,,,,0.3714,,,,,,insider-event,,2
EVENT,002863.SZ,20250314,20250314,,,,,,,,,1.6325,,,,,,insider-event,,2
EVENT,000400.SZ,20250320,20250320,,,,,,,,,1.2281,,,,,,insider-event,,2
EVENT,002145.SZ,20250321,20250321,,,,,,,,,6.1749,,,,,,insider-event,,2
EVENT,603939.SH,20250324,20250324,,,,,,,,,0.1799,,,,,,insider-event,,2
EVENT,301376.SZ,20250327,20250327,,,,,,,,,-1.273,,,,,,insider-event,,2
EVENT,002268.SZ,20250327,20250327,,,,,,,,,5.123,,,,,,insider-event,,2
EVENT,300749.SZ,20250326,20250326,,,,,,,,,11.3549,,,,,,insider-event,,2
EVENT,688353.SH,20250326,20250326,,,,,,,,,1.1187,,,,,,insider-event,,2
EVENT,688328.SH,20250326,20250326,,,,,,,,,1.9625,,,,,,insider-event,,2
EVENT,601567.SH,20250328,20250328,,,,,,,,,-12.0077,,,,,,insider-event,,2
EVENT,688198.SH,20250328,20250328,,,,,,,,,4.1466,,,,,,insider-event,,2
EVENT,000929.SZ,20250328,20250328,,,,,,,,,-11.0019,,,,,,insider-event,,2
EVENT,300666.SZ,20250306,20250306,,,,,,,,,-8.9191,,,,,,insider-event,,1
EVENT,300484.SZ,20250314,20250314,,,,,,,,,1.1909,,,,,,insider-event,,1
EVENT,300531.SZ,20250324,20250324,,,,,,,,,-0.6312,,,,,,insider-event,,1
EVENT,300015.SZ,20250327,20250327,,,,,,,,,-0.3521,,,,,,insider-event,,1
EVENT,688035.SH,20250328,20250328,,,,,,,,,0.1425,,,,,,insider-event,,1
EVENT,603043.SH,20250328,20250328,,,,,,,,,-10.1328,,,,,,insider-event,,1
EVENT,002430.SZ,20250331,20250331,,,,,,,,,-5.9827,,,,,,insider-event,,1
EVENT,300592.SZ,20250401,20250401,,,,,,,,,-0.8559,,,,,,insider-event,,4
EVENT,601328.SH,20250401,20250401,,,,,,,,,1.8307,,,,,,insider-event,,2
EVENT,002867.SZ,20250402,20250402,,,,,,,,,-0.1242,,,,,,insider-event,,2
EVENT,001389.SZ,20250402,20250402,,,,,,,,,-3.7568,,,,,,insider-event,,1
EVENT,603019.SH,20250402,20250402,,,,,,,,,4.394,,,,,,insider-event,,1
EVENT,688190.SH,20250619,20250619,,,,,,,,,6.8432,,,,,,insider-event,,7
EVENT,603195.SH,20250611,20250611,,,,,,,,,-3.6877,,,,,,insider-event,,6
EVENT,002919.SZ,20250612,20250612,,,,,,,,,3.2689,,,,,,insider-event,,6
EVENT,603738.SH,20250616,20250616,,,,,,,,,4.1602,,,,,,insider-event,,6
EVENT,688352.SH,20250619,20250619,,,,,,,,,-0.1171,,,,,,insider-event,,6
EVENT,000526.SZ,20250626,20250626,,,,,,,,,4.0924,,,,,,insider-event,,6
EVENT,000819.SZ,20250605,20250605,,,,,,,,,0.7499,,,,,,insider-event,,5
EVENT,688303.SH,20250605,20250605,,,,,,,,,1.3079,,,,,,insider-event,,5
EVENT,603081.SH,20250606,20250606,,,,,,,,,0.3029,,,,,,insider-event,,5
EVENT,300348.SZ,20250610,20250610,,,,,,,,,0.2144,,,,,,insider-event,,5
EVENT,002897.SZ,20250609,20250609,,,,,,,,,-5.9476,,,,,,insider-event,,5
EVENT,600756.SH,20250613,20250613,,,,,,,,,0.0035,,,,,,insider-event,,5
EVENT,688296.SH,20250616,20250616,,,,,,,,,0.3509,,,,,,insider-event,,5
EVENT,000301.SZ,20250618,20250618,,,,,,,,,0.1034,,,,,,insider-event,,5
EVENT,605117.SH,20250618,20250618,,,,,,,,,5.7776,,,,,,insider-event,,5
EVENT,002870.SZ,20250618,20250618,,,,,,,,,7.2315,,,,,,insider-event,,5
EVENT,000886.SZ,20250619,20250619,,,,,,,,,0.3894,,,,,,insider-event,,5
EVENT,605117.SH,20250619,20250619,,,,,,,,,6.8397,,,,,,insider-event,,5
EVENT,688390.SH,20250619,20250619,,,,,,,,,7.9542,,,,,,insider-event,,5
EVENT,600845.SH,20250625,20250625,,,,,,,,,3.2183,,,,,,insider-event,,5
EVENT,000503.SZ,20250630,20250630,,,,,,,,,-0.0661,,,,,,insider-event,,5
EVENT,002163.SZ,20250604,20250604,,,,,,,,,7.294,,,,,,insider-event,,4
EVENT,300124.SZ,20250609,20250609,,,,,,,,,-0.6715,,,,,,insider-event,,4
EVENT,000503.SZ,20250609,20250609,,,,,,,,,0.2794,,,,,,insider-event,,4
EVENT,001323.SZ,20250611,20250611,,,,,,,,,-0.1422,,,,,,insider-event,,4
EVENT,600388.SH,20250611,20250611,,,,,,,,,0.8544,,,,,,insider-event,,4
EVENT,601390.SH,20250611,20250611,,,,,,,,,-0.5789,,,,,,insider-event,,4
EVENT,002249.SZ,20250612,20250612,,,,,,,,,-2.3656,,,,,,insider-event,,4
EVENT,601633.SH,20250613,20250613,,,,,,,,,0.1468,,,,,,insider-event,,4
EVENT,600821.SH,20250613,20250613,,,,,,,,,-1.1677,,,,,,insider-event,,4
EVENT,002111.SZ,20250613,20250613,,,,,,,,,4.0277,,,,,,insider-event,,4
EVENT,603650.SH,20250617,20250617,,,,,,,,,0.4021,,,,,,insider-event,,4
EVENT,000960.SZ,20250616,20250616,,,,,,,,,-0.0955,,,,,,insider-event,,4
EVENT,000543.SZ,20250616,20250616,,,,,,,,,-1.7894,,,,,,insider-event,,4
EVENT,601727.SH,20250616,20250616,,,,,,,,,-0.9147,,,,,,insider-event,,4
EVENT,002557.SZ,20250616,20250616,,,,,,,,,-2.2388,,,,,,insider-event,,4
EVENT,603667.SH,20250618,20250618,,,,,,,,,4.6486,,,,,,insider-event,,4
EVENT,603663.SH,20250618,20250618,,,,,,,,,5.1634,,,,,,insider-event,,4
EVENT,600143.SH,20250618,20250618,,,,,,,,,-1.4259,,,,,,insider-event,,4
EVENT,300551.SZ,20250619,20250619,,,,,,,,,0.4242,,,,,,insider-event,,4
EVENT,002023.SZ,20250619,20250619,,,,,,,,,-2.0913,,,,,,insider-event,,4
EVENT,600817.SH,20250620,20250620,,,,,,,,,0.6779,,,,,,insider-event,,4
EVENT,002430.SZ,20250620,20250620,,,,,,,,,4.6798,,,,,,insider-event,,4
EVENT,600839.SH,20250620,20250620,,,,,,,,,4.5582,,,,,,insider-event,,4
EVENT,688239.SH,20250620,20250620,,,,,,,,,4.1144,,,,,,insider-event,,4
EVENT,688256.SH,20250625,20250625,,,,,,,,,0.5407,,,,,,insider-event,,4
EVENT,603218.SH,20250625,20250625,,,,,,,,,-0.05,,,,,,insider-event,,4
EVENT,603286.SH,20250626,20250626,,,,,,,,,11.9261,,,,,,insider-event,,4
EVENT,000819.SZ,20250627,20250627,,,,,,,,,1.0969,,,,,,insider-event,,4
EVENT,000869.SZ,20250627,20250627,,,,,,,,,5.3693,,,,,,insider-event,,4
EVENT,688169.SH,20250627,20250627,,,,,,,,,-0.0068,,,,,,insider-event,,4
EVENT,301135.SZ,20250604,20250604,,,,,,,,,0.4275,,,,,,insider-event,,3
EVENT,000921.SZ,20250604,20250604,,,,,,,,,1.6415,,,,,,insider-event,,3
EVENT,600215.SH,20250605,20250605,,,,,,,,,-3.5457,,,,,,insider-event,,3
EVENT,000338.SZ,20250605,20250605,,,,,,,,,3.9186,,,,,,insider-event,,3
EVENT,600985.SH,20250605,20250605,,,,,,,,,-0.0265,,,,,,insider-event,,3
EVENT,000725.SZ,20250609,20250609,,,,,,,,,0.0278,,,,,,insider-event,,3
EVENT,601727.SH,20250609,20250609,,,,,,,,,-3.2561,,,,,,insider-event,,3
EVENT,002979.SZ,20250609,20250609,,,,,,,,,0.8008,,,,,,insider-event,,3
EVENT,601800.SH,20250611,20250611,,,,,,,,,-3.2089,,,,,,insider-event,,3
EVENT,000725.SZ,20250611,20250611,,,,,,,,,0.0302,,,,,,insider-event,,3
EVENT,603100.SH,20250611,20250611,,,,,,,,,0.4799,,,,,,insider-event,,3
EVENT,600872.SH,20250611,20250611,,,,,,,,,5.4846,,,,,,insider-event,,3
EVENT,603876.SH,20250611,20250611,,,,,,,,,-0.0256,,,,,,insider-event,,3
EVENT,300887.SZ,20250612,20250612,,,,,,,,,1.0195,,,,,,insider-event,,3
EVENT,002163.SZ,20250612,20250612,,,,,,,,,0.0346,,,,,,insider-event,,3
EVENT,601800.SH,20250612,20250612,,,,,,,,,-4.4701,,,,,,insider-event,,3
EVENT,600512.SH,20250613,20250613,,,,,,,,,2.0276,,,,,,insider-event,,3
EVENT,002992.SZ,20250613,20250613,,,,,,,,,-0.0002,,,,,,insider-event,,3
EVENT,000056.SZ,20250613,20250613,,,,,,,,,-4.3024,,,,,,insider-event,,3
EVENT,688400.SH,20250617,20250617,,,,,,,,,-1.1333,,,,,,insider-event,,3
EVENT,301468.SZ,20250618,20250618,,,,,,,,,-2.7236,,,,,,insider-event,,3
EVENT,000333.SZ,20250618,20250618,,,,,,,,,6.2671,,,,,,insider-event,,3
EVENT,601390.SH,20250618,20250618,,,,,,,,,-0.4123,,,,,,insider-event,,3
EVENT,605066.SH,20250618,20250618,,,,,,,,,1.4853,,,,,,insider-event,,3
EVENT,000333.SZ,20250619,20250619,,,,,,,,,7.4292,,,,,,insider-event,,3
EVENT,688298.SH,20250619,20250619,,,,,,,,,6.2943,,,,,,insider-event,,3
EVENT,688739.SH,20250619,20250619,,,,,,,,,3.532,,,,,,insider-event,,3
EVENT,688105.SH,20250619,20250619,,,,,,,,,3.9558,,,,,,insider-event,,3
EVENT,002262.SZ,20250619,20250619,,,,,,,,,-0.6685,,,,,,insider-event,,3
EVENT,603019.SH,20250619,20250619,,,,,,,,,1.4904,,,,,,insider-event,,3
EVENT,603556.SH,20250619,20250619,,,,,,,,,0.6669,,,,,,insider-event,,3
EVENT,000923.SZ,20250620,20250620,,,,,,,,,0.7656,,,,,,insider-event,,3
EVENT,688633.SH,20250620,20250620,,,,,,,,,4.0174,,,,,,insider-event,,3
EVENT,600400.SH,20250620,20250620,,,,,,,,,0.7602,,,,,,insider-event,,3
EVENT,600330.SH,20250620,20250620,,,,,,,,,4.4377,,,,,,insider-event,,3
EVENT,301001.SZ,20250623,20250623,,,,,,,,,9.7932,,,,,,insider-event,,3
EVENT,002192.SZ,20250623,20250623,,,,,,,,,3.8881,,,,,,insider-event,,3
EVENT,603237.SH,20250623,20250623,,,,,,,,,16.4254,,,,,,insider-event,,3
EVENT,600579.SH,20250623,20250623,,,,,,,,,13.1333,,,,,,insider-event,,3
EVENT,000528.SZ,20250625,20250625,,,,,,,,,-1.5586,,,,,,insider-event,,3
EVENT,605598.SH,20250625,20250625,,,,,,,,,0.3554,,,,,,insider-event,,3
EVENT,000869.SZ,20250625,20250625,,,,,,,,,5.1217,,,,,,insider-event,,3
EVENT,601390.SH,20250625,20250625,,,,,,,,,0.2585,,,,,,insider-event,,3
EVENT,688516.SH,20250626,20250626,,,,,,,,,-0.1727,,,,,,insider-event,,3
EVENT,688352.SH,20250626,20250626,,,,,,,,,2.3431,,,,,,insider-event,,3
EVENT,601827.SH,20250627,20250627,,,,,,,,,0.8077,,,,,,insider-event,,3
EVENT,600538.SH,20250627,20250627,,,,,,,,,6.7675,,,,,,insider-event,,3
EVENT,002334.SZ,20250627,20250627,,,,,,,,,1.9134,,,,,,insider-event,,3
EVENT,600587.SH,20250604,20250604,,,,,,,,,-4.0549,,,,,,insider-event,,2
EVENT,688268.SH,20250605,20250605,,,,,,,,,-1.2619,,,,,,insider-event,,2
EVENT,000521.SZ,20250606,20250606,,,,,,,,,-0.9143,,,,,,insider-event,,2
EVENT,600183.SH,20250611,20250611,,,,,,,,,3.9249,,,,,,insider-event,,2
EVENT,301102.SZ,20250612,20250612,,,,,,,,,0.8223,,,,,,insider-event,,2
EVENT,301327.SZ,20250612,20250612,,,,,,,,,1.0862,,,,,,insider-event,,2
EVENT,600765.SH,20250612,20250612,,,,,,,,,0.136,,,,,,insider-event,,2
EVENT,600184.SH,20250612,20250612,,,,,,,,,1.0845,,,,,,insider-event,,2
EVENT,600022.SH,20250612,20250612,,,,,,,,,-3.2303,,,,,,insider-event,,2
EVENT,300677.SZ,20250616,20250616,,,,,,,,,5.5841,,,,,,insider-event,,2
EVENT,600918.SH,20250616,20250616,,,,,,,,,2.8556,,,,,,insider-event,,2
EVENT,600755.SH,20250619,20250619,,,,,,,,,-1.0375,,,,,,insider-event,,2
EVENT,688087.SH,20250619,20250619,,,,,,,,,4.9858,,,,,,insider-event,,2
EVENT,002001.SZ,20250619,20250619,,,,,,,,,-0.6803,,,,,,insider-event,,2
EVENT,688147.SH,20250620,20250620,,,,,,,,,0.5238,,,,,,insider-event,,2
EVENT,000858.SZ,20250620,20250620,,,,,,,,,4.7462,,,,,,insider-event,,2
EVENT,603296.SH,20250623,20250623,,,,,,,,,12.0987,,,,,,insider-event,,2
EVENT,000778.SZ,20250625,20250625,,,,,,,,,2.6242,,,,,,insider-event,,2
EVENT,603530.SH,20250625,20250625,,,,,,,,,6.6593,,,,,,insider-event,,2
EVENT,002242.SZ,20250625,20250625,,,,,,,,,2.837,,,,,,insider-event,,2
EVENT,600094.SH,20250625,20250625,,,,,,,,,5.5468,,,,,,insider-event,,2
EVENT,688029.SH,20250625,20250625,,,,,,,,,4.5661,,,,,,insider-event,,2
EVENT,002716.SZ,20250627,20250627,,,,,,,,,12.4943,,,,,,insider-event,,2
EVENT,600186.SH,20250627,20250627,,,,,,,,,0.5226,,,,,,insider-event,,2
EVENT,603786.SH,20250627,20250627,,,,,,,,,7.0146,,,,,,insider-event,,2
EVENT,300492.SZ,20250609,20250609,,,,,,,,,1.494,,,,,,insider-event,,1
EVENT,688084.SH,20250619,20250619,,,,,,,,,3.6362,,,,,,insider-event,,1
EVENT,002364.SZ,20250623,20250623,,,,,,,,,7.4026,,,,,,insider-event,,1
EVENT,601011.SH,20250625,20250625,,,,,,,,,3.7901,,,,,,insider-event,,1
EVENT,600640.SH,20250625,20250625,,,,,,,,,2.1957,,,,,,insider-event,,1
EVENT,002716.SZ,20250626,20250626,,,,,,,,,13.377,,,,,,insider-event,,1
EVENT,603318.SH,20250626,20250626,,,,,,,,,5.3675,,,,,,insider-event,,1
EVENT,000543.SZ,20250708,20250708,,,,,,,,,-1.6436,,,,,,insider-event,,6
EVENT,002688.SZ,20250709,20250709,,,,,,,,,2.7578,,,,,,insider-event,,6
EVENT,688788.SH,20250711,20250711,,,,,,,,,12.9657,,,,,,insider-event,,5
EVENT,000830.SZ,20250707,20250707,,,,,,,,,7.6932,,,,,,insider-event,,4
EVENT,600839.SH,20250714,20250714,,,,,,,,,0.834,,,,,,insider-event,,4
EVENT,001309.SZ,20250714,20250714,,,,,,,,,37.463,,,,,,insider-event,,4
EVENT,600131.SH,20250714,20250714,,,,,,,,,1.2225,,,,,,insider-event,,4
EVENT,000521.SZ,20250717,20250717,,,,,,,,,0.5397,,,,,,insider-event,,4
EVENT,601900.SH,20250716,20250716,,,,,,,,,4.1005,,,,,,insider-event,,4
EVENT,000069.SZ,20250716,20250716,,,,,,,,,2.3862,,,,,,insider-event,,4
EVENT,603690.SH,20250716,20250716,,,,,,,,,5.7106,,,,,,insider-event,,4
EVENT,001309.SZ,20250730,20250730,,,,,,,,,-0.0159,,,,,,insider-event,,4
EVENT,603237.SH,20250701,20250701,,,,,,,,,1.7001,,,,,,insider-event,,3
EVENT,600821.SH,20250701,20250701,,,,,,,,,2.3367,,,,,,insider-event,,3
EVENT,688472.SH,20250703,20250703,,,,,,,,,1.7954,,,,,,insider-event,,3
EVENT,002034.SZ,20250703,20250703,,,,,,,,,0.9111,,,,,,insider-event,,3
EVENT,300442.SZ,20250708,20250708,,,,,,,,,4.2253,,,,,,insider-event,,3
EVENT,601633.SH,20250711,20250711,,,,,,,,,3.8933,,,,,,insider-event,,3
EVENT,600350.SH,20250711,20250711,,,,,,,,,2.8824,,,,,,insider-event,,3
EVENT,600456.SH,20250714,20250714,,,,,,,,,1.2818,,,,,,insider-event,,3
EVENT,603027.SH,20250716,20250716,,,,,,,,,2.9839,,,,,,insider-event,,3
EVENT,000921.SZ,20250731,20250731,,,,,,,,,-7.3956,,,,,,insider-event,,3
EVENT,002028.SZ,20250703,20250703,,,,,,,,,-3.6845,,,,,,insider-event,,2
EVENT,688352.SH,20250703,20250703,,,,,,,,,3.6009,,,,,,insider-event,,2
EVENT,002716.SZ,20250702,20250702,,,,,,,,,9.9238,,,,,,insider-event,,2
EVENT,603960.SH,20250702,20250702,,,,,,,,,3.1256,,,,,,insider-event,,2
EVENT,300708.SZ,20250704,20250704,,,,,,,,,0.7268,,,,,,insider-event,,2
EVENT,300592.SZ,20250710,20250710,,,,,,,,,0.0445,,,,,,insider-event,,2
EVENT,600718.SH,20250711,20250711,,,,,,,,,3.4143,,,,,,insider-event,,2
EVENT,300442.SZ,20250714,20250714,,,,,,,,,6.8097,,,,,,insider-event,,2
EVENT,601985.SH,20250721,20250721,,,,,,,,,1.577,,,,,,insider-event,,2
EVENT,300433.SZ,20250703,20250703,,,,,,,,,2.0087,,,,,,insider-event,,1
EVENT,601969.SH,20250702,20250702,,,,,,,,,7.4056,,,,,,insider-event,,1
EVENT,601567.SH,20250801,20250801,,,,,,,,,-0.1333,,,,,,insider-event,,5
EVENT,300910.SZ,20250801,20250801,,,,,,,,,-0.6684,,,,,,insider-event,,4
EVENT,301109.SZ,20250806,20250806,,,,,,,,,4.9315,,,,,,insider-event,,4
EVENT,603887.SH,20250807,20250807,,,,,,,,,3.0349,,,,,,insider-event,,4
EVENT,603055.SH,20250815,20250815,,,,,,,,,0.9443,,,,,,insider-event,,4
EVENT,603949.SH,20250820,20250820,,,,,,,,,-4.0343,,,,,,insider-event,,4
EVENT,301070.SZ,20250829,20250829,,,,,,,,,9.4787,,,,,,insider-event,,4
EVENT,002327.SZ,20250804,20250804,,,,,,,,,1.7779,,,,,,insider-event,,3
EVENT,603986.SH,20250806,20250806,,,,,,,,,7.3076,,,,,,insider-event,,3
EVENT,000869.SZ,20250815,20250815,,,,,,,,,2.911,,,,,,insider-event,,3
EVENT,300096.SZ,20250819,20250819,,,,,,,,,9.8177,,,,,,insider-event,,3
EVENT,603605.SH,20250820,20250820,,,,,,,,,1.8385,,,,,,insider-event,,3
EVENT,301078.SZ,20250820,20250820,,,,,,,,,-2.51,,,,,,insider-event,,3
EVENT,002651.SZ,20250821,20250821,,,,,,,,,8.5914,,,,,,insider-event,,3
EVENT,002050.SZ,20250801,20250801,,,,,,,,,6.0076,,,,,,insider-event,,2
EVENT,600547.SH,20250804,20250804,,,,,,,,,3.5026,,,,,,insider-event,,2
EVENT,300729.SZ,20250811,20250811,,,,,,,,,-0.054,,,,,,insider-event,,2
EVENT,002582.SZ,20250811,20250811,,,,,,,,,6.5266,,,,,,insider-event,,2
EVENT,300203.SZ,20250828,20250828,,,,,,,,,0.0768,,,,,,insider-event,,2
EVENT,002966.SZ,20250909,20250909,,,,,,,,,1.1881,,,,,,insider-event,,6
EVENT,600015.SH,20250912,20250912,,,,,,,,,6.1035,,,,,,insider-event,,4
EVENT,000755.SZ,20250904,20250904,,,,,,,,,1.4323,,,,,,insider-event,,3
EVENT,000651.SZ,20250904,20250904,,,,,,,,,10.4046,,,,,,insider-event,,3
EVENT,301197.SZ,20250904,20250904,,,,,,,,,16.6093,,,,,,insider-event,,3
EVENT,601006.SH,20250904,20250904,,,,,,,,,4.3944,,,,,,insider-event,,3
EVENT,601000.SH,20250908,20250908,,,,,,,,,1.7009,,,,,,insider-event,,3
EVENT,002802.SZ,20250917,20250917,,,,,,,,,0.3278,,,,,,insider-event,,3
EVENT,301023.SZ,20250917,20250917,,,,,,,,,0.469,,,,,,insider-event,,3
EVENT,688232.SH,20250917,20250917,,,,,,,,,0.526,,,,,,insider-event,,3
EVENT,603121.SH,20250919,20250919,,,,,,,,,3.4084,,,,,,insider-event,,3
EVENT,601006.SH,20250925,20250925,,,,,,,,,0.3913,,,,,,insider-event,,3
EVENT,688232.SH,20250926,20250926,,,,,,,,,-0.9452,,,,,,insider-event,,3
EVENT,003001.SZ,20250903,20250903,,,,,,,,,3.8841,,,,,,insider-event,,2
EVENT,601678.SH,20250904,20250904,,,,,,,,,2.8812,,,,,,insider-event,,2
EVENT,603825.SH,20250905,20250905,,,,,,,,,18.0044,,,,,,insider-event,,2
EVENT,300980.SZ,20250909,20250909,,,,,,,,,5.0632,,,,,,insider-event,,2
EVENT,600642.SH,20250909,20250909,,,,,,,,,-0.4758,,,,,,insider-event,,2
EVENT,300179.SZ,20250910,20250910,,,,,,,,,6.1771,,,,,,insider-event,,2
EVENT,002252.SZ,20250917,20250917,,,,,,,,,-3.3775,,,,,,insider-event,,2
EVENT,603121.SH,20250925,20250925,,,,,,,,,0.5802,,,,,,insider-event,,2
EVENT,600882.SH,20250924,20250924,,,,,,,,,5.4793,,,,,,insider-event,,2
EVENT,300791.SZ,20250910,20250910,,,,,,,,,-4.9789,,,,,,insider-event,,1
EVENT,301004.SZ,20251030,20251030,,,,,,,,,-3.6826,,,,,,insider-event,,7
EVENT,603300.SH,20251014,20251014,,,,,,,,,14.1158,,,,,,insider-event,,6
EVENT,000039.SZ,20251009,20251009,,,,,,,,,-0.0914,,,,,,insider-event,,6
EVENT,000906.SZ,20251013,20251013,,,,,,,,,0.5997,,,,,,insider-event,,5
EVENT,002286.SZ,20251013,20251013,,,,,,,,,0.3791,,,,,,insider-event,,5
EVENT,603887.SH,20251031,20251031,,,,,,,,,-7.2643,,,,,,insider-event,,5
EVENT,603779.SH,20251013,20251013,,,,,,,,,1.0987,,,,,,insider-event,,4
EVENT,603628.SH,20251029,20251029,,,,,,,,,-0.16,,,,,,insider-event,,4
EVENT,000597.SZ,20251029,20251029,,,,,,,,,-0.169,,,,,,insider-event,,4
EVENT,301258.SZ,20251014,20251014,,,,,,,,,5.0865,,,,,,insider-event,,3
EVENT,002312.SZ,20251009,20251009,,,,,,,,,0.9927,,,,,,insider-event,,3
EVENT,002822.SZ,20251009,20251009,,,,,,,,,0.2946,,,,,,insider-event,,3
EVENT,600686.SH,20251009,20251009,,,,,,,,,4.4966,,,,,,insider-event,,3
EVENT,002883.SZ,20251013,20251013,,,,,,,,,1.1602,,,,,,insider-event,,3
EVENT,600636.SH,20251013,20251013,,,,,,,,,-2.5963,,,,,,insider-event,,3
EVENT,300245.SZ,20251028,20251028,,,,,,,,,1.3884,,,,,,insider-event,,3
EVENT,002986.SZ,20251009,20251009,,,,,,,,,-4.3704,,,,,,insider-event,,2
EVENT,600648.SH,20251013,20251013,,,,,,,,,2.2504,,,,,,insider-event,,2
EVENT,605266.SH,20251013,20251013,,,,,,,,,0.1889,,,,,,insider-event,,2
EVENT,002051.SZ,20251031,20251031,,,,,,,,,0.2695,,,,,,insider-event,,2
EVENT,688166.SH,20251103,20251103,,,,,,,,,-12.691,,,,,,insider-event,,7
EVENT,688052.SH,20251126,20251126,,,,,,,,,5.9392,,,,,,insider-event,,6
EVENT,688496.SH,20251106,20251106,,,,,,,,,23.487,,,,,,insider-event,,5
EVENT,000995.SZ,20251119,20251119,,,,,,,,,-3.9252,,,,,,insider-event,,5
EVENT,603918.SH,20251119,20251119,,,,,,,,,-8.6303,,,,,,insider-event,,5
EVENT,300760.SZ,20251128,20251128,,,,,,,,,1.091,,,,,,insider-event,,5
EVENT,000927.SZ,20251128,20251128,,,,,,,,,0.8087,,,,,,insider-event,,5
EVENT,002120.SZ,20251106,20251106,,,,,,,,,2.6338,,,,,,insider-event,,4
EVENT,002852.SZ,20251107,20251107,,,,,,,,,-4.0811,,,,,,insider-event,,4
EVENT,000513.SZ,20251110,20251110,,,,,,,,,-4.5043,,,,,,insider-event,,4
EVENT,300051.SZ,20251112,20251112,,,,,,,,,0.668,,,,,,insider-event,,4
EVENT,688328.SH,20251120,20251120,,,,,,,,,-2.3778,,,,,,insider-event,,4
EVENT,603337.SH,20251119,20251119,,,,,,,,,4.6597,,,,,,insider-event,,4
EVENT,600184.SH,20251121,20251121,,,,,,,,,10.2733,,,,,,insider-event,,4
EVENT,301260.SZ,20251104,20251104,,,,,,,,,4.2787,,,,,,insider-event,,3
EVENT,000625.SZ,20251104,20251104,,,,,,,,,-1.592,,,,,,insider-event,,3
EVENT,002552.SZ,20251105,20251105,,,,,,,,,1.5526,,,,,,insider-event,,3
EVENT,300592.SZ,20251105,20251105,,,,,,,,,-0.0317,,,,,,insider-event,,3
EVENT,000513.SZ,20251105,20251105,,,,,,,,,3.1189,,,,,,insider-event,,3
EVENT,300981.SZ,20251103,20251103,,,,,,,,,4.5915,,,,,,insider-event,,3
EVENT,300015.SZ,20251103,20251103,,,,,,,,,-0.6573,,,,,,insider-event,,3
EVENT,601919.SH,20251103,20251103,,,,,,,,,2.9528,,,,,,insider-event,,3
EVENT,603855.SH,20251106,20251106,,,,,,,,,0.2757,,,,,,insider-event,,3
EVENT,000513.SZ,20251106,20251106,,,,,,,,,-2.5862,,,,,,insider-event,,3
EVENT,600519.SH,20251107,20251107,,,,,,,,,1.3663,,,,,,insider-event,,3
EVENT,000513.SZ,20251107,20251107,,,,,,,,,-3.1336,,,,,,insider-event,,3
EVENT,601919.SH,20251107,20251107,,,,,,,,,0.8862,,,,,,insider-event,,3
EVENT,603369.SH,20251107,20251107,,,,,,,,,0.7951,,,,,,insider-event,,3
EVENT,300825.SZ,20251111,20251111,,,,,,,,,-8.3263,,,,,,insider-event,,3
EVENT,002940.SZ,20251110,20251110,,,,,,,,,19.7696,,,,,,insider-event,,3
EVENT,002311.SZ,20251120,20251120,,,,,,,,,0.4084,,,,,,insider-event,,3
EVENT,002959.SZ,20251120,20251120,,,,,,,,,-0.9469,,,,,,insider-event,,3
EVENT,600557.SH,20251120,20251120,,,,,,,,,0.8609,,,,,,insider-event,,3
EVENT,600835.SH,20251120,20251120,,,,,,,,,2.7469,,,,,,insider-event,,3
EVENT,300184.SZ,20251119,20251119,,,,,,,,,-1.3194,,,,,,insider-event,,3
EVENT,600576.SH,20251119,20251119,,,,,,,,,0.0218,,,,,,insider-event,,3
EVENT,002892.SZ,20251119,20251119,,,,,,,,,-2.7897,,,,,,insider-event,,3
EVENT,601390.SH,20251121,20251121,,,,,,,,,0.5554,,,,,,insider-event,,3
EVENT,603383.SH,20251121,20251121,,,,,,,,,-3.1811,,,,,,insider-event,,3
EVENT,002892.SZ,20251121,20251121,,,,,,,,,-0.545,,,,,,insider-event,,3
EVENT,300493.SZ,20251125,20251125,,,,,,,,,9.9589,,,,,,insider-event,,3
EVENT,600487.SH,20251126,20251126,,,,,,,,,3.9486,,,,,,insider-event,,3
EVENT,600305.SH,20251126,20251126,,,,,,,,,1.3909,,,,,,insider-event,,3
EVENT,300009.SZ,20251127,20251127,,,,,,,,,4.524,,,,,,insider-event,,3
EVENT,601800.SH,20251127,20251127,,,,,,,,,1.0597,,,,,,insider-event,,3
EVENT,601233.SH,20251127,20251127,,,,,,,,,0.7368,,,,,,insider-event,,3
EVENT,002011.SZ,20251128,20251128,,,,,,,,,5.3775,,,,,,insider-event,,3
EVENT,605555.SH,20251128,20251128,,,,,,,,,4.9567,,,,,,insider-event,,3
EVENT,300977.SZ,20251105,20251105,,,,,,,,,4.6021,,,,,,insider-event,,2
EVENT,300633.SZ,20251106,20251106,,,,,,,,,8.7012,,,,,,insider-event,,2
EVENT,002051.SZ,20251106,20251106,,,,,,,,,4.4838,,,,,,insider-event,,2
EVENT,600872.SH,20251106,20251106,,,,,,,,,0.8175,,,,,,insider-event,,2
EVENT,600835.SH,20251106,20251106,,,,,,,,,0.9958,,,,,,insider-event,,2
EVENT,600872.SH,20251107,20251107,,,,,,,,,2.4313,,,,,,insider-event,,2
EVENT,603128.SH,20251107,20251107,,,,,,,,,1.0445,,,,,,insider-event,,2
EVENT,300685.SZ,20251111,20251111,,,,,,,,,0.7932,,,,,,insider-event,,2
EVENT,600609.SH,20251110,20251110,,,,,,,,,0.6622,,,,,,insider-event,,2
EVENT,600600.SH,20251112,20251112,,,,,,,,,-2.7112,,,,,,insider-event,,2
EVENT,301275.SZ,20251120,20251120,,,,,,,,,-0.0933,,,,,,insider-event,,2
EVENT,002605.SZ,20251120,20251120,,,,,,,,,1.744,,,,,,insider-event,,2
EVENT,300685.SZ,20251119,20251119,,,,,,,,,-2.0248,,,,,,insider-event,,2
EVENT,300566.SZ,20251119,20251119,,,,,,,,,-3.1198,,,,,,insider-event,,2
EVENT,603058.SH,20251119,20251119,,,,,,,,,-5.3851,,,,,,insider-event,,2
EVENT,603966.SH,20251124,20251124,,,,,,,,,0.2482,,,,,,insider-event,,2
EVENT,688337.SH,20251124,20251124,,,,,,,,,-1.0336,,,,,,insider-event,,2
EVENT,300758.SZ,20251126,20251126,,,,,,,,,1.4089,,,,,,insider-event,,2
EVENT,603160.SH,20251126,20251126,,,,,,,,,-1.3562,,,,,,insider-event,,2
EVENT,600587.SH,20251126,20251126,,,,,,,,,0.3526,,,,,,insider-event,,2
EVENT,600519.SH,20251127,20251127,,,,,,,,,-1.1284,,,,,,insider-event,,2
EVENT,600278.SH,20251128,20251128,,,,,,,,,-1.9907,,,,,,insider-event,,2
EVENT,688310.SH,20251201,20251201,,,,,,,,,-7.2713,,,,,,insider-event,,5
EVENT,300184.SZ,20251201,20251201,,,,,,,,,-5.2077,,,,,,insider-event,,4
EVENT,000537.SZ,20251201,20251201,,,,,,,,,1.7932,,,,,,insider-event,,4
EVENT,688032.SH,20251201,20251201,,,,,,,,,2.847,,,,,,insider-event,,4
EVENT,002387.SZ,20251201,20251201,,,,,,,,,0.5,,,,,,insider-event,,4
EVENT,002179.SZ,20251203,20251203,,,,,,,,,1.1375,,,,,,insider-event,,4
EVENT,603579.SH,20251203,20251203,,,,,,,,,-1.8795,,,,,,insider-event,,4
EVENT,600486.SH,20251231,20251231,,,,,,,,,-0.0055,,,,,,insider-event,,4
EVENT,688232.SH,20251203,20251203,,,,,,,,,-1.5014,,,,,,insider-event,,3
EVENT,002920.SZ,20251204,20251204,,,,,,,,,17.1689,,,,,,insider-event,,3
EVENT,002706.SZ,20251205,20251205,,,,,,,,,5.3647,,,,,,insider-event,,3
EVENT,600873.SH,20251231,20251231,,,,,,,,,1.5589,,,,,,insider-event,,3
EVENT,600587.SH,20251231,20251231,,,,,,,,,7.1889,,,,,,insider-event,,3
EVENT,002437.SZ,20251231,20251231,,,,,,,,,5.287,,,,,,insider-event,,3
EVENT,603439.SH,20251201,20251201,,,,,,,,,-3.2263,,,,,,insider-event,,2
EVENT,600202.SH,20251201,20251201,,,,,,,,,-5.9387,,,,,,insider-event,,2
EVENT,688309.SH,20251203,20251203,,,,,,,,,-3.6166,,,,,,insider-event,,2
EVENT,300531.SZ,20251204,20251204,,,,,,,,,-2.3245,,,,,,insider-event,,2
EVENT,601598.SH,20251231,20251231,,,,,,,,,-1.3594,,,,,,insider-event,,2
EVENT,688366.SH,20251231,20251231,,,,,,,,,4.5768,,,,,,insider-event,,2
EVENT,300834.SZ,20260105,20260105,,,,,,,,,1.706,,,,,,insider-event,,6
EVENT,600873.SH,20260116,20260116,,,,,,,,,0.2072,,,,,,insider-event,,6
EVENT,601618.SH,20260128,20260128,,,,,,,,,0.0866,,,,,,insider-event,,6
EVENT,603039.SH,20260108,20260108,,,,,,,,,0.0499,,,,,,insider-event,,5
EVENT,000048.SZ,20260119,20260119,,,,,,,,,18.5763,,,,,,insider-event,,5
EVENT,002891.SZ,20260127,20260127,,,,,,,,,-1.9929,,,,,,insider-event,,5
EVENT,600212.SH,20260126,20260126,,,,,,,,,-6.8972,,,,,,insider-event,,5
EVENT,600436.SH,20260129,20260129,,,,,,,,,7.5342,,,,,,insider-event,,5
EVENT,688310.SH,20260107,20260107,,,,,,,,,0.2579,,,,,,insider-event,,4
EVENT,688506.SH,20260109,20260109,,,,,,,,,-7.7619,,,,,,insider-event,,4
EVENT,300073.SZ,20260113,20260113,,,,,,,,,0.6011,,,,,,insider-event,,4
EVENT,688506.SH,20260112,20260112,,,,,,,,,-10.0099,,,,,,insider-event,,4
EVENT,002675.SZ,20260112,20260112,,,,,,,,,-5.9811,,,,,,insider-event,,4
EVENT,603949.SH,20260112,20260112,,,,,,,,,3.4173,,,,,,insider-event,,4
EVENT,002165.SZ,20260115,20260115,,,,,,,,,4.8965,,,,,,insider-event,,4
EVENT,601618.SH,20260115,20260115,,,,,,,,,0.2918,,,,,,insider-event,,4
EVENT,002875.SZ,20260121,20260121,,,,,,,,,0.4285,,,,,,insider-event,,4
EVENT,688126.SH,20260122,20260122,,,,,,,,,-8.4226,,,,,,insider-event,,4
EVENT,688093.SH,20260106,20260106,,,,,,,,,0.0751,,,,,,insider-event,,3
EVENT,603718.SH,20260108,20260108,,,,,,,,,3.1071,,,,,,insider-event,,3
EVENT,688576.SH,20260109,20260109,,,,,,,,,4.2257,,,,,,insider-event,,3
EVENT,000048.SZ,20260109,20260109,,,,,,,,,17.6782,,,,,,insider-event,,3
EVENT,002488.SZ,20260109,20260109,,,,,,,,,2.0308,,,,,,insider-event,,3
EVENT,688218.SH,20260109,20260109,,,,,,,,,0.1625,,,,,,insider-event,,3
EVENT,688506.SH,20260105,20260105,,,,,,,,,6.3246,,,,,,insider-event,,3
EVENT,688001.SH,20260105,20260105,,,,,,,,,6.4383,,,,,,insider-event,,3
EVENT,605198.SH,20260105,20260105,,,,,,,,,5.4523,,,,,,insider-event,,3
EVENT,603609.SH,20260114,20260114,,,,,,,,,-0.1625,,,,,,insider-event,,3
EVENT,600872.SH,20260115,20260115,,,,,,,,,0.367,,,,,,insider-event,,3
EVENT,600458.SH,20260115,20260115,,,,,,,,,4.1389,,,,,,insider-event,,3
EVENT,601390.SH,20260116,20260116,,,,,,,,,-1.2613,,,,,,insider-event,,3
EVENT,603900.SH,20260119,20260119,,,,,,,,,6.4343,,,,,,insider-event,,3
EVENT,002608.SZ,20260119,20260119,,,,,,,,,-0.119,,,,,,insider-event,,3
EVENT,601666.SH,20260106,20260106,,,,,,,,,3.1797,,,,,,insider-event,,2
EVENT,601678.SH,20260106,20260106,,,,,,,,,3.3664,,,,,,insider-event,,2
EVENT,600305.SH,20260107,20260107,,,,,,,,,-0.1237,,,,,,insider-event,,2
EVENT,603195.SH,20260108,20260108,,,,,,,,,1.3967,,,,,,insider-event,,2
EVENT,601138.SH,20260112,20260112,,,,,,,,,-0.7015,,,,,,insider-event,,2
EVENT,601598.SH,20260105,20260105,,,,,,,,,0.3519,,,,,,insider-event,,2
EVENT,301511.SZ,20260116,20260116,,,,,,,,,7.4054,,,,,,insider-event,,2
EVENT,600872.SH,20260116,20260116,,,,,,,,,0.2571,,,,,,insider-event,,2
EVENT,603683.SH,20260119,20260119,,,,,,,,,5.3916,,,,,,insider-event,,2
EVENT,600872.SH,20260121,20260121,,,,,,,,,-1.9006,,,,,,insider-event,,2
EVENT,600373.SH,20260121,20260121,,,,,,,,,9.3905,,,,,,insider-event,,2
EVENT,300015.SZ,20260123,20260123,,,,,,,,,0.3984,,,,,,insider-event,,2
EVENT,002959.SZ,20260126,20260126,,,,,,,,,-0.1747,,,,,,insider-event,,2
EVENT,600872.SH,20260129,20260129,,,,,,,,,3.1121,,,,,,insider-event,,2
EVENT,600202.SH,20260129,20260129,,,,,,,,,0.9278,,,,,,insider-event,,2
EVENT,603300.SH,20260105,20260105,,,,,,,,,-1.7634,,,,,,insider-event,,1
EVENT,603858.SH,20260204,20260204,,,,,,,,,1.2761,,,,,,insider-event,,5
EVENT,000056.SZ,20260205,20260205,,,,,,,,,14.7735,,,,,,insider-event,,5
EVENT,688617.SH,20260211,20260211,,,,,,,,,-4.2942,,,,,,insider-event,,5
EVENT,603039.SH,20260226,20260226,,,,,,,,,0.5392,,,,,,insider-event,,5
EVENT,688228.SH,20260227,20260227,,,,,,,,,70.3808,,,,,,insider-event,,5
EVENT,688696.SH,20260204,20260204,,,,,,,,,15.2306,,,,,,insider-event,,4
EVENT,301303.SZ,20260206,20260206,,,,,,,,,6.1589,,,,,,insider-event,,4
EVENT,002286.SZ,20260209,20260209,,,,,,,,,-0.1717,,,,,,insider-event,,4
EVENT,601137.SH,20260211,20260211,,,,,,,,,7.363,,,,,,insider-event,,4
EVENT,600743.SH,20260211,20260211,,,,,,,,,-0.0507,,,,,,insider-event,,4
EVENT,002633.SZ,20260224,20260224,,,,,,,,,-0.083,,,,,,insider-event,,4
EVENT,301260.SZ,20260203,20260203,,,,,,,,,5.4193,,,,,,insider-event,,3
EVENT,688528.SH,20260202,20260202,,,,,,,,,4.2503,,,,,,insider-event,,3
EVENT,301320.SZ,20260205,20260205,,,,,,,,,3.5484,,,,,,insider-event,,3
EVENT,300679.SZ,20260210,20260210,,,,,,,,,-6.7661,,,,,,insider-event,,3
EVENT,300074.SZ,20260209,20260209,,,,,,,,,-0.0747,,,,,,insider-event,,3
EVENT,300073.SZ,20260212,20260212,,,,,,,,,3.3825,,,,,,insider-event,,3
EVENT,688180.SH,20260212,20260212,,,,,,,,,-3.8664,,,,,,insider-event,,3
EVENT,300679.SZ,20260213,20260213,,,,,,,,,-3.6319,,,,,,insider-event,,3
EVENT,603223.SH,20260213,20260213,,,,,,,,,10.826,,,,,,insider-event,,3
EVENT,002475.SZ,20260225,20260225,,,,,,,,,-1.7792,,,,,,insider-event,,3
EVENT,600208.SH,20260224,20260224,,,,,,,,,0.4486,,,,,,insider-event,,3
EVENT,603579.SH,20260204,20260204,,,,,,,,,6.5961,,,,,,insider-event,,2
EVENT,600733.SH,20260202,20260202,,,,,,,,,-1.6547,,,,,,insider-event,,2
EVENT,002891.SZ,20260202,20260202,,,,,,,,,-0.1331,,,,,,insider-event,,2
EVENT,000404.SZ,20260206,20260206,,,,,,,,,0.3226,,,,,,insider-event,,2
EVENT,000625.SZ,20260206,20260206,,,,,,,,,3.5266,,,,,,insider-event,,2
EVENT,600873.SH,20260206,20260206,,,,,,,,,4.3364,,,,,,insider-event,,2
EVENT,000568.SZ,20260206,20260206,,,,,,,,,-13.762,,,,,,insider-event,,2
EVENT,600821.SH,20260209,20260209,,,,,,,,,8.7631,,,,,,insider-event,,2
EVENT,600971.SH,20260211,20260211,,,,,,,,,5.3465,,,,,,insider-event,,2
EVENT,688152.SH,20260226,20260226,,,,,,,,,-4.1027,,,,,,insider-event,,2
EVENT,002456.SZ,20260224,20260224,,,,,,,,,-4.0899,,,,,,insider-event,,2
EVENT,002431.SZ,20260224,20260224,,,,,,,,,-7.0352,,,,,,insider-event,,2
EVENT,603337.SH,20260204,20260204,,,,,,,,,-0.1672,,,,,,insider-event,,1
EVENT,688377.SH,20260206,20260206,,,,,,,,,17.7077,,,,,,insider-event,,1
EVENT,002517.SZ,20260316,20260316,,,,,,,,,10.1586,,,,,,insider-event,,6
EVENT,600570.SH,20260324,20260324,,,,,,,,,4.1218,,,,,,insider-event,,6
EVENT,603536.SH,20260325,20260325,,,,,,,,,7.1251,,,,,,insider-event,,6
EVENT,002164.SZ,20260326,20260326,,,,,,,,,1.7892,,,,,,insider-event,,6
EVENT,688083.SH,20260326,20260326,,,,,,,,,9.1093,,,,,,insider-event,,6
EVENT,300783.SZ,20260327,20260327,,,,,,,,,2.9832,,,,,,insider-event,,6
EVENT,600882.SH,20260327,20260327,,,,,,,,,7.6421,,,,,,insider-event,,6
EVENT,600570.SH,20260305,20260305,,,,,,,,,5.9886,,,,,,insider-event,,5
EVENT,688475.SH,20260312,20260312,,,,,,,,,6.1047,,,,,,insider-event,,5
EVENT,002981.SZ,20260311,20260311,,,,,,,,,6.3882,,,,,,insider-event,,5
EVENT,002955.SZ,20260319,20260319,,,,,,,,,-2.6555,,,,,,insider-event,,5
EVENT,600050.SH,20260323,20260323,,,,,,,,,2.2879,,,,,,insider-event,,5
EVENT,002932.SZ,20260325,20260325,,,,,,,,,2.2389,,,,,,insider-event,,5
EVENT,300783.SZ,20260325,20260325,,,,,,,,,2.7549,,,,,,insider-event,,5
EVENT,300049.SZ,20260326,20260326,,,,,,,,,1.1122,,,,,,insider-event,,5
EVENT,603885.SH,20260326,20260326,,,,,,,,,1.8497,,,,,,insider-event,,5
EVENT,300997.SZ,20260327,20260327,,,,,,,,,2.4745,,,,,,insider-event,,5
EVENT,000796.SZ,20260309,20260309,,,,,,,,,6.7348,,,,,,insider-event,,4
EVENT,688218.SH,20260312,20260312,,,,,,,,,9.0812,,,,,,insider-event,,4
EVENT,603439.SH,20260311,20260311,,,,,,,,,-3.0803,,,,,,insider-event,,4
EVENT,688573.SH,20260319,20260319,,,,,,,,,-6.7982,,,,,,insider-event,,4
EVENT,300633.SZ,20260319,20260319,,,,,,,,,-4.576,,,,,,insider-event,,4
EVENT,600062.SH,20260323,20260323,,,,,,,,,-0.0131,,,,,,insider-event,,4
EVENT,000408.SZ,20260325,20260325,,,,,,,,,6.9363,,,,,,insider-event,,4
EVENT,002517.SZ,20260325,20260325,,,,,,,,,1.7142,,,,,,insider-event,,4
EVENT,601899.SH,20260325,20260325,,,,,,,,,1.7388,,,,,,insider-event,,4
EVENT,603416.SH,20260325,20260325,,,,,,,,,2.048,,,,,,insider-event,,4
EVENT,000408.SZ,20260326,20260326,,,,,,,,,8.434,,,,,,insider-event,,4
EVENT,600909.SH,20260305,20260305,,,,,,,,,5.3384,,,,,,insider-event,,3
EVENT,600480.SH,20260306,20260306,,,,,,,,,3.7993,,,,,,insider-event,,3
EVENT,300679.SZ,20260310,20260310,,,,,,,,,8.1208,,,,,,insider-event,,3
EVENT,300583.SZ,20260310,20260310,,,,,,,,,-0.3224,,,,,,insider-event,,3
EVENT,300583.SZ,20260309,20260309,,,,,,,,,0.662,,,,,,insider-event,,3
EVENT,688180.SH,20260312,20260312,,,,,,,,,21.5539,,,,,,insider-event,,3
EVENT,603900.SH,20260312,20260312,,,,,,,,,-4.7093,,,,,,insider-event,,3
EVENT,600062.SH,20260313,20260313,,,,,,,,,0.4397,,,,,,insider-event,,3
EVENT,000009.SZ,20260311,20260311,,,,,,,,,-5.7167,,,,,,insider-event,,3
EVENT,002558.SZ,20260311,20260311,,,,,,,,,7.2966,,,,,,insider-event,,3
EVENT,603529.SH,20260311,20260311,,,,,,,,,11.5244,,,,,,insider-event,,3
EVENT,688278.SH,20260316,20260316,,,,,,,,,-1.9073,,,,,,insider-event,,3
EVENT,688180.SH,20260318,20260318,,,,,,,,,11.3077,,,,,,insider-event,,3
EVENT,605598.SH,20260323,20260323,,,,,,,,,20.4994,,,,,,insider-event,,3
EVENT,000415.SZ,20260325,20260325,,,,,,,,,0.9039,,,,,,insider-event,,3
EVENT,301225.SZ,20260325,20260325,,,,,,,,,16.6533,,,,,,insider-event,,3
EVENT,603192.SH,20260325,20260325,,,,,,,,,6.8992,,,,,,insider-event,,3
EVENT,603223.SH,20260325,20260325,,,,,,,,,12.2695,,,,,,insider-event,,3
EVENT,300095.SZ,20260326,20260326,,,,,,,,,3.5391,,,,,,insider-event,,3
EVENT,601177.SH,20260326,20260326,,,,,,,,,6.8052,,,,,,insider-event,,3
EVENT,600790.SH,20260326,20260326,,,,,,,,,1.9268,,,,,,insider-event,,3
EVENT,300313.SZ,20260330,20260330,,,,,,,,,11.3112,,,,,,insider-event,,3
EVENT,603043.SH,20260330,20260330,,,,,,,,,-3.7525,,,,,,insider-event,,3
EVENT,002568.SZ,20260305,20260305,,,,,,,,,4.4055,,,,,,insider-event,,2
EVENT,605338.SH,20260305,20260305,,,,,,,,,1.359,,,,,,insider-event,,2
EVENT,603669.SH,20260309,20260309,,,,,,,,,-0.0109,,,,,,insider-event,,2
EVENT,600909.SH,20260311,20260311,,,,,,,,,-3.4586,,,,,,insider-event,,2
EVENT,603683.SH,20260320,20260320,,,,,,,,,-1.779,,,,,,insider-event,,2
EVENT,600679.SH,20260319,20260319,,,,,,,,,-3.1493,,,,,,insider-event,,2
EVENT,001217.SZ,20260323,20260323,,,,,,,,,5.1022,,,,,,insider-event,,2
EVENT,600353.SH,20260323,20260323,,,,,,,,,10.2328,,,,,,insider-event,,2
EVENT,603317.SH,20260323,20260323,,,,,,,,,-2.7943,,,,,,insider-event,,2
EVENT,000625.SZ,20260323,20260323,,,,,,,,,3.3413,,,,,,insider-event,,2
EVENT,600655.SH,20260325,20260325,,,,,,,,,4.5308,,,,,,insider-event,,2
EVENT,600713.SH,20260325,20260325,,,,,,,,,3.0904,,,,,,insider-event,,2
EVENT,002511.SZ,20260325,20260325,,,,,,,,,1.6342,,,,,,insider-event,,2
EVENT,000625.SZ,20260326,20260326,,,,,,,,,5.8442,,,,,,insider-event,,2
EVENT,688137.SH,20260326,20260326,,,,,,,,,2.22,,,,,,insider-event,,2
EVENT,600202.SH,20260326,20260326,,,,,,,,,0.3523,,,,,,insider-event,,2
EVENT,000408.SZ,20260327,20260327,,,,,,,,,8.8808,,,,,,insider-event,,2
EVENT,603901.SH,20260305,20260305,,,,,,,,,4.2154,,,,,,insider-event,,1
EVENT,000404.SZ,20260325,20260325,,,,,,,,,0.5937,,,,,,insider-event,,1
EVENT,002239.SZ,20260326,20260326,,,,,,,,,-3.4542,,,,,,insider-event,,1
EVENT,603871.SH,20260527,20260527,,,,,,,,,7.3545,,,,,,insider-event,,6
EVENT,000063.SZ,20260529,20260529,,,,,,,,,1.6063,,,,,,insider-event,,5
EVENT,002019.SZ,20260529,20260529,,,,,,,,,6.4597,,,,,,insider-event,,5
EVENT,603258.SH,20260529,20260529,,,,,,,,,21.0955,,,,,,insider-event,,5
EVENT,600860.SH,20260528,20260528,,,,,,,,,8.3443,,,,,,insider-event,,5
EVENT,688326.SH,20260528,20260528,,,,,,,,,-2.8136,,,,,,insider-event,,5
EVENT,603357.SH,20260528,20260528,,,,,,,,,13.3987,,,,,,insider-event,,5
EVENT,300583.SZ,20260529,20260529,,,,,,,,,0.7602,,,,,,insider-event,,4
EVENT,300957.SZ,20260529,20260529,,,,,,,,,7.1,,,,,,insider-event,,4
EVENT,002758.SZ,20260529,20260529,,,,,,,,,7.2993,,,,,,insider-event,,4
EVENT,600239.SH,20260529,20260529,,,,,,,,,-6.3625,,,,,,insider-event,,4
EVENT,002385.SZ,20260529,20260529,,,,,,,,,13.6769,,,,,,insider-event,,4
EVENT,002758.SZ,20260527,20260527,,,,,,,,,6.3969,,,,,,insider-event,,4
EVENT,600587.SH,20260527,20260527,,,,,,,,,1.8774,,,,,,insider-event,,4
EVENT,002864.SZ,20260528,20260528,,,,,,,,,2.6298,,,,,,insider-event,,4
EVENT,600585.SH,20260528,20260528,,,,,,,,,6.0476,,,,,,insider-event,,4
EVENT,002605.SZ,20260528,20260528,,,,,,,,,1.2838,,,,,,insider-event,,4
EVENT,688013.SH,20260528,20260528,,,,,,,,,14.1843,,,,,,insider-event,,4
EVENT,601966.SH,20260529,20260529,,,,,,,,,8.959,,,,,,insider-event,,3
EVENT,301166.SZ,20260529,20260529,,,,,,,,,3.1923,,,,,,insider-event,,3
EVENT,603456.SH,20260529,20260529,,,,,,,,,-0.0964,,,,,,insider-event,,3
EVENT,600202.SH,20260529,20260529,,,,,,,,,0.8933,,,,,,insider-event,,3
EVENT,605009.SH,20260529,20260529,,,,,,,,,12.097,,,,,,insider-event,,3
EVENT,300456.SZ,20260527,20260527,,,,,,,,,-0.1547,,,,,,insider-event,,3
EVENT,002556.SZ,20260527,20260527,,,,,,,,,17.0206,,,,,,insider-event,,3
EVENT,300992.SZ,20260527,20260527,,,,,,,,,-8.5355,,,,,,insider-event,,3
EVENT,002643.SZ,20260527,20260527,,,,,,,,,-7.5227,,,,,,insider-event,,3
EVENT,000757.SZ,20260527,20260527,,,,,,,,,7.0451,,,,,,insider-event,,3
EVENT,603456.SH,20260527,20260527,,,,,,,,,-1.5307,,,,,,insider-event,,3
EVENT,002363.SZ,20260528,20260528,,,,,,,,,9.3096,,,,,,insider-event,,3
EVENT,600827.SH,20260529,20260529,,,,,,,,,2.093,,,,,,insider-event,,2
EVENT,002120.SZ,20260529,20260529,,,,,,,,,11.15,,,,,,insider-event,,2
EVENT,002318.SZ,20260529,20260529,,,,,,,,,19.7219,,,,,,insider-event,,2
EVENT,600882.SH,20260529,20260529,,,,,,,,,2.837,,,,,,insider-event,,2
EVENT,000056.SZ,20260529,20260529,,,,,,,,,3.5267,,,,,,insider-event,,2
EVENT,300347.SZ,20260527,20260527,,,,,,,,,8.7282,,,,,,insider-event,,2
EVENT,603858.SH,20260527,20260527,,,,,,,,,5.042,,,,,,insider-event,,2
EVENT,688606.SH,20260527,20260527,,,,,,,,,9.5472,,,,,,insider-event,,2
EVENT,688068.SH,20260527,20260527,,,,,,,,,-8.6959,,,,,,insider-event,,2
EVENT,600057.SH,20260527,20260527,,,,,,,,,5.016,,,,,,insider-event,,2
EVENT,002223.SZ,20260528,20260528,,,,,,,,,4.6802,,,,,,insider-event,,2
EVENT,002202.SZ,20260528,20260528,,,,,,,,,3.6499,,,,,,insider-event,,2
EVENT,000869.SZ,20260528,20260528,,,,,,,,,3.673,,,,,,insider-event,,2
EVENT,688109.SH,20260528,20260528,,,,,,,,,6.1332,,,,,,insider-event,,2
EVENT,300871.SZ,20260609,20260609,,,,,,,,,20.8738,,,,,,insider-event,,8
EVENT,600567.SH,20260611,20260611,,,,,,,,,-5.062,,,,,,insider-event,,7
EVENT,300039.SZ,20260615,20260615,,,,,,,,,15.2967,,,,,,insider-event,,7
EVENT,000525.SZ,20260601,20260601,,,,,,,,,7.8432,,,,,,insider-event,,6
EVENT,601800.SH,20260601,20260601,,,,,,,,,16.9315,,,,,,insider-event,,6
EVENT,688506.SH,20260603,20260603,,,,,,,,,21.9751,,,,,,insider-event,,6
EVENT,002173.SZ,20260603,20260603,,,,,,,,,25.9876,,,,,,insider-event,,6
EVENT,002206.SZ,20260603,20260603,,,,,,,,,7.7698,,,,,,insider-event,,6
EVENT,000777.SZ,20260608,20260608,,,,,,,,,12.0998,,,,,,insider-event,,6
EVENT,603987.SH,20260612,20260612,,,,,,,,,-0.2034,,,,,,insider-event,,6
EVENT,002758.SZ,20260612,20260612,,,,,,,,,-0.1302,,,,,,insider-event,,6
EVENT,301223.SZ,20260616,20260616,,,,,,,,,-2.451,,,,,,insider-event,,6
EVENT,300193.SZ,20260616,20260616,,,,,,,,,-5.9239,,,,,,insider-event,,6
EVENT,002758.SZ,20260615,20260615,,,,,,,,,-2.7953,,,,,,insider-event,,6
EVENT,601633.SH,20260601,20260601,,,,,,,,,17.1093,,,,,,insider-event,,5
EVENT,600328.SH,20260601,20260601,,,,,,,,,12.8856,,,,,,insider-event,,5
EVENT,600731.SH,20260604,20260604,,,,,,,,,16.7267,,,,,,insider-event,,5
EVENT,002173.SZ,20260604,20260604,,,,,,,,,24.7811,,,,,,insider-event,,5
EVENT,688377.SH,20260604,20260604,,,,,,,,,-7.5107,,,,,,insider-event,,5
EVENT,300957.SZ,20260605,20260605,,,,,,,,,4.0226,,,,,,insider-event,,5
EVENT,605507.SH,20260605,20260605,,,,,,,,,-7.659,,,,,,insider-event,,5
EVENT,002385.SZ,20260608,20260608,,,,,,,,,0.0109,,,,,,insider-event,,5
EVENT,002173.SZ,20260608,20260608,,,,,,,,,27.1643,,,,,,insider-event,,5
EVENT,000401.SZ,20260610,20260610,,,,,,,,,0.2774,,,,,,insider-event,,5
EVENT,688117.SH,20260610,20260610,,,,,,,,,17.9158,,,,,,insider-event,,5
EVENT,601969.SH,20260610,20260610,,,,,,,,,6.0721,,,,,,insider-event,,5
EVENT,300132.SZ,20260611,20260611,,,,,,,,,15.6266,,,,,,insider-event,,5
EVENT,002332.SZ,20260611,20260611,,,,,,,,,0.3154,,,,,,insider-event,,5
EVENT,600072.SH,20260611,20260611,,,,,,,,,21.4922,,,,,,insider-event,,5
EVENT,000590.SZ,20260611,20260611,,,,,,,,,4.9022,,,,,,insider-event,,5
EVENT,600512.SH,20260611,20260611,,,,,,,,,3.7665,,,,,,insider-event,,5
EVENT,688297.SH,20260612,20260612,,,,,,,,,2.0244,,,,,,insider-event,,5
EVENT,301333.SZ,20260616,20260616,,,,,,,,,14.6768,,,,,,insider-event,,5
EVENT,300871.SZ,20260615,20260615,,,,,,,,,9.2655,,,,,,insider-event,,5
EVENT,002930.SZ,20260615,20260615,,,,,,,,,20.8908,,,,,,insider-event,,5
EVENT,301339.SZ,20260615,20260615,,,,,,,,,10.9961,,,,,,insider-event,,5
EVENT,688198.SH,20260615,20260615,,,,,,,,,-14.4272,,,,,,insider-event,,5
EVENT,600109.SH,20260615,20260615,,,,,,,,,5.2353,,,,,,insider-event,,5
EVENT,300800.SZ,20260601,20260601,,,,,,,,,13.2646,,,,,,insider-event,,4
EVENT,603899.SH,20260601,20260601,,,,,,,,,-9.7091,,,,,,insider-event,,4
EVENT,600187.SH,20260601,20260601,,,,,,,,,23.079,,,,,,insider-event,,4
EVENT,300627.SZ,20260603,20260603,,,,,,,,,5.1174,,,,,,insider-event,,4
EVENT,002294.SZ,20260603,20260603,,,,,,,,,3.2814,,,,,,insider-event,,4
EVENT,600187.SH,20260603,20260603,,,,,,,,,-11.239,,,,,,insider-event,,4
EVENT,605507.SH,20260603,20260603,,,,,,,,,-3.0004,,,,,,insider-event,,4
EVENT,002195.SZ,20260603,20260603,,,,,,,,,0.6639,,,,,,insider-event,,4
EVENT,603500.SH,20260603,20260603,,,,,,,,,13.6986,,,,,,insider-event,,4
EVENT,688506.SH,20260604,20260604,,,,,,,,,19.4429,,,,,,insider-event,,4
EVENT,002930.SZ,20260604,20260604,,,,,,,,,16.0134,,,,,,insider-event,,4
EVENT,002306.SZ,20260604,20260604,,,,,,,,,-9.1427,,,,,,insider-event,,4
EVENT,605155.SH,20260604,20260604,,,,,,,,,7.7226,,,,,,insider-event,,4
EVENT,600579.SH,20260604,20260604,,,,,,,,,-1.5326,,,,,,insider-event,,4
EVENT,000663.SZ,20260605,20260605,,,,,,,,,5.0422,,,,,,insider-event,,4
EVENT,688109.SH,20260605,20260605,,,,,,,,,-0.1298,,,,,,insider-event,,4
EVENT,002206.SZ,20260605,20260605,,,,,,,,,9.6681,,,,,,insider-event,,4
EVENT,002511.SZ,20260605,20260605,,,,,,,,,-0.7291,,,,,,insider-event,,4
EVENT,300132.SZ,20260609,20260609,,,,,,,,,15.1516,,,,,,insider-event,,4
EVENT,300596.SZ,20260609,20260609,,,,,,,,,4.6528,,,,,,insider-event,,4
EVENT,002601.SZ,20260609,20260609,,,,,,,,,15.0912,,,,,,insider-event,,4
EVENT,300363.SZ,20260608,20260608,,,,,,,,,1.5274,,,,,,insider-event,,4
EVENT,601633.SH,20260608,20260608,,,,,,,,,17.943,,,,,,insider-event,,4
EVENT,301498.SZ,20260610,20260610,,,,,,,,,1.3719,,,,,,insider-event,,4
EVENT,300691.SZ,20260610,20260610,,,,,,,,,6.3631,,,,,,insider-event,,4
EVENT,688105.SH,20260610,20260610,,,,,,,,,4.1145,,,,,,insider-event,,4
EVENT,600131.SH,20260610,20260610,,,,,,,,,12.5729,,,,,,insider-event,,4
EVENT,002393.SZ,20260610,20260610,,,,,,,,,1.9726,,,,,,insider-event,,4
EVENT,600388.SH,20260610,20260610,,,,,,,,,7.2027,,,,,,insider-event,,4
EVENT,603277.SH,20260610,20260610,,,,,,,,,0.1441,,,,,,insider-event,,4
EVENT,688575.SH,20260610,20260610,,,,,,,,,49.3605,,,,,,insider-event,,4
EVENT,300036.SZ,20260611,20260611,,,,,,,,,12.7597,,,,,,insider-event,,4
EVENT,300691.SZ,20260611,20260611,,,,,,,,,0.714,,,,,,insider-event,,4
EVENT,300347.SZ,20260611,20260611,,,,,,,,,19.5095,,,,,,insider-event,,4
EVENT,301173.SZ,20260611,20260611,,,,,,,,,5.6106,,,,,,insider-event,,4
EVENT,600713.SH,20260611,20260611,,,,,,,,,-2.2713,,,,,,insider-event,,4
EVENT,002206.SZ,20260611,20260611,,,,,,,,,2.2922,,,,,,insider-event,,4
EVENT,600388.SH,20260611,20260611,,,,,,,,,5.7426,,,,,,insider-event,,4
EVENT,688198.SH,20260612,20260612,,,,,,,,,12.2802,,,,,,insider-event,,4
EVENT,002607.SZ,20260612,20260612,,,,,,,,,14.1422,,,,,,insider-event,,4
EVENT,300702.SZ,20260612,20260612,,,,,,,,,13.2301,,,,,,insider-event,,4
EVENT,600187.SH,20260612,20260612,,,,,,,,,-7.397,,,,,,insider-event,,4
EVENT,600239.SH,20260612,20260612,,,,,,,,,-4.052,,,,,,insider-event,,4
EVENT,688472.SH,20260612,20260612,,,,,,,,,7.8796,,,,,,insider-event,,4
EVENT,600763.SH,20260612,20260612,,,,,,,,,4.4378,,,,,,insider-event,,4
EVENT,603057.SH,20260612,20260612,,,,,,,,,4.4352,,,,,,insider-event,,4
EVENT,603409.SH,20260615,20260615,,,,,,,,,15.7937,,,,,,insider-event,,4
EVENT,603833.SH,20260615,20260615,,,,,,,,,4.7886,,,,,,insider-event,,4
EVENT,600872.SH,20260615,20260615,,,,,,,,,-6.4046,,,,,,insider-event,,4
EVENT,300245.SZ,20260601,20260601,,,,,,,,,-2.034,,,,,,insider-event,,3
EVENT,002040.SZ,20260601,20260601,,,,,,,,,6.7731,,,,,,insider-event,,3
EVENT,600629.SH,20260601,20260601,,,,,,,,,9.353,,,,,,insider-event,,3
EVENT,600990.SH,20260601,20260601,,,,,,,,,13.6702,,,,,,insider-event,,3
EVENT,600585.SH,20260601,20260601,,,,,,,,,3.6514,,,,,,insider-event,,3
EVENT,603341.SH,20260601,20260601,,,,,,,,,2.3569,,,,,,insider-event,,3
EVENT,002583.SZ,20260601,20260601,,,,,,,,,16.7296,,,,,,insider-event,,3
EVENT,603871.SH,20260601,20260601,,,,,,,,,-4.1127,,,,,,insider-event,,3
EVENT,002133.SZ,20260601,20260601,,,,,,,,,9.0021,,,,,,insider-event,,3
EVENT,605259.SH,20260601,20260601,,,,,,,,,1.6523,,,,,,insider-event,,3
EVENT,600739.SH,20260602,20260602,,,,,,,,,2.2551,,,,,,insider-event,,3
EVENT,601010.SH,20260603,20260603,,,,,,,,,-14.0995,,,,,,insider-event,,3
EVENT,002683.SZ,20260603,20260603,,,,,,,,,11.4221,,,,,,insider-event,,3
EVENT,002858.SZ,20260603,20260603,,,,,,,,,14.1271,,,,,,insider-event,,3
EVENT,601966.SH,20260603,20260603,,,,,,,,,7.4259,,,,,,insider-event,,3
EVENT,002366.SZ,20260603,20260603,,,,,,,,,0.6678,,,,,,insider-event,,3
EVENT,000801.SZ,20260604,20260604,,,,,,,,,-2.1473,,,,,,insider-event,,3
EVENT,002895.SZ,20260604,20260604,,,,,,,,,-10.912,,,,,,insider-event,,3
EVENT,600686.SH,20260604,20260604,,,,,,,,,13.6846,,,,,,insider-event,,3
EVENT,002206.SZ,20260604,20260604,,,,,,,,,8.3608,,,,,,insider-event,,3
EVENT,688169.SH,20260604,20260604,,,,,,,,,6.4279,,,,,,insider-event,,3
EVENT,000409.SZ,20260604,20260604,,,,,,,,,-4.3349,,,,,,insider-event,,3
EVENT,603098.SH,20260604,20260604,,,,,,,,,-6.8307,,,,,,insider-event,,3
EVENT,603277.SH,20260604,20260604,,,,,,,,,-0.2156,,,,,,insider-event,,3
EVENT,301166.SZ,20260604,20260604,,,,,,,,,5.445,,,,,,insider-event,,3
EVENT,603858.SH,20260604,20260604,,,,,,,,,-3.3942,,,,,,insider-event,,3
EVENT,301263.SZ,20260605,20260605,,,,,,,,,10.1573,,,,,,insider-event,,3
EVENT,300144.SZ,20260605,20260605,,,,,,,,,-1.5861,,,,,,insider-event,,3
EVENT,688513.SH,20260605,20260605,,,,,,,,,-2.0362,,,,,,insider-event,,3
EVENT,600763.SH,20260605,20260605,,,,,,,,,0.4163,,,,,,insider-event,,3
EVENT,688289.SH,20260608,20260608,,,,,,,,,3.9504,,,,,,insider-event,,3
EVENT,600774.SH,20260608,20260608,,,,,,,,,-0.3098,,,,,,insider-event,,3
EVENT,001387.SZ,20260608,20260608,,,,,,,,,4.2234,,,,,,insider-event,,3
EVENT,603528.SH,20260608,20260608,,,,,,,,,11.7476,,,,,,insider-event,,3
EVENT,001322.SZ,20260608,20260608,,,,,,,,,8.7625,,,,,,insider-event,,3
EVENT,300858.SZ,20260610,20260610,,,,,,,,,13.8076,,,,,,insider-event,,3
EVENT,300347.SZ,20260610,20260610,,,,,,,,,29.0603,,,,,,insider-event,,3
EVENT,300188.SZ,20260610,20260610,,,,,,,,,0.6635,,,,,,insider-event,,3
EVENT,600109.SH,20260610,20260610,,,,,,,,,5.3901,,,,,,insider-event,,3
EVENT,688695.SH,20260610,20260610,,,,,,,,,14.3599,,,,,,insider-event,,3
EVENT,600959.SH,20260610,20260610,,,,,,,,,5.0426,,,,,,insider-event,,3
EVENT,600062.SH,20260610,20260610,,,,,,,,,0.4426,,,,,,insider-event,,3
EVENT,600109.SH,20260611,20260611,,,,,,,,,5.3766,,,,,,insider-event,,3
EVENT,300827.SZ,20260611,20260611,,,,,,,,,17.6761,,,,,,insider-event,,3
EVENT,300453.SZ,20260611,20260611,,,,,,,,,1.1745,,,,,,insider-event,,3
EVENT,000757.SZ,20260611,20260611,,,,,,,,,18.2011,,,,,,insider-event,,3
EVENT,002291.SZ,20260611,20260611,,,,,,,,,18.9612,,,,,,insider-event,,3
EVENT,600872.SH,20260611,20260611,,,,,,,,,3.9667,,,,,,insider-event,,3
EVENT,600305.SH,20260611,20260611,,,,,,,,,4.1881,,,,,,insider-event,,3
EVENT,300363.SZ,20260612,20260612,,,,,,,,,2.6073,,,,,,insider-event,,3
EVENT,002517.SZ,20260612,20260612,,,,,,,,,12.5855,,,,,,insider-event,,3
EVENT,600509.SH,20260612,20260612,,,,,,,,,8.5365,,,,,,insider-event,,3
EVENT,001299.SZ,20260612,20260612,,,,,,,,,7.1562,,,,,,insider-event,,3
EVENT,002294.SZ,20260612,20260612,,,,,,,,,0.716,,,,,,insider-event,,3
EVENT,601800.SH,20260612,20260612,,,,,,,,,-3.1249,,,,,,insider-event,,3
EVENT,003038.SZ,20260612,20260612,,,,,,,,,-5.1847,,,,,,insider-event,,3
EVENT,301173.SZ,20260616,20260616,,,,,,,,,3.7509,,,,,,insider-event,,3
EVENT,300883.SZ,20260616,20260616,,,,,,,,,-2.899,,,,,,insider-event,,3
EVENT,300371.SZ,20260615,20260615,,,,,,,,,11.2649,,,,,,insider-event,,3
EVENT,002223.SZ,20260615,20260615,,,,,,,,,-3.8787,,,,,,insider-event,,3
EVENT,603579.SH,20260615,20260615,,,,,,,,,0.5372,,,,,,insider-event,,3
EVENT,000801.SZ,20260615,20260615,,,,,,,,,-1.2197,,,,,,insider-event,,3
EVENT,000564.SZ,20260617,20260617,,,,,,,,,-4.7139,,,,,,insider-event,,3
EVENT,002739.SZ,20260617,20260617,,,,,,,,,3.32,,,,,,insider-event,,3
EVENT,301166.SZ,20260601,20260601,,,,,,,,,3.9218,,,,,,insider-event,,2
EVENT,002332.SZ,20260601,20260601,,,,,,,,,2.3959,,,,,,insider-event,,2
EVENT,603187.SH,20260601,20260601,,,,,,,,,-1.8631,,,,,,insider-event,,2
EVENT,300888.SZ,20260602,20260602,,,,,,,,,3.4194,,,,,,insider-event,,2
EVENT,301166.SZ,20260602,20260602,,,,,,,,,1.9474,,,,,,insider-event,,2
EVENT,301232.SZ,20260603,20260603,,,,,,,,,7.0348,,,,,,insider-event,,2
EVENT,603858.SH,20260603,20260603,,,,,,,,,4.6751,,,,,,insider-event,,2
EVENT,600585.SH,20260603,20260603,,,,,,,,,-4.7176,,,,,,insider-event,,2
EVENT,603899.SH,20260603,20260603,,,,,,,,,-10.2124,,,,,,insider-event,,2
EVENT,600179.SH,20260603,20260603,,,,,,,,,4.7907,,,,,,insider-event,,2
EVENT,600389.SH,20260603,20260603,,,,,,,,,6.4047,,,,,,insider-event,,2
EVENT,300989.SZ,20260604,20260604,,,,,,,,,-4.5051,,,,,,insider-event,,2
EVENT,000757.SZ,20260604,20260604,,,,,,,,,13.4049,,,,,,insider-event,,2
EVENT,002576.SZ,20260604,20260604,,,,,,,,,9.7799,,,,,,insider-event,,2
EVENT,603900.SH,20260604,20260604,,,,,,,,,-0.5262,,,,,,insider-event,,2
EVENT,603579.SH,20260604,20260604,,,,,,,,,-5.2645,,,,,,insider-event,,2
EVENT,300611.SZ,20260605,20260605,,,,,,,,,-0.1183,,,,,,insider-event,,2
EVENT,301078.SZ,20260605,20260605,,,,,,,,,-0.2412,,,,,,insider-event,,2
EVENT,002318.SZ,20260605,20260605,,,,,,,,,26.1009,,,,,,insider-event,,2
EVENT,002605.SZ,20260605,20260605,,,,,,,,,-2.9111,,,,,,insider-event,,2
EVENT,002626.SZ,20260605,20260605,,,,,,,,,1.2348,,,,,,insider-event,,2
EVENT,600201.SH,20260605,20260605,,,,,,,,,18.108,,,,,,insider-event,,2
EVENT,601086.SH,20260605,20260605,,,,,,,,,0.8169,,,,,,insider-event,,2
EVENT,000739.SZ,20260608,20260608,,,,,,,,,0.0877,,,,,,insider-event,,2
EVENT,001288.SZ,20260610,20260610,,,,,,,,,1.2298,,,,,,insider-event,,2
EVENT,601778.SH,20260610,20260610,,,,,,,,,14.8276,,,,,,insider-event,,2
EVENT,688169.SH,20260610,20260610,,,,,,,,,-9.7585,,,,,,insider-event,,2
EVENT,300624.SZ,20260611,20260611,,,,,,,,,6.3509,,,,,,insider-event,,2
EVENT,301320.SZ,20260611,20260611,,,,,,,,,-3.7968,,,,,,insider-event,,2
EVENT,002223.SZ,20260611,20260611,,,,,,,,,-1.7614,,,,,,insider-event,,2
EVENT,300133.SZ,20260611,20260611,,,,,,,,,16.6506,,,,,,insider-event,,2
EVENT,002727.SZ,20260611,20260611,,,,,,,,,-0.4013,,,,,,insider-event,,2
EVENT,300800.SZ,20260612,20260612,,,,,,,,,17.6347,,,,,,insider-event,,2
EVENT,603118.SH,20260612,20260612,,,,,,,,,-1.8188,,,,,,insider-event,,2
EVENT,300082.SZ,20260616,20260616,,,,,,,,,-14.4746,,,,,,insider-event,,2
EVENT,300791.SZ,20260615,20260615,,,,,,,,,-4.6185,,,,,,insider-event,,2
EVENT,000739.SZ,20260615,20260615,,,,,,,,,-0.4246,,,,,,insider-event,,2
EVENT,603298.SH,20260615,20260615,,,,,,,,,3.6843,,,,,,insider-event,,2
EVENT,600201.SH,20260615,20260615,,,,,,,,,2.4261,,,,,,insider-event,,2
EVENT,300676.SZ,20260617,20260617,,,,,,,,,7.7378,,,,,,insider-event,,2
EVENT,603583.SH,20260617,20260617,,,,,,,,,-5.4065,,,,,,insider-event,,2
EVENT,688303.SH,20260617,20260617,,,,,,,,,-11.4746,,,,,,insider-event,,2
EVENT,000100.SZ,20260610,20260610,,,,,,,,,2.265,,,,,,insider-event,,1
EVENT,603978.SH,20260610,20260610,,,,,,,,,29.5739,,,,,,insider-event,,1
EVENT,600770.SH,20260610,20260610,,,,,,,,,-1.8481,,,,,,insider-event,,1
EVENT,605288.SH,20260612,20260612,,,,,,,,,23.8794,,,,,,insider-event,,1
EVENT,600103.SH,20260722,20260722,,,,,,,,,11.5082,,,,,,insider-event,,7
EVENT,301446.SZ,20260724,20260724,,,,,,,,,18.698,,,,,,insider-event,,7
EVENT,600382.SH,20260729,20260729,,,,,,,,,-0.52,,,,,,insider-event,,7
EVENT,301129.SZ,20260721,20260721,,,,,,,,,6.5915,,,,,,insider-event,,6
EVENT,603920.SH,20260721,20260721,,,,,,,,,54.823,,,,,,insider-event,,6
EVENT,300143.SZ,20260720,20260720,,,,,,,,,5.5182,,,,,,insider-event,,6
EVENT,002019.SZ,20260720,20260720,,,,,,,,,-0.1412,,,,,,insider-event,,6
EVENT,301086.SZ,20260722,20260722,,,,,,,,,13.0491,,,,,,insider-event,,6
EVENT,002695.SZ,20260723,20260723,,,,,,,,,22.5264,,,,,,insider-event,,6
EVENT,002888.SZ,20260728,20260728,,,,,,,,,12.6974,,,,,,insider-event,,6
EVENT,600884.SH,20260729,20260729,,,,,,,,,-4.1563,,,,,,insider-event,,6
EVENT,603390.SH,20260729,20260729,,,,,,,,,8.4975,,,,,,insider-event,,6
EVENT,000564.SZ,20260730,20260730,,,,,,,,,2.6777,,,,,,insider-event,,6
EVENT,603920.SH,20260731,20260731,,,,,,,,,15.6967,,,,,,insider-event,,6
EVENT,600406.SH,20260721,20260721,,,,,,,,,0.5014,,,,,,insider-event,,5
EVENT,002150.SZ,20260721,20260721,,,,,,,,,5.3489,,,,,,insider-event,,5
EVENT,688005.SH,20260720,20260720,,,,,,,,,9.4776,,,,,,insider-event,,5
EVENT,600557.SH,20260720,20260720,,,,,,,,,0.103,,,,,,insider-event,,5
EVENT,688618.SH,20260720,20260720,,,,,,,,,13.6495,,,,,,insider-event,,5
EVENT,300834.SZ,20260722,20260722,,,,,,,,,17.5713,,,,,,insider-event,,5
EVENT,301322.SZ,20260722,20260722,,,,,,,,,61.3217,,,,,,insider-event,,5
EVENT,300014.SZ,20260722,20260722,,,,,,,,,4.2386,,,,,,insider-event,,5
EVENT,002943.SZ,20260722,20260722,,,,,,,,,12.0712,,,,,,insider-event,,5
EVENT,000695.SZ,20260722,20260722,,,,,,,,,4.5029,,,,,,insider-event,,5
EVENT,002913.SZ,20260722,20260722,,,,,,,,,15.0468,,,,,,insider-event,,5
EVENT,603516.SH,20260722,20260722,,,,,,,,,31.2032,,,,,,insider-event,,5
EVENT,301360.SZ,20260722,20260722,,,,,,,,,32.5999,,,,,,insider-event,,5
EVENT,603920.SH,20260723,20260723,,,,,,,,,45.0384,,,,,,insider-event,,5
EVENT,002913.SZ,20260723,20260723,,,,,,,,,11.3298,,,,,,insider-event,,5
EVENT,300286.SZ,20260723,20260723,,,,,,,,,34.1609,,,,,,insider-event,,5
EVENT,000670.SZ,20260723,20260723,,,,,,,,,20.184,,,,,,insider-event,,5
EVENT,600382.SH,20260723,20260723,,,,,,,,,11.5133,,,,,,insider-event,,5
EVENT,002812.SZ,20260724,20260724,,,,,,,,,16.6093,,,,,,insider-event,,5
EVENT,603659.SH,20260724,20260724,,,,,,,,,7.7394,,,,,,insider-event,,5
EVENT,002695.SZ,20260724,20260724,,,,,,,,,14.5403,,,,,,insider-event,,5
EVENT,603683.SH,20260724,20260724,,,,,,,,,71.1564,,,,,,insider-event,,5
EVENT,300091.SZ,20260727,20260727,,,,,,,,,9.8418,,,,,,insider-event,,5
EVENT,002888.SZ,20260727,20260727,,,,,,,,,34.1314,,,,,,insider-event,,5
EVENT,003019.SZ,20260727,20260727,,,,,,,,,6.9438,,,,,,insider-event,,5
EVENT,300095.SZ,20260728,20260728,,,,,,,,,7.6913,,,,,,insider-event,,5
EVENT,301290.SZ,20260728,20260728,,,,,,,,,15.3174,,,,,,insider-event,,5
EVENT,603088.SH,20260717,20260717,,,,,,,,,0.5175,,,,,,insider-event,,5
EVENT,002812.SZ,20260729,20260729,,,,,,,,,11.2161,,,,,,insider-event,,5
EVENT,601799.SH,20260729,20260729,,,,,,,,,-0.5005,,,,,,insider-event,,5
EVENT,002778.SZ,20260729,20260729,,,,,,,,,10.7155,,,,,,insider-event,,5
EVENT,600679.SH,20260731,20260731,,,,,,,,,0.0134,,,,,,insider-event,,5
EVENT,603390.SH,20260731,20260731,,,,,,,,,6.5435,,,,,,insider-event,,5
EVENT,300802.SZ,20260721,20260721,,,,,,,,,27.6517,,,,,,insider-event,,4
EVENT,300806.SZ,20260721,20260721,,,,,,,,,63.2506,,,,,,insider-event,,4
EVENT,601717.SH,20260721,20260721,,,,,,,,,0.4349,,,,,,insider-event,,4
EVENT,600649.SH,20260720,20260720,,,,,,,,,0.1333,,,,,,insider-event,,4
EVENT,000039.SZ,20260720,20260720,,,,,,,,,11.8533,,,,,,insider-event,,4
EVENT,605090.SH,20260720,20260720,,,,,,,,,-17.2718,,,,,,insider-event,,4
EVENT,603949.SH,20260720,20260720,,,,,,,,,22.6324,,,,,,insider-event,,4
EVENT,600810.SH,20260720,20260720,,,,,,,,,3.2421,,,,,,insider-event,,4
EVENT,000422.SZ,20260720,20260720,,,,,,,,,3.9831,,,,,,insider-event,,4
EVENT,002340.SZ,20260720,20260720,,,,,,,,,9.4681,,,,,,insider-event,,4
EVENT,301070.SZ,20260722,20260722,,,,,,,,,30.6527,,,,,,insider-event,,4
EVENT,002192.SZ,20260722,20260722,,,,,,,,,27.3856,,,,,,insider-event,,4
EVENT,002388.SZ,20260722,20260722,,,,,,,,,25.2237,,,,,,insider-event,,4
EVENT,300450.SZ,20260722,20260722,,,,,,,,,22.715,,,,,,insider-event,,4
EVENT,603799.SH,20260722,20260722,,,,,,,,,13.842,,,,,,insider-event,,4
EVENT,300183.SZ,20260723,20260723,,,,,,,,,8.056,,,,,,insider-event,,4
EVENT,301290.SZ,20260723,20260723,,,,,,,,,4.7175,,,,,,insider-event,,4
EVENT,300091.SZ,20260723,20260723,,,,,,,,,10.9111,,,,,,insider-event,,4
EVENT,688429.SH,20260723,20260723,,,,,,,,,0.5736,,,,,,insider-event,,4
EVENT,603659.SH,20260723,20260723,,,,,,,,,13.025,,,,,,insider-event,,4
EVENT,001322.SZ,20260723,20260723,,,,,,,,,-2.1822,,,,,,insider-event,,4
EVENT,603588.SH,20260723,20260723,,,,,,,,,40.2934,,,,,,insider-event,,4
EVENT,600346.SH,20260723,20260723,,,,,,,,,0.9619,,,,,,insider-event,,4
EVENT,002192.SZ,20260723,20260723,,,,,,,,,20.6445,,,,,,insider-event,,4
EVENT,000656.SZ,20260723,20260723,,,,,,,,,-2.4968,,,,,,insider-event,,4
EVENT,301337.SZ,20260724,20260724,,,,,,,,,4.2985,,,,,,insider-event,,4
EVENT,301330.SZ,20260724,20260724,,,,,,,,,-1.5294,,,,,,insider-event,,4
EVENT,301305.SZ,20260724,20260724,,,,,,,,,24.9941,,,,,,insider-event,,4
EVENT,688350.SH,20260724,20260724,,,,,,,,,22.2945,,,,,,insider-event,,4
EVENT,605588.SH,20260724,20260724,,,,,,,,,44.481,,,,,,insider-event,,4
EVENT,605488.SH,20260724,20260724,,,,,,,,,6.7262,,,,,,insider-event,,4
EVENT,300906.SZ,20260727,20260727,,,,,,,,,16.0534,,,,,,insider-event,,4
EVENT,301010.SZ,20260727,20260727,,,,,,,,,17.0245,,,,,,insider-event,,4
EVENT,688755.SH,20260727,20260727,,,,,,,,,7.9367,,,,,,insider-event,,4
EVENT,605060.SH,20260727,20260727,,,,,,,,,27.2645,,,,,,insider-event,,4
EVENT,001358.SZ,20260727,20260727,,,,,,,,,26.7126,,,,,,insider-event,,4
EVENT,603390.SH,20260727,20260727,,,,,,,,,11.6021,,,,,,insider-event,,4
EVENT,688258.SH,20260727,20260727,,,,,,,,,14.9588,,,,,,insider-event,,4
EVENT,301252.SZ,20260728,20260728,,,,,,,,,17.5756,,,,,,insider-event,,4
EVENT,300627.SZ,20260728,20260728,,,,,,,,,7.9413,,,,,,insider-event,,4
EVENT,300467.SZ,20260728,20260728,,,,,,,,,7.8874,,,,,,insider-event,,4
EVENT,688087.SH,20260728,20260728,,,,,,,,,12.7436,,,,,,insider-event,,4
EVENT,301662.SZ,20260728,20260728,,,,,,,,,8.7646,,,,,,insider-event,,4
EVENT,301026.SZ,20260717,20260717,,,,,,,,,11.8202,,,,,,insider-event,,4
EVENT,300988.SZ,20260717,20260717,,,,,,,,,3.1375,,,,,,insider-event,,4
EVENT,002858.SZ,20260717,20260717,,,,,,,,,-5.5938,,,,,,insider-event,,4
EVENT,300690.SZ,20260729,20260729,,,,,,,,,0.2145,,,,,,insider-event,,4
EVENT,688083.SH,20260729,20260729,,,,,,,,,8.3806,,,,,,insider-event,,4
EVENT,603920.SH,20260729,20260729,,,,,,,,,25.0698,,,,,,insider-event,,4
EVENT,600580.SH,20260729,20260729,,,,,,,,,26.6803,,,,,,insider-event,,4
EVENT,002050.SZ,20260729,20260729,,,,,,,,,12.2227,,,,,,insider-event,,4
EVENT,601717.SH,20260729,20260729,,,,,,,,,1.5434,,,,,,insider-event,,4
EVENT,688638.SH,20260729,20260729,,,,,,,,,14.9838,,,,,,insider-event,,4
EVENT,300573.SZ,20260730,20260730,,,,,,,,,4.2875,,,,,,insider-event,,4
EVENT,300095.SZ,20260730,20260730,,,,,,,,,-2.4362,,,,,,insider-event,,4
EVENT,002931.SZ,20260730,20260730,,,,,,,,,14.2163,,,,,,insider-event,,4
EVENT,688623.SH,20260730,20260730,,,,,,,,,-3.202,,,,,,insider-event,,4
EVENT,002203.SZ,20260730,20260730,,,,,,,,,6.6682,,,,,,insider-event,,4
EVENT,600580.SH,20260730,20260730,,,,,,,,,18.3122,,,,,,insider-event,,4
EVENT,002850.SZ,20260730,20260730,,,,,,,,,6.2021,,,,,,insider-event,,4
EVENT,603529.SH,20260730,20260730,,,,,,,,,0.2171,,,,,,insider-event,,4
EVENT,301322.SZ,20260731,20260731,,,,,,,,,24.6832,,,,,,insider-event,,4
EVENT,301316.SZ,20260731,20260731,,,,,,,,,13.3286,,,,,,insider-event,,4
EVENT,002023.SZ,20260731,20260731,,,,,,,,,9.6166,,,,,,insider-event,,4
EVENT,002203.SZ,20260731,20260731,,,,,,,,,5.4805,,,,,,insider-event,,4
EVENT,002600.SZ,20260731,20260731,,,,,,,,,-3.681,,,,,,insider-event,,4
EVENT,300687.SZ,20260731,20260731,,,,,,,,,24.1983,,,,,,insider-event,,4
EVENT,003015.SZ,20260731,20260731,,,,,,,,,15.2151,,,,,,insider-event,,4
EVENT,301265.SZ,20260721,20260721,,,,,,,,,40.6376,,,,,,insider-event,,3
EVENT,300122.SZ,20260721,20260721,,,,,,,,,0.3168,,,,,,insider-event,,3
EVENT,300747.SZ,20260721,20260721,,,,,,,,,5.6344,,,,,,insider-event,,3
EVENT,301305.SZ,20260721,20260721,,,,,,,,,30.4956,,,,,,insider-event,,3
EVENT,601236.SH,20260721,20260721,,,,,,,,,-1.2943,,,,,,insider-event,,3
EVENT,601456.SH,20260721,20260721,,,,,,,,,-1.7368,,,,,,insider-event,,3
EVENT,300627.SZ,20260721,20260721,,,,,,,,,5.5493,,,,,,insider-event,,3
EVENT,301283.SZ,20260721,20260721,,,,,,,,,12.7807,,,,,,insider-event,,3
EVENT,300748.SZ,20260720,20260720,,,,,,,,,11.4476,,,,,,insider-event,,3
EVENT,002051.SZ,20260720,20260720,,,,,,,,,18.5521,,,,,,insider-event,,3
EVENT,301283.SZ,20260720,20260720,,,,,,,,,9.7267,,,,,,insider-event,,3
EVENT,301248.SZ,20260722,20260722,,,,,,,,,-2.1664,,,,,,insider-event,,3
EVENT,301161.SZ,20260722,20260722,,,,,,,,,20.8344,,,,,,insider-event,,3
EVENT,300095.SZ,20260722,20260722,,,,,,,,,5.636,,,,,,insider-event,,3
EVENT,603189.SH,20260722,20260722,,,,,,,,,11.885,,,,,,insider-event,,3
EVENT,300274.SZ,20260722,20260722,,,,,,,,,32.3361,,,,,,insider-event,,3
EVENT,301265.SZ,20260722,20260722,,,,,,,,,30.3327,,,,,,insider-event,,3
EVENT,301337.SZ,20260722,20260722,,,,,,,,,3.2993,,,,,,insider-event,,3
EVENT,002615.SZ,20260722,20260722,,,,,,,,,7.2336,,,,,,insider-event,,3
EVENT,600186.SH,20260722,20260722,,,,,,,,,0.919,,,,,,insider-event,,3
EVENT,002050.SZ,20260722,20260722,,,,,,,,,3.3136,,,,,,insider-event,,3
EVENT,600233.SH,20260722,20260722,,,,,,,,,6.3713,,,,,,insider-event,,3
EVENT,300790.SZ,20260723,20260723,,,,,,,,,17.2007,,,,,,insider-event,,3
EVENT,002931.SZ,20260723,20260723,,,,,,,,,35.4563,,,,,,insider-event,,3
EVENT,300982.SZ,20260723,20260723,,,,,,,,,3.8853,,,,,,insider-event,,3
EVENT,000400.SZ,20260723,20260723,,,,,,,,,4.6946,,,,,,insider-event,,3
EVENT,603091.SH,20260723,20260723,,,,,,,,,5.2196,,,,,,insider-event,,3
EVENT,300802.SZ,20260723,20260723,,,,,,,,,16.8581,,,,,,insider-event,,3
EVENT,002929.SZ,20260723,20260723,,,,,,,,,5.3566,,,,,,insider-event,,3
EVENT,000695.SZ,20260723,20260723,,,,,,,,,0.3144,,,,,,insider-event,,3
EVENT,603439.SH,20260723,20260723,,,,,,,,,18.0794,,,,,,insider-event,,3
EVENT,000338.SZ,20260723,20260723,,,,,,,,,14.6376,,,,,,insider-event,,3
EVENT,600580.SH,20260723,20260723,,,,,,,,,3.585,,,,,,insider-event,,3
EVENT,603288.SH,20260723,20260723,,,,,,,,,-0.0383,,,,,,insider-event,,3
EVENT,002318.SZ,20260723,20260723,,,,,,,,,7.0525,,,,,,insider-event,,3
EVENT,001205.SZ,20260723,20260723,,,,,,,,,4.3884,,,,,,insider-event,,3
EVENT,603799.SH,20260723,20260723,,,,,,,,,11.8397,,,,,,insider-event,,3
EVENT,688350.SH,20260723,20260723,,,,,,,,,26.4079,,,,,,insider-event,,3
EVENT,301290.SZ,20260724,20260724,,,,,,,,,5.7241,,,,,,insider-event,,3
EVENT,301322.SZ,20260724,20260724,,,,,,,,,62.1377,,,,,,insider-event,,3
EVENT,301161.SZ,20260724,20260724,,,,,,,,,23.3896,,,,,,insider-event,,3
EVENT,688022.SH,20260724,20260724,,,,,,,,,2.9587,,,,,,insider-event,,3
EVENT,003008.SZ,20260724,20260724,,,,,,,,,-1.7053,,,,,,insider-event,,3
EVENT,688258.SH,20260724,20260724,,,,,,,,,8.556,,,,,,insider-event,,3
EVENT,003015.SZ,20260724,20260724,,,,,,,,,7.0629,,,,,,insider-event,,3
EVENT,300184.SZ,20260724,20260724,,,,,,,,,15.2669,,,,,,insider-event,,3
EVENT,605228.SH,20260724,20260724,,,,,,,,,18.5643,,,,,,insider-event,,3
EVENT,688719.SH,20260724,20260724,,,,,,,,,38.7167,,,,,,insider-event,,3
EVENT,002929.SZ,20260724,20260724,,,,,,,,,4.8077,,,,,,insider-event,,3
EVENT,300463.SZ,20260724,20260724,,,,,,,,,8.5439,,,,,,insider-event,,3
EVENT,300790.SZ,20260727,20260727,,,,,,,,,21.1457,,,,,,insider-event,,3
EVENT,300684.SZ,20260727,20260727,,,,,,,,,7.6576,,,,,,insider-event,,3
EVENT,301086.SZ,20260727,20260727,,,,,,,,,19.2841,,,,,,insider-event,,3
EVENT,688337.SH,20260727,20260727,,,,,,,,,65.5073,,,,,,insider-event,,3
EVENT,688162.SH,20260727,20260727,,,,,,,,,10.0403,,,,,,insider-event,,3
EVENT,002722.SZ,20260727,20260727,,,,,,,,,8.405,,,,,,insider-event,,3
EVENT,003015.SZ,20260727,20260727,,,,,,,,,7.7952,,,,,,insider-event,,3
EVENT,603588.SH,20260727,20260727,,,,,,,,,43.2456,,,,,,insider-event,,3
EVENT,688657.SH,20260727,20260727,,,,,,,,,25.5952,,,,,,insider-event,,3
EVENT,603091.SH,20260727,20260727,,,,,,,,,0.6666,,,,,,insider-event,,3
EVENT,688719.SH,20260727,20260727,,,,,,,,,42.9864,,,,,,insider-event,,3
EVENT,603189.SH,20260727,20260727,,,,,,,,,8.1977,,,,,,insider-event,,3
EVENT,002929.SZ,20260728,20260728,,,,,,,,,-13.5777,,,,,,insider-event,,3
EVENT,301439.SZ,20260728,20260728,,,,,,,,,8.1256,,,,,,insider-event,,3
EVENT,000858.SZ,20260717,20260717,,,,,,,,,0.7345,,,,,,insider-event,,3
EVENT,601038.SH,20260717,20260717,,,,,,,,,5.1911,,,,,,insider-event,,3
EVENT,600382.SH,20260717,20260717,,,,,,,,,-8.303,,,,,,insider-event,,3
EVENT,301248.SZ,20260729,20260729,,,,,,,,,21.0414,,,,,,insider-event,,3
EVENT,301305.SZ,20260729,20260729,,,,,,,,,23.6092,,,,,,insider-event,,3
EVENT,002931.SZ,20260729,20260729,,,,,,,,,23.9616,,,,,,insider-event,,3
EVENT,688162.SH,20260729,20260729,,,,,,,,,12.4754,,,,,,insider-event,,3
EVENT,002023.SZ,20260729,20260729,,,,,,,,,18.277,,,,,,insider-event,,3
EVENT,603231.SH,20260729,20260729,,,,,,,,,10.371,,,,,,insider-event,,3
EVENT,600186.SH,20260729,20260729,,,,,,,,,52.0232,,,,,,insider-event,,3
EVENT,002734.SZ,20260729,20260729,,,,,,,,,15.109,,,,,,insider-event,,3
EVENT,603135.SH,20260729,20260729,,,,,,,,,9.887,,,,,,insider-event,,3
EVENT,002537.SZ,20260730,20260730,,,,,,,,,2.5895,,,,,,insider-event,,3
EVENT,301306.SZ,20260730,20260730,,,,,,,,,10.3534,,,,,,insider-event,,3
EVENT,002468.SZ,20260730,20260730,,,,,,,,,11.1249,,,,,,insider-event,,3
EVENT,605588.SH,20260730,20260730,,,,,,,,,17.3354,,,,,,insider-event,,3
EVENT,300639.SZ,20260730,20260730,,,,,,,,,2.8451,,,,,,insider-event,,3
EVENT,002377.SZ,20260730,20260730,,,,,,,,,6.4746,,,,,,insider-event,,3
EVENT,002079.SZ,20260730,20260730,,,,,,,,,6.0792,,,,,,insider-event,,3
EVENT,002353.SZ,20260730,20260730,,,,,,,,,8.619,,,,,,insider-event,,3
EVENT,301252.SZ,20260731,20260731,,,,,,,,,19.3423,,,,,,insider-event,,3
EVENT,300592.SZ,20260731,20260731,,,,,,,,,10.648,,,,,,insider-event,,3
EVENT,600131.SH,20260731,20260731,,,,,,,,,0.3133,,,,,,insider-event,,3
EVENT,002050.SZ,20260731,20260731,,,,,,,,,-1.2134,,,,,,insider-event,,3
EVENT,002116.SZ,20260731,20260731,,,,,,,,,1.644,,,,,,insider-event,,3
EVENT,688162.SH,20260731,20260731,,,,,,,,,10.5006,,,,,,insider-event,,3
EVENT,688359.SH,20260731,20260731,,,,,,,,,5.4889,,,,,,insider-event,,3
EVENT,002642.SZ,20260731,20260731,,,,,,,,,1.2011,,,,,,insider-event,,3
EVENT,600579.SH,20260731,20260731,,,,,,,,,-0.4841,,,,,,insider-event,,3
EVENT,605588.SH,20260731,20260731,,,,,,,,,18.3,,,,,,insider-event,,3
EVENT,603031.SH,20260731,20260731,,,,,,,,,8.9086,,,,,,insider-event,,3
EVENT,688258.SH,20260731,20260731,,,,,,,,,6.6385,,,,,,insider-event,,3
EVENT,300002.SZ,20260721,20260721,,,,,,,,,0.1317,,,,,,insider-event,,2
EVENT,600346.SH,20260721,20260721,,,,,,,,,6.5406,,,,,,insider-event,,2
EVENT,688079.SH,20260721,20260721,,,,,,,,,53.5695,,,,,,insider-event,,2
EVENT,603683.SH,20260721,20260721,,,,,,,,,31.1218,,,,,,insider-event,,2
EVENT,601966.SH,20260721,20260721,,,,,,,,,1.504,,,,,,insider-event,,2
EVENT,688400.SH,20260720,20260720,,,,,,,,,16.5692,,,,,,insider-event,,2
EVENT,600579.SH,20260720,20260720,,,,,,,,,2.6324,,,,,,insider-event,,2
EVENT,002318.SZ,20260720,20260720,,,,,,,,,21.9151,,,,,,insider-event,,2
EVENT,600495.SH,20260722,20260722,,,,,,,,,7.8781,,,,,,insider-event,,2
EVENT,601882.SH,20260722,20260722,,,,,,,,,16.8698,,,,,,insider-event,,2
EVENT,002020.SZ,20260722,20260722,,,,,,,,,1.5964,,,,,,insider-event,,2
EVENT,002475.SZ,20260722,20260722,,,,,,,,,-2.573,,,,,,insider-event,,2
EVENT,002099.SZ,20260722,20260722,,,,,,,,,9.3587,,,,,,insider-event,,2
EVENT,603916.SH,20260722,20260722,,,,,,,,,37.8999,,,,,,insider-event,,2
EVENT,600031.SH,20260722,20260722,,,,,,,,,0.2723,,,,,,insider-event,,2
EVENT,600770.SH,20260722,20260722,,,,,,,,,14.1564,,,,,,insider-event,,2
EVENT,600918.SH,20260722,20260722,,,,,,,,,-0.9682,,,,,,insider-event,,2
EVENT,603262.SH,20260722,20260722,,,,,,,,,-2.8163,,,,,,insider-event,,2
EVENT,300192.SZ,20260723,20260723,,,,,,,,,7.9458,,,,,,insider-event,,2
EVENT,002352.SZ,20260723,20260723,,,,,,,,,2.9681,,,,,,insider-event,,2
EVENT,605009.SH,20260723,20260723,,,,,,,,,-3.1138,,,,,,insider-event,,2
EVENT,000528.SZ,20260723,20260723,,,,,,,,,0.7893,,,,,,insider-event,,2
EVENT,603201.SH,20260723,20260723,,,,,,,,,11.8146,,,,,,insider-event,,2
EVENT,002264.SZ,20260724,20260724,,,,,,,,,4.4742,,,,,,insider-event,,2
EVENT,688525.SH,20260724,20260724,,,,,,,,,6.5034,,,,,,insider-event,,2
EVENT,000695.SZ,20260724,20260724,,,,,,,,,-0.1274,,,,,,insider-event,,2
EVENT,603836.SH,20260724,20260724,,,,,,,,,11.2516,,,,,,insider-event,,2
EVENT,002161.SZ,20260724,20260724,,,,,,,,,24.4212,,,,,,insider-event,,2
EVENT,601006.SH,20260724,20260724,,,,,,,,,-3.6765,,,,,,insider-event,,2
EVENT,600141.SH,20260724,20260724,,,,,,,,,7.1883,,,,,,insider-event,,2
EVENT,688623.SH,20260724,20260724,,,,,,,,,-1.1088,,,,,,insider-event,,2
EVENT,300573.SZ,20260727,20260727,,,,,,,,,13.6593,,,,,,insider-event,,2
EVENT,002318.SZ,20260727,20260727,,,,,,,,,4.1771,,,,,,insider-event,,2
EVENT,603031.SH,20260727,20260727,,,,,,,,,12.7075,,,,,,insider-event,,2
EVENT,301360.SZ,20260727,20260727,,,,,,,,,36.946,,,,,,insider-event,,2
EVENT,000923.SZ,20260717,20260717,,,,,,,,,8.9584,,,,,,insider-event,,2
EVENT,000501.SZ,20260717,20260717,,,,,,,,,1.5204,,,,,,insider-event,,2
EVENT,603194.SH,20260729,20260729,,,,,,,,,0.4409,,,,,,insider-event,,2
EVENT,688695.SH,20260729,20260729,,,,,,,,,1.0876,,,,,,insider-event,,2
EVENT,603861.SH,20260729,20260729,,,,,,,,,7.3214,,,,,,insider-event,,2
EVENT,603091.SH,20260729,20260729,,,,,,,,,8.4602,,,,,,insider-event,,2
EVENT,688153.SH,20260730,20260730,,,,,,,,,3.4751,,,,,,insider-event,,2
EVENT,603031.SH,20260730,20260730,,,,,,,,,6.7963,,,,,,insider-event,,2
EVENT,600409.SH,20260730,20260730,,,,,,,,,2.1751,,,,,,insider-event,,2
EVENT,001205.SZ,20260730,20260730,,,,,,,,,4.8792,,,,,,insider-event,,2
EVENT,603927.SH,20260730,20260730,,,,,,,,,1.1383,,,,,,insider-event,,2
EVENT,603950.SH,20260731,20260731,,,,,,,,,-9.7746,,,,,,insider-event,,2
EVENT,002239.SZ,20260731,20260731,,,,,,,,,-4.1063,,,,,,insider-event,,2
EVENT,688755.SH,20260731,20260731,,,,,,,,,21.615,,,,,,insider-event,,2
EVENT,688312.SH,20260806,20260806,,,,,,,,,4.2301,,,,,,insider-event,,7
EVENT,688251.SH,20260806,20260806,,,,,,,,,-4.9524,,,,,,insider-event,,7
EVENT,300183.SZ,20260810,20260810,,,,,,,,,0.9623,,,,,,insider-event,,7
EVENT,688303.SH,20260804,20260804,,,,,,,,,-9.2496,,,,,,insider-event,,6
EVENT,300739.SZ,20260805,20260805,,,,,,,,,8.2058,,,,,,insider-event,,6
EVENT,300637.SZ,20260807,20260807,,,,,,,,,1.1491,,,,,,insider-event,,6
EVENT,300727.SZ,20260810,20260810,,,,,,,,,2.9351,,,,,,insider-event,,6
EVENT,605389.SH,20260810,20260810,,,,,,,,,-10.1548,,,,,,insider-event,,6
EVENT,601500.SH,20260812,20260812,,,,,,,,,1.3126,,,,,,insider-event,,6
EVENT,603901.SH,20260812,20260812,,,,,,,,,3.6302,,,,,,insider-event,,6
EVENT,603328.SH,20260812,20260812,,,,,,,,,-0.1048,,,,,,insider-event,,6
EVENT,603949.SH,20260812,20260812,,,,,,,,,0.3898,,,,,,insider-event,,6
EVENT,603718.SH,20260812,20260812,,,,,,,,,0.5119,,,,,,insider-event,,6
EVENT,301396.SZ,20260804,20260804,,,,,,,,,20.115,,,,,,insider-event,,5
EVENT,002655.SZ,20260803,20260803,,,,,,,,,66.7651,,,,,,insider-event,,5
EVENT,300017.SZ,20260803,20260803,,,,,,,,,13.7765,,,,,,insider-event,,5
EVENT,300811.SZ,20260805,20260805,,,,,,,,,19.0214,,,,,,insider-event,,5
EVENT,002655.SZ,20260805,20260805,,,,,,,,,46.8773,,,,,,insider-event,,5
EVENT,600803.SH,20260806,20260806,,,,,,,,,3.1986,,,,,,insider-event,,5
EVENT,688368.SH,20260807,20260807,,,,,,,,,20.1882,,,,,,insider-event,,5
EVENT,002340.SZ,20260807,20260807,,,,,,,,,-4.2404,,,,,,insider-event,,5
EVENT,000035.SZ,20260807,20260807,,,,,,,,,-5.0957,,,,,,insider-event,,5
EVENT,300690.SZ,20260811,20260811,,,,,,,,,14.7857,,,,,,insider-event,,5
EVENT,601966.SH,20260810,20260810,,,,,,,,,-0.2893,,,,,,insider-event,,5
EVENT,603516.SH,20260812,20260812,,,,,,,,,-6.3323,,,,,,insider-event,,5
EVENT,688033.SH,20260812,20260812,,,,,,,,,5.4149,,,,,,insider-event,,5
EVENT,300095.SZ,20260804,20260804,,,,,,,,,-4.6632,,,,,,insider-event,,4
EVENT,300665.SZ,20260804,20260804,,,,,,,,,3.1898,,,,,,insider-event,,4
EVENT,301252.SZ,20260804,20260804,,,,,,,,,10.9828,,,,,,insider-event,,4
EVENT,301322.SZ,20260804,20260804,,,,,,,,,16.1874,,,,,,insider-event,,4
EVENT,002787.SZ,20260803,20260803,,,,,,,,,13.6763,,,,,,insider-event,,4
EVENT,603516.SH,20260803,20260803,,,,,,,,,8.5818,,,,,,insider-event,,4
EVENT,688258.SH,20260803,20260803,,,,,,,,,-3.3987,,,,,,insider-event,,4
EVENT,600580.SH,20260803,20260803,,,,,,,,,3.3837,,,,,,insider-event,,4
EVENT,605369.SH,20260803,20260803,,,,,,,,,7.1337,,,,,,insider-event,,4
EVENT,688716.SH,20260803,20260803,,,,,,,,,5.4467,,,,,,insider-event,,4
EVENT,300232.SZ,20260805,20260805,,,,,,,,,1.9304,,,,,,insider-event,,4
EVENT,003017.SZ,20260805,20260805,,,,,,,,,5.4047,,,,,,insider-event,,4
EVENT,603286.SH,20260805,20260805,,,,,,,,,-0.1302,,,,,,insider-event,,4
EVENT,301396.SZ,20260806,20260806,,,,,,,,,4.3765,,,,,,insider-event,,4
EVENT,301360.SZ,20260806,20260806,,,,,,,,,8.8185,,,,,,insider-event,,4
EVENT,301330.SZ,20260806,20260806,,,,,,,,,-2.6772,,,,,,insider-event,,4
EVENT,002273.SZ,20260806,20260806,,,,,,,,,-3.2839,,,,,,insider-event,,4
EVENT,600790.SH,20260806,20260806,,,,,,,,,0.2839,,,,,,insider-event,,4
EVENT,601777.SH,20260807,20260807,,,,,,,,,-0.1428,,,,,,insider-event,,4
EVENT,688080.SH,20260811,20260811,,,,,,,,,6.3072,,,,,,insider-event,,4
EVENT,300001.SZ,20260810,20260810,,,,,,,,,-1.2768,,,,,,insider-event,,4
EVENT,002249.SZ,20260810,20260810,,,,,,,,,-10.5217,,,,,,insider-event,,4
EVENT,600089.SH,20260810,20260810,,,,,,,,,-9.7595,,,,,,insider-event,,4
EVENT,300192.SZ,20260812,20260812,,,,,,,,,1.7785,,,,,,insider-event,,4
EVENT,603725.SH,20260804,20260804,,,,,,,,,9.5328,,,,,,insider-event,,3
EVENT,301265.SZ,20260803,20260803,,,,,,,,,17.4464,,,,,,insider-event,,3
EVENT,300684.SZ,20260803,20260803,,,,,,,,,56.0147,,,,,,insider-event,,3
EVENT,301010.SZ,20260803,20260803,,,,,,,,,5.1918,,,,,,insider-event,,3
EVENT,600673.SH,20260803,20260803,,,,,,,,,19.9721,,,,,,insider-event,,3
EVENT,300532.SZ,20260803,20260803,,,,,,,,,-3.2769,,,,,,insider-event,,3
EVENT,605167.SH,20260803,20260803,,,,,,,,,5.2033,,,,,,insider-event,,3
EVENT,603341.SH,20260803,20260803,,,,,,,,,-1.1259,,,,,,insider-event,,3
EVENT,688381.SH,20260803,20260803,,,,,,,,,23.1101,,,,,,insider-event,,3
EVENT,688331.SH,20260803,20260803,,,,,,,,,-0.7073,,,,,,insider-event,,3
EVENT,300132.SZ,20260803,20260803,,,,,,,,,1.5081,,,,,,insider-event,,3
EVENT,300184.SZ,20260805,20260805,,,,,,,,,-1.3657,,,,,,insider-event,,3
EVENT,688089.SH,20260805,20260805,,,,,,,,,33.1957,,,,,,insider-event,,3
EVENT,000422.SZ,20260805,20260805,,,,,,,,,-8.3955,,,,,,insider-event,,3
EVENT,601006.SH,20260805,20260805,,,,,,,,,-2.7015,,,,,,insider-event,,3
EVENT,300879.SZ,20260806,20260806,,,,,,,,,-0.9273,,,,,,insider-event,,3
EVENT,002787.SZ,20260806,20260806,,,,,,,,,1.7033,,,,,,insider-event,,3
EVENT,600673.SH,20260807,20260807,,,,,,,,,0.6082,,,,,,insider-event,,3
EVENT,603950.SH,20260807,20260807,,,,,,,,,14.0349,,,,,,insider-event,,3
EVENT,000858.SZ,20260810,20260810,,,,,,,,,-5.2584,,,,,,insider-event,,3
EVENT,600252.SH,20260803,20260803,,,,,,,,,5.2795,,,,,,insider-event,,2
EVENT,000415.SZ,20260803,20260803,,,,,,,,,1.3453,,,,,,insider-event,,2
EVENT,688018.SH,20260803,20260803,,,,,,,,,10.1636,,,,,,insider-event,,2
EVENT,603162.SH,20260803,20260803,,,,,,,,,10.5955,,,,,,insider-event,,2
EVENT,603296.SH,20260803,20260803,,,,,,,,,1.8739,,,,,,insider-event,,2
EVENT,688755.SH,20260803,20260803,,,,,,,,,18.3213,,,,,,insider-event,,2
EVENT,001314.SZ,20260805,20260805,,,,,,,,,0.5536,,,,,,insider-event,,2
EVENT,603277.SH,20260805,20260805,,,,,,,,,2.7687,,,,,,insider-event,,2
EVENT,600649.SH,20260805,20260805,,,,,,,,,0.8753,,,,,,insider-event,,2
EVENT,688328.SH,20260805,20260805,,,,,,,,,36.2319,,,,,,insider-event,,2
EVENT,601555.SH,20260805,20260805,,,,,,,,,-0.0872,,,,,,insider-event,,2
EVENT,603583.SH,20260805,20260805,,,,,,,,,-4.2505,,,,,,insider-event,,2
EVENT,301439.SZ,20260806,20260806,,,,,,,,,0.6612,,,,,,insider-event,,2
EVENT,002161.SZ,20260806,20260806,,,,,,,,,1.5616,,,,,,insider-event,,2
EVENT,603950.SH,20260806,20260806,,,,,,,,,14.7141,,,,,,insider-event,,2
EVENT,688716.SH,20260807,20260807,,,,,,,,,-4.1257,,,,,,insider-event,,2
EVENT,000683.SZ,20260807,20260807,,,,,,,,,2.8072,,,,,,insider-event,,2
EVENT,001227.SZ,20260807,20260807,,,,,,,,,0.242,,,,,,insider-event,,2
EVENT,000932.SZ,20260810,20260810,,,,,,,,,1.1441,,,,,,insider-event,,2
EVENT,300592.SZ,20260804,20260804,,,,,,,,,15.0941,,,,,,insider-event,,1
EVENT,000415.SZ,20260805,20260805,,,,,,,,,-1.3086,,,,,,insider-event,,1
EVENT,000848.SZ,20260810,20260810,,,,,,,,,-0.5689,,,,,,insider-event,,1
